Timestamp,Battery Capacity
2025-11-19 00:02:37,95.0
2025-11-19 00:05:07,94.96739130434783
2025-11-19 00:07:37,94.93478260869566
2025-11-19 00:10:07,94.90217391304348
2025-11-19 00:12:37,94.8695652173913
2025-11-19 00:15:07,94.83695652173913
2025-11-19 00:17:37,94.80434782608695
2025-11-19 00:20:07,94.77173913043478
2025-11-19 00:22:37,94.73913043478261
2025-11-19 00:25:07,94.70652173913044
2025-11-19 00:27:37,94.67391304347827
2025-11-19 00:30:07,94.6413043478261
2025-11-19 00:32:37,94.6086956521739
2025-11-19 00:35:07,94.57608695652173
2025-11-19 00:37:37,94.54347826086956
2025-11-19 00:40:07,94.51086956521739
2025-11-19 00:42:37,94.47826086956522
2025-11-19 00:45:07,94.44565217391305
2025-11-19 00:47:37,94.41304347826087
2025-11-19 00:50:07,94.3804347826087
2025-11-19 00:52:37,94.34782608695652
2025-11-19 00:55:07,94.31521739130434
2025-11-19 00:57:37,94.28260869565217
2025-11-19 01:00:07,94.25
2025-11-19 01:02:37,94.21739130434783
2025-11-19 01:05:07,94.18478260869566
2025-11-19 01:07:37,94.15217391304348
2025-11-19 01:10:07,94.1195652173913
2025-11-19 01:12:37,94.08695652173913
2025-11-19 01:15:07,94.05434782608695
2025-11-19 01:17:37,94.02173913043478
2025-11-19 01:20:07,93.98913043478261
2025-11-19 01:22:37,93.95652173913044
2025-11-19 01:25:07,93.92391304347827
2025-11-19 01:27:37,93.8913043478261
2025-11-19 01:30:07,93.8586956521739
2025-11-19 01:32:37,93.82608695652173
2025-11-19 01:35:07,93.79347826086956
2025-11-19 01:37:37,93.76086956521739
2025-11-19 01:40:07,93.72826086956522
2025-11-19 01:42:37,93.69565217391305
2025-11-19 01:45:07,93.66304347826087
2025-11-19 01:47:37,93.6304347826087
2025-11-19 01:50:07,93.59782608695652
2025-11-19 01:52:37,93.56521739130434
2025-11-19 01:55:07,93.53260869565217
2025-11-19 01:57:37,93.5
2025-11-19 02:00:07,93.46739130434783
2025-11-19 02:02:37,93.43478260869566
2025-11-19 02:05:07,93.40217391304348
2025-11-19 02:07:37,93.3695652173913
2025-11-19 02:10:07,93.33695652173913
2025-11-19 02:12:37,93.30434782608695
2025-11-19 02:15:07,93.27173913043478
2025-11-19 02:17:37,93.23913043478261
2025-11-19 02:20:07,93.20652173913044
2025-11-19 02:22:37,93.17391304347827
2025-11-19 02:25:07,93.1413043478261
2025-11-19 02:27:37,93.1086956521739
2025-11-19 02:30:07,93.07608695652173
2025-11-19 02:32:37,93.04347826086956
2025-11-19 02:35:07,93.01086956521739
2025-11-19 02:37:37,92.97826086956522
2025-11-19 02:40:07,92.94565217391305
2025-11-19 02:42:37,92.91304347826087
2025-11-19 02:45:07,92.8804347826087
2025-11-19 02:47:37,92.84782608695652
2025-11-19 02:50:07,92.81521739130434
2025-11-19 02:52:37,92.78260869565217
2025-11-19 02:55:07,92.75
2025-11-19 02:57:37,92.71739130434783
2025-11-19 03:00:07,92.68478260869566
2025-11-19 03:02:37,92.65217391304348
2025-11-19 03:05:07,92.6195652173913
2025-11-19 03:07:37,92.58695652173913
2025-11-19 03:10:07,92.55434782608695
2025-11-19 03:12:37,92.52173913043478
2025-11-19 03:15:07,92.48913043478261
2025-11-19 03:17:37,92.45652173913044
2025-11-19 03:20:07,92.42391304347827
2025-11-19 03:22:37,92.3913043478261
2025-11-19 03:25:07,92.3586956521739
2025-11-19 03:27:37,92.32608695652173
2025-11-19 03:30:07,92.29347826086956
2025-11-19 03:32:37,92.26086956521739
2025-11-19 03:35:07,92.22826086956522
2025-11-19 03:37:37,92.19565217391305
2025-11-19 03:40:07,92.16304347826087
2025-11-19 03:42:37,92.1304347826087
2025-11-19 03:45:07,92.09782608695652
2025-11-19 03:47:37,92.06521739130434
2025-11-19 03:50:07,92.03260869565217
2025-11-19 03:52:37,92.0
2025-11-19 03:55:07,91.96739130434783
2025-11-19 03:57:37,91.93478260869566
2025-11-19 04:00:07,91.90217391304348
2025-11-19 04:02:37,91.8695652173913
2025-11-19 04:05:07,91.83695652173913
2025-11-19 04:07:37,91.80434782608695
2025-11-19 04:10:07,91.77173913043478
2025-11-19 04:12:37,91.73913043478261
2025-11-19 04:15:07,91.70652173913044
2025-11-19 04:17:37,91.67391304347827
2025-11-19 04:20:07,91.6413043478261
2025-11-19 04:22:37,91.6086956521739
2025-11-19 04:25:07,91.57608695652173
2025-11-19 04:27:37,91.54347826086956
2025-11-19 04:30:07,91.51086956521739
2025-11-19 04:32:37,91.47826086956522
2025-11-19 04:35:07,91.44565217391305
2025-11-19 04:37:37,91.41304347826087
2025-11-19 04:40:07,91.3804347826087
2025-11-19 04:42:37,91.34782608695652
2025-11-19 04:45:07,91.31521739130434
2025-11-19 04:47:37,91.28260869565217
2025-11-19 04:50:07,91.25
2025-11-19 04:52:37,91.21739130434783
2025-11-19 04:55:07,91.18478260869566
2025-11-19 04:57:37,91.15217391304348
2025-11-19 05:00:07,91.1195652173913
2025-11-19 05:02:37,91.08695652173913
2025-11-19 05:05:07,91.05434782608695
2025-11-19 05:07:37,91.02173913043478
2025-11-19 05:10:07,90.98913043478261
2025-11-19 05:12:37,90.95652173913044
2025-11-19 05:15:07,90.92391304347827
2025-11-19 05:17:37,90.8913043478261
2025-11-19 05:20:07,90.8586956521739
2025-11-19 05:22:37,90.82608695652173
2025-11-19 05:25:07,90.79347826086956
2025-11-19 05:27:37,90.76086956521739
2025-11-19 05:30:07,90.72826086956522
2025-11-19 05:32:37,90.69565217391305
2025-11-19 05:35:07,90.66304347826087
2025-11-19 05:37:37,90.6304347826087
2025-11-19 05:40:07,90.59782608695652
2025-11-19 05:42:37,90.56521739130434
2025-11-19 05:45:07,90.53260869565217
2025-11-19 05:47:37,90.5
2025-11-19 05:50:07,90.46739130434783
2025-11-19 05:52:37,90.43478260869566
2025-11-19 05:55:07,90.40217391304348
2025-11-19 05:57:37,90.3695652173913
2025-11-19 06:00:07,90.33695652173913
2025-11-19 06:02:37,90.30434782608695
2025-11-19 06:05:07,90.27173913043478
2025-11-19 06:07:37,90.23913043478261
2025-11-19 06:10:07,90.20652173913044
2025-11-19 06:12:37,90.17391304347827
2025-11-19 06:15:07,90.1413043478261
2025-11-19 06:17:37,90.1086956521739
2025-11-19 06:20:07,90.07608695652173
2025-11-19 06:22:37,90.04347826086956
2025-11-19 06:25:07,90.01086956521739
2025-11-19 06:27:37,89.97826086956522
2025-11-19 06:30:07,89.94565217391305
2025-11-19 06:32:37,89.91304347826087
2025-11-19 06:35:07,89.8804347826087
2025-11-19 06:37:37,89.84782608695652
2025-11-19 06:40:07,89.81521739130434
2025-11-19 06:42:37,89.78260869565217
2025-11-19 06:45:07,89.75
2025-11-19 06:47:37,89.71739130434783
2025-11-19 06:50:07,89.68478260869566
2025-11-19 06:52:37,89.65217391304348
2025-11-19 06:55:07,89.6195652173913
2025-11-19 06:57:37,89.58695652173913
2025-11-19 07:00:07,89.55434782608695
2025-11-19 07:02:37,89.52173913043478
2025-11-19 07:05:07,89.48913043478261
2025-11-19 07:07:37,89.45652173913044
2025-11-19 07:10:07,89.42391304347827
2025-11-19 07:12:37,89.3913043478261
2025-11-19 07:15:07,89.3586956521739
2025-11-19 07:17:37,89.32608695652173
2025-11-19 07:20:07,89.29347826086956
2025-11-19 07:22:37,89.26086956521739
2025-11-19 07:25:07,89.22826086956522
2025-11-19 07:27:37,89.19565217391305
2025-11-19 07:30:07,89.16304347826087
2025-11-19 07:32:37,89.1304347826087
2025-11-19 07:35:07,89.09782608695652
2025-11-19 07:37:37,89.06521739130434
2025-11-19 07:40:07,89.03260869565217
2025-11-19 07:42:37,89.0
2025-11-19 07:45:07,89.03050847457627
2025-11-19 07:47:37,89.06101694915255
2025-11-19 07:50:07,89.09152542372881
2025-11-19 07:52:37,89.12203389830509
2025-11-19 07:55:07,89.15254237288136
2025-11-19 07:57:37,89.18305084745762
2025-11-19 08:00:07,89.2135593220339
2025-11-19 08:02:37,89.24406779661017
2025-11-19 08:05:07,89.27457627118645
2025-11-19 08:07:37,89.30508474576271
2025-11-19 08:10:07,89.33559322033898
2025-11-19 08:12:37,89.36610169491526
2025-11-19 08:15:07,89.39661016949152
2025-11-19 08:17:37,89.4271186440678
2025-11-19 08:20:07,89.45762711864407
2025-11-19 08:22:37,89.48813559322033
2025-11-19 08:25:07,89.51864406779661
2025-11-19 08:27:37,89.54915254237288
2025-11-19 08:30:07,89.57966101694915
2025-11-19 08:32:37,89.61016949152543
2025-11-19 08:35:07,89.64067796610169
2025-11-19 08:37:37,89.67118644067797
2025-11-19 08:40:07,89.70169491525424
2025-11-19 08:42:37,89.7322033898305
2025-11-19 08:45:07,89.76271186440678
2025-11-19 08:47:37,89.79322033898305
2025-11-19 08:50:07,89.82372881355933
2025-11-19 08:52:37,89.8542372881356
2025-11-19 08:55:07,89.88474576271186
2025-11-19 08:57:37,89.91525423728814
2025-11-19 09:00:07,89.9457627118644
2025-11-19 09:02:37,89.97627118644068
2025-11-19 09:05:07,90.00677966101695
2025-11-19 09:07:37,90.03728813559322
2025-11-19 09:10:07,90.0677966101695
2025-11-19 09:12:37,90.09830508474576
2025-11-19 09:15:07,90.12881355932204
2025-11-19 09:17:37,90.1593220338983
2025-11-19 09:20:07,90.18983050847457
2025-11-19 09:22:37,90.22033898305085
2025-11-19 09:25:07,90.25084745762712
2025-11-19 09:27:37,90.2813559322034
2025-11-19 09:30:07,90.31186440677966
2025-11-19 09:32:37,90.34237288135593
2025-11-19 09:35:07,90.37288135593221
2025-11-19 09:37:37,90.40338983050847
2025-11-19 09:40:07,90.43389830508474
2025-11-19 09:42:37,90.46440677966102
2025-11-19 09:45:07,90.49491525423728
2025-11-19 09:47:37,90.52542372881356
2025-11-19 09:50:07,90.55593220338983
2025-11-19 09:52:37,90.5864406779661
2025-11-19 09:55:07,90.61694915254238
2025-11-19 09:57:37,90.64745762711864
2025-11-19 10:00:07,90.67796610169492
2025-11-19 10:02:37,90.70847457627119
2025-11-19 10:05:07,90.73898305084745
2025-11-19 10:07:37,90.76949152542373
2025-11-19 10:10:07,90.8
2025-11-19 10:12:37,90.83050847457628
2025-11-19 10:15:07,90.86101694915254
2025-11-19 10:17:37,90.89152542372881
2025-11-19 10:20:07,90.92203389830509
2025-11-19 10:22:37,90.95254237288135
2025-11-19 10:25:07,90.98305084745763
2025-11-19 10:27:37,91.0135593220339
2025-11-19 10:30:07,91.04406779661016
2025-11-19 10:32:37,91.07457627118644
2025-11-19 10:35:07,91.10508474576271
2025-11-19 10:37:37,91.13559322033899
2025-11-19 10:40:07,91.16610169491526
2025-11-19 10:42:37,91.19661016949152
2025-11-19 10:45:07,91.2271186440678
2025-11-19 10:47:37,91.25762711864407
2025-11-19 10:50:07,91.28813559322033
2025-11-19 10:52:37,91.31864406779661
2025-11-19 10:55:07,91.34915254237288
2025-11-19 10:57:37,91.37966101694916
2025-11-19 11:00:07,91.41016949152542
2025-11-19 11:02:37,91.44067796610169
2025-11-19 11:05:07,91.47118644067797
2025-11-19 11:07:37,91.50169491525423
2025-11-19 11:10:07,91.53220338983051
2025-11-19 11:12:37,91.56271186440678
2025-11-19 11:15:07,91.59322033898304
2025-11-19 11:17:37,91.62372881355932
2025-11-19 11:20:07,91.65423728813559
2025-11-19 11:22:37,91.68474576271187
2025-11-19 11:25:07,91.71525423728814
2025-11-19 11:27:37,91.7457627118644
2025-11-19 11:30:07,91.77627118644068
2025-11-19 11:32:37,91.80677966101695
2025-11-19 11:35:07,91.83728813559323
2025-11-19 11:37:37,91.86779661016949
2025-11-19 11:40:07,91.89830508474576
2025-11-19 11:42:37,91.92881355932204
2025-11-19 11:45:07,91.9593220338983
2025-11-19 11:47:37,91.98983050847458
2025-11-19 11:50:07,92.02033898305085
2025-11-19 11:52:37,92.05084745762711
2025-11-19 11:55:07,92.0813559322034
2025-11-19 11:57:37,92.11186440677966
2025-11-19 12:00:07,92.14237288135593
2025-11-19 12:02:37,92.1728813559322
2025-11-19 12:05:07,92.20338983050847
2025-11-19 12:07:37,92.23389830508475
2025-11-19 12:10:07,92.26440677966102
2025-11-19 12:12:37,92.29491525423728
2025-11-19 12:15:07,92.32542372881356
2025-11-19 12:17:37,92.35593220338983
2025-11-19 12:20:07,92.3864406779661
2025-11-19 12:22:37,92.41694915254237
2025-11-19 12:25:07,92.44745762711864
2025-11-19 12:27:37,92.47796610169492
2025-11-19 12:30:07,92.50847457627118
2025-11-19 12:32:37,92.53898305084746
2025-11-19 12:35:07,92.56949152542373
2025-11-19 12:37:37,92.6
2025-11-19 12:40:07,92.63050847457627
2025-11-19 12:42:37,92.66101694915254
2025-11-19 12:45:07,92.69152542372882
2025-11-19 12:47:37,92.72203389830509
2025-11-19 12:50:07,92.75254237288135
2025-11-19 12:52:37,92.78305084745763
2025-11-19 12:55:07,92.8135593220339
2025-11-19 12:57:37,92.84406779661018
2025-11-19 13:00:07,92.87457627118644
2025-11-19 13:02:37,92.90508474576271
2025-11-19 13:05:07,92.93559322033899
2025-11-19 13:07:37,92.96610169491525
2025-11-19 13:10:07,92.99661016949153
2025-11-19 13:12:37,93.0271186440678
2025-11-19 13:15:07,93.05762711864406
2025-11-19 13:17:37,93.08813559322034
2025-11-19 13:20:07,93.11864406779661
2025-11-19 13:22:37,93.14915254237287
2025-11-19 13:25:07,93.17966101694915
2025-11-19 13:27:37,93.21016949152542
2025-11-19 13:30:07,93.2406779661017
2025-11-19 13:32:37,93.27118644067797
2025-11-19 13:35:07,93.30169491525423
2025-11-19 13:37:37,93.33220338983051
2025-11-19 13:40:07,93.36271186440678
2025-11-19 13:42:37,93.39322033898306
2025-11-19 13:45:07,93.42372881355932
2025-11-19 13:47:37,93.45423728813559
2025-11-19 13:50:07,93.48474576271187
2025-11-19 13:52:37,93.51525423728813
2025-11-19 13:55:07,93.54576271186441
2025-11-19 13:57:37,93.57627118644068
2025-11-19 14:00:07,93.60677966101694
2025-11-19 14:02:37,93.63728813559322
2025-11-19 14:05:07,93.66779661016949
2025-11-19 14:07:37,93.69830508474577
2025-11-19 14:10:07,93.72881355932203
2025-11-19 14:12:37,93.7593220338983
2025-11-19 14:15:07,93.78983050847458
2025-11-19 14:17:37,93.82033898305085
2025-11-19 14:20:07,93.85084745762713
2025-11-19 14:22:37,93.88135593220339
2025-11-19 14:25:07,93.91186440677966
2025-11-19 14:27:37,93.94237288135594
2025-11-19 14:30:07,93.9728813559322
2025-11-19 14:32:37,94.00338983050847
2025-11-19 14:35:07,94.03389830508475
2025-11-19 14:37:37,94.06440677966101
2025-11-19 14:40:07,94.09491525423729
2025-11-19 14:42:37,94.12542372881356
2025-11-19 14:45:07,94.15593220338982
2025-11-19 14:47:37,94.1864406779661
2025-11-19 14:50:07,94.21694915254237
2025-11-19 14:52:37,94.24745762711865
2025-11-19 14:55:07,94.27796610169491
2025-11-19 14:57:37,94.30847457627118
2025-11-19 15:00:07,94.33898305084746
2025-11-19 15:02:37,94.36949152542373
2025-11-19 15:05:07,94.4
2025-11-19 15:07:37,94.43050847457627
2025-11-19 15:10:07,94.46101694915254
2025-11-19 15:12:37,94.49152542372882
2025-11-19 15:15:07,94.52203389830508
2025-11-19 15:17:37,94.55254237288136
2025-11-19 15:20:07,94.58305084745763
2025-11-19 15:22:37,94.6135593220339
2025-11-19 15:25:07,94.64406779661017
2025-11-19 15:27:37,94.67457627118644
2025-11-19 15:30:07,94.70508474576272
2025-11-19 15:32:37,94.73559322033898
2025-11-19 15:35:07,94.76610169491525
2025-11-19 15:37:37,94.79661016949153
2025-11-19 15:40:07,94.8271186440678
2025-11-19 15:42:37,94.85762711864406
2025-11-19 15:45:07,94.88813559322034
2025-11-19 15:47:37,94.9186440677966
2025-11-19 15:50:07,94.94915254237289
2025-11-19 15:52:37,94.97966101694915
2025-11-19 15:55:07,95.01016949152542
2025-11-19 15:57:37,95.0406779661017
2025-11-19 16:00:07,95.07118644067796
2025-11-19 16:02:37,95.10169491525424
2025-11-19 16:05:07,95.13220338983051
2025-11-19 16:07:37,95.16271186440677
2025-11-19 16:10:07,95.19322033898305
2025-11-19 16:12:37,95.22372881355932
2025-11-19 16:15:07,95.2542372881356
2025-11-19 16:17:37,95.28474576271186
2025-11-19 16:20:07,95.31525423728813
2025-11-19 16:22:37,95.34576271186441
2025-11-19 16:25:07,95.37627118644068
2025-11-19 16:27:37,95.40677966101696
2025-11-19 16:30:07,95.43728813559322
2025-11-19 16:32:37,95.46779661016949
2025-11-19 16:35:07,95.49830508474577
2025-11-19 16:37:37,95.52881355932203
2025-11-19 16:40:07,95.55932203389831
2025-11-19 16:42:37,95.58983050847458
2025-11-19 16:45:07,95.62033898305084
2025-11-19 16:47:37,95.65084745762712
2025-11-19 16:50:07,95.68135593220339
2025-11-19 16:52:37,95.71186440677965
2025-11-19 16:55:07,95.74237288135593
2025-11-19 16:57:37,95.7728813559322
2025-11-19 17:00:07,95.80338983050848
2025-11-19 17:02:37,95.83389830508474
2025-11-19 17:05:07,95.86440677966101
2025-11-19 17:07:37,95.89491525423729
2025-11-19 17:10:07,95.92542372881356
2025-11-19 17:12:37,95.95593220338984
2025-11-19 17:15:07,95.9864406779661
2025-11-19 17:17:37,96.01694915254237
2025-11-19 17:20:07,96.04745762711865
2025-11-19 17:22:37,96.07796610169491
2025-11-19 17:25:07,96.10847457627119
2025-11-19 17:27:37,96.13898305084746
2025-11-19 17:30:07,96.16949152542372
2025-11-19 17:32:37,96.2
2025-11-19 17:35:07,96.23050847457627
2025-11-19 17:37:37,96.26101694915255
2025-11-19 17:40:07,96.29152542372881
2025-11-19 17:42:37,96.32203389830508
2025-11-19 17:45:07,96.35254237288136
2025-11-19 17:47:37,96.38305084745762
2025-11-19 17:50:07,96.4135593220339
2025-11-19 17:52:37,96.44406779661017
2025-11-19 17:55:07,96.47457627118644
2025-11-19 17:57:37,96.50508474576272
2025-11-19 18:00:07,96.53559322033898
2025-11-19 18:02:37,96.56610169491526
2025-11-19 18:05:07,96.59661016949153
2025-11-19 18:07:37,96.62711864406779
2025-11-19 18:10:07,96.65762711864407
2025-11-19 18:12:37,96.68813559322034
2025-11-19 18:15:07,96.7186440677966
2025-11-19 18:17:37,96.74915254237288
2025-11-19 18:20:07,96.77966101694915
2025-11-19 18:22:37,96.81016949152543
2025-11-19 18:25:07,96.8406779661017
2025-11-19 18:27:37,96.87118644067796
2025-11-19 18:30:07,96.90169491525424
2025-11-19 18:32:37,96.9322033898305
2025-11-19 18:35:07,96.96271186440678
2025-11-19 18:37:37,96.99322033898305
2025-11-19 18:40:07,97.02372881355932
2025-11-19 18:42:37,97.0542372881356
2025-11-19 18:45:07,97.08474576271186
2025-11-19 18:47:37,97.11525423728814
2025-11-19 18:50:07,97.1457627118644
2025-11-19 18:52:37,97.17627118644067
2025-11-19 18:55:07,97.20677966101695
2025-11-19 18:57:37,97.23728813559322
2025-11-19 19:00:07,97.2677966101695
2025-11-19 19:02:37,97.29830508474576
2025-11-19 19:05:07,97.32881355932203
2025-11-19 19:07:37,97.35932203389831
2025-11-19 19:10:07,97.38983050847457
2025-11-19 19:12:37,97.42033898305085
2025-11-19 19:15:07,97.45084745762712
2025-11-19 19:17:37,97.48135593220339
2025-11-19 19:20:07,97.51186440677967
2025-11-19 19:22:37,97.54237288135593
2025-11-19 19:25:07,97.5728813559322
2025-11-19 19:27:37,97.60338983050848
2025-11-19 19:30:07,97.63389830508474
2025-11-19 19:32:37,97.66440677966102
2025-11-19 19:35:07,97.69491525423729
2025-11-19 19:37:37,97.72542372881355
2025-11-19 19:40:07,97.75593220338983
2025-11-19 19:42:37,97.7864406779661
2025-11-19 19:45:07,97.81694915254238
2025-11-19 19:47:37,97.84745762711864
2025-11-19 19:50:07,97.87796610169491
2025-11-19 19:52:37,97.90847457627119
2025-11-19 19:55:07,97.93898305084745
2025-11-19 19:57:37,97.96949152542373
2025-11-19 20:00:07,98.0
2025-11-19 20:02:37,98.00507614213198
2025-11-19 20:05:07,98.01015228426395
2025-11-19 20:07:37,98.01522842639594
2025-11-19 20:10:07,98.02030456852792
2025-11-19 20:12:37,98.0253807106599
2025-11-19 20:15:07,98.03045685279187
2025-11-19 20:17:37,98.03553299492386
2025-11-19 20:20:07,98.04060913705584
2025-11-19 20:22:37,98.04568527918782
2025-11-19 20:25:07,98.05076142131979
2025-11-19 20:27:37,98.05583756345177
2025-11-19 20:30:07,98.06091370558376
2025-11-19 20:32:37,98.06598984771574
2025-11-19 20:35:07,98.07106598984771
2025-11-19 20:37:37,98.0761421319797
2025-11-19 20:40:07,98.08121827411168
2025-11-19 20:42:37,98.08629441624366
2025-11-19 20:45:07,98.09137055837563
2025-11-19 20:47:37,98.09644670050761
2025-11-19 20:50:07,98.1015228426396
2025-11-19 20:52:37,98.10659898477158
2025-11-19 20:55:07,98.11167512690355
2025-11-19 20:57:37,98.11675126903553
2025-11-19 21:00:07,98.12182741116752
2025-11-19 21:02:37,98.1269035532995
2025-11-19 21:05:07,98.13197969543147
2025-11-19 21:07:37,98.13705583756345
2025-11-19 21:10:07,98.14213197969544
2025-11-19 21:12:37,98.1472081218274
2025-11-19 21:15:07,98.15228426395939
2025-11-19 21:17:37,98.15736040609137
2025-11-19 21:20:07,98.16243654822335
2025-11-19 21:22:37,98.16751269035532
2025-11-19 21:25:07,98.1725888324873
2025-11-19 21:27:37,98.17766497461929
2025-11-19 21:30:07,98.18274111675127
2025-11-19 21:32:37,98.18781725888324
2025-11-19 21:35:07,98.19289340101523
2025-11-19 21:37:37,98.19796954314721
2025-11-19 21:40:07,98.20304568527919
2025-11-19 21:42:37,98.20812182741116
2025-11-19 21:45:07,98.21319796954315
2025-11-19 21:47:37,98.21827411167513
2025-11-19 21:50:07,98.22335025380711
2025-11-19 21:52:37,98.22842639593908
2025-11-19 21:55:07,98.23350253807106
2025-11-19 21:57:37,98.23857868020305
2025-11-19 22:00:07,98.24365482233503
2025-11-19 22:02:37,98.248730964467
2025-11-19 22:05:07,98.25380710659898
2025-11-19 22:07:37,98.25888324873097
2025-11-19 22:10:07,98.26395939086295
2025-11-19 22:12:37,98.26903553299492
2025-11-19 22:15:07,98.2741116751269
2025-11-19 22:17:37,98.27918781725889
2025-11-19 22:20:07,98.28426395939087
2025-11-19 22:22:37,98.28934010152284
2025-11-19 22:25:07,98.29441624365482
2025-11-19 22:27:37,98.2994923857868
2025-11-19 22:30:07,98.30456852791878
2025-11-19 22:32:37,98.30964467005076
2025-11-19 22:35:07,98.31472081218274
2025-11-19 22:37:37,98.31979695431473
2025-11-19 22:40:07,98.3248730964467
2025-11-19 22:42:37,98.32994923857868
2025-11-19 22:45:07,98.33502538071066
2025-11-19 22:47:37,98.34010152284264
2025-11-19 22:50:07,98.34517766497461
2025-11-19 22:52:37,98.3502538071066
2025-11-19 22:55:07,98.35532994923858
2025-11-19 22:57:37,98.36040609137056
2025-11-19 23:00:07,98.36548223350253
2025-11-19 23:02:37,98.37055837563452
2025-11-19 23:05:07,98.3756345177665
2025-11-19 23:07:37,98.38071065989848
2025-11-19 23:10:07,98.38578680203045
2025-11-19 23:12:37,98.39086294416244
2025-11-19 23:15:07,98.39593908629442
2025-11-19 23:17:37,98.4010152284264
2025-11-19 23:20:07,98.40609137055837
2025-11-19 23:22:37,98.41116751269035
2025-11-19 23:25:07,98.41624365482234
2025-11-19 23:27:37,98.42131979695432
2025-11-19 23:30:07,98.42639593908629
2025-11-19 23:32:37,98.43147208121827
2025-11-19 23:35:07,98.43654822335026
2025-11-19 23:37:37,98.44162436548223
2025-11-19 23:40:07,98.44670050761421
2025-11-19 23:42:37,98.4517766497462
2025-11-19 23:45:07,98.45685279187818
2025-11-19 23:47:37,98.46192893401015
2025-11-19 23:50:07,98.46700507614213
2025-11-19 23:52:37,98.47208121827411
2025-11-19 23:55:07,98.4771573604061
2025-11-19 23:57:37,98.48223350253807
2025-11-20 00:00:07,98.48730964467005
2025-11-20 00:02:37,98.49238578680203
2025-11-20 00:05:07,98.49746192893402
2025-11-20 00:07:37,98.50253807106598
2025-11-20 00:10:07,98.50761421319797
2025-11-20 00:12:37,98.51269035532995
2025-11-20 00:15:07,98.51776649746193
2025-11-20 00:17:37,98.5228426395939
2025-11-20 00:20:07,98.52791878172589
2025-11-20 00:22:37,98.53299492385787
2025-11-20 00:25:07,98.53807106598985
2025-11-20 00:27:37,98.54314720812182
2025-11-20 00:30:07,98.5482233502538
2025-11-20 00:32:37,98.55329949238579
2025-11-20 00:35:07,98.55837563451777
2025-11-20 00:37:37,98.56345177664974
2025-11-20 00:40:07,98.56852791878173
2025-11-20 00:42:37,98.57360406091371
2025-11-20 00:45:07,98.57868020304568
2025-11-20 00:47:37,98.58375634517766
2025-11-20 00:50:07,98.58883248730965
2025-11-20 00:52:37,98.59390862944163
2025-11-20 00:55:07,98.5989847715736
2025-11-20 00:57:37,98.60406091370558
2025-11-20 01:00:07,98.60913705583756
2025-11-20 01:02:37,98.61421319796955
2025-11-20 01:05:07,98.61928934010152
2025-11-20 01:07:37,98.6243654822335
2025-11-20 01:10:07,98.62944162436548
2025-11-20 01:12:37,98.63451776649747
2025-11-20 01:15:07,98.63959390862944
2025-11-20 01:17:37,98.64467005076142
2025-11-20 01:20:07,98.6497461928934
2025-11-20 01:22:37,98.65482233502539
2025-11-20 01:25:07,98.65989847715736
2025-11-20 01:27:37,98.66497461928934
2025-11-20 01:30:07,98.67005076142132
2025-11-20 01:32:37,98.6751269035533
2025-11-20 01:35:07,98.68020304568527
2025-11-20 01:37:37,98.68527918781726
2025-11-20 01:40:07,98.69035532994924
2025-11-20 01:42:37,98.69543147208122
2025-11-20 01:45:07,98.7005076142132
2025-11-20 01:47:37,98.70558375634518
2025-11-20 01:50:07,98.71065989847716
2025-11-20 01:52:37,98.71573604060913
2025-11-20 01:55:07,98.72081218274111
2025-11-20 01:57:37,98.7258883248731
2025-11-20 02:00:07,98.73096446700508
2025-11-20 02:02:37,98.73604060913705
2025-11-20 02:05:07,98.74111675126903
2025-11-20 02:07:37,98.74619289340102
2025-11-20 02:10:07,98.751269035533
2025-11-20 02:12:37,98.75634517766497
2025-11-20 02:15:07,98.76142131979695
2025-11-20 02:17:37,98.76649746192894
2025-11-20 02:20:07,98.77157360406092
2025-11-20 02:22:37,98.77664974619289
2025-11-20 02:25:07,98.78172588832487
2025-11-20 02:27:37,98.78680203045685
2025-11-20 02:30:07,98.79187817258884
2025-11-20 02:32:37,98.79695431472081
2025-11-20 02:35:07,98.80203045685279
2025-11-20 02:37:37,98.80710659898477
2025-11-20 02:40:07,98.81218274111676
2025-11-20 02:42:37,98.81725888324873
2025-11-20 02:45:07,98.82233502538071
2025-11-20 02:47:37,98.8274111675127
2025-11-20 02:50:07,98.83248730964468
2025-11-20 02:52:37,98.83756345177665
2025-11-20 02:55:07,98.84263959390863
2025-11-20 02:57:37,98.84771573604061
2025-11-20 03:00:07,98.8527918781726
2025-11-20 03:02:37,98.85786802030456
2025-11-20 03:05:07,98.86294416243655
2025-11-20 03:07:37,98.86802030456853
2025-11-20 03:10:07,98.8730964467005
2025-11-20 03:12:37,98.87817258883248
2025-11-20 03:15:07,98.88324873096447
2025-11-20 03:17:37,98.88832487309645
2025-11-20 03:20:07,98.89340101522842
2025-11-20 03:22:37,98.8984771573604
2025-11-20 03:25:07,98.90355329949239
2025-11-20 03:27:37,98.90862944162437
2025-11-20 03:30:07,98.91370558375634
2025-11-20 03:32:37,98.91878172588832
2025-11-20 03:35:07,98.9238578680203
2025-11-20 03:37:37,98.92893401015229
2025-11-20 03:40:07,98.93401015228426
2025-11-20 03:42:37,98.93908629441624
2025-11-20 03:45:07,98.94416243654823
2025-11-20 03:47:37,98.94923857868021
2025-11-20 03:50:07,98.95431472081218
2025-11-20 03:52:37,98.95939086294416
2025-11-20 03:55:07,98.96446700507614
2025-11-20 03:57:37,98.96954314720813
2025-11-20 04:00:07,98.9746192893401
2025-11-20 04:02:37,98.97969543147208
2025-11-20 04:05:07,98.98477157360406
2025-11-20 04:07:37,98.98984771573605
2025-11-20 04:10:07,98.99492385786802
2025-11-20 04:12:37,99.0
2025-11-20 04:15:07,99.00507614213198
2025-11-20 04:17:37,99.01015228426395
2025-11-20 04:20:07,99.01522842639594
2025-11-20 04:22:37,99.02030456852792
2025-11-20 04:25:07,99.0253807106599
2025-11-20 04:27:37,99.03045685279187
2025-11-20 04:30:07,99.03553299492386
2025-11-20 04:32:37,99.04060913705584
2025-11-20 04:35:07,99.04568527918782
2025-11-20 04:37:37,99.05076142131979
2025-11-20 04:40:07,99.05583756345177
2025-11-20 04:42:37,99.06091370558376
2025-11-20 04:45:07,99.06598984771574
2025-11-20 04:47:37,99.07106598984771
2025-11-20 04:50:07,99.0761421319797
2025-11-20 04:52:37,99.08121827411168
2025-11-20 04:55:07,99.08629441624366
2025-11-20 04:57:37,99.09137055837563
2025-11-20 05:00:07,99.09644670050761
2025-11-20 05:02:37,99.1015228426396
2025-11-20 05:05:07,99.10659898477158
2025-11-20 05:07:37,99.11167512690355
2025-11-20 05:10:07,99.11675126903553
2025-11-20 05:12:37,99.12182741116752
2025-11-20 05:15:07,99.1269035532995
2025-11-20 05:17:37,99.13197969543147
2025-11-20 05:20:07,99.13705583756345
2025-11-20 05:22:37,99.14213197969544
2025-11-20 05:25:07,99.1472081218274
2025-11-20 05:27:37,99.15228426395939
2025-11-20 05:30:07,99.15736040609137
2025-11-20 05:32:37,99.16243654822335
2025-11-20 05:35:07,99.16751269035532
2025-11-20 05:37:37,99.1725888324873
2025-11-20 05:40:07,99.17766497461929
2025-11-20 05:42:37,99.18274111675127
2025-11-20 05:45:07,99.18781725888324
2025-11-20 05:47:37,99.19289340101523
2025-11-20 05:50:07,99.19796954314721
2025-11-20 05:52:37,99.20304568527919
2025-11-20 05:55:07,99.20812182741116
2025-11-20 05:57:37,99.21319796954315
2025-11-20 06:00:07,99.21827411167513
2025-11-20 06:02:37,99.22335025380711
2025-11-20 06:05:07,99.22842639593908
2025-11-20 06:07:37,99.23350253807106
2025-11-20 06:10:07,99.23857868020305
2025-11-20 06:12:37,99.24365482233503
2025-11-20 06:15:07,99.248730964467
2025-11-20 06:17:37,99.25380710659898
2025-11-20 06:20:07,99.25888324873097
2025-11-20 06:22:37,99.26395939086295
2025-11-20 06:25:07,99.26903553299492
2025-11-20 06:27:37,99.2741116751269
2025-11-20 06:30:07,99.27918781725889
2025-11-20 06:32:37,99.28426395939086
2025-11-20 06:35:07,99.28934010152284
2025-11-20 06:37:37,99.29441624365482
2025-11-20 06:40:07,99.2994923857868
2025-11-20 06:42:37,99.30456852791878
2025-11-20 06:45:07,99.30964467005076
2025-11-20 06:47:37,99.31472081218274
2025-11-20 06:50:07,99.31979695431473
2025-11-20 06:52:37,99.3248730964467
2025-11-20 06:55:07,99.32994923857868
2025-11-20 06:57:37,99.33502538071066
2025-11-20 07:00:07,99.34010152284264
2025-11-20 07:02:37,99.34517766497461
2025-11-20 07:05:07,99.3502538071066
2025-11-20 07:07:37,99.35532994923858
2025-11-20 07:10:07,99.36040609137056
2025-11-20 07:12:37,99.36548223350253
2025-11-20 07:15:07,99.37055837563452
2025-11-20 07:17:37,99.3756345177665
2025-11-20 07:20:07,99.38071065989848
2025-11-20 07:22:37,99.38578680203045
2025-11-20 07:25:07,99.39086294416244
2025-11-20 07:27:37,99.39593908629442
2025-11-20 07:30:07,99.4010152284264
2025-11-20 07:32:37,99.40609137055837
2025-11-20 07:35:07,99.41116751269035
2025-11-20 07:37:37,99.41624365482234
2025-11-20 07:40:07,99.42131979695432
2025-11-20 07:42:37,99.42639593908629
2025-11-20 07:45:07,99.43147208121827
2025-11-20 07:47:37,99.43654822335026
2025-11-20 07:50:07,99.44162436548223
2025-11-20 07:52:37,99.44670050761421
2025-11-20 07:55:07,99.4517766497462
2025-11-20 07:57:37,99.45685279187818
2025-11-20 08:00:07,99.46192893401015
2025-11-20 08:02:37,99.46700507614213
2025-11-20 08:05:07,99.47208121827411
2025-11-20 08:07:37,99.4771573604061
2025-11-20 08:10:07,99.48223350253807
2025-11-20 08:12:37,99.48730964467005
2025-11-20 08:15:07,99.49238578680203
2025-11-20 08:17:37,99.49746192893402
2025-11-20 08:20:07,99.50253807106598
2025-11-20 08:22:37,99.50761421319797
2025-11-20 08:25:07,99.51269035532995
2025-11-20 08:27:37,99.51776649746193
2025-11-20 08:30:07,99.5228426395939
2025-11-20 08:32:37,99.52791878172589
2025-11-20 08:35:07,99.53299492385787
2025-11-20 08:37:37,99.53807106598985
2025-11-20 08:40:07,99.54314720812182
2025-11-20 08:42:37,99.5482233502538
2025-11-20 08:45:07,99.55329949238579
2025-11-20 08:47:37,99.55837563451777
2025-11-20 08:50:07,99.56345177664974
2025-11-20 08:52:37,99.56852791878173
2025-11-20 08:55:07,99.57360406091371
2025-11-20 08:57:37,99.57868020304568
2025-11-20 09:00:07,99.58375634517766
2025-11-20 09:02:37,99.58883248730965
2025-11-20 09:05:07,99.59390862944163
2025-11-20 09:07:37,99.5989847715736
2025-11-20 09:10:07,99.60406091370558
2025-11-20 09:12:37,99.60913705583756
2025-11-20 09:15:07,99.61421319796955
2025-11-20 09:17:37,99.61928934010152
2025-11-20 09:20:07,99.6243654822335
2025-11-20 09:22:37,99.62944162436548
2025-11-20 09:25:07,99.63451776649747
2025-11-20 09:27:37,99.63959390862944
2025-11-20 09:30:07,99.64467005076142
2025-11-20 09:32:37,99.6497461928934
2025-11-20 09:35:07,99.65482233502539
2025-11-20 09:37:37,99.65989847715736
2025-11-20 09:40:07,99.66497461928934
2025-11-20 09:42:37,99.67005076142132
2025-11-20 09:45:07,99.6751269035533
2025-11-20 09:47:37,99.68020304568527
2025-11-20 09:50:07,99.68527918781726
2025-11-20 09:52:37,99.69035532994924
2025-11-20 09:55:07,99.69543147208122
2025-11-20 09:57:37,99.7005076142132
2025-11-20 10:00:07,99.70558375634518
2025-11-20 10:02:37,99.71065989847716
2025-11-20 10:05:07,99.71573604060913
2025-11-20 10:07:37,99.72081218274111
2025-11-20 10:10:07,99.7258883248731
2025-11-20 10:12:37,99.73096446700508
2025-11-20 10:15:07,99.73604060913705
2025-11-20 10:17:37,99.74111675126903
2025-11-20 10:20:07,99.74619289340102
2025-11-20 10:22:37,99.751269035533
2025-11-20 10:25:07,99.75634517766497
2025-11-20 10:27:37,99.76142131979695
2025-11-20 10:30:07,99.76649746192894
2025-11-20 10:32:37,99.77157360406092
2025-11-20 10:35:07,99.77664974619289
2025-11-20 10:37:37,99.78172588832487
2025-11-20 10:40:07,99.78680203045685
2025-11-20 10:42:37,99.79187817258884
2025-11-20 10:45:07,99.79695431472081
2025-11-20 10:47:37,99.80203045685279
2025-11-20 10:50:07,99.80710659898477
2025-11-20 10:52:37,99.81218274111676
2025-11-20 10:55:07,99.81725888324873
2025-11-20 10:57:37,99.82233502538071
2025-11-20 11:00:07,99.8274111675127
2025-11-20 11:02:37,99.83248730964468
2025-11-20 11:05:07,99.83756345177665
2025-11-20 11:07:37,99.84263959390863
2025-11-20 11:10:07,99.84771573604061
2025-11-20 11:12:37,99.8527918781726
2025-11-20 11:15:07,99.85786802030456
2025-11-20 11:17:37,99.86294416243655
2025-11-20 11:20:07,99.86802030456853
2025-11-20 11:22:37,99.8730964467005
2025-11-20 11:25:07,99.87817258883248
2025-11-20 11:27:37,99.88324873096447
2025-11-20 11:30:07,99.88832487309645
2025-11-20 11:32:37,99.89340101522842
2025-11-20 11:35:07,99.8984771573604
2025-11-20 11:37:37,99.90355329949239
2025-11-20 11:40:07,99.90862944162437
2025-11-20 11:42:37,99.91370558375634
2025-11-20 11:45:07,99.91878172588832
2025-11-20 11:47:37,99.9238578680203
2025-11-20 11:50:07,99.92893401015229
2025-11-20 11:52:37,99.93401015228426
2025-11-20 11:55:07,99.93908629441624
2025-11-20 11:57:37,99.94416243654823
2025-11-20 12:00:07,99.94923857868021
2025-11-20 12:02:37,99.95431472081218
2025-11-20 12:05:07,99.95939086294416
2025-11-20 12:07:37,99.96446700507614
2025-11-20 12:10:07,99.96954314720813
2025-11-20 12:12:37,99.9746192893401
2025-11-20 12:15:07,99.97969543147208
2025-11-20 12:17:37,99.98477157360406
2025-11-20 12:20:07,99.98984771573605
2025-11-20 12:22:37,99.99492385786802
2025-11-20 12:25:07,100.0
2025-11-20 12:27:37,100.0
2025-11-20 12:30:07,100.0
2025-11-20 12:32:37,100.0
2025-11-20 12:35:07,100.0
2025-11-20 12:37:37,100.0
2025-11-20 12:40:07,100.0
2025-11-20 12:42:37,100.0
2025-11-20 12:45:07,100.0
2025-11-20 12:47:37,100.0
2025-11-20 12:50:07,100.0
2025-11-20 12:52:37,100.0
2025-11-20 12:55:07,100.0
2025-11-20 12:57:37,100.0
2025-11-20 13:00:07,100.0
2025-11-20 13:02:37,100.0
2025-11-20 13:05:07,100.0
2025-11-20 13:07:37,100.0
2025-11-20 13:10:07,100.0
2025-11-20 13:12:37,100.0
2025-11-20 13:15:07,100.0
2025-11-20 13:17:37,100.0
2025-11-20 13:20:07,100.0
2025-11-20 13:22:37,100.0
2025-11-20 13:25:07,100.0
2025-11-20 13:27:37,100.0
2025-11-20 13:30:07,100.0
2025-11-20 13:32:37,100.0
2025-11-20 13:35:07,100.0
2025-11-20 13:37:37,100.0
2025-11-20 13:40:07,100.0
2025-11-20 13:42:37,100.0
2025-11-20 13:45:07,100.0
2025-11-20 13:47:37,100.0
2025-11-20 13:50:07,100.0
2025-11-20 13:52:37,100.0
2025-11-20 13:55:07,100.0
2025-11-20 13:57:37,100.0
2025-11-20 14:00:07,100.0
2025-11-20 14:02:37,100.0
2025-11-20 14:05:07,100.0
2025-11-20 14:07:37,100.0
2025-11-20 14:10:07,100.0
2025-11-20 14:12:37,100.0
2025-11-20 14:15:07,100.0
2025-11-20 14:17:37,100.0
2025-11-20 14:20:07,100.0
2025-11-20 14:22:37,100.0
2025-11-20 14:25:07,100.0
2025-11-20 14:27:37,100.0
2025-11-20 14:30:07,100.0
2025-11-20 14:32:37,100.0
2025-11-20 14:35:07,100.0
2025-11-20 14:37:37,100.0
2025-11-20 14:40:07,100.0
2025-11-20 14:42:37,100.0
2025-11-20 14:45:07,100.0
2025-11-20 14:47:37,100.0
2025-11-20 14:50:07,100.0
2025-11-20 14:52:37,100.0
2025-11-20 14:55:07,100.0
2025-11-20 14:57:37,100.0
2025-11-20 15:00:07,100.0
2025-11-20 15:02:37,100.0
2025-11-20 15:05:07,100.0
2025-11-20 15:07:37,100.0
2025-11-20 15:10:07,100.0
2025-11-20 15:12:37,100.0
2025-11-20 15:15:07,100.0
2025-11-20 15:17:37,100.0
2025-11-20 15:20:07,100.0
2025-11-20 15:22:37,100.0
2025-11-20 15:25:07,100.0
2025-11-20 15:27:37,100.0
2025-11-20 15:30:07,100.0
2025-11-20 15:32:37,100.0
2025-11-20 15:35:07,100.0
2025-11-20 15:37:37,100.0
2025-11-20 15:40:07,100.0
2025-11-20 15:42:37,100.0
2025-11-20 15:45:07,100.0
2025-11-20 15:47:37,100.0
2025-11-20 15:50:07,100.0
2025-11-20 15:52:37,100.0
2025-11-20 15:55:07,100.0
2025-11-20 15:57:37,100.0
2025-11-20 16:00:07,100.0
2025-11-20 16:02:37,100.0
2025-11-20 16:05:07,100.0
2025-11-20 16:07:37,100.0
2025-11-20 16:10:07,100.0
2025-11-20 16:12:37,100.0
2025-11-20 16:15:07,100.0
2025-11-20 16:17:37,100.0
2025-11-20 16:20:07,100.0
2025-11-20 16:22:37,100.0
2025-11-20 16:25:07,100.0
2025-11-20 16:27:37,100.0
2025-11-20 16:30:07,100.0
2025-11-20 16:32:37,100.0
2025-11-20 16:35:07,100.0
2025-11-20 16:37:37,100.0
2025-11-20 16:40:07,100.0
2025-11-20 16:42:37,100.0
2025-11-20 16:45:07,100.0
2025-11-20 16:47:37,100.0
2025-11-20 16:50:07,100.0
2025-11-20 16:52:37,100.0
2025-11-20 16:55:07,100.0
2025-11-20 16:57:37,100.0
2025-11-20 17:00:07,100.0
2025-11-20 17:02:37,100.0
2025-11-20 17:05:07,100.0
2025-11-20 17:07:37,100.0
2025-11-20 17:10:07,100.0
2025-11-20 17:12:37,100.0
2025-11-20 17:15:07,100.0
2025-11-20 17:17:37,100.0
2025-11-20 17:20:07,100.0
2025-11-20 17:22:37,100.0
2025-11-20 17:25:07,100.0
2025-11-20 17:27:37,100.0
2025-11-20 17:30:07,100.0
2025-11-20 17:32:37,100.0
2025-11-20 17:35:07,100.0
2025-11-20 17:37:37,100.0
2025-11-20 17:40:07,100.0
2025-11-20 17:42:37,100.0
2025-11-20 17:45:07,100.0
2025-11-20 17:47:37,100.0
2025-11-20 17:50:07,100.0
2025-11-20 17:52:37,100.0
2025-11-20 17:55:07,100.0
2025-11-20 17:57:37,100.0
2025-11-20 18:00:07,100.0
2025-11-20 18:02:37,100.0
2025-11-20 18:05:07,100.0
2025-11-20 18:07:37,100.0
2025-11-20 18:10:07,100.0
2025-11-20 18:12:37,100.0
2025-11-20 18:15:07,100.0
2025-11-20 18:17:37,100.0
2025-11-20 18:20:07,100.0
2025-11-20 18:22:37,100.0
2025-11-20 18:25:07,100.0
2025-11-20 18:27:37,100.0
2025-11-20 18:30:07,100.0
2025-11-20 18:32:37,100.0
2025-11-20 18:35:07,100.0
2025-11-20 18:37:37,100.0
2025-11-20 18:40:07,100.0
2025-11-20 18:42:37,100.0
2025-11-20 18:45:07,100.0
2025-11-20 18:47:37,100.0
2025-11-20 18:50:07,100.0
2025-11-20 18:52:37,100.0
2025-11-20 18:55:07,100.0
2025-11-20 18:57:37,100.0
2025-11-20 19:00:07,100.0
2025-11-20 19:02:37,100.0
2025-11-20 19:05:07,100.0
2025-11-20 19:07:37,100.0
2025-11-20 19:10:07,100.0
2025-11-20 19:12:37,100.0
2025-11-20 19:15:07,100.0
2025-11-20 19:17:37,100.0
2025-11-20 19:20:07,100.0
2025-11-20 19:22:37,100.0
2025-11-20 19:25:07,100.0
2025-11-20 19:27:37,100.0
2025-11-20 19:30:07,100.0
2025-11-20 19:32:37,100.0
2025-11-20 19:35:07,100.0
2025-11-20 19:37:37,100.0
2025-11-20 19:40:07,100.0
2025-11-20 19:42:37,100.0
2025-11-20 19:45:07,100.0
2025-11-20 19:47:37,100.0
2025-11-20 19:50:07,100.0
2025-11-20 19:52:37,100.0
2025-11-20 19:55:07,100.0
2025-11-20 19:57:37,100.0
2025-11-20 20:00:07,100.0
2025-11-20 20:02:37,100.0
2025-11-20 20:05:07,100.0
2025-11-20 20:07:37,100.0
2025-11-20 20:10:07,100.0
2025-11-20 20:12:37,100.0
2025-11-20 20:15:07,100.0
2025-11-20 20:17:37,100.0
2025-11-20 20:20:07,100.0
2025-11-20 20:22:37,100.0
2025-11-20 20:25:07,100.0
2025-11-20 20:27:37,100.0
2025-11-20 20:30:07,100.0
2025-11-20 20:32:37,100.0
2025-11-20 20:35:07,100.0
2025-11-20 20:37:37,100.0
2025-11-20 20:40:07,100.0
2025-11-20 20:42:37,100.0
2025-11-20 20:45:07,100.0
2025-11-20 20:47:37,100.0
2025-11-20 20:50:07,100.0
2025-11-20 20:52:37,100.0
2025-11-20 20:55:07,100.0
2025-11-20 20:57:37,100.0
2025-11-20 21:00:07,100.0
2025-11-20 21:02:37,100.0
2025-11-20 21:05:07,100.0
2025-11-20 21:07:37,100.0
2025-11-20 21:10:07,100.0
2025-11-20 21:12:37,100.0
2025-11-20 21:15:07,100.0
2025-11-20 21:17:37,100.0
2025-11-20 21:20:07,100.0
2025-11-20 21:22:37,100.0
2025-11-20 21:25:07,100.0
2025-11-20 21:27:37,100.0
2025-11-20 21:30:07,100.0
2025-11-20 21:32:37,100.0
2025-11-20 21:35:07,100.0
2025-11-20 21:37:37,100.0
2025-11-20 21:40:07,100.0
2025-11-20 21:42:37,100.0
2025-11-20 21:45:07,100.0
2025-11-20 21:47:37,100.0
2025-11-20 21:50:07,100.0
2025-11-20 21:52:37,100.0
2025-11-20 21:55:07,100.0
2025-11-20 21:57:37,100.0
2025-11-20 22:00:07,100.0
2025-11-20 22:02:37,100.0
2025-11-20 22:05:07,100.0
2025-11-20 22:07:37,100.0
2025-11-20 22:10:07,100.0
2025-11-20 22:12:37,100.0
2025-11-20 22:15:07,100.0
2025-11-20 22:17:37,100.0
2025-11-20 22:20:07,100.0
2025-11-20 22:22:37,100.0
2025-11-20 22:25:07,100.0
2025-11-20 22:27:37,100.0
2025-11-20 22:30:07,100.0
2025-11-20 22:32:37,100.0
2025-11-20 22:35:07,100.0
2025-11-20 22:37:37,100.0
2025-11-20 22:40:07,100.0
2025-11-20 22:42:37,100.0
2025-11-20 22:45:07,100.0
2025-11-20 22:47:37,100.0
2025-11-20 22:50:07,100.0
2025-11-20 22:52:37,100.0
2025-11-20 22:55:07,100.0
2025-11-20 22:57:37,100.0
2025-11-20 23:00:07,100.0
2025-11-20 23:02:37,100.0
2025-11-20 23:05:07,100.0
2025-11-20 23:07:37,100.0
2025-11-20 23:10:07,100.0
2025-11-20 23:12:37,100.0
2025-11-20 23:15:07,100.0
2025-11-20 23:17:37,100.0
2025-11-20 23:20:07,100.0
2025-11-20 23:22:37,100.0
2025-11-20 23:25:07,100.0
2025-11-20 23:27:37,100.0
2025-11-20 23:30:07,100.0
2025-11-20 23:32:37,100.0
2025-11-20 23:35:07,100.0
2025-11-20 23:37:37,100.0
2025-11-20 23:40:07,100.0
2025-11-20 23:42:37,100.0
2025-11-20 23:45:07,100.0
2025-11-20 23:47:37,100.0
2025-11-20 23:50:07,100.0
2025-11-20 23:52:37,100.0
2025-11-20 23:55:07,100.0
2025-11-20 23:57:37,100.0
2025-11-21 00:00:07,100.0
2025-11-21 00:02:37,100.0
2025-11-21 00:05:07,100.0
2025-11-21 00:07:37,100.0
2025-11-21 00:10:07,100.0
2025-11-21 00:12:37,100.0
2025-11-21 00:15:07,100.0
2025-11-21 00:17:37,100.0
2025-11-21 00:20:07,100.0
2025-11-21 00:22:37,100.0
2025-11-21 00:25:07,100.0
2025-11-21 00:27:37,100.0
2025-11-21 00:30:07,100.0
2025-11-21 00:32:37,100.0
2025-11-21 00:35:07,100.0
2025-11-21 00:37:37,100.0
2025-11-21 00:40:07,100.0
2025-11-21 00:42:37,100.0
2025-11-21 00:45:07,100.0
2025-11-21 00:47:37,100.0
2025-11-21 00:50:07,100.0
2025-11-21 00:52:37,100.0
2025-11-21 00:55:07,100.0
2025-11-21 00:57:37,100.0
2025-11-21 01:00:07,100.0
2025-11-21 01:02:37,100.0
2025-11-21 01:05:07,100.0
2025-11-21 01:07:37,100.0
2025-11-21 01:10:07,100.0
2025-11-21 01:12:37,100.0
2025-11-21 01:15:07,100.0
2025-11-21 01:17:37,100.0
2025-11-21 01:20:07,100.0
2025-11-21 01:22:37,100.0
2025-11-21 01:25:07,100.0
2025-11-21 01:27:37,100.0
2025-11-21 01:30:07,100.0
2025-11-21 01:32:37,100.0
2025-11-21 01:35:07,100.0
2025-11-21 01:37:37,100.0
2025-11-21 01:40:07,100.0
2025-11-21 01:42:37,100.0
2025-11-21 01:45:07,100.0
2025-11-21 01:47:37,100.0
2025-11-21 01:50:07,100.0
2025-11-21 01:52:37,100.0
2025-11-21 01:55:07,100.0
2025-11-21 01:57:37,100.0
2025-11-21 02:00:07,100.0
2025-11-21 02:02:37,100.0
2025-11-21 02:05:07,100.0
2025-11-21 02:07:37,100.0
2025-11-21 02:10:07,100.0
2025-11-21 02:12:37,100.0
2025-11-21 02:15:07,100.0
2025-11-21 02:17:37,100.0
2025-11-21 02:20:07,100.0
2025-11-21 02:22:37,100.0
2025-11-21 02:25:07,100.0
2025-11-21 02:27:37,100.0
2025-11-21 02:30:07,100.0
2025-11-21 02:32:37,100.0
2025-11-21 02:35:07,100.0
2025-11-21 02:37:37,100.0
2025-11-21 02:40:07,100.0
2025-11-21 02:42:37,100.0
2025-11-21 02:45:07,100.0
2025-11-21 02:47:37,100.0
2025-11-21 02:50:07,100.0
2025-11-21 02:52:37,100.0
2025-11-21 02:55:07,100.0
2025-11-21 02:57:37,100.0
2025-11-21 03:00:07,100.0
2025-11-21 03:02:37,100.0
2025-11-21 03:05:07,100.0
2025-11-21 03:07:37,100.0
2025-11-21 03:10:07,100.0
2025-11-21 03:12:37,100.0
2025-11-21 03:15:07,100.0
2025-11-21 03:17:37,100.0
2025-11-21 03:20:07,100.0
2025-11-21 03:22:37,100.0
2025-11-21 03:25:07,100.0
2025-11-21 03:27:37,100.0
2025-11-21 03:30:07,100.0
2025-11-21 03:32:37,100.0
2025-11-21 03:35:07,100.0
2025-11-21 03:37:37,100.0
2025-11-21 03:40:07,100.0
2025-11-21 03:42:37,100.0
2025-11-21 03:45:07,100.0
2025-11-21 03:47:37,100.0
2025-11-21 03:50:07,100.0
2025-11-21 03:52:37,100.0
2025-11-21 03:55:07,100.0
2025-11-21 03:57:37,100.0
2025-11-21 04:00:07,100.0
2025-11-21 04:02:37,100.0
2025-11-21 04:05:07,100.0
2025-11-21 04:07:37,100.0
2025-11-21 04:10:07,100.0
2025-11-21 04:12:37,100.0
2025-11-21 04:15:07,100.0
2025-11-21 04:17:37,100.0
2025-11-21 04:20:07,100.0
2025-11-21 04:22:37,100.0
2025-11-21 04:25:07,100.0
2025-11-21 04:27:37,100.0
2025-11-21 04:30:07,100.0
2025-11-21 04:32:37,100.0
2025-11-21 04:35:07,100.0
2025-11-21 04:37:37,100.0
2025-11-21 04:40:07,100.0
2025-11-21 04:42:37,100.0
2025-11-21 04:45:07,100.0
2025-11-21 04:47:37,100.0
2025-11-21 04:50:07,100.0
2025-11-21 04:52:37,100.0
2025-11-21 04:55:07,100.0
2025-11-21 04:57:37,100.0
2025-11-21 05:00:07,100.0
2025-11-21 05:02:37,100.0
2025-11-21 05:05:07,100.0
2025-11-21 05:07:37,100.0
2025-11-21 05:10:07,100.0
2025-11-21 05:12:37,100.0
2025-11-21 05:15:07,100.0
2025-11-21 05:17:37,100.0
2025-11-21 05:20:07,100.0
2025-11-21 05:22:37,100.0
2025-11-21 05:25:07,100.0
2025-11-21 05:27:37,100.0
2025-11-21 05:30:07,100.0
2025-11-21 05:32:37,100.0
2025-11-21 05:35:07,100.0
2025-11-21 05:37:37,100.0
2025-11-21 05:40:07,100.0
2025-11-21 05:42:37,100.0
2025-11-21 05:45:07,100.0
2025-11-21 05:47:37,100.0
2025-11-21 05:50:07,100.0
2025-11-21 05:52:37,100.0
2025-11-21 05:55:07,100.0
2025-11-21 05:57:37,100.0
2025-11-21 06:00:07,100.0
2025-11-21 06:02:37,100.0
2025-11-21 06:05:07,100.0
2025-11-21 06:07:37,100.0
2025-11-21 06:10:07,100.0
2025-11-21 06:12:37,100.0
2025-11-21 06:15:07,100.0
2025-11-21 06:17:37,100.0
2025-11-21 06:20:07,100.0
2025-11-21 06:22:37,100.0
2025-11-21 06:25:07,100.0
2025-11-21 06:27:37,100.0
2025-11-21 06:30:07,100.0
2025-11-21 06:32:37,100.0
2025-11-21 06:35:07,100.0
2025-11-21 06:37:37,100.0
2025-11-21 06:40:07,100.0
2025-11-21 06:42:37,100.0
2025-11-21 06:45:07,100.0
2025-11-21 06:47:37,100.0
2025-11-21 06:50:07,100.0
2025-11-21 06:52:37,100.0
2025-11-21 06:55:07,100.0
2025-11-21 06:57:37,100.0
2025-11-21 07:00:07,100.0
2025-11-21 07:02:37,100.0
2025-11-21 07:05:07,100.0
2025-11-21 07:07:37,100.0
2025-11-21 07:10:07,100.0
2025-11-21 07:12:37,100.0
2025-11-21 07:15:07,100.0
2025-11-21 07:17:37,100.0
2025-11-21 07:20:07,100.0
2025-11-21 07:22:37,100.0
2025-11-21 07:25:07,100.0
2025-11-21 07:27:37,100.0
2025-11-21 07:30:07,100.0
2025-11-21 07:32:37,100.0
2025-11-21 07:35:07,100.0
2025-11-21 07:37:37,100.0
2025-11-21 07:40:07,100.0
2025-11-21 07:42:37,100.0
2025-11-21 07:45:07,100.0
2025-11-21 07:47:37,100.0
2025-11-21 07:50:07,100.0
2025-11-21 07:52:37,100.0
2025-11-21 07:55:07,100.0
2025-11-21 07:57:37,100.0
2025-11-21 08:00:07,100.0
2025-11-21 08:02:37,100.0
2025-11-21 08:05:07,100.0
2025-11-21 08:07:37,100.0
2025-11-21 08:10:07,100.0
2025-11-21 08:12:37,100.0
2025-11-21 08:15:07,100.0
2025-11-21 08:17:37,100.0
2025-11-21 08:20:07,100.0
2025-11-21 08:22:37,100.0
2025-11-21 08:25:07,100.0
2025-11-21 08:27:37,100.0
2025-11-21 08:30:07,100.0
2025-11-21 08:32:37,100.0
2025-11-21 08:35:07,100.0
2025-11-21 08:37:37,100.0
2025-11-21 08:40:07,100.0
2025-11-21 08:42:37,100.0
2025-11-21 08:45:07,100.0
2025-11-21 08:47:37,100.0
2025-11-21 08:50:07,100.0
2025-11-21 08:52:37,100.0
2025-11-21 08:55:07,100.0
2025-11-21 08:57:37,100.0
2025-11-21 09:00:07,100.0
2025-11-21 09:02:37,100.0
2025-11-21 09:05:07,100.0
2025-11-21 09:07:37,100.0
2025-11-21 09:10:07,100.0
2025-11-21 09:12:37,100.0
2025-11-21 09:15:07,100.0
2025-11-21 09:17:37,100.0
2025-11-21 09:20:07,100.0
2025-11-21 09:22:37,100.0
2025-11-21 09:25:07,100.0
2025-11-21 09:27:37,100.0
2025-11-21 09:30:07,100.0
2025-11-21 09:32:37,100.0
2025-11-21 09:35:07,100.0
2025-11-21 09:37:37,100.0
2025-11-21 09:40:07,100.0
2025-11-21 09:42:37,100.0
2025-11-21 09:45:07,100.0
2025-11-21 09:47:37,100.0
2025-11-21 09:50:07,100.0
2025-11-21 09:52:37,100.0
2025-11-21 09:55:07,100.0
2025-11-21 09:57:37,100.0
2025-11-21 10:00:07,100.0
2025-11-21 10:02:37,100.0
2025-11-21 10:05:07,100.0
2025-11-21 10:07:37,100.0
2025-11-21 10:10:07,100.0
2025-11-21 10:12:37,100.0
2025-11-21 10:15:07,100.0
2025-11-21 10:17:37,100.0
2025-11-21 10:20:07,100.0
2025-11-21 10:22:37,100.0
2025-11-21 10:25:07,100.0
2025-11-21 10:27:37,100.0
2025-11-21 10:30:07,100.0
2025-11-21 10:32:37,100.0
2025-11-21 10:35:07,100.0
2025-11-21 10:37:37,100.0
2025-11-21 10:40:07,100.0
2025-11-21 10:42:37,100.0
2025-11-21 10:45:07,100.0
2025-11-21 10:47:37,100.0
2025-11-21 10:50:07,100.0
2025-11-21 10:52:37,100.0
2025-11-21 10:55:07,100.0
2025-11-21 10:57:37,100.0
2025-11-21 11:00:07,100.0
2025-11-21 11:02:37,100.0
2025-11-21 11:05:07,100.0
2025-11-21 11:07:37,100.0
2025-11-21 11:10:07,100.0
2025-11-21 11:12:37,100.0
2025-11-21 11:15:07,100.0
2025-11-21 11:17:37,100.0
2025-11-21 11:20:07,100.0
2025-11-21 11:22:37,100.0
2025-11-21 11:25:07,100.0
2025-11-21 11:27:37,100.0
2025-11-21 11:30:07,100.0
2025-11-21 11:32:37,100.0
2025-11-21 11:35:07,100.0
2025-11-21 11:37:37,100.0
2025-11-21 11:40:07,100.0
2025-11-21 11:42:37,100.0
2025-11-21 11:45:07,100.0
2025-11-21 11:47:37,100.0
2025-11-21 11:50:07,100.0
2025-11-21 11:52:37,100.0
2025-11-21 11:55:07,100.0
2025-11-21 11:57:37,100.0
2025-11-21 12:00:07,100.0
2025-11-21 12:02:37,100.0
2025-11-21 12:05:07,100.0
2025-11-21 12:07:37,100.0
2025-11-21 12:10:07,100.0
2025-11-21 12:12:37,100.0
2025-11-21 12:15:07,100.0
2025-11-21 12:17:37,100.0
2025-11-21 12:20:07,100.0
2025-11-21 12:22:37,100.0
2025-11-21 12:25:07,100.0
2025-11-21 12:27:37,100.0
2025-11-21 12:30:07,100.0
2025-11-21 12:32:37,100.0
2025-11-21 12:35:07,100.0
2025-11-21 12:37:37,99.9820143884892
2025-11-21 12:40:07,99.96402877697842
2025-11-21 12:42:37,99.94604316546763
2025-11-21 12:45:07,99.92805755395683
2025-11-21 12:47:37,99.91007194244604
2025-11-21 12:50:07,99.89208633093526
2025-11-21 12:52:37,99.87410071942446
2025-11-21 12:55:07,99.85611510791367
2025-11-21 12:57:37,99.83812949640287
2025-11-21 13:00:07,99.82014388489209
2025-11-21 13:02:37,99.8021582733813
2025-11-21 13:05:07,99.7841726618705
2025-11-21 13:07:37,99.76618705035972
2025-11-21 13:10:07,99.74820143884892
2025-11-21 13:12:37,99.73021582733813
2025-11-21 13:15:07,99.71223021582733
2025-11-21 13:17:37,99.69424460431655
2025-11-21 13:20:07,99.67625899280576
2025-11-21 13:22:37,99.65827338129496
2025-11-21 13:25:07,99.64028776978417
2025-11-21 13:27:37,99.62230215827338
2025-11-21 13:30:07,99.60431654676259
2025-11-21 13:32:37,99.5863309352518
2025-11-21 13:35:07,99.56834532374101
2025-11-21 13:37:37,99.55035971223022
2025-11-21 13:40:07,99.53237410071942
2025-11-21 13:42:37,99.51438848920863
2025-11-21 13:45:07,99.49640287769785
2025-11-21 13:47:37,99.47841726618705
2025-11-21 13:50:07,99.46043165467626
2025-11-21 13:52:37,99.44244604316546
2025-11-21 13:55:07,99.42446043165468
2025-11-21 13:57:37,99.40647482014388
2025-11-21 14:00:07,99.38848920863309
2025-11-21 14:02:37,99.37050359712231
2025-11-21 14:05:07,99.35251798561151
2025-11-21 14:07:37,99.33453237410072
2025-11-21 14:10:07,99.31654676258992
2025-11-21 14:12:37,99.29856115107914
2025-11-21 14:15:07,99.28057553956835
2025-11-21 14:17:37,99.26258992805755
2025-11-21 14:20:07,99.24460431654676
2025-11-21 14:22:37,99.22661870503597
2025-11-21 14:25:07,99.20863309352518
2025-11-21 14:27:37,99.19064748201438
2025-11-21 14:30:07,99.1726618705036
2025-11-21 14:32:37,99.15467625899281
2025-11-21 14:35:07,99.13669064748201
2025-11-21 14:37:37,99.11870503597122
2025-11-21 14:40:07,99.10071942446044
2025-11-21 14:42:37,99.08273381294964
2025-11-21 14:45:07,99.06474820143885
2025-11-21 14:47:37,99.04676258992805
2025-11-21 14:50:07,99.02877697841727
2025-11-21 14:52:37,99.01079136690647
2025-11-21 14:55:07,98.99280575539568
2025-11-21 14:57:37,98.9748201438849
2025-11-21 15:00:07,98.9568345323741
2025-11-21 15:02:37,98.93884892086331
2025-11-21 15:05:07,98.92086330935251
2025-11-21 15:07:37,98.90287769784173
2025-11-21 15:10:07,98.88489208633094
2025-11-21 15:12:37,98.86690647482014
2025-11-21 15:15:07,98.84892086330935
2025-11-21 15:17:37,98.83093525179856
2025-11-21 15:20:07,98.81294964028777
2025-11-21 15:22:37,98.79496402877697
2025-11-21 15:25:07,98.77697841726619
2025-11-21 15:27:37,98.7589928057554
2025-11-21 15:30:07,98.7410071942446
2025-11-21 15:32:37,98.72302158273381
2025-11-21 15:35:07,98.70503597122303
2025-11-21 15:37:37,98.68705035971223
2025-11-21 15:40:07,98.66906474820144
2025-11-21 15:42:37,98.65107913669064
2025-11-21 15:45:07,98.63309352517986
2025-11-21 15:47:37,98.61510791366906
2025-11-21 15:50:07,98.59712230215827
2025-11-21 15:52:37,98.57913669064749
2025-11-21 15:55:07,98.56115107913669
2025-11-21 15:57:37,98.5431654676259
2025-11-21 16:00:07,98.5251798561151
2025-11-21 16:02:37,98.50719424460432
2025-11-21 16:05:07,98.48920863309353
2025-11-21 16:07:37,98.47122302158273
2025-11-21 16:10:07,98.45323741007194
2025-11-21 16:12:37,98.43525179856115
2025-11-21 16:15:07,98.41726618705036
2025-11-21 16:17:37,98.39928057553956
2025-11-21 16:20:07,98.38129496402878
2025-11-21 16:22:37,98.36330935251799
2025-11-21 16:25:07,98.34532374100719
2025-11-21 16:27:37,98.3273381294964
2025-11-21 16:30:07,98.30935251798562
2025-11-21 16:32:37,98.29136690647482
2025-11-21 16:35:07,98.27338129496403
2025-11-21 16:37:37,98.25539568345324
2025-11-21 16:40:07,98.23741007194245
2025-11-21 16:42:37,98.21942446043165
2025-11-21 16:45:07,98.20143884892086
2025-11-21 16:47:37,98.18345323741008
2025-11-21 16:50:07,98.16546762589928
2025-11-21 16:52:37,98.14748201438849
2025-11-21 16:55:07,98.12949640287769
2025-11-21 16:57:37,98.11151079136691
2025-11-21 17:00:07,98.09352517985612
2025-11-21 17:02:37,98.07553956834532
2025-11-21 17:05:07,98.05755395683454
2025-11-21 17:07:37,98.03956834532374
2025-11-21 17:10:07,98.02158273381295
2025-11-21 17:12:37,98.00359712230215
2025-11-21 17:15:07,97.98561151079137
2025-11-21 17:17:37,97.96762589928058
2025-11-21 17:20:07,97.94964028776978
2025-11-21 17:22:37,97.93165467625899
2025-11-21 17:25:07,97.9136690647482
2025-11-21 17:27:37,97.89568345323741
2025-11-21 17:30:07,97.87769784172662
2025-11-21 17:32:37,97.85971223021583
2025-11-21 17:35:07,97.84172661870504
2025-11-21 17:37:37,97.82374100719424
2025-11-21 17:40:07,97.80575539568345
2025-11-21 17:42:37,97.78776978417267
2025-11-21 17:45:07,97.76978417266187
2025-11-21 17:47:37,97.75179856115108
2025-11-21 17:50:07,97.73381294964028
2025-11-21 17:52:37,97.7158273381295
2025-11-21 17:55:07,97.6978417266187
2025-11-21 17:57:37,97.67985611510791
2025-11-21 18:00:07,97.66187050359713
2025-11-21 18:02:37,97.64388489208633
2025-11-21 18:05:07,97.62589928057554
2025-11-21 18:07:37,97.60791366906474
2025-11-21 18:10:07,97.58992805755396
2025-11-21 18:12:37,97.57194244604317
2025-11-21 18:15:07,97.55395683453237
2025-11-21 18:17:37,97.53597122302158
2025-11-21 18:20:07,97.5179856115108
2025-11-21 18:22:37,97.5
2025-11-21 18:25:07,97.4820143884892
2025-11-21 18:27:37,97.46402877697842
2025-11-21 18:30:07,97.44604316546763
2025-11-21 18:32:37,97.42805755395683
2025-11-21 18:35:07,97.41007194244604
2025-11-21 18:37:37,97.39208633093526
2025-11-21 18:40:07,97.37410071942446
2025-11-21 18:42:37,97.35611510791367
2025-11-21 18:45:07,97.33812949640287
2025-11-21 18:47:37,97.32014388489209
2025-11-21 18:50:07,97.3021582733813
2025-11-21 18:52:37,97.2841726618705
2025-11-21 18:55:07,97.26618705035972
2025-11-21 18:57:37,97.24820143884892
2025-11-21 19:00:07,97.23021582733813
2025-11-21 19:02:37,97.21223021582733
2025-11-21 19:05:07,97.19424460431655
2025-11-21 19:07:37,97.17625899280576
2025-11-21 19:10:07,97.15827338129496
2025-11-21 19:12:37,97.14028776978417
2025-11-21 19:15:07,97.12230215827338
2025-11-21 19:17:37,97.10431654676259
2025-11-21 19:20:07,97.0863309352518
2025-11-21 19:22:37,97.06834532374101
2025-11-21 19:25:07,97.05035971223022
2025-11-21 19:27:37,97.03237410071942
2025-11-21 19:30:07,97.01438848920863
2025-11-21 19:32:37,96.99640287769785
2025-11-21 19:35:07,96.97841726618705
2025-11-21 19:37:37,96.96043165467626
2025-11-21 19:40:07,96.94244604316546
2025-11-21 19:42:37,96.92446043165468
2025-11-21 19:45:07,96.90647482014388
2025-11-21 19:47:37,96.88848920863309
2025-11-21 19:50:07,96.87050359712231
2025-11-21 19:52:37,96.85251798561151
2025-11-21 19:55:07,96.83453237410072
2025-11-21 19:57:37,96.81654676258992
2025-11-21 20:00:07,96.79856115107914
2025-11-21 20:02:37,96.78057553956835
2025-11-21 20:05:07,96.76258992805755
2025-11-21 20:07:37,96.74460431654676
2025-11-21 20:10:07,96.72661870503597
2025-11-21 20:12:37,96.70863309352518
2025-11-21 20:15:07,96.69064748201438
2025-11-21 20:17:37,96.6726618705036
2025-11-21 20:20:07,96.65467625899281
2025-11-21 20:22:37,96.63669064748201
2025-11-21 20:25:07,96.61870503597122
2025-11-21 20:27:37,96.60071942446044
2025-11-21 20:30:07,96.58273381294964
2025-11-21 20:32:37,96.56474820143885
2025-11-21 20:35:07,96.54676258992805
2025-11-21 20:37:37,96.52877697841727
2025-11-21 20:40:07,96.51079136690647
2025-11-21 20:42:37,96.49280575539568
2025-11-21 20:45:07,96.4748201438849
2025-11-21 20:47:37,96.4568345323741
2025-11-21 20:50:07,96.43884892086331
2025-11-21 20:52:37,96.42086330935251
2025-11-21 20:55:07,96.40287769784173
2025-11-21 20:57:37,96.38489208633094
2025-11-21 21:00:07,96.36690647482014
2025-11-21 21:02:37,96.34892086330935
2025-11-21 21:05:07,96.33093525179856
2025-11-21 21:07:37,96.31294964028777
2025-11-21 21:10:07,96.29496402877697
2025-11-21 21:12:37,96.27697841726619
2025-11-21 21:15:07,96.2589928057554
2025-11-21 21:17:37,96.2410071942446
2025-11-21 21:20:07,96.22302158273381
2025-11-21 21:22:37,96.20503597122303
2025-11-21 21:25:07,96.18705035971223
2025-11-21 21:27:37,96.16906474820144
2025-11-21 21:30:07,96.15107913669064
2025-11-21 21:32:37,96.13309352517986
2025-11-21 21:35:07,96.11510791366906
2025-11-21 21:37:37,96.09712230215827
2025-11-21 21:40:07,96.07913669064749
2025-11-21 21:42:37,96.06115107913669
2025-11-21 21:45:07,96.0431654676259
2025-11-21 21:47:37,96.0251798561151
2025-11-21 21:50:07,96.00719424460432
2025-11-21 21:52:37,95.98920863309353
2025-11-21 21:55:07,95.97122302158273
2025-11-21 21:57:37,95.95323741007194
2025-11-21 22:00:07,95.93525179856115
2025-11-21 22:02:37,95.91726618705036
2025-11-21 22:05:07,95.89928057553956
2025-11-21 22:07:37,95.88129496402878
2025-11-21 22:10:07,95.86330935251799
2025-11-21 22:12:37,95.84532374100719
2025-11-21 22:15:07,95.8273381294964
2025-11-21 22:17:37,95.80935251798562
2025-11-21 22:20:07,95.79136690647482
2025-11-21 22:22:37,95.77338129496403
2025-11-21 22:25:07,95.75539568345323
2025-11-21 22:27:37,95.73741007194245
2025-11-21 22:30:07,95.71942446043165
2025-11-21 22:32:37,95.70143884892086
2025-11-21 22:35:07,95.68345323741008
2025-11-21 22:37:37,95.66546762589928
2025-11-21 22:40:07,95.64748201438849
2025-11-21 22:42:37,95.62949640287769
2025-11-21 22:45:07,95.61151079136691
2025-11-21 22:47:37,95.59352517985612
2025-11-21 22:50:07,95.57553956834532
2025-11-21 22:52:37,95.55755395683452
2025-11-21 22:55:07,95.53956834532374
2025-11-21 22:57:37,95.52158273381295
2025-11-21 23:00:07,95.50359712230215
2025-11-21 23:02:37,95.48561151079137
2025-11-21 23:05:07,95.46762589928058
2025-11-21 23:07:37,95.44964028776978
2025-11-21 23:10:07,95.43165467625899
2025-11-21 23:12:37,95.4136690647482
2025-11-21 23:15:07,95.39568345323741
2025-11-21 23:17:37,95.37769784172662
2025-11-21 23:20:07,95.35971223021582
2025-11-21 23:22:37,95.34172661870504
2025-11-21 23:25:07,95.32374100719424
2025-11-21 23:27:37,95.30575539568345
2025-11-21 23:30:07,95.28776978417267
2025-11-21 23:32:37,95.26978417266187
2025-11-21 23:35:07,95.25179856115108
2025-11-21 23:37:37,95.23381294964028
2025-11-21 23:40:07,95.2158273381295
2025-11-21 23:42:37,95.1978417266187
2025-11-21 23:45:07,95.17985611510791
2025-11-21 23:47:37,95.16187050359713
2025-11-21 23:50:07,95.14388489208633
2025-11-21 23:52:37,95.12589928057554
2025-11-21 23:55:07,95.10791366906474
2025-11-21 23:57:37,95.08992805755396
2025-11-22 00:00:07,95.07194244604317
2025-11-22 00:02:37,95.05395683453237
2025-11-22 00:05:07,95.03597122302158
2025-11-22 00:07:37,95.0179856115108
2025-11-22 00:10:07,95.0
2025-11-22 00:12:37,95.0187265917603
2025-11-22 00:15:07,95.0374531835206
2025-11-22 00:17:37,95.0561797752809
2025-11-22 00:20:07,95.0749063670412
2025-11-22 00:22:37,95.09363295880149
2025-11-22 00:25:07,95.11235955056179
2025-11-22 00:27:37,95.1310861423221
2025-11-22 00:30:07,95.1498127340824
2025-11-22 00:32:37,95.1685393258427
2025-11-22 00:35:07,95.187265917603
2025-11-22 00:37:37,95.2059925093633
2025-11-22 00:40:07,95.2247191011236
2025-11-22 00:42:37,95.2434456928839
2025-11-22 00:45:07,95.2621722846442
2025-11-22 00:47:37,95.28089887640449
2025-11-22 00:50:07,95.29962546816479
2025-11-22 00:52:37,95.31835205992509
2025-11-22 00:55:07,95.33707865168539
2025-11-22 00:57:37,95.35580524344569
2025-11-22 01:00:07,95.37453183520599
2025-11-22 01:02:37,95.3932584269663
2025-11-22 01:05:07,95.4119850187266
2025-11-22 01:07:37,95.4307116104869
2025-11-22 01:10:07,95.4494382022472
2025-11-22 01:12:37,95.46816479400749
2025-11-22 01:15:07,95.48689138576779
2025-11-22 01:17:37,95.50561797752809
2025-11-22 01:20:07,95.52434456928839
2025-11-22 01:22:37,95.54307116104869
2025-11-22 01:25:07,95.56179775280899
2025-11-22 01:27:37,95.58052434456928
2025-11-22 01:30:07,95.59925093632958
2025-11-22 01:32:37,95.61797752808988
2025-11-22 01:35:07,95.6367041198502
2025-11-22 01:37:37,95.65543071161049
2025-11-22 01:40:07,95.67415730337079
2025-11-22 01:42:37,95.69288389513109
2025-11-22 01:45:07,95.71161048689139
2025-11-22 01:47:37,95.73033707865169
2025-11-22 01:50:07,95.74906367041199
2025-11-22 01:52:37,95.76779026217228
2025-11-22 01:55:07,95.78651685393258
2025-11-22 01:57:37,95.80524344569288
2025-11-22 02:00:07,95.82397003745318
2025-11-22 02:02:37,95.84269662921348
2025-11-22 02:05:07,95.86142322097378
2025-11-22 02:07:37,95.88014981273409
2025-11-22 02:10:07,95.89887640449439
2025-11-22 02:12:37,95.91760299625469
2025-11-22 02:15:07,95.93632958801498
2025-11-22 02:17:37,95.95505617977528
2025-11-22 02:20:07,95.97378277153558
2025-11-22 02:22:37,95.99250936329588
2025-11-22 02:25:07,96.01123595505618
2025-11-22 02:27:37,96.02996254681648
2025-11-22 02:30:07,96.04868913857678
2025-11-22 02:32:37,96.06741573033707
2025-11-22 02:35:07,96.08614232209737
2025-11-22 02:37:37,96.10486891385767
2025-11-22 02:40:07,96.12359550561797
2025-11-22 02:42:37,96.14232209737828
2025-11-22 02:45:07,96.16104868913858
2025-11-22 02:47:37,96.17977528089888
2025-11-22 02:50:07,96.19850187265918
2025-11-22 02:52:37,96.21722846441948
2025-11-22 02:55:07,96.23595505617978
2025-11-22 02:57:37,96.25468164794007
2025-11-22 03:00:07,96.27340823970037
2025-11-22 03:02:37,96.29213483146067
2025-11-22 03:05:07,96.31086142322097
2025-11-22 03:07:37,96.32958801498127
2025-11-22 03:10:07,96.34831460674157
2025-11-22 03:12:37,96.36704119850187
2025-11-22 03:15:07,96.38576779026218
2025-11-22 03:17:37,96.40449438202248
2025-11-22 03:20:07,96.42322097378278
2025-11-22 03:22:37,96.44194756554307
2025-11-22 03:25:07,96.46067415730337
2025-11-22 03:27:37,96.47940074906367
2025-11-22 03:30:07,96.49812734082397
2025-11-22 03:32:37,96.51685393258427
2025-11-22 03:35:07,96.53558052434457
2025-11-22 03:37:37,96.55430711610487
2025-11-22 03:40:07,96.57303370786516
2025-11-22 03:42:37,96.59176029962546
2025-11-22 03:45:07,96.61048689138576
2025-11-22 03:47:37,96.62921348314607
2025-11-22 03:50:07,96.64794007490637
2025-11-22 03:52:37,96.66666666666667
2025-11-22 03:55:07,96.68539325842697
2025-11-22 03:57:37,96.70411985018727
2025-11-22 04:00:07,96.72284644194757
2025-11-22 04:02:37,96.74157303370787
2025-11-22 04:05:07,96.76029962546816
2025-11-22 04:07:37,96.77902621722846
2025-11-22 04:10:07,96.79775280898876
2025-11-22 04:12:37,96.81647940074906
2025-11-22 04:15:07,96.83520599250936
2025-11-22 04:17:37,96.85393258426966
2025-11-22 04:20:07,96.87265917602996
2025-11-22 04:22:37,96.89138576779027
2025-11-22 04:25:07,96.91011235955057
2025-11-22 04:27:37,96.92883895131087
2025-11-22 04:30:07,96.94756554307116
2025-11-22 04:32:37,96.96629213483146
2025-11-22 04:35:07,96.98501872659176
2025-11-22 04:37:37,97.00374531835206
2025-11-22 04:40:07,97.02247191011236
2025-11-22 04:42:37,97.04119850187266
2025-11-22 04:45:07,97.05992509363296
2025-11-22 04:47:37,97.07865168539325
2025-11-22 04:50:07,97.09737827715355
2025-11-22 04:52:37,97.11610486891385
2025-11-22 04:55:07,97.13483146067416
2025-11-22 04:57:37,97.15355805243446
2025-11-22 05:00:07,97.17228464419476
2025-11-22 05:02:37,97.19101123595506
2025-11-22 05:05:07,97.20973782771536
2025-11-22 05:07:37,97.22846441947566
2025-11-22 05:10:07,97.24719101123596
2025-11-22 05:12:37,97.26591760299625
2025-11-22 05:15:07,97.28464419475655
2025-11-22 05:17:37,97.30337078651685
2025-11-22 05:20:07,97.32209737827715
2025-11-22 05:22:37,97.34082397003745
2025-11-22 05:25:07,97.35955056179775
2025-11-22 05:27:37,97.37827715355806
2025-11-22 05:30:07,97.39700374531836
2025-11-22 05:32:37,97.41573033707866
2025-11-22 05:35:07,97.43445692883896
2025-11-22 05:37:37,97.45318352059925
2025-11-22 05:40:07,97.47191011235955
2025-11-22 05:42:37,97.49063670411985
2025-11-22 05:45:07,97.50936329588015
2025-11-22 05:47:37,97.52808988764045
2025-11-22 05:50:07,97.54681647940075
2025-11-22 05:52:37,97.56554307116104
2025-11-22 05:55:07,97.58426966292134
2025-11-22 05:57:37,97.60299625468164
2025-11-22 06:00:07,97.62172284644194
2025-11-22 06:02:37,97.64044943820225
2025-11-22 06:05:07,97.65917602996255
2025-11-22 06:07:37,97.67790262172285
2025-11-22 06:10:07,97.69662921348315
2025-11-22 06:12:37,97.71535580524345
2025-11-22 06:15:07,97.73408239700375
2025-11-22 06:17:37,97.75280898876404
2025-11-22 06:20:07,97.77153558052434
2025-11-22 06:22:37,97.79026217228464
2025-11-22 06:25:07,97.80898876404494
2025-11-22 06:27:37,97.82771535580524
2025-11-22 06:30:07,97.84644194756554
2025-11-22 06:32:37,97.86516853932584
2025-11-22 06:35:07,97.88389513108615
2025-11-22 06:37:37,97.90262172284645
2025-11-22 06:40:07,97.92134831460675
2025-11-22 06:42:37,97.94007490636704
2025-11-22 06:45:07,97.95880149812734
2025-11-22 06:47:37,97.97752808988764
2025-11-22 06:50:07,97.99625468164794
2025-11-22 06:52:37,98.01498127340824
2025-11-22 06:55:07,98.03370786516854
2025-11-22 06:57:37,98.05243445692884
2025-11-22 07:00:07,98.07116104868913
2025-11-22 07:02:37,98.08988764044943
2025-11-22 07:05:07,98.10861423220973
2025-11-22 07:07:37,98.12734082397003
2025-11-22 07:10:07,98.14606741573034
2025-11-22 07:12:37,98.16479400749064
2025-11-22 07:15:07,98.18352059925094
2025-11-22 07:17:37,98.20224719101124
2025-11-22 07:20:07,98.22097378277154
2025-11-22 07:22:37,98.23970037453184
2025-11-22 07:25:07,98.25842696629213
2025-11-22 07:27:37,98.27715355805243
2025-11-22 07:30:07,98.29588014981273
2025-11-22 07:32:37,98.31460674157303
2025-11-22 07:35:07,98.33333333333333
2025-11-22 07:37:37,98.35205992509363
2025-11-22 07:40:07,98.37078651685393
2025-11-22 07:42:37,98.38951310861424
2025-11-22 07:45:07,98.40823970037454
2025-11-22 07:47:37,98.42696629213484
2025-11-22 07:50:07,98.44569288389513
2025-11-22 07:52:37,98.46441947565543
2025-11-22 07:55:07,98.48314606741573
2025-11-22 07:57:37,98.50187265917603
2025-11-22 08:00:07,98.52059925093633
2025-11-22 08:02:37,98.53932584269663
2025-11-22 08:05:07,98.55805243445693
2025-11-22 08:07:37,98.57677902621722
2025-11-22 08:10:07,98.59550561797752
2025-11-22 08:12:37,98.61423220973782
2025-11-22 08:15:07,98.63295880149813
2025-11-22 08:17:37,98.65168539325843
2025-11-22 08:20:07,98.67041198501873
2025-11-22 08:22:37,98.68913857677903
2025-11-22 08:25:07,98.70786516853933
2025-11-22 08:27:37,98.72659176029963
2025-11-22 08:30:07,98.74531835205993
2025-11-22 08:32:37,98.76404494382022
2025-11-22 08:35:07,98.78277153558052
2025-11-22 08:37:37,98.80149812734082
2025-11-22 08:40:07,98.82022471910112
2025-11-22 08:42:37,98.83895131086142
2025-11-22 08:45:07,98.85767790262172
2025-11-22 08:47:37,98.87640449438202
2025-11-22 08:50:07,98.89513108614233
2025-11-22 08:52:37,98.91385767790263
2025-11-22 08:55:07,98.93258426966293
2025-11-22 08:57:37,98.95131086142322
2025-11-22 09:00:07,98.97003745318352
2025-11-22 09:02:37,98.98876404494382
2025-11-22 09:05:07,99.00749063670412
2025-11-22 09:07:37,99.02621722846442
2025-11-22 09:10:07,99.04494382022472
2025-11-22 09:12:37,99.06367041198502
2025-11-22 09:15:07,99.08239700374531
2025-11-22 09:17:37,99.10112359550561
2025-11-22 09:20:07,99.11985018726591
2025-11-22 09:22:37,99.13857677902622
2025-11-22 09:25:07,99.15730337078652
2025-11-22 09:27:37,99.17602996254682
2025-11-22 09:30:07,99.19475655430712
2025-11-22 09:32:37,99.21348314606742
2025-11-22 09:35:07,99.23220973782772
2025-11-22 09:37:37,99.25093632958801
2025-11-22 09:40:07,99.26966292134831
2025-11-22 09:42:37,99.28838951310861
2025-11-22 09:45:07,99.30711610486891
2025-11-22 09:47:37,99.32584269662921
2025-11-22 09:50:07,99.34456928838951
2025-11-22 09:52:37,99.3632958801498
2025-11-22 09:55:07,99.38202247191012
2025-11-22 09:57:37,99.40074906367042
2025-11-22 10:00:07,99.41947565543072
2025-11-22 10:02:37,99.43820224719101
2025-11-22 10:05:07,99.45692883895131
2025-11-22 10:07:37,99.47565543071161
2025-11-22 10:10:07,99.49438202247191
2025-11-22 10:12:37,99.51310861423221
2025-11-22 10:15:07,99.53183520599251
2025-11-22 10:17:37,99.5505617977528
2025-11-22 10:20:07,99.5692883895131
2025-11-22 10:22:37,99.5880149812734
2025-11-22 10:25:07,99.6067415730337
2025-11-22 10:27:37,99.625468164794
2025-11-22 10:30:07,99.64419475655431
2025-11-22 10:32:37,99.66292134831461
2025-11-22 10:35:07,99.68164794007491
2025-11-22 10:37:37,99.70037453183521
2025-11-22 10:40:07,99.71910112359551
2025-11-22 10:42:37,99.7378277153558
2025-11-22 10:45:07,99.7565543071161
2025-11-22 10:47:37,99.7752808988764
2025-11-22 10:50:07,99.7940074906367
2025-11-22 10:52:37,99.812734082397
2025-11-22 10:55:07,99.8314606741573
2025-11-22 10:57:37,99.8501872659176
2025-11-22 11:00:07,99.8689138576779
2025-11-22 11:02:37,99.88764044943821
2025-11-22 11:05:07,99.90636704119851
2025-11-22 11:07:37,99.9250936329588
2025-11-22 11:10:07,99.9438202247191
2025-11-22 11:12:37,99.9625468164794
2025-11-22 11:15:07,99.9812734082397
2025-11-22 11:17:37,100.0
2025-11-22 11:20:07,99.99386503067484
2025-11-22 11:22:37,99.9877300613497
2025-11-22 11:25:07,99.98159509202453
2025-11-22 11:27:37,99.97546012269939
2025-11-22 11:30:07,99.96932515337423
2025-11-22 11:32:37,99.96319018404908
2025-11-22 11:35:07,99.95705521472392
2025-11-22 11:37:37,99.95092024539878
2025-11-22 11:40:07,99.94478527607362
2025-11-22 11:42:37,99.93865030674847
2025-11-22 11:45:07,99.93251533742331
2025-11-22 11:47:37,99.92638036809817
2025-11-22 11:50:07,99.920245398773
2025-11-22 11:52:37,99.91411042944786
2025-11-22 11:55:07,99.9079754601227
2025-11-22 11:57:37,99.90184049079754
2025-11-22 12:00:07,99.8957055214724
2025-11-22 12:02:37,99.88957055214723
2025-11-22 12:05:07,99.88343558282209
2025-11-22 12:07:37,99.87730061349693
2025-11-22 12:10:07,99.87116564417178
2025-11-22 12:12:37,99.86503067484662
2025-11-22 12:15:07,99.85889570552148
2025-11-22 12:17:37,99.85276073619632
2025-11-22 12:20:07,99.84662576687117
2025-11-22 12:22:37,99.84049079754601
2025-11-22 12:25:07,99.83435582822086
2025-11-22 12:27:37,99.8282208588957
2025-11-22 12:30:07,99.82208588957056
2025-11-22 12:32:37,99.8159509202454
2025-11-22 12:35:07,99.80981595092024
2025-11-22 12:37:37,99.8036809815951
2025-11-22 12:40:07,99.79754601226993
2025-11-22 12:42:37,99.79141104294479
2025-11-22 12:45:07,99.78527607361963
2025-11-22 12:47:37,99.77914110429448
2025-11-22 12:50:07,99.77300613496932
2025-11-22 12:52:37,99.76687116564418
2025-11-22 12:55:07,99.76073619631902
2025-11-22 12:57:37,99.75460122699387
2025-11-22 13:00:07,99.74846625766871
2025-11-22 13:02:37,99.74233128834356
2025-11-22 13:05:07,99.7361963190184
2025-11-22 13:07:37,99.73006134969326
2025-11-22 13:10:07,99.7239263803681
2025-11-22 13:12:37,99.71779141104294
2025-11-22 13:15:07,99.71165644171779
2025-11-22 13:17:37,99.70552147239263
2025-11-22 13:20:07,99.69938650306749
2025-11-22 13:22:37,99.69325153374233
2025-11-22 13:25:07,99.68711656441718
2025-11-22 13:27:37,99.68098159509202
2025-11-22 13:30:07,99.67484662576688
2025-11-22 13:32:37,99.66871165644172
2025-11-22 13:35:07,99.66257668711657
2025-11-22 13:37:37,99.65644171779141
2025-11-22 13:40:07,99.65030674846626
2025-11-22 13:42:37,99.6441717791411
2025-11-22 13:45:07,99.63803680981596
2025-11-22 13:47:37,99.6319018404908
2025-11-22 13:50:07,99.62576687116564
2025-11-22 13:52:37,99.61963190184049
2025-11-22 13:55:07,99.61349693251533
2025-11-22 13:57:37,99.60736196319019
2025-11-22 14:00:07,99.60122699386503
2025-11-22 14:02:37,99.59509202453988
2025-11-22 14:05:07,99.58895705521472
2025-11-22 14:07:37,99.58282208588957
2025-11-22 14:10:07,99.57668711656441
2025-11-22 14:12:37,99.57055214723927
2025-11-22 14:15:07,99.56441717791411
2025-11-22 14:17:37,99.55828220858896
2025-11-22 14:20:07,99.5521472392638
2025-11-22 14:22:37,99.54601226993866
2025-11-22 14:25:07,99.5398773006135
2025-11-22 14:27:37,99.53374233128834
2025-11-22 14:30:07,99.52760736196319
2025-11-22 14:32:37,99.52147239263803
2025-11-22 14:35:07,99.51533742331289
2025-11-22 14:37:37,99.50920245398773
2025-11-22 14:40:07,99.50306748466258
2025-11-22 14:42:37,99.49693251533742
2025-11-22 14:45:07,99.49079754601227
2025-11-22 14:47:37,99.48466257668711
2025-11-22 14:50:07,99.47852760736197
2025-11-22 14:52:37,99.47239263803681
2025-11-22 14:55:07,99.46625766871166
2025-11-22 14:57:37,99.4601226993865
2025-11-22 15:00:07,99.45398773006134
2025-11-22 15:02:37,99.4478527607362
2025-11-22 15:05:07,99.44171779141104
2025-11-22 15:07:37,99.43558282208589
2025-11-22 15:10:07,99.42944785276073
2025-11-22 15:12:37,99.42331288343559
2025-11-22 15:15:07,99.41717791411043
2025-11-22 15:17:37,99.41104294478528
2025-11-22 15:20:07,99.40490797546012
2025-11-22 15:22:37,99.39877300613497
2025-11-22 15:25:07,99.39263803680981
2025-11-22 15:27:37,99.38650306748467
2025-11-22 15:30:07,99.38036809815951
2025-11-22 15:32:37,99.37423312883436
2025-11-22 15:35:07,99.3680981595092
2025-11-22 15:37:37,99.36196319018404
2025-11-22 15:40:07,99.3558282208589
2025-11-22 15:42:37,99.34969325153374
2025-11-22 15:45:07,99.34355828220859
2025-11-22 15:47:37,99.33742331288343
2025-11-22 15:50:07,99.33128834355828
2025-11-22 15:52:37,99.32515337423312
2025-11-22 15:55:07,99.31901840490798
2025-11-22 15:57:37,99.31288343558282
2025-11-22 16:00:07,99.30674846625767
2025-11-22 16:02:37,99.30061349693251
2025-11-22 16:05:07,99.29447852760737
2025-11-22 16:07:37,99.28834355828221
2025-11-22 16:10:07,99.28220858895706
2025-11-22 16:12:37,99.2760736196319
2025-11-22 16:15:07,99.26993865030674
2025-11-22 16:17:37,99.2638036809816
2025-11-22 16:20:07,99.25766871165644
2025-11-22 16:22:37,99.25153374233129
2025-11-22 16:25:07,99.24539877300613
2025-11-22 16:27:37,99.23926380368098
2025-11-22 16:30:07,99.23312883435582
2025-11-22 16:32:37,99.22699386503068
2025-11-22 16:35:07,99.22085889570552
2025-11-22 16:37:37,99.21472392638037
2025-11-22 16:40:07,99.20858895705521
2025-11-22 16:42:37,99.20245398773007
2025-11-22 16:45:07,99.1963190184049
2025-11-22 16:47:37,99.19018404907976
2025-11-22 16:50:07,99.1840490797546
2025-11-22 16:52:37,99.17791411042944
2025-11-22 16:55:07,99.1717791411043
2025-11-22 16:57:37,99.16564417177914
2025-11-22 17:00:07,99.15950920245399
2025-11-22 17:02:37,99.15337423312883
2025-11-22 17:05:07,99.14723926380368
2025-11-22 17:07:37,99.14110429447852
2025-11-22 17:10:07,99.13496932515338
2025-11-22 17:12:37,99.12883435582822
2025-11-22 17:15:07,99.12269938650307
2025-11-22 17:17:37,99.11656441717791
2025-11-22 17:20:07,99.11042944785277
2025-11-22 17:22:37,99.1042944785276
2025-11-22 17:25:07,99.09815950920246
2025-11-22 17:27:37,99.0920245398773
2025-11-22 17:30:07,99.08588957055214
2025-11-22 17:32:37,99.079754601227
2025-11-22 17:35:07,99.07361963190183
2025-11-22 17:37:37,99.06748466257669
2025-11-22 17:40:07,99.06134969325153
2025-11-22 17:42:37,99.05521472392638
2025-11-22 17:45:07,99.04907975460122
2025-11-22 17:47:37,99.04294478527608
2025-11-22 17:50:07,99.03680981595092
2025-11-22 17:52:37,99.03067484662577
2025-11-22 17:55:07,99.02453987730061
2025-11-22 17:57:37,99.01840490797547
2025-11-22 18:00:07,99.0122699386503
2025-11-22 18:02:37,99.00613496932516
2025-11-22 18:05:07,99.0
2025-11-22 18:07:37,98.96666666666667
2025-11-22 18:10:07,98.93333333333334
2025-11-22 18:12:37,98.9
2025-11-22 18:15:07,98.86666666666666
2025-11-22 18:17:37,98.83333333333333
2025-11-22 18:20:07,98.8
2025-11-22 18:22:37,98.76666666666667
2025-11-22 18:25:07,98.73333333333333
2025-11-22 18:27:37,98.7
2025-11-22 18:30:07,98.66666666666667
2025-11-22 18:32:37,98.63333333333334
2025-11-22 18:35:07,98.6
2025-11-22 18:37:37,98.56666666666666
2025-11-22 18:40:07,98.53333333333333
2025-11-22 18:42:37,98.5
2025-11-22 18:45:07,98.46666666666667
2025-11-22 18:47:37,98.43333333333334
2025-11-22 18:50:07,98.4
2025-11-22 18:52:37,98.36666666666666
2025-11-22 18:55:07,98.33333333333333
2025-11-22 18:57:37,98.3
2025-11-22 19:00:07,98.26666666666667
2025-11-22 19:02:37,98.23333333333333
2025-11-22 19:05:07,98.2
2025-11-22 19:07:37,98.16666666666667
2025-11-22 19:10:07,98.13333333333334
2025-11-22 19:12:37,98.1
2025-11-22 19:15:07,98.06666666666666
2025-11-22 19:17:37,98.03333333333333
2025-11-22 19:20:07,98.0
2025-11-22 19:22:37,97.9672131147541
2025-11-22 19:25:07,97.93442622950819
2025-11-22 19:27:37,97.90163934426229
2025-11-22 19:30:07,97.8688524590164
2025-11-22 19:32:37,97.8360655737705
2025-11-22 19:35:07,97.80327868852459
2025-11-22 19:37:37,97.77049180327869
2025-11-22 19:40:07,97.73770491803279
2025-11-22 19:42:37,97.70491803278688
2025-11-22 19:45:07,97.67213114754098
2025-11-22 19:47:37,97.63934426229508
2025-11-22 19:50:07,97.60655737704919
2025-11-22 19:52:37,97.57377049180327
2025-11-22 19:55:07,97.54098360655738
2025-11-22 19:57:37,97.50819672131148
2025-11-22 20:00:07,97.47540983606558
2025-11-22 20:02:37,97.44262295081967
2025-11-22 20:05:07,97.40983606557377
2025-11-22 20:07:37,97.37704918032787
2025-11-22 20:10:07,97.34426229508196
2025-11-22 20:12:37,97.31147540983606
2025-11-22 20:15:07,97.27868852459017
2025-11-22 20:17:37,97.24590163934427
2025-11-22 20:20:07,97.21311475409836
2025-11-22 20:22:37,97.18032786885246
2025-11-22 20:25:07,97.14754098360656
2025-11-22 20:27:37,97.11475409836065
2025-11-22 20:30:07,97.08196721311475
2025-11-22 20:32:37,97.04918032786885
2025-11-22 20:35:07,97.01639344262296
2025-11-22 20:37:37,96.98360655737704
2025-11-22 20:40:07,96.95081967213115
2025-11-22 20:42:37,96.91803278688525
2025-11-22 20:45:07,96.88524590163935
2025-11-22 20:47:37,96.85245901639344
2025-11-22 20:50:07,96.81967213114754
2025-11-22 20:52:37,96.78688524590164
2025-11-22 20:55:07,96.75409836065573
2025-11-22 20:57:37,96.72131147540983
2025-11-22 21:00:07,96.68852459016394
2025-11-22 21:02:37,96.65573770491804
2025-11-22 21:05:07,96.62295081967213
2025-11-22 21:07:37,96.59016393442623
2025-11-22 21:10:07,96.55737704918033
2025-11-22 21:12:37,96.52459016393442
2025-11-22 21:15:07,96.49180327868852
2025-11-22 21:17:37,96.45901639344262
2025-11-22 21:20:07,96.42622950819673
2025-11-22 21:22:37,96.39344262295081
2025-11-22 21:25:07,96.36065573770492
2025-11-22 21:27:37,96.32786885245902
2025-11-22 21:30:07,96.29508196721312
2025-11-22 21:32:37,96.26229508196721
2025-11-22 21:35:07,96.22950819672131
2025-11-22 21:37:37,96.19672131147541
2025-11-22 21:40:07,96.1639344262295
2025-11-22 21:42:37,96.1311475409836
2025-11-22 21:45:07,96.09836065573771
2025-11-22 21:47:37,96.06557377049181
2025-11-22 21:50:07,96.0327868852459
2025-11-22 21:52:37,96.0
2025-11-22 21:55:07,95.9672131147541
2025-11-22 21:57:37,95.93442622950819
2025-11-22 22:00:07,95.90163934426229
2025-11-22 22:02:37,95.8688524590164
2025-11-22 22:05:07,95.8360655737705
2025-11-22 22:07:37,95.80327868852459
2025-11-22 22:10:07,95.77049180327869
2025-11-22 22:12:37,95.73770491803279
2025-11-22 22:15:07,95.70491803278688
2025-11-22 22:17:37,95.67213114754098
2025-11-22 22:20:07,95.63934426229508
2025-11-22 22:22:37,95.60655737704919
2025-11-22 22:25:07,95.57377049180327
2025-11-22 22:27:37,95.54098360655738
2025-11-22 22:30:07,95.50819672131148
2025-11-22 22:32:37,95.47540983606558
2025-11-22 22:35:07,95.44262295081967
2025-11-22 22:37:37,95.40983606557377
2025-11-22 22:40:07,95.37704918032787
2025-11-22 22:42:37,95.34426229508196
2025-11-22 22:45:07,95.31147540983606
2025-11-22 22:47:37,95.27868852459017
2025-11-22 22:50:07,95.24590163934427
2025-11-22 22:52:37,95.21311475409836
2025-11-22 22:55:07,95.18032786885246
2025-11-22 22:57:37,95.14754098360656
2025-11-22 23:00:07,95.11475409836065
2025-11-22 23:02:37,95.08196721311475
2025-11-22 23:05:07,95.04918032786885
2025-11-22 23:07:37,95.01639344262296
2025-11-22 23:10:07,94.98360655737704
2025-11-22 23:12:37,94.95081967213115
2025-11-22 23:15:07,94.91803278688525
2025-11-22 23:17:37,94.88524590163935
2025-11-22 23:20:07,94.85245901639344
2025-11-22 23:22:37,94.81967213114754
2025-11-22 23:25:07,94.78688524590164
2025-11-22 23:27:37,94.75409836065573
2025-11-22 23:30:07,94.72131147540983
2025-11-22 23:32:37,94.68852459016394
2025-11-22 23:35:07,94.65573770491804
2025-11-22 23:37:37,94.62295081967213
2025-11-22 23:40:07,94.59016393442623
2025-11-22 23:42:37,94.55737704918033
2025-11-22 23:45:07,94.52459016393442
2025-11-22 23:47:37,94.49180327868852
2025-11-22 23:50:07,94.45901639344262
2025-11-22 23:52:37,94.42622950819673
2025-11-22 23:55:07,94.39344262295081
2025-11-22 23:57:37,94.36065573770492
2025-11-23 00:00:07,94.32786885245902
2025-11-23 00:02:37,94.29508196721312
2025-11-23 00:05:07,94.26229508196721
2025-11-23 00:07:37,94.22950819672131
2025-11-23 00:10:07,94.19672131147541
2025-11-23 00:12:37,94.1639344262295
2025-11-23 00:15:07,94.1311475409836
2025-11-23 00:17:37,94.09836065573771
2025-11-23 00:20:07,94.06557377049181
2025-11-23 00:22:37,94.0327868852459
2025-11-23 00:25:07,94.0
2025-11-23 00:27:37,93.9672131147541
2025-11-23 00:30:07,93.93442622950819
2025-11-23 00:32:37,93.90163934426229
2025-11-23 00:35:07,93.8688524590164
2025-11-23 00:37:37,93.8360655737705
2025-11-23 00:40:07,93.80327868852459
2025-11-23 00:42:37,93.77049180327869
2025-11-23 00:45:07,93.73770491803279
2025-11-23 00:47:37,93.70491803278688
2025-11-23 00:50:07,93.67213114754098
2025-11-23 00:52:37,93.63934426229508
2025-11-23 00:55:07,93.60655737704919
2025-11-23 00:57:37,93.57377049180327
2025-11-23 01:00:07,93.54098360655738
2025-11-23 01:02:37,93.50819672131148
2025-11-23 01:05:07,93.47540983606558
2025-11-23 01:07:37,93.44262295081967
2025-11-23 01:10:07,93.40983606557377
2025-11-23 01:12:37,93.37704918032787
2025-11-23 01:15:07,93.34426229508196
2025-11-23 01:17:37,93.31147540983606
2025-11-23 01:20:07,93.27868852459017
2025-11-23 01:22:37,93.24590163934427
2025-11-23 01:25:07,93.21311475409836
2025-11-23 01:27:37,93.18032786885246
2025-11-23 01:30:07,93.14754098360656
2025-11-23 01:32:37,93.11475409836065
2025-11-23 01:35:07,93.08196721311475
2025-11-23 01:37:37,93.04918032786885
2025-11-23 01:40:07,93.01639344262296
2025-11-23 01:42:37,92.98360655737704
2025-11-23 01:45:07,92.95081967213115
2025-11-23 01:47:37,92.91803278688525
2025-11-23 01:50:07,92.88524590163935
2025-11-23 01:52:37,92.85245901639344
2025-11-23 01:55:07,92.81967213114754
2025-11-23 01:57:37,92.78688524590164
2025-11-23 02:00:07,92.75409836065573
2025-11-23 02:02:37,92.72131147540983
2025-11-23 02:05:07,92.68852459016394
2025-11-23 02:07:37,92.65573770491804
2025-11-23 02:10:07,92.62295081967213
2025-11-23 02:12:37,92.59016393442623
2025-11-23 02:15:07,92.55737704918033
2025-11-23 02:17:37,92.52459016393442
2025-11-23 02:20:07,92.49180327868852
2025-11-23 02:22:37,92.45901639344262
2025-11-23 02:25:07,92.42622950819673
2025-11-23 02:27:37,92.39344262295081
2025-11-23 02:30:07,92.36065573770492
2025-11-23 02:32:37,92.32786885245902
2025-11-23 02:35:07,92.29508196721311
2025-11-23 02:37:37,92.26229508196721
2025-11-23 02:40:07,92.22950819672131
2025-11-23 02:42:37,92.19672131147541
2025-11-23 02:45:07,92.1639344262295
2025-11-23 02:47:37,92.1311475409836
2025-11-23 02:50:07,92.09836065573771
2025-11-23 02:52:37,92.06557377049181
2025-11-23 02:55:07,92.0327868852459
2025-11-23 02:57:37,92.0
2025-11-23 03:00:07,92.0111111111111
2025-11-23 03:02:37,92.02222222222223
2025-11-23 03:05:07,92.03333333333333
2025-11-23 03:07:37,92.04444444444445
2025-11-23 03:10:07,92.05555555555556
2025-11-23 03:12:37,92.06666666666666
2025-11-23 03:15:07,92.07777777777778
2025-11-23 03:17:37,92.08888888888889
2025-11-23 03:20:07,92.1
2025-11-23 03:22:37,92.11111111111111
2025-11-23 03:25:07,92.12222222222222
2025-11-23 03:27:37,92.13333333333334
2025-11-23 03:30:07,92.14444444444445
2025-11-23 03:32:37,92.15555555555555
2025-11-23 03:35:07,92.16666666666667
2025-11-23 03:37:37,92.17777777777778
2025-11-23 03:40:07,92.18888888888888
2025-11-23 03:42:37,92.2
2025-11-23 03:45:07,92.21111111111111
2025-11-23 03:47:37,92.22222222222223
2025-11-23 03:50:07,92.23333333333333
2025-11-23 03:52:37,92.24444444444444
2025-11-23 03:55:07,92.25555555555556
2025-11-23 03:57:37,92.26666666666667
2025-11-23 04:00:07,92.27777777777777
2025-11-23 04:02:37,92.28888888888889
2025-11-23 04:05:07,92.3
2025-11-23 04:07:37,92.31111111111112
2025-11-23 04:10:07,92.32222222222222
2025-11-23 04:12:37,92.33333333333333
2025-11-23 04:15:07,92.34444444444445
2025-11-23 04:17:37,92.35555555555555
2025-11-23 04:20:07,92.36666666666666
2025-11-23 04:22:37,92.37777777777778
2025-11-23 04:25:07,92.38888888888889
2025-11-23 04:27:37,92.4
2025-11-23 04:30:07,92.41111111111111
2025-11-23 04:32:37,92.42222222222222
2025-11-23 04:35:07,92.43333333333334
2025-11-23 04:37:37,92.44444444444444
2025-11-23 04:40:07,92.45555555555555
2025-11-23 04:42:37,92.46666666666667
2025-11-23 04:45:07,92.47777777777777
2025-11-23 04:47:37,92.4888888888889
2025-11-23 04:50:07,92.5
2025-11-23 04:52:37,92.5111111111111
2025-11-23 04:55:07,92.52222222222223
2025-11-23 04:57:37,92.53333333333333
2025-11-23 05:00:07,92.54444444444445
2025-11-23 05:02:37,92.55555555555556
2025-11-23 05:05:07,92.56666666666666
2025-11-23 05:07:37,92.57777777777778
2025-11-23 05:10:07,92.58888888888889
2025-11-23 05:12:37,92.6
2025-11-23 05:15:07,92.61111111111111
2025-11-23 05:17:37,92.62222222222222
2025-11-23 05:20:07,92.63333333333334
2025-11-23 05:22:37,92.64444444444445
2025-11-23 05:25:07,92.65555555555555
2025-11-23 05:27:37,92.66666666666667
2025-11-23 05:30:07,92.67777777777778
2025-11-23 05:32:37,92.68888888888888
2025-11-23 05:35:07,92.7
2025-11-23 05:37:37,92.71111111111111
2025-11-23 05:40:07,92.72222222222223
2025-11-23 05:42:37,92.73333333333333
2025-11-23 05:45:07,92.74444444444444
2025-11-23 05:47:37,92.75555555555556
2025-11-23 05:50:07,92.76666666666667
2025-11-23 05:52:37,92.77777777777777
2025-11-23 05:55:07,92.78888888888889
2025-11-23 05:57:37,92.8
2025-11-23 06:00:07,92.81111111111112
2025-11-23 06:02:37,92.82222222222222
2025-11-23 06:05:07,92.83333333333333
2025-11-23 06:07:37,92.84444444444445
2025-11-23 06:10:07,92.85555555555555
2025-11-23 06:12:37,92.86666666666666
2025-11-23 06:15:07,92.87777777777778
2025-11-23 06:17:37,92.88888888888889
2025-11-23 06:20:07,92.9
2025-11-23 06:22:37,92.91111111111111
2025-11-23 06:25:07,92.92222222222222
2025-11-23 06:27:37,92.93333333333334
2025-11-23 06:30:07,92.94444444444444
2025-11-23 06:32:37,92.95555555555555
2025-11-23 06:35:07,92.96666666666667
2025-11-23 06:37:37,92.97777777777777
2025-11-23 06:40:07,92.9888888888889
2025-11-23 06:42:37,93.0
2025-11-23 06:45:07,93.0111111111111
2025-11-23 06:47:37,93.02222222222223
2025-11-23 06:50:07,93.03333333333333
2025-11-23 06:52:37,93.04444444444445
2025-11-23 06:55:07,93.05555555555556
2025-11-23 06:57:37,93.06666666666666
2025-11-23 07:00:07,93.07777777777778
2025-11-23 07:02:37,93.08888888888889
2025-11-23 07:05:07,93.1
2025-11-23 07:07:37,93.11111111111111
2025-11-23 07:10:07,93.12222222222222
2025-11-23 07:12:37,93.13333333333334
2025-11-23 07:15:07,93.14444444444445
2025-11-23 07:17:37,93.15555555555555
2025-11-23 07:20:07,93.16666666666667
2025-11-23 07:22:37,93.17777777777778
2025-11-23 07:25:07,93.18888888888888
2025-11-23 07:27:37,93.2
2025-11-23 07:30:07,93.21111111111111
2025-11-23 07:32:37,93.22222222222223
2025-11-23 07:35:07,93.23333333333333
2025-11-23 07:37:37,93.24444444444444
2025-11-23 07:40:07,93.25555555555556
2025-11-23 07:42:37,93.26666666666667
2025-11-23 07:45:07,93.27777777777777
2025-11-23 07:47:37,93.28888888888889
2025-11-23 07:50:07,93.3
2025-11-23 07:52:37,93.31111111111112
2025-11-23 07:55:07,93.32222222222222
2025-11-23 07:57:37,93.33333333333333
2025-11-23 08:00:07,93.34444444444445
2025-11-23 08:02:37,93.35555555555555
2025-11-23 08:05:07,93.36666666666666
2025-11-23 08:07:37,93.37777777777778
2025-11-23 08:10:07,93.38888888888889
2025-11-23 08:12:37,93.4
2025-11-23 08:15:07,93.41111111111111
2025-11-23 08:17:37,93.42222222222222
2025-11-23 08:20:07,93.43333333333334
2025-11-23 08:22:37,93.44444444444444
2025-11-23 08:25:07,93.45555555555555
2025-11-23 08:27:37,93.46666666666667
2025-11-23 08:30:07,93.47777777777777
2025-11-23 08:32:37,93.4888888888889
2025-11-23 08:35:07,93.5
2025-11-23 08:37:37,93.5111111111111
2025-11-23 08:40:07,93.52222222222223
2025-11-23 08:42:37,93.53333333333333
2025-11-23 08:45:07,93.54444444444445
2025-11-23 08:47:37,93.55555555555556
2025-11-23 08:50:07,93.56666666666666
2025-11-23 08:52:37,93.57777777777778
2025-11-23 08:55:07,93.58888888888889
2025-11-23 08:57:37,93.6
2025-11-23 09:00:07,93.61111111111111
2025-11-23 09:02:37,93.62222222222222
2025-11-23 09:05:07,93.63333333333334
2025-11-23 09:07:37,93.64444444444445
2025-11-23 09:10:07,93.65555555555555
2025-11-23 09:12:37,93.66666666666667
2025-11-23 09:15:07,93.67777777777778
2025-11-23 09:17:37,93.68888888888888
2025-11-23 09:20:07,93.7
2025-11-23 09:22:37,93.71111111111111
2025-11-23 09:25:07,93.72222222222223
2025-11-23 09:27:37,93.73333333333333
2025-11-23 09:30:07,93.74444444444444
2025-11-23 09:32:37,93.75555555555556
2025-11-23 09:35:07,93.76666666666667
2025-11-23 09:37:37,93.77777777777777
2025-11-23 09:40:07,93.78888888888889
2025-11-23 09:42:37,93.8
2025-11-23 09:45:07,93.81111111111112
2025-11-23 09:47:37,93.82222222222222
2025-11-23 09:50:07,93.83333333333333
2025-11-23 09:52:37,93.84444444444445
2025-11-23 09:55:07,93.85555555555555
2025-11-23 09:57:37,93.86666666666666
2025-11-23 10:00:07,93.87777777777778
2025-11-23 10:02:37,93.88888888888889
2025-11-23 10:05:07,93.9
2025-11-23 10:07:37,93.91111111111111
2025-11-23 10:10:07,93.92222222222222
2025-11-23 10:12:37,93.93333333333334
2025-11-23 10:15:07,93.94444444444444
2025-11-23 10:17:37,93.95555555555555
2025-11-23 10:20:07,93.96666666666667
2025-11-23 10:22:37,93.97777777777777
2025-11-23 10:25:07,93.9888888888889
2025-11-23 10:27:37,94.0
2025-11-23 10:30:07,94.0111111111111
2025-11-23 10:32:37,94.02222222222223
2025-11-23 10:35:07,94.03333333333333
2025-11-23 10:37:37,94.04444444444445
2025-11-23 10:40:07,94.05555555555556
2025-11-23 10:42:37,94.06666666666666
2025-11-23 10:45:07,94.07777777777778
2025-11-23 10:47:37,94.08888888888889
2025-11-23 10:50:07,94.1
2025-11-23 10:52:37,94.11111111111111
2025-11-23 10:55:07,94.12222222222222
2025-11-23 10:57:37,94.13333333333334
2025-11-23 11:00:07,94.14444444444445
2025-11-23 11:02:37,94.15555555555555
2025-11-23 11:05:07,94.16666666666667
2025-11-23 11:07:37,94.17777777777778
2025-11-23 11:10:07,94.18888888888888
2025-11-23 11:12:37,94.2
2025-11-23 11:15:07,94.21111111111111
2025-11-23 11:17:37,94.22222222222223
2025-11-23 11:20:07,94.23333333333333
2025-11-23 11:22:37,94.24444444444444
2025-11-23 11:25:07,94.25555555555556
2025-11-23 11:27:37,94.26666666666667
2025-11-23 11:30:07,94.27777777777777
2025-11-23 11:32:37,94.28888888888889
2025-11-23 11:35:07,94.3
2025-11-23 11:37:37,94.31111111111112
2025-11-23 11:40:07,94.32222222222222
2025-11-23 11:42:37,94.33333333333333
2025-11-23 11:45:07,94.34444444444445
2025-11-23 11:47:37,94.35555555555555
2025-11-23 11:50:07,94.36666666666666
2025-11-23 11:52:37,94.37777777777778
2025-11-23 11:55:07,94.38888888888889
2025-11-23 11:57:37,94.4
2025-11-23 12:00:07,94.41111111111111
2025-11-23 12:02:37,94.42222222222222
2025-11-23 12:05:07,94.43333333333334
2025-11-23 12:07:37,94.44444444444444
2025-11-23 12:10:07,94.45555555555555
2025-11-23 12:12:37,94.46666666666667
2025-11-23 12:15:07,94.47777777777777
2025-11-23 12:17:37,94.4888888888889
2025-11-23 12:20:07,94.5
2025-11-23 12:22:37,94.5111111111111
2025-11-23 12:25:07,94.52222222222223
2025-11-23 12:27:37,94.53333333333333
2025-11-23 12:30:07,94.54444444444444
2025-11-23 12:32:37,94.55555555555556
2025-11-23 12:35:07,94.56666666666666
2025-11-23 12:37:37,94.57777777777778
2025-11-23 12:40:07,94.58888888888889
2025-11-23 12:42:37,94.6
2025-11-23 12:45:07,94.61111111111111
2025-11-23 12:47:37,94.62222222222222
2025-11-23 12:50:07,94.63333333333334
2025-11-23 12:52:37,94.64444444444445
2025-11-23 12:55:07,94.65555555555555
2025-11-23 12:57:37,94.66666666666667
2025-11-23 13:00:07,94.67777777777778
2025-11-23 13:02:37,94.68888888888888
2025-11-23 13:05:07,94.7
2025-11-23 13:07:37,94.71111111111111
2025-11-23 13:10:07,94.72222222222223
2025-11-23 13:12:37,94.73333333333333
2025-11-23 13:15:07,94.74444444444444
2025-11-23 13:17:37,94.75555555555556
2025-11-23 13:20:07,94.76666666666667
2025-11-23 13:22:37,94.77777777777777
2025-11-23 13:25:07,94.78888888888889
2025-11-23 13:27:37,94.8
2025-11-23 13:30:07,94.81111111111112
2025-11-23 13:32:37,94.82222222222222
2025-11-23 13:35:07,94.83333333333333
2025-11-23 13:37:37,94.84444444444445
2025-11-23 13:40:07,94.85555555555555
2025-11-23 13:42:37,94.86666666666666
2025-11-23 13:45:07,94.87777777777778
2025-11-23 13:47:37,94.88888888888889
2025-11-23 13:50:07,94.9
2025-11-23 13:52:37,94.91111111111111
2025-11-23 13:55:07,94.92222222222222
2025-11-23 13:57:37,94.93333333333334
2025-11-23 14:00:07,94.94444444444444
2025-11-23 14:02:37,94.95555555555555
2025-11-23 14:05:07,94.96666666666667
2025-11-23 14:07:37,94.97777777777777
2025-11-23 14:10:07,94.9888888888889
2025-11-23 14:12:37,95.0
2025-11-23 14:15:07,95.0111111111111
2025-11-23 14:17:37,95.02222222222223
2025-11-23 14:20:07,95.03333333333333
2025-11-23 14:22:37,95.04444444444444
2025-11-23 14:25:07,95.05555555555556
2025-11-23 14:27:37,95.06666666666666
2025-11-23 14:30:07,95.07777777777778
2025-11-23 14:32:37,95.08888888888889
2025-11-23 14:35:07,95.1
2025-11-23 14:37:37,95.11111111111111
2025-11-23 14:40:07,95.12222222222222
2025-11-23 14:42:37,95.13333333333334
2025-11-23 14:45:07,95.14444444444445
2025-11-23 14:47:37,95.15555555555555
2025-11-23 14:50:07,95.16666666666667
2025-11-23 14:52:37,95.17777777777778
2025-11-23 14:55:07,95.18888888888888
2025-11-23 14:57:37,95.2
2025-11-23 15:00:07,95.21111111111111
2025-11-23 15:02:37,95.22222222222223
2025-11-23 15:05:07,95.23333333333333
2025-11-23 15:07:37,95.24444444444444
2025-11-23 15:10:07,95.25555555555556
2025-11-23 15:12:37,95.26666666666667
2025-11-23 15:15:07,95.27777777777777
2025-11-23 15:17:37,95.28888888888889
2025-11-23 15:20:07,95.3
2025-11-23 15:22:37,95.31111111111112
2025-11-23 15:25:07,95.32222222222222
2025-11-23 15:27:37,95.33333333333333
2025-11-23 15:30:07,95.34444444444445
2025-11-23 15:32:37,95.35555555555555
2025-11-23 15:35:07,95.36666666666666
2025-11-23 15:37:37,95.37777777777778
2025-11-23 15:40:07,95.38888888888889
2025-11-23 15:42:37,95.4
2025-11-23 15:45:07,95.41111111111111
2025-11-23 15:47:37,95.42222222222222
2025-11-23 15:50:07,95.43333333333334
2025-11-23 15:52:37,95.44444444444444
2025-11-23 15:55:07,95.45555555555555
2025-11-23 15:57:37,95.46666666666667
2025-11-23 16:00:07,95.47777777777777
2025-11-23 16:02:37,95.4888888888889
2025-11-23 16:05:07,95.5
2025-11-23 16:07:37,95.5111111111111
2025-11-23 16:10:07,95.52222222222223
2025-11-23 16:12:37,95.53333333333333
2025-11-23 16:15:07,95.54444444444444
2025-11-23 16:17:37,95.55555555555556
2025-11-23 16:20:07,95.56666666666666
2025-11-23 16:22:37,95.57777777777778
2025-11-23 16:25:07,95.58888888888889
2025-11-23 16:27:37,95.6
2025-11-23 16:30:07,95.61111111111111
2025-11-23 16:32:37,95.62222222222222
2025-11-23 16:35:07,95.63333333333334
2025-11-23 16:37:37,95.64444444444445
2025-11-23 16:40:07,95.65555555555555
2025-11-23 16:42:37,95.66666666666667
2025-11-23 16:45:07,95.67777777777778
2025-11-23 16:47:37,95.68888888888888
2025-11-23 16:50:07,95.7
2025-11-23 16:52:37,95.71111111111111
2025-11-23 16:55:07,95.72222222222223
2025-11-23 16:57:37,95.73333333333333
2025-11-23 17:00:07,95.74444444444444
2025-11-23 17:02:37,95.75555555555556
2025-11-23 17:05:07,95.76666666666667
2025-11-23 17:07:37,95.77777777777777
2025-11-23 17:10:07,95.78888888888889
2025-11-23 17:12:37,95.8
2025-11-23 17:15:07,95.81111111111112
2025-11-23 17:17:37,95.82222222222222
2025-11-23 17:20:07,95.83333333333333
2025-11-23 17:22:37,95.84444444444445
2025-11-23 17:25:07,95.85555555555555
2025-11-23 17:27:37,95.86666666666666
2025-11-23 17:30:07,95.87777777777778
2025-11-23 17:32:37,95.88888888888889
2025-11-23 17:35:07,95.9
2025-11-23 17:37:37,95.91111111111111
2025-11-23 17:40:07,95.92222222222222
2025-11-23 17:42:37,95.93333333333334
2025-11-23 17:45:07,95.94444444444444
2025-11-23 17:47:37,95.95555555555555
2025-11-23 17:50:07,95.96666666666667
2025-11-23 17:52:37,95.97777777777777
2025-11-23 17:55:07,95.9888888888889
2025-11-23 17:57:37,96.0
2025-11-23 18:00:07,96.0111111111111
2025-11-23 18:02:37,96.02222222222223
2025-11-23 18:05:07,96.03333333333333
2025-11-23 18:07:37,96.04444444444444
2025-11-23 18:10:07,96.05555555555556
2025-11-23 18:12:37,96.06666666666666
2025-11-23 18:15:07,96.07777777777778
2025-11-23 18:17:37,96.08888888888889
2025-11-23 18:20:07,96.1
2025-11-23 18:22:37,96.11111111111111
2025-11-23 18:25:07,96.12222222222222
2025-11-23 18:27:37,96.13333333333334
2025-11-23 18:30:07,96.14444444444445
2025-11-23 18:32:37,96.15555555555555
2025-11-23 18:35:07,96.16666666666667
2025-11-23 18:37:37,96.17777777777778
2025-11-23 18:40:07,96.18888888888888
2025-11-23 18:42:37,96.2
2025-11-23 18:45:07,96.21111111111111
2025-11-23 18:47:37,96.22222222222223
2025-11-23 18:50:07,96.23333333333333
2025-11-23 18:52:37,96.24444444444444
2025-11-23 18:55:07,96.25555555555556
2025-11-23 18:57:37,96.26666666666667
2025-11-23 19:00:07,96.27777777777777
2025-11-23 19:02:37,96.28888888888889
2025-11-23 19:05:07,96.3
2025-11-23 19:07:37,96.31111111111112
2025-11-23 19:10:07,96.32222222222222
2025-11-23 19:12:37,96.33333333333333
2025-11-23 19:15:07,96.34444444444445
2025-11-23 19:17:37,96.35555555555555
2025-11-23 19:20:07,96.36666666666666
2025-11-23 19:22:37,96.37777777777778
2025-11-23 19:25:07,96.38888888888889
2025-11-23 19:27:37,96.4
2025-11-23 19:30:07,96.41111111111111
2025-11-23 19:32:37,96.42222222222222
2025-11-23 19:35:07,96.43333333333334
2025-11-23 19:37:37,96.44444444444444
2025-11-23 19:40:07,96.45555555555555
2025-11-23 19:42:37,96.46666666666667
2025-11-23 19:45:07,96.47777777777777
2025-11-23 19:47:37,96.4888888888889
2025-11-23 19:50:07,96.5
2025-11-23 19:52:37,96.5111111111111
2025-11-23 19:55:07,96.52222222222223
2025-11-23 19:57:37,96.53333333333333
2025-11-23 20:00:07,96.54444444444444
2025-11-23 20:02:37,96.55555555555556
2025-11-23 20:05:07,96.56666666666666
2025-11-23 20:07:37,96.57777777777778
2025-11-23 20:10:07,96.58888888888889
2025-11-23 20:12:37,96.6
2025-11-23 20:15:07,96.61111111111111
2025-11-23 20:17:37,96.62222222222222
2025-11-23 20:20:07,96.63333333333334
2025-11-23 20:22:37,96.64444444444445
2025-11-23 20:25:07,96.65555555555555
2025-11-23 20:27:37,96.66666666666667
2025-11-23 20:30:07,96.67777777777778
2025-11-23 20:32:37,96.68888888888888
2025-11-23 20:35:07,96.7
2025-11-23 20:37:37,96.71111111111111
2025-11-23 20:40:07,96.72222222222223
2025-11-23 20:42:37,96.73333333333333
2025-11-23 20:45:07,96.74444444444444
2025-11-23 20:47:37,96.75555555555556
2025-11-23 20:50:07,96.76666666666667
2025-11-23 20:52:37,96.77777777777777
2025-11-23 20:55:07,96.78888888888889
2025-11-23 20:57:37,96.8
2025-11-23 21:00:07,96.81111111111112
2025-11-23 21:02:37,96.82222222222222
2025-11-23 21:05:07,96.83333333333333
2025-11-23 21:07:37,96.84444444444445
2025-11-23 21:10:07,96.85555555555555
2025-11-23 21:12:37,96.86666666666666
2025-11-23 21:15:07,96.87777777777778
2025-11-23 21:17:37,96.88888888888889
2025-11-23 21:20:07,96.9
2025-11-23 21:22:37,96.91111111111111
2025-11-23 21:25:07,96.92222222222222
2025-11-23 21:27:37,96.93333333333334
2025-11-23 21:30:07,96.94444444444444
2025-11-23 21:32:37,96.95555555555555
2025-11-23 21:35:07,96.96666666666667
2025-11-23 21:37:37,96.97777777777777
2025-11-23 21:40:07,96.9888888888889
2025-11-23 21:42:37,97.0
2025-11-23 21:45:07,96.9991559756921
2025-11-23 21:47:37,96.9983119513842
2025-11-23 21:50:07,96.9974679270763
2025-11-23 21:52:37,96.9966239027684
2025-11-23 21:55:07,96.9957798784605
2025-11-23 21:57:37,96.9949358541526
2025-11-23 22:00:07,96.9940918298447
2025-11-23 22:02:37,96.9932478055368
2025-11-23 22:05:07,96.9924037812289
2025-11-23 22:07:37,96.991559756921
2025-11-23 22:10:07,96.9907157326131
2025-11-23 22:12:37,96.9898717083052
2025-11-23 22:15:07,96.98902768399729
2025-11-23 22:17:37,96.9881836596894
2025-11-23 22:20:07,96.9873396353815
2025-11-23 22:22:37,96.9864956110736
2025-11-23 22:25:07,96.9856515867657
2025-11-23 22:27:37,96.9848075624578
2025-11-23 22:30:07,96.9839635381499
2025-11-23 22:32:37,96.983119513842
2025-11-23 22:35:07,96.9822754895341
2025-11-23 22:37:37,96.9814314652262
2025-11-23 22:40:07,96.9805874409183
2025-11-23 22:42:37,96.9797434166104
2025-11-23 22:45:07,96.9788993923025
2025-11-23 22:47:37,96.9780553679946
2025-11-23 22:50:07,96.9772113436867
2025-11-23 22:52:37,96.9763673193788
2025-11-23 22:55:07,96.9755232950709
2025-11-23 22:57:37,96.974679270763
2025-11-23 23:00:07,96.9738352464551
2025-11-23 23:02:37,96.9729912221472
2025-11-23 23:05:07,96.97214719783929
2025-11-23 23:07:37,96.9713031735314
2025-11-23 23:10:07,96.9704591492235
2025-11-23 23:12:37,96.96961512491559
2025-11-23 23:15:07,96.9687711006077
2025-11-23 23:17:37,96.9679270762998
2025-11-23 23:20:07,96.96708305199189
2025-11-23 23:22:37,96.966239027684
2025-11-23 23:25:07,96.9653950033761
2025-11-23 23:27:37,96.96455097906819
2025-11-23 23:30:07,96.9637069547603
2025-11-23 23:32:37,96.9628629304524
2025-11-23 23:35:07,96.9620189061445
2025-11-23 23:37:37,96.9611748818366
2025-11-23 23:40:07,96.9603308575287
2025-11-23 23:42:37,96.9594868332208
2025-11-23 23:45:07,96.9586428089129
2025-11-23 23:47:37,96.957798784605
2025-11-23 23:50:07,96.9569547602971
2025-11-23 23:52:37,96.9561107359892
2025-11-23 23:55:07,96.95526671168129
2025-11-23 23:57:37,96.9544226873734
2025-11-24 00:00:07,96.9535786630655
2025-11-24 00:02:37,96.95273463875759
2025-11-24 00:05:07,96.9518906144497
2025-11-24 00:07:37,96.9510465901418
2025-11-24 00:10:07,96.95020256583389
2025-11-24 00:12:37,96.949358541526
2025-11-24 00:15:07,96.9485145172181
2025-11-24 00:17:37,96.94767049291019
2025-11-24 00:20:07,96.9468264686023
2025-11-24 00:22:37,96.9459824442944
2025-11-24 00:25:07,96.94513841998649
2025-11-24 00:27:37,96.9442943956786
2025-11-24 00:30:07,96.9434503713707
2025-11-24 00:32:37,96.94260634706279
2025-11-24 00:35:07,96.9417623227549
2025-11-24 00:37:37,96.940918298447
2025-11-24 00:40:07,96.94007427413909
2025-11-24 00:42:37,96.9392302498312
2025-11-24 00:45:07,96.93838622552329
2025-11-24 00:47:37,96.9375422012154
2025-11-24 00:50:07,96.9366981769075
2025-11-24 00:52:37,96.93585415259959
2025-11-24 00:55:07,96.9350101282917
2025-11-24 00:57:37,96.9341661039838
2025-11-24 01:00:07,96.93332207967589
2025-11-24 01:02:37,96.932478055368
2025-11-24 01:05:07,96.9316340310601
2025-11-24 01:07:37,96.93079000675219
2025-11-24 01:10:07,96.9299459824443
2025-11-24 01:12:37,96.9291019581364
2025-11-24 01:15:07,96.92825793382849
2025-11-24 01:17:37,96.9274139095206
2025-11-24 01:20:07,96.9265698852127
2025-11-24 01:22:37,96.92572586090479
2025-11-24 01:25:07,96.9248818365969
2025-11-24 01:27:37,96.924037812289
2025-11-24 01:30:07,96.92319378798109
2025-11-24 01:32:37,96.9223497636732
2025-11-24 01:35:07,96.92150573936529
2025-11-24 01:37:37,96.92066171505739
2025-11-24 01:40:07,96.9198176907495
2025-11-24 01:42:37,96.91897366644159
2025-11-24 01:45:07,96.91812964213369
2025-11-24 01:47:37,96.9172856178258
2025-11-24 01:50:07,96.91644159351789
2025-11-24 01:52:37,96.91559756921
2025-11-24 01:55:07,96.9147535449021
2025-11-24 01:57:37,96.91390952059419
2025-11-24 02:00:07,96.9130654962863
2025-11-24 02:02:37,96.9122214719784
2025-11-24 02:05:07,96.91137744767049
2025-11-24 02:07:37,96.9105334233626
2025-11-24 02:10:07,96.9096893990547
2025-11-24 02:12:37,96.90884537474679
2025-11-24 02:15:07,96.9080013504389
2025-11-24 02:17:37,96.907157326131
2025-11-24 02:20:07,96.90631330182309
2025-11-24 02:22:37,96.9054692775152
2025-11-24 02:25:07,96.90462525320729
2025-11-24 02:27:37,96.90378122889939
2025-11-24 02:30:07,96.9029372045915
2025-11-24 02:32:37,96.90209318028359
2025-11-24 02:35:07,96.90124915597569
2025-11-24 02:37:37,96.9004051316678
2025-11-24 02:40:07,96.89956110735989
2025-11-24 02:42:37,96.89871708305199
2025-11-24 02:45:07,96.8978730587441
2025-11-24 02:47:37,96.89702903443619
2025-11-24 02:50:07,96.89618501012829
2025-11-24 02:52:37,96.8953409858204
2025-11-24 02:55:07,96.89449696151249
2025-11-24 02:57:37,96.89365293720459
2025-11-24 03:00:07,96.8928089128967
2025-11-24 03:02:37,96.89196488858879
2025-11-24 03:05:07,96.8911208642809
2025-11-24 03:07:37,96.890276839973
2025-11-24 03:10:07,96.88943281566509
2025-11-24 03:12:37,96.8885887913572
2025-11-24 03:15:07,96.88774476704928
2025-11-24 03:17:37,96.88690074274139
2025-11-24 03:20:07,96.8860567184335
2025-11-24 03:22:37,96.88521269412558
2025-11-24 03:25:07,96.88436866981769
2025-11-24 03:27:37,96.8835246455098
2025-11-24 03:30:07,96.88268062120189
2025-11-24 03:32:37,96.88183659689399
2025-11-24 03:35:07,96.8809925725861
2025-11-24 03:37:37,96.88014854827819
2025-11-24 03:40:07,96.87930452397029
2025-11-24 03:42:37,96.8784604996624
2025-11-24 03:45:07,96.87761647535449
2025-11-24 03:47:37,96.87677245104659
2025-11-24 03:50:07,96.8759284267387
2025-11-24 03:52:37,96.87508440243079
2025-11-24 03:55:07,96.87424037812289
2025-11-24 03:57:37,96.873396353815
2025-11-24 04:00:07,96.87255232950709
2025-11-24 04:02:37,96.87170830519919
2025-11-24 04:05:07,96.87086428089128
2025-11-24 04:07:37,96.87002025658339
2025-11-24 04:10:07,96.86917623227549
2025-11-24 04:12:37,96.86833220796758
2025-11-24 04:15:07,96.86748818365969
2025-11-24 04:17:37,96.8666441593518
2025-11-24 04:20:07,96.86580013504388
2025-11-24 04:22:37,96.86495611073599
2025-11-24 04:25:07,96.8641120864281
2025-11-24 04:27:37,96.86326806212018
2025-11-24 04:30:07,96.86242403781229
2025-11-24 04:32:37,96.8615800135044
2025-11-24 04:35:07,96.86073598919648
2025-11-24 04:37:37,96.85989196488859
2025-11-24 04:40:07,96.8590479405807
2025-11-24 04:42:37,96.85820391627279
2025-11-24 04:45:07,96.85735989196489
2025-11-24 04:47:37,96.856515867657
2025-11-24 04:50:07,96.85567184334909
2025-11-24 04:52:37,96.85482781904119
2025-11-24 04:55:07,96.85398379473328
2025-11-24 04:57:37,96.85313977042539
2025-11-24 05:00:07,96.85229574611749
2025-11-24 05:02:37,96.85145172180958
2025-11-24 05:05:07,96.85060769750169
2025-11-24 05:07:37,96.84976367319379
2025-11-24 05:10:07,96.84891964888588
2025-11-24 05:12:37,96.84807562457799
2025-11-24 05:15:07,96.84723160027009
2025-11-24 05:17:37,96.84638757596218
2025-11-24 05:20:07,96.84554355165429
2025-11-24 05:22:37,96.84469952734639
2025-11-24 05:25:07,96.84385550303848
2025-11-24 05:27:37,96.84301147873059
2025-11-24 05:30:07,96.8421674544227
2025-11-24 05:32:37,96.84132343011478
2025-11-24 05:35:07,96.84047940580689
2025-11-24 05:37:37,96.839635381499
2025-11-24 05:40:07,96.83879135719108
2025-11-24 05:42:37,96.83794733288319
2025-11-24 05:45:07,96.83710330857528
2025-11-24 05:47:37,96.83625928426738
2025-11-24 05:50:07,96.83541525995949
2025-11-24 05:52:37,96.83457123565158
2025-11-24 05:55:07,96.83372721134369
2025-11-24 05:57:37,96.83288318703579
2025-11-24 06:00:07,96.83203916272788
2025-11-24 06:02:37,96.83119513841999
2025-11-24 06:05:07,96.83035111411209
2025-11-24 06:07:37,96.82950708980418
2025-11-24 06:10:07,96.82866306549629
2025-11-24 06:12:37,96.82781904118839
2025-11-24 06:15:07,96.82697501688048
2025-11-24 06:17:37,96.82613099257259
2025-11-24 06:20:07,96.82528696826469
2025-11-24 06:22:37,96.82444294395678
2025-11-24 06:25:07,96.82359891964889
2025-11-24 06:27:37,96.82275489534099
2025-11-24 06:30:07,96.82191087103308
2025-11-24 06:32:37,96.82106684672519
2025-11-24 06:35:07,96.82022282241729
2025-11-24 06:37:37,96.81937879810938
2025-11-24 06:40:07,96.81853477380149
2025-11-24 06:42:37,96.81769074949358
2025-11-24 06:45:07,96.81684672518568
2025-11-24 06:47:37,96.81600270087779
2025-11-24 06:50:07,96.81515867656988
2025-11-24 06:52:37,96.81431465226198
2025-11-24 06:55:07,96.81347062795409
2025-11-24 06:57:37,96.81262660364618
2025-11-24 07:00:07,96.81178257933828
2025-11-24 07:02:37,96.81093855503039
2025-11-24 07:05:07,96.81009453072248
2025-11-24 07:07:37,96.80925050641459
2025-11-24 07:10:07,96.80840648210669
2025-11-24 07:12:37,96.80756245779878
2025-11-24 07:15:07,96.80671843349089
2025-11-24 07:17:37,96.80587440918299
2025-11-24 07:20:07,96.80503038487508
2025-11-24 07:22:37,96.80418636056719
2025-11-24 07:25:07,96.80334233625929
2025-11-24 07:27:37,96.80249831195138
2025-11-24 07:30:07,96.80165428764349
2025-11-24 07:32:37,96.80081026333558
2025-11-24 07:35:07,96.79996623902768
2025-11-24 07:37:37,96.79912221471979
2025-11-24 07:40:07,96.79827819041188
2025-11-24 07:42:37,96.79743416610398
2025-11-24 07:45:07,96.79659014179609
2025-11-24 07:47:37,96.79574611748818
2025-11-24 07:50:07,96.79490209318028
2025-11-24 07:52:37,96.79405806887239
2025-11-24 07:55:07,96.79321404456448
2025-11-24 07:57:37,96.79237002025658
2025-11-24 08:00:07,96.79152599594869
2025-11-24 08:02:37,96.79068197164078
2025-11-24 08:05:07,96.78983794733288
2025-11-24 08:07:37,96.78899392302499
2025-11-24 08:10:07,96.78814989871708
2025-11-24 08:12:37,96.78730587440918
2025-11-24 08:15:07,96.78646185010129
2025-11-24 08:17:37,96.78561782579338
2025-11-24 08:20:07,96.78477380148549
2025-11-24 08:22:37,96.78392977717758
2025-11-24 08:25:07,96.78308575286968
2025-11-24 08:27:37,96.78224172856179
2025-11-24 08:30:07,96.78139770425388
2025-11-24 08:32:37,96.78055367994598
2025-11-24 08:35:07,96.77970965563809
2025-11-24 08:37:37,96.77886563133018
2025-11-24 08:40:07,96.77802160702228
2025-11-24 08:42:37,96.77717758271439
2025-11-24 08:45:07,96.77633355840648
2025-11-24 08:47:37,96.77548953409858
2025-11-24 08:50:07,96.77464550979069
2025-11-24 08:52:37,96.77380148548278
2025-11-24 08:55:07,96.77295746117488
2025-11-24 08:57:37,96.77211343686699
2025-11-24 09:00:07,96.77126941255908
2025-11-24 09:02:37,96.77042538825118
2025-11-24 09:05:07,96.76958136394329
2025-11-24 09:07:37,96.76873733963538
2025-11-24 09:10:07,96.76789331532748
2025-11-24 09:12:37,96.76704929101957
2025-11-24 09:15:07,96.76620526671168
2025-11-24 09:17:37,96.76536124240378
2025-11-24 09:20:07,96.76451721809588
2025-11-24 09:22:37,96.76367319378798
2025-11-24 09:25:07,96.76282916948009
2025-11-24 09:27:37,96.76198514517218
2025-11-24 09:30:07,96.76114112086428
2025-11-24 09:32:37,96.76029709655639
2025-11-24 09:35:07,96.75945307224848
2025-11-24 09:37:37,96.75860904794058
2025-11-24 09:40:07,96.75776502363269
2025-11-24 09:42:37,96.75692099932478
2025-11-24 09:45:07,96.75607697501688
2025-11-24 09:47:37,96.75523295070899
2025-11-24 09:50:07,96.75438892640108
2025-11-24 09:52:37,96.75354490209318
2025-11-24 09:55:07,96.75270087778529
2025-11-24 09:57:37,96.75185685347738
2025-11-24 10:00:07,96.75101282916948
2025-11-24 10:02:37,96.75016880486157
2025-11-24 10:05:07,96.74932478055368
2025-11-24 10:07:37,96.74848075624578
2025-11-24 10:10:07,96.74763673193787
2025-11-24 10:12:37,96.74679270762998
2025-11-24 10:15:07,96.74594868332208
2025-11-24 10:17:37,96.74510465901417
2025-11-24 10:20:07,96.74426063470628
2025-11-24 10:22:37,96.74341661039838
2025-11-24 10:25:07,96.74257258609047
2025-11-24 10:27:37,96.74172856178258
2025-11-24 10:30:07,96.74088453747468
2025-11-24 10:32:37,96.74004051316678
2025-11-24 10:35:07,96.73919648885888
2025-11-24 10:37:37,96.73835246455099
2025-11-24 10:40:07,96.73750844024308
2025-11-24 10:42:37,96.73666441593518
2025-11-24 10:45:07,96.73582039162729
2025-11-24 10:47:37,96.73497636731938
2025-11-24 10:50:07,96.73413234301148
2025-11-24 10:52:37,96.73328831870357
2025-11-24 10:55:07,96.73244429439568
2025-11-24 10:57:37,96.73160027008778
2025-11-24 11:00:07,96.73075624577987
2025-11-24 11:02:37,96.72991222147198
2025-11-24 11:05:07,96.72906819716408
2025-11-24 11:07:37,96.72822417285617
2025-11-24 11:10:07,96.72738014854828
2025-11-24 11:12:37,96.72653612424038
2025-11-24 11:15:07,96.72569209993247
2025-11-24 11:17:37,96.72484807562458
2025-11-24 11:20:07,96.72400405131668
2025-11-24 11:22:37,96.72316002700877
2025-11-24 11:25:07,96.72231600270088
2025-11-24 11:27:37,96.72147197839298
2025-11-24 11:30:07,96.72062795408507
2025-11-24 11:32:37,96.71978392977718
2025-11-24 11:35:07,96.71893990546928
2025-11-24 11:37:37,96.71809588116137
2025-11-24 11:40:07,96.71725185685348
2025-11-24 11:42:37,96.71640783254557
2025-11-24 11:45:07,96.71556380823768
2025-11-24 11:47:37,96.71471978392978
2025-11-24 11:50:07,96.71387575962187
2025-11-24 11:52:37,96.71303173531398
2025-11-24 11:55:07,96.71218771100608
2025-11-24 11:57:37,96.71134368669817
2025-11-24 12:00:07,96.71049966239028
2025-11-24 12:02:37,96.70965563808238
2025-11-24 12:05:07,96.70881161377447
2025-11-24 12:07:37,96.70796758946658
2025-11-24 12:10:07,96.70712356515868
2025-11-24 12:12:37,96.70627954085077
2025-11-24 12:15:07,96.70543551654288
2025-11-24 12:17:37,96.70459149223498
2025-11-24 12:20:07,96.70374746792707
2025-11-24 12:22:37,96.70290344361918
2025-11-24 12:25:07,96.70205941931128
2025-11-24 12:27:37,96.70121539500337
2025-11-24 12:30:07,96.70037137069548
2025-11-24 12:32:37,96.69952734638757
2025-11-24 12:35:07,96.69868332207967
2025-11-24 12:37:37,96.69783929777178
2025-11-24 12:40:07,96.69699527346387
2025-11-24 12:42:37,96.69615124915597
2025-11-24 12:45:07,96.69530722484808
2025-11-24 12:47:37,96.69446320054017
2025-11-24 12:50:07,96.69361917623227
2025-11-24 12:52:37,96.69277515192438
2025-11-24 12:55:07,96.69193112761647
2025-11-24 12:57:37,96.69108710330858
2025-11-24 13:00:07,96.69024307900068
2025-11-24 13:02:37,96.68939905469277
2025-11-24 13:05:07,96.68855503038488
2025-11-24 13:07:37,96.68771100607698
2025-11-24 13:10:07,96.68686698176907
2025-11-24 13:12:37,96.68602295746118
2025-11-24 13:15:07,96.68517893315328
2025-11-24 13:17:37,96.68433490884537
2025-11-24 13:20:07,96.68349088453748
2025-11-24 13:22:37,96.68264686022957
2025-11-24 13:25:07,96.68180283592167
2025-11-24 13:27:37,96.68095881161378
2025-11-24 13:30:07,96.68011478730587
2025-11-24 13:32:37,96.67927076299797
2025-11-24 13:35:07,96.67842673869008
2025-11-24 13:37:37,96.67758271438217
2025-11-24 13:40:07,96.67673869007427
2025-11-24 13:42:37,96.67589466576638
2025-11-24 13:45:07,96.67505064145847
2025-11-24 13:47:37,96.67420661715057
2025-11-24 13:50:07,96.67336259284268
2025-11-24 13:52:37,96.67251856853477
2025-11-24 13:55:07,96.67167454422687
2025-11-24 13:57:37,96.67083051991898
2025-11-24 14:00:07,96.66998649561107
2025-11-24 14:02:37,96.66914247130318
2025-11-24 14:05:07,96.66829844699528
2025-11-24 14:07:37,96.66745442268737
2025-11-24 14:10:07,96.66661039837948
2025-11-24 14:12:37,96.66576637407157
2025-11-24 14:15:07,96.66492234976367
2025-11-24 14:17:37,96.66407832545578
2025-11-24 14:20:07,96.66323430114787
2025-11-24 14:22:37,96.66239027683997
2025-11-24 14:25:07,96.66154625253208
2025-11-24 14:27:37,96.66070222822417
2025-11-24 14:30:07,96.65985820391627
2025-11-24 14:32:37,96.65901417960838
2025-11-24 14:35:07,96.65817015530047
2025-11-24 14:37:37,96.65732613099257
2025-11-24 14:40:07,96.65648210668468
2025-11-24 14:42:37,96.65563808237677
2025-11-24 14:45:07,96.65479405806887
2025-11-24 14:47:37,96.65395003376098
2025-11-24 14:50:07,96.65310600945307
2025-11-24 14:52:37,96.65226198514517
2025-11-24 14:55:07,96.65141796083728
2025-11-24 14:57:37,96.65057393652937
2025-11-24 15:00:07,96.64972991222147
2025-11-24 15:02:37,96.64888588791356
2025-11-24 15:05:07,96.64804186360567
2025-11-24 15:07:37,96.64719783929777
2025-11-24 15:10:07,96.64635381498987
2025-11-24 15:12:37,96.64550979068197
2025-11-24 15:15:07,96.64466576637408
2025-11-24 15:17:37,96.64382174206617
2025-11-24 15:20:07,96.64297771775827
2025-11-24 15:22:37,96.64213369345038
2025-11-24 15:25:07,96.64128966914247
2025-11-24 15:27:37,96.64044564483457
2025-11-24 15:30:07,96.63960162052668
2025-11-24 15:32:37,96.63875759621877
2025-11-24 15:35:07,96.63791357191087
2025-11-24 15:37:37,96.63706954760298
2025-11-24 15:40:07,96.63622552329507
2025-11-24 15:42:37,96.63538149898717
2025-11-24 15:45:07,96.63453747467928
2025-11-24 15:47:37,96.63369345037137
2025-11-24 15:50:07,96.63284942606347
2025-11-24 15:52:37,96.63200540175558
2025-11-24 15:55:07,96.63116137744767
2025-11-24 15:57:37,96.63031735313977
2025-11-24 16:00:07,96.62947332883186
2025-11-24 16:02:37,96.62862930452397
2025-11-24 16:05:07,96.62778528021607
2025-11-24 16:07:37,96.62694125590816
2025-11-24 16:10:07,96.62609723160027
2025-11-24 16:12:37,96.62525320729237
2025-11-24 16:15:07,96.62440918298446
2025-11-24 16:17:37,96.62356515867657
2025-11-24 16:20:07,96.62272113436867
2025-11-24 16:22:37,96.62187711006077
2025-11-24 16:25:07,96.62103308575287
2025-11-24 16:27:37,96.62018906144498
2025-11-24 16:30:07,96.61934503713707
2025-11-24 16:32:37,96.61850101282917
2025-11-24 16:35:07,96.61765698852128
2025-11-24 16:37:37,96.61681296421337
2025-11-24 16:40:07,96.61596893990547
2025-11-24 16:42:37,96.61512491559758
2025-11-24 16:45:07,96.61428089128967
2025-11-24 16:47:37,96.61343686698177
2025-11-24 16:50:07,96.61259284267386
2025-11-24 16:52:37,96.61174881836597
2025-11-24 16:55:07,96.61090479405807
2025-11-24 16:57:37,96.61006076975016
2025-11-24 17:00:07,96.60921674544227
2025-11-24 17:02:37,96.60837272113437
2025-11-24 17:05:07,96.60752869682646
2025-11-24 17:07:37,96.60668467251857
2025-11-24 17:10:07,96.60584064821067
2025-11-24 17:12:37,96.60499662390276
2025-11-24 17:15:07,96.60415259959487
2025-11-24 17:17:37,96.60330857528697
2025-11-24 17:20:07,96.60246455097906
2025-11-24 17:22:37,96.60162052667117
2025-11-24 17:25:07,96.60077650236327
2025-11-24 17:27:37,96.59993247805536
2025-11-24 17:30:07,96.59908845374747
2025-11-24 17:32:37,96.59824442943957
2025-11-24 17:35:07,96.59740040513167
2025-11-24 17:37:37,96.59655638082377
2025-11-24 17:40:07,96.59571235651586
2025-11-24 17:42:37,96.59486833220797
2025-11-24 17:45:07,96.59402430790007
2025-11-24 17:47:37,96.59318028359216
2025-11-24 17:50:07,96.59233625928427
2025-11-24 17:52:37,96.59149223497637
2025-11-24 17:55:07,96.59064821066846
2025-11-24 17:57:37,96.58980418636057
2025-11-24 18:00:07,96.58896016205267
2025-11-24 18:02:37,96.58811613774476
2025-11-24 18:05:07,96.58727211343687
2025-11-24 18:07:37,96.58642808912897
2025-11-24 18:10:07,96.58558406482106
2025-11-24 18:12:37,96.58474004051317
2025-11-24 18:15:07,96.58389601620527
2025-11-24 18:17:37,96.58305199189736
2025-11-24 18:20:07,96.58220796758947
2025-11-24 18:22:37,96.58136394328157
2025-11-24 18:25:07,96.58051991897366
2025-11-24 18:27:37,96.57967589466577
2025-11-24 18:30:07,96.57883187035786
2025-11-24 18:32:37,96.57798784604996
2025-11-24 18:35:07,96.57714382174207
2025-11-24 18:37:37,96.57629979743416
2025-11-24 18:40:07,96.57545577312627
2025-11-24 18:42:37,96.57461174881837
2025-11-24 18:45:07,96.57376772451046
2025-11-24 18:47:37,96.57292370020257
2025-11-24 18:50:07,96.57207967589467
2025-11-24 18:52:37,96.57123565158676
2025-11-24 18:55:07,96.57039162727887
2025-11-24 18:57:37,96.56954760297097
2025-11-24 19:00:07,96.56870357866306
2025-11-24 19:02:37,96.56785955435517
2025-11-24 19:05:07,96.56701553004727
2025-11-24 19:07:37,96.56617150573936
2025-11-24 19:10:07,96.56532748143147
2025-11-24 19:12:37,96.56448345712357
2025-11-24 19:15:07,96.56363943281566
2025-11-24 19:17:37,96.56279540850777
2025-11-24 19:20:07,96.56195138419986
2025-11-24 19:22:37,96.56110735989196
2025-11-24 19:25:07,96.56026333558407
2025-11-24 19:27:37,96.55941931127616
2025-11-24 19:30:07,96.55857528696826
2025-11-24 19:32:37,96.55773126266037
2025-11-24 19:35:07,96.55688723835246
2025-11-24 19:37:37,96.55604321404456
2025-11-24 19:40:07,96.55519918973667
2025-11-24 19:42:37,96.55435516542876
2025-11-24 19:45:07,96.55351114112086
2025-11-24 19:47:37,96.55266711681297
2025-11-24 19:50:07,96.55182309250506
2025-11-24 19:52:37,96.55097906819717
2025-11-24 19:55:07,96.55013504388927
2025-11-24 19:57:37,96.54929101958136
2025-11-24 20:00:07,96.54844699527347
2025-11-24 20:02:37,96.54760297096557
2025-11-24 20:05:07,96.54675894665766
2025-11-24 20:07:37,96.54591492234977
2025-11-24 20:10:07,96.54507089804186
2025-11-24 20:12:37,96.54422687373396
2025-11-24 20:15:07,96.54338284942607
2025-11-24 20:17:37,96.54253882511816
2025-11-24 20:20:07,96.54169480081026
2025-11-24 20:22:37,96.54085077650237
2025-11-24 20:25:07,96.54000675219446
2025-11-24 20:27:37,96.53916272788656
2025-11-24 20:30:07,96.53831870357867
2025-11-24 20:32:37,96.53747467927076
2025-11-24 20:35:07,96.53663065496286
2025-11-24 20:37:37,96.53578663065497
2025-11-24 20:40:07,96.53494260634706
2025-11-24 20:42:37,96.53409858203916
2025-11-24 20:45:07,96.53325455773127
2025-11-24 20:47:37,96.53241053342336
2025-11-24 20:50:07,96.53156650911546
2025-11-24 20:52:37,96.53072248480757
2025-11-24 20:55:07,96.52987846049966
2025-11-24 20:57:37,96.52903443619176
2025-11-24 21:00:07,96.52819041188386
2025-11-24 21:02:37,96.52734638757596
2025-11-24 21:05:07,96.52650236326807
2025-11-24 21:07:37,96.52565833896016
2025-11-24 21:10:07,96.52481431465226
2025-11-24 21:12:37,96.52397029034437
2025-11-24 21:15:07,96.52312626603646
2025-11-24 21:17:37,96.52228224172856
2025-11-24 21:20:07,96.52143821742067
2025-11-24 21:22:37,96.52059419311276
2025-11-24 21:25:07,96.51975016880486
2025-11-24 21:27:37,96.51890614449697
2025-11-24 21:30:07,96.51806212018906
2025-11-24 21:32:37,96.51721809588116
2025-11-24 21:35:07,96.51637407157327
2025-11-24 21:37:37,96.51553004726536
2025-11-24 21:40:07,96.51468602295746
2025-11-24 21:42:37,96.51384199864957
2025-11-24 21:45:07,96.51299797434166
2025-11-24 21:47:37,96.51215395003376
2025-11-24 21:50:07,96.51130992572585
2025-11-24 21:52:37,96.51046590141796
2025-11-24 21:55:07,96.50962187711006
2025-11-24 21:57:37,96.50877785280215
2025-11-24 22:00:07,96.50793382849426
2025-11-24 22:02:37,96.50708980418636
2025-11-24 22:05:07,96.50624577987845
2025-11-24 22:07:37,96.50540175557056
2025-11-24 22:10:07,96.50455773126266
2025-11-24 22:12:37,96.50371370695476
2025-11-24 22:15:07,96.50286968264686
2025-11-24 22:17:37,96.50202565833897
2025-11-24 22:20:07,96.50118163403106
2025-11-24 22:22:37,96.50033760972316
2025-11-24 22:25:07,96.49949358541527
2025-11-24 22:27:37,96.49864956110736
2025-11-24 22:30:07,96.49780553679946
2025-11-24 22:32:37,96.49696151249157
2025-11-24 22:35:07,96.49611748818366
2025-11-24 22:37:37,96.49527346387576
2025-11-24 22:40:07,96.49442943956785
2025-11-24 22:42:37,96.49358541525996
2025-11-24 22:45:07,96.49274139095206
2025-11-24 22:47:37,96.49189736664415
2025-11-24 22:50:07,96.49105334233626
2025-11-24 22:52:37,96.49020931802836
2025-11-24 22:55:07,96.48936529372045
2025-11-24 22:57:37,96.48852126941256
2025-11-24 23:00:07,96.48767724510466
2025-11-24 23:02:37,96.48683322079675
2025-11-24 23:05:07,96.48598919648886
2025-11-24 23:07:37,96.48514517218096
2025-11-24 23:10:07,96.48430114787305
2025-11-24 23:12:37,96.48345712356516
2025-11-24 23:15:07,96.48261309925726
2025-11-24 23:17:37,96.48176907494936
2025-11-24 23:20:07,96.48092505064146
2025-11-24 23:22:37,96.48008102633356
2025-11-24 23:25:07,96.47923700202566
2025-11-24 23:27:37,96.47839297771776
2025-11-24 23:30:07,96.47754895340985
2025-11-24 23:32:37,96.47670492910196
2025-11-24 23:35:07,96.47586090479406
2025-11-24 23:37:37,96.47501688048615
2025-11-24 23:40:07,96.47417285617826
2025-11-24 23:42:37,96.47332883187036
2025-11-24 23:45:07,96.47248480756245
2025-11-24 23:47:37,96.47164078325456
2025-11-24 23:50:07,96.47079675894666
2025-11-24 23:52:37,96.46995273463875
2025-11-24 23:55:07,96.46910871033086
2025-11-24 23:57:37,96.46826468602296
2025-11-25 00:00:07,96.46742066171505
2025-11-25 00:02:37,96.46657663740716
2025-11-25 00:05:07,96.46573261309926
2025-11-25 00:07:37,96.46488858879135
2025-11-25 00:10:07,96.46404456448346
2025-11-25 00:12:37,96.46320054017556
2025-11-25 00:15:07,96.46235651586765
2025-11-25 00:17:37,96.46151249155976
2025-11-25 00:20:07,96.46066846725186
2025-11-25 00:22:37,96.45982444294395
2025-11-25 00:25:07,96.45898041863606
2025-11-25 00:27:37,96.45813639432815
2025-11-25 00:30:07,96.45729237002026
2025-11-25 00:32:37,96.45644834571236
2025-11-25 00:35:07,96.45560432140445
2025-11-25 00:37:37,96.45476029709656
2025-11-25 00:40:07,96.45391627278866
2025-11-25 00:42:37,96.45307224848075
2025-11-25 00:45:07,96.45222822417286
2025-11-25 00:47:37,96.45138419986496
2025-11-25 00:50:07,96.45054017555705
2025-11-25 00:52:37,96.44969615124916
2025-11-25 00:55:07,96.44885212694126
2025-11-25 00:57:37,96.44800810263335
2025-11-25 01:00:07,96.44716407832546
2025-11-25 01:02:37,96.44632005401756
2025-11-25 01:05:07,96.44547602970965
2025-11-25 01:07:37,96.44463200540176
2025-11-25 01:10:07,96.44378798109386
2025-11-25 01:12:37,96.44294395678595
2025-11-25 01:15:07,96.44209993247806
2025-11-25 01:17:37,96.44125590817015
2025-11-25 01:20:07,96.44041188386225
2025-11-25 01:22:37,96.43956785955436
2025-11-25 01:25:07,96.43872383524645
2025-11-25 01:27:37,96.43787981093855
2025-11-25 01:30:07,96.43703578663066
2025-11-25 01:32:37,96.43619176232275
2025-11-25 01:35:07,96.43534773801485
2025-11-25 01:37:37,96.43450371370696
2025-11-25 01:40:07,96.43365968939905
2025-11-25 01:42:37,96.43281566509116
2025-11-25 01:45:07,96.43197164078326
2025-11-25 01:47:37,96.43112761647535
2025-11-25 01:50:07,96.43028359216746
2025-11-25 01:52:37,96.42943956785956
2025-11-25 01:55:07,96.42859554355165
2025-11-25 01:57:37,96.42775151924376
2025-11-25 02:00:07,96.42690749493586
2025-11-25 02:02:37,96.42606347062795
2025-11-25 02:05:07,96.42521944632006
2025-11-25 02:07:37,96.42437542201215
2025-11-25 02:10:07,96.42353139770425
2025-11-25 02:12:37,96.42268737339636
2025-11-25 02:15:07,96.42184334908845
2025-11-25 02:17:37,96.42099932478055
2025-11-25 02:20:07,96.42015530047266
2025-11-25 02:22:37,96.41931127616475
2025-11-25 02:25:07,96.41846725185685
2025-11-25 02:27:37,96.41762322754896
2025-11-25 02:30:07,96.41677920324105
2025-11-25 02:32:37,96.41593517893315
2025-11-25 02:35:07,96.41509115462526
2025-11-25 02:37:37,96.41424713031735
2025-11-25 02:40:07,96.41340310600945
2025-11-25 02:42:37,96.41255908170156
2025-11-25 02:45:07,96.41171505739365
2025-11-25 02:47:37,96.41087103308575
2025-11-25 02:50:07,96.41002700877786
2025-11-25 02:52:37,96.40918298446995
2025-11-25 02:55:07,96.40833896016206
2025-11-25 02:57:37,96.40749493585415
2025-11-25 03:00:07,96.40665091154625
2025-11-25 03:02:37,96.40580688723836
2025-11-25 03:05:07,96.40496286293045
2025-11-25 03:07:37,96.40411883862255
2025-11-25 03:10:07,96.40327481431466
2025-11-25 03:12:37,96.40243079000675
2025-11-25 03:15:07,96.40158676569885
2025-11-25 03:17:37,96.40074274139096
2025-11-25 03:20:07,96.39989871708305
2025-11-25 03:22:37,96.39905469277515
2025-11-25 03:25:07,96.39821066846726
2025-11-25 03:27:37,96.39736664415935
2025-11-25 03:30:07,96.39652261985145
2025-11-25 03:32:37,96.39567859554356
2025-11-25 03:35:07,96.39483457123565
2025-11-25 03:37:37,96.39399054692775
2025-11-25 03:40:07,96.39314652261986
2025-11-25 03:42:37,96.39230249831195
2025-11-25 03:45:07,96.39145847400405
2025-11-25 03:47:37,96.39061444969614
2025-11-25 03:50:07,96.38977042538825
2025-11-25 03:52:37,96.38892640108035
2025-11-25 03:55:07,96.38808237677245
2025-11-25 03:57:37,96.38723835246455
2025-11-25 04:00:07,96.38639432815665
2025-11-25 04:02:37,96.38555030384875
2025-11-25 04:05:07,96.38470627954085
2025-11-25 04:07:37,96.38386225523296
2025-11-25 04:10:07,96.38301823092505
2025-11-25 04:12:37,96.38217420661715
2025-11-25 04:15:07,96.38133018230926
2025-11-25 04:17:37,96.38048615800135
2025-11-25 04:20:07,96.37964213369345
2025-11-25 04:22:37,96.37879810938556
2025-11-25 04:25:07,96.37795408507765
2025-11-25 04:27:37,96.37711006076975
2025-11-25 04:30:07,96.37626603646186
2025-11-25 04:32:37,96.37542201215395
2025-11-25 04:35:07,96.37457798784605
2025-11-25 04:37:37,96.37373396353814
2025-11-25 04:40:07,96.37288993923025
2025-11-25 04:42:37,96.37204591492235
2025-11-25 04:45:07,96.37120189061444
2025-11-25 04:47:37,96.37035786630655
2025-11-25 04:50:07,96.36951384199865
2025-11-25 04:52:37,96.36866981769074
2025-11-25 04:55:07,96.36782579338285
2025-11-25 04:57:37,96.36698176907495
2025-11-25 05:00:07,96.36613774476704
2025-11-25 05:02:37,96.36529372045915
2025-11-25 05:05:07,96.36444969615125
2025-11-25 05:07:37,96.36360567184335
2025-11-25 05:10:07,96.36276164753545
2025-11-25 05:12:37,96.36191762322755
2025-11-25 05:15:07,96.36107359891965
2025-11-25 05:17:37,96.36022957461175
2025-11-25 05:20:07,96.35938555030386
2025-11-25 05:22:37,96.35854152599595
2025-11-25 05:25:07,96.35769750168805
2025-11-25 05:27:37,96.35685347738014
2025-11-25 05:30:07,96.35600945307225
2025-11-25 05:32:37,96.35516542876435
2025-11-25 05:35:07,96.35432140445644
2025-11-25 05:37:37,96.35347738014855
2025-11-25 05:40:07,96.35263335584065
2025-11-25 05:42:37,96.35178933153274
2025-11-25 05:45:07,96.35094530722485
2025-11-25 05:47:37,96.35010128291695
2025-11-25 05:50:07,96.34925725860904
2025-11-25 05:52:37,96.34841323430115
2025-11-25 05:55:07,96.34756920999325
2025-11-25 05:57:37,96.34672518568534
2025-11-25 06:00:07,96.34588116137745
2025-11-25 06:02:37,96.34503713706955
2025-11-25 06:05:07,96.34419311276164
2025-11-25 06:07:37,96.34334908845375
2025-11-25 06:10:07,96.34250506414585
2025-11-25 06:12:37,96.34166103983794
2025-11-25 06:15:07,96.34081701553005
2025-11-25 06:17:37,96.33997299122214
2025-11-25 06:20:07,96.33912896691425
2025-11-25 06:22:37,96.33828494260635
2025-11-25 06:25:07,96.33744091829844
2025-11-25 06:27:37,96.33659689399055
2025-11-25 06:30:07,96.33575286968265
2025-11-25 06:32:37,96.33490884537474
2025-11-25 06:35:07,96.33406482106685
2025-11-25 06:37:37,96.33322079675895
2025-11-25 06:40:07,96.33237677245104
2025-11-25 06:42:37,96.33153274814315
2025-11-25 06:45:07,96.33068872383525
2025-11-25 06:47:37,96.32984469952734
2025-11-25 06:50:07,96.32900067521945
2025-11-25 06:52:37,96.32815665091155
2025-11-25 06:55:07,96.32731262660364
2025-11-25 06:57:37,96.32646860229575
2025-11-25 07:00:07,96.32562457798785
2025-11-25 07:02:37,96.32478055367994
2025-11-25 07:05:07,96.32393652937205
2025-11-25 07:07:37,96.32309250506414
2025-11-25 07:10:07,96.32224848075624
2025-11-25 07:12:37,96.32140445644835
2025-11-25 07:15:07,96.32056043214044
2025-11-25 07:17:37,96.31971640783254
2025-11-25 07:20:07,96.31887238352465
2025-11-25 07:22:37,96.31802835921674
2025-11-25 07:25:07,96.31718433490884
2025-11-25 07:27:37,96.31634031060095
2025-11-25 07:30:07,96.31549628629304
2025-11-25 07:32:37,96.31465226198515
2025-11-25 07:35:07,96.31380823767725
2025-11-25 07:37:37,96.31296421336934
2025-11-25 07:40:07,96.31212018906145
2025-11-25 07:42:37,96.31127616475355
2025-11-25 07:45:07,96.31043214044564
2025-11-25 07:47:37,96.30958811613775
2025-11-25 07:50:07,96.30874409182985
2025-11-25 07:52:37,96.30790006752194
2025-11-25 07:55:07,96.30705604321405
2025-11-25 07:57:37,96.30621201890614
2025-11-25 08:00:07,96.30536799459824
2025-11-25 08:02:37,96.30452397029035
2025-11-25 08:05:07,96.30367994598244
2025-11-25 08:07:37,96.30283592167454
2025-11-25 08:10:07,96.30199189736665
2025-11-25 08:12:37,96.30114787305874
2025-11-25 08:15:07,96.30030384875084
2025-11-25 08:17:37,96.29945982444295
2025-11-25 08:20:07,96.29861580013504
2025-11-25 08:22:37,96.29777177582714
2025-11-25 08:25:07,96.29692775151925
2025-11-25 08:27:37,96.29608372721134
2025-11-25 08:30:07,96.29523970290344
2025-11-25 08:32:37,96.29439567859555
2025-11-25 08:35:07,96.29355165428764
2025-11-25 08:37:37,96.29270762997974
2025-11-25 08:40:07,96.29186360567185
2025-11-25 08:42:37,96.29101958136394
2025-11-25 08:45:07,96.29017555705605
2025-11-25 08:47:37,96.28933153274814
2025-11-25 08:50:07,96.28848750844024
2025-11-25 08:52:37,96.28764348413235
2025-11-25 08:55:07,96.28679945982444
2025-11-25 08:57:37,96.28595543551654
2025-11-25 09:00:07,96.28511141120865
2025-11-25 09:02:37,96.28426738690074
2025-11-25 09:05:07,96.28342336259284
2025-11-25 09:07:37,96.28257933828495
2025-11-25 09:10:07,96.28173531397704
2025-11-25 09:12:37,96.28089128966914
2025-11-25 09:15:07,96.28004726536125
2025-11-25 09:17:37,96.27920324105334
2025-11-25 09:20:07,96.27835921674544
2025-11-25 09:22:37,96.27751519243755
2025-11-25 09:25:07,96.27667116812964
2025-11-25 09:27:37,96.27582714382174
2025-11-25 09:30:07,96.27498311951385
2025-11-25 09:32:37,96.27413909520594
2025-11-25 09:35:07,96.27329507089804
2025-11-25 09:37:37,96.27245104659015
2025-11-25 09:40:07,96.27160702228224
2025-11-25 09:42:37,96.27076299797434
2025-11-25 09:45:07,96.26991897366644
2025-11-25 09:47:37,96.26907494935854
2025-11-25 09:50:07,96.26823092505064
2025-11-25 09:52:37,96.26738690074274
2025-11-25 09:55:07,96.26654287643484
2025-11-25 09:57:37,96.26569885212695
2025-11-25 10:00:07,96.26485482781904
2025-11-25 10:02:37,96.26401080351114
2025-11-25 10:05:07,96.26316677920325
2025-11-25 10:07:37,96.26232275489534
2025-11-25 10:10:07,96.26147873058744
2025-11-25 10:12:37,96.26063470627955
2025-11-25 10:15:07,96.25979068197164
2025-11-25 10:17:37,96.25894665766374
2025-11-25 10:20:07,96.25810263335585
2025-11-25 10:22:37,96.25725860904794
2025-11-25 10:25:07,96.25641458474004
2025-11-25 10:27:37,96.25557056043215
2025-11-25 10:30:07,96.25472653612424
2025-11-25 10:32:37,96.25388251181634
2025-11-25 10:35:07,96.25303848750843
2025-11-25 10:37:37,96.25219446320054
2025-11-25 10:40:07,96.25135043889264
2025-11-25 10:42:37,96.25050641458473
2025-11-25 10:45:07,96.24966239027684
2025-11-25 10:47:37,96.24881836596894
2025-11-25 10:50:07,96.24797434166103
2025-11-25 10:52:37,96.24713031735314
2025-11-25 10:55:07,96.24628629304524
2025-11-25 10:57:37,96.24544226873734
2025-11-25 11:00:07,96.24459824442944
2025-11-25 11:02:37,96.24375422012155
2025-11-25 11:05:07,96.24291019581364
2025-11-25 11:07:37,96.24206617150574
2025-11-25 11:10:07,96.24122214719785
2025-11-25 11:12:37,96.24037812288994
2025-11-25 11:15:07,96.23953409858204
2025-11-25 11:17:37,96.23869007427415
2025-11-25 11:20:07,96.23784604996624
2025-11-25 11:22:37,96.23700202565834
2025-11-25 11:25:07,96.23615800135043
2025-11-25 11:27:37,96.23531397704254
2025-11-25 11:30:07,96.23446995273464
2025-11-25 11:32:37,96.23362592842673
2025-11-25 11:35:07,96.23278190411884
2025-11-25 11:37:37,96.23193787981094
2025-11-25 11:40:07,96.23109385550303
2025-11-25 11:42:37,96.23024983119514
2025-11-25 11:45:07,96.22940580688724
2025-11-25 11:47:37,96.22856178257933
2025-11-25 11:50:07,96.22771775827144
2025-11-25 11:52:37,96.22687373396354
2025-11-25 11:55:07,96.22602970965563
2025-11-25 11:57:37,96.22518568534774
2025-11-25 12:00:07,96.22434166103984
2025-11-25 12:02:37,96.22349763673193
2025-11-25 12:05:07,96.22265361242404
2025-11-25 12:07:37,96.22180958811614
2025-11-25 12:10:07,96.22096556380824
2025-11-25 12:12:37,96.22012153950034
2025-11-25 12:15:07,96.21927751519243
2025-11-25 12:17:37,96.21843349088454
2025-11-25 12:20:07,96.21758946657664
2025-11-25 12:22:37,96.21674544226873
2025-11-25 12:25:07,96.21590141796084
2025-11-25 12:27:37,96.21505739365294
2025-11-25 12:30:07,96.21421336934503
2025-11-25 12:32:37,96.21336934503714
2025-11-25 12:35:07,96.21252532072924
2025-11-25 12:37:37,96.21168129642133
2025-11-25 12:40:07,96.21083727211344
2025-11-25 12:42:37,96.20999324780554
2025-11-25 12:45:07,96.20914922349763
2025-11-25 12:47:37,96.20830519918974
2025-11-25 12:50:07,96.20746117488184
2025-11-25 12:52:37,96.20661715057393
2025-11-25 12:55:07,96.20577312626604
2025-11-25 12:57:37,96.20492910195814
2025-11-25 13:00:07,96.20408507765023
2025-11-25 13:02:37,96.20324105334234
2025-11-25 13:05:07,96.20239702903443
2025-11-25 13:07:37,96.20155300472653
2025-11-25 13:10:07,96.20070898041864
2025-11-25 13:12:37,96.19986495611073
2025-11-25 13:15:07,96.19902093180283
2025-11-25 13:17:37,96.19817690749494
2025-11-25 13:20:07,96.19733288318703
2025-11-25 13:22:37,96.19648885887914
2025-11-25 13:25:07,96.19564483457124
2025-11-25 13:27:37,96.19480081026333
2025-11-25 13:30:07,96.19395678595544
2025-11-25 13:32:37,96.19311276164754
2025-11-25 13:35:07,96.19226873733963
2025-11-25 13:37:37,96.19142471303174
2025-11-25 13:40:07,96.19058068872384
2025-11-25 13:42:37,96.18973666441593
2025-11-25 13:45:07,96.18889264010804
2025-11-25 13:47:37,96.18804861580014
2025-11-25 13:50:07,96.18720459149223
2025-11-25 13:52:37,96.18636056718434
2025-11-25 13:55:07,96.18551654287643
2025-11-25 13:57:37,96.18467251856853
2025-11-25 14:00:07,96.18382849426064
2025-11-25 14:02:37,96.18298446995273
2025-11-25 14:05:07,96.18214044564483
2025-11-25 14:07:37,96.18129642133694
2025-11-25 14:10:07,96.18045239702903
2025-11-25 14:12:37,96.17960837272113
2025-11-25 14:15:07,96.17876434841324
2025-11-25 14:17:37,96.17792032410533
2025-11-25 14:20:07,96.17707629979743
2025-11-25 14:22:37,96.17623227548954
2025-11-25 14:25:07,96.17538825118163
2025-11-25 14:27:37,96.17454422687373
2025-11-25 14:30:07,96.17370020256584
2025-11-25 14:32:37,96.17285617825793
2025-11-25 14:35:07,96.17201215395004
2025-11-25 14:37:37,96.17116812964214
2025-11-25 14:40:07,96.17032410533423
2025-11-25 14:42:37,96.16948008102634
2025-11-25 14:45:07,96.16863605671843
2025-11-25 14:47:37,96.16779203241053
2025-11-25 14:50:07,96.16694800810264
2025-11-25 14:52:37,96.16610398379473
2025-11-25 14:55:07,96.16525995948683
2025-11-25 14:57:37,96.16441593517894
2025-11-25 15:00:07,96.16357191087103
2025-11-25 15:02:37,96.16272788656313
2025-11-25 15:05:07,96.16188386225524
2025-11-25 15:07:37,96.16103983794733
2025-11-25 15:10:07,96.16019581363943
2025-11-25 15:12:37,96.15935178933154
2025-11-25 15:15:07,96.15850776502363
2025-11-25 15:17:37,96.15766374071573
2025-11-25 15:20:07,96.15681971640784
2025-11-25 15:22:37,96.15597569209993
2025-11-25 15:25:07,96.15513166779203
2025-11-25 15:27:37,96.15428764348414
2025-11-25 15:30:07,96.15344361917623
2025-11-25 15:32:37,96.15259959486833
2025-11-25 15:35:07,96.15175557056043
2025-11-25 15:37:37,96.15091154625253
2025-11-25 15:40:07,96.15006752194464
2025-11-25 15:42:37,96.14922349763673
2025-11-25 15:45:07,96.14837947332883
2025-11-25 15:47:37,96.14753544902094
2025-11-25 15:50:07,96.14669142471303
2025-11-25 15:52:37,96.14584740040513
2025-11-25 15:55:07,96.14500337609724
2025-11-25 15:57:37,96.14415935178933
2025-11-25 16:00:07,96.14331532748143
2025-11-25 16:02:37,96.14247130317354
2025-11-25 16:05:07,96.14162727886563
2025-11-25 16:07:37,96.14078325455773
2025-11-25 16:10:07,96.13993923024984
2025-11-25 16:12:37,96.13909520594193
2025-11-25 16:15:07,96.13825118163403
2025-11-25 16:17:37,96.13740715732614
2025-11-25 16:20:07,96.13656313301823
2025-11-25 16:22:37,96.13571910871033
2025-11-25 16:25:07,96.13487508440242
2025-11-25 16:27:37,96.13403106009453
2025-11-25 16:30:07,96.13318703578663
2025-11-25 16:32:37,96.13234301147872
2025-11-25 16:35:07,96.13149898717083
2025-11-25 16:37:37,96.13065496286293
2025-11-25 16:40:07,96.12981093855502
2025-11-25 16:42:37,96.12896691424713
2025-11-25 16:45:07,96.12812288993923
2025-11-25 16:47:37,96.12727886563133
2025-11-25 16:50:07,96.12643484132343
2025-11-25 16:52:37,96.12559081701554
2025-11-25 16:55:07,96.12474679270763
2025-11-25 16:57:37,96.12390276839973
2025-11-25 17:00:07,96.12305874409184
2025-11-25 17:02:37,96.12221471978393
2025-11-25 17:05:07,96.12137069547603
2025-11-25 17:07:37,96.12052667116814
2025-11-25 17:10:07,96.11968264686023
2025-11-25 17:12:37,96.11883862255233
2025-11-25 17:15:07,96.11799459824442
2025-11-25 17:17:37,96.11715057393653
2025-11-25 17:20:07,96.11630654962863
2025-11-25 17:22:37,96.11546252532072
2025-11-25 17:25:07,96.11461850101283
2025-11-25 17:27:37,96.11377447670493
2025-11-25 17:30:07,96.11293045239702
2025-11-25 17:32:37,96.11208642808913
2025-11-25 17:35:07,96.11124240378123
2025-11-25 17:37:37,96.11039837947332
2025-11-25 17:40:07,96.10955435516543
2025-11-25 17:42:37,96.10871033085753
2025-11-25 17:45:07,96.10786630654962
2025-11-25 17:47:37,96.10702228224173
2025-11-25 17:50:07,96.10617825793383
2025-11-25 17:52:37,96.10533423362592
2025-11-25 17:55:07,96.10449020931803
2025-11-25 17:57:37,96.10364618501013
2025-11-25 18:00:07,96.10280216070223
2025-11-25 18:02:37,96.10195813639433
2025-11-25 18:05:07,96.10111411208644
2025-11-25 18:07:37,96.10027008777853
2025-11-25 18:10:07,96.09942606347063
2025-11-25 18:12:37,96.09858203916272
2025-11-25 18:15:07,96.09773801485483
2025-11-25 18:17:37,96.09689399054693
2025-11-25 18:20:07,96.09604996623902
2025-11-25 18:22:37,96.09520594193113
2025-11-25 18:25:07,96.09436191762323
2025-11-25 18:27:37,96.09351789331532
2025-11-25 18:30:07,96.09267386900743
2025-11-25 18:32:37,96.09182984469953
2025-11-25 18:35:07,96.09098582039162
2025-11-25 18:37:37,96.09014179608373
2025-11-25 18:40:07,96.08929777177583
2025-11-25 18:42:37,96.08845374746792
2025-11-25 18:45:07,96.08760972316003
2025-11-25 18:47:37,96.08676569885213
2025-11-25 18:50:07,96.08592167454422
2025-11-25 18:52:37,96.08507765023633
2025-11-25 18:55:07,96.08423362592843
2025-11-25 18:57:37,96.08338960162052
2025-11-25 19:00:07,96.08254557731263
2025-11-25 19:02:37,96.08170155300472
2025-11-25 19:05:07,96.08085752869682
2025-11-25 19:07:37,96.08001350438893
2025-11-25 19:10:07,96.07916948008102
2025-11-25 19:12:37,96.07832545577313
2025-11-25 19:15:07,96.07748143146523
2025-11-25 19:17:37,96.07663740715732
2025-11-25 19:20:07,96.07579338284943
2025-11-25 19:22:37,96.07494935854153
2025-11-25 19:25:07,96.07410533423362
2025-11-25 19:27:37,96.07326130992573
2025-11-25 19:30:07,96.07241728561783
2025-11-25 19:32:37,96.07157326130992
2025-11-25 19:35:07,96.07072923700203
2025-11-25 19:37:37,96.06988521269413
2025-11-25 19:40:07,96.06904118838622
2025-11-25 19:42:37,96.06819716407833
2025-11-25 19:45:07,96.06735313977043
2025-11-25 19:47:37,96.06650911546252
2025-11-25 19:50:07,96.06566509115463
2025-11-25 19:52:37,96.06482106684672
2025-11-25 19:55:07,96.06397704253882
2025-11-25 19:57:37,96.06313301823093
2025-11-25 20:00:07,96.06228899392302
2025-11-25 20:02:37,96.06144496961512
2025-11-25 20:05:07,96.06060094530723
2025-11-25 20:07:37,96.05975692099932
2025-11-25 20:10:07,96.05891289669142
2025-11-25 20:12:37,96.05806887238353
2025-11-25 20:15:07,96.05722484807562
2025-11-25 20:17:37,96.05638082376773
2025-11-25 20:20:07,96.05553679945983
2025-11-25 20:22:37,96.05469277515192
2025-11-25 20:25:07,96.05384875084403
2025-11-25 20:27:37,96.05300472653613
2025-11-25 20:30:07,96.05216070222822
2025-11-25 20:32:37,96.05131667792033
2025-11-25 20:35:07,96.05047265361243
2025-11-25 20:37:37,96.04962862930452
2025-11-25 20:40:07,96.04878460499663
2025-11-25 20:42:37,96.04794058068872
2025-11-25 20:45:07,96.04709655638082
2025-11-25 20:47:37,96.04625253207293
2025-11-25 20:50:07,96.04540850776502
2025-11-25 20:52:37,96.04456448345712
2025-11-25 20:55:07,96.04372045914923
2025-11-25 20:57:37,96.04287643484132
2025-11-25 21:00:07,96.04203241053342
2025-11-25 21:02:37,96.04118838622553
2025-11-25 21:05:07,96.04034436191762
2025-11-25 21:07:37,96.03950033760972
2025-11-25 21:10:07,96.03865631330183
2025-11-25 21:12:37,96.03781228899392
2025-11-25 21:15:07,96.03696826468602
2025-11-25 21:17:37,96.03612424037813
2025-11-25 21:20:07,96.03528021607022
2025-11-25 21:22:37,96.03443619176232
2025-11-25 21:25:07,96.03359216745443
2025-11-25 21:27:37,96.03274814314652
2025-11-25 21:30:07,96.03190411883863
2025-11-25 21:32:37,96.03106009453072
2025-11-25 21:35:07,96.03021607022282
2025-11-25 21:37:37,96.02937204591493
2025-11-25 21:40:07,96.02852802160702
2025-11-25 21:42:37,96.02768399729912
2025-11-25 21:45:07,96.02683997299123
2025-11-25 21:47:37,96.02599594868332
2025-11-25 21:50:07,96.02515192437542
2025-11-25 21:52:37,96.02430790006753
2025-11-25 21:55:07,96.02346387575962
2025-11-25 21:57:37,96.02261985145172
2025-11-25 22:00:07,96.02177582714383
2025-11-25 22:02:37,96.02093180283592
2025-11-25 22:05:07,96.02008777852802
2025-11-25 22:07:37,96.01924375422013
2025-11-25 22:10:07,96.01839972991222
2025-11-25 22:12:37,96.01755570560432
2025-11-25 22:15:07,96.01671168129643
2025-11-25 22:17:37,96.01586765698852
2025-11-25 22:20:07,96.01502363268062
2025-11-25 22:22:37,96.01417960837271
2025-11-25 22:25:07,96.01333558406482
2025-11-25 22:27:37,96.01249155975692
2025-11-25 22:30:07,96.01164753544901
2025-11-25 22:32:37,96.01080351114112
2025-11-25 22:35:07,96.00995948683322
2025-11-25 22:37:37,96.00911546252532
2025-11-25 22:40:07,96.00827143821742
2025-11-25 22:42:37,96.00742741390953
2025-11-25 22:45:07,96.00658338960162
2025-11-25 22:47:37,96.00573936529372
2025-11-25 22:50:07,96.00489534098583
2025-11-25 22:52:37,96.00405131667792
2025-11-25 22:55:07,96.00320729237002
2025-11-25 22:57:37,96.00236326806213
2025-11-25 23:00:07,96.00151924375422
2025-11-25 23:02:37,96.00067521944632
2025-11-25 23:05:07,95.99983119513843
2025-11-25 23:07:37,95.99898717083052
2025-11-25 23:10:07,95.99814314652262
2025-11-25 23:12:37,95.99729912221471
2025-11-25 23:15:07,95.99645509790682
2025-11-25 23:17:37,95.99561107359892
2025-11-25 23:20:07,95.99476704929101
2025-11-25 23:22:37,95.99392302498312
2025-11-25 23:25:07,95.99307900067522
2025-11-25 23:27:37,95.99223497636731
2025-11-25 23:30:07,95.99139095205942
2025-11-25 23:32:37,95.99054692775152
2025-11-25 23:35:07,95.98970290344361
2025-11-25 23:37:37,95.98885887913572
2025-11-25 23:40:07,95.98801485482782
2025-11-25 23:42:37,95.98717083051991
2025-11-25 23:45:07,95.98632680621202
2025-11-25 23:47:37,95.98548278190412
2025-11-25 23:50:07,95.98463875759622
2025-11-25 23:52:37,95.98379473328832
2025-11-25 23:55:07,95.98295070898043
2025-11-25 23:57:37,95.98210668467252
2025-11-26 00:00:07,95.98126266036462
2025-11-26 00:02:37,95.98041863605671
2025-11-26 00:05:07,95.97957461174882
2025-11-26 00:07:37,95.97873058744092
2025-11-26 00:10:07,95.97788656313301
2025-11-26 00:12:37,95.97704253882512
2025-11-26 00:15:07,95.97619851451722
2025-11-26 00:17:37,95.97535449020931
2025-11-26 00:20:07,95.97451046590142
2025-11-26 00:22:37,95.97366644159352
2025-11-26 00:25:07,95.97282241728561
2025-11-26 00:27:37,95.97197839297772
2025-11-26 00:30:07,95.97113436866982
2025-11-26 00:32:37,95.97029034436191
2025-11-26 00:35:07,95.96944632005402
2025-11-26 00:37:37,95.96860229574612
2025-11-26 00:40:07,95.96775827143821
2025-11-26 00:42:37,95.96691424713032
2025-11-26 00:45:07,95.96607022282242
2025-11-26 00:47:37,95.96522619851451
2025-11-26 00:50:07,95.96438217420662
2025-11-26 00:52:37,95.96353814989871
2025-11-26 00:55:07,95.96269412559082
2025-11-26 00:57:37,95.96185010128292
2025-11-26 01:00:07,95.96100607697501
2025-11-26 01:02:37,95.96016205266712
2025-11-26 01:05:07,95.95931802835922
2025-11-26 01:07:37,95.95847400405131
2025-11-26 01:10:07,95.95762997974342
2025-11-26 01:12:37,95.95678595543552
2025-11-26 01:15:07,95.95594193112761
2025-11-26 01:17:37,95.95509790681972
2025-11-26 01:20:07,95.95425388251182
2025-11-26 01:22:37,95.95340985820391
2025-11-26 01:25:07,95.95256583389602
2025-11-26 01:27:37,95.95172180958812
2025-11-26 01:30:07,95.95087778528021
2025-11-26 01:32:37,95.95003376097232
2025-11-26 01:35:07,95.94918973666442
2025-11-26 01:37:37,95.94834571235651
2025-11-26 01:40:07,95.94750168804862
2025-11-26 01:42:37,95.94665766374071
2025-11-26 01:45:07,95.94581363943281
2025-11-26 01:47:37,95.94496961512492
2025-11-26 01:50:07,95.94412559081701
2025-11-26 01:52:37,95.94328156650911
2025-11-26 01:55:07,95.94243754220122
2025-11-26 01:57:37,95.94159351789331
2025-11-26 02:00:07,95.94074949358541
2025-11-26 02:02:37,95.93990546927752
2025-11-26 02:05:07,95.93906144496961
2025-11-26 02:07:37,95.93821742066172
2025-11-26 02:10:07,95.93737339635382
2025-11-26 02:12:37,95.93652937204591
2025-11-26 02:15:07,95.93568534773802
2025-11-26 02:17:37,95.93484132343012
2025-11-26 02:20:07,95.93399729912221
2025-11-26 02:22:37,95.93315327481432
2025-11-26 02:25:07,95.93230925050642
2025-11-26 02:27:37,95.93146522619851
2025-11-26 02:30:07,95.93062120189062
2025-11-26 02:32:37,95.92977717758271
2025-11-26 02:35:07,95.92893315327481
2025-11-26 02:37:37,95.92808912896692
2025-11-26 02:40:07,95.92724510465901
2025-11-26 02:42:37,95.92640108035111
2025-11-26 02:45:07,95.92555705604322
2025-11-26 02:47:37,95.92471303173531
2025-11-26 02:50:07,95.92386900742741
2025-11-26 02:52:37,95.92302498311952
2025-11-26 02:55:07,95.92218095881161
2025-11-26 02:57:37,95.92133693450371
2025-11-26 03:00:07,95.92049291019582
2025-11-26 03:02:37,95.91964888588791
2025-11-26 03:05:07,95.91880486158001
2025-11-26 03:07:37,95.91796083727212
2025-11-26 03:10:07,95.91711681296421
2025-11-26 03:12:37,95.91627278865631
2025-11-26 03:15:07,95.91542876434842
2025-11-26 03:17:37,95.91458474004051
2025-11-26 03:20:07,95.91374071573262
2025-11-26 03:22:37,95.91289669142472
2025-11-26 03:25:07,95.91205266711681
2025-11-26 03:27:37,95.91120864280892
2025-11-26 03:30:07,95.910364618501
2025-11-26 03:32:37,95.90952059419311
2025-11-26 03:35:07,95.90867656988522
2025-11-26 03:37:37,95.9078325455773
2025-11-26 03:40:07,95.90698852126941
2025-11-26 03:42:37,95.90614449696152
2025-11-26 03:45:07,95.90530047265361
2025-11-26 03:47:37,95.90445644834571
2025-11-26 03:50:07,95.90361242403782
2025-11-26 03:52:37,95.90276839972991
2025-11-26 03:55:07,95.90192437542201
2025-11-26 03:57:37,95.90108035111412
2025-11-26 04:00:07,95.90023632680621
2025-11-26 04:02:37,95.89939230249831
2025-11-26 04:05:07,95.89854827819042
2025-11-26 04:07:37,95.89770425388251
2025-11-26 04:10:07,95.89686022957461
2025-11-26 04:12:37,95.89601620526672
2025-11-26 04:15:07,95.89517218095881
2025-11-26 04:17:37,95.89432815665091
2025-11-26 04:20:07,95.893484132343
2025-11-26 04:22:37,95.89264010803511
2025-11-26 04:25:07,95.89179608372721
2025-11-26 04:27:37,95.8909520594193
2025-11-26 04:30:07,95.89010803511141
2025-11-26 04:32:37,95.88926401080352
2025-11-26 04:35:07,95.8884199864956
2025-11-26 04:37:37,95.88757596218771
2025-11-26 04:40:07,95.88673193787982
2025-11-26 04:42:37,95.8858879135719
2025-11-26 04:45:07,95.88504388926401
2025-11-26 04:47:37,95.88419986495612
2025-11-26 04:50:07,95.8833558406482
2025-11-26 04:52:37,95.88251181634031
2025-11-26 04:55:07,95.88166779203242
2025-11-26 04:57:37,95.88082376772451
2025-11-26 05:00:07,95.87997974341661
2025-11-26 05:02:37,95.87913571910872
2025-11-26 05:05:07,95.87829169480081
2025-11-26 05:07:37,95.87744767049291
2025-11-26 05:10:07,95.876603646185
2025-11-26 05:12:37,95.87575962187711
2025-11-26 05:15:07,95.87491559756921
2025-11-26 05:17:37,95.8740715732613
2025-11-26 05:20:07,95.87322754895341
2025-11-26 05:22:37,95.87238352464551
2025-11-26 05:25:07,95.8715395003376
2025-11-26 05:27:37,95.87069547602971
2025-11-26 05:30:07,95.86985145172181
2025-11-26 05:32:37,95.8690074274139
2025-11-26 05:35:07,95.86816340310601
2025-11-26 05:37:37,95.86731937879811
2025-11-26 05:40:07,95.8664753544902
2025-11-26 05:42:37,95.86563133018231
2025-11-26 05:45:07,95.86478730587442
2025-11-26 05:47:37,95.8639432815665
2025-11-26 05:50:07,95.86309925725861
2025-11-26 05:52:37,95.86225523295072
2025-11-26 05:55:07,95.8614112086428
2025-11-26 05:57:37,95.86056718433491
2025-11-26 06:00:07,95.859723160027
2025-11-26 06:02:37,95.8588791357191
2025-11-26 06:05:07,95.85803511141121
2025-11-26 06:07:37,95.8571910871033
2025-11-26 06:10:07,95.85634706279541
2025-11-26 06:12:37,95.85550303848751
2025-11-26 06:15:07,95.8546590141796
2025-11-26 06:17:37,95.85381498987171
2025-11-26 06:20:07,95.85297096556381
2025-11-26 06:22:37,95.8521269412559
2025-11-26 06:25:07,95.85128291694801
2025-11-26 06:27:37,95.85043889264011
2025-11-26 06:30:07,95.8495948683322
2025-11-26 06:32:37,95.84875084402431
2025-11-26 06:35:07,95.84790681971641
2025-11-26 06:37:37,95.8470627954085
2025-11-26 06:40:07,95.84621877110061
2025-11-26 06:42:37,95.84537474679271
2025-11-26 06:45:07,95.8445307224848
2025-11-26 06:47:37,95.84368669817691
2025-11-26 06:50:07,95.842842673869
2025-11-26 06:52:37,95.8419986495611
2025-11-26 06:55:07,95.84115462525321
2025-11-26 06:57:37,95.8403106009453
2025-11-26 07:00:07,95.8394665766374
2025-11-26 07:02:37,95.83862255232951
2025-11-26 07:05:07,95.8377785280216
2025-11-26 07:07:37,95.8369345037137
2025-11-26 07:10:07,95.83609047940581
2025-11-26 07:12:37,95.8352464550979
2025-11-26 07:15:07,95.83440243079
2025-11-26 07:17:37,95.83355840648211
2025-11-26 07:20:07,95.8327143821742
2025-11-26 07:22:37,95.83187035786631
2025-11-26 07:25:07,95.83102633355841
2025-11-26 07:27:37,95.8301823092505
2025-11-26 07:30:07,95.82933828494261
2025-11-26 07:32:37,95.82849426063471
2025-11-26 07:35:07,95.8276502363268
2025-11-26 07:37:37,95.82680621201891
2025-11-26 07:40:07,95.825962187711
2025-11-26 07:42:37,95.8251181634031
2025-11-26 07:45:07,95.82427413909521
2025-11-26 07:47:37,95.8234301147873
2025-11-26 07:50:07,95.8225860904794
2025-11-26 07:52:37,95.82174206617151
2025-11-26 07:55:07,95.8208980418636
2025-11-26 07:57:37,95.8200540175557
2025-11-26 08:00:07,95.81920999324781
2025-11-26 08:02:37,95.8183659689399
2025-11-26 08:05:07,95.817521944632
2025-11-26 08:07:37,95.81667792032411
2025-11-26 08:10:07,95.8158338960162
2025-11-26 08:12:37,95.8149898717083
2025-11-26 08:15:07,95.81414584740041
2025-11-26 08:17:37,95.8133018230925
2025-11-26 08:20:07,95.8124577987846
2025-11-26 08:22:37,95.81161377447671
2025-11-26 08:25:07,95.8107697501688
2025-11-26 08:27:37,95.80992572586091
2025-11-26 08:30:07,95.809081701553
2025-11-26 08:32:37,95.8082376772451
2025-11-26 08:35:07,95.80739365293721
2025-11-26 08:37:37,95.8065496286293
2025-11-26 08:40:07,95.8057056043214
2025-11-26 08:42:37,95.80486158001351
2025-11-26 08:45:07,95.8040175557056
2025-11-26 08:47:37,95.8031735313977
2025-11-26 08:50:07,95.80232950708981
2025-11-26 08:52:37,95.8014854827819
2025-11-26 08:55:07,95.800641458474
2025-11-26 08:57:37,95.79979743416611
2025-11-26 09:00:07,95.7989534098582
2025-11-26 09:02:37,95.7981093855503
2025-11-26 09:05:07,95.79726536124241
2025-11-26 09:07:37,95.7964213369345
2025-11-26 09:10:07,95.7955773126266
2025-11-26 09:12:37,95.79473328831871
2025-11-26 09:15:07,95.7938892640108
2025-11-26 09:17:37,95.7930452397029
2025-11-26 09:20:07,95.792201215395
2025-11-26 09:22:37,95.7913571910871
2025-11-26 09:25:07,95.7905131667792
2025-11-26 09:27:37,95.7896691424713
2025-11-26 09:30:07,95.7888251181634
2025-11-26 09:32:37,95.7879810938555
2025-11-26 09:35:07,95.7871370695476
2025-11-26 09:37:37,95.7862930452397
2025-11-26 09:40:07,95.78544902093181
2025-11-26 09:42:37,95.7846049966239
2025-11-26 09:45:07,95.783760972316
2025-11-26 09:47:37,95.78291694800811
2025-11-26 09:50:07,95.7820729237002
2025-11-26 09:52:37,95.7812288993923
2025-11-26 09:55:07,95.78038487508441
2025-11-26 09:57:37,95.7795408507765
2025-11-26 10:00:07,95.7786968264686
2025-11-26 10:02:37,95.77785280216071
2025-11-26 10:05:07,95.7770087778528
2025-11-26 10:07:37,95.7761647535449
2025-11-26 10:10:07,95.775320729237
2025-11-26 10:12:37,95.7744767049291
2025-11-26 10:15:07,95.7736326806212
2025-11-26 10:17:37,95.7727886563133
2025-11-26 10:20:07,95.7719446320054
2025-11-26 10:22:37,95.7711006076975
2025-11-26 10:25:07,95.7702565833896
2025-11-26 10:27:37,95.7694125590817
2025-11-26 10:30:07,95.7685685347738
2025-11-26 10:32:37,95.7677245104659
2025-11-26 10:35:07,95.766880486158
2025-11-26 10:37:37,95.7660364618501
2025-11-26 10:40:07,95.7651924375422
2025-11-26 10:42:37,95.7643484132343
2025-11-26 10:45:07,95.7635043889264
2025-11-26 10:47:37,95.7626603646185
2025-11-26 10:50:07,95.7618163403106
2025-11-26 10:52:37,95.76097231600271
2025-11-26 10:55:07,95.7601282916948
2025-11-26 10:57:37,95.7592842673869
2025-11-26 11:00:07,95.758440243079
2025-11-26 11:02:37,95.7575962187711
2025-11-26 11:05:07,95.7567521944632
2025-11-26 11:07:37,95.7559081701553
2025-11-26 11:10:07,95.7550641458474
2025-11-26 11:12:37,95.7542201215395
2025-11-26 11:15:07,95.7533760972316
2025-11-26 11:17:37,95.7525320729237
2025-11-26 11:20:07,95.7516880486158
2025-11-26 11:22:37,95.7508440243079
2025-11-26 11:25:07,95.75
2025-11-26 11:27:37,95.7491559756921
2025-11-26 11:30:07,95.7483119513842
2025-11-26 11:32:37,95.7474679270763
2025-11-26 11:35:07,95.7466239027684
2025-11-26 11:37:37,95.7457798784605
2025-11-26 11:40:07,95.7449358541526
2025-11-26 11:42:37,95.7440918298447
2025-11-26 11:45:07,95.7432478055368
2025-11-26 11:47:37,95.7424037812289
2025-11-26 11:50:07,95.741559756921
2025-11-26 11:52:37,95.7407157326131
2025-11-26 11:55:07,95.7398717083052
2025-11-26 11:57:37,95.73902768399729
2025-11-26 12:00:07,95.7381836596894
2025-11-26 12:02:37,95.7373396353815
2025-11-26 12:05:07,95.7364956110736
2025-11-26 12:07:37,95.7356515867657
2025-11-26 12:10:07,95.7348075624578
2025-11-26 12:12:37,95.7339635381499
2025-11-26 12:15:07,95.733119513842
2025-11-26 12:17:37,95.7322754895341
2025-11-26 12:20:07,95.7314314652262
2025-11-26 12:22:37,95.7305874409183
2025-11-26 12:25:07,95.7297434166104
2025-11-26 12:27:37,95.7288993923025
2025-11-26 12:30:07,95.7280553679946
2025-11-26 12:32:37,95.7272113436867
2025-11-26 12:35:07,95.7263673193788
2025-11-26 12:37:37,95.7255232950709
2025-11-26 12:40:07,95.724679270763
2025-11-26 12:42:37,95.7238352464551
2025-11-26 12:45:07,95.7229912221472
2025-11-26 12:47:37,95.72214719783929
2025-11-26 12:50:07,95.7213031735314
2025-11-26 12:52:37,95.7204591492235
2025-11-26 12:55:07,95.71961512491559
2025-11-26 12:57:37,95.7187711006077
2025-11-26 13:00:07,95.7179270762998
2025-11-26 13:02:37,95.71708305199189
2025-11-26 13:05:07,95.716239027684
2025-11-26 13:07:37,95.7153950033761
2025-11-26 13:10:07,95.71455097906819
2025-11-26 13:12:37,95.7137069547603
2025-11-26 13:15:07,95.7128629304524
2025-11-26 13:17:37,95.7120189061445
2025-11-26 13:20:07,95.7111748818366
2025-11-26 13:22:37,95.7103308575287
2025-11-26 13:25:07,95.7094868332208
2025-11-26 13:27:37,95.7086428089129
2025-11-26 13:30:07,95.707798784605
2025-11-26 13:32:37,95.7069547602971
2025-11-26 13:35:07,95.7061107359892
2025-11-26 13:37:37,95.70526671168129
2025-11-26 13:40:07,95.7044226873734
2025-11-26 13:42:37,95.7035786630655
2025-11-26 13:45:07,95.70273463875759
2025-11-26 13:47:37,95.7018906144497
2025-11-26 13:50:07,95.7010465901418
2025-11-26 13:52:37,95.70020256583389
2025-11-26 13:55:07,95.699358541526
2025-11-26 13:57:37,95.6985145172181
2025-11-26 14:00:07,95.69767049291019
2025-11-26 14:02:37,95.6968264686023
2025-11-26 14:05:07,95.6959824442944
2025-11-26 14:07:37,95.69513841998649
2025-11-26 14:10:07,95.6942943956786
2025-11-26 14:12:37,95.6934503713707
2025-11-26 14:15:07,95.69260634706279
2025-11-26 14:17:37,95.6917623227549
2025-11-26 14:20:07,95.690918298447
2025-11-26 14:22:37,95.69007427413909
2025-11-26 14:25:07,95.6892302498312
2025-11-26 14:27:37,95.68838622552329
2025-11-26 14:30:07,95.6875422012154
2025-11-26 14:32:37,95.6866981769075
2025-11-26 14:35:07,95.68585415259959
2025-11-26 14:37:37,95.6850101282917
2025-11-26 14:40:07,95.6841661039838
2025-11-26 14:42:37,95.68332207967589
2025-11-26 14:45:07,95.682478055368
2025-11-26 14:47:37,95.6816340310601
2025-11-26 14:50:07,95.68079000675219
2025-11-26 14:52:37,95.6799459824443
2025-11-26 14:55:07,95.6791019581364
2025-11-26 14:57:37,95.67825793382849
2025-11-26 15:00:07,95.6774139095206
2025-11-26 15:02:37,95.6765698852127
2025-11-26 15:05:07,95.67572586090479
2025-11-26 15:07:37,95.6748818365969
2025-11-26 15:10:07,95.674037812289
2025-11-26 15:12:37,95.67319378798109
2025-11-26 15:15:07,95.6723497636732
2025-11-26 15:17:37,95.67150573936529
2025-11-26 15:20:07,95.67066171505739
2025-11-26 15:22:37,95.6698176907495
2025-11-26 15:25:07,95.66897366644159
2025-11-26 15:27:37,95.66812964213369
2025-11-26 15:30:07,95.6672856178258
2025-11-26 15:32:37,95.66644159351789
2025-11-26 15:35:07,95.66559756921
2025-11-26 15:37:37,95.6647535449021
2025-11-26 15:40:07,95.66390952059419
2025-11-26 15:42:37,95.6630654962863
2025-11-26 15:45:07,95.6622214719784
2025-11-26 15:47:37,95.66137744767049
2025-11-26 15:50:07,95.6605334233626
2025-11-26 15:52:37,95.6596893990547
2025-11-26 15:55:07,95.65884537474679
2025-11-26 15:57:37,95.6580013504389
2025-11-26 16:00:07,95.657157326131
2025-11-26 16:02:37,95.65631330182309
2025-11-26 16:05:07,95.6554692775152
2025-11-26 16:07:37,95.65462525320729
2025-11-26 16:10:07,95.65378122889939
2025-11-26 16:12:37,95.6529372045915
2025-11-26 16:15:07,95.65209318028359
2025-11-26 16:17:37,95.65124915597569
2025-11-26 16:20:07,95.6504051316678
2025-11-26 16:22:37,95.64956110735989
2025-11-26 16:25:07,95.64871708305199
2025-11-26 16:27:37,95.6478730587441
2025-11-26 16:30:07,95.64702903443619
2025-11-26 16:32:37,95.64618501012829
2025-11-26 16:35:07,95.6453409858204
2025-11-26 16:37:37,95.64449696151249
2025-11-26 16:40:07,95.64365293720459
2025-11-26 16:42:37,95.6428089128967
2025-11-26 16:45:07,95.64196488858879
2025-11-26 16:47:37,95.6411208642809
2025-11-26 16:50:07,95.640276839973
2025-11-26 16:52:37,95.63943281566509
2025-11-26 16:55:07,95.6385887913572
2025-11-26 16:57:37,95.63774476704928
2025-11-26 17:00:07,95.63690074274139
2025-11-26 17:02:37,95.6360567184335
2025-11-26 17:05:07,95.63521269412558
2025-11-26 17:07:37,95.63436866981769
2025-11-26 17:10:07,95.6335246455098
2025-11-26 17:12:37,95.63268062120189
2025-11-26 17:15:07,95.63183659689399
2025-11-26 17:17:37,95.6309925725861
2025-11-26 17:20:07,95.63014854827819
2025-11-26 17:22:37,95.62930452397029
2025-11-26 17:25:07,95.6284604996624
2025-11-26 17:27:37,95.62761647535449
2025-11-26 17:30:07,95.62677245104659
2025-11-26 17:32:37,95.6259284267387
2025-11-26 17:35:07,95.62508440243079
2025-11-26 17:37:37,95.62424037812289
2025-11-26 17:40:07,95.623396353815
2025-11-26 17:42:37,95.62255232950709
2025-11-26 17:45:07,95.62170830519919
2025-11-26 17:47:37,95.62086428089128
2025-11-26 17:50:07,95.62002025658339
2025-11-26 17:52:37,95.61917623227549
2025-11-26 17:55:07,95.61833220796758
2025-11-26 17:57:37,95.61748818365969
2025-11-26 18:00:07,95.6166441593518
2025-11-26 18:02:37,95.61580013504388
2025-11-26 18:05:07,95.61495611073599
2025-11-26 18:07:37,95.6141120864281
2025-11-26 18:10:07,95.61326806212018
2025-11-26 18:12:37,95.61242403781229
2025-11-26 18:15:07,95.6115800135044
2025-11-26 18:17:37,95.61073598919648
2025-11-26 18:20:07,95.60989196488859
2025-11-26 18:22:37,95.6090479405807
2025-11-26 18:25:07,95.60820391627279
2025-11-26 18:27:37,95.60735989196489
2025-11-26 18:30:07,95.606515867657
2025-11-26 18:32:37,95.60567184334909
2025-11-26 18:35:07,95.60482781904119
2025-11-26 18:37:37,95.60398379473328
2025-11-26 18:40:07,95.60313977042539
2025-11-26 18:42:37,95.60229574611749
2025-11-26 18:45:07,95.60145172180958
2025-11-26 18:47:37,95.60060769750169
2025-11-26 18:50:07,95.59976367319379
2025-11-26 18:52:37,95.59891964888588
2025-11-26 18:55:07,95.59807562457799
2025-11-26 18:57:37,95.59723160027009
2025-11-26 19:00:07,95.59638757596218
2025-11-26 19:02:37,95.59554355165429
2025-11-26 19:05:07,95.59469952734639
2025-11-26 19:07:37,95.59385550303848
2025-11-26 19:10:07,95.59301147873059
2025-11-26 19:12:37,95.5921674544227
2025-11-26 19:15:07,95.59132343011478
2025-11-26 19:17:37,95.59047940580689
2025-11-26 19:20:07,95.589635381499
2025-11-26 19:22:37,95.58879135719108
2025-11-26 19:25:07,95.58794733288319
2025-11-26 19:27:37,95.58710330857528
2025-11-26 19:30:07,95.58625928426738
2025-11-26 19:32:37,95.58541525995949
2025-11-26 19:35:07,95.58457123565158
2025-11-26 19:37:37,95.58372721134369
2025-11-26 19:40:07,95.58288318703579
2025-11-26 19:42:37,95.58203916272788
2025-11-26 19:45:07,95.58119513841999
2025-11-26 19:47:37,95.58035111411209
2025-11-26 19:50:07,95.57950708980418
2025-11-26 19:52:37,95.57866306549629
2025-11-26 19:55:07,95.57781904118839
2025-11-26 19:57:37,95.57697501688048
2025-11-26 20:00:07,95.57613099257259
2025-11-26 20:02:37,95.57528696826469
2025-11-26 20:05:07,95.57444294395678
2025-11-26 20:07:37,95.57359891964889
2025-11-26 20:10:07,95.57275489534099
2025-11-26 20:12:37,95.57191087103308
2025-11-26 20:15:07,95.57106684672519
2025-11-26 20:17:37,95.57022282241729
2025-11-26 20:20:07,95.56937879810938
2025-11-26 20:22:37,95.56853477380149
2025-11-26 20:25:07,95.56769074949358
2025-11-26 20:27:37,95.56684672518568
2025-11-26 20:30:07,95.56600270087779
2025-11-26 20:32:37,95.56515867656988
2025-11-26 20:35:07,95.56431465226198
2025-11-26 20:37:37,95.56347062795409
2025-11-26 20:40:07,95.56262660364618
2025-11-26 20:42:37,95.56178257933828
2025-11-26 20:45:07,95.56093855503039
2025-11-26 20:47:37,95.56009453072248
2025-11-26 20:50:07,95.55925050641459
2025-11-26 20:52:37,95.55840648210669
2025-11-26 20:55:07,95.55756245779878
2025-11-26 20:57:37,95.55671843349089
2025-11-26 21:00:07,95.55587440918299
2025-11-26 21:02:37,95.55503038487508
2025-11-26 21:05:07,95.55418636056719
2025-11-26 21:07:37,95.55334233625929
2025-11-26 21:10:07,95.55249831195138
2025-11-26 21:12:37,95.55165428764349
2025-11-26 21:15:07,95.55081026333558
2025-11-26 21:17:37,95.54996623902768
2025-11-26 21:20:07,95.54912221471979
2025-11-26 21:22:37,95.54827819041188
2025-11-26 21:25:07,95.54743416610398
2025-11-26 21:27:37,95.54659014179609
2025-11-26 21:30:07,95.54574611748818
2025-11-26 21:32:37,95.54490209318028
2025-11-26 21:35:07,95.54405806887239
2025-11-26 21:37:37,95.54321404456448
2025-11-26 21:40:07,95.54237002025658
2025-11-26 21:42:37,95.54152599594869
2025-11-26 21:45:07,95.54068197164078
2025-11-26 21:47:37,95.53983794733288
2025-11-26 21:50:07,95.53899392302499
2025-11-26 21:52:37,95.53814989871708
2025-11-26 21:55:07,95.53730587440918
2025-11-26 21:57:37,95.53646185010129
2025-11-26 22:00:07,95.53561782579338
2025-11-26 22:02:37,95.53477380148549
2025-11-26 22:05:07,95.53392977717758
2025-11-26 22:07:37,95.53308575286968
2025-11-26 22:10:07,95.53224172856179
2025-11-26 22:12:37,95.53139770425388
2025-11-26 22:15:07,95.53055367994598
2025-11-26 22:17:37,95.52970965563809
2025-11-26 22:20:07,95.52886563133018
2025-11-26 22:22:37,95.52802160702228
2025-11-26 22:25:07,95.52717758271439
2025-11-26 22:27:37,95.52633355840648
2025-11-26 22:30:07,95.52548953409858
2025-11-26 22:32:37,95.52464550979069
2025-11-26 22:35:07,95.52380148548278
2025-11-26 22:37:37,95.52295746117488
2025-11-26 22:40:07,95.52211343686699
2025-11-26 22:42:37,95.52126941255908
2025-11-26 22:45:07,95.52042538825118
2025-11-26 22:47:37,95.51958136394329
2025-11-26 22:50:07,95.51873733963538
2025-11-26 22:52:37,95.51789331532748
2025-11-26 22:55:07,95.51704929101957
2025-11-26 22:57:37,95.51620526671168
2025-11-26 23:00:07,95.51536124240378
2025-11-26 23:02:37,95.51451721809588
2025-11-26 23:05:07,95.51367319378798
2025-11-26 23:07:37,95.51282916948009
2025-11-26 23:10:07,95.51198514517218
2025-11-26 23:12:37,95.51114112086428
2025-11-26 23:15:07,95.51029709655639
2025-11-26 23:17:37,95.50945307224848
2025-11-26 23:20:07,95.50860904794058
2025-11-26 23:22:37,95.50776502363269
2025-11-26 23:25:07,95.50692099932478
2025-11-26 23:27:37,95.50607697501688
2025-11-26 23:30:07,95.50523295070899
2025-11-26 23:32:37,95.50438892640108
2025-11-26 23:35:07,95.50354490209318
2025-11-26 23:37:37,95.50270087778529
2025-11-26 23:40:07,95.50185685347738
2025-11-26 23:42:37,95.50101282916948
2025-11-26 23:45:07,95.50016880486157
2025-11-26 23:47:37,95.49932478055368
2025-11-26 23:50:07,95.49848075624578
2025-11-26 23:52:37,95.49763673193787
2025-11-26 23:55:07,95.49679270762998
2025-11-26 23:57:37,95.49594868332208
2025-11-27 00:00:07,95.49510465901417
2025-11-27 00:02:37,95.49426063470628
2025-11-27 00:05:07,95.49341661039838
2025-11-27 00:07:37,95.49257258609047
2025-11-27 00:10:07,95.49172856178258
2025-11-27 00:12:37,95.49088453747468
2025-11-27 00:15:07,95.49004051316678
2025-11-27 00:17:37,95.48919648885888
2025-11-27 00:20:07,95.48835246455099
2025-11-27 00:22:37,95.48750844024308
2025-11-27 00:25:07,95.48666441593518
2025-11-27 00:27:37,95.48582039162729
2025-11-27 00:30:07,95.48497636731938
2025-11-27 00:32:37,95.48413234301148
2025-11-27 00:35:07,95.48328831870357
2025-11-27 00:37:37,95.48244429439568
2025-11-27 00:40:07,95.48160027008778
2025-11-27 00:42:37,95.48075624577987
2025-11-27 00:45:07,95.47991222147198
2025-11-27 00:47:37,95.47906819716408
2025-11-27 00:50:07,95.47822417285617
2025-11-27 00:52:37,95.47738014854828
2025-11-27 00:55:07,95.47653612424038
2025-11-27 00:57:37,95.47569209993247
2025-11-27 01:00:07,95.47484807562458
2025-11-27 01:02:37,95.47400405131668
2025-11-27 01:05:07,95.47316002700877
2025-11-27 01:07:37,95.47231600270088
2025-11-27 01:10:07,95.47147197839298
2025-11-27 01:12:37,95.47062795408507
2025-11-27 01:15:07,95.46978392977718
2025-11-27 01:17:37,95.46893990546928
2025-11-27 01:20:07,95.46809588116137
2025-11-27 01:22:37,95.46725185685348
2025-11-27 01:25:07,95.46640783254557
2025-11-27 01:27:37,95.46556380823768
2025-11-27 01:30:07,95.46471978392978
2025-11-27 01:32:37,95.46387575962187
2025-11-27 01:35:07,95.46303173531398
2025-11-27 01:37:37,95.46218771100608
2025-11-27 01:40:07,95.46134368669817
2025-11-27 01:42:37,95.46049966239028
2025-11-27 01:45:07,95.45965563808238
2025-11-27 01:47:37,95.45881161377447
2025-11-27 01:50:07,95.45796758946658
2025-11-27 01:52:37,95.45712356515868
2025-11-27 01:55:07,95.45627954085077
2025-11-27 01:57:37,95.45543551654288
2025-11-27 02:00:07,95.45459149223498
2025-11-27 02:02:37,95.45374746792707
2025-11-27 02:05:07,95.45290344361918
2025-11-27 02:07:37,95.45205941931128
2025-11-27 02:10:07,95.45121539500337
2025-11-27 02:12:37,95.45037137069548
2025-11-27 02:15:07,95.44952734638757
2025-11-27 02:17:37,95.44868332207967
2025-11-27 02:20:07,95.44783929777178
2025-11-27 02:22:37,95.44699527346387
2025-11-27 02:25:07,95.44615124915597
2025-11-27 02:27:37,95.44530722484808
2025-11-27 02:30:07,95.44446320054017
2025-11-27 02:32:37,95.44361917623227
2025-11-27 02:35:07,95.44277515192438
2025-11-27 02:37:37,95.44193112761647
2025-11-27 02:40:07,95.44108710330858
2025-11-27 02:42:37,95.44024307900068
2025-11-27 02:45:07,95.43939905469277
2025-11-27 02:47:37,95.43855503038488
2025-11-27 02:50:07,95.43771100607698
2025-11-27 02:52:37,95.43686698176907
2025-11-27 02:55:07,95.43602295746118
2025-11-27 02:57:37,95.43517893315328
2025-11-27 03:00:07,95.43433490884537
2025-11-27 03:02:37,95.43349088453748
2025-11-27 03:05:07,95.43264686022957
2025-11-27 03:07:37,95.43180283592167
2025-11-27 03:10:07,95.43095881161378
2025-11-27 03:12:37,95.43011478730587
2025-11-27 03:15:07,95.42927076299797
2025-11-27 03:17:37,95.42842673869008
2025-11-27 03:20:07,95.42758271438217
2025-11-27 03:22:37,95.42673869007427
2025-11-27 03:25:07,95.42589466576638
2025-11-27 03:27:37,95.42505064145847
2025-11-27 03:30:07,95.42420661715057
2025-11-27 03:32:37,95.42336259284268
2025-11-27 03:35:07,95.42251856853477
2025-11-27 03:37:37,95.42167454422687
2025-11-27 03:40:07,95.42083051991898
2025-11-27 03:42:37,95.41998649561107
2025-11-27 03:45:07,95.41914247130318
2025-11-27 03:47:37,95.41829844699528
2025-11-27 03:50:07,95.41745442268737
2025-11-27 03:52:37,95.41661039837948
2025-11-27 03:55:07,95.41576637407157
2025-11-27 03:57:37,95.41492234976367
2025-11-27 04:00:07,95.41407832545578
2025-11-27 04:02:37,95.41323430114787
2025-11-27 04:05:07,95.41239027683997
2025-11-27 04:07:37,95.41154625253208
2025-11-27 04:10:07,95.41070222822417
2025-11-27 04:12:37,95.40985820391627
2025-11-27 04:15:07,95.40901417960838
2025-11-27 04:17:37,95.40817015530047
2025-11-27 04:20:07,95.40732613099257
2025-11-27 04:22:37,95.40648210668468
2025-11-27 04:25:07,95.40563808237677
2025-11-27 04:27:37,95.40479405806887
2025-11-27 04:30:07,95.40395003376098
2025-11-27 04:32:37,95.40310600945307
2025-11-27 04:35:07,95.40226198514517
2025-11-27 04:37:37,95.40141796083728
2025-11-27 04:40:07,95.40057393652937
2025-11-27 04:42:37,95.39972991222147
2025-11-27 04:45:07,95.39888588791356
2025-11-27 04:47:37,95.39804186360567
2025-11-27 04:50:07,95.39719783929777
2025-11-27 04:52:37,95.39635381498987
2025-11-27 04:55:07,95.39550979068197
2025-11-27 04:57:37,95.39466576637408
2025-11-27 05:00:07,95.39382174206617
2025-11-27 05:02:37,95.39297771775827
2025-11-27 05:05:07,95.39213369345038
2025-11-27 05:07:37,95.39128966914247
2025-11-27 05:10:07,95.39044564483457
2025-11-27 05:12:37,95.38960162052668
2025-11-27 05:15:07,95.38875759621877
2025-11-27 05:17:37,95.38791357191087
2025-11-27 05:20:07,95.38706954760298
2025-11-27 05:22:37,95.38622552329507
2025-11-27 05:25:07,95.38538149898717
2025-11-27 05:27:37,95.38453747467928
2025-11-27 05:30:07,95.38369345037137
2025-11-27 05:32:37,95.38284942606347
2025-11-27 05:35:07,95.38200540175558
2025-11-27 05:37:37,95.38116137744767
2025-11-27 05:40:07,95.38031735313977
2025-11-27 05:42:37,95.37947332883186
2025-11-27 05:45:07,95.37862930452397
2025-11-27 05:47:37,95.37778528021607
2025-11-27 05:50:07,95.37694125590816
2025-11-27 05:52:37,95.37609723160027
2025-11-27 05:55:07,95.37525320729237
2025-11-27 05:57:37,95.37440918298446
2025-11-27 06:00:07,95.37356515867657
2025-11-27 06:02:37,95.37272113436867
2025-11-27 06:05:07,95.37187711006077
2025-11-27 06:07:37,95.37103308575287
2025-11-27 06:10:07,95.37018906144498
2025-11-27 06:12:37,95.36934503713707
2025-11-27 06:15:07,95.36850101282917
2025-11-27 06:17:37,95.36765698852128
2025-11-27 06:20:07,95.36681296421337
2025-11-27 06:22:37,95.36596893990547
2025-11-27 06:25:07,95.36512491559758
2025-11-27 06:27:37,95.36428089128967
2025-11-27 06:30:07,95.36343686698177
2025-11-27 06:32:37,95.36259284267386
2025-11-27 06:35:07,95.36174881836597
2025-11-27 06:37:37,95.36090479405807
2025-11-27 06:40:07,95.36006076975016
2025-11-27 06:42:37,95.35921674544227
2025-11-27 06:45:07,95.35837272113437
2025-11-27 06:47:37,95.35752869682646
2025-11-27 06:50:07,95.35668467251857
2025-11-27 06:52:37,95.35584064821067
2025-11-27 06:55:07,95.35499662390276
2025-11-27 06:57:37,95.35415259959487
2025-11-27 07:00:07,95.35330857528697
2025-11-27 07:02:37,95.35246455097906
2025-11-27 07:05:07,95.35162052667117
2025-11-27 07:07:37,95.35077650236327
2025-11-27 07:10:07,95.34993247805536
2025-11-27 07:12:37,95.34908845374747
2025-11-27 07:15:07,95.34824442943957
2025-11-27 07:17:37,95.34740040513167
2025-11-27 07:20:07,95.34655638082377
2025-11-27 07:22:37,95.34571235651586
2025-11-27 07:25:07,95.34486833220797
2025-11-27 07:27:37,95.34402430790007
2025-11-27 07:30:07,95.34318028359216
2025-11-27 07:32:37,95.34233625928427
2025-11-27 07:35:07,95.34149223497637
2025-11-27 07:37:37,95.34064821066846
2025-11-27 07:40:07,95.33980418636057
2025-11-27 07:42:37,95.33896016205267
2025-11-27 07:45:07,95.33811613774476
2025-11-27 07:47:37,95.33727211343687
2025-11-27 07:50:07,95.33642808912897
2025-11-27 07:52:37,95.33558406482106
2025-11-27 07:55:07,95.33474004051317
2025-11-27 07:57:37,95.33389601620527
2025-11-27 08:00:07,95.33305199189736
2025-11-27 08:02:37,95.33220796758947
2025-11-27 08:05:07,95.33136394328157
2025-11-27 08:07:37,95.33051991897366
2025-11-27 08:10:07,95.32967589466577
2025-11-27 08:12:37,95.32883187035786
2025-11-27 08:15:07,95.32798784604996
2025-11-27 08:17:37,95.32714382174207
2025-11-27 08:20:07,95.32629979743416
2025-11-27 08:22:37,95.32545577312627
2025-11-27 08:25:07,95.32461174881837
2025-11-27 08:27:37,95.32376772451046
2025-11-27 08:30:07,95.32292370020257
2025-11-27 08:32:37,95.32207967589467
2025-11-27 08:35:07,95.32123565158676
2025-11-27 08:37:37,95.32039162727887
2025-11-27 08:40:07,95.31954760297097
2025-11-27 08:42:37,95.31870357866306
2025-11-27 08:45:07,95.31785955435517
2025-11-27 08:47:37,95.31701553004727
2025-11-27 08:50:07,95.31617150573936
2025-11-27 08:52:37,95.31532748143147
2025-11-27 08:55:07,95.31448345712357
2025-11-27 08:57:37,95.31363943281566
2025-11-27 09:00:07,95.31279540850777
2025-11-27 09:02:37,95.31195138419986
2025-11-27 09:05:07,95.31110735989196
2025-11-27 09:07:37,95.31026333558407
2025-11-27 09:10:07,95.30941931127616
2025-11-27 09:12:37,95.30857528696826
2025-11-27 09:15:07,95.30773126266037
2025-11-27 09:17:37,95.30688723835246
2025-11-27 09:20:07,95.30604321404456
2025-11-27 09:22:37,95.30519918973667
2025-11-27 09:25:07,95.30435516542876
2025-11-27 09:27:37,95.30351114112086
2025-11-27 09:30:07,95.30266711681297
2025-11-27 09:32:37,95.30182309250506
2025-11-27 09:35:07,95.30097906819717
2025-11-27 09:37:37,95.30013504388927
2025-11-27 09:40:07,95.29929101958136
2025-11-27 09:42:37,95.29844699527347
2025-11-27 09:45:07,95.29760297096557
2025-11-27 09:47:37,95.29675894665766
2025-11-27 09:50:07,95.29591492234977
2025-11-27 09:52:37,95.29507089804186
2025-11-27 09:55:07,95.29422687373396
2025-11-27 09:57:37,95.29338284942607
2025-11-27 10:00:07,95.29253882511816
2025-11-27 10:02:37,95.29169480081026
2025-11-27 10:05:07,95.29085077650237
2025-11-27 10:07:37,95.29000675219446
2025-11-27 10:10:07,95.28916272788656
2025-11-27 10:12:37,95.28831870357867
2025-11-27 10:15:07,95.28747467927076
2025-11-27 10:17:37,95.28663065496286
2025-11-27 10:20:07,95.28578663065497
2025-11-27 10:22:37,95.28494260634706
2025-11-27 10:25:07,95.28409858203916
2025-11-27 10:27:37,95.28325455773127
2025-11-27 10:30:07,95.28241053342336
2025-11-27 10:32:37,95.28156650911546
2025-11-27 10:35:07,95.28072248480757
2025-11-27 10:37:37,95.27987846049966
2025-11-27 10:40:07,95.27903443619176
2025-11-27 10:42:37,95.27819041188386
2025-11-27 10:45:07,95.27734638757596
2025-11-27 10:47:37,95.27650236326807
2025-11-27 10:50:07,95.27565833896016
2025-11-27 10:52:37,95.27481431465226
2025-11-27 10:55:07,95.27397029034437
2025-11-27 10:57:37,95.27312626603646
2025-11-27 11:00:07,95.27228224172856
2025-11-27 11:02:37,95.27143821742067
2025-11-27 11:05:07,95.27059419311276
2025-11-27 11:07:37,95.26975016880486
2025-11-27 11:10:07,95.26890614449697
2025-11-27 11:12:37,95.26806212018906
2025-11-27 11:15:07,95.26721809588116
2025-11-27 11:17:37,95.26637407157327
2025-11-27 11:20:07,95.26553004726536
2025-11-27 11:22:37,95.26468602295746
2025-11-27 11:25:07,95.26384199864957
2025-11-27 11:27:37,95.26299797434166
2025-11-27 11:30:07,95.26215395003376
2025-11-27 11:32:37,95.26130992572585
2025-11-27 11:35:07,95.26046590141796
2025-11-27 11:37:37,95.25962187711006
2025-11-27 11:40:07,95.25877785280215
2025-11-27 11:42:37,95.25793382849426
2025-11-27 11:45:07,95.25708980418636
2025-11-27 11:47:37,95.25624577987845
2025-11-27 11:50:07,95.25540175557056
2025-11-27 11:52:37,95.25455773126266
2025-11-27 11:55:07,95.25371370695476
2025-11-27 11:57:37,95.25286968264686
2025-11-27 12:00:07,95.25202565833897
2025-11-27 12:02:37,95.25118163403106
2025-11-27 12:05:07,95.25033760972316
2025-11-27 12:07:37,95.24949358541527
2025-11-27 12:10:07,95.24864956110736
2025-11-27 12:12:37,95.24780553679946
2025-11-27 12:15:07,95.24696151249157
2025-11-27 12:17:37,95.24611748818366
2025-11-27 12:20:07,95.24527346387576
2025-11-27 12:22:37,95.24442943956785
2025-11-27 12:25:07,95.24358541525996
2025-11-27 12:27:37,95.24274139095206
2025-11-27 12:30:07,95.24189736664415
2025-11-27 12:32:37,95.24105334233626
2025-11-27 12:35:07,95.24020931802836
2025-11-27 12:37:37,95.23936529372045
2025-11-27 12:40:07,95.23852126941256
2025-11-27 12:42:37,95.23767724510466
2025-11-27 12:45:07,95.23683322079675
2025-11-27 12:47:37,95.23598919648886
2025-11-27 12:50:07,95.23514517218096
2025-11-27 12:52:37,95.23430114787305
2025-11-27 12:55:07,95.23345712356516
2025-11-27 12:57:37,95.23261309925726
2025-11-27 13:00:07,95.23176907494936
2025-11-27 13:02:37,95.23092505064146
2025-11-27 13:05:07,95.23008102633356
2025-11-27 13:07:37,95.22923700202566
2025-11-27 13:10:07,95.22839297771776
2025-11-27 13:12:37,95.22754895340985
2025-11-27 13:15:07,95.22670492910196
2025-11-27 13:17:37,95.22586090479406
2025-11-27 13:20:07,95.22501688048615
2025-11-27 13:22:37,95.22417285617826
2025-11-27 13:25:07,95.22332883187036
2025-11-27 13:27:37,95.22248480756245
2025-11-27 13:30:07,95.22164078325456
2025-11-27 13:32:37,95.22079675894666
2025-11-27 13:35:07,95.21995273463875
2025-11-27 13:37:37,95.21910871033086
2025-11-27 13:40:07,95.21826468602296
2025-11-27 13:42:37,95.21742066171505
2025-11-27 13:45:07,95.21657663740716
2025-11-27 13:47:37,95.21573261309926
2025-11-27 13:50:07,95.21488858879135
2025-11-27 13:52:37,95.21404456448346
2025-11-27 13:55:07,95.21320054017556
2025-11-27 13:57:37,95.21235651586765
2025-11-27 14:00:07,95.21151249155976
2025-11-27 14:02:37,95.21066846725186
2025-11-27 14:05:07,95.20982444294395
2025-11-27 14:07:37,95.20898041863606
2025-11-27 14:10:07,95.20813639432815
2025-11-27 14:12:37,95.20729237002026
2025-11-27 14:15:07,95.20644834571236
2025-11-27 14:17:37,95.20560432140445
2025-11-27 14:20:07,95.20476029709656
2025-11-27 14:22:37,95.20391627278866
2025-11-27 14:25:07,95.20307224848075
2025-11-27 14:27:37,95.20222822417286
2025-11-27 14:30:07,95.20138419986496
2025-11-27 14:32:37,95.20054017555705
2025-11-27 14:35:07,95.19969615124916
2025-11-27 14:37:37,95.19885212694126
2025-11-27 14:40:07,95.19800810263335
2025-11-27 14:42:37,95.19716407832546
2025-11-27 14:45:07,95.19632005401756
2025-11-27 14:47:37,95.19547602970965
2025-11-27 14:50:07,95.19463200540176
2025-11-27 14:52:37,95.19378798109386
2025-11-27 14:55:07,95.19294395678595
2025-11-27 14:57:37,95.19209993247806
2025-11-27 15:00:07,95.19125590817015
2025-11-27 15:02:37,95.19041188386225
2025-11-27 15:05:07,95.18956785955436
2025-11-27 15:07:37,95.18872383524645
2025-11-27 15:10:07,95.18787981093855
2025-11-27 15:12:37,95.18703578663066
2025-11-27 15:15:07,95.18619176232275
2025-11-27 15:17:37,95.18534773801485
2025-11-27 15:20:07,95.18450371370696
2025-11-27 15:22:37,95.18365968939905
2025-11-27 15:25:07,95.18281566509116
2025-11-27 15:27:37,95.18197164078326
2025-11-27 15:30:07,95.18112761647535
2025-11-27 15:32:37,95.18028359216746
2025-11-27 15:35:07,95.17943956785956
2025-11-27 15:37:37,95.17859554355165
2025-11-27 15:40:07,95.17775151924376
2025-11-27 15:42:37,95.17690749493586
2025-11-27 15:45:07,95.17606347062795
2025-11-27 15:47:37,95.17521944632006
2025-11-27 15:50:07,95.17437542201215
2025-11-27 15:52:37,95.17353139770425
2025-11-27 15:55:07,95.17268737339636
2025-11-27 15:57:37,95.17184334908845
2025-11-27 16:00:07,95.17099932478055
2025-11-27 16:02:37,95.17015530047266
2025-11-27 16:05:07,95.16931127616475
2025-11-27 16:07:37,95.16846725185685
2025-11-27 16:10:07,95.16762322754896
2025-11-27 16:12:37,95.16677920324105
2025-11-27 16:15:07,95.16593517893315
2025-11-27 16:17:37,95.16509115462526
2025-11-27 16:20:07,95.16424713031735
2025-11-27 16:22:37,95.16340310600945
2025-11-27 16:25:07,95.16255908170156
2025-11-27 16:27:37,95.16171505739365
2025-11-27 16:30:07,95.16087103308575
2025-11-27 16:32:37,95.16002700877786
2025-11-27 16:35:07,95.15918298446995
2025-11-27 16:37:37,95.15833896016206
2025-11-27 16:40:07,95.15749493585415
2025-11-27 16:42:37,95.15665091154625
2025-11-27 16:45:07,95.15580688723836
2025-11-27 16:47:37,95.15496286293045
2025-11-27 16:50:07,95.15411883862255
2025-11-27 16:52:37,95.15327481431466
2025-11-27 16:55:07,95.15243079000675
2025-11-27 16:57:37,95.15158676569885
2025-11-27 17:00:07,95.15074274139096
2025-11-27 17:02:37,95.14989871708305
2025-11-27 17:05:07,95.14905469277515
2025-11-27 17:07:37,95.14821066846726
2025-11-27 17:10:07,95.14736664415935
2025-11-27 17:12:37,95.14652261985145
2025-11-27 17:15:07,95.14567859554356
2025-11-27 17:17:37,95.14483457123565
2025-11-27 17:20:07,95.14399054692775
2025-11-27 17:22:37,95.14314652261986
2025-11-27 17:25:07,95.14230249831195
2025-11-27 17:27:37,95.14145847400405
2025-11-27 17:30:07,95.14061444969614
2025-11-27 17:32:37,95.13977042538825
2025-11-27 17:35:07,95.13892640108035
2025-11-27 17:37:37,95.13808237677245
2025-11-27 17:40:07,95.13723835246455
2025-11-27 17:42:37,95.13639432815665
2025-11-27 17:45:07,95.13555030384875
2025-11-27 17:47:37,95.13470627954085
2025-11-27 17:50:07,95.13386225523296
2025-11-27 17:52:37,95.13301823092505
2025-11-27 17:55:07,95.13217420661715
2025-11-27 17:57:37,95.13133018230926
2025-11-27 18:00:07,95.13048615800135
2025-11-27 18:02:37,95.12964213369345
2025-11-27 18:05:07,95.12879810938556
2025-11-27 18:07:37,95.12795408507765
2025-11-27 18:10:07,95.12711006076975
2025-11-27 18:12:37,95.12626603646186
2025-11-27 18:15:07,95.12542201215395
2025-11-27 18:17:37,95.12457798784605
2025-11-27 18:20:07,95.12373396353814
2025-11-27 18:22:37,95.12288993923025
2025-11-27 18:25:07,95.12204591492235
2025-11-27 18:27:37,95.12120189061444
2025-11-27 18:30:07,95.12035786630655
2025-11-27 18:32:37,95.11951384199865
2025-11-27 18:35:07,95.11866981769074
2025-11-27 18:37:37,95.11782579338285
2025-11-27 18:40:07,95.11698176907495
2025-11-27 18:42:37,95.11613774476704
2025-11-27 18:45:07,95.11529372045915
2025-11-27 18:47:37,95.11444969615125
2025-11-27 18:50:07,95.11360567184335
2025-11-27 18:52:37,95.11276164753545
2025-11-27 18:55:07,95.11191762322755
2025-11-27 18:57:37,95.11107359891965
2025-11-27 19:00:07,95.11022957461175
2025-11-27 19:02:37,95.10938555030386
2025-11-27 19:05:07,95.10854152599595
2025-11-27 19:07:37,95.10769750168805
2025-11-27 19:10:07,95.10685347738014
2025-11-27 19:12:37,95.10600945307225
2025-11-27 19:15:07,95.10516542876435
2025-11-27 19:17:37,95.10432140445644
2025-11-27 19:20:07,95.10347738014855
2025-11-27 19:22:37,95.10263335584065
2025-11-27 19:25:07,95.10178933153274
2025-11-27 19:27:37,95.10094530722485
2025-11-27 19:30:07,95.10010128291695
2025-11-27 19:32:37,95.09925725860904
2025-11-27 19:35:07,95.09841323430115
2025-11-27 19:37:37,95.09756920999325
2025-11-27 19:40:07,95.09672518568534
2025-11-27 19:42:37,95.09588116137745
2025-11-27 19:45:07,95.09503713706955
2025-11-27 19:47:37,95.09419311276164
2025-11-27 19:50:07,95.09334908845375
2025-11-27 19:52:37,95.09250506414585
2025-11-27 19:55:07,95.09166103983794
2025-11-27 19:57:37,95.09081701553005
2025-11-27 20:00:07,95.08997299122214
2025-11-27 20:02:37,95.08912896691425
2025-11-27 20:05:07,95.08828494260635
2025-11-27 20:07:37,95.08744091829844
2025-11-27 20:10:07,95.08659689399055
2025-11-27 20:12:37,95.08575286968265
2025-11-27 20:15:07,95.08490884537474
2025-11-27 20:17:37,95.08406482106685
2025-11-27 20:20:07,95.08322079675895
2025-11-27 20:22:37,95.08237677245104
2025-11-27 20:25:07,95.08153274814315
2025-11-27 20:27:37,95.08068872383525
2025-11-27 20:30:07,95.07984469952734
2025-11-27 20:32:37,95.07900067521945
2025-11-27 20:35:07,95.07815665091155
2025-11-27 20:37:37,95.07731262660364
2025-11-27 20:40:07,95.07646860229575
2025-11-27 20:42:37,95.07562457798785
2025-11-27 20:45:07,95.07478055367994
2025-11-27 20:47:37,95.07393652937205
2025-11-27 20:50:07,95.07309250506414
2025-11-27 20:52:37,95.07224848075624
2025-11-27 20:55:07,95.07140445644835
2025-11-27 20:57:37,95.07056043214044
2025-11-27 21:00:07,95.06971640783254
2025-11-27 21:02:37,95.06887238352465
2025-11-27 21:05:07,95.06802835921674
2025-11-27 21:07:37,95.06718433490884
2025-11-27 21:10:07,95.06634031060095
2025-11-27 21:12:37,95.06549628629304
2025-11-27 21:15:07,95.06465226198515
2025-11-27 21:17:37,95.06380823767725
2025-11-27 21:20:07,95.06296421336934
2025-11-27 21:22:37,95.06212018906145
2025-11-27 21:25:07,95.06127616475355
2025-11-27 21:27:37,95.06043214044564
2025-11-27 21:30:07,95.05958811613775
2025-11-27 21:32:37,95.05874409182985
2025-11-27 21:35:07,95.05790006752194
2025-11-27 21:37:37,95.05705604321405
2025-11-27 21:40:07,95.05621201890614
2025-11-27 21:42:37,95.05536799459824
2025-11-27 21:45:07,95.05452397029035
2025-11-27 21:47:37,95.05367994598244
2025-11-27 21:50:07,95.05283592167454
2025-11-27 21:52:37,95.05199189736665
2025-11-27 21:55:07,95.05114787305874
2025-11-27 21:57:37,95.05030384875084
2025-11-27 22:00:07,95.04945982444295
2025-11-27 22:02:37,95.04861580013504
2025-11-27 22:05:07,95.04777177582714
2025-11-27 22:07:37,95.04692775151925
2025-11-27 22:10:07,95.04608372721134
2025-11-27 22:12:37,95.04523970290344
2025-11-27 22:15:07,95.04439567859555
2025-11-27 22:17:37,95.04355165428764
2025-11-27 22:20:07,95.04270762997974
2025-11-27 22:22:37,95.04186360567185
2025-11-27 22:25:07,95.04101958136394
2025-11-27 22:27:37,95.04017555705605
2025-11-27 22:30:07,95.03933153274814
2025-11-27 22:32:37,95.03848750844024
2025-11-27 22:35:07,95.03764348413235
2025-11-27 22:37:37,95.03679945982444
2025-11-27 22:40:07,95.03595543551654
2025-11-27 22:42:37,95.03511141120865
2025-11-27 22:45:07,95.03426738690074
2025-11-27 22:47:37,95.03342336259284
2025-11-27 22:50:07,95.03257933828495
2025-11-27 22:52:37,95.03173531397704
2025-11-27 22:55:07,95.03089128966914
2025-11-27 22:57:37,95.03004726536125
2025-11-27 23:00:07,95.02920324105334
2025-11-27 23:02:37,95.02835921674544
2025-11-27 23:05:07,95.02751519243755
2025-11-27 23:07:37,95.02667116812964
2025-11-27 23:10:07,95.02582714382174
2025-11-27 23:12:37,95.02498311951385
2025-11-27 23:15:07,95.02413909520594
2025-11-27 23:17:37,95.02329507089804
2025-11-27 23:20:07,95.02245104659015
2025-11-27 23:22:37,95.02160702228224
2025-11-27 23:25:07,95.02076299797434
2025-11-27 23:27:37,95.01991897366644
2025-11-27 23:30:07,95.01907494935854
2025-11-27 23:32:37,95.01823092505064
2025-11-27 23:35:07,95.01738690074274
2025-11-27 23:37:37,95.01654287643484
2025-11-27 23:40:07,95.01569885212695
2025-11-27 23:42:37,95.01485482781904
2025-11-27 23:45:07,95.01401080351114
2025-11-27 23:47:37,95.01316677920325
2025-11-27 23:50:07,95.01232275489534
2025-11-27 23:52:37,95.01147873058744
2025-11-27 23:55:07,95.01063470627955
2025-11-27 23:57:37,95.00979068197164
2025-11-28 00:00:07,95.00894665766374
2025-11-28 00:02:37,95.00810263335585
2025-11-28 00:05:07,95.00725860904794
2025-11-28 00:07:37,95.00641458474004
2025-11-28 00:10:07,95.00557056043215
2025-11-28 00:12:37,95.00472653612424
2025-11-28 00:15:07,95.00388251181634
2025-11-28 00:17:37,95.00303848750843
2025-11-28 00:20:07,95.00219446320054
2025-11-28 00:22:37,95.00135043889264
2025-11-28 00:25:07,95.00050641458473
2025-11-28 00:27:37,94.99966239027684
2025-11-28 00:30:07,94.99881836596894
2025-11-28 00:32:37,94.99797434166103
2025-11-28 00:35:07,94.99713031735314
2025-11-28 00:37:37,94.99628629304524
2025-11-28 00:40:07,94.99544226873734
2025-11-28 00:42:37,94.99459824442944
2025-11-28 00:45:07,94.99375422012155
2025-11-28 00:47:37,94.99291019581364
2025-11-28 00:50:07,94.99206617150574
2025-11-28 00:52:37,94.99122214719785
2025-11-28 00:55:07,94.99037812288994
2025-11-28 00:57:37,94.98953409858204
2025-11-28 01:00:07,94.98869007427415
2025-11-28 01:02:37,94.98784604996624
2025-11-28 01:05:07,94.98700202565834
2025-11-28 01:07:37,94.98615800135043
2025-11-28 01:10:07,94.98531397704254
2025-11-28 01:12:37,94.98446995273464
2025-11-28 01:15:07,94.98362592842673
2025-11-28 01:17:37,94.98278190411884
2025-11-28 01:20:07,94.98193787981094
2025-11-28 01:22:37,94.98109385550303
2025-11-28 01:25:07,94.98024983119514
2025-11-28 01:27:37,94.97940580688724
2025-11-28 01:30:07,94.97856178257933
2025-11-28 01:32:37,94.97771775827144
2025-11-28 01:35:07,94.97687373396354
2025-11-28 01:37:37,94.97602970965563
2025-11-28 01:40:07,94.97518568534774
2025-11-28 01:42:37,94.97434166103984
2025-11-28 01:45:07,94.97349763673193
2025-11-28 01:47:37,94.97265361242404
2025-11-28 01:50:07,94.97180958811614
2025-11-28 01:52:37,94.97096556380824
2025-11-28 01:55:07,94.97012153950034
2025-11-28 01:57:37,94.96927751519243
2025-11-28 02:00:07,94.96843349088454
2025-11-28 02:02:37,94.96758946657664
2025-11-28 02:05:07,94.96674544226873
2025-11-28 02:07:37,94.96590141796084
2025-11-28 02:10:07,94.96505739365294
2025-11-28 02:12:37,94.96421336934503
2025-11-28 02:15:07,94.96336934503714
2025-11-28 02:17:37,94.96252532072924
2025-11-28 02:20:07,94.96168129642133
2025-11-28 02:22:37,94.96083727211344
2025-11-28 02:25:07,94.95999324780554
2025-11-28 02:27:37,94.95914922349763
2025-11-28 02:30:07,94.95830519918974
2025-11-28 02:32:37,94.95746117488184
2025-11-28 02:35:07,94.95661715057393
2025-11-28 02:37:37,94.95577312626604
2025-11-28 02:40:07,94.95492910195814
2025-11-28 02:42:37,94.95408507765023
2025-11-28 02:45:07,94.95324105334234
2025-11-28 02:47:37,94.95239702903443
2025-11-28 02:50:07,94.95155300472653
2025-11-28 02:52:37,94.95070898041864
2025-11-28 02:55:07,94.94986495611073
2025-11-28 02:57:37,94.94902093180283
2025-11-28 03:00:07,94.94817690749494
2025-11-28 03:02:37,94.94733288318703
2025-11-28 03:05:07,94.94648885887914
2025-11-28 03:07:37,94.94564483457124
2025-11-28 03:10:07,94.94480081026333
2025-11-28 03:12:37,94.94395678595544
2025-11-28 03:15:07,94.94311276164754
2025-11-28 03:17:37,94.94226873733963
2025-11-28 03:20:07,94.94142471303174
2025-11-28 03:22:37,94.94058068872384
2025-11-28 03:25:07,94.93973666441593
2025-11-28 03:27:37,94.93889264010804
2025-11-28 03:30:07,94.93804861580014
2025-11-28 03:32:37,94.93720459149223
2025-11-28 03:35:07,94.93636056718434
2025-11-28 03:37:37,94.93551654287643
2025-11-28 03:40:07,94.93467251856853
2025-11-28 03:42:37,94.93382849426064
2025-11-28 03:45:07,94.93298446995273
2025-11-28 03:47:37,94.93214044564483
2025-11-28 03:50:07,94.93129642133694
2025-11-28 03:52:37,94.93045239702903
2025-11-28 03:55:07,94.92960837272113
2025-11-28 03:57:37,94.92876434841324
2025-11-28 04:00:07,94.92792032410533
2025-11-28 04:02:37,94.92707629979743
2025-11-28 04:05:07,94.92623227548954
2025-11-28 04:07:37,94.92538825118163
2025-11-28 04:10:07,94.92454422687373
2025-11-28 04:12:37,94.92370020256584
2025-11-28 04:15:07,94.92285617825793
2025-11-28 04:17:37,94.92201215395004
2025-11-28 04:20:07,94.92116812964214
2025-11-28 04:22:37,94.92032410533423
2025-11-28 04:25:07,94.91948008102634
2025-11-28 04:27:37,94.91863605671843
2025-11-28 04:30:07,94.91779203241053
2025-11-28 04:32:37,94.91694800810264
2025-11-28 04:35:07,94.91610398379473
2025-11-28 04:37:37,94.91525995948683
2025-11-28 04:40:07,94.91441593517894
2025-11-28 04:42:37,94.91357191087103
2025-11-28 04:45:07,94.91272788656313
2025-11-28 04:47:37,94.91188386225524
2025-11-28 04:50:07,94.91103983794733
2025-11-28 04:52:37,94.91019581363943
2025-11-28 04:55:07,94.90935178933154
2025-11-28 04:57:37,94.90850776502363
2025-11-28 05:00:07,94.90766374071573
2025-11-28 05:02:37,94.90681971640784
2025-11-28 05:05:07,94.90597569209993
2025-11-28 05:07:37,94.90513166779203
2025-11-28 05:10:07,94.90428764348414
2025-11-28 05:12:37,94.90344361917623
2025-11-28 05:15:07,94.90259959486833
2025-11-28 05:17:37,94.90175557056043
2025-11-28 05:20:07,94.90091154625253
2025-11-28 05:22:37,94.90006752194464
2025-11-28 05:25:07,94.89922349763673
2025-11-28 05:27:37,94.89837947332883
2025-11-28 05:30:07,94.89753544902094
2025-11-28 05:32:37,94.89669142471303
2025-11-28 05:35:07,94.89584740040513
2025-11-28 05:37:37,94.89500337609724
2025-11-28 05:40:07,94.89415935178933
2025-11-28 05:42:37,94.89331532748143
2025-11-28 05:45:07,94.89247130317354
2025-11-28 05:47:37,94.89162727886563
2025-11-28 05:50:07,94.89078325455773
2025-11-28 05:52:37,94.88993923024984
2025-11-28 05:55:07,94.88909520594193
2025-11-28 05:57:37,94.88825118163403
2025-11-28 06:00:07,94.88740715732614
2025-11-28 06:02:37,94.88656313301823
2025-11-28 06:05:07,94.88571910871033
2025-11-28 06:07:37,94.88487508440242
2025-11-28 06:10:07,94.88403106009453
2025-11-28 06:12:37,94.88318703578663
2025-11-28 06:15:07,94.88234301147872
2025-11-28 06:17:37,94.88149898717083
2025-11-28 06:20:07,94.88065496286293
2025-11-28 06:22:37,94.87981093855502
2025-11-28 06:25:07,94.87896691424713
2025-11-28 06:27:37,94.87812288993923
2025-11-28 06:30:07,94.87727886563133
2025-11-28 06:32:37,94.87643484132343
2025-11-28 06:35:07,94.87559081701554
2025-11-28 06:37:37,94.87474679270763
2025-11-28 06:40:07,94.87390276839973
2025-11-28 06:42:37,94.87305874409184
2025-11-28 06:45:07,94.87221471978393
2025-11-28 06:47:37,94.87137069547603
2025-11-28 06:50:07,94.87052667116814
2025-11-28 06:52:37,94.86968264686023
2025-11-28 06:55:07,94.86883862255233
2025-11-28 06:57:37,94.86799459824442
2025-11-28 07:00:07,94.86715057393653
2025-11-28 07:02:37,94.86630654962863
2025-11-28 07:05:07,94.86546252532072
2025-11-28 07:07:37,94.86461850101283
2025-11-28 07:10:07,94.86377447670493
2025-11-28 07:12:37,94.86293045239702
2025-11-28 07:15:07,94.86208642808913
2025-11-28 07:17:37,94.86124240378123
2025-11-28 07:20:07,94.86039837947332
2025-11-28 07:22:37,94.85955435516543
2025-11-28 07:25:07,94.85871033085753
2025-11-28 07:27:37,94.85786630654962
2025-11-28 07:30:07,94.85702228224173
2025-11-28 07:32:37,94.85617825793383
2025-11-28 07:35:07,94.85533423362592
2025-11-28 07:37:37,94.85449020931803
2025-11-28 07:40:07,94.85364618501013
2025-11-28 07:42:37,94.85280216070223
2025-11-28 07:45:07,94.85195813639433
2025-11-28 07:47:37,94.85111411208644
2025-11-28 07:50:07,94.85027008777853
2025-11-28 07:52:37,94.84942606347063
2025-11-28 07:55:07,94.84858203916272
2025-11-28 07:57:37,94.84773801485483
2025-11-28 08:00:07,94.84689399054693
2025-11-28 08:02:37,94.84604996623902
2025-11-28 08:05:07,94.84520594193113
2025-11-28 08:07:37,94.84436191762323
2025-11-28 08:10:07,94.84351789331532
2025-11-28 08:12:37,94.84267386900743
2025-11-28 08:15:07,94.84182984469953
2025-11-28 08:17:37,94.84098582039162
2025-11-28 08:20:07,94.84014179608373
2025-11-28 08:22:37,94.83929777177583
2025-11-28 08:25:07,94.83845374746792
2025-11-28 08:27:37,94.83760972316003
2025-11-28 08:30:07,94.83676569885213
2025-11-28 08:32:37,94.83592167454422
2025-11-28 08:35:07,94.83507765023633
2025-11-28 08:37:37,94.83423362592843
2025-11-28 08:40:07,94.83338960162052
2025-11-28 08:42:37,94.83254557731263
2025-11-28 08:45:07,94.83170155300472
2025-11-28 08:47:37,94.83085752869682
2025-11-28 08:50:07,94.83001350438893
2025-11-28 08:52:37,94.82916948008102
2025-11-28 08:55:07,94.82832545577313
2025-11-28 08:57:37,94.82748143146523
2025-11-28 09:00:07,94.82663740715732
2025-11-28 09:02:37,94.82579338284943
2025-11-28 09:05:07,94.82494935854153
2025-11-28 09:07:37,94.82410533423362
2025-11-28 09:10:07,94.82326130992573
2025-11-28 09:12:37,94.82241728561783
2025-11-28 09:15:07,94.82157326130992
2025-11-28 09:17:37,94.82072923700203
2025-11-28 09:20:07,94.81988521269413
2025-11-28 09:22:37,94.81904118838622
2025-11-28 09:25:07,94.81819716407833
2025-11-28 09:27:37,94.81735313977043
2025-11-28 09:30:07,94.81650911546252
2025-11-28 09:32:37,94.81566509115463
2025-11-28 09:35:07,94.81482106684672
2025-11-28 09:37:37,94.81397704253882
2025-11-28 09:40:07,94.81313301823093
2025-11-28 09:42:37,94.81228899392302
2025-11-28 09:45:07,94.81144496961512
2025-11-28 09:47:37,94.81060094530723
2025-11-28 09:50:07,94.80975692099932
2025-11-28 09:52:37,94.80891289669142
2025-11-28 09:55:07,94.80806887238353
2025-11-28 09:57:37,94.80722484807562
2025-11-28 10:00:07,94.80638082376773
2025-11-28 10:02:37,94.80553679945983
2025-11-28 10:05:07,94.80469277515192
2025-11-28 10:07:37,94.80384875084403
2025-11-28 10:10:07,94.80300472653613
2025-11-28 10:12:37,94.80216070222822
2025-11-28 10:15:07,94.80131667792033
2025-11-28 10:17:37,94.80047265361243
2025-11-28 10:20:07,94.79962862930452
2025-11-28 10:22:37,94.79878460499663
2025-11-28 10:25:07,94.79794058068872
2025-11-28 10:27:37,94.79709655638082
2025-11-28 10:30:07,94.79625253207293
2025-11-28 10:32:37,94.79540850776502
2025-11-28 10:35:07,94.79456448345712
2025-11-28 10:37:37,94.79372045914923
2025-11-28 10:40:07,94.79287643484132
2025-11-28 10:42:37,94.79203241053342
2025-11-28 10:45:07,94.79118838622553
2025-11-28 10:47:37,94.79034436191762
2025-11-28 10:50:07,94.78950033760972
2025-11-28 10:52:37,94.78865631330183
2025-11-28 10:55:07,94.78781228899392
2025-11-28 10:57:37,94.78696826468602
2025-11-28 11:00:07,94.78612424037813
2025-11-28 11:02:37,94.78528021607022
2025-11-28 11:05:07,94.78443619176232
2025-11-28 11:07:37,94.78359216745443
2025-11-28 11:10:07,94.78274814314652
2025-11-28 11:12:37,94.78190411883863
2025-11-28 11:15:07,94.78106009453072
2025-11-28 11:17:37,94.78021607022282
2025-11-28 11:20:07,94.77937204591493
2025-11-28 11:22:37,94.77852802160702
2025-11-28 11:25:07,94.77768399729912
2025-11-28 11:27:37,94.77683997299123
2025-11-28 11:30:07,94.77599594868332
2025-11-28 11:32:37,94.77515192437542
2025-11-28 11:35:07,94.77430790006753
2025-11-28 11:37:37,94.77346387575962
2025-11-28 11:40:07,94.77261985145172
2025-11-28 11:42:37,94.77177582714383
2025-11-28 11:45:07,94.77093180283592
2025-11-28 11:47:37,94.77008777852802
2025-11-28 11:50:07,94.76924375422013
2025-11-28 11:52:37,94.76839972991222
2025-11-28 11:55:07,94.76755570560432
2025-11-28 11:57:37,94.76671168129643
2025-11-28 12:00:07,94.76586765698852
2025-11-28 12:02:37,94.76502363268062
2025-11-28 12:05:07,94.76417960837271
2025-11-28 12:07:37,94.76333558406482
2025-11-28 12:10:07,94.76249155975692
2025-11-28 12:12:37,94.76164753544901
2025-11-28 12:15:07,94.76080351114112
2025-11-28 12:17:37,94.75995948683322
2025-11-28 12:20:07,94.75911546252532
2025-11-28 12:22:37,94.75827143821742
2025-11-28 12:25:07,94.75742741390953
2025-11-28 12:27:37,94.75658338960162
2025-11-28 12:30:07,94.75573936529372
2025-11-28 12:32:37,94.75489534098583
2025-11-28 12:35:07,94.75405131667792
2025-11-28 12:37:37,94.75320729237002
2025-11-28 12:40:07,94.75236326806213
2025-11-28 12:42:37,94.75151924375422
2025-11-28 12:45:07,94.75067521944632
2025-11-28 12:47:37,94.74983119513843
2025-11-28 12:50:07,94.74898717083052
2025-11-28 12:52:37,94.74814314652262
2025-11-28 12:55:07,94.74729912221471
2025-11-28 12:57:37,94.74645509790682
2025-11-28 13:00:07,94.74561107359892
2025-11-28 13:02:37,94.74476704929101
2025-11-28 13:05:07,94.74392302498312
2025-11-28 13:07:37,94.74307900067522
2025-11-28 13:10:07,94.74223497636731
2025-11-28 13:12:37,94.74139095205942
2025-11-28 13:15:07,94.74054692775152
2025-11-28 13:17:37,94.73970290344361
2025-11-28 13:20:07,94.73885887913572
2025-11-28 13:22:37,94.73801485482782
2025-11-28 13:25:07,94.73717083051991
2025-11-28 13:27:37,94.73632680621202
2025-11-28 13:30:07,94.73548278190412
2025-11-28 13:32:37,94.73463875759622
2025-11-28 13:35:07,94.73379473328832
2025-11-28 13:37:37,94.73295070898043
2025-11-28 13:40:07,94.73210668467252
2025-11-28 13:42:37,94.73126266036462
2025-11-28 13:45:07,94.73041863605671
2025-11-28 13:47:37,94.72957461174882
2025-11-28 13:50:07,94.72873058744092
2025-11-28 13:52:37,94.72788656313301
2025-11-28 13:55:07,94.72704253882512
2025-11-28 13:57:37,94.72619851451722
2025-11-28 14:00:07,94.72535449020931
2025-11-28 14:02:37,94.72451046590142
2025-11-28 14:05:07,94.72366644159352
2025-11-28 14:07:37,94.72282241728561
2025-11-28 14:10:07,94.72197839297772
2025-11-28 14:12:37,94.72113436866982
2025-11-28 14:15:07,94.72029034436191
2025-11-28 14:17:37,94.71944632005402
2025-11-28 14:20:07,94.71860229574612
2025-11-28 14:22:37,94.71775827143821
2025-11-28 14:25:07,94.71691424713032
2025-11-28 14:27:37,94.71607022282242
2025-11-28 14:30:07,94.71522619851451
2025-11-28 14:32:37,94.71438217420662
2025-11-28 14:35:07,94.71353814989871
2025-11-28 14:37:37,94.71269412559082
2025-11-28 14:40:07,94.71185010128292
2025-11-28 14:42:37,94.71100607697501
2025-11-28 14:45:07,94.71016205266712
2025-11-28 14:47:37,94.70931802835922
2025-11-28 14:50:07,94.70847400405131
2025-11-28 14:52:37,94.70762997974342
2025-11-28 14:55:07,94.70678595543552
2025-11-28 14:57:37,94.70594193112761
2025-11-28 15:00:07,94.70509790681972
2025-11-28 15:02:37,94.70425388251182
2025-11-28 15:05:07,94.70340985820391
2025-11-28 15:07:37,94.70256583389602
2025-11-28 15:10:07,94.70172180958812
2025-11-28 15:12:37,94.70087778528021
2025-11-28 15:15:07,94.70003376097232
2025-11-28 15:17:37,94.69918973666442
2025-11-28 15:20:07,94.69834571235651
2025-11-28 15:22:37,94.69750168804862
2025-11-28 15:25:07,94.69665766374071
2025-11-28 15:27:37,94.69581363943281
2025-11-28 15:30:07,94.69496961512492
2025-11-28 15:32:37,94.69412559081701
2025-11-28 15:35:07,94.69328156650911
2025-11-28 15:37:37,94.69243754220122
2025-11-28 15:40:07,94.69159351789331
2025-11-28 15:42:37,94.69074949358541
2025-11-28 15:45:07,94.68990546927752
2025-11-28 15:47:37,94.68906144496961
2025-11-28 15:50:07,94.68821742066172
2025-11-28 15:52:37,94.68737339635382
2025-11-28 15:55:07,94.68652937204591
2025-11-28 15:57:37,94.68568534773802
2025-11-28 16:00:07,94.68484132343012
2025-11-28 16:02:37,94.68399729912221
2025-11-28 16:05:07,94.68315327481432
2025-11-28 16:07:37,94.68230925050642
2025-11-28 16:10:07,94.68146522619851
2025-11-28 16:12:37,94.68062120189062
2025-11-28 16:15:07,94.67977717758271
2025-11-28 16:17:37,94.67893315327481
2025-11-28 16:20:07,94.67808912896692
2025-11-28 16:22:37,94.67724510465901
2025-11-28 16:25:07,94.67640108035111
2025-11-28 16:27:37,94.67555705604322
2025-11-28 16:30:07,94.67471303173531
2025-11-28 16:32:37,94.67386900742741
2025-11-28 16:35:07,94.67302498311952
2025-11-28 16:37:37,94.67218095881161
2025-11-28 16:40:07,94.67133693450371
2025-11-28 16:42:37,94.67049291019582
2025-11-28 16:45:07,94.66964888588791
2025-11-28 16:47:37,94.66880486158001
2025-11-28 16:50:07,94.66796083727212
2025-11-28 16:52:37,94.66711681296421
2025-11-28 16:55:07,94.66627278865631
2025-11-28 16:57:37,94.66542876434842
2025-11-28 17:00:07,94.66458474004051
2025-11-28 17:02:37,94.66374071573262
2025-11-28 17:05:07,94.66289669142472
2025-11-28 17:07:37,94.66205266711681
2025-11-28 17:10:07,94.66120864280892
2025-11-28 17:12:37,94.660364618501
2025-11-28 17:15:07,94.65952059419311
2025-11-28 17:17:37,94.65867656988522
2025-11-28 17:20:07,94.6578325455773
2025-11-28 17:22:37,94.65698852126941
2025-11-28 17:25:07,94.65614449696152
2025-11-28 17:27:37,94.65530047265361
2025-11-28 17:30:07,94.65445644834571
2025-11-28 17:32:37,94.65361242403782
2025-11-28 17:35:07,94.65276839972991
2025-11-28 17:37:37,94.65192437542201
2025-11-28 17:40:07,94.65108035111412
2025-11-28 17:42:37,94.65023632680621
2025-11-28 17:45:07,94.64939230249831
2025-11-28 17:47:37,94.64854827819042
2025-11-28 17:50:07,94.64770425388251
2025-11-28 17:52:37,94.64686022957461
2025-11-28 17:55:07,94.64601620526672
2025-11-28 17:57:37,94.64517218095881
2025-11-28 18:00:07,94.64432815665091
2025-11-28 18:02:37,94.643484132343
2025-11-28 18:05:07,94.64264010803511
2025-11-28 18:07:37,94.64179608372721
2025-11-28 18:10:07,94.6409520594193
2025-11-28 18:12:37,94.64010803511141
2025-11-28 18:15:07,94.63926401080352
2025-11-28 18:17:37,94.6384199864956
2025-11-28 18:20:07,94.63757596218771
2025-11-28 18:22:37,94.63673193787982
2025-11-28 18:25:07,94.6358879135719
2025-11-28 18:27:37,94.63504388926401
2025-11-28 18:30:07,94.63419986495612
2025-11-28 18:32:37,94.6333558406482
2025-11-28 18:35:07,94.63251181634031
2025-11-28 18:37:37,94.63166779203242
2025-11-28 18:40:07,94.63082376772451
2025-11-28 18:42:37,94.62997974341661
2025-11-28 18:45:07,94.62913571910872
2025-11-28 18:47:37,94.62829169480081
2025-11-28 18:50:07,94.62744767049291
2025-11-28 18:52:37,94.626603646185
2025-11-28 18:55:07,94.62575962187711
2025-11-28 18:57:37,94.62491559756921
2025-11-28 19:00:07,94.6240715732613
2025-11-28 19:02:37,94.62322754895341
2025-11-28 19:05:07,94.62238352464551
2025-11-28 19:07:37,94.6215395003376
2025-11-28 19:10:07,94.62069547602971
2025-11-28 19:12:37,94.61985145172181
2025-11-28 19:15:07,94.6190074274139
2025-11-28 19:17:37,94.61816340310601
2025-11-28 19:20:07,94.61731937879811
2025-11-28 19:22:37,94.6164753544902
2025-11-28 19:25:07,94.61563133018231
2025-11-28 19:27:37,94.61478730587442
2025-11-28 19:30:07,94.6139432815665
2025-11-28 19:32:37,94.61309925725861
2025-11-28 19:35:07,94.61225523295072
2025-11-28 19:37:37,94.6114112086428
2025-11-28 19:40:07,94.61056718433491
2025-11-28 19:42:37,94.609723160027
2025-11-28 19:45:07,94.6088791357191
2025-11-28 19:47:37,94.60803511141121
2025-11-28 19:50:07,94.6071910871033
2025-11-28 19:52:37,94.60634706279541
2025-11-28 19:55:07,94.60550303848751
2025-11-28 19:57:37,94.6046590141796
2025-11-28 20:00:07,94.60381498987171
2025-11-28 20:02:37,94.60297096556381
2025-11-28 20:05:07,94.6021269412559
2025-11-28 20:07:37,94.60128291694801
2025-11-28 20:10:07,94.60043889264011
2025-11-28 20:12:37,94.5995948683322
2025-11-28 20:15:07,94.59875084402431
2025-11-28 20:17:37,94.59790681971641
2025-11-28 20:20:07,94.5970627954085
2025-11-28 20:22:37,94.59621877110061
2025-11-28 20:25:07,94.59537474679271
2025-11-28 20:27:37,94.5945307224848
2025-11-28 20:30:07,94.59368669817691
2025-11-28 20:32:37,94.592842673869
2025-11-28 20:35:07,94.5919986495611
2025-11-28 20:37:37,94.59115462525321
2025-11-28 20:40:07,94.5903106009453
2025-11-28 20:42:37,94.5894665766374
2025-11-28 20:45:07,94.58862255232951
2025-11-28 20:47:37,94.5877785280216
2025-11-28 20:50:07,94.5869345037137
2025-11-28 20:52:37,94.58609047940581
2025-11-28 20:55:07,94.5852464550979
2025-11-28 20:57:37,94.58440243079
2025-11-28 21:00:07,94.58355840648211
2025-11-28 21:02:37,94.5827143821742
2025-11-28 21:05:07,94.58187035786631
2025-11-28 21:07:37,94.58102633355841
2025-11-28 21:10:07,94.5801823092505
2025-11-28 21:12:37,94.57933828494261
2025-11-28 21:15:07,94.57849426063471
2025-11-28 21:17:37,94.5776502363268
2025-11-28 21:20:07,94.57680621201891
2025-11-28 21:22:37,94.575962187711
2025-11-28 21:25:07,94.5751181634031
2025-11-28 21:27:37,94.57427413909521
2025-11-28 21:30:07,94.5734301147873
2025-11-28 21:32:37,94.5725860904794
2025-11-28 21:35:07,94.57174206617151
2025-11-28 21:37:37,94.5708980418636
2025-11-28 21:40:07,94.5700540175557
2025-11-28 21:42:37,94.56920999324781
2025-11-28 21:45:07,94.5683659689399
2025-11-28 21:47:37,94.567521944632
2025-11-28 21:50:07,94.56667792032411
2025-11-28 21:52:37,94.5658338960162
2025-11-28 21:55:07,94.5649898717083
2025-11-28 21:57:37,94.56414584740041
2025-11-28 22:00:07,94.5633018230925
2025-11-28 22:02:37,94.5624577987846
2025-11-28 22:05:07,94.56161377447671
2025-11-28 22:07:37,94.5607697501688
2025-11-28 22:10:07,94.55992572586091
2025-11-28 22:12:37,94.559081701553
2025-11-28 22:15:07,94.5582376772451
2025-11-28 22:17:37,94.55739365293721
2025-11-28 22:20:07,94.5565496286293
2025-11-28 22:22:37,94.5557056043214
2025-11-28 22:25:07,94.55486158001351
2025-11-28 22:27:37,94.5540175557056
2025-11-28 22:30:07,94.5531735313977
2025-11-28 22:32:37,94.55232950708981
2025-11-28 22:35:07,94.5514854827819
2025-11-28 22:37:37,94.550641458474
2025-11-28 22:40:07,94.54979743416611
2025-11-28 22:42:37,94.5489534098582
2025-11-28 22:45:07,94.5481093855503
2025-11-28 22:47:37,94.54726536124241
2025-11-28 22:50:07,94.5464213369345
2025-11-28 22:52:37,94.5455773126266
2025-11-28 22:55:07,94.54473328831871
2025-11-28 22:57:37,94.5438892640108
2025-11-28 23:00:07,94.5430452397029
2025-11-28 23:02:37,94.542201215395
2025-11-28 23:05:07,94.5413571910871
2025-11-28 23:07:37,94.5405131667792
2025-11-28 23:10:07,94.5396691424713
2025-11-28 23:12:37,94.5388251181634
2025-11-28 23:15:07,94.5379810938555
2025-11-28 23:17:37,94.5371370695476
2025-11-28 23:20:07,94.5362930452397
2025-11-28 23:22:37,94.53544902093181
2025-11-28 23:25:07,94.5346049966239
2025-11-28 23:27:37,94.533760972316
2025-11-28 23:30:07,94.53291694800811
2025-11-28 23:32:37,94.5320729237002
2025-11-28 23:35:07,94.5312288993923
2025-11-28 23:37:37,94.53038487508441
2025-11-28 23:40:07,94.5295408507765
2025-11-28 23:42:37,94.5286968264686
2025-11-28 23:45:07,94.52785280216071
2025-11-28 23:47:37,94.5270087778528
2025-11-28 23:50:07,94.5261647535449
2025-11-28 23:52:37,94.525320729237
2025-11-28 23:55:07,94.5244767049291
2025-11-28 23:57:37,94.5236326806212
2025-11-29 00:00:07,94.5227886563133
2025-11-29 00:02:37,94.5219446320054
2025-11-29 00:05:07,94.5211006076975
2025-11-29 00:07:37,94.5202565833896
2025-11-29 00:10:07,94.5194125590817
2025-11-29 00:12:37,94.5185685347738
2025-11-29 00:15:07,94.5177245104659
2025-11-29 00:17:37,94.516880486158
2025-11-29 00:20:07,94.5160364618501
2025-11-29 00:22:37,94.5151924375422
2025-11-29 00:25:07,94.5143484132343
2025-11-29 00:27:37,94.5135043889264
2025-11-29 00:30:07,94.5126603646185
2025-11-29 00:32:37,94.5118163403106
2025-11-29 00:35:07,94.51097231600271
2025-11-29 00:37:37,94.5101282916948
2025-11-29 00:40:07,94.5092842673869
2025-11-29 00:42:37,94.508440243079
2025-11-29 00:45:07,94.5075962187711
2025-11-29 00:47:37,94.5067521944632
2025-11-29 00:50:07,94.5059081701553
2025-11-29 00:52:37,94.5050641458474
2025-11-29 00:55:07,94.5042201215395
2025-11-29 00:57:37,94.5033760972316
2025-11-29 01:00:07,94.5025320729237
2025-11-29 01:02:37,94.5016880486158
2025-11-29 01:05:07,94.5008440243079
2025-11-29 01:07:37,94.5
2025-11-29 01:10:07,94.4991559756921
2025-11-29 01:12:37,94.4983119513842
2025-11-29 01:15:07,94.4974679270763
2025-11-29 01:17:37,94.4966239027684
2025-11-29 01:20:07,94.4957798784605
2025-11-29 01:22:37,94.4949358541526
2025-11-29 01:25:07,94.4940918298447
2025-11-29 01:27:37,94.4932478055368
2025-11-29 01:30:07,94.4924037812289
2025-11-29 01:32:37,94.491559756921
2025-11-29 01:35:07,94.4907157326131
2025-11-29 01:37:37,94.4898717083052
2025-11-29 01:40:07,94.48902768399729
2025-11-29 01:42:37,94.4881836596894
2025-11-29 01:45:07,94.4873396353815
2025-11-29 01:47:37,94.4864956110736
2025-11-29 01:50:07,94.4856515867657
2025-11-29 01:52:37,94.4848075624578
2025-11-29 01:55:07,94.4839635381499
2025-11-29 01:57:37,94.483119513842
2025-11-29 02:00:07,94.4822754895341
2025-11-29 02:02:37,94.4814314652262
2025-11-29 02:05:07,94.4805874409183
2025-11-29 02:07:37,94.4797434166104
2025-11-29 02:10:07,94.4788993923025
2025-11-29 02:12:37,94.4780553679946
2025-11-29 02:15:07,94.4772113436867
2025-11-29 02:17:37,94.4763673193788
2025-11-29 02:20:07,94.4755232950709
2025-11-29 02:22:37,94.474679270763
2025-11-29 02:25:07,94.4738352464551
2025-11-29 02:27:37,94.4729912221472
2025-11-29 02:30:07,94.47214719783929
2025-11-29 02:32:37,94.4713031735314
2025-11-29 02:35:07,94.4704591492235
2025-11-29 02:37:37,94.46961512491559
2025-11-29 02:40:07,94.4687711006077
2025-11-29 02:42:37,94.4679270762998
2025-11-29 02:45:07,94.46708305199189
2025-11-29 02:47:37,94.466239027684
2025-11-29 02:50:07,94.4653950033761
2025-11-29 02:52:37,94.46455097906819
2025-11-29 02:55:07,94.4637069547603
2025-11-29 02:57:37,94.4628629304524
2025-11-29 03:00:07,94.4620189061445
2025-11-29 03:02:37,94.4611748818366
2025-11-29 03:05:07,94.4603308575287
2025-11-29 03:07:37,94.4594868332208
2025-11-29 03:10:07,94.4586428089129
2025-11-29 03:12:37,94.457798784605
2025-11-29 03:15:07,94.4569547602971
2025-11-29 03:17:37,94.4561107359892
2025-11-29 03:20:07,94.45526671168129
2025-11-29 03:22:37,94.4544226873734
2025-11-29 03:25:07,94.4535786630655
2025-11-29 03:27:37,94.45273463875759
2025-11-29 03:30:07,94.4518906144497
2025-11-29 03:32:37,94.4510465901418
2025-11-29 03:35:07,94.45020256583389
2025-11-29 03:37:37,94.449358541526
2025-11-29 03:40:07,94.4485145172181
2025-11-29 03:42:37,94.44767049291019
2025-11-29 03:45:07,94.4468264686023
2025-11-29 03:47:37,94.4459824442944
2025-11-29 03:50:07,94.44513841998649
2025-11-29 03:52:37,94.4442943956786
2025-11-29 03:55:07,94.4434503713707
2025-11-29 03:57:37,94.44260634706279
2025-11-29 04:00:07,94.4417623227549
2025-11-29 04:02:37,94.440918298447
2025-11-29 04:05:07,94.44007427413909
2025-11-29 04:07:37,94.4392302498312
2025-11-29 04:10:07,94.43838622552329
2025-11-29 04:12:37,94.4375422012154
2025-11-29 04:15:07,94.4366981769075
2025-11-29 04:17:37,94.43585415259959
2025-11-29 04:20:07,94.4350101282917
2025-11-29 04:22:37,94.4341661039838
2025-11-29 04:25:07,94.43332207967589
2025-11-29 04:27:37,94.432478055368
2025-11-29 04:30:07,94.4316340310601
2025-11-29 04:32:37,94.43079000675219
2025-11-29 04:35:07,94.4299459824443
2025-11-29 04:37:37,94.4291019581364
2025-11-29 04:40:07,94.42825793382849
2025-11-29 04:42:37,94.4274139095206
2025-11-29 04:45:07,94.4265698852127
2025-11-29 04:47:37,94.42572586090479
2025-11-29 04:50:07,94.4248818365969
2025-11-29 04:52:37,94.424037812289
2025-11-29 04:55:07,94.42319378798109
2025-11-29 04:57:37,94.4223497636732
2025-11-29 05:00:07,94.42150573936529
2025-11-29 05:02:37,94.42066171505739
2025-11-29 05:05:07,94.4198176907495
2025-11-29 05:07:37,94.41897366644159
2025-11-29 05:10:07,94.41812964213369
2025-11-29 05:12:37,94.4172856178258
2025-11-29 05:15:07,94.41644159351789
2025-11-29 05:17:37,94.41559756921
2025-11-29 05:20:07,94.4147535449021
2025-11-29 05:22:37,94.41390952059419
2025-11-29 05:25:07,94.4130654962863
2025-11-29 05:27:37,94.4122214719784
2025-11-29 05:30:07,94.41137744767049
2025-11-29 05:32:37,94.4105334233626
2025-11-29 05:35:07,94.4096893990547
2025-11-29 05:37:37,94.40884537474679
2025-11-29 05:40:07,94.4080013504389
2025-11-29 05:42:37,94.407157326131
2025-11-29 05:45:07,94.40631330182309
2025-11-29 05:47:37,94.4054692775152
2025-11-29 05:50:07,94.40462525320729
2025-11-29 05:52:37,94.40378122889939
2025-11-29 05:55:07,94.4029372045915
2025-11-29 05:57:37,94.40209318028359
2025-11-29 06:00:07,94.40124915597569
2025-11-29 06:02:37,94.4004051316678
2025-11-29 06:05:07,94.39956110735989
2025-11-29 06:07:37,94.39871708305199
2025-11-29 06:10:07,94.3978730587441
2025-11-29 06:12:37,94.39702903443619
2025-11-29 06:15:07,94.39618501012829
2025-11-29 06:17:37,94.3953409858204
2025-11-29 06:20:07,94.39449696151249
2025-11-29 06:22:37,94.39365293720459
2025-11-29 06:25:07,94.3928089128967
2025-11-29 06:27:37,94.39196488858879
2025-11-29 06:30:07,94.3911208642809
2025-11-29 06:32:37,94.390276839973
2025-11-29 06:35:07,94.38943281566509
2025-11-29 06:37:37,94.3885887913572
2025-11-29 06:40:07,94.38774476704928
2025-11-29 06:42:37,94.38690074274139
2025-11-29 06:45:07,94.3860567184335
2025-11-29 06:47:37,94.38521269412558
2025-11-29 06:50:07,94.38436866981769
2025-11-29 06:52:37,94.3835246455098
2025-11-29 06:55:07,94.38268062120189
2025-11-29 06:57:37,94.38183659689399
2025-11-29 07:00:07,94.3809925725861
2025-11-29 07:02:37,94.38014854827819
2025-11-29 07:05:07,94.37930452397029
2025-11-29 07:07:37,94.3784604996624
2025-11-29 07:10:07,94.37761647535449
2025-11-29 07:12:37,94.37677245104659
2025-11-29 07:15:07,94.3759284267387
2025-11-29 07:17:37,94.37508440243079
2025-11-29 07:20:07,94.37424037812289
2025-11-29 07:22:37,94.373396353815
2025-11-29 07:25:07,94.37255232950709
2025-11-29 07:27:37,94.37170830519919
2025-11-29 07:30:07,94.37086428089128
2025-11-29 07:32:37,94.37002025658339
2025-11-29 07:35:07,94.36917623227549
2025-11-29 07:37:37,94.36833220796758
2025-11-29 07:40:07,94.36748818365969
2025-11-29 07:42:37,94.3666441593518
2025-11-29 07:45:07,94.36580013504388
2025-11-29 07:47:37,94.36495611073599
2025-11-29 07:50:07,94.3641120864281
2025-11-29 07:52:37,94.36326806212018
2025-11-29 07:55:07,94.36242403781229
2025-11-29 07:57:37,94.3615800135044
2025-11-29 08:00:07,94.36073598919648
2025-11-29 08:02:37,94.35989196488859
2025-11-29 08:05:07,94.3590479405807
2025-11-29 08:07:37,94.35820391627279
2025-11-29 08:10:07,94.35735989196489
2025-11-29 08:12:37,94.356515867657
2025-11-29 08:15:07,94.35567184334909
2025-11-29 08:17:37,94.35482781904119
2025-11-29 08:20:07,94.35398379473328
2025-11-29 08:22:37,94.35313977042539
2025-11-29 08:25:07,94.35229574611749
2025-11-29 08:27:37,94.35145172180958
2025-11-29 08:30:07,94.35060769750169
2025-11-29 08:32:37,94.34976367319379
2025-11-29 08:35:07,94.34891964888588
2025-11-29 08:37:37,94.34807562457799
2025-11-29 08:40:07,94.34723160027009
2025-11-29 08:42:37,94.34638757596218
2025-11-29 08:45:07,94.34554355165429
2025-11-29 08:47:37,94.34469952734639
2025-11-29 08:50:07,94.34385550303848
2025-11-29 08:52:37,94.34301147873059
2025-11-29 08:55:07,94.3421674544227
2025-11-29 08:57:37,94.34132343011478
2025-11-29 09:00:07,94.34047940580689
2025-11-29 09:02:37,94.339635381499
2025-11-29 09:05:07,94.33879135719108
2025-11-29 09:07:37,94.33794733288319
2025-11-29 09:10:07,94.33710330857528
2025-11-29 09:12:37,94.33625928426738
2025-11-29 09:15:07,94.33541525995949
2025-11-29 09:17:37,94.33457123565158
2025-11-29 09:20:07,94.33372721134369
2025-11-29 09:22:37,94.33288318703579
2025-11-29 09:25:07,94.33203916272788
2025-11-29 09:27:37,94.33119513841999
2025-11-29 09:30:07,94.33035111411209
2025-11-29 09:32:37,94.32950708980418
2025-11-29 09:35:07,94.32866306549629
2025-11-29 09:37:37,94.32781904118839
2025-11-29 09:40:07,94.32697501688048
2025-11-29 09:42:37,94.32613099257259
2025-11-29 09:45:07,94.32528696826469
2025-11-29 09:47:37,94.32444294395678
2025-11-29 09:50:07,94.32359891964889
2025-11-29 09:52:37,94.32275489534099
2025-11-29 09:55:07,94.32191087103308
2025-11-29 09:57:37,94.32106684672519
2025-11-29 10:00:07,94.32022282241728
2025-11-29 10:02:37,94.31937879810938
2025-11-29 10:05:07,94.31853477380149
2025-11-29 10:07:37,94.31769074949358
2025-11-29 10:10:07,94.31684672518568
2025-11-29 10:12:37,94.31600270087779
2025-11-29 10:15:07,94.31515867656988
2025-11-29 10:17:37,94.31431465226198
2025-11-29 10:20:07,94.31347062795409
2025-11-29 10:22:37,94.31262660364618
2025-11-29 10:25:07,94.31178257933828
2025-11-29 10:27:37,94.31093855503039
2025-11-29 10:30:07,94.31009453072248
2025-11-29 10:32:37,94.30925050641459
2025-11-29 10:35:07,94.30840648210669
2025-11-29 10:37:37,94.30756245779878
2025-11-29 10:40:07,94.30671843349089
2025-11-29 10:42:37,94.30587440918299
2025-11-29 10:45:07,94.30503038487508
2025-11-29 10:47:37,94.30418636056719
2025-11-29 10:50:07,94.30334233625929
2025-11-29 10:52:37,94.30249831195138
2025-11-29 10:55:07,94.30165428764349
2025-11-29 10:57:37,94.30081026333558
2025-11-29 11:00:07,94.29996623902768
2025-11-29 11:02:37,94.29912221471979
2025-11-29 11:05:07,94.29827819041188
2025-11-29 11:07:37,94.29743416610398
2025-11-29 11:10:07,94.29659014179609
2025-11-29 11:12:37,94.29574611748818
2025-11-29 11:15:07,94.29490209318028
2025-11-29 11:17:37,94.29405806887239
2025-11-29 11:20:07,94.29321404456448
2025-11-29 11:22:37,94.29237002025658
2025-11-29 11:25:07,94.29152599594869
2025-11-29 11:27:37,94.29068197164078
2025-11-29 11:30:07,94.28983794733288
2025-11-29 11:32:37,94.28899392302499
2025-11-29 11:35:07,94.28814989871708
2025-11-29 11:37:37,94.28730587440918
2025-11-29 11:40:07,94.28646185010129
2025-11-29 11:42:37,94.28561782579338
2025-11-29 11:45:07,94.28477380148549
2025-11-29 11:47:37,94.28392977717758
2025-11-29 11:50:07,94.28308575286968
2025-11-29 11:52:37,94.28224172856179
2025-11-29 11:55:07,94.28139770425388
2025-11-29 11:57:37,94.28055367994598
2025-11-29 12:00:07,94.27970965563809
2025-11-29 12:02:37,94.27886563133018
2025-11-29 12:05:07,94.27802160702228
2025-11-29 12:07:37,94.27717758271439
2025-11-29 12:10:07,94.27633355840648
2025-11-29 12:12:37,94.27548953409858
2025-11-29 12:15:07,94.27464550979069
2025-11-29 12:17:37,94.27380148548278
2025-11-29 12:20:07,94.27295746117488
2025-11-29 12:22:37,94.27211343686699
2025-11-29 12:25:07,94.27126941255908
2025-11-29 12:27:37,94.27042538825118
2025-11-29 12:30:07,94.26958136394329
2025-11-29 12:32:37,94.26873733963538
2025-11-29 12:35:07,94.26789331532748
2025-11-29 12:37:37,94.26704929101957
2025-11-29 12:40:07,94.26620526671168
2025-11-29 12:42:37,94.26536124240378
2025-11-29 12:45:07,94.26451721809588
2025-11-29 12:47:37,94.26367319378798
2025-11-29 12:50:07,94.26282916948009
2025-11-29 12:52:37,94.26198514517218
2025-11-29 12:55:07,94.26114112086428
2025-11-29 12:57:37,94.26029709655639
2025-11-29 13:00:07,94.25945307224848
2025-11-29 13:02:37,94.25860904794058
2025-11-29 13:05:07,94.25776502363269
2025-11-29 13:07:37,94.25692099932478
2025-11-29 13:10:07,94.25607697501688
2025-11-29 13:12:37,94.25523295070899
2025-11-29 13:15:07,94.25438892640108
2025-11-29 13:17:37,94.25354490209318
2025-11-29 13:20:07,94.25270087778529
2025-11-29 13:22:37,94.25185685347738
2025-11-29 13:25:07,94.25101282916948
2025-11-29 13:27:37,94.25016880486157
2025-11-29 13:30:07,94.24932478055368
2025-11-29 13:32:37,94.24848075624578
2025-11-29 13:35:07,94.24763673193787
2025-11-29 13:37:37,94.24679270762998
2025-11-29 13:40:07,94.24594868332208
2025-11-29 13:42:37,94.24510465901417
2025-11-29 13:45:07,94.24426063470628
2025-11-29 13:47:37,94.24341661039838
2025-11-29 13:50:07,94.24257258609047
2025-11-29 13:52:37,94.24172856178258
2025-11-29 13:55:07,94.24088453747468
2025-11-29 13:57:37,94.24004051316678
2025-11-29 14:00:07,94.23919648885888
2025-11-29 14:02:37,94.23835246455099
2025-11-29 14:05:07,94.23750844024308
2025-11-29 14:07:37,94.23666441593518
2025-11-29 14:10:07,94.23582039162729
2025-11-29 14:12:37,94.23497636731938
2025-11-29 14:15:07,94.23413234301148
2025-11-29 14:17:37,94.23328831870357
2025-11-29 14:20:07,94.23244429439568
2025-11-29 14:22:37,94.23160027008778
2025-11-29 14:25:07,94.23075624577987
2025-11-29 14:27:37,94.22991222147198
2025-11-29 14:30:07,94.22906819716408
2025-11-29 14:32:37,94.22822417285617
2025-11-29 14:35:07,94.22738014854828
2025-11-29 14:37:37,94.22653612424038
2025-11-29 14:40:07,94.22569209993247
2025-11-29 14:42:37,94.22484807562458
2025-11-29 14:45:07,94.22400405131668
2025-11-29 14:47:37,94.22316002700877
2025-11-29 14:50:07,94.22231600270088
2025-11-29 14:52:37,94.22147197839298
2025-11-29 14:55:07,94.22062795408507
2025-11-29 14:57:37,94.21978392977718
2025-11-29 15:00:07,94.21893990546928
2025-11-29 15:02:37,94.21809588116137
2025-11-29 15:05:07,94.21725185685348
2025-11-29 15:07:37,94.21640783254557
2025-11-29 15:10:07,94.21556380823768
2025-11-29 15:12:37,94.21471978392978
2025-11-29 15:15:07,94.21387575962187
2025-11-29 15:17:37,94.21303173531398
2025-11-29 15:20:07,94.21218771100608
2025-11-29 15:22:37,94.21134368669817
2025-11-29 15:25:07,94.21049966239028
2025-11-29 15:27:37,94.20965563808238
2025-11-29 15:30:07,94.20881161377447
2025-11-29 15:32:37,94.20796758946658
2025-11-29 15:35:07,94.20712356515868
2025-11-29 15:37:37,94.20627954085077
2025-11-29 15:40:07,94.20543551654288
2025-11-29 15:42:37,94.20459149223498
2025-11-29 15:45:07,94.20374746792707
2025-11-29 15:47:37,94.20290344361918
2025-11-29 15:50:07,94.20205941931128
2025-11-29 15:52:37,94.20121539500337
2025-11-29 15:55:07,94.20037137069548
2025-11-29 15:57:37,94.19952734638757
2025-11-29 16:00:07,94.19868332207967
2025-11-29 16:02:37,94.19783929777178
2025-11-29 16:05:07,94.19699527346387
2025-11-29 16:07:37,94.19615124915597
2025-11-29 16:10:07,94.19530722484808
2025-11-29 16:12:37,94.19446320054017
2025-11-29 16:15:07,94.19361917623227
2025-11-29 16:17:37,94.19277515192438
2025-11-29 16:20:07,94.19193112761647
2025-11-29 16:22:37,94.19108710330858
2025-11-29 16:25:07,94.19024307900068
2025-11-29 16:27:37,94.18939905469277
2025-11-29 16:30:07,94.18855503038488
2025-11-29 16:32:37,94.18771100607698
2025-11-29 16:35:07,94.18686698176907
2025-11-29 16:37:37,94.18602295746118
2025-11-29 16:40:07,94.18517893315328
2025-11-29 16:42:37,94.18433490884537
2025-11-29 16:45:07,94.18349088453748
2025-11-29 16:47:37,94.18264686022957
2025-11-29 16:50:07,94.18180283592167
2025-11-29 16:52:37,94.18095881161378
2025-11-29 16:55:07,94.18011478730587
2025-11-29 16:57:37,94.17927076299797
2025-11-29 17:00:07,94.17842673869008
2025-11-29 17:02:37,94.17758271438217
2025-11-29 17:05:07,94.17673869007427
2025-11-29 17:07:37,94.17589466576638
2025-11-29 17:10:07,94.17505064145847
2025-11-29 17:12:37,94.17420661715057
2025-11-29 17:15:07,94.17336259284268
2025-11-29 17:17:37,94.17251856853477
2025-11-29 17:20:07,94.17167454422687
2025-11-29 17:22:37,94.17083051991898
2025-11-29 17:25:07,94.16998649561107
2025-11-29 17:27:37,94.16914247130318
2025-11-29 17:30:07,94.16829844699528
2025-11-29 17:32:37,94.16745442268737
2025-11-29 17:35:07,94.16661039837948
2025-11-29 17:37:37,94.16576637407157
2025-11-29 17:40:07,94.16492234976367
2025-11-29 17:42:37,94.16407832545578
2025-11-29 17:45:07,94.16323430114787
2025-11-29 17:47:37,94.16239027683997
2025-11-29 17:50:07,94.16154625253208
2025-11-29 17:52:37,94.16070222822417
2025-11-29 17:55:07,94.15985820391627
2025-11-29 17:57:37,94.15901417960838
2025-11-29 18:00:07,94.15817015530047
2025-11-29 18:02:37,94.15732613099257
2025-11-29 18:05:07,94.15648210668468
2025-11-29 18:07:37,94.15563808237677
2025-11-29 18:10:07,94.15479405806887
2025-11-29 18:12:37,94.15395003376098
2025-11-29 18:15:07,94.15310600945307
2025-11-29 18:17:37,94.15226198514517
2025-11-29 18:20:07,94.15141796083728
2025-11-29 18:22:37,94.15057393652937
2025-11-29 18:25:07,94.14972991222147
2025-11-29 18:27:37,94.14888588791356
2025-11-29 18:30:07,94.14804186360567
2025-11-29 18:32:37,94.14719783929777
2025-11-29 18:35:07,94.14635381498987
2025-11-29 18:37:37,94.14550979068197
2025-11-29 18:40:07,94.14466576637408
2025-11-29 18:42:37,94.14382174206617
2025-11-29 18:45:07,94.14297771775827
2025-11-29 18:47:37,94.14213369345038
2025-11-29 18:50:07,94.14128966914247
2025-11-29 18:52:37,94.14044564483457
2025-11-29 18:55:07,94.13960162052668
2025-11-29 18:57:37,94.13875759621877
2025-11-29 19:00:07,94.13791357191087
2025-11-29 19:02:37,94.13706954760298
2025-11-29 19:05:07,94.13622552329507
2025-11-29 19:07:37,94.13538149898717
2025-11-29 19:10:07,94.13453747467928
2025-11-29 19:12:37,94.13369345037137
2025-11-29 19:15:07,94.13284942606347
2025-11-29 19:17:37,94.13200540175558
2025-11-29 19:20:07,94.13116137744767
2025-11-29 19:22:37,94.13031735313977
2025-11-29 19:25:07,94.12947332883186
2025-11-29 19:27:37,94.12862930452397
2025-11-29 19:30:07,94.12778528021607
2025-11-29 19:32:37,94.12694125590816
2025-11-29 19:35:07,94.12609723160027
2025-11-29 19:37:37,94.12525320729237
2025-11-29 19:40:07,94.12440918298446
2025-11-29 19:42:37,94.12356515867657
2025-11-29 19:45:07,94.12272113436867
2025-11-29 19:47:37,94.12187711006077
2025-11-29 19:50:07,94.12103308575287
2025-11-29 19:52:37,94.12018906144498
2025-11-29 19:55:07,94.11934503713707
2025-11-29 19:57:37,94.11850101282917
2025-11-29 20:00:07,94.11765698852128
2025-11-29 20:02:37,94.11681296421337
2025-11-29 20:05:07,94.11596893990547
2025-11-29 20:07:37,94.11512491559758
2025-11-29 20:10:07,94.11428089128967
2025-11-29 20:12:37,94.11343686698177
2025-11-29 20:15:07,94.11259284267386
2025-11-29 20:17:37,94.11174881836597
2025-11-29 20:20:07,94.11090479405807
2025-11-29 20:22:37,94.11006076975016
2025-11-29 20:25:07,94.10921674544227
2025-11-29 20:27:37,94.10837272113437
2025-11-29 20:30:07,94.10752869682646
2025-11-29 20:32:37,94.10668467251857
2025-11-29 20:35:07,94.10584064821067
2025-11-29 20:37:37,94.10499662390276
2025-11-29 20:40:07,94.10415259959487
2025-11-29 20:42:37,94.10330857528697
2025-11-29 20:45:07,94.10246455097906
2025-11-29 20:47:37,94.10162052667117
2025-11-29 20:50:07,94.10077650236327
2025-11-29 20:52:37,94.09993247805536
2025-11-29 20:55:07,94.09908845374747
2025-11-29 20:57:37,94.09824442943957
2025-11-29 21:00:07,94.09740040513167
2025-11-29 21:02:37,94.09655638082377
2025-11-29 21:05:07,94.09571235651586
2025-11-29 21:07:37,94.09486833220797
2025-11-29 21:10:07,94.09402430790007
2025-11-29 21:12:37,94.09318028359216
2025-11-29 21:15:07,94.09233625928427
2025-11-29 21:17:37,94.09149223497637
2025-11-29 21:20:07,94.09064821066846
2025-11-29 21:22:37,94.08980418636057
2025-11-29 21:25:07,94.08896016205267
2025-11-29 21:27:37,94.08811613774476
2025-11-29 21:30:07,94.08727211343687
2025-11-29 21:32:37,94.08642808912897
2025-11-29 21:35:07,94.08558406482106
2025-11-29 21:37:37,94.08474004051317
2025-11-29 21:40:07,94.08389601620527
2025-11-29 21:42:37,94.08305199189736
2025-11-29 21:45:07,94.08220796758947
2025-11-29 21:47:37,94.08136394328157
2025-11-29 21:50:07,94.08051991897366
2025-11-29 21:52:37,94.07967589466577
2025-11-29 21:55:07,94.07883187035786
2025-11-29 21:57:37,94.07798784604996
2025-11-29 22:00:07,94.07714382174207
2025-11-29 22:02:37,94.07629979743416
2025-11-29 22:05:07,94.07545577312627
2025-11-29 22:07:37,94.07461174881837
2025-11-29 22:10:07,94.07376772451046
2025-11-29 22:12:37,94.07292370020257
2025-11-29 22:15:07,94.07207967589467
2025-11-29 22:17:37,94.07123565158676
2025-11-29 22:20:07,94.07039162727887
2025-11-29 22:22:37,94.06954760297097
2025-11-29 22:25:07,94.06870357866306
2025-11-29 22:27:37,94.06785955435517
2025-11-29 22:30:07,94.06701553004727
2025-11-29 22:32:37,94.06617150573936
2025-11-29 22:35:07,94.06532748143147
2025-11-29 22:37:37,94.06448345712357
2025-11-29 22:40:07,94.06363943281566
2025-11-29 22:42:37,94.06279540850777
2025-11-29 22:45:07,94.06195138419986
2025-11-29 22:47:37,94.06110735989196
2025-11-29 22:50:07,94.06026333558407
2025-11-29 22:52:37,94.05941931127616
2025-11-29 22:55:07,94.05857528696826
2025-11-29 22:57:37,94.05773126266037
2025-11-29 23:00:07,94.05688723835246
2025-11-29 23:02:37,94.05604321404456
2025-11-29 23:05:07,94.05519918973667
2025-11-29 23:07:37,94.05435516542876
2025-11-29 23:10:07,94.05351114112086
2025-11-29 23:12:37,94.05266711681297
2025-11-29 23:15:07,94.05182309250506
2025-11-29 23:17:37,94.05097906819717
2025-11-29 23:20:07,94.05013504388927
2025-11-29 23:22:37,94.04929101958136
2025-11-29 23:25:07,94.04844699527347
2025-11-29 23:27:37,94.04760297096557
2025-11-29 23:30:07,94.04675894665766
2025-11-29 23:32:37,94.04591492234977
2025-11-29 23:35:07,94.04507089804186
2025-11-29 23:37:37,94.04422687373396
2025-11-29 23:40:07,94.04338284942607
2025-11-29 23:42:37,94.04253882511816
2025-11-29 23:45:07,94.04169480081026
2025-11-29 23:47:37,94.04085077650237
2025-11-29 23:50:07,94.04000675219446
2025-11-29 23:52:37,94.03916272788656
2025-11-29 23:55:07,94.03831870357867
2025-11-29 23:57:37,94.03747467927076
2025-11-30 00:00:07,94.03663065496286
2025-11-30 00:02:37,94.03578663065497
2025-11-30 00:05:07,94.03494260634706
2025-11-30 00:07:37,94.03409858203916
2025-11-30 00:10:07,94.03325455773127
2025-11-30 00:12:37,94.03241053342336
2025-11-30 00:15:07,94.03156650911546
2025-11-30 00:17:37,94.03072248480757
2025-11-30 00:20:07,94.02987846049966
2025-11-30 00:22:37,94.02903443619176
2025-11-30 00:25:07,94.02819041188386
2025-11-30 00:27:37,94.02734638757596
2025-11-30 00:30:07,94.02650236326807
2025-11-30 00:32:37,94.02565833896016
2025-11-30 00:35:07,94.02481431465226
2025-11-30 00:37:37,94.02397029034437
2025-11-30 00:40:07,94.02312626603646
2025-11-30 00:42:37,94.02228224172856
2025-11-30 00:45:07,94.02143821742067
2025-11-30 00:47:37,94.02059419311276
2025-11-30 00:50:07,94.01975016880486
2025-11-30 00:52:37,94.01890614449697
2025-11-30 00:55:07,94.01806212018906
2025-11-30 00:57:37,94.01721809588116
2025-11-30 01:00:07,94.01637407157327
2025-11-30 01:02:37,94.01553004726536
2025-11-30 01:05:07,94.01468602295746
2025-11-30 01:07:37,94.01384199864957
2025-11-30 01:10:07,94.01299797434166
2025-11-30 01:12:37,94.01215395003376
2025-11-30 01:15:07,94.01130992572585
2025-11-30 01:17:37,94.01046590141796
2025-11-30 01:20:07,94.00962187711006
2025-11-30 01:22:37,94.00877785280215
2025-11-30 01:25:07,94.00793382849426
2025-11-30 01:27:37,94.00708980418636
2025-11-30 01:30:07,94.00624577987845
2025-11-30 01:32:37,94.00540175557056
2025-11-30 01:35:07,94.00455773126266
2025-11-30 01:37:37,94.00371370695476
2025-11-30 01:40:07,94.00286968264686
2025-11-30 01:42:37,94.00202565833897
2025-11-30 01:45:07,94.00118163403106
2025-11-30 01:47:37,94.00033760972316
2025-11-30 01:50:07,93.99949358541527
2025-11-30 01:52:37,93.99864956110736
2025-11-30 01:55:07,93.99780553679946
2025-11-30 01:57:37,93.99696151249157
2025-11-30 02:00:07,93.99611748818366
2025-11-30 02:02:37,93.99527346387576
2025-11-30 02:05:07,93.99442943956785
2025-11-30 02:07:37,93.99358541525996
2025-11-30 02:10:07,93.99274139095206
2025-11-30 02:12:37,93.99189736664415
2025-11-30 02:15:07,93.99105334233626
2025-11-30 02:17:37,93.99020931802836
2025-11-30 02:20:07,93.98936529372045
2025-11-30 02:22:37,93.98852126941256
2025-11-30 02:25:07,93.98767724510466
2025-11-30 02:27:37,93.98683322079675
2025-11-30 02:30:07,93.98598919648886
2025-11-30 02:32:37,93.98514517218096
2025-11-30 02:35:07,93.98430114787305
2025-11-30 02:37:37,93.98345712356516
2025-11-30 02:40:07,93.98261309925726
2025-11-30 02:42:37,93.98176907494936
2025-11-30 02:45:07,93.98092505064146
2025-11-30 02:47:37,93.98008102633356
2025-11-30 02:50:07,93.97923700202566
2025-11-30 02:52:37,93.97839297771776
2025-11-30 02:55:07,93.97754895340985
2025-11-30 02:57:37,93.97670492910196
2025-11-30 03:00:07,93.97586090479406
2025-11-30 03:02:37,93.97501688048615
2025-11-30 03:05:07,93.97417285617826
2025-11-30 03:07:37,93.97332883187036
2025-11-30 03:10:07,93.97248480756245
2025-11-30 03:12:37,93.97164078325456
2025-11-30 03:15:07,93.97079675894666
2025-11-30 03:17:37,93.96995273463875
2025-11-30 03:20:07,93.96910871033086
2025-11-30 03:22:37,93.96826468602296
2025-11-30 03:25:07,93.96742066171505
2025-11-30 03:27:37,93.96657663740716
2025-11-30 03:30:07,93.96573261309926
2025-11-30 03:32:37,93.96488858879135
2025-11-30 03:35:07,93.96404456448346
2025-11-30 03:37:37,93.96320054017556
2025-11-30 03:40:07,93.96235651586765
2025-11-30 03:42:37,93.96151249155976
2025-11-30 03:45:07,93.96066846725186
2025-11-30 03:47:37,93.95982444294395
2025-11-30 03:50:07,93.95898041863606
2025-11-30 03:52:37,93.95813639432815
2025-11-30 03:55:07,93.95729237002026
2025-11-30 03:57:37,93.95644834571236
2025-11-30 04:00:07,93.95560432140445
2025-11-30 04:02:37,93.95476029709656
2025-11-30 04:05:07,93.95391627278866
2025-11-30 04:07:37,93.95307224848075
2025-11-30 04:10:07,93.95222822417286
2025-11-30 04:12:37,93.95138419986496
2025-11-30 04:15:07,93.95054017555705
2025-11-30 04:17:37,93.94969615124916
2025-11-30 04:20:07,93.94885212694126
2025-11-30 04:22:37,93.94800810263335
2025-11-30 04:25:07,93.94716407832546
2025-11-30 04:27:37,93.94632005401756
2025-11-30 04:30:07,93.94547602970965
2025-11-30 04:32:37,93.94463200540176
2025-11-30 04:35:07,93.94378798109386
2025-11-30 04:37:37,93.94294395678595
2025-11-30 04:40:07,93.94209993247806
2025-11-30 04:42:37,93.94125590817015
2025-11-30 04:45:07,93.94041188386225
2025-11-30 04:47:37,93.93956785955436
2025-11-30 04:50:07,93.93872383524645
2025-11-30 04:52:37,93.93787981093855
2025-11-30 04:55:07,93.93703578663066
2025-11-30 04:57:37,93.93619176232275
2025-11-30 05:00:07,93.93534773801485
2025-11-30 05:02:37,93.93450371370696
2025-11-30 05:05:07,93.93365968939905
2025-11-30 05:07:37,93.93281566509116
2025-11-30 05:10:07,93.93197164078326
2025-11-30 05:12:37,93.93112761647535
2025-11-30 05:15:07,93.93028359216746
2025-11-30 05:17:37,93.92943956785956
2025-11-30 05:20:07,93.92859554355165
2025-11-30 05:22:37,93.92775151924376
2025-11-30 05:25:07,93.92690749493586
2025-11-30 05:27:37,93.92606347062795
2025-11-30 05:30:07,93.92521944632006
2025-11-30 05:32:37,93.92437542201215
2025-11-30 05:35:07,93.92353139770425
2025-11-30 05:37:37,93.92268737339636
2025-11-30 05:40:07,93.92184334908845
2025-11-30 05:42:37,93.92099932478055
2025-11-30 05:45:07,93.92015530047266
2025-11-30 05:47:37,93.91931127616475
2025-11-30 05:50:07,93.91846725185685
2025-11-30 05:52:37,93.91762322754896
2025-11-30 05:55:07,93.91677920324105
2025-11-30 05:57:37,93.91593517893315
2025-11-30 06:00:07,93.91509115462526
2025-11-30 06:02:37,93.91424713031735
2025-11-30 06:05:07,93.91340310600945
2025-11-30 06:07:37,93.91255908170156
2025-11-30 06:10:07,93.91171505739365
2025-11-30 06:12:37,93.91087103308575
2025-11-30 06:15:07,93.91002700877786
2025-11-30 06:17:37,93.90918298446995
2025-11-30 06:20:07,93.90833896016206
2025-11-30 06:22:37,93.90749493585415
2025-11-30 06:25:07,93.90665091154625
2025-11-30 06:27:37,93.90580688723836
2025-11-30 06:30:07,93.90496286293045
2025-11-30 06:32:37,93.90411883862255
2025-11-30 06:35:07,93.90327481431466
2025-11-30 06:37:37,93.90243079000675
2025-11-30 06:40:07,93.90158676569885
2025-11-30 06:42:37,93.90074274139096
2025-11-30 06:45:07,93.89989871708305
2025-11-30 06:47:37,93.89905469277515
2025-11-30 06:50:07,93.89821066846726
2025-11-30 06:52:37,93.89736664415935
2025-11-30 06:55:07,93.89652261985145
2025-11-30 06:57:37,93.89567859554356
2025-11-30 07:00:07,93.89483457123565
2025-11-30 07:02:37,93.89399054692775
2025-11-30 07:05:07,93.89314652261986
2025-11-30 07:07:37,93.89230249831195
2025-11-30 07:10:07,93.89145847400405
2025-11-30 07:12:37,93.89061444969614
2025-11-30 07:15:07,93.88977042538825
2025-11-30 07:17:37,93.88892640108035
2025-11-30 07:20:07,93.88808237677245
2025-11-30 07:22:37,93.88723835246455
2025-11-30 07:25:07,93.88639432815665
2025-11-30 07:27:37,93.88555030384875
2025-11-30 07:30:07,93.88470627954085
2025-11-30 07:32:37,93.88386225523296
2025-11-30 07:35:07,93.88301823092505
2025-11-30 07:37:37,93.88217420661715
2025-11-30 07:40:07,93.88133018230926
2025-11-30 07:42:37,93.88048615800135
2025-11-30 07:45:07,93.87964213369345
2025-11-30 07:47:37,93.87879810938556
2025-11-30 07:50:07,93.87795408507765
2025-11-30 07:52:37,93.87711006076975
2025-11-30 07:55:07,93.87626603646186
2025-11-30 07:57:37,93.87542201215395
2025-11-30 08:00:07,93.87457798784605
2025-11-30 08:02:37,93.87373396353814
2025-11-30 08:05:07,93.87288993923025
2025-11-30 08:07:37,93.87204591492235
2025-11-30 08:10:07,93.87120189061444
2025-11-30 08:12:37,93.87035786630655
2025-11-30 08:15:07,93.86951384199865
2025-11-30 08:17:37,93.86866981769074
2025-11-30 08:20:07,93.86782579338285
2025-11-30 08:22:37,93.86698176907495
2025-11-30 08:25:07,93.86613774476704
2025-11-30 08:27:37,93.86529372045915
2025-11-30 08:30:07,93.86444969615125
2025-11-30 08:32:37,93.86360567184335
2025-11-30 08:35:07,93.86276164753545
2025-11-30 08:37:37,93.86191762322755
2025-11-30 08:40:07,93.86107359891965
2025-11-30 08:42:37,93.86022957461175
2025-11-30 08:45:07,93.85938555030386
2025-11-30 08:47:37,93.85854152599595
2025-11-30 08:50:07,93.85769750168805
2025-11-30 08:52:37,93.85685347738014
2025-11-30 08:55:07,93.85600945307225
2025-11-30 08:57:37,93.85516542876435
2025-11-30 09:00:07,93.85432140445644
2025-11-30 09:02:37,93.85347738014855
2025-11-30 09:05:07,93.85263335584065
2025-11-30 09:07:37,93.85178933153274
2025-11-30 09:10:07,93.85094530722485
2025-11-30 09:12:37,93.85010128291695
2025-11-30 09:15:07,93.84925725860904
2025-11-30 09:17:37,93.84841323430115
2025-11-30 09:20:07,93.84756920999325
2025-11-30 09:22:37,93.84672518568534
2025-11-30 09:25:07,93.84588116137745
2025-11-30 09:27:37,93.84503713706955
2025-11-30 09:30:07,93.84419311276164
2025-11-30 09:32:37,93.84334908845375
2025-11-30 09:35:07,93.84250506414585
2025-11-30 09:37:37,93.84166103983794
2025-11-30 09:40:07,93.84081701553005
2025-11-30 09:42:37,93.83997299122214
2025-11-30 09:45:07,93.83912896691425
2025-11-30 09:47:37,93.83828494260635
2025-11-30 09:50:07,93.83744091829844
2025-11-30 09:52:37,93.83659689399055
2025-11-30 09:55:07,93.83575286968265
2025-11-30 09:57:37,93.83490884537474
2025-11-30 10:00:07,93.83406482106685
2025-11-30 10:02:37,93.83322079675895
2025-11-30 10:05:07,93.83237677245104
2025-11-30 10:07:37,93.83153274814315
2025-11-30 10:10:07,93.83068872383525
2025-11-30 10:12:37,93.82984469952734
2025-11-30 10:15:07,93.82900067521945
2025-11-30 10:17:37,93.82815665091155
2025-11-30 10:20:07,93.82731262660364
2025-11-30 10:22:37,93.82646860229575
2025-11-30 10:25:07,93.82562457798785
2025-11-30 10:27:37,93.82478055367994
2025-11-30 10:30:07,93.82393652937205
2025-11-30 10:32:37,93.82309250506414
2025-11-30 10:35:07,93.82224848075624
2025-11-30 10:37:37,93.82140445644835
2025-11-30 10:40:07,93.82056043214044
2025-11-30 10:42:37,93.81971640783254
2025-11-30 10:45:07,93.81887238352465
2025-11-30 10:47:37,93.81802835921674
2025-11-30 10:50:07,93.81718433490884
2025-11-30 10:52:37,93.81634031060095
2025-11-30 10:55:07,93.81549628629304
2025-11-30 10:57:37,93.81465226198515
2025-11-30 11:00:07,93.81380823767725
2025-11-30 11:02:37,93.81296421336934
2025-11-30 11:05:07,93.81212018906145
2025-11-30 11:07:37,93.81127616475355
2025-11-30 11:10:07,93.81043214044564
2025-11-30 11:12:37,93.80958811613775
2025-11-30 11:15:07,93.80874409182985
2025-11-30 11:17:37,93.80790006752194
2025-11-30 11:20:07,93.80705604321405
2025-11-30 11:22:37,93.80621201890614
2025-11-30 11:25:07,93.80536799459824
2025-11-30 11:27:37,93.80452397029035
2025-11-30 11:30:07,93.80367994598244
2025-11-30 11:32:37,93.80283592167454
2025-11-30 11:35:07,93.80199189736665
2025-11-30 11:37:37,93.80114787305874
2025-11-30 11:40:07,93.80030384875084
2025-11-30 11:42:37,93.79945982444295
2025-11-30 11:45:07,93.79861580013504
2025-11-30 11:47:37,93.79777177582714
2025-11-30 11:50:07,93.79692775151925
2025-11-30 11:52:37,93.79608372721134
2025-11-30 11:55:07,93.79523970290344
2025-11-30 11:57:37,93.79439567859555
2025-11-30 12:00:07,93.79355165428764
2025-11-30 12:02:37,93.79270762997974
2025-11-30 12:05:07,93.79186360567185
2025-11-30 12:07:37,93.79101958136394
2025-11-30 12:10:07,93.79017555705605
2025-11-30 12:12:37,93.78933153274814
2025-11-30 12:15:07,93.78848750844024
2025-11-30 12:17:37,93.78764348413235
2025-11-30 12:20:07,93.78679945982444
2025-11-30 12:22:37,93.78595543551654
2025-11-30 12:25:07,93.78511141120865
2025-11-30 12:27:37,93.78426738690074
2025-11-30 12:30:07,93.78342336259284
2025-11-30 12:32:37,93.78257933828495
2025-11-30 12:35:07,93.78173531397704
2025-11-30 12:37:37,93.78089128966914
2025-11-30 12:40:07,93.78004726536125
2025-11-30 12:42:37,93.77920324105334
2025-11-30 12:45:07,93.77835921674544
2025-11-30 12:47:37,93.77751519243755
2025-11-30 12:50:07,93.77667116812964
2025-11-30 12:52:37,93.77582714382174
2025-11-30 12:55:07,93.77498311951385
2025-11-30 12:57:37,93.77413909520594
2025-11-30 13:00:07,93.77329507089804
2025-11-30 13:02:37,93.77245104659015
2025-11-30 13:05:07,93.77160702228224
2025-11-30 13:07:37,93.77076299797434
2025-11-30 13:10:07,93.76991897366644
2025-11-30 13:12:37,93.76907494935854
2025-11-30 13:15:07,93.76823092505064
2025-11-30 13:17:37,93.76738690074274
2025-11-30 13:20:07,93.76654287643484
2025-11-30 13:22:37,93.76569885212695
2025-11-30 13:25:07,93.76485482781904
2025-11-30 13:27:37,93.76401080351114
2025-11-30 13:30:07,93.76316677920325
2025-11-30 13:32:37,93.76232275489534
2025-11-30 13:35:07,93.76147873058744
2025-11-30 13:37:37,93.76063470627955
2025-11-30 13:40:07,93.75979068197164
2025-11-30 13:42:37,93.75894665766374
2025-11-30 13:45:07,93.75810263335585
2025-11-30 13:47:37,93.75725860904794
2025-11-30 13:50:07,93.75641458474004
2025-11-30 13:52:37,93.75557056043215
2025-11-30 13:55:07,93.75472653612424
2025-11-30 13:57:37,93.75388251181634
2025-11-30 14:00:07,93.75303848750843
2025-11-30 14:02:37,93.75219446320054
2025-11-30 14:05:07,93.75135043889264
2025-11-30 14:07:37,93.75050641458473
2025-11-30 14:10:07,93.74966239027684
2025-11-30 14:12:37,93.74881836596894
2025-11-30 14:15:07,93.74797434166103
2025-11-30 14:17:37,93.74713031735314
2025-11-30 14:20:07,93.74628629304524
2025-11-30 14:22:37,93.74544226873734
2025-11-30 14:25:07,93.74459824442944
2025-11-30 14:27:37,93.74375422012155
2025-11-30 14:30:07,93.74291019581364
2025-11-30 14:32:37,93.74206617150574
2025-11-30 14:35:07,93.74122214719785
2025-11-30 14:37:37,93.74037812288994
2025-11-30 14:40:07,93.73953409858204
2025-11-30 14:42:37,93.73869007427415
2025-11-30 14:45:07,93.73784604996624
2025-11-30 14:47:37,93.73700202565834
2025-11-30 14:50:07,93.73615800135043
2025-11-30 14:52:37,93.73531397704254
2025-11-30 14:55:07,93.73446995273464
2025-11-30 14:57:37,93.73362592842673
2025-11-30 15:00:07,93.73278190411884
2025-11-30 15:02:37,93.73193787981094
2025-11-30 15:05:07,93.73109385550303
2025-11-30 15:07:37,93.73024983119514
2025-11-30 15:10:07,93.72940580688724
2025-11-30 15:12:37,93.72856178257933
2025-11-30 15:15:07,93.72771775827144
2025-11-30 15:17:37,93.72687373396354
2025-11-30 15:20:07,93.72602970965563
2025-11-30 15:22:37,93.72518568534774
2025-11-30 15:25:07,93.72434166103984
2025-11-30 15:27:37,93.72349763673193
2025-11-30 15:30:07,93.72265361242404
2025-11-30 15:32:37,93.72180958811614
2025-11-30 15:35:07,93.72096556380824
2025-11-30 15:37:37,93.72012153950034
2025-11-30 15:40:07,93.71927751519243
2025-11-30 15:42:37,93.71843349088454
2025-11-30 15:45:07,93.71758946657664
2025-11-30 15:47:37,93.71674544226873
2025-11-30 15:50:07,93.71590141796084
2025-11-30 15:52:37,93.71505739365294
2025-11-30 15:55:07,93.71421336934503
2025-11-30 15:57:37,93.71336934503714
2025-11-30 16:00:07,93.71252532072924
2025-11-30 16:02:37,93.71168129642133
2025-11-30 16:05:07,93.71083727211344
2025-11-30 16:07:37,93.70999324780554
2025-11-30 16:10:07,93.70914922349763
2025-11-30 16:12:37,93.70830519918974
2025-11-30 16:15:07,93.70746117488184
2025-11-30 16:17:37,93.70661715057393
2025-11-30 16:20:07,93.70577312626604
2025-11-30 16:22:37,93.70492910195814
2025-11-30 16:25:07,93.70408507765023
2025-11-30 16:27:37,93.70324105334234
2025-11-30 16:30:07,93.70239702903443
2025-11-30 16:32:37,93.70155300472653
2025-11-30 16:35:07,93.70070898041864
2025-11-30 16:37:37,93.69986495611073
2025-11-30 16:40:07,93.69902093180283
2025-11-30 16:42:37,93.69817690749494
2025-11-30 16:45:07,93.69733288318703
2025-11-30 16:47:37,93.69648885887914
2025-11-30 16:50:07,93.69564483457124
2025-11-30 16:52:37,93.69480081026333
2025-11-30 16:55:07,93.69395678595544
2025-11-30 16:57:37,93.69311276164754
2025-11-30 17:00:07,93.69226873733963
2025-11-30 17:02:37,93.69142471303174
2025-11-30 17:05:07,93.69058068872384
2025-11-30 17:07:37,93.68973666441593
2025-11-30 17:10:07,93.68889264010804
2025-11-30 17:12:37,93.68804861580014
2025-11-30 17:15:07,93.68720459149223
2025-11-30 17:17:37,93.68636056718434
2025-11-30 17:20:07,93.68551654287643
2025-11-30 17:22:37,93.68467251856853
2025-11-30 17:25:07,93.68382849426064
2025-11-30 17:27:37,93.68298446995273
2025-11-30 17:30:07,93.68214044564483
2025-11-30 17:32:37,93.68129642133694
2025-11-30 17:35:07,93.68045239702903
2025-11-30 17:37:37,93.67960837272113
2025-11-30 17:40:07,93.67876434841324
2025-11-30 17:42:37,93.67792032410533
2025-11-30 17:45:07,93.67707629979743
2025-11-30 17:47:37,93.67623227548954
2025-11-30 17:50:07,93.67538825118163
2025-11-30 17:52:37,93.67454422687373
2025-11-30 17:55:07,93.67370020256584
2025-11-30 17:57:37,93.67285617825793
2025-11-30 18:00:07,93.67201215395004
2025-11-30 18:02:37,93.67116812964214
2025-11-30 18:05:07,93.67032410533423
2025-11-30 18:07:37,93.66948008102634
2025-11-30 18:10:07,93.66863605671843
2025-11-30 18:12:37,93.66779203241053
2025-11-30 18:15:07,93.66694800810264
2025-11-30 18:17:37,93.66610398379473
2025-11-30 18:20:07,93.66525995948683
2025-11-30 18:22:37,93.66441593517894
2025-11-30 18:25:07,93.66357191087103
2025-11-30 18:27:37,93.66272788656313
2025-11-30 18:30:07,93.66188386225524
2025-11-30 18:32:37,93.66103983794733
2025-11-30 18:35:07,93.66019581363943
2025-11-30 18:37:37,93.65935178933154
2025-11-30 18:40:07,93.65850776502363
2025-11-30 18:42:37,93.65766374071573
2025-11-30 18:45:07,93.65681971640784
2025-11-30 18:47:37,93.65597569209993
2025-11-30 18:50:07,93.65513166779203
2025-11-30 18:52:37,93.65428764348414
2025-11-30 18:55:07,93.65344361917623
2025-11-30 18:57:37,93.65259959486833
2025-11-30 19:00:07,93.65175557056043
2025-11-30 19:02:37,93.65091154625253
2025-11-30 19:05:07,93.65006752194464
2025-11-30 19:07:37,93.64922349763673
2025-11-30 19:10:07,93.64837947332883
2025-11-30 19:12:37,93.64753544902094
2025-11-30 19:15:07,93.64669142471303
2025-11-30 19:17:37,93.64584740040513
2025-11-30 19:20:07,93.64500337609724
2025-11-30 19:22:37,93.64415935178933
2025-11-30 19:25:07,93.64331532748143
2025-11-30 19:27:37,93.64247130317354
2025-11-30 19:30:07,93.64162727886563
2025-11-30 19:32:37,93.64078325455773
2025-11-30 19:35:07,93.63993923024984
2025-11-30 19:37:37,93.63909520594193
2025-11-30 19:40:07,93.63825118163403
2025-11-30 19:42:37,93.63740715732614
2025-11-30 19:45:07,93.63656313301823
2025-11-30 19:47:37,93.63571910871033
2025-11-30 19:50:07,93.63487508440242
2025-11-30 19:52:37,93.63403106009453
2025-11-30 19:55:07,93.63318703578663
2025-11-30 19:57:37,93.63234301147872
2025-11-30 20:00:07,93.63149898717083
2025-11-30 20:02:37,93.63065496286293
2025-11-30 20:05:07,93.62981093855502
2025-11-30 20:07:37,93.62896691424713
2025-11-30 20:10:07,93.62812288993923
2025-11-30 20:12:37,93.62727886563133
2025-11-30 20:15:07,93.62643484132343
2025-11-30 20:17:37,93.62559081701554
2025-11-30 20:20:07,93.62474679270763
2025-11-30 20:22:37,93.62390276839973
2025-11-30 20:25:07,93.62305874409184
2025-11-30 20:27:37,93.62221471978393
2025-11-30 20:30:07,93.62137069547603
2025-11-30 20:32:37,93.62052667116814
2025-11-30 20:35:07,93.61968264686023
2025-11-30 20:37:37,93.61883862255233
2025-11-30 20:40:07,93.61799459824442
2025-11-30 20:42:37,93.61715057393653
2025-11-30 20:45:07,93.61630654962863
2025-11-30 20:47:37,93.61546252532072
2025-11-30 20:50:07,93.61461850101283
2025-11-30 20:52:37,93.61377447670493
2025-11-30 20:55:07,93.61293045239702
2025-11-30 20:57:37,93.61208642808913
2025-11-30 21:00:07,93.61124240378123
2025-11-30 21:02:37,93.61039837947332
2025-11-30 21:05:07,93.60955435516543
2025-11-30 21:07:37,93.60871033085753
2025-11-30 21:10:07,93.60786630654962
2025-11-30 21:12:37,93.60702228224173
2025-11-30 21:15:07,93.60617825793383
2025-11-30 21:17:37,93.60533423362592
2025-11-30 21:20:07,93.60449020931803
2025-11-30 21:22:37,93.60364618501013
2025-11-30 21:25:07,93.60280216070223
2025-11-30 21:27:37,93.60195813639433
2025-11-30 21:30:07,93.60111411208644
2025-11-30 21:32:37,93.60027008777853
2025-11-30 21:35:07,93.59942606347063
2025-11-30 21:37:37,93.59858203916272
2025-11-30 21:40:07,93.59773801485483
2025-11-30 21:42:37,93.59689399054693
2025-11-30 21:45:07,93.59604996623902
2025-11-30 21:47:37,93.59520594193113
2025-11-30 21:50:07,93.59436191762323
2025-11-30 21:52:37,93.59351789331532
2025-11-30 21:55:07,93.59267386900743
2025-11-30 21:57:37,93.59182984469953
2025-11-30 22:00:07,93.59098582039162
2025-11-30 22:02:37,93.59014179608373
2025-11-30 22:05:07,93.58929777177583
2025-11-30 22:07:37,93.58845374746792
2025-11-30 22:10:07,93.58760972316003
2025-11-30 22:12:37,93.58676569885213
2025-11-30 22:15:07,93.58592167454422
2025-11-30 22:17:37,93.58507765023633
2025-11-30 22:20:07,93.58423362592843
2025-11-30 22:22:37,93.58338960162052
2025-11-30 22:25:07,93.58254557731263
2025-11-30 22:27:37,93.58170155300472
2025-11-30 22:30:07,93.58085752869682
2025-11-30 22:32:37,93.58001350438893
2025-11-30 22:35:07,93.57916948008102
2025-11-30 22:37:37,93.57832545577313
2025-11-30 22:40:07,93.57748143146523
2025-11-30 22:42:37,93.57663740715732
2025-11-30 22:45:07,93.57579338284943
2025-11-30 22:47:37,93.57494935854153
2025-11-30 22:50:07,93.57410533423362
2025-11-30 22:52:37,93.57326130992573
2025-11-30 22:55:07,93.57241728561783
2025-11-30 22:57:37,93.57157326130992
2025-11-30 23:00:07,93.57072923700203
2025-11-30 23:02:37,93.56988521269413
2025-11-30 23:05:07,93.56904118838622
2025-11-30 23:07:37,93.56819716407833
2025-11-30 23:10:07,93.56735313977043
2025-11-30 23:12:37,93.56650911546252
2025-11-30 23:15:07,93.56566509115463
2025-11-30 23:17:37,93.56482106684672
2025-11-30 23:20:07,93.56397704253882
2025-11-30 23:22:37,93.56313301823093
2025-11-30 23:25:07,93.56228899392302
2025-11-30 23:27:37,93.56144496961512
2025-11-30 23:30:07,93.56060094530723
2025-11-30 23:32:37,93.55975692099932
2025-11-30 23:35:07,93.55891289669142
2025-11-30 23:37:37,93.55806887238353
2025-11-30 23:40:07,93.55722484807562
2025-11-30 23:42:37,93.55638082376773
2025-11-30 23:45:07,93.55553679945983
2025-11-30 23:47:37,93.55469277515192
2025-11-30 23:50:07,93.55384875084403
2025-11-30 23:52:37,93.55300472653613
2025-11-30 23:55:07,93.55216070222822
2025-11-30 23:57:37,93.55131667792033
2025-12-01 00:00:07,93.55047265361243
2025-12-01 00:02:37,93.54962862930452
2025-12-01 00:05:07,93.54878460499663
2025-12-01 00:07:37,93.54794058068872
2025-12-01 00:10:07,93.54709655638082
2025-12-01 00:12:37,93.54625253207293
2025-12-01 00:15:07,93.54540850776502
2025-12-01 00:17:37,93.54456448345712
2025-12-01 00:20:07,93.54372045914923
2025-12-01 00:22:37,93.54287643484132
2025-12-01 00:25:07,93.54203241053342
2025-12-01 00:27:37,93.54118838622553
2025-12-01 00:30:07,93.54034436191762
2025-12-01 00:32:37,93.53950033760972
2025-12-01 00:35:07,93.53865631330183
2025-12-01 00:37:37,93.53781228899392
2025-12-01 00:40:07,93.53696826468602
2025-12-01 00:42:37,93.53612424037813
2025-12-01 00:45:07,93.53528021607022
2025-12-01 00:47:37,93.53443619176232
2025-12-01 00:50:07,93.53359216745443
2025-12-01 00:52:37,93.53274814314652
2025-12-01 00:55:07,93.53190411883863
2025-12-01 00:57:37,93.53106009453072
2025-12-01 01:00:07,93.53021607022282
2025-12-01 01:02:37,93.52937204591493
2025-12-01 01:05:07,93.52852802160702
2025-12-01 01:07:37,93.52768399729912
2025-12-01 01:10:07,93.52683997299123
2025-12-01 01:12:37,93.52599594868332
2025-12-01 01:15:07,93.52515192437542
2025-12-01 01:17:37,93.52430790006753
2025-12-01 01:20:07,93.52346387575962
2025-12-01 01:22:37,93.52261985145172
2025-12-01 01:25:07,93.52177582714383
2025-12-01 01:27:37,93.52093180283592
2025-12-01 01:30:07,93.52008777852802
2025-12-01 01:32:37,93.51924375422013
2025-12-01 01:35:07,93.51839972991222
2025-12-01 01:37:37,93.51755570560432
2025-12-01 01:40:07,93.51671168129643
2025-12-01 01:42:37,93.51586765698852
2025-12-01 01:45:07,93.51502363268062
2025-12-01 01:47:37,93.51417960837271
2025-12-01 01:50:07,93.51333558406482
2025-12-01 01:52:37,93.51249155975692
2025-12-01 01:55:07,93.51164753544901
2025-12-01 01:57:37,93.51080351114112
2025-12-01 02:00:07,93.50995948683322
2025-12-01 02:02:37,93.50911546252532
2025-12-01 02:05:07,93.50827143821742
2025-12-01 02:07:37,93.50742741390953
2025-12-01 02:10:07,93.50658338960162
2025-12-01 02:12:37,93.50573936529372
2025-12-01 02:15:07,93.50489534098583
2025-12-01 02:17:37,93.50405131667792
2025-12-01 02:20:07,93.50320729237002
2025-12-01 02:22:37,93.50236326806213
2025-12-01 02:25:07,93.50151924375422
2025-12-01 02:27:37,93.50067521944632
2025-12-01 02:30:07,93.49983119513843
2025-12-01 02:32:37,93.49898717083052
2025-12-01 02:35:07,93.49814314652262
2025-12-01 02:37:37,93.49729912221471
2025-12-01 02:40:07,93.49645509790682
2025-12-01 02:42:37,93.49561107359892
2025-12-01 02:45:07,93.49476704929101
2025-12-01 02:47:37,93.49392302498312
2025-12-01 02:50:07,93.49307900067522
2025-12-01 02:52:37,93.49223497636731
2025-12-01 02:55:07,93.49139095205942
2025-12-01 02:57:37,93.49054692775152
2025-12-01 03:00:07,93.48970290344361
2025-12-01 03:02:37,93.48885887913572
2025-12-01 03:05:07,93.48801485482782
2025-12-01 03:07:37,93.48717083051991
2025-12-01 03:10:07,93.48632680621202
2025-12-01 03:12:37,93.48548278190412
2025-12-01 03:15:07,93.48463875759622
2025-12-01 03:17:37,93.48379473328832
2025-12-01 03:20:07,93.48295070898043
2025-12-01 03:22:37,93.48210668467252
2025-12-01 03:25:07,93.48126266036462
2025-12-01 03:27:37,93.48041863605671
2025-12-01 03:30:07,93.47957461174882
2025-12-01 03:32:37,93.47873058744092
2025-12-01 03:35:07,93.47788656313301
2025-12-01 03:37:37,93.47704253882512
2025-12-01 03:40:07,93.47619851451722
2025-12-01 03:42:37,93.47535449020931
2025-12-01 03:45:07,93.47451046590142
2025-12-01 03:47:37,93.47366644159352
2025-12-01 03:50:07,93.47282241728561
2025-12-01 03:52:37,93.47197839297772
2025-12-01 03:55:07,93.47113436866982
2025-12-01 03:57:37,93.47029034436191
2025-12-01 04:00:07,93.46944632005402
2025-12-01 04:02:37,93.46860229574612
2025-12-01 04:05:07,93.46775827143821
2025-12-01 04:07:37,93.46691424713032
2025-12-01 04:10:07,93.46607022282242
2025-12-01 04:12:37,93.46522619851451
2025-12-01 04:15:07,93.46438217420662
2025-12-01 04:17:37,93.46353814989871
2025-12-01 04:20:07,93.46269412559082
2025-12-01 04:22:37,93.46185010128292
2025-12-01 04:25:07,93.46100607697501
2025-12-01 04:27:37,93.46016205266712
2025-12-01 04:30:07,93.45931802835922
2025-12-01 04:32:37,93.45847400405131
2025-12-01 04:35:07,93.45762997974342
2025-12-01 04:37:37,93.45678595543552
2025-12-01 04:40:07,93.45594193112761
2025-12-01 04:42:37,93.45509790681972
2025-12-01 04:45:07,93.45425388251182
2025-12-01 04:47:37,93.45340985820391
2025-12-01 04:50:07,93.45256583389602
2025-12-01 04:52:37,93.45172180958812
2025-12-01 04:55:07,93.45087778528021
2025-12-01 04:57:37,93.45003376097232
2025-12-01 05:00:07,93.44918973666442
2025-12-01 05:02:37,93.44834571235651
2025-12-01 05:05:07,93.44750168804862
2025-12-01 05:07:37,93.44665766374071
2025-12-01 05:10:07,93.44581363943281
2025-12-01 05:12:37,93.44496961512492
2025-12-01 05:15:07,93.44412559081701
2025-12-01 05:17:37,93.44328156650911
2025-12-01 05:20:07,93.44243754220122
2025-12-01 05:22:37,93.44159351789331
2025-12-01 05:25:07,93.44074949358541
2025-12-01 05:27:37,93.43990546927752
2025-12-01 05:30:07,93.43906144496961
2025-12-01 05:32:37,93.43821742066172
2025-12-01 05:35:07,93.43737339635382
2025-12-01 05:37:37,93.43652937204591
2025-12-01 05:40:07,93.43568534773802
2025-12-01 05:42:37,93.43484132343012
2025-12-01 05:45:07,93.43399729912221
2025-12-01 05:47:37,93.43315327481432
2025-12-01 05:50:07,93.43230925050642
2025-12-01 05:52:37,93.43146522619851
2025-12-01 05:55:07,93.43062120189062
2025-12-01 05:57:37,93.42977717758271
2025-12-01 06:00:07,93.42893315327481
2025-12-01 06:02:37,93.42808912896692
2025-12-01 06:05:07,93.42724510465901
2025-12-01 06:07:37,93.42640108035111
2025-12-01 06:10:07,93.42555705604322
2025-12-01 06:12:37,93.42471303173531
2025-12-01 06:15:07,93.42386900742741
2025-12-01 06:17:37,93.42302498311952
2025-12-01 06:20:07,93.42218095881161
2025-12-01 06:22:37,93.42133693450371
2025-12-01 06:25:07,93.42049291019582
2025-12-01 06:27:37,93.41964888588791
2025-12-01 06:30:07,93.41880486158001
2025-12-01 06:32:37,93.41796083727212
2025-12-01 06:35:07,93.41711681296421
2025-12-01 06:37:37,93.41627278865631
2025-12-01 06:40:07,93.41542876434842
2025-12-01 06:42:37,93.41458474004051
2025-12-01 06:45:07,93.41374071573262
2025-12-01 06:47:37,93.41289669142472
2025-12-01 06:50:07,93.41205266711681
2025-12-01 06:52:37,93.41120864280892
2025-12-01 06:55:07,93.410364618501
2025-12-01 06:57:37,93.40952059419311
2025-12-01 07:00:07,93.40867656988522
2025-12-01 07:02:37,93.4078325455773
2025-12-01 07:05:07,93.40698852126941
2025-12-01 07:07:37,93.40614449696152
2025-12-01 07:10:07,93.40530047265361
2025-12-01 07:12:37,93.40445644834571
2025-12-01 07:15:07,93.40361242403782
2025-12-01 07:17:37,93.40276839972991
2025-12-01 07:20:07,93.40192437542201
2025-12-01 07:22:37,93.40108035111412
2025-12-01 07:25:07,93.40023632680621
2025-12-01 07:27:37,93.39939230249831
2025-12-01 07:30:07,93.39854827819042
2025-12-01 07:32:37,93.39770425388251
2025-12-01 07:35:07,93.39686022957461
2025-12-01 07:37:37,93.39601620526672
2025-12-01 07:40:07,93.39517218095881
2025-12-01 07:42:37,93.39432815665091
2025-12-01 07:45:07,93.393484132343
2025-12-01 07:47:37,93.39264010803511
2025-12-01 07:50:07,93.39179608372721
2025-12-01 07:52:37,93.3909520594193
2025-12-01 07:55:07,93.39010803511141
2025-12-01 07:57:37,93.38926401080352
2025-12-01 08:00:07,93.3884199864956
2025-12-01 08:02:37,93.38757596218771
2025-12-01 08:05:07,93.38673193787982
2025-12-01 08:07:37,93.3858879135719
2025-12-01 08:10:07,93.38504388926401
2025-12-01 08:12:37,93.38419986495612
2025-12-01 08:15:07,93.3833558406482
2025-12-01 08:17:37,93.38251181634031
2025-12-01 08:20:07,93.38166779203242
2025-12-01 08:22:37,93.38082376772451
2025-12-01 08:25:07,93.37997974341661
2025-12-01 08:27:37,93.37913571910872
2025-12-01 08:30:07,93.37829169480081
2025-12-01 08:32:37,93.37744767049291
2025-12-01 08:35:07,93.376603646185
2025-12-01 08:37:37,93.37575962187711
2025-12-01 08:40:07,93.37491559756921
2025-12-01 08:42:37,93.3740715732613
2025-12-01 08:45:07,93.37322754895341
2025-12-01 08:47:37,93.37238352464551
2025-12-01 08:50:07,93.3715395003376
2025-12-01 08:52:37,93.37069547602971
2025-12-01 08:55:07,93.36985145172181
2025-12-01 08:57:37,93.3690074274139
2025-12-01 09:00:07,93.36816340310601
2025-12-01 09:02:37,93.36731937879811
2025-12-01 09:05:07,93.3664753544902
2025-12-01 09:07:37,93.36563133018231
2025-12-01 09:10:07,93.36478730587442
2025-12-01 09:12:37,93.3639432815665
2025-12-01 09:15:07,93.36309925725861
2025-12-01 09:17:37,93.36225523295072
2025-12-01 09:20:07,93.3614112086428
2025-12-01 09:22:37,93.36056718433491
2025-12-01 09:25:07,93.359723160027
2025-12-01 09:27:37,93.3588791357191
2025-12-01 09:30:07,93.35803511141121
2025-12-01 09:32:37,93.3571910871033
2025-12-01 09:35:07,93.35634706279541
2025-12-01 09:37:37,93.35550303848751
2025-12-01 09:40:07,93.3546590141796
2025-12-01 09:42:37,93.35381498987171
2025-12-01 09:45:07,93.35297096556381
2025-12-01 09:47:37,93.3521269412559
2025-12-01 09:50:07,93.35128291694801
2025-12-01 09:52:37,93.35043889264011
2025-12-01 09:55:07,93.3495948683322
2025-12-01 09:57:37,93.34875084402431
2025-12-01 10:00:07,93.34790681971641
2025-12-01 10:02:37,93.3470627954085
2025-12-01 10:05:07,93.34621877110061
2025-12-01 10:07:37,93.34537474679271
2025-12-01 10:10:07,93.3445307224848
2025-12-01 10:12:37,93.34368669817691
2025-12-01 10:15:07,93.342842673869
2025-12-01 10:17:37,93.3419986495611
2025-12-01 10:20:07,93.34115462525321
2025-12-01 10:22:37,93.3403106009453
2025-12-01 10:25:07,93.3394665766374
2025-12-01 10:27:37,93.33862255232951
2025-12-01 10:30:07,93.3377785280216
2025-12-01 10:32:37,93.3369345037137
2025-12-01 10:35:07,93.33609047940581
2025-12-01 10:37:37,93.3352464550979
2025-12-01 10:40:07,93.33440243079
2025-12-01 10:42:37,93.33355840648211
2025-12-01 10:45:07,93.3327143821742
2025-12-01 10:47:37,93.33187035786631
2025-12-01 10:50:07,93.33102633355841
2025-12-01 10:52:37,93.3301823092505
2025-12-01 10:55:07,93.32933828494261
2025-12-01 10:57:37,93.32849426063471
2025-12-01 11:00:07,93.3276502363268
2025-12-01 11:02:37,93.32680621201891
2025-12-01 11:05:07,93.325962187711
2025-12-01 11:07:37,93.3251181634031
2025-12-01 11:10:07,93.32427413909521
2025-12-01 11:12:37,93.3234301147873
2025-12-01 11:15:07,93.3225860904794
2025-12-01 11:17:37,93.32174206617151
2025-12-01 11:20:07,93.3208980418636
2025-12-01 11:22:37,93.3200540175557
2025-12-01 11:25:07,93.31920999324781
2025-12-01 11:27:37,93.3183659689399
2025-12-01 11:30:07,93.317521944632
2025-12-01 11:32:37,93.31667792032411
2025-12-01 11:35:07,93.3158338960162
2025-12-01 11:37:37,93.3149898717083
2025-12-01 11:40:07,93.31414584740041
2025-12-01 11:42:37,93.3133018230925
2025-12-01 11:45:07,93.3124577987846
2025-12-01 11:47:37,93.31161377447671
2025-12-01 11:50:07,93.3107697501688
2025-12-01 11:52:37,93.30992572586091
2025-12-01 11:55:07,93.309081701553
2025-12-01 11:57:37,93.3082376772451
2025-12-01 12:00:07,93.30739365293721
2025-12-01 12:02:37,93.3065496286293
2025-12-01 12:05:07,93.3057056043214
2025-12-01 12:07:37,93.30486158001351
2025-12-01 12:10:07,93.3040175557056
2025-12-01 12:12:37,93.3031735313977
2025-12-01 12:15:07,93.30232950708981
2025-12-01 12:17:37,93.3014854827819
2025-12-01 12:20:07,93.300641458474
2025-12-01 12:22:37,93.29979743416611
2025-12-01 12:25:07,93.2989534098582
2025-12-01 12:27:37,93.2981093855503
2025-12-01 12:30:07,93.29726536124241
2025-12-01 12:32:37,93.2964213369345
2025-12-01 12:35:07,93.2955773126266
2025-12-01 12:37:37,93.29473328831871
2025-12-01 12:40:07,93.2938892640108
2025-12-01 12:42:37,93.2930452397029
2025-12-01 12:45:07,93.292201215395
2025-12-01 12:47:37,93.2913571910871
2025-12-01 12:50:07,93.2905131667792
2025-12-01 12:52:37,93.2896691424713
2025-12-01 12:55:07,93.2888251181634
2025-12-01 12:57:37,93.2879810938555
2025-12-01 13:00:07,93.2871370695476
2025-12-01 13:02:37,93.2862930452397
2025-12-01 13:05:07,93.28544902093181
2025-12-01 13:07:37,93.2846049966239
2025-12-01 13:10:07,93.283760972316
2025-12-01 13:12:37,93.28291694800811
2025-12-01 13:15:07,93.2820729237002
2025-12-01 13:17:37,93.2812288993923
2025-12-01 13:20:07,93.28038487508441
2025-12-01 13:22:37,93.2795408507765
2025-12-01 13:25:07,93.2786968264686
2025-12-01 13:27:37,93.27785280216071
2025-12-01 13:30:07,93.2770087778528
2025-12-01 13:32:37,93.2761647535449
2025-12-01 13:35:07,93.275320729237
2025-12-01 13:37:37,93.2744767049291
2025-12-01 13:40:07,93.2736326806212
2025-12-01 13:42:37,93.2727886563133
2025-12-01 13:45:07,93.2719446320054
2025-12-01 13:47:37,93.2711006076975
2025-12-01 13:50:07,93.2702565833896
2025-12-01 13:52:37,93.2694125590817
2025-12-01 13:55:07,93.2685685347738
2025-12-01 13:57:37,93.2677245104659
2025-12-01 14:00:07,93.266880486158
2025-12-01 14:02:37,93.2660364618501
2025-12-01 14:05:07,93.2651924375422
2025-12-01 14:07:37,93.2643484132343
2025-12-01 14:10:07,93.2635043889264
2025-12-01 14:12:37,93.2626603646185
2025-12-01 14:15:07,93.2618163403106
2025-12-01 14:17:37,93.26097231600271
2025-12-01 14:20:07,93.2601282916948
2025-12-01 14:22:37,93.2592842673869
2025-12-01 14:25:07,93.258440243079
2025-12-01 14:27:37,93.2575962187711
2025-12-01 14:30:07,93.2567521944632
2025-12-01 14:32:37,93.2559081701553
2025-12-01 14:35:07,93.2550641458474
2025-12-01 14:37:37,93.2542201215395
2025-12-01 14:40:07,93.2533760972316
2025-12-01 14:42:37,93.2525320729237
2025-12-01 14:45:07,93.2516880486158
2025-12-01 14:47:37,93.2508440243079
2025-12-01 14:50:07,93.25
2025-12-01 14:52:37,93.2491559756921
2025-12-01 14:55:07,93.2483119513842
2025-12-01 14:57:37,93.2474679270763
2025-12-01 15:00:07,93.2466239027684
2025-12-01 15:02:37,93.2457798784605
2025-12-01 15:05:07,93.2449358541526
2025-12-01 15:07:37,93.2440918298447
2025-12-01 15:10:07,93.2432478055368
2025-12-01 15:12:37,93.2424037812289
2025-12-01 15:15:07,93.241559756921
2025-12-01 15:17:37,93.2407157326131
2025-12-01 15:20:07,93.2398717083052
2025-12-01 15:22:37,93.23902768399729
2025-12-01 15:25:07,93.2381836596894
2025-12-01 15:27:37,93.2373396353815
2025-12-01 15:30:07,93.2364956110736
2025-12-01 15:32:37,93.2356515867657
2025-12-01 15:35:07,93.2348075624578
2025-12-01 15:37:37,93.2339635381499
2025-12-01 15:40:07,93.233119513842
2025-12-01 15:42:37,93.2322754895341
2025-12-01 15:45:07,93.2314314652262
2025-12-01 15:47:37,93.2305874409183
2025-12-01 15:50:07,93.2297434166104
2025-12-01 15:52:37,93.2288993923025
2025-12-01 15:55:07,93.2280553679946
2025-12-01 15:57:37,93.2272113436867
2025-12-01 16:00:07,93.2263673193788
2025-12-01 16:02:37,93.2255232950709
2025-12-01 16:05:07,93.224679270763
2025-12-01 16:07:37,93.2238352464551
2025-12-01 16:10:07,93.2229912221472
2025-12-01 16:12:37,93.22214719783929
2025-12-01 16:15:07,93.2213031735314
2025-12-01 16:17:37,93.2204591492235
2025-12-01 16:20:07,93.21961512491559
2025-12-01 16:22:37,93.2187711006077
2025-12-01 16:25:07,93.2179270762998
2025-12-01 16:27:37,93.21708305199189
2025-12-01 16:30:07,93.216239027684
2025-12-01 16:32:37,93.2153950033761
2025-12-01 16:35:07,93.21455097906819
2025-12-01 16:37:37,93.2137069547603
2025-12-01 16:40:07,93.2128629304524
2025-12-01 16:42:37,93.2120189061445
2025-12-01 16:45:07,93.2111748818366
2025-12-01 16:47:37,93.2103308575287
2025-12-01 16:50:07,93.2094868332208
2025-12-01 16:52:37,93.2086428089129
2025-12-01 16:55:07,93.207798784605
2025-12-01 16:57:37,93.2069547602971
2025-12-01 17:00:07,93.2061107359892
2025-12-01 17:02:37,93.20526671168129
2025-12-01 17:05:07,93.2044226873734
2025-12-01 17:07:37,93.2035786630655
2025-12-01 17:10:07,93.20273463875759
2025-12-01 17:12:37,93.2018906144497
2025-12-01 17:15:07,93.2010465901418
2025-12-01 17:17:37,93.20020256583389
2025-12-01 17:20:07,93.199358541526
2025-12-01 17:22:37,93.1985145172181
2025-12-01 17:25:07,93.19767049291019
2025-12-01 17:27:37,93.1968264686023
2025-12-01 17:30:07,93.1959824442944
2025-12-01 17:32:37,93.19513841998649
2025-12-01 17:35:07,93.1942943956786
2025-12-01 17:37:37,93.1934503713707
2025-12-01 17:40:07,93.19260634706279
2025-12-01 17:42:37,93.1917623227549
2025-12-01 17:45:07,93.190918298447
2025-12-01 17:47:37,93.19007427413909
2025-12-01 17:50:07,93.1892302498312
2025-12-01 17:52:37,93.18838622552329
2025-12-01 17:55:07,93.1875422012154
2025-12-01 17:57:37,93.1866981769075
2025-12-01 18:00:07,93.18585415259959
2025-12-01 18:02:37,93.1850101282917
2025-12-01 18:05:07,93.1841661039838
2025-12-01 18:07:37,93.18332207967589
2025-12-01 18:10:07,93.182478055368
2025-12-01 18:12:37,93.1816340310601
2025-12-01 18:15:07,93.18079000675219
2025-12-01 18:17:37,93.1799459824443
2025-12-01 18:20:07,93.1791019581364
2025-12-01 18:22:37,93.17825793382849
2025-12-01 18:25:07,93.1774139095206
2025-12-01 18:27:37,93.1765698852127
2025-12-01 18:30:07,93.17572586090479
2025-12-01 18:32:37,93.1748818365969
2025-12-01 18:35:07,93.174037812289
2025-12-01 18:37:37,93.17319378798109
2025-12-01 18:40:07,93.1723497636732
2025-12-01 18:42:37,93.17150573936529
2025-12-01 18:45:07,93.17066171505739
2025-12-01 18:47:37,93.1698176907495
2025-12-01 18:50:07,93.16897366644159
2025-12-01 18:52:37,93.16812964213369
2025-12-01 18:55:07,93.1672856178258
2025-12-01 18:57:37,93.16644159351789
2025-12-01 19:00:07,93.16559756921
2025-12-01 19:02:37,93.1647535449021
2025-12-01 19:05:07,93.16390952059419
2025-12-01 19:07:37,93.1630654962863
2025-12-01 19:10:07,93.1622214719784
2025-12-01 19:12:37,93.16137744767049
2025-12-01 19:15:07,93.1605334233626
2025-12-01 19:17:37,93.1596893990547
2025-12-01 19:20:07,93.15884537474679
2025-12-01 19:22:37,93.1580013504389
2025-12-01 19:25:07,93.157157326131
2025-12-01 19:27:37,93.15631330182309
2025-12-01 19:30:07,93.1554692775152
2025-12-01 19:32:37,93.15462525320729
2025-12-01 19:35:07,93.15378122889939
2025-12-01 19:37:37,93.1529372045915
2025-12-01 19:40:07,93.15209318028359
2025-12-01 19:42:37,93.15124915597569
2025-12-01 19:45:07,93.1504051316678
2025-12-01 19:47:37,93.14956110735989
2025-12-01 19:50:07,93.14871708305199
2025-12-01 19:52:37,93.1478730587441
2025-12-01 19:55:07,93.14702903443619
2025-12-01 19:57:37,93.14618501012829
2025-12-01 20:00:07,93.1453409858204
2025-12-01 20:02:37,93.14449696151249
2025-12-01 20:05:07,93.14365293720459
2025-12-01 20:07:37,93.1428089128967
2025-12-01 20:10:07,93.14196488858879
2025-12-01 20:12:37,93.1411208642809
2025-12-01 20:15:07,93.140276839973
2025-12-01 20:17:37,93.13943281566509
2025-12-01 20:20:07,93.1385887913572
2025-12-01 20:22:37,93.13774476704928
2025-12-01 20:25:07,93.13690074274139
2025-12-01 20:27:37,93.1360567184335
2025-12-01 20:30:07,93.13521269412558
2025-12-01 20:32:37,93.13436866981769
2025-12-01 20:35:07,93.1335246455098
2025-12-01 20:37:37,93.13268062120189
2025-12-01 20:40:07,93.13183659689399
2025-12-01 20:42:37,93.1309925725861
2025-12-01 20:45:07,93.13014854827819
2025-12-01 20:47:37,93.12930452397029
2025-12-01 20:50:07,93.1284604996624
2025-12-01 20:52:37,93.12761647535449
2025-12-01 20:55:07,93.12677245104659
2025-12-01 20:57:37,93.1259284267387
2025-12-01 21:00:07,93.12508440243079
2025-12-01 21:02:37,93.12424037812289
2025-12-01 21:05:07,93.123396353815
2025-12-01 21:07:37,93.12255232950709
2025-12-01 21:10:07,93.12170830519919
2025-12-01 21:12:37,93.12086428089128
2025-12-01 21:15:07,93.12002025658339
2025-12-01 21:17:37,93.11917623227549
2025-12-01 21:20:07,93.11833220796758
2025-12-01 21:22:37,93.11748818365969
2025-12-01 21:25:07,93.1166441593518
2025-12-01 21:27:37,93.11580013504388
2025-12-01 21:30:07,93.11495611073599
2025-12-01 21:32:37,93.1141120864281
2025-12-01 21:35:07,93.11326806212018
2025-12-01 21:37:37,93.11242403781229
2025-12-01 21:40:07,93.1115800135044
2025-12-01 21:42:37,93.11073598919648
2025-12-01 21:45:07,93.10989196488859
2025-12-01 21:47:37,93.1090479405807
2025-12-01 21:50:07,93.10820391627279
2025-12-01 21:52:37,93.10735989196489
2025-12-01 21:55:07,93.106515867657
2025-12-01 21:57:37,93.10567184334909
2025-12-01 22:00:07,93.10482781904119
2025-12-01 22:02:37,93.10398379473328
2025-12-01 22:05:07,93.10313977042539
2025-12-01 22:07:37,93.10229574611749
2025-12-01 22:10:07,93.10145172180958
2025-12-01 22:12:37,93.10060769750169
2025-12-01 22:15:07,93.09976367319379
2025-12-01 22:17:37,93.09891964888588
2025-12-01 22:20:07,93.09807562457799
2025-12-01 22:22:37,93.09723160027009
2025-12-01 22:25:07,93.09638757596218
2025-12-01 22:27:37,93.09554355165429
2025-12-01 22:30:07,93.09469952734639
2025-12-01 22:32:37,93.09385550303848
2025-12-01 22:35:07,93.09301147873059
2025-12-01 22:37:37,93.0921674544227
2025-12-01 22:40:07,93.09132343011478
2025-12-01 22:42:37,93.09047940580689
2025-12-01 22:45:07,93.089635381499
2025-12-01 22:47:37,93.08879135719108
2025-12-01 22:50:07,93.08794733288319
2025-12-01 22:52:37,93.08710330857528
2025-12-01 22:55:07,93.08625928426738
2025-12-01 22:57:37,93.08541525995949
2025-12-01 23:00:07,93.08457123565158
2025-12-01 23:02:37,93.08372721134369
2025-12-01 23:05:07,93.08288318703579
2025-12-01 23:07:37,93.08203916272788
2025-12-01 23:10:07,93.08119513841999
2025-12-01 23:12:37,93.08035111411209
2025-12-01 23:15:07,93.07950708980418
2025-12-01 23:17:37,93.07866306549629
2025-12-01 23:20:07,93.07781904118839
2025-12-01 23:22:37,93.07697501688048
2025-12-01 23:25:07,93.07613099257259
2025-12-01 23:27:37,93.07528696826469
2025-12-01 23:30:07,93.07444294395678
2025-12-01 23:32:37,93.07359891964889
2025-12-01 23:35:07,93.07275489534099
2025-12-01 23:37:37,93.07191087103308
2025-12-01 23:40:07,93.07106684672519
2025-12-01 23:42:37,93.07022282241728
2025-12-01 23:45:07,93.06937879810938
2025-12-01 23:47:37,93.06853477380149
2025-12-01 23:50:07,93.06769074949358
2025-12-01 23:52:37,93.06684672518568
2025-12-01 23:55:07,93.06600270087779
2025-12-01 23:57:37,93.06515867656988
2025-12-02 00:00:07,93.06431465226198
2025-12-02 00:02:37,93.06347062795409
2025-12-02 00:05:07,93.06262660364618
2025-12-02 00:07:37,93.06178257933828
2025-12-02 00:10:07,93.06093855503039
2025-12-02 00:12:37,93.06009453072248
2025-12-02 00:15:07,93.05925050641459
2025-12-02 00:17:37,93.05840648210669
2025-12-02 00:20:07,93.05756245779878
2025-12-02 00:22:37,93.05671843349089
2025-12-02 00:25:07,93.05587440918299
2025-12-02 00:27:37,93.05503038487508
2025-12-02 00:30:07,93.05418636056719
2025-12-02 00:32:37,93.05334233625929
2025-12-02 00:35:07,93.05249831195138
2025-12-02 00:37:37,93.05165428764349
2025-12-02 00:40:07,93.05081026333558
2025-12-02 00:42:37,93.04996623902768
2025-12-02 00:45:07,93.04912221471979
2025-12-02 00:47:37,93.04827819041188
2025-12-02 00:50:07,93.04743416610398
2025-12-02 00:52:37,93.04659014179609
2025-12-02 00:55:07,93.04574611748818
2025-12-02 00:57:37,93.04490209318028
2025-12-02 01:00:07,93.04405806887239
2025-12-02 01:02:37,93.04321404456448
2025-12-02 01:05:07,93.04237002025658
2025-12-02 01:07:37,93.04152599594869
2025-12-02 01:10:07,93.04068197164078
2025-12-02 01:12:37,93.03983794733288
2025-12-02 01:15:07,93.03899392302499
2025-12-02 01:17:37,93.03814989871708
2025-12-02 01:20:07,93.03730587440918
2025-12-02 01:22:37,93.03646185010129
2025-12-02 01:25:07,93.03561782579338
2025-12-02 01:27:37,93.03477380148549
2025-12-02 01:30:07,93.03392977717758
2025-12-02 01:32:37,93.03308575286968
2025-12-02 01:35:07,93.03224172856179
2025-12-02 01:37:37,93.03139770425388
2025-12-02 01:40:07,93.03055367994598
2025-12-02 01:42:37,93.02970965563809
2025-12-02 01:45:07,93.02886563133018
2025-12-02 01:47:37,93.02802160702228
2025-12-02 01:50:07,93.02717758271439
2025-12-02 01:52:37,93.02633355840648
2025-12-02 01:55:07,93.02548953409858
2025-12-02 01:57:37,93.02464550979069
2025-12-02 02:00:07,93.02380148548278
2025-12-02 02:02:37,93.02295746117488
2025-12-02 02:05:07,93.02211343686699
2025-12-02 02:07:37,93.02126941255908
2025-12-02 02:10:07,93.02042538825118
2025-12-02 02:12:37,93.01958136394329
2025-12-02 02:15:07,93.01873733963538
2025-12-02 02:17:37,93.01789331532748
2025-12-02 02:20:07,93.01704929101957
2025-12-02 02:22:37,93.01620526671168
2025-12-02 02:25:07,93.01536124240378
2025-12-02 02:27:37,93.01451721809588
2025-12-02 02:30:07,93.01367319378798
2025-12-02 02:32:37,93.01282916948009
2025-12-02 02:35:07,93.01198514517218
2025-12-02 02:37:37,93.01114112086428
2025-12-02 02:40:07,93.01029709655639
2025-12-02 02:42:37,93.00945307224848
2025-12-02 02:45:07,93.00860904794058
2025-12-02 02:47:37,93.00776502363269
2025-12-02 02:50:07,93.00692099932478
2025-12-02 02:52:37,93.00607697501688
2025-12-02 02:55:07,93.00523295070899
2025-12-02 02:57:37,93.00438892640108
2025-12-02 03:00:07,93.00354490209318
2025-12-02 03:02:37,93.00270087778529
2025-12-02 03:05:07,93.00185685347738
2025-12-02 03:07:37,93.00101282916948
2025-12-02 03:10:07,93.00016880486157
2025-12-02 03:12:37,92.99932478055368
2025-12-02 03:15:07,92.99848075624578
2025-12-02 03:17:37,92.99763673193787
2025-12-02 03:20:07,92.99679270762998
2025-12-02 03:22:37,92.99594868332208
2025-12-02 03:25:07,92.99510465901417
2025-12-02 03:27:37,92.99426063470628
2025-12-02 03:30:07,92.99341661039838
2025-12-02 03:32:37,92.99257258609047
2025-12-02 03:35:07,92.99172856178258
2025-12-02 03:37:37,92.99088453747468
2025-12-02 03:40:07,92.99004051316678
2025-12-02 03:42:37,92.98919648885888
2025-12-02 03:45:07,92.98835246455099
2025-12-02 03:47:37,92.98750844024308
2025-12-02 03:50:07,92.98666441593518
2025-12-02 03:52:37,92.98582039162729
2025-12-02 03:55:07,92.98497636731938
2025-12-02 03:57:37,92.98413234301148
2025-12-02 04:00:07,92.98328831870357
2025-12-02 04:02:37,92.98244429439568
2025-12-02 04:05:07,92.98160027008778
2025-12-02 04:07:37,92.98075624577987
2025-12-02 04:10:07,92.97991222147198
2025-12-02 04:12:37,92.97906819716408
2025-12-02 04:15:07,92.97822417285617
2025-12-02 04:17:37,92.97738014854828
2025-12-02 04:20:07,92.97653612424038
2025-12-02 04:22:37,92.97569209993247
2025-12-02 04:25:07,92.97484807562458
2025-12-02 04:27:37,92.97400405131668
2025-12-02 04:30:07,92.97316002700877
2025-12-02 04:32:37,92.97231600270088
2025-12-02 04:35:07,92.97147197839298
2025-12-02 04:37:37,92.97062795408507
2025-12-02 04:40:07,92.96978392977718
2025-12-02 04:42:37,92.96893990546928
2025-12-02 04:45:07,92.96809588116137
2025-12-02 04:47:37,92.96725185685348
2025-12-02 04:50:07,92.96640783254557
2025-12-02 04:52:37,92.96556380823768
2025-12-02 04:55:07,92.96471978392978
2025-12-02 04:57:37,92.96387575962187
2025-12-02 05:00:07,92.96303173531398
2025-12-02 05:02:37,92.96218771100608
2025-12-02 05:05:07,92.96134368669817
2025-12-02 05:07:37,92.96049966239028
2025-12-02 05:10:07,92.95965563808238
2025-12-02 05:12:37,92.95881161377447
2025-12-02 05:15:07,92.95796758946658
2025-12-02 05:17:37,92.95712356515868
2025-12-02 05:20:07,92.95627954085077
2025-12-02 05:22:37,92.95543551654288
2025-12-02 05:25:07,92.95459149223498
2025-12-02 05:27:37,92.95374746792707
2025-12-02 05:30:07,92.95290344361918
2025-12-02 05:32:37,92.95205941931128
2025-12-02 05:35:07,92.95121539500337
2025-12-02 05:37:37,92.95037137069548
2025-12-02 05:40:07,92.94952734638757
2025-12-02 05:42:37,92.94868332207967
2025-12-02 05:45:07,92.94783929777178
2025-12-02 05:47:37,92.94699527346387
2025-12-02 05:50:07,92.94615124915597
2025-12-02 05:52:37,92.94530722484808
2025-12-02 05:55:07,92.94446320054017
2025-12-02 05:57:37,92.94361917623227
2025-12-02 06:00:07,92.94277515192438
2025-12-02 06:02:37,92.94193112761647
2025-12-02 06:05:07,92.94108710330858
2025-12-02 06:07:37,92.94024307900068
2025-12-02 06:10:07,92.93939905469277
2025-12-02 06:12:37,92.93855503038488
2025-12-02 06:15:07,92.93771100607698
2025-12-02 06:17:37,92.93686698176907
2025-12-02 06:20:07,92.93602295746118
2025-12-02 06:22:37,92.93517893315328
2025-12-02 06:25:07,92.93433490884537
2025-12-02 06:27:37,92.93349088453748
2025-12-02 06:30:07,92.93264686022957
2025-12-02 06:32:37,92.93180283592167
2025-12-02 06:35:07,92.93095881161378
2025-12-02 06:37:37,92.93011478730587
2025-12-02 06:40:07,92.92927076299797
2025-12-02 06:42:37,92.92842673869008
2025-12-02 06:45:07,92.92758271438217
2025-12-02 06:47:37,92.92673869007427
2025-12-02 06:50:07,92.92589466576638
2025-12-02 06:52:37,92.92505064145847
2025-12-02 06:55:07,92.92420661715057
2025-12-02 06:57:37,92.92336259284268
2025-12-02 07:00:07,92.92251856853477
2025-12-02 07:02:37,92.92167454422687
2025-12-02 07:05:07,92.92083051991898
2025-12-02 07:07:37,92.91998649561107
2025-12-02 07:10:07,92.91914247130318
2025-12-02 07:12:37,92.91829844699528
2025-12-02 07:15:07,92.91745442268737
2025-12-02 07:17:37,92.91661039837948
2025-12-02 07:20:07,92.91576637407157
2025-12-02 07:22:37,92.91492234976367
2025-12-02 07:25:07,92.91407832545578
2025-12-02 07:27:37,92.91323430114787
2025-12-02 07:30:07,92.91239027683997
2025-12-02 07:32:37,92.91154625253208
2025-12-02 07:35:07,92.91070222822417
2025-12-02 07:37:37,92.90985820391627
2025-12-02 07:40:07,92.90901417960838
2025-12-02 07:42:37,92.90817015530047
2025-12-02 07:45:07,92.90732613099257
2025-12-02 07:47:37,92.90648210668468
2025-12-02 07:50:07,92.90563808237677
2025-12-02 07:52:37,92.90479405806887
2025-12-02 07:55:07,92.90395003376098
2025-12-02 07:57:37,92.90310600945307
2025-12-02 08:00:07,92.90226198514517
2025-12-02 08:02:37,92.90141796083728
2025-12-02 08:05:07,92.90057393652937
2025-12-02 08:07:37,92.89972991222147
2025-12-02 08:10:07,92.89888588791356
2025-12-02 08:12:37,92.89804186360567
2025-12-02 08:15:07,92.89719783929777
2025-12-02 08:17:37,92.89635381498987
2025-12-02 08:20:07,92.89550979068197
2025-12-02 08:22:37,92.89466576637408
2025-12-02 08:25:07,92.89382174206617
2025-12-02 08:27:37,92.89297771775827
2025-12-02 08:30:07,92.89213369345038
2025-12-02 08:32:37,92.89128966914247
2025-12-02 08:35:07,92.89044564483457
2025-12-02 08:37:37,92.88960162052668
2025-12-02 08:40:07,92.88875759621877
2025-12-02 08:42:37,92.88791357191087
2025-12-02 08:45:07,92.88706954760298
2025-12-02 08:47:37,92.88622552329507
2025-12-02 08:50:07,92.88538149898717
2025-12-02 08:52:37,92.88453747467928
2025-12-02 08:55:07,92.88369345037137
2025-12-02 08:57:37,92.88284942606347
2025-12-02 09:00:07,92.88200540175558
2025-12-02 09:02:37,92.88116137744767
2025-12-02 09:05:07,92.88031735313977
2025-12-02 09:07:37,92.87947332883186
2025-12-02 09:10:07,92.87862930452397
2025-12-02 09:12:37,92.87778528021607
2025-12-02 09:15:07,92.87694125590816
2025-12-02 09:17:37,92.87609723160027
2025-12-02 09:20:07,92.87525320729237
2025-12-02 09:22:37,92.87440918298446
2025-12-02 09:25:07,92.87356515867657
2025-12-02 09:27:37,92.87272113436867
2025-12-02 09:30:07,92.87187711006077
2025-12-02 09:32:37,92.87103308575287
2025-12-02 09:35:07,92.87018906144498
2025-12-02 09:37:37,92.86934503713707
2025-12-02 09:40:07,92.86850101282917
2025-12-02 09:42:37,92.86765698852128
2025-12-02 09:45:07,92.86681296421337
2025-12-02 09:47:37,92.86596893990547
2025-12-02 09:50:07,92.86512491559758
2025-12-02 09:52:37,92.86428089128967
2025-12-02 09:55:07,92.86343686698177
2025-12-02 09:57:37,92.86259284267386
2025-12-02 10:00:07,92.86174881836597
2025-12-02 10:02:37,92.86090479405807
2025-12-02 10:05:07,92.86006076975016
2025-12-02 10:07:37,92.85921674544227
2025-12-02 10:10:07,92.85837272113437
2025-12-02 10:12:37,92.85752869682646
2025-12-02 10:15:07,92.85668467251857
2025-12-02 10:17:37,92.85584064821067
2025-12-02 10:20:07,92.85499662390276
2025-12-02 10:22:37,92.85415259959487
2025-12-02 10:25:07,92.85330857528697
2025-12-02 10:27:37,92.85246455097906
2025-12-02 10:30:07,92.85162052667117
2025-12-02 10:32:37,92.85077650236327
2025-12-02 10:35:07,92.84993247805536
2025-12-02 10:37:37,92.84908845374747
2025-12-02 10:40:07,92.84824442943957
2025-12-02 10:42:37,92.84740040513167
2025-12-02 10:45:07,92.84655638082377
2025-12-02 10:47:37,92.84571235651586
2025-12-02 10:50:07,92.84486833220797
2025-12-02 10:52:37,92.84402430790007
2025-12-02 10:55:07,92.84318028359216
2025-12-02 10:57:37,92.84233625928427
2025-12-02 11:00:07,92.84149223497637
2025-12-02 11:02:37,92.84064821066846
2025-12-02 11:05:07,92.83980418636057
2025-12-02 11:07:37,92.83896016205267
2025-12-02 11:10:07,92.83811613774476
2025-12-02 11:12:37,92.83727211343687
2025-12-02 11:15:07,92.83642808912897
2025-12-02 11:17:37,92.83558406482106
2025-12-02 11:20:07,92.83474004051317
2025-12-02 11:22:37,92.83389601620527
2025-12-02 11:25:07,92.83305199189736
2025-12-02 11:27:37,92.83220796758947
2025-12-02 11:30:07,92.83136394328157
2025-12-02 11:32:37,92.83051991897366
2025-12-02 11:35:07,92.82967589466577
2025-12-02 11:37:37,92.82883187035786
2025-12-02 11:40:07,92.82798784604996
2025-12-02 11:42:37,92.82714382174207
2025-12-02 11:45:07,92.82629979743416
2025-12-02 11:47:37,92.82545577312627
2025-12-02 11:50:07,92.82461174881837
2025-12-02 11:52:37,92.82376772451046
2025-12-02 11:55:07,92.82292370020257
2025-12-02 11:57:37,92.82207967589467
2025-12-02 12:00:07,92.82123565158676
2025-12-02 12:02:37,92.82039162727887
2025-12-02 12:05:07,92.81954760297097
2025-12-02 12:07:37,92.81870357866306
2025-12-02 12:10:07,92.81785955435517
2025-12-02 12:12:37,92.81701553004727
2025-12-02 12:15:07,92.81617150573936
2025-12-02 12:17:37,92.81532748143147
2025-12-02 12:20:07,92.81448345712357
2025-12-02 12:22:37,92.81363943281566
2025-12-02 12:25:07,92.81279540850777
2025-12-02 12:27:37,92.81195138419986
2025-12-02 12:30:07,92.81110735989196
2025-12-02 12:32:37,92.81026333558407
2025-12-02 12:35:07,92.80941931127616
2025-12-02 12:37:37,92.80857528696826
2025-12-02 12:40:07,92.80773126266037
2025-12-02 12:42:37,92.80688723835246
2025-12-02 12:45:07,92.80604321404456
2025-12-02 12:47:37,92.80519918973667
2025-12-02 12:50:07,92.80435516542876
2025-12-02 12:52:37,92.80351114112086
2025-12-02 12:55:07,92.80266711681297
2025-12-02 12:57:37,92.80182309250506
2025-12-02 13:00:07,92.80097906819717
2025-12-02 13:02:37,92.80013504388927
2025-12-02 13:05:07,92.79929101958136
2025-12-02 13:07:37,92.79844699527347
2025-12-02 13:10:07,92.79760297096557
2025-12-02 13:12:37,92.79675894665766
2025-12-02 13:15:07,92.79591492234977
2025-12-02 13:17:37,92.79507089804186
2025-12-02 13:20:07,92.79422687373396
2025-12-02 13:22:37,92.79338284942607
2025-12-02 13:25:07,92.79253882511816
2025-12-02 13:27:37,92.79169480081026
2025-12-02 13:30:07,92.79085077650237
2025-12-02 13:32:37,92.79000675219446
2025-12-02 13:35:07,92.78916272788656
2025-12-02 13:37:37,92.78831870357867
2025-12-02 13:40:07,92.78747467927076
2025-12-02 13:42:37,92.78663065496286
2025-12-02 13:45:07,92.78578663065497
2025-12-02 13:47:37,92.78494260634706
2025-12-02 13:50:07,92.78409858203916
2025-12-02 13:52:37,92.78325455773127
2025-12-02 13:55:07,92.78241053342336
2025-12-02 13:57:37,92.78156650911546
2025-12-02 14:00:07,92.78072248480757
2025-12-02 14:02:37,92.77987846049966
2025-12-02 14:05:07,92.77903443619176
2025-12-02 14:07:37,92.77819041188386
2025-12-02 14:10:07,92.77734638757596
2025-12-02 14:12:37,92.77650236326807
2025-12-02 14:15:07,92.77565833896016
2025-12-02 14:17:37,92.77481431465226
2025-12-02 14:20:07,92.77397029034437
2025-12-02 14:22:37,92.77312626603646
2025-12-02 14:25:07,92.77228224172856
2025-12-02 14:27:37,92.77143821742067
2025-12-02 14:30:07,92.77059419311276
2025-12-02 14:32:37,92.76975016880486
2025-12-02 14:35:07,92.76890614449697
2025-12-02 14:37:37,92.76806212018906
2025-12-02 14:40:07,92.76721809588116
2025-12-02 14:42:37,92.76637407157327
2025-12-02 14:45:07,92.76553004726536
2025-12-02 14:47:37,92.76468602295746
2025-12-02 14:50:07,92.76384199864957
2025-12-02 14:52:37,92.76299797434166
2025-12-02 14:55:07,92.76215395003376
2025-12-02 14:57:37,92.76130992572585
2025-12-02 15:00:07,92.76046590141796
2025-12-02 15:02:37,92.75962187711006
2025-12-02 15:05:07,92.75877785280215
2025-12-02 15:07:37,92.75793382849426
2025-12-02 15:10:07,92.75708980418636
2025-12-02 15:12:37,92.75624577987845
2025-12-02 15:15:07,92.75540175557056
2025-12-02 15:17:37,92.75455773126266
2025-12-02 15:20:07,92.75371370695476
2025-12-02 15:22:37,92.75286968264686
2025-12-02 15:25:07,92.75202565833897
2025-12-02 15:27:37,92.75118163403106
2025-12-02 15:30:07,92.75033760972316
2025-12-02 15:32:37,92.74949358541527
2025-12-02 15:35:07,92.74864956110736
2025-12-02 15:37:37,92.74780553679946
2025-12-02 15:40:07,92.74696151249157
2025-12-02 15:42:37,92.74611748818366
2025-12-02 15:45:07,92.74527346387576
2025-12-02 15:47:37,92.74442943956785
2025-12-02 15:50:07,92.74358541525996
2025-12-02 15:52:37,92.74274139095206
2025-12-02 15:55:07,92.74189736664415
2025-12-02 15:57:37,92.74105334233626
2025-12-02 16:00:07,92.74020931802836
2025-12-02 16:02:37,92.73936529372045
2025-12-02 16:05:07,92.73852126941256
2025-12-02 16:07:37,92.73767724510466
2025-12-02 16:10:07,92.73683322079675
2025-12-02 16:12:37,92.73598919648886
2025-12-02 16:15:07,92.73514517218096
2025-12-02 16:17:37,92.73430114787305
2025-12-02 16:20:07,92.73345712356516
2025-12-02 16:22:37,92.73261309925726
2025-12-02 16:25:07,92.73176907494936
2025-12-02 16:27:37,92.73092505064146
2025-12-02 16:30:07,92.73008102633356
2025-12-02 16:32:37,92.72923700202566
2025-12-02 16:35:07,92.72839297771776
2025-12-02 16:37:37,92.72754895340985
2025-12-02 16:40:07,92.72670492910196
2025-12-02 16:42:37,92.72586090479406
2025-12-02 16:45:07,92.72501688048615
2025-12-02 16:47:37,92.72417285617826
2025-12-02 16:50:07,92.72332883187036
2025-12-02 16:52:37,92.72248480756245
2025-12-02 16:55:07,92.72164078325456
2025-12-02 16:57:37,92.72079675894666
2025-12-02 17:00:07,92.71995273463875
2025-12-02 17:02:37,92.71910871033086
2025-12-02 17:05:07,92.71826468602296
2025-12-02 17:07:37,92.71742066171505
2025-12-02 17:10:07,92.71657663740716
2025-12-02 17:12:37,92.71573261309926
2025-12-02 17:15:07,92.71488858879135
2025-12-02 17:17:37,92.71404456448346
2025-12-02 17:20:07,92.71320054017556
2025-12-02 17:22:37,92.71235651586765
2025-12-02 17:25:07,92.71151249155976
2025-12-02 17:27:37,92.71066846725186
2025-12-02 17:30:07,92.70982444294395
2025-12-02 17:32:37,92.70898041863606
2025-12-02 17:35:07,92.70813639432815
2025-12-02 17:37:37,92.70729237002026
2025-12-02 17:40:07,92.70644834571236
2025-12-02 17:42:37,92.70560432140445
2025-12-02 17:45:07,92.70476029709656
2025-12-02 17:47:37,92.70391627278866
2025-12-02 17:50:07,92.70307224848075
2025-12-02 17:52:37,92.70222822417286
2025-12-02 17:55:07,92.70138419986496
2025-12-02 17:57:37,92.70054017555705
2025-12-02 18:00:07,92.69969615124916
2025-12-02 18:02:37,92.69885212694126
2025-12-02 18:05:07,92.69800810263335
2025-12-02 18:07:37,92.69716407832546
2025-12-02 18:10:07,92.69632005401756
2025-12-02 18:12:37,92.69547602970965
2025-12-02 18:15:07,92.69463200540176
2025-12-02 18:17:37,92.69378798109386
2025-12-02 18:20:07,92.69294395678595
2025-12-02 18:22:37,92.69209993247806
2025-12-02 18:25:07,92.69125590817015
2025-12-02 18:27:37,92.69041188386225
2025-12-02 18:30:07,92.68956785955436
2025-12-02 18:32:37,92.68872383524645
2025-12-02 18:35:07,92.68787981093855
2025-12-02 18:37:37,92.68703578663066
2025-12-02 18:40:07,92.68619176232275
2025-12-02 18:42:37,92.68534773801485
2025-12-02 18:45:07,92.68450371370696
2025-12-02 18:47:37,92.68365968939905
2025-12-02 18:50:07,92.68281566509116
2025-12-02 18:52:37,92.68197164078326
2025-12-02 18:55:07,92.68112761647535
2025-12-02 18:57:37,92.68028359216746
2025-12-02 19:00:07,92.67943956785956
2025-12-02 19:02:37,92.67859554355165
2025-12-02 19:05:07,92.67775151924376
2025-12-02 19:07:37,92.67690749493586
2025-12-02 19:10:07,92.67606347062795
2025-12-02 19:12:37,92.67521944632006
2025-12-02 19:15:07,92.67437542201215
2025-12-02 19:17:37,92.67353139770425
2025-12-02 19:20:07,92.67268737339636
2025-12-02 19:22:37,92.67184334908845
2025-12-02 19:25:07,92.67099932478055
2025-12-02 19:27:37,92.67015530047266
2025-12-02 19:30:07,92.66931127616475
2025-12-02 19:32:37,92.66846725185685
2025-12-02 19:35:07,92.66762322754896
2025-12-02 19:37:37,92.66677920324105
2025-12-02 19:40:07,92.66593517893315
2025-12-02 19:42:37,92.66509115462526
2025-12-02 19:45:07,92.66424713031735
2025-12-02 19:47:37,92.66340310600945
2025-12-02 19:50:07,92.66255908170156
2025-12-02 19:52:37,92.66171505739365
2025-12-02 19:55:07,92.66087103308575
2025-12-02 19:57:37,92.66002700877786
2025-12-02 20:00:07,92.65918298446995
2025-12-02 20:02:37,92.65833896016206
2025-12-02 20:05:07,92.65749493585415
2025-12-02 20:07:37,92.65665091154625
2025-12-02 20:10:07,92.65580688723836
2025-12-02 20:12:37,92.65496286293045
2025-12-02 20:15:07,92.65411883862255
2025-12-02 20:17:37,92.65327481431466
2025-12-02 20:20:07,92.65243079000675
2025-12-02 20:22:37,92.65158676569885
2025-12-02 20:25:07,92.65074274139096
2025-12-02 20:27:37,92.64989871708305
2025-12-02 20:30:07,92.64905469277515
2025-12-02 20:32:37,92.64821066846726
2025-12-02 20:35:07,92.64736664415935
2025-12-02 20:37:37,92.64652261985145
2025-12-02 20:40:07,92.64567859554356
2025-12-02 20:42:37,92.64483457123565
2025-12-02 20:45:07,92.64399054692775
2025-12-02 20:47:37,92.64314652261986
2025-12-02 20:50:07,92.64230249831195
2025-12-02 20:52:37,92.64145847400405
2025-12-02 20:55:07,92.64061444969614
2025-12-02 20:57:37,92.63977042538825
2025-12-02 21:00:07,92.63892640108035
2025-12-02 21:02:37,92.63808237677245
2025-12-02 21:05:07,92.63723835246455
2025-12-02 21:07:37,92.63639432815665
2025-12-02 21:10:07,92.63555030384875
2025-12-02 21:12:37,92.63470627954085
2025-12-02 21:15:07,92.63386225523296
2025-12-02 21:17:37,92.63301823092505
2025-12-02 21:20:07,92.63217420661715
2025-12-02 21:22:37,92.63133018230926
2025-12-02 21:25:07,92.63048615800135
2025-12-02 21:27:37,92.62964213369345
2025-12-02 21:30:07,92.62879810938556
2025-12-02 21:32:37,92.62795408507765
2025-12-02 21:35:07,92.62711006076975
2025-12-02 21:37:37,92.62626603646186
2025-12-02 21:40:07,92.62542201215395
2025-12-02 21:42:37,92.62457798784605
2025-12-02 21:45:07,92.62373396353814
2025-12-02 21:47:37,92.62288993923025
2025-12-02 21:50:07,92.62204591492235
2025-12-02 21:52:37,92.62120189061444
2025-12-02 21:55:07,92.62035786630655
2025-12-02 21:57:37,92.61951384199865
2025-12-02 22:00:07,92.61866981769074
2025-12-02 22:02:37,92.61782579338285
2025-12-02 22:05:07,92.61698176907495
2025-12-02 22:07:37,92.61613774476704
2025-12-02 22:10:07,92.61529372045915
2025-12-02 22:12:37,92.61444969615125
2025-12-02 22:15:07,92.61360567184335
2025-12-02 22:17:37,92.61276164753545
2025-12-02 22:20:07,92.61191762322755
2025-12-02 22:22:37,92.61107359891965
2025-12-02 22:25:07,92.61022957461175
2025-12-02 22:27:37,92.60938555030386
2025-12-02 22:30:07,92.60854152599595
2025-12-02 22:32:37,92.60769750168805
2025-12-02 22:35:07,92.60685347738014
2025-12-02 22:37:37,92.60600945307225
2025-12-02 22:40:07,92.60516542876435
2025-12-02 22:42:37,92.60432140445644
2025-12-02 22:45:07,92.60347738014855
2025-12-02 22:47:37,92.60263335584065
2025-12-02 22:50:07,92.60178933153274
2025-12-02 22:52:37,92.60094530722485
2025-12-02 22:55:07,92.60010128291695
2025-12-02 22:57:37,92.59925725860904
2025-12-02 23:00:07,92.59841323430115
2025-12-02 23:02:37,92.59756920999325
2025-12-02 23:05:07,92.59672518568534
2025-12-02 23:07:37,92.59588116137745
2025-12-02 23:10:07,92.59503713706955
2025-12-02 23:12:37,92.59419311276164
2025-12-02 23:15:07,92.59334908845375
2025-12-02 23:17:37,92.59250506414585
2025-12-02 23:20:07,92.59166103983794
2025-12-02 23:22:37,92.59081701553005
2025-12-02 23:25:07,92.58997299122214
2025-12-02 23:27:37,92.58912896691425
2025-12-02 23:30:07,92.58828494260635
2025-12-02 23:32:37,92.58744091829844
2025-12-02 23:35:07,92.58659689399055
2025-12-02 23:37:37,92.58575286968265
2025-12-02 23:40:07,92.58490884537474
2025-12-02 23:42:37,92.58406482106685
2025-12-02 23:45:07,92.58322079675895
2025-12-02 23:47:37,92.58237677245104
2025-12-02 23:50:07,92.58153274814315
2025-12-02 23:52:37,92.58068872383525
2025-12-02 23:55:07,92.57984469952734
2025-12-02 23:57:37,92.57900067521945
2025-12-03 00:00:07,92.57815665091155
2025-12-03 00:02:37,92.57731262660364
2025-12-03 00:05:07,92.57646860229575
2025-12-03 00:07:37,92.57562457798785
2025-12-03 00:10:07,92.57478055367994
2025-12-03 00:12:37,92.57393652937205
2025-12-03 00:15:07,92.57309250506414
2025-12-03 00:17:37,92.57224848075624
2025-12-03 00:20:07,92.57140445644835
2025-12-03 00:22:37,92.57056043214044
2025-12-03 00:25:07,92.56971640783254
2025-12-03 00:27:37,92.56887238352465
2025-12-03 00:30:07,92.56802835921674
2025-12-03 00:32:37,92.56718433490884
2025-12-03 00:35:07,92.56634031060095
2025-12-03 00:37:37,92.56549628629304
2025-12-03 00:40:07,92.56465226198515
2025-12-03 00:42:37,92.56380823767725
2025-12-03 00:45:07,92.56296421336934
2025-12-03 00:47:37,92.56212018906145
2025-12-03 00:50:07,92.56127616475355
2025-12-03 00:52:37,92.56043214044564
2025-12-03 00:55:07,92.55958811613775
2025-12-03 00:57:37,92.55874409182985
2025-12-03 01:00:07,92.55790006752194
2025-12-03 01:02:37,92.55705604321405
2025-12-03 01:05:07,92.55621201890614
2025-12-03 01:07:37,92.55536799459824
2025-12-03 01:10:07,92.55452397029035
2025-12-03 01:12:37,92.55367994598244
2025-12-03 01:15:07,92.55283592167454
2025-12-03 01:17:37,92.55199189736665
2025-12-03 01:20:07,92.55114787305874
2025-12-03 01:22:37,92.55030384875084
2025-12-03 01:25:07,92.54945982444295
2025-12-03 01:27:37,92.54861580013504
2025-12-03 01:30:07,92.54777177582714
2025-12-03 01:32:37,92.54692775151925
2025-12-03 01:35:07,92.54608372721134
2025-12-03 01:37:37,92.54523970290344
2025-12-03 01:40:07,92.54439567859555
2025-12-03 01:42:37,92.54355165428764
2025-12-03 01:45:07,92.54270762997974
2025-12-03 01:47:37,92.54186360567185
2025-12-03 01:50:07,92.54101958136394
2025-12-03 01:52:37,92.54017555705605
2025-12-03 01:55:07,92.53933153274814
2025-12-03 01:57:37,92.53848750844024
2025-12-03 02:00:07,92.53764348413235
2025-12-03 02:02:37,92.53679945982444
2025-12-03 02:05:07,92.53595543551654
2025-12-03 02:07:37,92.53511141120865
2025-12-03 02:10:07,92.53426738690074
2025-12-03 02:12:37,92.53342336259284
2025-12-03 02:15:07,92.53257933828495
2025-12-03 02:17:37,92.53173531397704
2025-12-03 02:20:07,92.53089128966914
2025-12-03 02:22:37,92.53004726536125
2025-12-03 02:25:07,92.52920324105334
2025-12-03 02:27:37,92.52835921674544
2025-12-03 02:30:07,92.52751519243755
2025-12-03 02:32:37,92.52667116812964
2025-12-03 02:35:07,92.52582714382174
2025-12-03 02:37:37,92.52498311951385
2025-12-03 02:40:07,92.52413909520594
2025-12-03 02:42:37,92.52329507089804
2025-12-03 02:45:07,92.52245104659015
2025-12-03 02:47:37,92.52160702228224
2025-12-03 02:50:07,92.52076299797434
2025-12-03 02:52:37,92.51991897366644
2025-12-03 02:55:07,92.51907494935854
2025-12-03 02:57:37,92.51823092505064
2025-12-03 03:00:07,92.51738690074274
2025-12-03 03:02:37,92.51654287643484
2025-12-03 03:05:07,92.51569885212695
2025-12-03 03:07:37,92.51485482781904
2025-12-03 03:10:07,92.51401080351114
2025-12-03 03:12:37,92.51316677920325
2025-12-03 03:15:07,92.51232275489534
2025-12-03 03:17:37,92.51147873058744
2025-12-03 03:20:07,92.51063470627955
2025-12-03 03:22:37,92.50979068197164
2025-12-03 03:25:07,92.50894665766374
2025-12-03 03:27:37,92.50810263335585
2025-12-03 03:30:07,92.50725860904794
2025-12-03 03:32:37,92.50641458474004
2025-12-03 03:35:07,92.50557056043215
2025-12-03 03:37:37,92.50472653612424
2025-12-03 03:40:07,92.50388251181634
2025-12-03 03:42:37,92.50303848750843
2025-12-03 03:45:07,92.50219446320054
2025-12-03 03:47:37,92.50135043889264
2025-12-03 03:50:07,92.50050641458473
2025-12-03 03:52:37,92.49966239027684
2025-12-03 03:55:07,92.49881836596894
2025-12-03 03:57:37,92.49797434166103
2025-12-03 04:00:07,92.49713031735314
2025-12-03 04:02:37,92.49628629304524
2025-12-03 04:05:07,92.49544226873734
2025-12-03 04:07:37,92.49459824442944
2025-12-03 04:10:07,92.49375422012155
2025-12-03 04:12:37,92.49291019581364
2025-12-03 04:15:07,92.49206617150574
2025-12-03 04:17:37,92.49122214719785
2025-12-03 04:20:07,92.49037812288994
2025-12-03 04:22:37,92.48953409858204
2025-12-03 04:25:07,92.48869007427415
2025-12-03 04:27:37,92.48784604996624
2025-12-03 04:30:07,92.48700202565834
2025-12-03 04:32:37,92.48615800135043
2025-12-03 04:35:07,92.48531397704254
2025-12-03 04:37:37,92.48446995273464
2025-12-03 04:40:07,92.48362592842673
2025-12-03 04:42:37,92.48278190411884
2025-12-03 04:45:07,92.48193787981094
2025-12-03 04:47:37,92.48109385550303
2025-12-03 04:50:07,92.48024983119514
2025-12-03 04:52:37,92.47940580688724
2025-12-03 04:55:07,92.47856178257933
2025-12-03 04:57:37,92.47771775827144
2025-12-03 05:00:07,92.47687373396354
2025-12-03 05:02:37,92.47602970965563
2025-12-03 05:05:07,92.47518568534774
2025-12-03 05:07:37,92.47434166103984
2025-12-03 05:10:07,92.47349763673193
2025-12-03 05:12:37,92.47265361242404
2025-12-03 05:15:07,92.47180958811614
2025-12-03 05:17:37,92.47096556380824
2025-12-03 05:20:07,92.47012153950034
2025-12-03 05:22:37,92.46927751519243
2025-12-03 05:25:07,92.46843349088454
2025-12-03 05:27:37,92.46758946657664
2025-12-03 05:30:07,92.46674544226873
2025-12-03 05:32:37,92.46590141796084
2025-12-03 05:35:07,92.46505739365294
2025-12-03 05:37:37,92.46421336934503
2025-12-03 05:40:07,92.46336934503714
2025-12-03 05:42:37,92.46252532072924
2025-12-03 05:45:07,92.46168129642133
2025-12-03 05:47:37,92.46083727211344
2025-12-03 05:50:07,92.45999324780554
2025-12-03 05:52:37,92.45914922349763
2025-12-03 05:55:07,92.45830519918974
2025-12-03 05:57:37,92.45746117488184
2025-12-03 06:00:07,92.45661715057393
2025-12-03 06:02:37,92.45577312626604
2025-12-03 06:05:07,92.45492910195814
2025-12-03 06:07:37,92.45408507765023
2025-12-03 06:10:07,92.45324105334234
2025-12-03 06:12:37,92.45239702903443
2025-12-03 06:15:07,92.45155300472653
2025-12-03 06:17:37,92.45070898041864
2025-12-03 06:20:07,92.44986495611073
2025-12-03 06:22:37,92.44902093180283
2025-12-03 06:25:07,92.44817690749494
2025-12-03 06:27:37,92.44733288318703
2025-12-03 06:30:07,92.44648885887914
2025-12-03 06:32:37,92.44564483457124
2025-12-03 06:35:07,92.44480081026333
2025-12-03 06:37:37,92.44395678595544
2025-12-03 06:40:07,92.44311276164754
2025-12-03 06:42:37,92.44226873733963
2025-12-03 06:45:07,92.44142471303174
2025-12-03 06:47:37,92.44058068872384
2025-12-03 06:50:07,92.43973666441593
2025-12-03 06:52:37,92.43889264010804
2025-12-03 06:55:07,92.43804861580014
2025-12-03 06:57:37,92.43720459149223
2025-12-03 07:00:07,92.43636056718434
2025-12-03 07:02:37,92.43551654287643
2025-12-03 07:05:07,92.43467251856853
2025-12-03 07:07:37,92.43382849426064
2025-12-03 07:10:07,92.43298446995273
2025-12-03 07:12:37,92.43214044564483
2025-12-03 07:15:07,92.43129642133694
2025-12-03 07:17:37,92.43045239702903
2025-12-03 07:20:07,92.42960837272113
2025-12-03 07:22:37,92.42876434841324
2025-12-03 07:25:07,92.42792032410533
2025-12-03 07:27:37,92.42707629979743
2025-12-03 07:30:07,92.42623227548954
2025-12-03 07:32:37,92.42538825118163
2025-12-03 07:35:07,92.42454422687373
2025-12-03 07:37:37,92.42370020256584
2025-12-03 07:40:07,92.42285617825793
2025-12-03 07:42:37,92.42201215395004
2025-12-03 07:45:07,92.42116812964214
2025-12-03 07:47:37,92.42032410533423
2025-12-03 07:50:07,92.41948008102634
2025-12-03 07:52:37,92.41863605671843
2025-12-03 07:55:07,92.41779203241053
2025-12-03 07:57:37,92.41694800810264
2025-12-03 08:00:07,92.41610398379473
2025-12-03 08:02:37,92.41525995948683
2025-12-03 08:05:07,92.41441593517894
2025-12-03 08:07:37,92.41357191087103
2025-12-03 08:10:07,92.41272788656313
2025-12-03 08:12:37,92.41188386225524
2025-12-03 08:15:07,92.41103983794733
2025-12-03 08:17:37,92.41019581363943
2025-12-03 08:20:07,92.40935178933154
2025-12-03 08:22:37,92.40850776502363
2025-12-03 08:25:07,92.40766374071573
2025-12-03 08:27:37,92.40681971640784
2025-12-03 08:30:07,92.40597569209993
2025-12-03 08:32:37,92.40513166779203
2025-12-03 08:35:07,92.40428764348414
2025-12-03 08:37:37,92.40344361917623
2025-12-03 08:40:07,92.40259959486833
2025-12-03 08:42:37,92.40175557056043
2025-12-03 08:45:07,92.40091154625253
2025-12-03 08:47:37,92.40006752194464
2025-12-03 08:50:07,92.39922349763673
2025-12-03 08:52:37,92.39837947332883
2025-12-03 08:55:07,92.39753544902094
2025-12-03 08:57:37,92.39669142471303
2025-12-03 09:00:07,92.39584740040513
2025-12-03 09:02:37,92.39500337609724
2025-12-03 09:05:07,92.39415935178933
2025-12-03 09:07:37,92.39331532748143
2025-12-03 09:10:07,92.39247130317354
2025-12-03 09:12:37,92.39162727886563
2025-12-03 09:15:07,92.39078325455773
2025-12-03 09:17:37,92.38993923024984
2025-12-03 09:20:07,92.38909520594193
2025-12-03 09:22:37,92.38825118163403
2025-12-03 09:25:07,92.38740715732614
2025-12-03 09:27:37,92.38656313301823
2025-12-03 09:30:07,92.38571910871033
2025-12-03 09:32:37,92.38487508440242
2025-12-03 09:35:07,92.38403106009453
2025-12-03 09:37:37,92.38318703578663
2025-12-03 09:40:07,92.38234301147872
2025-12-03 09:42:37,92.38149898717083
2025-12-03 09:45:07,92.38065496286293
2025-12-03 09:47:37,92.37981093855502
2025-12-03 09:50:07,92.37896691424713
2025-12-03 09:52:37,92.37812288993923
2025-12-03 09:55:07,92.37727886563133
2025-12-03 09:57:37,92.37643484132343
2025-12-03 10:00:07,92.37559081701554
2025-12-03 10:02:37,92.37474679270763
2025-12-03 10:05:07,92.37390276839973
2025-12-03 10:07:37,92.37305874409184
2025-12-03 10:10:07,92.37221471978393
2025-12-03 10:12:37,92.37137069547603
2025-12-03 10:15:07,92.37052667116814
2025-12-03 10:17:37,92.36968264686023
2025-12-03 10:20:07,92.36883862255233
2025-12-03 10:22:37,92.36799459824442
2025-12-03 10:25:07,92.36715057393653
2025-12-03 10:27:37,92.36630654962863
2025-12-03 10:30:07,92.36546252532072
2025-12-03 10:32:37,92.36461850101283
2025-12-03 10:35:07,92.36377447670493
2025-12-03 10:37:37,92.36293045239702
2025-12-03 10:40:07,92.36208642808913
2025-12-03 10:42:37,92.36124240378123
2025-12-03 10:45:07,92.36039837947332
2025-12-03 10:47:37,92.35955435516543
2025-12-03 10:50:07,92.35871033085753
2025-12-03 10:52:37,92.35786630654962
2025-12-03 10:55:07,92.35702228224173
2025-12-03 10:57:37,92.35617825793383
2025-12-03 11:00:07,92.35533423362592
2025-12-03 11:02:37,92.35449020931803
2025-12-03 11:05:07,92.35364618501013
2025-12-03 11:07:37,92.35280216070223
2025-12-03 11:10:07,92.35195813639433
2025-12-03 11:12:37,92.35111411208644
2025-12-03 11:15:07,92.35027008777853
2025-12-03 11:17:37,92.34942606347063
2025-12-03 11:20:07,92.34858203916272
2025-12-03 11:22:37,92.34773801485483
2025-12-03 11:25:07,92.34689399054693
2025-12-03 11:27:37,92.34604996623902
2025-12-03 11:30:07,92.34520594193113
2025-12-03 11:32:37,92.34436191762323
2025-12-03 11:35:07,92.34351789331532
2025-12-03 11:37:37,92.34267386900743
2025-12-03 11:40:07,92.34182984469953
2025-12-03 11:42:37,92.34098582039162
2025-12-03 11:45:07,92.34014179608373
2025-12-03 11:47:37,92.33929777177583
2025-12-03 11:50:07,92.33845374746792
2025-12-03 11:52:37,92.33760972316003
2025-12-03 11:55:07,92.33676569885213
2025-12-03 11:57:37,92.33592167454422
2025-12-03 12:00:07,92.33507765023633
2025-12-03 12:02:37,92.33423362592843
2025-12-03 12:05:07,92.33338960162052
2025-12-03 12:07:37,92.33254557731263
2025-12-03 12:10:07,92.33170155300472
2025-12-03 12:12:37,92.33085752869682
2025-12-03 12:15:07,92.33001350438893
2025-12-03 12:17:37,92.32916948008102
2025-12-03 12:20:07,92.32832545577313
2025-12-03 12:22:37,92.32748143146523
2025-12-03 12:25:07,92.32663740715732
2025-12-03 12:27:37,92.32579338284943
2025-12-03 12:30:07,92.32494935854153
2025-12-03 12:32:37,92.32410533423362
2025-12-03 12:35:07,92.32326130992573
2025-12-03 12:37:37,92.32241728561783
2025-12-03 12:40:07,92.32157326130992
2025-12-03 12:42:37,92.32072923700203
2025-12-03 12:45:07,92.31988521269413
2025-12-03 12:47:37,92.31904118838622
2025-12-03 12:50:07,92.31819716407833
2025-12-03 12:52:37,92.31735313977043
2025-12-03 12:55:07,92.31650911546252
2025-12-03 12:57:37,92.31566509115463
2025-12-03 13:00:07,92.31482106684672
2025-12-03 13:02:37,92.31397704253882
2025-12-03 13:05:07,92.31313301823093
2025-12-03 13:07:37,92.31228899392302
2025-12-03 13:10:07,92.31144496961512
2025-12-03 13:12:37,92.31060094530723
2025-12-03 13:15:07,92.30975692099932
2025-12-03 13:17:37,92.30891289669142
2025-12-03 13:20:07,92.30806887238353
2025-12-03 13:22:37,92.30722484807562
2025-12-03 13:25:07,92.30638082376773
2025-12-03 13:27:37,92.30553679945983
2025-12-03 13:30:07,92.30469277515192
2025-12-03 13:32:37,92.30384875084403
2025-12-03 13:35:07,92.30300472653613
2025-12-03 13:37:37,92.30216070222822
2025-12-03 13:40:07,92.30131667792033
2025-12-03 13:42:37,92.30047265361243
2025-12-03 13:45:07,92.29962862930452
2025-12-03 13:47:37,92.29878460499663
2025-12-03 13:50:07,92.29794058068872
2025-12-03 13:52:37,92.29709655638082
2025-12-03 13:55:07,92.29625253207293
2025-12-03 13:57:37,92.29540850776502
2025-12-03 14:00:07,92.29456448345712
2025-12-03 14:02:37,92.29372045914923
2025-12-03 14:05:07,92.29287643484132
2025-12-03 14:07:37,92.29203241053342
2025-12-03 14:10:07,92.29118838622553
2025-12-03 14:12:37,92.29034436191762
2025-12-03 14:15:07,92.28950033760972
2025-12-03 14:17:37,92.28865631330183
2025-12-03 14:20:07,92.28781228899392
2025-12-03 14:22:37,92.28696826468602
2025-12-03 14:25:07,92.28612424037813
2025-12-03 14:27:37,92.28528021607022
2025-12-03 14:30:07,92.28443619176232
2025-12-03 14:32:37,92.28359216745443
2025-12-03 14:35:07,92.28274814314652
2025-12-03 14:37:37,92.28190411883863
2025-12-03 14:40:07,92.28106009453072
2025-12-03 14:42:37,92.28021607022282
2025-12-03 14:45:07,92.27937204591493
2025-12-03 14:47:37,92.27852802160702
2025-12-03 14:50:07,92.27768399729912
2025-12-03 14:52:37,92.27683997299123
2025-12-03 14:55:07,92.27599594868332
2025-12-03 14:57:37,92.27515192437542
2025-12-03 15:00:07,92.27430790006753
2025-12-03 15:02:37,92.27346387575962
2025-12-03 15:05:07,92.27261985145172
2025-12-03 15:07:37,92.27177582714383
2025-12-03 15:10:07,92.27093180283592
2025-12-03 15:12:37,92.27008777852802
2025-12-03 15:15:07,92.26924375422013
2025-12-03 15:17:37,92.26839972991222
2025-12-03 15:20:07,92.26755570560432
2025-12-03 15:22:37,92.26671168129643
2025-12-03 15:25:07,92.26586765698852
2025-12-03 15:27:37,92.26502363268062
2025-12-03 15:30:07,92.26417960837271
2025-12-03 15:32:37,92.26333558406482
2025-12-03 15:35:07,92.26249155975692
2025-12-03 15:37:37,92.26164753544901
2025-12-03 15:40:07,92.26080351114112
2025-12-03 15:42:37,92.25995948683322
2025-12-03 15:45:07,92.25911546252532
2025-12-03 15:47:37,92.25827143821742
2025-12-03 15:50:07,92.25742741390953
2025-12-03 15:52:37,92.25658338960162
2025-12-03 15:55:07,92.25573936529372
2025-12-03 15:57:37,92.25489534098583
2025-12-03 16:00:07,92.25405131667792
2025-12-03 16:02:37,92.25320729237002
2025-12-03 16:05:07,92.25236326806213
2025-12-03 16:07:37,92.25151924375422
2025-12-03 16:10:07,92.25067521944632
2025-12-03 16:12:37,92.24983119513843
2025-12-03 16:15:07,92.24898717083052
2025-12-03 16:17:37,92.24814314652262
2025-12-03 16:20:07,92.24729912221471
2025-12-03 16:22:37,92.24645509790682
2025-12-03 16:25:07,92.24561107359892
2025-12-03 16:27:37,92.24476704929101
2025-12-03 16:30:07,92.24392302498312
2025-12-03 16:32:37,92.24307900067522
2025-12-03 16:35:07,92.24223497636731
2025-12-03 16:37:37,92.24139095205942
2025-12-03 16:40:07,92.24054692775152
2025-12-03 16:42:37,92.23970290344361
2025-12-03 16:45:07,92.23885887913572
2025-12-03 16:47:37,92.23801485482782
2025-12-03 16:50:07,92.23717083051991
2025-12-03 16:52:37,92.23632680621202
2025-12-03 16:55:07,92.23548278190412
2025-12-03 16:57:37,92.23463875759622
2025-12-03 17:00:07,92.23379473328832
2025-12-03 17:02:37,92.23295070898043
2025-12-03 17:05:07,92.23210668467252
2025-12-03 17:07:37,92.23126266036462
2025-12-03 17:10:07,92.23041863605671
2025-12-03 17:12:37,92.22957461174882
2025-12-03 17:15:07,92.22873058744092
2025-12-03 17:17:37,92.22788656313301
2025-12-03 17:20:07,92.22704253882512
2025-12-03 17:22:37,92.22619851451722
2025-12-03 17:25:07,92.22535449020931
2025-12-03 17:27:37,92.22451046590142
2025-12-03 17:30:07,92.22366644159352
2025-12-03 17:32:37,92.22282241728561
2025-12-03 17:35:07,92.22197839297772
2025-12-03 17:37:37,92.22113436866982
2025-12-03 17:40:07,92.22029034436191
2025-12-03 17:42:37,92.21944632005402
2025-12-03 17:45:07,92.21860229574612
2025-12-03 17:47:37,92.21775827143821
2025-12-03 17:50:07,92.21691424713032
2025-12-03 17:52:37,92.21607022282242
2025-12-03 17:55:07,92.21522619851451
2025-12-03 17:57:37,92.21438217420662
2025-12-03 18:00:07,92.21353814989871
2025-12-03 18:02:37,92.21269412559082
2025-12-03 18:05:07,92.21185010128292
2025-12-03 18:07:37,92.21100607697501
2025-12-03 18:10:07,92.21016205266712
2025-12-03 18:12:37,92.20931802835922
2025-12-03 18:15:07,92.20847400405131
2025-12-03 18:17:37,92.20762997974342
2025-12-03 18:20:07,92.20678595543552
2025-12-03 18:22:37,92.20594193112761
2025-12-03 18:25:07,92.20509790681972
2025-12-03 18:27:37,92.20425388251182
2025-12-03 18:30:07,92.20340985820391
2025-12-03 18:32:37,92.20256583389602
2025-12-03 18:35:07,92.20172180958812
2025-12-03 18:37:37,92.20087778528021
2025-12-03 18:40:07,92.20003376097232
2025-12-03 18:42:37,92.19918973666442
2025-12-03 18:45:07,92.19834571235651
2025-12-03 18:47:37,92.19750168804862
2025-12-03 18:50:07,92.19665766374071
2025-12-03 18:52:37,92.19581363943281
2025-12-03 18:55:07,92.19496961512492
2025-12-03 18:57:37,92.19412559081701
2025-12-03 19:00:07,92.19328156650911
2025-12-03 19:02:37,92.19243754220122
2025-12-03 19:05:07,92.19159351789331
2025-12-03 19:07:37,92.19074949358541
2025-12-03 19:10:07,92.18990546927752
2025-12-03 19:12:37,92.18906144496961
2025-12-03 19:15:07,92.18821742066172
2025-12-03 19:17:37,92.18737339635382
2025-12-03 19:20:07,92.18652937204591
2025-12-03 19:22:37,92.18568534773802
2025-12-03 19:25:07,92.18484132343012
2025-12-03 19:27:37,92.18399729912221
2025-12-03 19:30:07,92.18315327481432
2025-12-03 19:32:37,92.18230925050642
2025-12-03 19:35:07,92.18146522619851
2025-12-03 19:37:37,92.18062120189062
2025-12-03 19:40:07,92.17977717758271
2025-12-03 19:42:37,92.17893315327481
2025-12-03 19:45:07,92.17808912896692
2025-12-03 19:47:37,92.17724510465901
2025-12-03 19:50:07,92.17640108035111
2025-12-03 19:52:37,92.17555705604322
2025-12-03 19:55:07,92.17471303173531
2025-12-03 19:57:37,92.17386900742741
2025-12-03 20:00:07,92.17302498311952
2025-12-03 20:02:37,92.17218095881161
2025-12-03 20:05:07,92.17133693450371
2025-12-03 20:07:37,92.17049291019582
2025-12-03 20:10:07,92.16964888588791
2025-12-03 20:12:37,92.16880486158001
2025-12-03 20:15:07,92.16796083727212
2025-12-03 20:17:37,92.16711681296421
2025-12-03 20:20:07,92.16627278865631
2025-12-03 20:22:37,92.16542876434842
2025-12-03 20:25:07,92.16458474004051
2025-12-03 20:27:37,92.16374071573262
2025-12-03 20:30:07,92.16289669142472
2025-12-03 20:32:37,92.16205266711681
2025-12-03 20:35:07,92.16120864280892
2025-12-03 20:37:37,92.160364618501
2025-12-03 20:40:07,92.15952059419311
2025-12-03 20:42:37,92.15867656988522
2025-12-03 20:45:07,92.1578325455773
2025-12-03 20:47:37,92.15698852126941
2025-12-03 20:50:07,92.15614449696152
2025-12-03 20:52:37,92.15530047265361
2025-12-03 20:55:07,92.15445644834571
2025-12-03 20:57:37,92.15361242403782
2025-12-03 21:00:07,92.15276839972991
2025-12-03 21:02:37,92.15192437542201
2025-12-03 21:05:07,92.15108035111412
2025-12-03 21:07:37,92.15023632680621
2025-12-03 21:10:07,92.14939230249831
2025-12-03 21:12:37,92.14854827819042
2025-12-03 21:15:07,92.14770425388251
2025-12-03 21:17:37,92.14686022957461
2025-12-03 21:20:07,92.14601620526672
2025-12-03 21:22:37,92.14517218095881
2025-12-03 21:25:07,92.14432815665091
2025-12-03 21:27:37,92.143484132343
2025-12-03 21:30:07,92.14264010803511
2025-12-03 21:32:37,92.14179608372721
2025-12-03 21:35:07,92.1409520594193
2025-12-03 21:37:37,92.14010803511141
2025-12-03 21:40:07,92.13926401080352
2025-12-03 21:42:37,92.1384199864956
2025-12-03 21:45:07,92.13757596218771
2025-12-03 21:47:37,92.13673193787982
2025-12-03 21:50:07,92.1358879135719
2025-12-03 21:52:37,92.13504388926401
2025-12-03 21:55:07,92.13419986495612
2025-12-03 21:57:37,92.1333558406482
2025-12-03 22:00:07,92.13251181634031
2025-12-03 22:02:37,92.13166779203242
2025-12-03 22:05:07,92.13082376772451
2025-12-03 22:07:37,92.12997974341661
2025-12-03 22:10:07,92.12913571910872
2025-12-03 22:12:37,92.12829169480081
2025-12-03 22:15:07,92.12744767049291
2025-12-03 22:17:37,92.126603646185
2025-12-03 22:20:07,92.12575962187711
2025-12-03 22:22:37,92.12491559756921
2025-12-03 22:25:07,92.1240715732613
2025-12-03 22:27:37,92.12322754895341
2025-12-03 22:30:07,92.12238352464551
2025-12-03 22:32:37,92.1215395003376
2025-12-03 22:35:07,92.12069547602971
2025-12-03 22:37:37,92.11985145172181
2025-12-03 22:40:07,92.1190074274139
2025-12-03 22:42:37,92.11816340310601
2025-12-03 22:45:07,92.11731937879811
2025-12-03 22:47:37,92.1164753544902
2025-12-03 22:50:07,92.11563133018231
2025-12-03 22:52:37,92.11478730587442
2025-12-03 22:55:07,92.1139432815665
2025-12-03 22:57:37,92.11309925725861
2025-12-03 23:00:07,92.11225523295072
2025-12-03 23:02:37,92.1114112086428
2025-12-03 23:05:07,92.11056718433491
2025-12-03 23:07:37,92.109723160027
2025-12-03 23:10:07,92.1088791357191
2025-12-03 23:12:37,92.10803511141121
2025-12-03 23:15:07,92.1071910871033
2025-12-03 23:17:37,92.10634706279541
2025-12-03 23:20:07,92.10550303848751
2025-12-03 23:22:37,92.1046590141796
2025-12-03 23:25:07,92.10381498987171
2025-12-03 23:27:37,92.10297096556381
2025-12-03 23:30:07,92.1021269412559
2025-12-03 23:32:37,92.10128291694801
2025-12-03 23:35:07,92.10043889264011
2025-12-03 23:37:37,92.0995948683322
2025-12-03 23:40:07,92.09875084402431
2025-12-03 23:42:37,92.09790681971641
2025-12-03 23:45:07,92.0970627954085
2025-12-03 23:47:37,92.09621877110061
2025-12-03 23:50:07,92.09537474679271
2025-12-03 23:52:37,92.0945307224848
2025-12-03 23:55:07,92.09368669817691
2025-12-03 23:57:37,92.092842673869
2025-12-04 00:00:07,92.0919986495611
2025-12-04 00:02:37,92.09115462525321
2025-12-04 00:05:07,92.0903106009453
2025-12-04 00:07:37,92.0894665766374
2025-12-04 00:10:07,92.08862255232951
2025-12-04 00:12:37,92.0877785280216
2025-12-04 00:15:07,92.0869345037137
2025-12-04 00:17:37,92.08609047940581
2025-12-04 00:20:07,92.0852464550979
2025-12-04 00:22:37,92.08440243079
2025-12-04 00:25:07,92.08355840648211
2025-12-04 00:27:37,92.0827143821742
2025-12-04 00:30:07,92.08187035786631
2025-12-04 00:32:37,92.08102633355841
2025-12-04 00:35:07,92.0801823092505
2025-12-04 00:37:37,92.07933828494261
2025-12-04 00:40:07,92.07849426063471
2025-12-04 00:42:37,92.0776502363268
2025-12-04 00:45:07,92.07680621201891
2025-12-04 00:47:37,92.075962187711
2025-12-04 00:50:07,92.0751181634031
2025-12-04 00:52:37,92.07427413909521
2025-12-04 00:55:07,92.0734301147873
2025-12-04 00:57:37,92.0725860904794
2025-12-04 01:00:07,92.07174206617151
2025-12-04 01:02:37,92.0708980418636
2025-12-04 01:05:07,92.0700540175557
2025-12-04 01:07:37,92.06920999324781
2025-12-04 01:10:07,92.0683659689399
2025-12-04 01:12:37,92.067521944632
2025-12-04 01:15:07,92.06667792032411
2025-12-04 01:17:37,92.0658338960162
2025-12-04 01:20:07,92.0649898717083
2025-12-04 01:22:37,92.06414584740041
2025-12-04 01:25:07,92.0633018230925
2025-12-04 01:27:37,92.0624577987846
2025-12-04 01:30:07,92.06161377447671
2025-12-04 01:32:37,92.0607697501688
2025-12-04 01:35:07,92.05992572586091
2025-12-04 01:37:37,92.059081701553
2025-12-04 01:40:07,92.0582376772451
2025-12-04 01:42:37,92.05739365293721
2025-12-04 01:45:07,92.0565496286293
2025-12-04 01:47:37,92.0557056043214
2025-12-04 01:50:07,92.05486158001351
2025-12-04 01:52:37,92.0540175557056
2025-12-04 01:55:07,92.0531735313977
2025-12-04 01:57:37,92.05232950708981
2025-12-04 02:00:07,92.0514854827819
2025-12-04 02:02:37,92.050641458474
2025-12-04 02:05:07,92.04979743416611
2025-12-04 02:07:37,92.0489534098582
2025-12-04 02:10:07,92.0481093855503
2025-12-04 02:12:37,92.04726536124241
2025-12-04 02:15:07,92.0464213369345
2025-12-04 02:17:37,92.0455773126266
2025-12-04 02:20:07,92.04473328831871
2025-12-04 02:22:37,92.0438892640108
2025-12-04 02:25:07,92.0430452397029
2025-12-04 02:27:37,92.042201215395
2025-12-04 02:30:07,92.0413571910871
2025-12-04 02:32:37,92.0405131667792
2025-12-04 02:35:07,92.0396691424713
2025-12-04 02:37:37,92.0388251181634
2025-12-04 02:40:07,92.0379810938555
2025-12-04 02:42:37,92.0371370695476
2025-12-04 02:45:07,92.0362930452397
2025-12-04 02:47:37,92.03544902093181
2025-12-04 02:50:07,92.0346049966239
2025-12-04 02:52:37,92.033760972316
2025-12-04 02:55:07,92.03291694800811
2025-12-04 02:57:37,92.0320729237002
2025-12-04 03:00:07,92.0312288993923
2025-12-04 03:02:37,92.03038487508441
2025-12-04 03:05:07,92.0295408507765
2025-12-04 03:07:37,92.0286968264686
2025-12-04 03:10:07,92.02785280216071
2025-12-04 03:12:37,92.0270087778528
2025-12-04 03:15:07,92.0261647535449
2025-12-04 03:17:37,92.025320729237
2025-12-04 03:20:07,92.0244767049291
2025-12-04 03:22:37,92.0236326806212
2025-12-04 03:25:07,92.0227886563133
2025-12-04 03:27:37,92.0219446320054
2025-12-04 03:30:07,92.0211006076975
2025-12-04 03:32:37,92.0202565833896
2025-12-04 03:35:07,92.0194125590817
2025-12-04 03:37:37,92.0185685347738
2025-12-04 03:40:07,92.0177245104659
2025-12-04 03:42:37,92.016880486158
2025-12-04 03:45:07,92.0160364618501
2025-12-04 03:47:37,92.0151924375422
2025-12-04 03:50:07,92.0143484132343
2025-12-04 03:52:37,92.0135043889264
2025-12-04 03:55:07,92.0126603646185
2025-12-04 03:57:37,92.0118163403106
2025-12-04 04:00:07,92.01097231600271
2025-12-04 04:02:37,92.0101282916948
2025-12-04 04:05:07,92.0092842673869
2025-12-04 04:07:37,92.008440243079
2025-12-04 04:10:07,92.0075962187711
2025-12-04 04:12:37,92.0067521944632
2025-12-04 04:15:07,92.0059081701553
2025-12-04 04:17:37,92.0050641458474
2025-12-04 04:20:07,92.0042201215395
2025-12-04 04:22:37,92.0033760972316
2025-12-04 04:25:07,92.0025320729237
2025-12-04 04:27:37,92.0016880486158
2025-12-04 04:30:07,92.0008440243079
2025-12-04 04:32:37,92.0
2025-12-04 04:35:07,92.03174603174604
2025-12-04 04:37:37,92.06349206349206
2025-12-04 04:40:07,92.0952380952381
2025-12-04 04:42:37,92.12698412698413
2025-12-04 04:45:07,92.15873015873017
2025-12-04 04:47:37,92.19047619047619
2025-12-04 04:50:07,92.22222222222223
2025-12-04 04:52:37,92.25396825396825
2025-12-04 04:55:07,92.28571428571429
2025-12-04 04:57:37,92.31746031746032
2025-12-04 05:00:07,92.34920634920636
2025-12-04 05:02:37,92.38095238095238
2025-12-04 05:05:07,92.41269841269842
2025-12-04 05:07:37,92.44444444444444
2025-12-04 05:10:07,92.47619047619048
2025-12-04 05:12:37,92.5079365079365
2025-12-04 05:15:07,92.53968253968254
2025-12-04 05:17:37,92.57142857142857
2025-12-04 05:20:07,92.60317460317461
2025-12-04 05:22:37,92.63492063492063
2025-12-04 05:25:07,92.66666666666667
2025-12-04 05:27:37,92.6984126984127
2025-12-04 05:30:07,92.73015873015873
2025-12-04 05:32:37,92.76190476190476
2025-12-04 05:35:07,92.7936507936508
2025-12-04 05:37:37,92.82539682539682
2025-12-04 05:40:07,92.85714285714286
2025-12-04 05:42:37,92.88888888888889
2025-12-04 05:45:07,92.92063492063492
2025-12-04 05:47:37,92.95238095238095
2025-12-04 05:50:07,92.98412698412699
2025-12-04 05:52:37,93.01587301587301
2025-12-04 05:55:07,93.04761904761905
2025-12-04 05:57:37,93.07936507936508
2025-12-04 06:00:07,93.11111111111111
2025-12-04 06:02:37,93.14285714285714
2025-12-04 06:05:07,93.17460317460318
2025-12-04 06:07:37,93.2063492063492
2025-12-04 06:10:07,93.23809523809524
2025-12-04 06:12:37,93.26984126984127
2025-12-04 06:15:07,93.3015873015873
2025-12-04 06:17:37,93.33333333333333
2025-12-04 06:20:07,93.36507936507937
2025-12-04 06:22:37,93.39682539682539
2025-12-04 06:25:07,93.42857142857143
2025-12-04 06:27:37,93.46031746031746
2025-12-04 06:30:07,93.4920634920635
2025-12-04 06:32:37,93.52380952380952
2025-12-04 06:35:07,93.55555555555556
2025-12-04 06:37:37,93.58730158730158
2025-12-04 06:40:07,93.61904761904762
2025-12-04 06:42:37,93.65079365079364
2025-12-04 06:45:07,93.68253968253968
2025-12-04 06:47:37,93.71428571428571
2025-12-04 06:50:07,93.74603174603175
2025-12-04 06:52:37,93.77777777777777
2025-12-04 06:55:07,93.80952380952381
2025-12-04 06:57:37,93.84126984126983
2025-12-04 07:00:07,93.87301587301587
2025-12-04 07:02:37,93.9047619047619
2025-12-04 07:05:07,93.93650793650794
2025-12-04 07:07:37,93.96825396825396
2025-12-04 07:10:07,94.0
2025-12-04 07:12:37,94.03174603174604
2025-12-04 07:15:07,94.06349206349206
2025-12-04 07:17:37,94.0952380952381
2025-12-04 07:20:07,94.12698412698413
2025-12-04 07:22:37,94.15873015873017
2025-12-04 07:25:07,94.19047619047619
2025-12-04 07:27:37,94.22222222222223
2025-12-04 07:30:07,94.25396825396825
2025-12-04 07:32:37,94.28571428571429
2025-12-04 07:35:07,94.31746031746032
2025-12-04 07:37:37,94.34920634920636
2025-12-04 07:40:07,94.38095238095238
2025-12-04 07:42:37,94.41269841269842
2025-12-04 07:45:07,94.44444444444444
2025-12-04 07:47:37,94.47619047619048
2025-12-04 07:50:07,94.5079365079365
2025-12-04 07:52:37,94.53968253968254
2025-12-04 07:55:07,94.57142857142857
2025-12-04 07:57:37,94.60317460317461
2025-12-04 08:00:07,94.63492063492063
2025-12-04 08:02:37,94.66666666666667
2025-12-04 08:05:07,94.6984126984127
2025-12-04 08:07:37,94.73015873015873
2025-12-04 08:10:07,94.76190476190476
2025-12-04 08:12:37,94.7936507936508
2025-12-04 08:15:07,94.82539682539682
2025-12-04 08:17:37,94.85714285714286
2025-12-04 08:20:07,94.88888888888889
2025-12-04 08:22:37,94.92063492063492
2025-12-04 08:25:07,94.95238095238095
2025-12-04 08:27:37,94.98412698412699
2025-12-04 08:30:07,95.01587301587301
2025-12-04 08:32:37,95.04761904761905
2025-12-04 08:35:07,95.07936507936508
2025-12-04 08:37:37,95.11111111111111
2025-12-04 08:40:07,95.14285714285714
2025-12-04 08:42:37,95.17460317460318
2025-12-04 08:45:07,95.2063492063492
2025-12-04 08:47:37,95.23809523809524
2025-12-04 08:50:07,95.26984126984127
2025-12-04 08:52:37,95.3015873015873
2025-12-04 08:55:07,95.33333333333333
2025-12-04 08:57:37,95.36507936507937
2025-12-04 09:00:07,95.39682539682539
2025-12-04 09:02:37,95.42857142857143
2025-12-04 09:05:07,95.46031746031746
2025-12-04 09:07:37,95.4920634920635
2025-12-04 09:10:07,95.52380952380952
2025-12-04 09:12:37,95.55555555555556
2025-12-04 09:15:07,95.58730158730158
2025-12-04 09:17:37,95.61904761904762
2025-12-04 09:20:07,95.65079365079364
2025-12-04 09:22:37,95.68253968253968
2025-12-04 09:25:07,95.71428571428571
2025-12-04 09:27:37,95.74603174603175
2025-12-04 09:30:07,95.77777777777777
2025-12-04 09:32:37,95.80952380952381
2025-12-04 09:35:07,95.84126984126983
2025-12-04 09:37:37,95.87301587301587
2025-12-04 09:40:07,95.9047619047619
2025-12-04 09:42:37,95.93650793650794
2025-12-04 09:45:07,95.96825396825396
2025-12-04 09:47:37,96.0
2025-12-04 09:50:07,96.03174603174602
2025-12-04 09:52:37,96.06349206349206
2025-12-04 09:55:07,96.0952380952381
2025-12-04 09:57:37,96.12698412698413
2025-12-04 10:00:07,96.15873015873017
2025-12-04 10:02:37,96.19047619047619
2025-12-04 10:05:07,96.22222222222223
2025-12-04 10:07:37,96.25396825396825
2025-12-04 10:10:07,96.28571428571429
2025-12-04 10:12:37,96.31746031746032
2025-12-04 10:15:07,96.34920634920636
2025-12-04 10:17:37,96.38095238095238
2025-12-04 10:20:07,96.41269841269842
2025-12-04 10:22:37,96.44444444444444
2025-12-04 10:25:07,96.47619047619048
2025-12-04 10:27:37,96.5079365079365
2025-12-04 10:30:07,96.53968253968254
2025-12-04 10:32:37,96.57142857142857
2025-12-04 10:35:07,96.60317460317461
2025-12-04 10:37:37,96.63492063492063
2025-12-04 10:40:07,96.66666666666667
2025-12-04 10:42:37,96.6984126984127
2025-12-04 10:45:07,96.73015873015873
2025-12-04 10:47:37,96.76190476190476
2025-12-04 10:50:07,96.7936507936508
2025-12-04 10:52:37,96.82539682539682
2025-12-04 10:55:07,96.85714285714286
2025-12-04 10:57:37,96.88888888888889
2025-12-04 11:00:07,96.92063492063492
2025-12-04 11:02:37,96.95238095238095
2025-12-04 11:05:07,96.98412698412699
2025-12-04 11:07:37,97.01587301587301
2025-12-04 11:10:07,97.04761904761905
2025-12-04 11:12:37,97.07936507936508
2025-12-04 11:15:07,97.11111111111111
2025-12-04 11:17:37,97.14285714285714
2025-12-04 11:20:07,97.17460317460318
2025-12-04 11:22:37,97.2063492063492
2025-12-04 11:25:07,97.23809523809524
2025-12-04 11:27:37,97.26984126984127
2025-12-04 11:30:07,97.3015873015873
2025-12-04 11:32:37,97.33333333333333
2025-12-04 11:35:07,97.36507936507937
2025-12-04 11:37:37,97.39682539682539
2025-12-04 11:40:07,97.42857142857143
2025-12-04 11:42:37,97.46031746031746
2025-12-04 11:45:07,97.4920634920635
2025-12-04 11:47:37,97.52380952380952
2025-12-04 11:50:07,97.55555555555556
2025-12-04 11:52:37,97.58730158730158
2025-12-04 11:55:07,97.61904761904762
2025-12-04 11:57:37,97.65079365079364
2025-12-04 12:00:07,97.68253968253968
2025-12-04 12:02:37,97.71428571428571
2025-12-04 12:05:07,97.74603174603175
2025-12-04 12:07:37,97.77777777777777
2025-12-04 12:10:07,97.80952380952381
2025-12-04 12:12:37,97.84126984126983
2025-12-04 12:15:07,97.87301587301587
2025-12-04 12:17:37,97.9047619047619
2025-12-04 12:20:07,97.93650793650794
2025-12-04 12:22:37,97.96825396825396
2025-12-04 12:25:07,98.0
2025-12-04 12:27:37,98.03174603174602
2025-12-04 12:30:07,98.06349206349206
2025-12-04 12:32:37,98.0952380952381
2025-12-04 12:35:07,98.12698412698413
2025-12-04 12:37:37,98.15873015873017
2025-12-04 12:40:07,98.19047619047619
2025-12-04 12:42:37,98.22222222222223
2025-12-04 12:45:07,98.25396825396825
2025-12-04 12:47:37,98.28571428571429
2025-12-04 12:50:07,98.31746031746032
2025-12-04 12:52:37,98.34920634920636
2025-12-04 12:55:07,98.38095238095238
2025-12-04 12:57:37,98.41269841269842
2025-12-04 13:00:07,98.44444444444444
2025-12-04 13:02:37,98.47619047619048
2025-12-04 13:05:07,98.5079365079365
2025-12-04 13:07:37,98.53968253968254
2025-12-04 13:10:07,98.57142857142857
2025-12-04 13:12:37,98.60317460317461
2025-12-04 13:15:07,98.63492063492063
2025-12-04 13:17:37,98.66666666666667
2025-12-04 13:20:07,98.6984126984127
2025-12-04 13:22:37,98.73015873015873
2025-12-04 13:25:07,98.76190476190476
2025-12-04 13:27:37,98.7936507936508
2025-12-04 13:30:07,98.82539682539682
2025-12-04 13:32:37,98.85714285714286
2025-12-04 13:35:07,98.88888888888889
2025-12-04 13:37:37,98.92063492063492
2025-12-04 13:40:07,98.95238095238095
2025-12-04 13:42:37,98.98412698412699
2025-12-04 13:45:07,99.01587301587301
2025-12-04 13:47:37,99.04761904761905
2025-12-04 13:50:07,99.07936507936508
2025-12-04 13:52:37,99.11111111111111
2025-12-04 13:55:07,99.14285714285714
2025-12-04 13:57:37,99.17460317460318
2025-12-04 14:00:07,99.2063492063492
2025-12-04 14:02:37,99.23809523809524
2025-12-04 14:05:07,99.26984126984127
2025-12-04 14:07:37,99.3015873015873
2025-12-04 14:10:07,99.33333333333333
2025-12-04 14:12:37,99.36507936507937
2025-12-04 14:15:07,99.39682539682539
2025-12-04 14:17:37,99.42857142857143
2025-12-04 14:20:07,99.46031746031746
2025-12-04 14:22:37,99.4920634920635
2025-12-04 14:25:07,99.52380952380952
2025-12-04 14:27:37,99.55555555555556
2025-12-04 14:30:07,99.58730158730158
2025-12-04 14:32:37,99.61904761904762
2025-12-04 14:35:07,99.65079365079364
2025-12-04 14:37:37,99.68253968253968
2025-12-04 14:40:07,99.71428571428571
2025-12-04 14:42:37,99.74603174603175
2025-12-04 14:45:07,99.77777777777777
2025-12-04 14:47:37,99.80952380952381
2025-12-04 14:50:07,99.84126984126983
2025-12-04 14:52:37,99.87301587301587
2025-12-04 14:55:07,99.9047619047619
2025-12-04 14:57:37,99.93650793650794
2025-12-04 15:00:07,99.96825396825396
2025-12-04 15:02:37,100.0
2025-12-04 15:05:07,99.94801641586868
2025-12-04 15:07:37,99.89603283173734
2025-12-04 15:10:07,99.84404924760602
2025-12-04 15:12:37,99.79206566347469
2025-12-04 15:15:07,99.74008207934337
2025-12-04 15:17:37,99.68809849521203
2025-12-04 15:20:07,99.63611491108071
2025-12-04 15:22:37,99.58413132694939
2025-12-04 15:25:07,99.53214774281805
2025-12-04 15:27:37,99.48016415868673
2025-12-04 15:30:07,99.4281805745554
2025-12-04 15:32:37,99.37619699042408
2025-12-04 15:35:07,99.32421340629276
2025-12-04 15:37:37,99.27222982216142
2025-12-04 15:40:07,99.2202462380301
2025-12-04 15:42:37,99.16826265389876
2025-12-04 15:45:07,99.11627906976744
2025-12-04 15:47:37,99.06429548563611
2025-12-04 15:50:07,99.01231190150479
2025-12-04 15:52:37,98.96032831737347
2025-12-04 15:55:07,98.90834473324213
2025-12-04 15:57:37,98.85636114911081
2025-12-04 16:00:07,98.80437756497948
2025-12-04 16:02:37,98.75239398084815
2025-12-04 16:05:07,98.70041039671682
2025-12-04 16:07:37,98.6484268125855
2025-12-04 16:10:07,98.59644322845418
2025-12-04 16:12:37,98.54445964432284
2025-12-04 16:15:07,98.49247606019152
2025-12-04 16:17:37,98.44049247606019
2025-12-04 16:20:07,98.38850889192886
2025-12-04 16:22:37,98.33652530779754
2025-12-04 16:25:07,98.28454172366621
2025-12-04 16:27:37,98.23255813953489
2025-12-04 16:30:07,98.18057455540355
2025-12-04 16:32:37,98.12859097127223
2025-12-04 16:35:07,98.0766073871409
2025-12-04 16:37:37,98.02462380300958
2025-12-04 16:40:07,97.97264021887825
2025-12-04 16:42:37,97.92065663474692
2025-12-04 16:45:07,97.8686730506156
2025-12-04 16:47:37,97.81668946648426
2025-12-04 16:50:07,97.76470588235294
2025-12-04 16:52:37,97.71272229822162
2025-12-04 16:55:07,97.66073871409029
2025-12-04 16:57:37,97.60875512995896
2025-12-04 17:00:07,97.55677154582763
2025-12-04 17:02:37,97.50478796169631
2025-12-04 17:05:07,97.45280437756497
2025-12-04 17:07:37,97.40082079343365
2025-12-04 17:10:07,97.34883720930233
2025-12-04 17:12:37,97.296853625171
2025-12-04 17:15:07,97.24487004103968
2025-12-04 17:17:37,97.19288645690834
2025-12-04 17:20:07,97.14090287277702
2025-12-04 17:22:37,97.08891928864568
2025-12-04 17:25:07,97.03693570451436
2025-12-04 17:27:37,96.98495212038304
2025-12-04 17:30:07,96.9329685362517
2025-12-04 17:32:37,96.88098495212039
2025-12-04 17:35:07,96.82900136798905
2025-12-04 17:37:37,96.77701778385773
2025-12-04 17:40:07,96.72503419972641
2025-12-04 17:42:37,96.67305061559507
2025-12-04 17:45:07,96.62106703146375
2025-12-04 17:47:37,96.56908344733242
2025-12-04 17:50:07,96.5170998632011
2025-12-04 17:52:37,96.46511627906976
2025-12-04 17:55:07,96.41313269493844
2025-12-04 17:57:37,96.36114911080712
2025-12-04 18:00:07,96.30916552667578
2025-12-04 18:02:37,96.25718194254446
2025-12-04 18:05:07,96.20519835841313
2025-12-04 18:07:37,96.1532147742818
2025-12-04 18:10:07,96.10123119015047
2025-12-04 18:12:37,96.04924760601915
2025-12-04 18:15:07,95.99726402188783
2025-12-04 18:17:37,95.9452804377565
2025-12-04 18:20:07,95.89329685362517
2025-12-04 18:22:37,95.84131326949384
2025-12-04 18:25:07,95.78932968536252
2025-12-04 18:27:37,95.7373461012312
2025-12-04 18:30:07,95.68536251709986
2025-12-04 18:32:37,95.63337893296854
2025-12-04 18:35:07,95.5813953488372
2025-12-04 18:37:37,95.52941176470588
2025-12-04 18:40:07,95.47742818057455
2025-12-04 18:42:37,95.42544459644323
2025-12-04 18:45:07,95.3734610123119
2025-12-04 18:47:37,95.32147742818057
2025-12-04 18:50:07,95.26949384404925
2025-12-04 18:52:37,95.21751025991792
2025-12-04 18:55:07,95.1655266757866
2025-12-04 18:57:37,95.11354309165527
2025-12-04 19:00:07,95.06155950752394
2025-12-04 19:02:37,95.00957592339262
2025-12-04 19:05:07,94.95759233926128
2025-12-04 19:07:37,94.90560875512996
2025-12-04 19:10:07,94.85362517099863
2025-12-04 19:12:37,94.8016415868673
2025-12-04 19:15:07,94.74965800273598
2025-12-04 19:17:37,94.69767441860465
2025-12-04 19:20:07,94.64569083447333
2025-12-04 19:22:37,94.59370725034199
2025-12-04 19:25:07,94.54172366621067
2025-12-04 19:27:37,94.48974008207934
2025-12-04 19:30:07,94.43775649794802
2025-12-04 19:32:37,94.3857729138167
2025-12-04 19:35:07,94.33378932968536
2025-12-04 19:37:37,94.28180574555404
2025-12-04 19:40:07,94.2298221614227
2025-12-04 19:42:37,94.17783857729138
2025-12-04 19:45:07,94.12585499316006
2025-12-04 19:47:37,94.07387140902873
2025-12-04 19:50:07,94.0218878248974
2025-12-04 19:52:37,93.96990424076607
2025-12-04 19:55:07,93.91792065663475
2025-12-04 19:57:37,93.86593707250341
2025-12-04 20:00:07,93.81395348837209
2025-12-04 20:02:37,93.76196990424077
2025-12-04 20:05:07,93.70998632010944
2025-12-04 20:07:37,93.65800273597812
2025-12-04 20:10:07,93.60601915184678
2025-12-04 20:12:37,93.55403556771546
2025-12-04 20:15:07,93.50205198358412
2025-12-04 20:17:37,93.4500683994528
2025-12-04 20:20:07,93.39808481532148
2025-12-04 20:22:37,93.34610123119015
2025-12-04 20:25:07,93.29411764705883
2025-12-04 20:27:37,93.24213406292749
2025-12-04 20:30:07,93.19015047879617
2025-12-04 20:32:37,93.13816689466485
2025-12-04 20:35:07,93.08618331053351
2025-12-04 20:37:37,93.03419972640219
2025-12-04 20:40:07,92.98221614227086
2025-12-04 20:42:37,92.93023255813954
2025-12-04 20:45:07,92.8782489740082
2025-12-04 20:47:37,92.82626538987688
2025-12-04 20:50:07,92.77428180574556
2025-12-04 20:52:37,92.72229822161422
2025-12-04 20:55:07,92.6703146374829
2025-12-04 20:57:37,92.61833105335157
2025-12-04 21:00:07,92.56634746922025
2025-12-04 21:02:37,92.51436388508893
2025-12-04 21:05:07,92.46238030095759
2025-12-04 21:07:37,92.41039671682627
2025-12-04 21:10:07,92.35841313269493
2025-12-04 21:12:37,92.30642954856361
2025-12-04 21:15:07,92.25444596443228
2025-12-04 21:17:37,92.20246238030096
2025-12-04 21:20:07,92.15047879616964
2025-12-04 21:22:37,92.0984952120383
2025-12-04 21:25:07,92.04651162790698
2025-12-04 21:27:37,91.99452804377565
2025-12-04 21:30:07,91.94254445964432
2025-12-04 21:32:37,91.89056087551299
2025-12-04 21:35:07,91.83857729138167
2025-12-04 21:37:37,91.78659370725035
2025-12-04 21:40:07,91.73461012311901
2025-12-04 21:42:37,91.68262653898769
2025-12-04 21:45:07,91.63064295485636
2025-12-04 21:47:37,91.57865937072503
2025-12-04 21:50:07,91.52667578659371
2025-12-04 21:52:37,91.47469220246238
2025-12-04 21:55:07,91.42270861833106
2025-12-04 21:57:37,91.37072503419972
2025-12-04 22:00:07,91.3187414500684
2025-12-04 22:02:37,91.26675786593707
2025-12-04 22:05:07,91.21477428180575
2025-12-04 22:07:37,91.16279069767442
2025-12-04 22:10:07,91.11080711354309
2025-12-04 22:12:37,91.05882352941177
2025-12-04 22:15:07,91.00683994528043
2025-12-04 22:17:37,90.95485636114911
2025-12-04 22:20:07,90.90287277701778
2025-12-04 22:22:37,90.85088919288646
2025-12-04 22:25:07,90.79890560875513
2025-12-04 22:27:37,90.7469220246238
2025-12-04 22:30:07,90.69493844049248
2025-12-04 22:32:37,90.64295485636114
2025-12-04 22:35:07,90.59097127222982
2025-12-04 22:37:37,90.5389876880985
2025-12-04 22:40:07,90.48700410396717
2025-12-04 22:42:37,90.43502051983585
2025-12-04 22:45:07,90.38303693570451
2025-12-04 22:47:37,90.33105335157319
2025-12-04 22:50:07,90.27906976744185
2025-12-04 22:52:37,90.22708618331053
2025-12-04 22:55:07,90.17510259917921
2025-12-04 22:57:37,90.12311901504788
2025-12-04 23:00:07,90.07113543091656
2025-12-04 23:02:37,90.01915184678522
2025-12-04 23:05:07,89.9671682626539
2025-12-04 23:07:37,89.91518467852258
2025-12-04 23:10:07,89.86320109439124
2025-12-04 23:12:37,89.81121751025992
2025-12-04 23:15:07,89.75923392612859
2025-12-04 23:17:37,89.70725034199727
2025-12-04 23:20:07,89.65526675786593
2025-12-04 23:22:37,89.60328317373461
2025-12-04 23:25:07,89.55129958960329
2025-12-04 23:27:37,89.49931600547195
2025-12-04 23:30:07,89.44733242134063
2025-12-04 23:32:37,89.3953488372093
2025-12-04 23:35:07,89.34336525307798
2025-12-04 23:37:37,89.29138166894664
2025-12-04 23:40:07,89.23939808481532
2025-12-04 23:42:37,89.187414500684
2025-12-04 23:45:07,89.13543091655266
2025-12-04 23:47:37,89.08344733242134
2025-12-04 23:50:07,89.03146374829001
2025-12-04 23:52:37,88.97948016415869
2025-12-04 23:55:07,88.92749658002737
2025-12-04 23:57:37,88.87551299589603
2025-12-05 00:00:07,88.82352941176471
2025-12-05 00:02:37,88.77154582763337
2025-12-05 00:05:07,88.71956224350205
2025-12-05 00:07:37,88.66757865937072
2025-12-05 00:10:07,88.6155950752394
2025-12-05 00:12:37,88.56361149110808
2025-12-05 00:15:07,88.51162790697674
2025-12-05 00:17:37,88.45964432284542
2025-12-05 00:20:07,88.40766073871409
2025-12-05 00:22:37,88.35567715458276
2025-12-05 00:25:07,88.30369357045143
2025-12-05 00:27:37,88.25170998632011
2025-12-05 00:30:07,88.19972640218879
2025-12-05 00:32:37,88.14774281805745
2025-12-05 00:35:07,88.09575923392613
2025-12-05 00:37:37,88.0437756497948
2025-12-05 00:40:07,87.99179206566347
2025-12-05 00:42:37,87.93980848153215
2025-12-05 00:45:07,87.88782489740082
2025-12-05 00:47:37,87.8358413132695
2025-12-05 00:50:07,87.78385772913816
2025-12-05 00:52:37,87.73187414500684
2025-12-05 00:55:07,87.6798905608755
2025-12-05 00:57:37,87.62790697674419
2025-12-05 01:00:07,87.57592339261286
2025-12-05 01:02:37,87.52393980848153
2025-12-05 01:05:07,87.47195622435021
2025-12-05 01:07:37,87.41997264021887
2025-12-05 01:10:07,87.36798905608755
2025-12-05 01:12:37,87.31600547195623
2025-12-05 01:15:07,87.2640218878249
2025-12-05 01:17:37,87.21203830369357
2025-12-05 01:20:07,87.16005471956224
2025-12-05 01:22:37,87.10807113543092
2025-12-05 01:25:07,87.05608755129958
2025-12-05 01:27:37,87.00410396716826
2025-12-05 01:30:07,86.95212038303694
2025-12-05 01:32:37,86.9001367989056
2025-12-05 01:35:07,86.84815321477429
2025-12-05 01:37:37,86.79616963064295
2025-12-05 01:40:07,86.74418604651163
2025-12-05 01:42:37,86.6922024623803
2025-12-05 01:45:07,86.64021887824897
2025-12-05 01:47:37,86.58823529411765
2025-12-05 01:50:07,86.53625170998632
2025-12-05 01:52:37,86.484268125855
2025-12-05 01:55:07,86.43228454172366
2025-12-05 01:57:37,86.38030095759234
2025-12-05 02:00:07,86.32831737346102
2025-12-05 02:02:37,86.27633378932968
2025-12-05 02:05:07,86.22435020519836
2025-12-05 02:07:37,86.17236662106703
2025-12-05 02:10:07,86.1203830369357
2025-12-05 02:12:37,86.06839945280437
2025-12-05 02:15:07,86.01641586867305
2025-12-05 02:17:37,85.96443228454173
2025-12-05 02:20:07,85.9124487004104
2025-12-05 02:22:37,85.86046511627907
2025-12-05 02:25:07,85.80848153214774
2025-12-05 02:27:37,85.75649794801642
2025-12-05 02:30:07,85.70451436388508
2025-12-05 02:32:37,85.65253077975376
2025-12-05 02:35:07,85.60054719562244
2025-12-05 02:37:37,85.5485636114911
2025-12-05 02:40:07,85.49658002735978
2025-12-05 02:42:37,85.44459644322845
2025-12-05 02:45:07,85.39261285909713
2025-12-05 02:47:37,85.3406292749658
2025-12-05 02:50:07,85.28864569083447
2025-12-05 02:52:37,85.23666210670315
2025-12-05 02:55:07,85.18467852257182
2025-12-05 02:57:37,85.1326949384405
2025-12-05 03:00:07,85.08071135430916
2025-12-05 03:02:37,85.02872777017784
2025-12-05 03:05:07,84.97674418604652
2025-12-05 03:07:37,84.92476060191518
2025-12-05 03:10:07,84.87277701778386
2025-12-05 03:12:37,84.82079343365253
2025-12-05 03:15:07,84.7688098495212
2025-12-05 03:17:37,84.71682626538987
2025-12-05 03:20:07,84.66484268125855
2025-12-05 03:22:37,84.61285909712723
2025-12-05 03:25:07,84.56087551299589
2025-12-05 03:27:37,84.50889192886457
2025-12-05 03:30:07,84.45690834473324
2025-12-05 03:32:37,84.40492476060192
2025-12-05 03:35:07,84.3529411764706
2025-12-05 03:37:37,84.30095759233926
2025-12-05 03:40:07,84.24897400820794
2025-12-05 03:42:37,84.1969904240766
2025-12-05 03:45:07,84.14500683994528
2025-12-05 03:47:37,84.09302325581395
2025-12-05 03:50:07,84.04103967168263
2025-12-05 03:52:37,83.9890560875513
2025-12-05 03:55:07,83.93707250341997
2025-12-05 03:57:37,83.88508891928865
2025-12-05 04:00:07,83.83310533515731
2025-12-05 04:02:37,83.78112175102599
2025-12-05 04:05:07,83.72913816689467
2025-12-05 04:07:37,83.67715458276334
2025-12-05 04:10:07,83.62517099863202
2025-12-05 04:12:37,83.57318741450068
2025-12-05 04:15:07,83.52120383036936
2025-12-05 04:17:37,83.46922024623802
2025-12-05 04:20:07,83.4172366621067
2025-12-05 04:22:37,83.36525307797538
2025-12-05 04:25:07,83.31326949384405
2025-12-05 04:27:37,83.26128590971273
2025-12-05 04:30:07,83.20930232558139
2025-12-05 04:32:37,83.15731874145007
2025-12-05 04:35:07,83.10533515731873
2025-12-05 04:37:37,83.05335157318741
2025-12-05 04:40:07,83.00136798905609
2025-12-05 04:42:37,82.94938440492476
2025-12-05 04:45:07,82.89740082079344
2025-12-05 04:47:37,82.8454172366621
2025-12-05 04:50:07,82.79343365253078
2025-12-05 04:52:37,82.74145006839946
2025-12-05 04:55:07,82.68946648426812
2025-12-05 04:57:37,82.6374829001368
2025-12-05 05:00:07,82.58549931600547
2025-12-05 05:02:37,82.53351573187415
2025-12-05 05:05:07,82.48153214774281
2025-12-05 05:07:37,82.42954856361149
2025-12-05 05:10:07,82.37756497948017
2025-12-05 05:12:37,82.32558139534883
2025-12-05 05:15:07,82.27359781121751
2025-12-05 05:17:37,82.22161422708618
2025-12-05 05:20:07,82.16963064295486
2025-12-05 05:22:37,82.11764705882352
2025-12-05 05:25:07,82.0656634746922
2025-12-05 05:27:37,82.01367989056088
2025-12-05 05:30:07,81.96169630642954
2025-12-05 05:32:37,81.90971272229822
2025-12-05 05:35:07,81.85772913816689
2025-12-05 05:37:37,81.80574555403557
2025-12-05 05:40:07,81.75376196990425
2025-12-05 05:42:37,81.70177838577291
2025-12-05 05:45:07,81.64979480164159
2025-12-05 05:47:37,81.59781121751026
2025-12-05 05:50:07,81.54582763337893
2025-12-05 05:52:37,81.4938440492476
2025-12-05 05:55:07,81.44186046511628
2025-12-05 05:57:37,81.38987688098496
2025-12-05 06:00:07,81.33789329685362
2025-12-05 06:02:37,81.2859097127223
2025-12-05 06:05:07,81.23392612859097
2025-12-05 06:07:37,81.18194254445964
2025-12-05 06:10:07,81.12995896032832
2025-12-05 06:12:37,81.07797537619699
2025-12-05 06:15:07,81.02599179206567
2025-12-05 06:17:37,80.97400820793433
2025-12-05 06:20:07,80.92202462380301
2025-12-05 06:22:37,80.87004103967168
2025-12-05 06:25:07,80.81805745554036
2025-12-05 06:27:37,80.76607387140903
2025-12-05 06:30:07,80.7140902872777
2025-12-05 06:32:37,80.66210670314638
2025-12-05 06:35:07,80.61012311901504
2025-12-05 06:37:37,80.55813953488372
2025-12-05 06:40:07,80.50615595075239
2025-12-05 06:42:37,80.45417236662107
2025-12-05 06:45:07,80.40218878248974
2025-12-05 06:47:37,80.35020519835841
2025-12-05 06:50:07,80.29822161422709
2025-12-05 06:52:37,80.24623803009575
2025-12-05 06:55:07,80.19425444596443
2025-12-05 06:57:37,80.14227086183311
2025-12-05 07:00:07,80.09028727770178
2025-12-05 07:02:37,80.03830369357046
2025-12-05 07:05:07,79.98632010943912
2025-12-05 07:07:37,79.9343365253078
2025-12-05 07:10:07,79.88235294117646
2025-12-05 07:12:37,79.83036935704514
2025-12-05 07:15:07,79.77838577291382
2025-12-05 07:17:37,79.72640218878249
2025-12-05 07:20:07,79.67441860465117
2025-12-05 07:22:37,79.62243502051983
2025-12-05 07:25:07,79.57045143638851
2025-12-05 07:27:37,79.51846785225717
2025-12-05 07:30:07,79.46648426812585
2025-12-05 07:32:37,79.41450068399453
2025-12-05 07:35:07,79.3625170998632
2025-12-05 07:37:37,79.31053351573188
2025-12-05 07:40:07,79.25854993160054
2025-12-05 07:42:37,79.20656634746922
2025-12-05 07:45:07,79.1545827633379
2025-12-05 07:47:37,79.10259917920656
2025-12-05 07:50:07,79.05061559507524
2025-12-05 07:52:37,78.99863201094391
2025-12-05 07:55:07,78.94664842681259
2025-12-05 07:57:37,78.89466484268125
2025-12-05 08:00:07,78.84268125854993
2025-12-05 08:02:37,78.79069767441861
2025-12-05 08:05:07,78.73871409028727
2025-12-05 08:07:37,78.68673050615595
2025-12-05 08:10:07,78.63474692202462
2025-12-05 08:12:37,78.5827633378933
2025-12-05 08:15:07,78.53077975376198
2025-12-05 08:17:37,78.47879616963064
2025-12-05 08:20:07,78.42681258549932
2025-12-05 08:22:37,78.37482900136798
2025-12-05 08:25:07,78.32284541723666
2025-12-05 08:27:37,78.27086183310533
2025-12-05 08:30:07,78.21887824897401
2025-12-05 08:32:37,78.16689466484269
2025-12-05 08:35:07,78.11491108071135
2025-12-05 08:37:37,78.06292749658003
2025-12-05 08:40:07,78.0109439124487
2025-12-05 08:42:37,77.95896032831737
2025-12-05 08:45:07,77.90697674418604
2025-12-05 08:47:37,77.85499316005472
2025-12-05 08:50:07,77.8030095759234
2025-12-05 08:52:37,77.75102599179206
2025-12-05 08:55:07,77.69904240766074
2025-12-05 08:57:37,77.6470588235294
2025-12-05 09:00:07,77.59507523939808
2025-12-05 09:02:37,77.54309165526676
2025-12-05 09:05:07,77.49110807113543
2025-12-05 09:07:37,77.43912448700411
2025-12-05 09:10:07,77.38714090287277
2025-12-05 09:12:37,77.33515731874145
2025-12-05 09:15:07,77.28317373461012
2025-12-05 09:17:37,77.2311901504788
2025-12-05 09:20:07,77.17920656634747
2025-12-05 09:22:37,77.12722298221614
2025-12-05 09:25:07,77.07523939808482
2025-12-05 09:27:37,77.02325581395348
2025-12-05 09:30:07,76.97127222982216
2025-12-05 09:32:37,76.91928864569083
2025-12-05 09:35:07,76.8673050615595
2025-12-05 09:37:37,76.81532147742818
2025-12-05 09:40:07,76.76333789329685
2025-12-05 09:42:37,76.71135430916553
2025-12-05 09:45:07,76.6593707250342
2025-12-05 09:47:37,76.60738714090287
2025-12-05 09:50:07,76.55540355677155
2025-12-05 09:52:37,76.50341997264022
2025-12-05 09:55:07,76.4514363885089
2025-12-05 09:57:37,76.39945280437756
2025-12-05 10:00:07,76.34746922024624
2025-12-05 10:02:37,76.2954856361149
2025-12-05 10:05:07,76.24350205198358
2025-12-05 10:07:37,76.19151846785226
2025-12-05 10:10:07,76.13953488372093
2025-12-05 10:12:37,76.0875512995896
2025-12-05 10:15:07,76.03556771545827
2025-12-05 10:17:37,75.98358413132695
2025-12-05 10:20:07,75.93160054719563
2025-12-05 10:22:37,75.8796169630643
2025-12-05 10:25:07,75.82763337893297
2025-12-05 10:27:37,75.77564979480164
2025-12-05 10:30:07,75.72366621067032
2025-12-05 10:32:37,75.67168262653898
2025-12-05 10:35:07,75.61969904240766
2025-12-05 10:37:37,75.56771545827634
2025-12-05 10:40:07,75.515731874145
2025-12-05 10:42:37,75.46374829001368
2025-12-05 10:45:07,75.41176470588235
2025-12-05 10:47:37,75.35978112175103
2025-12-05 10:50:07,75.30779753761969
2025-12-05 10:52:37,75.25581395348837
2025-12-05 10:55:07,75.20383036935705
2025-12-05 10:57:37,75.15184678522571
2025-12-05 11:00:07,75.0998632010944
2025-12-05 11:02:37,75.04787961696306
2025-12-05 11:05:07,74.99589603283174
2025-12-05 11:07:37,74.94391244870042
2025-12-05 11:10:07,74.89192886456908
2025-12-05 11:12:37,74.83994528043776
2025-12-05 11:15:07,74.78796169630643
2025-12-05 11:17:37,74.7359781121751
2025-12-05 11:20:07,74.68399452804377
2025-12-05 11:22:37,74.63201094391245
2025-12-05 11:25:07,74.58002735978113
2025-12-05 11:27:37,74.52804377564979
2025-12-05 11:30:07,74.47606019151847
2025-12-05 11:32:37,74.42407660738714
2025-12-05 11:35:07,74.37209302325581
2025-12-05 11:37:37,74.32010943912448
2025-12-05 11:40:07,74.26812585499316
2025-12-05 11:42:37,74.21614227086184
2025-12-05 11:45:07,74.1641586867305
2025-12-05 11:47:37,74.11217510259918
2025-12-05 11:50:07,74.06019151846785
2025-12-05 11:52:37,74.00820793433653
2025-12-05 11:55:07,73.9562243502052
2025-12-05 11:57:37,73.90424076607387
2025-12-05 12:00:07,73.85225718194255
2025-12-05 12:02:37,73.80027359781121
2025-12-05 12:05:07,73.74829001367989
2025-12-05 12:07:37,73.69630642954856
2025-12-05 12:10:07,73.64432284541724
2025-12-05 12:12:37,73.59233926128591
2025-12-05 12:15:07,73.54035567715458
2025-12-05 12:17:37,73.48837209302326
2025-12-05 12:20:07,73.43638850889192
2025-12-05 12:22:37,73.3844049247606
2025-12-05 12:25:07,73.33242134062927
2025-12-05 12:27:37,73.28043775649795
2025-12-05 12:30:07,73.22845417236663
2025-12-05 12:32:37,73.17647058823529
2025-12-05 12:35:07,73.12448700410397
2025-12-05 12:37:37,73.07250341997263
2025-12-05 12:40:07,73.02051983584131
2025-12-05 12:42:37,72.96853625170999
2025-12-05 12:45:07,72.91655266757866
2025-12-05 12:47:37,72.86456908344734
2025-12-05 12:50:07,72.812585499316
2025-12-05 12:52:37,72.76060191518468
2025-12-05 12:55:07,72.70861833105334
2025-12-05 12:57:37,72.65663474692202
2025-12-05 13:00:07,72.6046511627907
2025-12-05 13:02:37,72.55266757865937
2025-12-05 13:05:07,72.50068399452805
2025-12-05 13:07:37,72.44870041039671
2025-12-05 13:10:07,72.39671682626539
2025-12-05 13:12:37,72.34473324213407
2025-12-05 13:15:07,72.29274965800273
2025-12-05 13:17:37,72.24076607387141
2025-12-05 13:20:07,72.18878248974008
2025-12-05 13:22:37,72.13679890560876
2025-12-05 13:25:07,72.08481532147742
2025-12-05 13:27:37,72.0328317373461
2025-12-05 13:30:07,71.98084815321478
2025-12-05 13:32:37,71.92886456908344
2025-12-05 13:35:07,71.87688098495212
2025-12-05 13:37:37,71.82489740082079
2025-12-05 13:40:07,71.77291381668947
2025-12-05 13:42:37,71.72093023255813
2025-12-05 13:45:07,71.66894664842681
2025-12-05 13:47:37,71.61696306429549
2025-12-05 13:50:07,71.56497948016415
2025-12-05 13:52:37,71.51299589603283
2025-12-05 13:55:07,71.4610123119015
2025-12-05 13:57:37,71.40902872777018
2025-12-05 14:00:07,71.35704514363886
2025-12-05 14:02:37,71.30506155950752
2025-12-05 14:05:07,71.2530779753762
2025-12-05 14:07:37,71.20109439124487
2025-12-05 14:10:07,71.14911080711354
2025-12-05 14:12:37,71.09712722298221
2025-12-05 14:15:07,71.04514363885089
2025-12-05 14:17:37,70.99316005471957
2025-12-05 14:20:07,70.94117647058823
2025-12-05 14:22:37,70.88919288645691
2025-12-05 14:25:07,70.83720930232558
2025-12-05 14:27:37,70.78522571819425
2025-12-05 14:30:07,70.73324213406292
2025-12-05 14:32:37,70.6812585499316
2025-12-05 14:35:07,70.62927496580028
2025-12-05 14:37:37,70.57729138166894
2025-12-05 14:40:07,70.52530779753762
2025-12-05 14:42:37,70.47332421340629
2025-12-05 14:45:07,70.42134062927497
2025-12-05 14:47:37,70.36935704514364
2025-12-05 14:50:07,70.31737346101231
2025-12-05 14:52:37,70.26538987688099
2025-12-05 14:55:07,70.21340629274965
2025-12-05 14:57:37,70.16142270861833
2025-12-05 15:00:07,70.109439124487
2025-12-05 15:02:37,70.05745554035568
2025-12-05 15:05:07,70.00547195622435
2025-12-05 15:07:37,69.95348837209302
2025-12-05 15:10:07,69.9015047879617
2025-12-05 15:12:37,69.84952120383036
2025-12-05 15:15:07,69.79753761969904
2025-12-05 15:17:37,69.74555403556772
2025-12-05 15:20:07,69.69357045143639
2025-12-05 15:22:37,69.64158686730507
2025-12-05 15:25:07,69.58960328317373
2025-12-05 15:27:37,69.53761969904241
2025-12-05 15:30:07,69.48563611491107
2025-12-05 15:32:37,69.43365253077975
2025-12-05 15:35:07,69.38166894664843
2025-12-05 15:37:37,69.3296853625171
2025-12-05 15:40:07,69.27770177838578
2025-12-05 15:42:37,69.22571819425444
2025-12-05 15:45:07,69.17373461012312
2025-12-05 15:47:37,69.12175102599178
2025-12-05 15:50:07,69.06976744186046
2025-12-05 15:52:37,69.01778385772914
2025-12-05 15:55:07,68.96580027359781
2025-12-05 15:57:37,68.91381668946649
2025-12-05 16:00:07,68.86183310533515
2025-12-05 16:02:37,68.80984952120383
2025-12-05 16:05:07,68.75786593707251
2025-12-05 16:07:37,68.70588235294117
2025-12-05 16:10:07,68.65389876880985
2025-12-05 16:12:37,68.60191518467852
2025-12-05 16:15:07,68.5499316005472
2025-12-05 16:17:37,68.49794801641586
2025-12-05 16:20:07,68.44596443228454
2025-12-05 16:22:37,68.39398084815322
2025-12-05 16:25:07,68.34199726402188
2025-12-05 16:27:37,68.29001367989056
2025-12-05 16:30:07,68.23803009575923
2025-12-05 16:32:37,68.18604651162791
2025-12-05 16:35:07,68.13406292749657
2025-12-05 16:37:37,68.08207934336525
2025-12-05 16:40:07,68.03009575923393
2025-12-05 16:42:37,67.9781121751026
2025-12-05 16:45:07,67.92612859097127
2025-12-05 16:47:37,67.87414500683994
2025-12-05 16:50:07,67.82216142270862
2025-12-05 16:52:37,67.7701778385773
2025-12-05 16:55:07,67.71819425444596
2025-12-05 16:57:37,67.66621067031464
2025-12-05 17:00:07,67.6142270861833
2025-12-05 17:02:37,67.56224350205198
2025-12-05 17:05:07,67.51025991792065
2025-12-05 17:07:37,67.45827633378933
2025-12-05 17:10:07,67.40629274965801
2025-12-05 17:12:37,67.35430916552667
2025-12-05 17:15:07,67.30232558139535
2025-12-05 17:17:37,67.25034199726402
2025-12-05 17:20:07,67.1983584131327
2025-12-05 17:22:37,67.14637482900137
2025-12-05 17:25:07,67.09439124487004
2025-12-05 17:27:37,67.04240766073872
2025-12-05 17:30:07,66.99042407660738
2025-12-05 17:32:37,66.93844049247606
2025-12-05 17:35:07,66.88645690834473
2025-12-05 17:37:37,66.8344733242134
2025-12-05 17:40:07,66.78248974008208
2025-12-05 17:42:37,66.73050615595075
2025-12-05 17:45:07,66.67852257181943
2025-12-05 17:47:37,66.6265389876881
2025-12-05 17:50:07,66.57455540355677
2025-12-05 17:52:37,66.52257181942544
2025-12-05 17:55:07,66.47058823529412
2025-12-05 17:57:37,66.4186046511628
2025-12-05 18:00:07,66.36662106703146
2025-12-05 18:02:37,66.31463748290014
2025-12-05 18:05:07,66.2626538987688
2025-12-05 18:07:37,66.21067031463748
2025-12-05 18:10:07,66.15868673050616
2025-12-05 18:12:37,66.10670314637483
2025-12-05 18:15:07,66.0547195622435
2025-12-05 18:17:37,66.00273597811217
2025-12-05 18:20:07,65.95075239398085
2025-12-05 18:22:37,65.89876880984951
2025-12-05 18:25:07,65.8467852257182
2025-12-05 18:27:37,65.79480164158687
2025-12-05 18:30:07,65.74281805745554
2025-12-05 18:32:37,65.69083447332422
2025-12-05 18:35:07,65.63885088919288
2025-12-05 18:37:37,65.58686730506156
2025-12-05 18:40:07,65.53488372093022
2025-12-05 18:42:37,65.4829001367989
2025-12-05 18:45:07,65.43091655266758
2025-12-05 18:47:37,65.37893296853625
2025-12-05 18:50:07,65.32694938440493
2025-12-05 18:52:37,65.27496580027359
2025-12-05 18:55:07,65.22298221614227
2025-12-05 18:57:37,65.17099863201095
2025-12-05 19:00:07,65.11901504787961
2025-12-05 19:02:37,65.0670314637483
2025-12-05 19:05:07,65.01504787961696
2025-12-05 19:07:37,64.96306429548564
2025-12-05 19:10:07,64.9110807113543
2025-12-05 19:12:37,64.85909712722298
2025-12-05 19:15:07,64.80711354309166
2025-12-05 19:17:37,64.75512995896032
2025-12-05 19:20:07,64.703146374829
2025-12-05 19:22:37,64.65116279069767
2025-12-05 19:25:07,64.59917920656635
2025-12-05 19:27:37,64.54719562243503
2025-12-05 19:30:07,64.49521203830369
2025-12-05 19:32:37,64.44322845417237
2025-12-05 19:35:07,64.39124487004104
2025-12-05 19:37:37,64.33926128590971
2025-12-05 19:40:07,64.28727770177838
2025-12-05 19:42:37,64.23529411764706
2025-12-05 19:45:07,64.18331053351574
2025-12-05 19:47:37,64.1313269493844
2025-12-05 19:50:07,64.07934336525308
2025-12-05 19:52:37,64.02735978112175
2025-12-05 19:55:07,63.975376196990425
2025-12-05 19:57:37,63.9233926128591
2025-12-05 20:00:07,63.87140902872777
2025-12-05 20:02:37,63.81942544459644
2025-12-05 20:05:07,63.76744186046511
2025-12-05 20:07:37,63.71545827633379
2025-12-05 20:10:07,63.66347469220246
2025-12-05 20:12:37,63.611491108071135
2025-12-05 20:15:07,63.55950752393981
2025-12-05 20:17:37,63.50752393980848
2025-12-05 20:20:07,63.45554035567715
2025-12-05 20:22:37,63.40355677154583
2025-12-05 20:25:07,63.3515731874145
2025-12-05 20:27:37,63.299589603283174
2025-12-05 20:30:07,63.247606019151846
2025-12-05 20:32:37,63.19562243502052
2025-12-05 20:35:07,63.14363885088919
2025-12-05 20:37:37,63.09165526675786
2025-12-05 20:40:07,63.03967168262654
2025-12-05 20:42:37,62.98768809849521
2025-12-05 20:45:07,62.935704514363884
2025-12-05 20:47:37,62.883720930232556
2025-12-05 20:50:07,62.83173734610123
2025-12-05 20:52:37,62.7797537619699
2025-12-05 20:55:07,62.72777017783858
2025-12-05 20:57:37,62.67578659370725
2025-12-05 21:00:07,62.62380300957592
2025-12-05 21:02:37,62.571819425444595
2025-12-05 21:05:07,62.51983584131327
2025-12-05 21:07:37,62.46785225718194
2025-12-05 21:10:07,62.41586867305062
2025-12-05 21:12:37,62.36388508891929
2025-12-05 21:15:07,62.31190150478796
2025-12-05 21:17:37,62.25991792065663
2025-12-05 21:20:07,62.207934336525305
2025-12-05 21:22:37,62.15595075239398
2025-12-05 21:25:07,62.103967168262656
2025-12-05 21:27:37,62.05198358413133
2025-12-05 21:30:07,62.0
2025-12-05 21:32:37,61.96992481203007
2025-12-05 21:35:07,61.93984962406015
2025-12-05 21:37:37,61.909774436090224
2025-12-05 21:40:07,61.8796992481203
2025-12-05 21:42:37,61.849624060150376
2025-12-05 21:45:07,61.81954887218045
2025-12-05 21:47:37,61.78947368421053
2025-12-05 21:50:07,61.7593984962406
2025-12-05 21:52:37,61.72932330827068
2025-12-05 21:55:07,61.69924812030075
2025-12-05 21:57:37,61.669172932330824
2025-12-05 22:00:07,61.6390977443609
2025-12-05 22:02:37,61.609022556390975
2025-12-05 22:05:07,61.578947368421055
2025-12-05 22:07:37,61.54887218045113
2025-12-05 22:10:07,61.5187969924812
2025-12-05 22:12:37,61.48872180451128
2025-12-05 22:15:07,61.45864661654135
2025-12-05 22:17:37,61.42857142857143
2025-12-05 22:20:07,61.3984962406015
2025-12-05 22:22:37,61.36842105263158
2025-12-05 22:25:07,61.338345864661655
2025-12-05 22:27:37,61.30827067669173
2025-12-05 22:30:07,61.278195488721806
2025-12-05 22:32:37,61.24812030075188
2025-12-05 22:35:07,61.21804511278196
2025-12-05 22:37:37,61.18796992481203
2025-12-05 22:40:07,61.1578947368421
2025-12-05 22:42:37,61.12781954887218
2025-12-05 22:45:07,61.097744360902254
2025-12-05 22:47:37,61.067669172932334
2025-12-05 22:50:07,61.037593984962406
2025-12-05 22:52:37,61.00751879699248
2025-12-05 22:55:07,60.97744360902256
2025-12-05 22:57:37,60.94736842105263
2025-12-05 23:00:07,60.91729323308271
2025-12-05 23:02:37,60.88721804511278
2025-12-05 23:05:07,60.857142857142854
2025-12-05 23:07:37,60.82706766917293
2025-12-05 23:10:07,60.796992481203006
2025-12-05 23:12:37,60.766917293233085
2025-12-05 23:15:07,60.73684210526316
2025-12-05 23:17:37,60.70676691729323
2025-12-05 23:20:07,60.67669172932331
2025-12-05 23:22:37,60.64661654135338
2025-12-05 23:25:07,60.61654135338346
2025-12-05 23:27:37,60.58646616541353
2025-12-05 23:30:07,60.556390977443606
2025-12-05 23:32:37,60.526315789473685
2025-12-05 23:35:07,60.49624060150376
2025-12-05 23:37:37,60.46616541353384
2025-12-05 23:40:07,60.43609022556391
2025-12-05 23:42:37,60.40601503759399
2025-12-05 23:45:07,60.37593984962406
2025-12-05 23:47:37,60.34586466165413
2025-12-05 23:50:07,60.31578947368421
2025-12-05 23:52:37,60.285714285714285
2025-12-05 23:55:07,60.255639097744364
2025-12-05 23:57:37,60.225563909774436
2025-12-06 00:00:07,60.19548872180451
2025-12-06 00:02:37,60.16541353383459
2025-12-06 00:05:07,60.13533834586466
2025-12-06 00:07:37,60.10526315789474
2025-12-06 00:10:07,60.07518796992481
2025-12-06 00:12:37,60.045112781954884
2025-12-06 00:15:07,60.015037593984964
2025-12-06 00:17:37,59.984962406015036
2025-12-06 00:20:07,59.954887218045116
2025-12-06 00:22:37,59.92481203007519
2025-12-06 00:25:07,59.89473684210526
2025-12-06 00:27:37,59.86466165413534
2025-12-06 00:30:07,59.83458646616541
2025-12-06 00:32:37,59.80451127819549
2025-12-06 00:35:07,59.774436090225564
2025-12-06 00:37:37,59.744360902255636
2025-12-06 00:40:07,59.714285714285715
2025-12-06 00:42:37,59.68421052631579
2025-12-06 00:45:07,59.65413533834587
2025-12-06 00:47:37,59.62406015037594
2025-12-06 00:50:07,59.59398496240601
2025-12-06 00:52:37,59.56390977443609
2025-12-06 00:55:07,59.53383458646616
2025-12-06 00:57:37,59.50375939849624
2025-12-06 01:00:07,59.473684210526315
2025-12-06 01:02:37,59.443609022556394
2025-12-06 01:05:07,59.41353383458647
2025-12-06 01:07:37,59.38345864661654
2025-12-06 01:10:07,59.35338345864662
2025-12-06 01:12:37,59.32330827067669
2025-12-06 01:15:07,59.29323308270677
2025-12-06 01:17:37,59.26315789473684
2025-12-06 01:20:07,59.233082706766915
2025-12-06 01:22:37,59.203007518796994
2025-12-06 01:25:07,59.17293233082707
2025-12-06 01:27:37,59.142857142857146
2025-12-06 01:30:07,59.11278195488722
2025-12-06 01:32:37,59.08270676691729
2025-12-06 01:35:07,59.05263157894737
2025-12-06 01:37:37,59.02255639097744
2025-12-06 01:40:07,58.99248120300752
2025-12-06 01:42:37,58.962406015037594
2025-12-06 01:45:07,58.932330827067666
2025-12-06 01:47:37,58.902255639097746
2025-12-06 01:50:07,58.87218045112782
2025-12-06 01:52:37,58.8421052631579
2025-12-06 01:55:07,58.81203007518797
2025-12-06 01:57:37,58.78195488721804
2025-12-06 02:00:07,58.75187969924812
2025-12-06 02:02:37,58.721804511278194
2025-12-06 02:05:07,58.69172932330827
2025-12-06 02:07:37,58.661654135338345
2025-12-06 02:10:07,58.63157894736842
2025-12-06 02:12:37,58.6015037593985
2025-12-06 02:15:07,58.57142857142857
2025-12-06 02:17:37,58.54135338345865
2025-12-06 02:20:07,58.51127819548872
2025-12-06 02:22:37,58.48120300751879
2025-12-06 02:25:07,58.45112781954887
2025-12-06 02:27:37,58.421052631578945
2025-12-06 02:30:07,58.390977443609025
2025-12-06 02:32:37,58.3609022556391
2025-12-06 02:35:07,58.330827067669176
2025-12-06 02:37:37,58.30075187969925
2025-12-06 02:40:07,58.27067669172932
2025-12-06 02:42:37,58.2406015037594
2025-12-06 02:45:07,58.21052631578947
2025-12-06 02:47:37,58.18045112781955
2025-12-06 02:50:07,58.150375939849624
2025-12-06 02:52:37,58.1203007518797
2025-12-06 02:55:07,58.090225563909776
2025-12-06 02:57:37,58.06015037593985
2025-12-06 03:00:07,58.03007518796993
2025-12-06 03:02:37,58.0
2025-12-06 03:05:07,57.96969696969697
2025-12-06 03:07:37,57.93939393939394
2025-12-06 03:10:07,57.90909090909091
2025-12-06 03:12:37,57.878787878787875
2025-12-06 03:15:07,57.84848484848485
2025-12-06 03:17:37,57.81818181818182
2025-12-06 03:20:07,57.78787878787879
2025-12-06 03:22:37,57.75757575757576
2025-12-06 03:25:07,57.72727272727273
2025-12-06 03:27:37,57.696969696969695
2025-12-06 03:30:07,57.666666666666664
2025-12-06 03:32:37,57.63636363636363
2025-12-06 03:35:07,57.60606060606061
2025-12-06 03:37:37,57.57575757575758
2025-12-06 03:40:07,57.54545454545455
2025-12-06 03:42:37,57.515151515151516
2025-12-06 03:45:07,57.484848484848484
2025-12-06 03:47:37,57.45454545454545
2025-12-06 03:50:07,57.42424242424242
2025-12-06 03:52:37,57.39393939393939
2025-12-06 03:55:07,57.36363636363637
2025-12-06 03:57:37,57.333333333333336
2025-12-06 04:00:07,57.303030303030305
2025-12-06 04:02:37,57.27272727272727
2025-12-06 04:05:07,57.24242424242424
2025-12-06 04:07:37,57.21212121212121
2025-12-06 04:10:07,57.18181818181818
2025-12-06 04:12:37,57.15151515151515
2025-12-06 04:15:07,57.121212121212125
2025-12-06 04:17:37,57.09090909090909
2025-12-06 04:20:07,57.06060606060606
2025-12-06 04:22:37,57.03030303030303
2025-12-06 04:25:07,57.0
2025-12-06 04:27:37,56.89565217391304
2025-12-06 04:30:07,56.791304347826085
2025-12-06 04:32:37,56.68695652173913
2025-12-06 04:35:07,56.582608695652176
2025-12-06 04:37:37,56.47826086956522
2025-12-06 04:40:07,56.37391304347826
2025-12-06 04:42:37,56.2695652173913
2025-12-06 04:45:07,56.165217391304346
2025-12-06 04:47:37,56.06086956521739
2025-12-06 04:50:07,55.95652173913044
2025-12-06 04:52:37,55.85217391304348
2025-12-06 04:55:07,55.74782608695652
2025-12-06 04:57:37,55.643478260869564
2025-12-06 05:00:07,55.53913043478261
2025-12-06 05:02:37,55.43478260869565
2025-12-06 05:05:07,55.3304347826087
2025-12-06 05:07:37,55.22608695652174
2025-12-06 05:10:07,55.12173913043478
2025-12-06 05:12:37,55.017391304347825
2025-12-06 05:15:07,54.91304347826087
2025-12-06 05:17:37,54.80869565217391
2025-12-06 05:20:07,54.70434782608696
2025-12-06 05:22:37,54.6
2025-12-06 05:25:07,54.495652173913044
2025-12-06 05:27:37,54.391304347826086
2025-12-06 05:30:07,54.28695652173913
2025-12-06 05:32:37,54.18260869565217
2025-12-06 05:35:07,54.07826086956522
2025-12-06 05:37:37,53.97391304347826
2025-12-06 05:40:07,53.869565217391305
2025-12-06 05:42:37,53.76521739130435
2025-12-06 05:45:07,53.66086956521739
2025-12-06 05:47:37,53.55652173913043
2025-12-06 05:50:07,53.45217391304348
2025-12-06 05:52:37,53.34782608695652
2025-12-06 05:55:07,53.243478260869566
2025-12-06 05:57:37,53.13913043478261
2025-12-06 06:00:07,53.03478260869565
2025-12-06 06:02:37,52.93043478260869
2025-12-06 06:05:07,52.82608695652174
2025-12-06 06:07:37,52.721739130434784
2025-12-06 06:10:07,52.61739130434783
2025-12-06 06:12:37,52.51304347826087
2025-12-06 06:15:07,52.40869565217391
2025-12-06 06:17:37,52.30434782608695
2025-12-06 06:20:07,52.2
2025-12-06 06:22:37,52.095652173913045
2025-12-06 06:25:07,51.99130434782609
2025-12-06 06:27:37,51.88695652173913
2025-12-06 06:30:07,51.78260869565217
2025-12-06 06:32:37,51.678260869565214
2025-12-06 06:35:07,51.573913043478264
2025-12-06 06:37:37,51.469565217391306
2025-12-06 06:40:07,51.36521739130435
2025-12-06 06:42:37,51.26086956521739
2025-12-06 06:45:07,51.15652173913043
2025-12-06 06:47:37,51.052173913043475
2025-12-06 06:50:07,50.947826086956525
2025-12-06 06:52:37,50.84347826086957
2025-12-06 06:55:07,50.73913043478261
2025-12-06 06:57:37,50.63478260869565
2025-12-06 07:00:07,50.530434782608694
2025-12-06 07:02:37,50.426086956521736
2025-12-06 07:05:07,50.321739130434786
2025-12-06 07:07:37,50.21739130434783
2025-12-06 07:10:07,50.11304347826087
2025-12-06 07:12:37,50.00869565217391
2025-12-06 07:15:07,49.904347826086955
2025-12-06 07:17:37,49.8
2025-12-06 07:20:07,49.69565217391305
2025-12-06 07:22:37,49.59130434782609
2025-12-06 07:25:07,49.48695652173913
2025-12-06 07:27:37,49.38260869565217
2025-12-06 07:30:07,49.278260869565216
2025-12-06 07:32:37,49.17391304347826
2025-12-06 07:35:07,49.06956521739131
2025-12-06 07:37:37,48.96521739130435
2025-12-06 07:40:07,48.86086956521739
2025-12-06 07:42:37,48.756521739130434
2025-12-06 07:45:07,48.65217391304348
2025-12-06 07:47:37,48.54782608695652
2025-12-06 07:50:07,48.44347826086957
2025-12-06 07:52:37,48.33913043478261
2025-12-06 07:55:07,48.23478260869565
2025-12-06 07:57:37,48.130434782608695
2025-12-06 08:00:07,48.02608695652174
2025-12-06 08:02:37,47.92173913043478
2025-12-06 08:05:07,47.81739130434783
2025-12-06 08:07:37,47.71304347826087
2025-12-06 08:10:07,47.608695652173914
2025-12-06 08:12:37,47.504347826086956
2025-12-06 08:15:07,47.4
2025-12-06 08:17:37,47.29565217391304
2025-12-06 08:20:07,47.19130434782609
2025-12-06 08:22:37,47.08695652173913
2025-12-06 08:25:07,46.982608695652175
2025-12-06 08:27:37,46.87826086956522
2025-12-06 08:30:07,46.77391304347826
2025-12-06 08:32:37,46.6695652173913
2025-12-06 08:35:07,46.565217391304344
2025-12-06 08:37:37,46.46086956521739
2025-12-06 08:40:07,46.356521739130436
2025-12-06 08:42:37,46.25217391304348
2025-12-06 08:45:07,46.14782608695652
2025-12-06 08:47:37,46.04347826086956
2025-12-06 08:50:07,45.939130434782605
2025-12-06 08:52:37,45.834782608695654
2025-12-06 08:55:07,45.7304347826087
2025-12-06 08:57:37,45.62608695652174
2025-12-06 09:00:07,45.52173913043478
2025-12-06 09:02:37,45.417391304347824
2025-12-06 09:05:07,45.313043478260866
2025-12-06 09:07:37,45.208695652173915
2025-12-06 09:10:07,45.10434782608696
2025-12-06 09:12:37,45.0
2025-12-06 09:15:07,45.097972972972975
2025-12-06 09:17:37,45.195945945945944
2025-12-06 09:20:07,45.29391891891892
2025-12-06 09:22:37,45.391891891891895
2025-12-06 09:25:07,45.48986486486486
2025-12-06 09:27:37,45.58783783783784
2025-12-06 09:30:07,45.685810810810814
2025-12-06 09:32:37,45.78378378378378
2025-12-06 09:35:07,45.88175675675676
2025-12-06 09:37:37,45.979729729729726
2025-12-06 09:40:07,46.0777027027027
2025-12-06 09:42:37,46.17567567567568
2025-12-06 09:45:07,46.273648648648646
2025-12-06 09:47:37,46.37162162162162
2025-12-06 09:50:07,46.4695945945946
2025-12-06 09:52:37,46.567567567567565
2025-12-06 09:55:07,46.66554054054054
2025-12-06 09:57:37,46.763513513513516
2025-12-06 10:00:07,46.861486486486484
2025-12-06 10:02:37,46.95945945945946
2025-12-06 10:05:07,47.057432432432435
2025-12-06 10:07:37,47.1554054054054
2025-12-06 10:10:07,47.25337837837838
2025-12-06 10:12:37,47.351351351351354
2025-12-06 10:15:07,47.44932432432432
2025-12-06 10:17:37,47.5472972972973
2025-12-06 10:20:07,47.64527027027027
2025-12-06 10:22:37,47.74324324324324
2025-12-06 10:25:07,47.84121621621622
2025-12-06 10:27:37,47.939189189189186
2025-12-06 10:30:07,48.03716216216216
2025-12-06 10:32:37,48.13513513513514
2025-12-06 10:35:07,48.233108108108105
2025-12-06 10:37:37,48.33108108108108
2025-12-06 10:40:07,48.429054054054056
2025-12-06 10:42:37,48.527027027027025
2025-12-06 10:45:07,48.625
2025-12-06 10:47:37,48.722972972972975
2025-12-06 10:50:07,48.820945945945944
2025-12-06 10:52:37,48.91891891891892
2025-12-06 10:55:07,49.016891891891895
2025-12-06 10:57:37,49.11486486486486
2025-12-06 11:00:07,49.21283783783784
2025-12-06 11:02:37,49.310810810810814
2025-12-06 11:05:07,49.40878378378378
2025-12-06 11:07:37,49.50675675675676
2025-12-06 11:10:07,49.604729729729726
2025-12-06 11:12:37,49.7027027027027
2025-12-06 11:15:07,49.80067567567568
2025-12-06 11:17:37,49.898648648648646
2025-12-06 11:20:07,49.99662162162162
2025-12-06 11:22:37,50.0945945945946
2025-12-06 11:25:07,50.192567567567565
2025-12-06 11:27:37,50.29054054054054
2025-12-06 11:30:07,50.388513513513516
2025-12-06 11:32:37,50.486486486486484
2025-12-06 11:35:07,50.58445945945946
2025-12-06 11:37:37,50.682432432432435
2025-12-06 11:40:07,50.7804054054054
2025-12-06 11:42:37,50.87837837837838
2025-12-06 11:45:07,50.976351351351354
2025-12-06 11:47:37,51.07432432432432
2025-12-06 11:50:07,51.1722972972973
2025-12-06 11:52:37,51.27027027027027
2025-12-06 11:55:07,51.36824324324324
2025-12-06 11:57:37,51.46621621621622
2025-12-06 12:00:07,51.564189189189186
2025-12-06 12:02:37,51.66216216216216
2025-12-06 12:05:07,51.76013513513514
2025-12-06 12:07:37,51.858108108108105
2025-12-06 12:10:07,51.95608108108108
2025-12-06 12:12:37,52.054054054054056
2025-12-06 12:15:07,52.152027027027025
2025-12-06 12:17:37,52.25
2025-12-06 12:20:07,52.347972972972975
2025-12-06 12:22:37,52.445945945945944
2025-12-06 12:25:07,52.54391891891892
2025-12-06 12:27:37,52.641891891891895
2025-12-06 12:30:07,52.73986486486486
2025-12-06 12:32:37,52.83783783783784
2025-12-06 12:35:07,52.93581081081081
2025-12-06 12:37:37,53.03378378378378
2025-12-06 12:40:07,53.13175675675676
2025-12-06 12:42:37,53.229729729729726
2025-12-06 12:45:07,53.3277027027027
2025-12-06 12:47:37,53.42567567567568
2025-12-06 12:50:07,53.523648648648646
2025-12-06 12:52:37,53.62162162162162
2025-12-06 12:55:07,53.7195945945946
2025-12-06 12:57:37,53.817567567567565
2025-12-06 13:00:07,53.91554054054054
2025-12-06 13:02:37,54.013513513513516
2025-12-06 13:05:07,54.111486486486484
2025-12-06 13:07:37,54.20945945945946
2025-12-06 13:10:07,54.307432432432435
2025-12-06 13:12:37,54.4054054054054
2025-12-06 13:15:07,54.50337837837838
2025-12-06 13:17:37,54.601351351351354
2025-12-06 13:20:07,54.69932432432432
2025-12-06 13:22:37,54.7972972972973
2025-12-06 13:25:07,54.89527027027027
2025-12-06 13:27:37,54.99324324324324
2025-12-06 13:30:07,55.09121621621622
2025-12-06 13:32:37,55.189189189189186
2025-12-06 13:35:07,55.28716216216216
2025-12-06 13:37:37,55.38513513513514
2025-12-06 13:40:07,55.483108108108105
2025-12-06 13:42:37,55.58108108108108
2025-12-06 13:45:07,55.679054054054056
2025-12-06 13:47:37,55.777027027027025
2025-12-06 13:50:07,55.875
2025-12-06 13:52:37,55.972972972972975
2025-12-06 13:55:07,56.070945945945944
2025-12-06 13:57:37,56.16891891891892
2025-12-06 14:00:07,56.266891891891895
2025-12-06 14:02:37,56.36486486486486
2025-12-06 14:05:07,56.46283783783784
2025-12-06 14:07:37,56.56081081081081
2025-12-06 14:10:07,56.65878378378378
2025-12-06 14:12:37,56.75675675675676
2025-12-06 14:15:07,56.854729729729726
2025-12-06 14:17:37,56.9527027027027
2025-12-06 14:20:07,57.05067567567568
2025-12-06 14:22:37,57.148648648648646
2025-12-06 14:25:07,57.24662162162162
2025-12-06 14:27:37,57.3445945945946
2025-12-06 14:30:07,57.442567567567565
2025-12-06 14:32:37,57.54054054054054
2025-12-06 14:35:07,57.638513513513516
2025-12-06 14:37:37,57.736486486486484
2025-12-06 14:40:07,57.83445945945946
2025-12-06 14:42:37,57.932432432432435
2025-12-06 14:45:07,58.0304054054054
2025-12-06 14:47:37,58.12837837837838
2025-12-06 14:50:07,58.22635135135135
2025-12-06 14:52:37,58.32432432432432
2025-12-06 14:55:07,58.4222972972973
2025-12-06 14:57:37,58.52027027027027
2025-12-06 15:00:07,58.61824324324324
2025-12-06 15:02:37,58.71621621621622
2025-12-06 15:05:07,58.814189189189186
2025-12-06 15:07:37,58.91216216216216
2025-12-06 15:10:07,59.01013513513514
2025-12-06 15:12:37,59.108108108108105
2025-12-06 15:15:07,59.20608108108108
2025-12-06 15:17:37,59.304054054054056
2025-12-06 15:20:07,59.402027027027025
2025-12-06 15:22:37,59.5
2025-12-06 15:25:07,59.597972972972975
2025-12-06 15:27:37,59.695945945945944
2025-12-06 15:30:07,59.79391891891892
2025-12-06 15:32:37,59.89189189189189
2025-12-06 15:35:07,59.98986486486486
2025-12-06 15:37:37,60.08783783783784
2025-12-06 15:40:07,60.18581081081081
2025-12-06 15:42:37,60.28378378378378
2025-12-06 15:45:07,60.38175675675676
2025-12-06 15:47:37,60.479729729729726
2025-12-06 15:50:07,60.5777027027027
2025-12-06 15:52:37,60.67567567567568
2025-12-06 15:55:07,60.773648648648646
2025-12-06 15:57:37,60.87162162162162
2025-12-06 16:00:07,60.9695945945946
2025-12-06 16:02:37,61.067567567567565
2025-12-06 16:05:07,61.16554054054054
2025-12-06 16:07:37,61.263513513513516
2025-12-06 16:10:07,61.361486486486484
2025-12-06 16:12:37,61.45945945945946
2025-12-06 16:15:07,61.557432432432435
2025-12-06 16:17:37,61.6554054054054
2025-12-06 16:20:07,61.75337837837838
2025-12-06 16:22:37,61.85135135135135
2025-12-06 16:25:07,61.94932432432432
2025-12-06 16:27:37,62.0472972972973
2025-12-06 16:30:07,62.14527027027027
2025-12-06 16:32:37,62.24324324324324
2025-12-06 16:35:07,62.34121621621622
2025-12-06 16:37:37,62.439189189189186
2025-12-06 16:40:07,62.53716216216216
2025-12-06 16:42:37,62.63513513513514
2025-12-06 16:45:07,62.733108108108105
2025-12-06 16:47:37,62.83108108108108
2025-12-06 16:50:07,62.929054054054056
2025-12-06 16:52:37,63.027027027027025
2025-12-06 16:55:07,63.125
2025-12-06 16:57:37,63.222972972972975
2025-12-06 17:00:07,63.320945945945944
2025-12-06 17:02:37,63.41891891891892
2025-12-06 17:05:07,63.51689189189189
2025-12-06 17:07:37,63.61486486486486
2025-12-06 17:10:07,63.71283783783784
2025-12-06 17:12:37,63.81081081081081
2025-12-06 17:15:07,63.90878378378378
2025-12-06 17:17:37,64.00675675675676
2025-12-06 17:20:07,64.10472972972973
2025-12-06 17:22:37,64.20270270270271
2025-12-06 17:25:07,64.30067567567568
2025-12-06 17:27:37,64.39864864864865
2025-12-06 17:30:07,64.49662162162161
2025-12-06 17:32:37,64.5945945945946
2025-12-06 17:35:07,64.69256756756756
2025-12-06 17:37:37,64.79054054054053
2025-12-06 17:40:07,64.88851351351352
2025-12-06 17:42:37,64.98648648648648
2025-12-06 17:45:07,65.08445945945945
2025-12-06 17:47:37,65.18243243243244
2025-12-06 17:50:07,65.2804054054054
2025-12-06 17:52:37,65.37837837837837
2025-12-06 17:55:07,65.47635135135135
2025-12-06 17:57:37,65.57432432432432
2025-12-06 18:00:07,65.67229729729729
2025-12-06 18:02:37,65.77027027027027
2025-12-06 18:05:07,65.86824324324324
2025-12-06 18:07:37,65.96621621621621
2025-12-06 18:10:07,66.0641891891892
2025-12-06 18:12:37,66.16216216216216
2025-12-06 18:15:07,66.26013513513513
2025-12-06 18:17:37,66.35810810810811
2025-12-06 18:20:07,66.45608108108108
2025-12-06 18:22:37,66.55405405405405
2025-12-06 18:25:07,66.65202702702703
2025-12-06 18:27:37,66.75
2025-12-06 18:30:07,66.84797297297297
2025-12-06 18:32:37,66.94594594594595
2025-12-06 18:35:07,67.04391891891892
2025-12-06 18:37:37,67.14189189189189
2025-12-06 18:40:07,67.23986486486487
2025-12-06 18:42:37,67.33783783783784
2025-12-06 18:45:07,67.4358108108108
2025-12-06 18:47:37,67.53378378378379
2025-12-06 18:50:07,67.63175675675676
2025-12-06 18:52:37,67.72972972972973
2025-12-06 18:55:07,67.8277027027027
2025-12-06 18:57:37,67.92567567567568
2025-12-06 19:00:07,68.02364864864865
2025-12-06 19:02:37,68.12162162162161
2025-12-06 19:05:07,68.2195945945946
2025-12-06 19:07:37,68.31756756756756
2025-12-06 19:10:07,68.41554054054053
2025-12-06 19:12:37,68.51351351351352
2025-12-06 19:15:07,68.61148648648648
2025-12-06 19:17:37,68.70945945945945
2025-12-06 19:20:07,68.80743243243244
2025-12-06 19:22:37,68.9054054054054
2025-12-06 19:25:07,69.00337837837837
2025-12-06 19:27:37,69.10135135135135
2025-12-06 19:30:07,69.19932432432432
2025-12-06 19:32:37,69.29729729729729
2025-12-06 19:35:07,69.39527027027027
2025-12-06 19:37:37,69.49324324324324
2025-12-06 19:40:07,69.59121621621621
2025-12-06 19:42:37,69.6891891891892
2025-12-06 19:45:07,69.78716216216216
2025-12-06 19:47:37,69.88513513513513
2025-12-06 19:50:07,69.98310810810811
2025-12-06 19:52:37,70.08108108108108
2025-12-06 19:55:07,70.17905405405405
2025-12-06 19:57:37,70.27702702702703
2025-12-06 20:00:07,70.375
2025-12-06 20:02:37,70.47297297297297
2025-12-06 20:05:07,70.57094594594595
2025-12-06 20:07:37,70.66891891891892
2025-12-06 20:10:07,70.76689189189189
2025-12-06 20:12:37,70.86486486486487
2025-12-06 20:15:07,70.96283783783784
2025-12-06 20:17:37,71.0608108108108
2025-12-06 20:20:07,71.15878378378379
2025-12-06 20:22:37,71.25675675675676
2025-12-06 20:25:07,71.35472972972973
2025-12-06 20:27:37,71.4527027027027
2025-12-06 20:30:07,71.55067567567568
2025-12-06 20:32:37,71.64864864864865
2025-12-06 20:35:07,71.74662162162161
2025-12-06 20:37:37,71.8445945945946
2025-12-06 20:40:07,71.94256756756756
2025-12-06 20:42:37,72.04054054054053
2025-12-06 20:45:07,72.13851351351352
2025-12-06 20:47:37,72.23648648648648
2025-12-06 20:50:07,72.33445945945945
2025-12-06 20:52:37,72.43243243243244
2025-12-06 20:55:07,72.5304054054054
2025-12-06 20:57:37,72.62837837837837
2025-12-06 21:00:07,72.72635135135135
2025-12-06 21:02:37,72.82432432432432
2025-12-06 21:05:07,72.92229729729729
2025-12-06 21:07:37,73.02027027027027
2025-12-06 21:10:07,73.11824324324324
2025-12-06 21:12:37,73.21621621621621
2025-12-06 21:15:07,73.3141891891892
2025-12-06 21:17:37,73.41216216216216
2025-12-06 21:20:07,73.51013513513513
2025-12-06 21:22:37,73.60810810810811
2025-12-06 21:25:07,73.70608108108108
2025-12-06 21:27:37,73.80405405405405
2025-12-06 21:30:07,73.90202702702703
2025-12-06 21:32:37,74.0
2025-12-06 21:35:07,74.06006006006007
2025-12-06 21:37:37,74.12012012012012
2025-12-06 21:40:07,74.18018018018019
2025-12-06 21:42:37,74.24024024024024
2025-12-06 21:45:07,74.30030030030031
2025-12-06 21:47:37,74.36036036036036
2025-12-06 21:50:07,74.42042042042043
2025-12-06 21:52:37,74.48048048048048
2025-12-06 21:55:07,74.54054054054055
2025-12-06 21:57:37,74.6006006006006
2025-12-06 22:00:07,74.66066066066067
2025-12-06 22:02:37,74.72072072072072
2025-12-06 22:05:07,74.78078078078079
2025-12-06 22:07:37,74.84084084084084
2025-12-06 22:10:07,74.90090090090091
2025-12-06 22:12:37,74.96096096096096
2025-12-06 22:15:07,75.02102102102103
2025-12-06 22:17:37,75.08108108108108
2025-12-06 22:20:07,75.14114114114115
2025-12-06 22:22:37,75.2012012012012
2025-12-06 22:25:07,75.26126126126127
2025-12-06 22:27:37,75.32132132132132
2025-12-06 22:30:07,75.38138138138139
2025-12-06 22:32:37,75.44144144144144
2025-12-06 22:35:07,75.50150150150151
2025-12-06 22:37:37,75.56156156156156
2025-12-06 22:40:07,75.62162162162163
2025-12-06 22:42:37,75.68168168168168
2025-12-06 22:45:07,75.74174174174175
2025-12-06 22:47:37,75.8018018018018
2025-12-06 22:50:07,75.86186186186187
2025-12-06 22:52:37,75.92192192192192
2025-12-06 22:55:07,75.98198198198199
2025-12-06 22:57:37,76.04204204204204
2025-12-06 23:00:07,76.10210210210211
2025-12-06 23:02:37,76.16216216216216
2025-12-06 23:05:07,76.22222222222223
2025-12-06 23:07:37,76.28228228228228
2025-12-06 23:10:07,76.34234234234235
2025-12-06 23:12:37,76.4024024024024
2025-12-06 23:15:07,76.46246246246247
2025-12-06 23:17:37,76.52252252252252
2025-12-06 23:20:07,76.58258258258259
2025-12-06 23:22:37,76.64264264264264
2025-12-06 23:25:07,76.70270270270271
2025-12-06 23:27:37,76.76276276276276
2025-12-06 23:30:07,76.82282282282283
2025-12-06 23:32:37,76.88288288288288
2025-12-06 23:35:07,76.94294294294295
2025-12-06 23:37:37,77.003003003003
2025-12-06 23:40:07,77.06306306306307
2025-12-06 23:42:37,77.12312312312312
2025-12-06 23:45:07,77.18318318318319
2025-12-06 23:47:37,77.24324324324324
2025-12-06 23:50:07,77.30330330330331
2025-12-06 23:52:37,77.36336336336336
2025-12-06 23:55:07,77.42342342342343
2025-12-06 23:57:37,77.48348348348348
2025-12-07 00:00:07,77.54354354354355
2025-12-07 00:02:37,77.6036036036036
2025-12-07 00:05:07,77.66366366366367
2025-12-07 00:07:37,77.72372372372372
2025-12-07 00:10:07,77.78378378378379
2025-12-07 00:12:37,77.84384384384384
2025-12-07 00:15:07,77.90390390390391
2025-12-07 00:17:37,77.96396396396396
2025-12-07 00:20:07,78.02402402402403
2025-12-07 00:22:37,78.08408408408408
2025-12-07 00:25:07,78.14414414414415
2025-12-07 00:27:37,78.2042042042042
2025-12-07 00:30:07,78.26426426426427
2025-12-07 00:32:37,78.32432432432432
2025-12-07 00:35:07,78.38438438438439
2025-12-07 00:37:37,78.44444444444444
2025-12-07 00:40:07,78.50450450450451
2025-12-07 00:42:37,78.56456456456456
2025-12-07 00:45:07,78.62462462462463
2025-12-07 00:47:37,78.68468468468468
2025-12-07 00:50:07,78.74474474474475
2025-12-07 00:52:37,78.8048048048048
2025-12-07 00:55:07,78.86486486486487
2025-12-07 00:57:37,78.92492492492492
2025-12-07 01:00:07,78.98498498498499
2025-12-07 01:02:37,79.04504504504504
2025-12-07 01:05:07,79.10510510510511
2025-12-07 01:07:37,79.16516516516516
2025-12-07 01:10:07,79.22522522522523
2025-12-07 01:12:37,79.28528528528528
2025-12-07 01:15:07,79.34534534534535
2025-12-07 01:17:37,79.4054054054054
2025-12-07 01:20:07,79.46546546546547
2025-12-07 01:22:37,79.52552552552552
2025-12-07 01:25:07,79.58558558558559
2025-12-07 01:27:37,79.64564564564564
2025-12-07 01:30:07,79.70570570570571
2025-12-07 01:32:37,79.76576576576576
2025-12-07 01:35:07,79.82582582582583
2025-12-07 01:37:37,79.88588588588588
2025-12-07 01:40:07,79.94594594594595
2025-12-07 01:42:37,80.006006006006
2025-12-07 01:45:07,80.06606606606607
2025-12-07 01:47:37,80.12612612612612
2025-12-07 01:50:07,80.18618618618619
2025-12-07 01:52:37,80.24624624624624
2025-12-07 01:55:07,80.30630630630631
2025-12-07 01:57:37,80.36636636636636
2025-12-07 02:00:07,80.42642642642643
2025-12-07 02:02:37,80.48648648648648
2025-12-07 02:05:07,80.54654654654655
2025-12-07 02:07:37,80.6066066066066
2025-12-07 02:10:07,80.66666666666667
2025-12-07 02:12:37,80.72672672672672
2025-12-07 02:15:07,80.78678678678679
2025-12-07 02:17:37,80.84684684684684
2025-12-07 02:20:07,80.90690690690691
2025-12-07 02:22:37,80.96696696696696
2025-12-07 02:25:07,81.02702702702703
2025-12-07 02:27:37,81.08708708708708
2025-12-07 02:30:07,81.14714714714715
2025-12-07 02:32:37,81.2072072072072
2025-12-07 02:35:07,81.26726726726727
2025-12-07 02:37:37,81.32732732732732
2025-12-07 02:40:07,81.38738738738739
2025-12-07 02:42:37,81.44744744744744
2025-12-07 02:45:07,81.50750750750751
2025-12-07 02:47:37,81.56756756756756
2025-12-07 02:50:07,81.62762762762763
2025-12-07 02:52:37,81.68768768768768
2025-12-07 02:55:07,81.74774774774775
2025-12-07 02:57:37,81.8078078078078
2025-12-07 03:00:07,81.86786786786787
2025-12-07 03:02:37,81.92792792792793
2025-12-07 03:05:07,81.98798798798799
2025-12-07 03:07:37,82.04804804804805
2025-12-07 03:10:07,82.10810810810811
2025-12-07 03:12:37,82.16816816816817
2025-12-07 03:15:07,82.22822822822823
2025-12-07 03:17:37,82.28828828828829
2025-12-07 03:20:07,82.34834834834835
2025-12-07 03:22:37,82.4084084084084
2025-12-07 03:25:07,82.46846846846847
2025-12-07 03:27:37,82.52852852852853
2025-12-07 03:30:07,82.58858858858859
2025-12-07 03:32:37,82.64864864864865
2025-12-07 03:35:07,82.70870870870871
2025-12-07 03:37:37,82.76876876876877
2025-12-07 03:40:07,82.82882882882883
2025-12-07 03:42:37,82.88888888888889
2025-12-07 03:45:07,82.94894894894895
2025-12-07 03:47:37,83.009009009009
2025-12-07 03:50:07,83.06906906906907
2025-12-07 03:52:37,83.12912912912913
2025-12-07 03:55:07,83.1891891891892
2025-12-07 03:57:37,83.24924924924925
2025-12-07 04:00:07,83.30930930930931
2025-12-07 04:02:37,83.36936936936937
2025-12-07 04:05:07,83.42942942942943
2025-12-07 04:07:37,83.48948948948949
2025-12-07 04:10:07,83.54954954954955
2025-12-07 04:12:37,83.6096096096096
2025-12-07 04:15:07,83.66966966966967
2025-12-07 04:17:37,83.72972972972973
2025-12-07 04:20:07,83.7897897897898
2025-12-07 04:22:37,83.84984984984985
2025-12-07 04:25:07,83.90990990990991
2025-12-07 04:27:37,83.96996996996997
2025-12-07 04:30:07,84.03003003003003
2025-12-07 04:32:37,84.09009009009009
2025-12-07 04:35:07,84.15015015015015
2025-12-07 04:37:37,84.2102102102102
2025-12-07 04:40:07,84.27027027027027
2025-12-07 04:42:37,84.33033033033033
2025-12-07 04:45:07,84.3903903903904
2025-12-07 04:47:37,84.45045045045045
2025-12-07 04:50:07,84.51051051051051
2025-12-07 04:52:37,84.57057057057057
2025-12-07 04:55:07,84.63063063063063
2025-12-07 04:57:37,84.69069069069069
2025-12-07 05:00:07,84.75075075075075
2025-12-07 05:02:37,84.8108108108108
2025-12-07 05:05:07,84.87087087087087
2025-12-07 05:07:37,84.93093093093093
2025-12-07 05:10:07,84.990990990991
2025-12-07 05:12:37,85.05105105105105
2025-12-07 05:15:07,85.11111111111111
2025-12-07 05:17:37,85.17117117117117
2025-12-07 05:20:07,85.23123123123123
2025-12-07 05:22:37,85.29129129129129
2025-12-07 05:25:07,85.35135135135135
2025-12-07 05:27:37,85.41141141141141
2025-12-07 05:30:07,85.47147147147147
2025-12-07 05:32:37,85.53153153153153
2025-12-07 05:35:07,85.5915915915916
2025-12-07 05:37:37,85.65165165165165
2025-12-07 05:40:07,85.71171171171171
2025-12-07 05:42:37,85.77177177177177
2025-12-07 05:45:07,85.83183183183183
2025-12-07 05:47:37,85.89189189189189
2025-12-07 05:50:07,85.95195195195195
2025-12-07 05:52:37,86.01201201201201
2025-12-07 05:55:07,86.07207207207207
2025-12-07 05:57:37,86.13213213213213
2025-12-07 06:00:07,86.1921921921922
2025-12-07 06:02:37,86.25225225225225
2025-12-07 06:05:07,86.31231231231232
2025-12-07 06:07:37,86.37237237237237
2025-12-07 06:10:07,86.43243243243244
2025-12-07 06:12:37,86.49249249249249
2025-12-07 06:15:07,86.55255255255256
2025-12-07 06:17:37,86.61261261261261
2025-12-07 06:20:07,86.67267267267268
2025-12-07 06:22:37,86.73273273273273
2025-12-07 06:25:07,86.7927927927928
2025-12-07 06:27:37,86.85285285285285
2025-12-07 06:30:07,86.91291291291292
2025-12-07 06:32:37,86.97297297297297
2025-12-07 06:35:07,87.03303303303304
2025-12-07 06:37:37,87.09309309309309
2025-12-07 06:40:07,87.15315315315316
2025-12-07 06:42:37,87.21321321321321
2025-12-07 06:45:07,87.27327327327328
2025-12-07 06:47:37,87.33333333333333
2025-12-07 06:50:07,87.3933933933934
2025-12-07 06:52:37,87.45345345345345
2025-12-07 06:55:07,87.51351351351352
2025-12-07 06:57:37,87.57357357357357
2025-12-07 07:00:07,87.63363363363364
2025-12-07 07:02:37,87.69369369369369
2025-12-07 07:05:07,87.75375375375376
2025-12-07 07:07:37,87.81381381381381
2025-12-07 07:10:07,87.87387387387388
2025-12-07 07:12:37,87.93393393393393
2025-12-07 07:15:07,87.993993993994
2025-12-07 07:17:37,88.05405405405405
2025-12-07 07:20:07,88.11411411411412
2025-12-07 07:22:37,88.17417417417417
2025-12-07 07:25:07,88.23423423423424
2025-12-07 07:27:37,88.29429429429429
2025-12-07 07:30:07,88.35435435435436
2025-12-07 07:32:37,88.41441441441441
2025-12-07 07:35:07,88.47447447447448
2025-12-07 07:37:37,88.53453453453453
2025-12-07 07:40:07,88.5945945945946
2025-12-07 07:42:37,88.65465465465465
2025-12-07 07:45:07,88.71471471471472
2025-12-07 07:47:37,88.77477477477477
2025-12-07 07:50:07,88.83483483483484
2025-12-07 07:52:37,88.89489489489489
2025-12-07 07:55:07,88.95495495495496
2025-12-07 07:57:37,89.01501501501501
2025-12-07 08:00:07,89.07507507507508
2025-12-07 08:02:37,89.13513513513513
2025-12-07 08:05:07,89.1951951951952
2025-12-07 08:07:37,89.25525525525525
2025-12-07 08:10:07,89.31531531531532
2025-12-07 08:12:37,89.37537537537537
2025-12-07 08:15:07,89.43543543543544
2025-12-07 08:17:37,89.49549549549549
2025-12-07 08:20:07,89.55555555555556
2025-12-07 08:22:37,89.61561561561561
2025-12-07 08:25:07,89.67567567567568
2025-12-07 08:27:37,89.73573573573573
2025-12-07 08:30:07,89.7957957957958
2025-12-07 08:32:37,89.85585585585585
2025-12-07 08:35:07,89.91591591591592
2025-12-07 08:37:37,89.97597597597597
2025-12-07 08:40:07,90.03603603603604
2025-12-07 08:42:37,90.09609609609609
2025-12-07 08:45:07,90.15615615615616
2025-12-07 08:47:37,90.21621621621621
2025-12-07 08:50:07,90.27627627627628
2025-12-07 08:52:37,90.33633633633633
2025-12-07 08:55:07,90.3963963963964
2025-12-07 08:57:37,90.45645645645645
2025-12-07 09:00:07,90.51651651651652
2025-12-07 09:02:37,90.57657657657657
2025-12-07 09:05:07,90.63663663663664
2025-12-07 09:07:37,90.69669669669669
2025-12-07 09:10:07,90.75675675675676
2025-12-07 09:12:37,90.81681681681681
2025-12-07 09:15:07,90.87687687687688
2025-12-07 09:17:37,90.93693693693693
2025-12-07 09:20:07,90.996996996997
2025-12-07 09:22:37,91.05705705705705
2025-12-07 09:25:07,91.11711711711712
2025-12-07 09:27:37,91.17717717717717
2025-12-07 09:30:07,91.23723723723724
2025-12-07 09:32:37,91.29729729729729
2025-12-07 09:35:07,91.35735735735736
2025-12-07 09:37:37,91.41741741741741
2025-12-07 09:40:07,91.47747747747748
2025-12-07 09:42:37,91.53753753753753
2025-12-07 09:45:07,91.5975975975976
2025-12-07 09:47:37,91.65765765765767
2025-12-07 09:50:07,91.71771771771772
2025-12-07 09:52:37,91.77777777777779
2025-12-07 09:55:07,91.83783783783784
2025-12-07 09:57:37,91.8978978978979
2025-12-07 10:00:07,91.95795795795796
2025-12-07 10:02:37,92.01801801801803
2025-12-07 10:05:07,92.07807807807808
2025-12-07 10:07:37,92.13813813813815
2025-12-07 10:10:07,92.1981981981982
2025-12-07 10:12:37,92.25825825825827
2025-12-07 10:15:07,92.31831831831832
2025-12-07 10:17:37,92.37837837837839
2025-12-07 10:20:07,92.43843843843844
2025-12-07 10:22:37,92.4984984984985
2025-12-07 10:25:07,92.55855855855856
2025-12-07 10:27:37,92.61861861861863
2025-12-07 10:30:07,92.67867867867868
2025-12-07 10:32:37,92.73873873873875
2025-12-07 10:35:07,92.7987987987988
2025-12-07 10:37:37,92.85885885885887
2025-12-07 10:40:07,92.91891891891892
2025-12-07 10:42:37,92.97897897897899
2025-12-07 10:45:07,93.03903903903904
2025-12-07 10:47:37,93.0990990990991
2025-12-07 10:50:07,93.15915915915916
2025-12-07 10:52:37,93.21921921921923
2025-12-07 10:55:07,93.27927927927928
2025-12-07 10:57:37,93.33933933933935
2025-12-07 11:00:07,93.3993993993994
2025-12-07 11:02:37,93.45945945945947
2025-12-07 11:05:07,93.51951951951952
2025-12-07 11:07:37,93.57957957957959
2025-12-07 11:10:07,93.63963963963964
2025-12-07 11:12:37,93.6996996996997
2025-12-07 11:15:07,93.75975975975976
2025-12-07 11:17:37,93.81981981981983
2025-12-07 11:20:07,93.87987987987988
2025-12-07 11:22:37,93.93993993993995
2025-12-07 11:25:07,94.0
2025-12-07 11:27:37,94.02994011976048
2025-12-07 11:30:07,94.05988023952096
2025-12-07 11:32:37,94.08982035928143
2025-12-07 11:35:07,94.11976047904191
2025-12-07 11:37:37,94.1497005988024
2025-12-07 11:40:07,94.17964071856288
2025-12-07 11:42:37,94.20958083832335
2025-12-07 11:45:07,94.23952095808383
2025-12-07 11:47:37,94.26946107784431
2025-12-07 11:50:07,94.2994011976048
2025-12-07 11:52:37,94.32934131736526
2025-12-07 11:55:07,94.35928143712574
2025-12-07 11:57:37,94.38922155688623
2025-12-07 12:00:07,94.41916167664671
2025-12-07 12:02:37,94.44910179640719
2025-12-07 12:05:07,94.47904191616766
2025-12-07 12:07:37,94.50898203592814
2025-12-07 12:10:07,94.53892215568862
2025-12-07 12:12:37,94.5688622754491
2025-12-07 12:15:07,94.59880239520957
2025-12-07 12:17:37,94.62874251497006
2025-12-07 12:20:07,94.65868263473054
2025-12-07 12:22:37,94.68862275449102
2025-12-07 12:25:07,94.7185628742515
2025-12-07 12:27:37,94.74850299401197
2025-12-07 12:30:07,94.77844311377245
2025-12-07 12:32:37,94.80838323353294
2025-12-07 12:35:07,94.83832335329342
2025-12-07 12:37:37,94.86826347305389
2025-12-07 12:40:07,94.89820359281437
2025-12-07 12:42:37,94.92814371257485
2025-12-07 12:45:07,94.95808383233533
2025-12-07 12:47:37,94.9880239520958
2025-12-07 12:50:07,95.01796407185628
2025-12-07 12:52:37,95.04790419161677
2025-12-07 12:55:07,95.07784431137725
2025-12-07 12:57:37,95.10778443113773
2025-12-07 13:00:07,95.1377245508982
2025-12-07 13:02:37,95.16766467065868
2025-12-07 13:05:07,95.19760479041916
2025-12-07 13:07:37,95.22754491017965
2025-12-07 13:10:07,95.25748502994011
2025-12-07 13:12:37,95.2874251497006
2025-12-07 13:15:07,95.31736526946108
2025-12-07 13:17:37,95.34730538922156
2025-12-07 13:20:07,95.37724550898204
2025-12-07 13:22:37,95.40718562874251
2025-12-07 13:25:07,95.437125748503
2025-12-07 13:27:37,95.46706586826348
2025-12-07 13:30:07,95.49700598802396
2025-12-07 13:32:37,95.52694610778443
2025-12-07 13:35:07,95.55688622754491
2025-12-07 13:37:37,95.58682634730539
2025-12-07 13:40:07,95.61676646706587
2025-12-07 13:42:37,95.64670658682634
2025-12-07 13:45:07,95.67664670658682
2025-12-07 13:47:37,95.7065868263473
2025-12-07 13:50:07,95.73652694610779
2025-12-07 13:52:37,95.76646706586827
2025-12-07 13:55:07,95.79640718562874
2025-12-07 13:57:37,95.82634730538922
2025-12-07 14:00:07,95.8562874251497
2025-12-07 14:02:37,95.88622754491018
2025-12-07 14:05:07,95.91616766467065
2025-12-07 14:07:37,95.94610778443113
2025-12-07 14:10:07,95.97604790419162
2025-12-07 14:12:37,96.0059880239521
2025-12-07 14:15:07,96.03592814371258
2025-12-07 14:17:37,96.06586826347305
2025-12-07 14:20:07,96.09580838323353
2025-12-07 14:22:37,96.12574850299401
2025-12-07 14:25:07,96.1556886227545
2025-12-07 14:27:37,96.18562874251496
2025-12-07 14:30:07,96.21556886227545
2025-12-07 14:32:37,96.24550898203593
2025-12-07 14:35:07,96.27544910179641
2025-12-07 14:37:37,96.30538922155688
2025-12-07 14:40:07,96.33532934131736
2025-12-07 14:42:37,96.36526946107784
2025-12-07 14:45:07,96.39520958083833
2025-12-07 14:47:37,96.42514970059881
2025-12-07 14:50:07,96.45508982035928
2025-12-07 14:52:37,96.48502994011976
2025-12-07 14:55:07,96.51497005988024
2025-12-07 14:57:37,96.54491017964072
2025-12-07 15:00:07,96.57485029940119
2025-12-07 15:02:37,96.60479041916167
2025-12-07 15:05:07,96.63473053892216
2025-12-07 15:07:37,96.66467065868264
2025-12-07 15:10:07,96.69461077844312
2025-12-07 15:12:37,96.72455089820359
2025-12-07 15:15:07,96.75449101796407
2025-12-07 15:17:37,96.78443113772455
2025-12-07 15:20:07,96.81437125748504
2025-12-07 15:22:37,96.8443113772455
2025-12-07 15:25:07,96.87425149700599
2025-12-07 15:27:37,96.90419161676647
2025-12-07 15:30:07,96.93413173652695
2025-12-07 15:32:37,96.96407185628742
2025-12-07 15:35:07,96.9940119760479
2025-12-07 15:37:37,97.02395209580838
2025-12-07 15:40:07,97.05389221556887
2025-12-07 15:42:37,97.08383233532935
2025-12-07 15:45:07,97.11377245508982
2025-12-07 15:47:37,97.1437125748503
2025-12-07 15:50:07,97.17365269461078
2025-12-07 15:52:37,97.20359281437126
2025-12-07 15:55:07,97.23353293413173
2025-12-07 15:57:37,97.26347305389221
2025-12-07 16:00:07,97.2934131736527
2025-12-07 16:02:37,97.32335329341318
2025-12-07 16:05:07,97.35329341317366
2025-12-07 16:07:37,97.38323353293413
2025-12-07 16:10:07,97.41317365269461
2025-12-07 16:12:37,97.44311377245509
2025-12-07 16:15:07,97.47305389221557
2025-12-07 16:17:37,97.50299401197604
2025-12-07 16:20:07,97.53293413173652
2025-12-07 16:22:37,97.562874251497
2025-12-07 16:25:07,97.59281437125749
2025-12-07 16:27:37,97.62275449101796
2025-12-07 16:30:07,97.65269461077844
2025-12-07 16:32:37,97.68263473053892
2025-12-07 16:35:07,97.7125748502994
2025-12-07 16:37:37,97.74251497005989
2025-12-07 16:40:07,97.77245508982035
2025-12-07 16:42:37,97.80239520958084
2025-12-07 16:45:07,97.83233532934132
2025-12-07 16:47:37,97.8622754491018
2025-12-07 16:50:07,97.89221556886227
2025-12-07 16:52:37,97.92215568862275
2025-12-07 16:55:07,97.95209580838323
2025-12-07 16:57:37,97.98203592814372
2025-12-07 17:00:07,98.0119760479042
2025-12-07 17:02:37,98.04191616766467
2025-12-07 17:05:07,98.07185628742515
2025-12-07 17:07:37,98.10179640718563
2025-12-07 17:10:07,98.13173652694611
2025-12-07 17:12:37,98.16167664670658
2025-12-07 17:15:07,98.19161676646706
2025-12-07 17:17:37,98.22155688622755
2025-12-07 17:20:07,98.25149700598803
2025-12-07 17:22:37,98.2814371257485
2025-12-07 17:25:07,98.31137724550898
2025-12-07 17:27:37,98.34131736526946
2025-12-07 17:30:07,98.37125748502994
2025-12-07 17:32:37,98.40119760479043
2025-12-07 17:35:07,98.4311377245509
2025-12-07 17:37:37,98.46107784431138
2025-12-07 17:40:07,98.49101796407186
2025-12-07 17:42:37,98.52095808383234
2025-12-07 17:45:07,98.55089820359281
2025-12-07 17:47:37,98.58083832335329
2025-12-07 17:50:07,98.61077844311377
2025-12-07 17:52:37,98.64071856287426
2025-12-07 17:55:07,98.67065868263474
2025-12-07 17:57:37,98.7005988023952
2025-12-07 18:00:07,98.73053892215569
2025-12-07 18:02:37,98.76047904191617
2025-12-07 18:05:07,98.79041916167665
2025-12-07 18:07:37,98.82035928143712
2025-12-07 18:10:07,98.8502994011976
2025-12-07 18:12:37,98.88023952095809
2025-12-07 18:15:07,98.91017964071857
2025-12-07 18:17:37,98.94011976047904
2025-12-07 18:20:07,98.97005988023952
2025-12-07 18:22:37,99.0
2025-12-07 18:25:07,98.96907216494846
2025-12-07 18:27:37,98.9381443298969
2025-12-07 18:30:07,98.90721649484536
2025-12-07 18:32:37,98.87628865979381
2025-12-07 18:35:07,98.84536082474227
2025-12-07 18:37:37,98.81443298969072
2025-12-07 18:40:07,98.78350515463917
2025-12-07 18:42:37,98.75257731958763
2025-12-07 18:45:07,98.72164948453609
2025-12-07 18:47:37,98.69072164948453
2025-12-07 18:50:07,98.65979381443299
2025-12-07 18:52:37,98.62886597938144
2025-12-07 18:55:07,98.5979381443299
2025-12-07 18:57:37,98.56701030927834
2025-12-07 19:00:07,98.5360824742268
2025-12-07 19:02:37,98.50515463917526
2025-12-07 19:05:07,98.47422680412372
2025-12-07 19:07:37,98.44329896907216
2025-12-07 19:10:07,98.41237113402062
2025-12-07 19:12:37,98.38144329896907
2025-12-07 19:15:07,98.35051546391753
2025-12-07 19:17:37,98.31958762886597
2025-12-07 19:20:07,98.28865979381443
2025-12-07 19:22:37,98.25773195876289
2025-12-07 19:25:07,98.22680412371135
2025-12-07 19:27:37,98.19587628865979
2025-12-07 19:30:07,98.16494845360825
2025-12-07 19:32:37,98.1340206185567
2025-12-07 19:35:07,98.10309278350516
2025-12-07 19:37:37,98.0721649484536
2025-12-07 19:40:07,98.04123711340206
2025-12-07 19:42:37,98.01030927835052
2025-12-07 19:45:07,97.97938144329896
2025-12-07 19:47:37,97.94845360824742
2025-12-07 19:50:07,97.91752577319588
2025-12-07 19:52:37,97.88659793814433
2025-12-07 19:55:07,97.85567010309278
2025-12-07 19:57:37,97.82474226804123
2025-12-07 20:00:07,97.79381443298969
2025-12-07 20:02:37,97.76288659793815
2025-12-07 20:05:07,97.73195876288659
2025-12-07 20:07:37,97.70103092783505
2025-12-07 20:10:07,97.6701030927835
2025-12-07 20:12:37,97.63917525773196
2025-12-07 20:15:07,97.6082474226804
2025-12-07 20:17:37,97.57731958762886
2025-12-07 20:20:07,97.54639175257732
2025-12-07 20:22:37,97.51546391752578
2025-12-07 20:25:07,97.48453608247422
2025-12-07 20:27:37,97.45360824742268
2025-12-07 20:30:07,97.42268041237114
2025-12-07 20:32:37,97.3917525773196
2025-12-07 20:35:07,97.36082474226804
2025-12-07 20:37:37,97.3298969072165
2025-12-07 20:40:07,97.29896907216495
2025-12-07 20:42:37,97.26804123711341
2025-12-07 20:45:07,97.23711340206185
2025-12-07 20:47:37,97.20618556701031
2025-12-07 20:50:07,97.17525773195877
2025-12-07 20:52:37,97.14432989690722
2025-12-07 20:55:07,97.11340206185567
2025-12-07 20:57:37,97.08247422680412
2025-12-07 21:00:07,97.05154639175258
2025-12-07 21:02:37,97.02061855670102
2025-12-07 21:05:07,96.98969072164948
2025-12-07 21:07:37,96.95876288659794
2025-12-07 21:10:07,96.9278350515464
2025-12-07 21:12:37,96.89690721649484
2025-12-07 21:15:07,96.8659793814433
2025-12-07 21:17:37,96.83505154639175
2025-12-07 21:20:07,96.80412371134021
2025-12-07 21:22:37,96.77319587628865
2025-12-07 21:25:07,96.74226804123711
2025-12-07 21:27:37,96.71134020618557
2025-12-07 21:30:07,96.68041237113403
2025-12-07 21:32:37,96.64948453608247
2025-12-07 21:35:07,96.61855670103093
2025-12-07 21:37:37,96.58762886597938
2025-12-07 21:40:07,96.55670103092784
2025-12-07 21:42:37,96.52577319587628
2025-12-07 21:45:07,96.49484536082474
2025-12-07 21:47:37,96.4639175257732
2025-12-07 21:50:07,96.43298969072166
2025-12-07 21:52:37,96.4020618556701
2025-12-07 21:55:07,96.37113402061856
2025-12-07 21:57:37,96.34020618556701
2025-12-07 22:00:07,96.30927835051547
2025-12-07 22:02:37,96.27835051546391
2025-12-07 22:05:07,96.24742268041237
2025-12-07 22:07:37,96.21649484536083
2025-12-07 22:10:07,96.18556701030928
2025-12-07 22:12:37,96.15463917525773
2025-12-07 22:15:07,96.12371134020619
2025-12-07 22:17:37,96.09278350515464
2025-12-07 22:20:07,96.0618556701031
2025-12-07 22:22:37,96.03092783505154
2025-12-07 22:25:07,96.0
2025-12-07 22:27:37,95.96907216494846
2025-12-07 22:30:07,95.9381443298969
2025-12-07 22:32:37,95.90721649484536
2025-12-07 22:35:07,95.87628865979381
2025-12-07 22:37:37,95.84536082474227
2025-12-07 22:40:07,95.81443298969072
2025-12-07 22:42:37,95.78350515463917
2025-12-07 22:45:07,95.75257731958763
2025-12-07 22:47:37,95.72164948453609
2025-12-07 22:50:07,95.69072164948453
2025-12-07 22:52:37,95.65979381443299
2025-12-07 22:55:07,95.62886597938144
2025-12-07 22:57:37,95.5979381443299
2025-12-07 23:00:07,95.56701030927834
2025-12-07 23:02:37,95.5360824742268
2025-12-07 23:05:07,95.50515463917526
2025-12-07 23:07:37,95.47422680412372
2025-12-07 23:10:07,95.44329896907216
2025-12-07 23:12:37,95.41237113402062
2025-12-07 23:15:07,95.38144329896907
2025-12-07 23:17:37,95.35051546391753
2025-12-07 23:20:07,95.31958762886597
2025-12-07 23:22:37,95.28865979381443
2025-12-07 23:25:07,95.25773195876289
2025-12-07 23:27:37,95.22680412371135
2025-12-07 23:30:07,95.19587628865979
2025-12-07 23:32:37,95.16494845360825
2025-12-07 23:35:07,95.1340206185567
2025-12-07 23:37:37,95.10309278350516
2025-12-07 23:40:07,95.0721649484536
2025-12-07 23:42:37,95.04123711340206
2025-12-07 23:45:07,95.01030927835052
2025-12-07 23:47:37,94.97938144329896
2025-12-07 23:50:07,94.94845360824742
2025-12-07 23:52:37,94.91752577319588
2025-12-07 23:55:07,94.88659793814433
2025-12-07 23:57:37,94.85567010309278
2025-12-08 00:00:07,94.82474226804123
2025-12-08 00:02:37,94.79381443298969
2025-12-08 00:05:07,94.76288659793815
2025-12-08 00:07:37,94.73195876288659
2025-12-08 00:10:07,94.70103092783505
2025-12-08 00:12:37,94.6701030927835
2025-12-08 00:15:07,94.63917525773196
2025-12-08 00:17:37,94.6082474226804
2025-12-08 00:20:07,94.57731958762886
2025-12-08 00:22:37,94.54639175257732
2025-12-08 00:25:07,94.51546391752578
2025-12-08 00:27:37,94.48453608247422
2025-12-08 00:30:07,94.45360824742268
2025-12-08 00:32:37,94.42268041237114
2025-12-08 00:35:07,94.3917525773196
2025-12-08 00:37:37,94.36082474226804
2025-12-08 00:40:07,94.3298969072165
2025-12-08 00:42:37,94.29896907216495
2025-12-08 00:45:07,94.26804123711341
2025-12-08 00:47:37,94.23711340206185
2025-12-08 00:50:07,94.20618556701031
2025-12-08 00:52:37,94.17525773195877
2025-12-08 00:55:07,94.14432989690722
2025-12-08 00:57:37,94.11340206185567
2025-12-08 01:00:07,94.08247422680412
2025-12-08 01:02:37,94.05154639175258
2025-12-08 01:05:07,94.02061855670102
2025-12-08 01:07:37,93.98969072164948
2025-12-08 01:10:07,93.95876288659794
2025-12-08 01:12:37,93.9278350515464
2025-12-08 01:15:07,93.89690721649484
2025-12-08 01:17:37,93.8659793814433
2025-12-08 01:20:07,93.83505154639175
2025-12-08 01:22:37,93.80412371134021
2025-12-08 01:25:07,93.77319587628865
2025-12-08 01:27:37,93.74226804123711
2025-12-08 01:30:07,93.71134020618557
2025-12-08 01:32:37,93.68041237113403
2025-12-08 01:35:07,93.64948453608247
2025-12-08 01:37:37,93.61855670103093
2025-12-08 01:40:07,93.58762886597938
2025-12-08 01:42:37,93.55670103092784
2025-12-08 01:45:07,93.52577319587628
2025-12-08 01:47:37,93.49484536082474
2025-12-08 01:50:07,93.4639175257732
2025-12-08 01:52:37,93.43298969072166
2025-12-08 01:55:07,93.4020618556701
2025-12-08 01:57:37,93.37113402061856
2025-12-08 02:00:07,93.34020618556701
2025-12-08 02:02:37,93.30927835051547
2025-12-08 02:05:07,93.27835051546391
2025-12-08 02:07:37,93.24742268041237
2025-12-08 02:10:07,93.21649484536083
2025-12-08 02:12:37,93.18556701030928
2025-12-08 02:15:07,93.15463917525773
2025-12-08 02:17:37,93.12371134020619
2025-12-08 02:20:07,93.09278350515464
2025-12-08 02:22:37,93.06185567010309
2025-12-08 02:25:07,93.03092783505154
2025-12-08 02:27:37,93.0
2025-12-08 02:30:07,92.96907216494846
2025-12-08 02:32:37,92.9381443298969
2025-12-08 02:35:07,92.90721649484536
2025-12-08 02:37:37,92.87628865979381
2025-12-08 02:40:07,92.84536082474227
2025-12-08 02:42:37,92.81443298969072
2025-12-08 02:45:07,92.78350515463917
2025-12-08 02:47:37,92.75257731958763
2025-12-08 02:50:07,92.72164948453609
2025-12-08 02:52:37,92.69072164948453
2025-12-08 02:55:07,92.65979381443299
2025-12-08 02:57:37,92.62886597938144
2025-12-08 03:00:07,92.5979381443299
2025-12-08 03:02:37,92.56701030927834
2025-12-08 03:05:07,92.5360824742268
2025-12-08 03:07:37,92.50515463917526
2025-12-08 03:10:07,92.47422680412372
2025-12-08 03:12:37,92.44329896907216
2025-12-08 03:15:07,92.41237113402062
2025-12-08 03:17:37,92.38144329896907
2025-12-08 03:20:07,92.35051546391753
2025-12-08 03:22:37,92.31958762886597
2025-12-08 03:25:07,92.28865979381443
2025-12-08 03:27:37,92.25773195876289
2025-12-08 03:30:07,92.22680412371135
2025-12-08 03:32:37,92.19587628865979
2025-12-08 03:35:07,92.16494845360825
2025-12-08 03:37:37,92.1340206185567
2025-12-08 03:40:07,92.10309278350516
2025-12-08 03:42:37,92.0721649484536
2025-12-08 03:45:07,92.04123711340206
2025-12-08 03:47:37,92.01030927835052
2025-12-08 03:50:07,91.97938144329896
2025-12-08 03:52:37,91.94845360824742
2025-12-08 03:55:07,91.91752577319588
2025-12-08 03:57:37,91.88659793814433
2025-12-08 04:00:07,91.85567010309278
2025-12-08 04:02:37,91.82474226804123
2025-12-08 04:05:07,91.79381443298969
2025-12-08 04:07:37,91.76288659793815
2025-12-08 04:10:07,91.73195876288659
2025-12-08 04:12:37,91.70103092783505
2025-12-08 04:15:07,91.6701030927835
2025-12-08 04:17:37,91.63917525773196
2025-12-08 04:20:07,91.6082474226804
2025-12-08 04:22:37,91.57731958762886
2025-12-08 04:25:07,91.54639175257732
2025-12-08 04:27:37,91.51546391752578
2025-12-08 04:30:07,91.48453608247422
2025-12-08 04:32:37,91.45360824742268
2025-12-08 04:35:07,91.42268041237114
2025-12-08 04:37:37,91.3917525773196
2025-12-08 04:40:07,91.36082474226804
2025-12-08 04:42:37,91.3298969072165
2025-12-08 04:45:07,91.29896907216495
2025-12-08 04:47:37,91.26804123711341
2025-12-08 04:50:07,91.23711340206185
2025-12-08 04:52:37,91.20618556701031
2025-12-08 04:55:07,91.17525773195877
2025-12-08 04:57:37,91.14432989690722
2025-12-08 05:00:07,91.11340206185567
2025-12-08 05:02:37,91.08247422680412
2025-12-08 05:05:07,91.05154639175258
2025-12-08 05:07:37,91.02061855670102
2025-12-08 05:10:07,90.98969072164948
2025-12-08 05:12:37,90.95876288659794
2025-12-08 05:15:07,90.9278350515464
2025-12-08 05:17:37,90.89690721649484
2025-12-08 05:20:07,90.8659793814433
2025-12-08 05:22:37,90.83505154639175
2025-12-08 05:25:07,90.80412371134021
2025-12-08 05:27:37,90.77319587628865
2025-12-08 05:30:07,90.74226804123711
2025-12-08 05:32:37,90.71134020618557
2025-12-08 05:35:07,90.68041237113403
2025-12-08 05:37:37,90.64948453608247
2025-12-08 05:40:07,90.61855670103093
2025-12-08 05:42:37,90.58762886597938
2025-12-08 05:45:07,90.55670103092784
2025-12-08 05:47:37,90.52577319587628
2025-12-08 05:50:07,90.49484536082474
2025-12-08 05:52:37,90.4639175257732
2025-12-08 05:55:07,90.43298969072166
2025-12-08 05:57:37,90.4020618556701
2025-12-08 06:00:07,90.37113402061856
2025-12-08 06:02:37,90.34020618556701
2025-12-08 06:05:07,90.30927835051547
2025-12-08 06:07:37,90.27835051546391
2025-12-08 06:10:07,90.24742268041237
2025-12-08 06:12:37,90.21649484536083
2025-12-08 06:15:07,90.18556701030928
2025-12-08 06:17:37,90.15463917525773
2025-12-08 06:20:07,90.12371134020619
2025-12-08 06:22:37,90.09278350515464
2025-12-08 06:25:07,90.06185567010309
2025-12-08 06:27:37,90.03092783505154
2025-12-08 06:30:07,90.0
2025-12-08 06:32:37,90.03225806451613
2025-12-08 06:35:07,90.06451612903226
2025-12-08 06:37:37,90.09677419354838
2025-12-08 06:40:07,90.12903225806451
2025-12-08 06:42:37,90.16129032258064
2025-12-08 06:45:07,90.19354838709677
2025-12-08 06:47:37,90.2258064516129
2025-12-08 06:50:07,90.25806451612904
2025-12-08 06:52:37,90.29032258064517
2025-12-08 06:55:07,90.3225806451613
2025-12-08 06:57:37,90.35483870967742
2025-12-08 07:00:07,90.38709677419355
2025-12-08 07:02:37,90.41935483870968
2025-12-08 07:05:07,90.45161290322581
2025-12-08 07:07:37,90.48387096774194
2025-12-08 07:10:07,90.51612903225806
2025-12-08 07:12:37,90.54838709677419
2025-12-08 07:15:07,90.58064516129032
2025-12-08 07:17:37,90.61290322580645
2025-12-08 07:20:07,90.64516129032258
2025-12-08 07:22:37,90.6774193548387
2025-12-08 07:25:07,90.70967741935483
2025-12-08 07:27:37,90.74193548387096
2025-12-08 07:30:07,90.7741935483871
2025-12-08 07:32:37,90.80645161290323
2025-12-08 07:35:07,90.83870967741936
2025-12-08 07:37:37,90.87096774193549
2025-12-08 07:40:07,90.90322580645162
2025-12-08 07:42:37,90.93548387096774
2025-12-08 07:45:07,90.96774193548387
2025-12-08 07:47:37,91.0
2025-12-08 07:50:07,91.03225806451613
2025-12-08 07:52:37,91.06451612903226
2025-12-08 07:55:07,91.09677419354838
2025-12-08 07:57:37,91.12903225806451
2025-12-08 08:00:07,91.16129032258064
2025-12-08 08:02:37,91.19354838709677
2025-12-08 08:05:07,91.2258064516129
2025-12-08 08:07:37,91.25806451612904
2025-12-08 08:10:07,91.29032258064517
2025-12-08 08:12:37,91.3225806451613
2025-12-08 08:15:07,91.35483870967742
2025-12-08 08:17:37,91.38709677419355
2025-12-08 08:20:07,91.41935483870968
2025-12-08 08:22:37,91.45161290322581
2025-12-08 08:25:07,91.48387096774194
2025-12-08 08:27:37,91.51612903225806
2025-12-08 08:30:07,91.54838709677419
2025-12-08 08:32:37,91.58064516129032
2025-12-08 08:35:07,91.61290322580645
2025-12-08 08:37:37,91.64516129032258
2025-12-08 08:40:07,91.6774193548387
2025-12-08 08:42:37,91.70967741935483
2025-12-08 08:45:07,91.74193548387096
2025-12-08 08:47:37,91.7741935483871
2025-12-08 08:50:07,91.80645161290323
2025-12-08 08:52:37,91.83870967741936
2025-12-08 08:55:07,91.87096774193549
2025-12-08 08:57:37,91.90322580645162
2025-12-08 09:00:07,91.93548387096774
2025-12-08 09:02:37,91.96774193548387
2025-12-08 09:05:07,92.0
2025-12-08 09:07:37,92.03225806451613
2025-12-08 09:10:07,92.06451612903226
2025-12-08 09:12:37,92.09677419354838
2025-12-08 09:15:07,92.12903225806451
2025-12-08 09:17:37,92.16129032258064
2025-12-08 09:20:07,92.19354838709677
2025-12-08 09:22:37,92.2258064516129
2025-12-08 09:25:07,92.25806451612904
2025-12-08 09:27:37,92.29032258064517
2025-12-08 09:30:07,92.3225806451613
2025-12-08 09:32:37,92.35483870967742
2025-12-08 09:35:07,92.38709677419355
2025-12-08 09:37:37,92.41935483870968
2025-12-08 09:40:07,92.45161290322581
2025-12-08 09:42:37,92.48387096774194
2025-12-08 09:45:07,92.51612903225806
2025-12-08 09:47:37,92.54838709677419
2025-12-08 09:50:07,92.58064516129032
2025-12-08 09:52:37,92.61290322580645
2025-12-08 09:55:07,92.64516129032258
2025-12-08 09:57:37,92.6774193548387
2025-12-08 10:00:07,92.70967741935483
2025-12-08 10:02:37,92.74193548387096
2025-12-08 10:05:07,92.7741935483871
2025-12-08 10:07:37,92.80645161290323
2025-12-08 10:10:07,92.83870967741936
2025-12-08 10:12:37,92.87096774193549
2025-12-08 10:15:07,92.90322580645162
2025-12-08 10:17:37,92.93548387096774
2025-12-08 10:20:07,92.96774193548387
2025-12-08 10:22:37,93.0
2025-12-08 10:25:07,93.03225806451613
2025-12-08 10:27:37,93.06451612903226
2025-12-08 10:30:07,93.09677419354838
2025-12-08 10:32:37,93.12903225806451
2025-12-08 10:35:07,93.16129032258064
2025-12-08 10:37:37,93.19354838709677
2025-12-08 10:40:07,93.2258064516129
2025-12-08 10:42:37,93.25806451612904
2025-12-08 10:45:07,93.29032258064517
2025-12-08 10:47:37,93.3225806451613
2025-12-08 10:50:07,93.35483870967742
2025-12-08 10:52:37,93.38709677419355
2025-12-08 10:55:07,93.41935483870968
2025-12-08 10:57:37,93.45161290322581
2025-12-08 11:00:07,93.48387096774194
2025-12-08 11:02:37,93.51612903225806
2025-12-08 11:05:07,93.54838709677419
2025-12-08 11:07:37,93.58064516129032
2025-12-08 11:10:07,93.61290322580645
2025-12-08 11:12:37,93.64516129032258
2025-12-08 11:15:07,93.6774193548387
2025-12-08 11:17:37,93.70967741935483
2025-12-08 11:20:07,93.74193548387096
2025-12-08 11:22:37,93.7741935483871
2025-12-08 11:25:07,93.80645161290323
2025-12-08 11:27:37,93.83870967741936
2025-12-08 11:30:07,93.87096774193549
2025-12-08 11:32:37,93.90322580645162
2025-12-08 11:35:07,93.93548387096774
2025-12-08 11:37:37,93.96774193548387
2025-12-08 11:40:07,94.0
2025-12-08 11:42:37,94.03225806451613
2025-12-08 11:45:07,94.06451612903226
2025-12-08 11:47:37,94.09677419354838
2025-12-08 11:50:07,94.12903225806451
2025-12-08 11:52:37,94.16129032258064
2025-12-08 11:55:07,94.19354838709677
2025-12-08 11:57:37,94.2258064516129
2025-12-08 12:00:07,94.25806451612904
2025-12-08 12:02:37,94.29032258064517
2025-12-08 12:05:07,94.3225806451613
2025-12-08 12:07:37,94.35483870967742
2025-12-08 12:10:07,94.38709677419355
2025-12-08 12:12:37,94.41935483870968
2025-12-08 12:15:07,94.45161290322581
2025-12-08 12:17:37,94.48387096774194
2025-12-08 12:20:07,94.51612903225806
2025-12-08 12:22:37,94.54838709677419
2025-12-08 12:25:07,94.58064516129032
2025-12-08 12:27:37,94.61290322580645
2025-12-08 12:30:07,94.64516129032258
2025-12-08 12:32:37,94.6774193548387
2025-12-08 12:35:07,94.70967741935483
2025-12-08 12:37:37,94.74193548387096
2025-12-08 12:40:07,94.7741935483871
2025-12-08 12:42:37,94.80645161290323
2025-12-08 12:45:07,94.83870967741936
2025-12-08 12:47:37,94.87096774193549
2025-12-08 12:50:07,94.90322580645162
2025-12-08 12:52:37,94.93548387096774
2025-12-08 12:55:07,94.96774193548387
2025-12-08 12:57:37,95.0
2025-12-08 13:00:07,95.03225806451613
2025-12-08 13:02:37,95.06451612903226
2025-12-08 13:05:07,95.09677419354838
2025-12-08 13:07:37,95.12903225806451
2025-12-08 13:10:07,95.16129032258064
2025-12-08 13:12:37,95.19354838709677
2025-12-08 13:15:07,95.2258064516129
2025-12-08 13:17:37,95.25806451612904
2025-12-08 13:20:07,95.29032258064517
2025-12-08 13:22:37,95.3225806451613
2025-12-08 13:25:07,95.35483870967742
2025-12-08 13:27:37,95.38709677419355
2025-12-08 13:30:07,95.41935483870968
2025-12-08 13:32:37,95.45161290322581
2025-12-08 13:35:07,95.48387096774194
2025-12-08 13:37:37,95.51612903225806
2025-12-08 13:40:07,95.54838709677419
2025-12-08 13:42:37,95.58064516129032
2025-12-08 13:45:07,95.61290322580645
2025-12-08 13:47:37,95.64516129032258
2025-12-08 13:50:07,95.6774193548387
2025-12-08 13:52:37,95.70967741935483
2025-12-08 13:55:07,95.74193548387096
2025-12-08 13:57:37,95.7741935483871
2025-12-08 14:00:07,95.80645161290323
2025-12-08 14:02:37,95.83870967741936
2025-12-08 14:05:07,95.87096774193549
2025-12-08 14:07:37,95.90322580645162
2025-12-08 14:10:07,95.93548387096774
2025-12-08 14:12:37,95.96774193548387
2025-12-08 14:15:07,96.0
2025-12-08 14:17:37,96.03225806451613
2025-12-08 14:20:07,96.06451612903226
2025-12-08 14:22:37,96.09677419354838
2025-12-08 14:25:07,96.12903225806451
2025-12-08 14:27:37,96.16129032258064
2025-12-08 14:30:07,96.19354838709677
2025-12-08 14:32:37,96.2258064516129
2025-12-08 14:35:07,96.25806451612904
2025-12-08 14:37:37,96.29032258064517
2025-12-08 14:40:07,96.3225806451613
2025-12-08 14:42:37,96.35483870967742
2025-12-08 14:45:07,96.38709677419355
2025-12-08 14:47:37,96.41935483870968
2025-12-08 14:50:07,96.45161290322581
2025-12-08 14:52:37,96.48387096774194
2025-12-08 14:55:07,96.51612903225806
2025-12-08 14:57:37,96.54838709677419
2025-12-08 15:00:07,96.58064516129032
2025-12-08 15:02:37,96.61290322580645
2025-12-08 15:05:07,96.64516129032258
2025-12-08 15:07:37,96.6774193548387
2025-12-08 15:10:07,96.70967741935483
2025-12-08 15:12:37,96.74193548387096
2025-12-08 15:15:07,96.7741935483871
2025-12-08 15:17:37,96.80645161290323
2025-12-08 15:20:07,96.83870967741936
2025-12-08 15:22:37,96.87096774193549
2025-12-08 15:25:07,96.90322580645162
2025-12-08 15:27:37,96.93548387096774
2025-12-08 15:30:07,96.96774193548387
2025-12-08 15:32:37,97.0
2025-12-08 15:35:07,97.03225806451613
2025-12-08 15:37:37,97.06451612903226
2025-12-08 15:40:07,97.09677419354838
2025-12-08 15:42:37,97.12903225806451
2025-12-08 15:45:07,97.16129032258064
2025-12-08 15:47:37,97.19354838709677
2025-12-08 15:50:07,97.2258064516129
2025-12-08 15:52:37,97.25806451612904
2025-12-08 15:55:07,97.29032258064517
2025-12-08 15:57:37,97.3225806451613
2025-12-08 16:00:07,97.35483870967742
2025-12-08 16:02:37,97.38709677419355
2025-12-08 16:05:07,97.41935483870968
2025-12-08 16:07:37,97.45161290322581
2025-12-08 16:10:07,97.48387096774194
2025-12-08 16:12:37,97.51612903225806
2025-12-08 16:15:07,97.54838709677419
2025-12-08 16:17:37,97.58064516129032
2025-12-08 16:20:07,97.61290322580645
2025-12-08 16:22:37,97.64516129032258
2025-12-08 16:25:07,97.6774193548387
2025-12-08 16:27:37,97.70967741935483
2025-12-08 16:30:07,97.74193548387096
2025-12-08 16:32:37,97.7741935483871
2025-12-08 16:35:07,97.80645161290323
2025-12-08 16:37:37,97.83870967741936
2025-12-08 16:40:07,97.87096774193549
2025-12-08 16:42:37,97.90322580645162
2025-12-08 16:45:07,97.93548387096774
2025-12-08 16:47:37,97.96774193548387
2025-12-08 16:50:07,98.0
2025-12-08 16:52:37,98.03225806451613
2025-12-08 16:55:07,98.06451612903226
2025-12-08 16:57:37,98.09677419354838
2025-12-08 17:00:07,98.12903225806451
2025-12-08 17:02:37,98.16129032258064
2025-12-08 17:05:07,98.19354838709677
2025-12-08 17:07:37,98.2258064516129
2025-12-08 17:10:07,98.25806451612904
2025-12-08 17:12:37,98.29032258064517
2025-12-08 17:15:07,98.3225806451613
2025-12-08 17:17:37,98.35483870967742
2025-12-08 17:20:07,98.38709677419355
2025-12-08 17:22:37,98.41935483870968
2025-12-08 17:25:07,98.45161290322581
2025-12-08 17:27:37,98.48387096774194
2025-12-08 17:30:07,98.51612903225806
2025-12-08 17:32:37,98.54838709677419
2025-12-08 17:35:07,98.58064516129032
2025-12-08 17:37:37,98.61290322580645
2025-12-08 17:40:07,98.64516129032258
2025-12-08 17:42:37,98.6774193548387
2025-12-08 17:45:07,98.70967741935483
2025-12-08 17:47:37,98.74193548387096
2025-12-08 17:50:07,98.7741935483871
2025-12-08 17:52:37,98.80645161290323
2025-12-08 17:55:07,98.83870967741936
2025-12-08 17:57:37,98.87096774193549
2025-12-08 18:00:07,98.90322580645162
2025-12-08 18:02:37,98.93548387096774
2025-12-08 18:05:07,98.96774193548387
2025-12-08 18:07:37,99.0
2025-12-08 18:10:07,98.9765625
2025-12-08 18:12:37,98.953125
2025-12-08 18:15:07,98.9296875
2025-12-08 18:17:37,98.90625
2025-12-08 18:20:07,98.8828125
2025-12-08 18:22:37,98.859375
2025-12-08 18:25:07,98.8359375
2025-12-08 18:27:37,98.8125
2025-12-08 18:30:07,98.7890625
2025-12-08 18:32:37,98.765625
2025-12-08 18:35:07,98.7421875
2025-12-08 18:37:37,98.71875
2025-12-08 18:40:07,98.6953125
2025-12-08 18:42:37,98.671875
2025-12-08 18:45:07,98.6484375
2025-12-08 18:47:37,98.625
2025-12-08 18:50:07,98.6015625
2025-12-08 18:52:37,98.578125
2025-12-08 18:55:07,98.5546875
2025-12-08 18:57:37,98.53125
2025-12-08 19:00:07,98.5078125
2025-12-08 19:02:37,98.484375
2025-12-08 19:05:07,98.4609375
2025-12-08 19:07:37,98.4375
2025-12-08 19:10:07,98.4140625
2025-12-08 19:12:37,98.390625
2025-12-08 19:15:07,98.3671875
2025-12-08 19:17:37,98.34375
2025-12-08 19:20:07,98.3203125
2025-12-08 19:22:37,98.296875
2025-12-08 19:25:07,98.2734375
2025-12-08 19:27:37,98.25
2025-12-08 19:30:07,98.2265625
2025-12-08 19:32:37,98.203125
2025-12-08 19:35:07,98.1796875
2025-12-08 19:37:37,98.15625
2025-12-08 19:40:07,98.1328125
2025-12-08 19:42:37,98.109375
2025-12-08 19:45:07,98.0859375
2025-12-08 19:47:37,98.0625
2025-12-08 19:50:07,98.0390625
2025-12-08 19:52:37,98.015625
2025-12-08 19:55:07,97.9921875
2025-12-08 19:57:37,97.96875
2025-12-08 20:00:07,97.9453125
2025-12-08 20:02:37,97.921875
2025-12-08 20:05:07,97.8984375
2025-12-08 20:07:37,97.875
2025-12-08 20:10:07,97.8515625
2025-12-08 20:12:37,97.828125
2025-12-08 20:15:07,97.8046875
2025-12-08 20:17:37,97.78125
2025-12-08 20:20:07,97.7578125
2025-12-08 20:22:37,97.734375
2025-12-08 20:25:07,97.7109375
2025-12-08 20:27:37,97.6875
2025-12-08 20:30:07,97.6640625
2025-12-08 20:32:37,97.640625
2025-12-08 20:35:07,97.6171875
2025-12-08 20:37:37,97.59375
2025-12-08 20:40:07,97.5703125
2025-12-08 20:42:37,97.546875
2025-12-08 20:45:07,97.5234375
2025-12-08 20:47:37,97.5
2025-12-08 20:50:07,97.4765625
2025-12-08 20:52:37,97.453125
2025-12-08 20:55:07,97.4296875
2025-12-08 20:57:37,97.40625
2025-12-08 21:00:07,97.3828125
2025-12-08 21:02:37,97.359375
2025-12-08 21:05:07,97.3359375
2025-12-08 21:07:37,97.3125
2025-12-08 21:10:07,97.2890625
2025-12-08 21:12:37,97.265625
2025-12-08 21:15:07,97.2421875
2025-12-08 21:17:37,97.21875
2025-12-08 21:20:07,97.1953125
2025-12-08 21:22:37,97.171875
2025-12-08 21:25:07,97.1484375
2025-12-08 21:27:37,97.125
2025-12-08 21:30:07,97.1015625
2025-12-08 21:32:37,97.078125
2025-12-08 21:35:07,97.0546875
2025-12-08 21:37:37,97.03125
2025-12-08 21:40:07,97.0078125
2025-12-08 21:42:37,96.984375
2025-12-08 21:45:07,96.9609375
2025-12-08 21:47:37,96.9375
2025-12-08 21:50:07,96.9140625
2025-12-08 21:52:37,96.890625
2025-12-08 21:55:07,96.8671875
2025-12-08 21:57:37,96.84375
2025-12-08 22:00:07,96.8203125
2025-12-08 22:02:37,96.796875
2025-12-08 22:05:07,96.7734375
2025-12-08 22:07:37,96.75
2025-12-08 22:10:07,96.7265625
2025-12-08 22:12:37,96.703125
2025-12-08 22:15:07,96.6796875
2025-12-08 22:17:37,96.65625
2025-12-08 22:20:07,96.6328125
2025-12-08 22:22:37,96.609375
2025-12-08 22:25:07,96.5859375
2025-12-08 22:27:37,96.5625
2025-12-08 22:30:07,96.5390625
2025-12-08 22:32:37,96.515625
2025-12-08 22:35:07,96.4921875
2025-12-08 22:37:37,96.46875
2025-12-08 22:40:07,96.4453125
2025-12-08 22:42:37,96.421875
2025-12-08 22:45:07,96.3984375
2025-12-08 22:47:37,96.375
2025-12-08 22:50:07,96.3515625
2025-12-08 22:52:37,96.328125
2025-12-08 22:55:07,96.3046875
2025-12-08 22:57:37,96.28125
2025-12-08 23:00:07,96.2578125
2025-12-08 23:02:37,96.234375
2025-12-08 23:05:07,96.2109375
2025-12-08 23:07:37,96.1875
2025-12-08 23:10:07,96.1640625
2025-12-08 23:12:37,96.140625
2025-12-08 23:15:07,96.1171875
2025-12-08 23:17:37,96.09375
2025-12-08 23:20:07,96.0703125
2025-12-08 23:22:37,96.046875
2025-12-08 23:25:07,96.0234375
2025-12-08 23:27:37,96.0
2025-12-08 23:30:07,95.9765625
2025-12-08 23:32:37,95.953125
2025-12-08 23:35:07,95.9296875
2025-12-08 23:37:37,95.90625
2025-12-08 23:40:07,95.8828125
2025-12-08 23:42:37,95.859375
2025-12-08 23:45:07,95.8359375
2025-12-08 23:47:37,95.8125
2025-12-08 23:50:07,95.7890625
2025-12-08 23:52:37,95.765625
2025-12-08 23:55:07,95.7421875
2025-12-08 23:57:37,95.71875
2025-12-09 00:00:07,95.6953125
2025-12-09 00:02:37,95.671875
2025-12-09 00:05:07,95.6484375
2025-12-09 00:07:37,95.625
2025-12-09 00:10:07,95.6015625
2025-12-09 00:12:37,95.578125
2025-12-09 00:15:07,95.5546875
2025-12-09 00:17:37,95.53125
2025-12-09 00:20:07,95.5078125
2025-12-09 00:22:37,95.484375
2025-12-09 00:25:07,95.4609375
2025-12-09 00:27:37,95.4375
2025-12-09 00:30:07,95.4140625
2025-12-09 00:32:37,95.390625
2025-12-09 00:35:07,95.3671875
2025-12-09 00:37:37,95.34375
2025-12-09 00:40:07,95.3203125
2025-12-09 00:42:37,95.296875
2025-12-09 00:45:07,95.2734375
2025-12-09 00:47:37,95.25
2025-12-09 00:50:07,95.2265625
2025-12-09 00:52:37,95.203125
2025-12-09 00:55:07,95.1796875
2025-12-09 00:57:37,95.15625
2025-12-09 01:00:07,95.1328125
2025-12-09 01:02:37,95.109375
2025-12-09 01:05:07,95.0859375
2025-12-09 01:07:37,95.0625
2025-12-09 01:10:07,95.0390625
2025-12-09 01:12:37,95.015625
2025-12-09 01:15:07,94.9921875
2025-12-09 01:17:37,94.96875
2025-12-09 01:20:07,94.9453125
2025-12-09 01:22:37,94.921875
2025-12-09 01:25:07,94.8984375
2025-12-09 01:27:37,94.875
2025-12-09 01:30:07,94.8515625
2025-12-09 01:32:37,94.828125
2025-12-09 01:35:07,94.8046875
2025-12-09 01:37:37,94.78125
2025-12-09 01:40:07,94.7578125
2025-12-09 01:42:37,94.734375
2025-12-09 01:45:07,94.7109375
2025-12-09 01:47:37,94.6875
2025-12-09 01:50:07,94.6640625
2025-12-09 01:52:37,94.640625
2025-12-09 01:55:07,94.6171875
2025-12-09 01:57:37,94.59375
2025-12-09 02:00:07,94.5703125
2025-12-09 02:02:37,94.546875
2025-12-09 02:05:07,94.5234375
2025-12-09 02:07:37,94.5
2025-12-09 02:10:07,94.4765625
2025-12-09 02:12:37,94.453125
2025-12-09 02:15:07,94.4296875
2025-12-09 02:17:37,94.40625
2025-12-09 02:20:07,94.3828125
2025-12-09 02:22:37,94.359375
2025-12-09 02:25:07,94.3359375
2025-12-09 02:27:37,94.3125
2025-12-09 02:30:07,94.2890625
2025-12-09 02:32:37,94.265625
2025-12-09 02:35:07,94.2421875
2025-12-09 02:37:37,94.21875
2025-12-09 02:40:07,94.1953125
2025-12-09 02:42:37,94.171875
2025-12-09 02:45:07,94.1484375
2025-12-09 02:47:37,94.125
2025-12-09 02:50:07,94.1015625
2025-12-09 02:52:37,94.078125
2025-12-09 02:55:07,94.0546875
2025-12-09 02:57:37,94.03125
2025-12-09 03:00:07,94.0078125
2025-12-09 03:02:37,93.984375
2025-12-09 03:05:07,93.9609375
2025-12-09 03:07:37,93.9375
2025-12-09 03:10:07,93.9140625
2025-12-09 03:12:37,93.890625
2025-12-09 03:15:07,93.8671875
2025-12-09 03:17:37,93.84375
2025-12-09 03:20:07,93.8203125
2025-12-09 03:22:37,93.796875
2025-12-09 03:25:07,93.7734375
2025-12-09 03:27:37,93.75
2025-12-09 03:30:07,93.7265625
2025-12-09 03:32:37,93.703125
2025-12-09 03:35:07,93.6796875
2025-12-09 03:37:37,93.65625
2025-12-09 03:40:07,93.6328125
2025-12-09 03:42:37,93.609375
2025-12-09 03:45:07,93.5859375
2025-12-09 03:47:37,93.5625
2025-12-09 03:50:07,93.5390625
2025-12-09 03:52:37,93.515625
2025-12-09 03:55:07,93.4921875
2025-12-09 03:57:37,93.46875
2025-12-09 04:00:07,93.4453125
2025-12-09 04:02:37,93.421875
2025-12-09 04:05:07,93.3984375
2025-12-09 04:07:37,93.375
2025-12-09 04:10:07,93.3515625
2025-12-09 04:12:37,93.328125
2025-12-09 04:15:07,93.3046875
2025-12-09 04:17:37,93.28125
2025-12-09 04:20:07,93.2578125
2025-12-09 04:22:37,93.234375
2025-12-09 04:25:07,93.2109375
2025-12-09 04:27:37,93.1875
2025-12-09 04:30:07,93.1640625
2025-12-09 04:32:37,93.140625
2025-12-09 04:35:07,93.1171875
2025-12-09 04:37:37,93.09375
2025-12-09 04:40:07,93.0703125
2025-12-09 04:42:37,93.046875
2025-12-09 04:45:07,93.0234375
2025-12-09 04:47:37,93.0
2025-12-09 04:50:07,92.9765625
2025-12-09 04:52:37,92.953125
2025-12-09 04:55:07,92.9296875
2025-12-09 04:57:37,92.90625
2025-12-09 05:00:07,92.8828125
2025-12-09 05:02:37,92.859375
2025-12-09 05:05:07,92.8359375
2025-12-09 05:07:37,92.8125
2025-12-09 05:10:07,92.7890625
2025-12-09 05:12:37,92.765625
2025-12-09 05:15:07,92.7421875
2025-12-09 05:17:37,92.71875
2025-12-09 05:20:07,92.6953125
2025-12-09 05:22:37,92.671875
2025-12-09 05:25:07,92.6484375
2025-12-09 05:27:37,92.625
2025-12-09 05:30:07,92.6015625
2025-12-09 05:32:37,92.578125
2025-12-09 05:35:07,92.5546875
2025-12-09 05:37:37,92.53125
2025-12-09 05:40:07,92.5078125
2025-12-09 05:42:37,92.484375
2025-12-09 05:45:07,92.4609375
2025-12-09 05:47:37,92.4375
2025-12-09 05:50:07,92.4140625
2025-12-09 05:52:37,92.390625
2025-12-09 05:55:07,92.3671875
2025-12-09 05:57:37,92.34375
2025-12-09 06:00:07,92.3203125
2025-12-09 06:02:37,92.296875
2025-12-09 06:05:07,92.2734375
2025-12-09 06:07:37,92.25
2025-12-09 06:10:07,92.2265625
2025-12-09 06:12:37,92.203125
2025-12-09 06:15:07,92.1796875
2025-12-09 06:17:37,92.15625
2025-12-09 06:20:07,92.1328125
2025-12-09 06:22:37,92.109375
2025-12-09 06:25:07,92.0859375
2025-12-09 06:27:37,92.0625
2025-12-09 06:30:07,92.0390625
2025-12-09 06:32:37,92.015625
2025-12-09 06:35:07,91.9921875
2025-12-09 06:37:37,91.96875
2025-12-09 06:40:07,91.9453125
2025-12-09 06:42:37,91.921875
2025-12-09 06:45:07,91.8984375
2025-12-09 06:47:37,91.875
2025-12-09 06:50:07,91.8515625
2025-12-09 06:52:37,91.828125
2025-12-09 06:55:07,91.8046875
2025-12-09 06:57:37,91.78125
2025-12-09 07:00:07,91.7578125
2025-12-09 07:02:37,91.734375
2025-12-09 07:05:07,91.7109375
2025-12-09 07:07:37,91.6875
2025-12-09 07:10:07,91.6640625
2025-12-09 07:12:37,91.640625
2025-12-09 07:15:07,91.6171875
2025-12-09 07:17:37,91.59375
2025-12-09 07:20:07,91.5703125
2025-12-09 07:22:37,91.546875
2025-12-09 07:25:07,91.5234375
2025-12-09 07:27:37,91.5
2025-12-09 07:30:07,91.4765625
2025-12-09 07:32:37,91.453125
2025-12-09 07:35:07,91.4296875
2025-12-09 07:37:37,91.40625
2025-12-09 07:40:07,91.3828125
2025-12-09 07:42:37,91.359375
2025-12-09 07:45:07,91.3359375
2025-12-09 07:47:37,91.3125
2025-12-09 07:50:07,91.2890625
2025-12-09 07:52:37,91.265625
2025-12-09 07:55:07,91.2421875
2025-12-09 07:57:37,91.21875
2025-12-09 08:00:07,91.1953125
2025-12-09 08:02:37,91.171875
2025-12-09 08:05:07,91.1484375
2025-12-09 08:07:37,91.125
2025-12-09 08:10:07,91.1015625
2025-12-09 08:12:37,91.078125
2025-12-09 08:15:07,91.0546875
2025-12-09 08:17:37,91.03125
2025-12-09 08:20:07,91.0078125
2025-12-09 08:22:37,90.984375
2025-12-09 08:25:07,90.9609375
2025-12-09 08:27:37,90.9375
2025-12-09 08:30:07,90.9140625
2025-12-09 08:32:37,90.890625
2025-12-09 08:35:07,90.8671875
2025-12-09 08:37:37,90.84375
2025-12-09 08:40:07,90.8203125
2025-12-09 08:42:37,90.796875
2025-12-09 08:45:07,90.7734375
2025-12-09 08:47:37,90.75
2025-12-09 08:50:07,90.7265625
2025-12-09 08:52:37,90.703125
2025-12-09 08:55:07,90.6796875
2025-12-09 08:57:37,90.65625
2025-12-09 09:00:07,90.6328125
2025-12-09 09:02:37,90.609375
2025-12-09 09:05:07,90.5859375
2025-12-09 09:07:37,90.5625
2025-12-09 09:10:07,90.5390625
2025-12-09 09:12:37,90.515625
2025-12-09 09:15:07,90.4921875
2025-12-09 09:17:37,90.46875
2025-12-09 09:20:07,90.4453125
2025-12-09 09:22:37,90.421875
2025-12-09 09:25:07,90.3984375
2025-12-09 09:27:37,90.375
2025-12-09 09:30:07,90.3515625
2025-12-09 09:32:37,90.328125
2025-12-09 09:35:07,90.3046875
2025-12-09 09:37:37,90.28125
2025-12-09 09:40:07,90.2578125
2025-12-09 09:42:37,90.234375
2025-12-09 09:45:07,90.2109375
2025-12-09 09:47:37,90.1875
2025-12-09 09:50:07,90.1640625
2025-12-09 09:52:37,90.140625
2025-12-09 09:55:07,90.1171875
2025-12-09 09:57:37,90.09375
2025-12-09 10:00:07,90.0703125
2025-12-09 10:02:37,90.046875
2025-12-09 10:05:07,90.0234375
2025-12-09 10:07:37,90.0
2025-12-09 10:10:07,89.96740994854203
2025-12-09 10:12:37,89.93481989708405
2025-12-09 10:15:07,89.90222984562607
2025-12-09 10:17:37,89.8696397941681
2025-12-09 10:20:07,89.83704974271012
2025-12-09 10:22:37,89.80445969125215
2025-12-09 10:25:07,89.77186963979416
2025-12-09 10:27:37,89.73927958833619
2025-12-09 10:30:07,89.70668953687822
2025-12-09 10:32:37,89.67409948542024
2025-12-09 10:35:07,89.64150943396227
2025-12-09 10:37:37,89.60891938250428
2025-12-09 10:40:07,89.57632933104631
2025-12-09 10:42:37,89.54373927958834
2025-12-09 10:45:07,89.51114922813036
2025-12-09 10:47:37,89.47855917667239
2025-12-09 10:50:07,89.4459691252144
2025-12-09 10:52:37,89.41337907375643
2025-12-09 10:55:07,89.38078902229846
2025-12-09 10:57:37,89.34819897084049
2025-12-09 11:00:07,89.3156089193825
2025-12-09 11:02:37,89.28301886792453
2025-12-09 11:05:07,89.25042881646655
2025-12-09 11:07:37,89.21783876500858
2025-12-09 11:10:07,89.1852487135506
2025-12-09 11:12:37,89.15265866209262
2025-12-09 11:15:07,89.12006861063465
2025-12-09 11:17:37,89.08747855917667
2025-12-09 11:20:07,89.0548885077187
2025-12-09 11:22:37,89.02229845626071
2025-12-09 11:25:07,88.98970840480274
2025-12-09 11:27:37,88.95711835334477
2025-12-09 11:30:07,88.9245283018868
2025-12-09 11:32:37,88.89193825042882
2025-12-09 11:35:07,88.85934819897084
2025-12-09 11:37:37,88.82675814751286
2025-12-09 11:40:07,88.79416809605489
2025-12-09 11:42:37,88.76157804459692
2025-12-09 11:45:07,88.72898799313894
2025-12-09 11:47:37,88.69639794168096
2025-12-09 11:50:07,88.66380789022298
2025-12-09 11:52:37,88.63121783876501
2025-12-09 11:55:07,88.59862778730704
2025-12-09 11:57:37,88.56603773584905
2025-12-09 12:00:07,88.53344768439108
2025-12-09 12:02:37,88.5008576329331
2025-12-09 12:05:07,88.46826758147513
2025-12-09 12:07:37,88.43567753001716
2025-12-09 12:10:07,88.40308747855917
2025-12-09 12:12:37,88.3704974271012
2025-12-09 12:15:07,88.33790737564323
2025-12-09 12:17:37,88.30531732418525
2025-12-09 12:20:07,88.27272727272727
2025-12-09 12:22:37,88.2401372212693
2025-12-09 12:25:07,88.20754716981132
2025-12-09 12:27:37,88.17495711835335
2025-12-09 12:30:07,88.14236706689537
2025-12-09 12:32:37,88.10977701543739
2025-12-09 12:35:07,88.07718696397941
2025-12-09 12:37:37,88.04459691252144
2025-12-09 12:40:07,88.01200686106347
2025-12-09 12:42:37,87.97941680960548
2025-12-09 12:45:07,87.94682675814751
2025-12-09 12:47:37,87.91423670668954
2025-12-09 12:50:07,87.88164665523156
2025-12-09 12:52:37,87.84905660377359
2025-12-09 12:55:07,87.8164665523156
2025-12-09 12:57:37,87.78387650085763
2025-12-09 13:00:07,87.75128644939966
2025-12-09 13:02:37,87.71869639794168
2025-12-09 13:05:07,87.68610634648371
2025-12-09 13:07:37,87.65351629502572
2025-12-09 13:10:07,87.62092624356775
2025-12-09 13:12:37,87.58833619210978
2025-12-09 13:15:07,87.5557461406518
2025-12-09 13:17:37,87.52315608919382
2025-12-09 13:20:07,87.49056603773585
2025-12-09 13:22:37,87.45797598627787
2025-12-09 13:25:07,87.4253859348199
2025-12-09 13:27:37,87.39279588336193
2025-12-09 13:30:07,87.36020583190394
2025-12-09 13:32:37,87.32761578044597
2025-12-09 13:35:07,87.295025728988
2025-12-09 13:37:37,87.26243567753002
2025-12-09 13:40:07,87.22984562607203
2025-12-09 13:42:37,87.19725557461406
2025-12-09 13:45:07,87.16466552315609
2025-12-09 13:47:37,87.13207547169812
2025-12-09 13:50:07,87.09948542024014
2025-12-09 13:52:37,87.06689536878216
2025-12-09 13:55:07,87.03430531732418
2025-12-09 13:57:37,87.00171526586621
2025-12-09 14:00:07,86.96912521440824
2025-12-09 14:02:37,86.93653516295026
2025-12-09 14:05:07,86.90394511149228
2025-12-09 14:07:37,86.8713550600343
2025-12-09 14:10:07,86.83876500857633
2025-12-09 14:12:37,86.80617495711836
2025-12-09 14:15:07,86.77358490566037
2025-12-09 14:17:37,86.7409948542024
2025-12-09 14:20:07,86.70840480274443
2025-12-09 14:22:37,86.67581475128645
2025-12-09 14:25:07,86.64322469982848
2025-12-09 14:27:37,86.61063464837049
2025-12-09 14:30:07,86.57804459691252
2025-12-09 14:32:37,86.54545454545455
2025-12-09 14:35:07,86.51286449399657
2025-12-09 14:37:37,86.48027444253859
2025-12-09 14:40:07,86.44768439108061
2025-12-09 14:42:37,86.41509433962264
2025-12-09 14:45:07,86.38250428816467
2025-12-09 14:47:37,86.3499142367067
2025-12-09 14:50:07,86.31732418524871
2025-12-09 14:52:37,86.28473413379074
2025-12-09 14:55:07,86.25214408233276
2025-12-09 14:57:37,86.21955403087479
2025-12-09 15:00:07,86.18696397941682
2025-12-09 15:02:37,86.15437392795883
2025-12-09 15:05:07,86.12178387650086
2025-12-09 15:07:37,86.08919382504288
2025-12-09 15:10:07,86.05660377358491
2025-12-09 15:12:37,86.02401372212692
2025-12-09 15:15:07,85.99142367066895
2025-12-09 15:17:37,85.95883361921098
2025-12-09 15:20:07,85.926243567753
2025-12-09 15:22:37,85.89365351629503
2025-12-09 15:25:07,85.86106346483704
2025-12-09 15:27:37,85.82847341337907
2025-12-09 15:30:07,85.7958833619211
2025-12-09 15:32:37,85.76329331046313
2025-12-09 15:35:07,85.73070325900514
2025-12-09 15:37:37,85.69811320754717
2025-12-09 15:40:07,85.6655231560892
2025-12-09 15:42:37,85.63293310463122
2025-12-09 15:45:07,85.60034305317325
2025-12-09 15:47:37,85.56775300171526
2025-12-09 15:50:07,85.53516295025729
2025-12-09 15:52:37,85.50257289879931
2025-12-09 15:55:07,85.46998284734134
2025-12-09 15:57:37,85.43739279588335
2025-12-09 16:00:07,85.40480274442538
2025-12-09 16:02:37,85.37221269296741
2025-12-09 16:05:07,85.33962264150944
2025-12-09 16:07:37,85.30703259005146
2025-12-09 16:10:07,85.27444253859348
2025-12-09 16:12:37,85.2418524871355
2025-12-09 16:15:07,85.20926243567753
2025-12-09 16:17:37,85.17667238421956
2025-12-09 16:20:07,85.14408233276158
2025-12-09 16:22:37,85.1114922813036
2025-12-09 16:25:07,85.07890222984562
2025-12-09 16:27:37,85.04631217838765
2025-12-09 16:30:07,85.01372212692968
2025-12-09 16:32:37,84.98113207547169
2025-12-09 16:35:07,84.94854202401372
2025-12-09 16:37:37,84.91595197255575
2025-12-09 16:40:07,84.88336192109777
2025-12-09 16:42:37,84.8507718696398
2025-12-09 16:45:07,84.81818181818181
2025-12-09 16:47:37,84.78559176672384
2025-12-09 16:50:07,84.75300171526587
2025-12-09 16:52:37,84.7204116638079
2025-12-09 16:55:07,84.68782161234991
2025-12-09 16:57:37,84.65523156089193
2025-12-09 17:00:07,84.62264150943396
2025-12-09 17:02:37,84.59005145797599
2025-12-09 17:05:07,84.55746140651802
2025-12-09 17:07:37,84.52487135506003
2025-12-09 17:10:07,84.49228130360206
2025-12-09 17:12:37,84.45969125214408
2025-12-09 17:15:07,84.42710120068611
2025-12-09 17:17:37,84.39451114922814
2025-12-09 17:20:07,84.36192109777015
2025-12-09 17:22:37,84.32933104631218
2025-12-09 17:25:07,84.2967409948542
2025-12-09 17:27:37,84.26415094339623
2025-12-09 17:30:07,84.23156089193824
2025-12-09 17:32:37,84.19897084048027
2025-12-09 17:35:07,84.1663807890223
2025-12-09 17:37:37,84.13379073756433
2025-12-09 17:40:07,84.10120068610635
2025-12-09 17:42:37,84.06861063464837
2025-12-09 17:45:07,84.03602058319039
2025-12-09 17:47:37,84.00343053173242
2025-12-09 17:50:07,83.97084048027445
2025-12-09 17:52:37,83.93825042881646
2025-12-09 17:55:07,83.90566037735849
2025-12-09 17:57:37,83.87307032590051
2025-12-09 18:00:07,83.84048027444254
2025-12-09 18:02:37,83.80789022298457
2025-12-09 18:05:07,83.77530017152658
2025-12-09 18:07:37,83.74271012006861
2025-12-09 18:10:07,83.71012006861064
2025-12-09 18:12:37,83.67753001715266
2025-12-09 18:15:07,83.64493996569469
2025-12-09 18:17:37,83.6123499142367
2025-12-09 18:20:07,83.57975986277873
2025-12-09 18:22:37,83.54716981132076
2025-12-09 18:25:07,83.51457975986278
2025-12-09 18:27:37,83.4819897084048
2025-12-09 18:30:07,83.44939965694682
2025-12-09 18:32:37,83.41680960548885
2025-12-09 18:35:07,83.38421955403088
2025-12-09 18:37:37,83.3516295025729
2025-12-09 18:40:07,83.31903945111492
2025-12-09 18:42:37,83.28644939965695
2025-12-09 18:45:07,83.25385934819897
2025-12-09 18:47:37,83.221269296741
2025-12-09 18:50:07,83.18867924528301
2025-12-09 18:52:37,83.15608919382504
2025-12-09 18:55:07,83.12349914236707
2025-12-09 18:57:37,83.0909090909091
2025-12-09 19:00:07,83.05831903945112
2025-12-09 19:02:37,83.02572898799313
2025-12-09 19:05:07,82.99313893653516
2025-12-09 19:07:37,82.96054888507719
2025-12-09 19:10:07,82.92795883361921
2025-12-09 19:12:37,82.89536878216124
2025-12-09 19:15:07,82.86277873070325
2025-12-09 19:17:37,82.83018867924528
2025-12-09 19:20:07,82.79759862778731
2025-12-09 19:22:37,82.76500857632934
2025-12-09 19:25:07,82.73241852487135
2025-12-09 19:27:37,82.69982847341338
2025-12-09 19:30:07,82.6672384219554
2025-12-09 19:32:37,82.63464837049743
2025-12-09 19:35:07,82.60205831903946
2025-12-09 19:37:37,82.56946826758147
2025-12-09 19:40:07,82.5368782161235
2025-12-09 19:42:37,82.50428816466552
2025-12-09 19:45:07,82.47169811320755
2025-12-09 19:47:37,82.43910806174956
2025-12-09 19:50:07,82.40651801029159
2025-12-09 19:52:37,82.37392795883362
2025-12-09 19:55:07,82.34133790737565
2025-12-09 19:57:37,82.30874785591767
2025-12-09 20:00:07,82.27615780445969
2025-12-09 20:02:37,82.24356775300171
2025-12-09 20:05:07,82.21097770154374
2025-12-09 20:07:37,82.17838765008577
2025-12-09 20:10:07,82.14579759862778
2025-12-09 20:12:37,82.11320754716981
2025-12-09 20:15:07,82.08061749571183
2025-12-09 20:17:37,82.04802744425386
2025-12-09 20:20:07,82.01543739279589
2025-12-09 20:22:37,81.9828473413379
2025-12-09 20:25:07,81.95025728987993
2025-12-09 20:27:37,81.91766723842196
2025-12-09 20:30:07,81.88507718696398
2025-12-09 20:32:37,81.85248713550601
2025-12-09 20:35:07,81.81989708404802
2025-12-09 20:37:37,81.78730703259005
2025-12-09 20:40:07,81.75471698113208
2025-12-09 20:42:37,81.7221269296741
2025-12-09 20:45:07,81.68953687821612
2025-12-09 20:47:37,81.65694682675814
2025-12-09 20:50:07,81.62435677530017
2025-12-09 20:52:37,81.5917667238422
2025-12-09 20:55:07,81.55917667238423
2025-12-09 20:57:37,81.52658662092624
2025-12-09 21:00:07,81.49399656946827
2025-12-09 21:02:37,81.46140651801029
2025-12-09 21:05:07,81.42881646655232
2025-12-09 21:07:37,81.39622641509433
2025-12-09 21:10:07,81.36363636363636
2025-12-09 21:12:37,81.33104631217839
2025-12-09 21:15:07,81.29845626072041
2025-12-09 21:17:37,81.26586620926244
2025-12-09 21:20:07,81.23327615780445
2025-12-09 21:22:37,81.20068610634648
2025-12-09 21:25:07,81.16809605488851
2025-12-09 21:27:37,81.13550600343054
2025-12-09 21:30:07,81.10291595197256
2025-12-09 21:32:37,81.07032590051458
2025-12-09 21:35:07,81.0377358490566
2025-12-09 21:37:37,81.00514579759863
2025-12-09 21:40:07,80.97255574614066
2025-12-09 21:42:37,80.93996569468267
2025-12-09 21:45:07,80.9073756432247
2025-12-09 21:47:37,80.87478559176672
2025-12-09 21:50:07,80.84219554030875
2025-12-09 21:52:37,80.80960548885078
2025-12-09 21:55:07,80.77701543739279
2025-12-09 21:57:37,80.74442538593482
2025-12-09 22:00:07,80.71183533447685
2025-12-09 22:02:37,80.67924528301887
2025-12-09 22:05:07,80.64665523156089
2025-12-09 22:07:37,80.61406518010291
2025-12-09 22:10:07,80.58147512864494
2025-12-09 22:12:37,80.54888507718697
2025-12-09 22:15:07,80.516295025729
2025-12-09 22:17:37,80.483704974271
2025-12-09 22:20:07,80.45111492281303
2025-12-09 22:22:37,80.41852487135506
2025-12-09 22:25:07,80.38593481989709
2025-12-09 22:27:37,80.35334476843911
2025-12-09 22:30:07,80.32075471698113
2025-12-09 22:32:37,80.28816466552315
2025-12-09 22:35:07,80.25557461406518
2025-12-09 22:37:37,80.22298456260721
2025-12-09 22:40:07,80.19039451114922
2025-12-09 22:42:37,80.15780445969125
2025-12-09 22:45:07,80.12521440823328
2025-12-09 22:47:37,80.0926243567753
2025-12-09 22:50:07,80.06003430531733
2025-12-09 22:52:37,80.02744425385934
2025-12-09 22:55:07,79.99485420240137
2025-12-09 22:57:37,79.9622641509434
2025-12-09 23:00:07,79.92967409948542
2025-12-09 23:02:37,79.89708404802744
2025-12-09 23:05:07,79.86449399656946
2025-12-09 23:07:37,79.83190394511149
2025-12-09 23:10:07,79.79931389365352
2025-12-09 23:12:37,79.76672384219555
2025-12-09 23:15:07,79.73413379073756
2025-12-09 23:17:37,79.70154373927959
2025-12-09 23:20:07,79.66895368782161
2025-12-09 23:22:37,79.63636363636364
2025-12-09 23:25:07,79.60377358490565
2025-12-09 23:27:37,79.57118353344768
2025-12-09 23:30:07,79.53859348198971
2025-12-09 23:32:37,79.50600343053173
2025-12-09 23:35:07,79.47341337907376
2025-12-09 23:37:37,79.44082332761577
2025-12-09 23:40:07,79.4082332761578
2025-12-09 23:42:37,79.37564322469983
2025-12-09 23:45:07,79.34305317324186
2025-12-09 23:47:37,79.31046312178388
2025-12-09 23:50:07,79.2778730703259
2025-12-09 23:52:37,79.24528301886792
2025-12-09 23:55:07,79.21269296740995
2025-12-09 23:57:37,79.18010291595198
2025-12-10 00:00:07,79.14751286449399
2025-12-10 00:02:37,79.11492281303602
2025-12-10 00:05:07,79.08233276157804
2025-12-10 00:07:37,79.04974271012007
2025-12-10 00:10:07,79.0171526586621
2025-12-10 00:12:37,78.98456260720411
2025-12-10 00:15:07,78.95197255574614
2025-12-10 00:17:37,78.91938250428817
2025-12-10 00:20:07,78.88679245283019
2025-12-10 00:22:37,78.8542024013722
2025-12-10 00:25:07,78.82161234991423
2025-12-10 00:27:37,78.78902229845626
2025-12-10 00:30:07,78.75643224699829
2025-12-10 00:32:37,78.72384219554031
2025-12-10 00:35:07,78.69125214408233
2025-12-10 00:37:37,78.65866209262435
2025-12-10 00:40:07,78.62607204116638
2025-12-10 00:42:37,78.59348198970841
2025-12-10 00:45:07,78.56089193825044
2025-12-10 00:47:37,78.52830188679245
2025-12-10 00:50:07,78.49571183533448
2025-12-10 00:52:37,78.4631217838765
2025-12-10 00:55:07,78.43053173241853
2025-12-10 00:57:37,78.39794168096054
2025-12-10 01:00:07,78.36535162950257
2025-12-10 01:02:37,78.3327615780446
2025-12-10 01:05:07,78.30017152658662
2025-12-10 01:07:37,78.26758147512865
2025-12-10 01:10:07,78.23499142367066
2025-12-10 01:12:37,78.20240137221269
2025-12-10 01:15:07,78.16981132075472
2025-12-10 01:17:37,78.13722126929675
2025-12-10 01:20:07,78.10463121783876
2025-12-10 01:22:37,78.07204116638079
2025-12-10 01:25:07,78.03945111492281
2025-12-10 01:27:37,78.00686106346484
2025-12-10 01:30:07,77.97427101200687
2025-12-10 01:32:37,77.94168096054888
2025-12-10 01:35:07,77.9090909090909
2025-12-10 01:37:37,77.87650085763293
2025-12-10 01:40:07,77.84391080617496
2025-12-10 01:42:37,77.81132075471699
2025-12-10 01:45:07,77.778730703259
2025-12-10 01:47:37,77.74614065180103
2025-12-10 01:50:07,77.71355060034305
2025-12-10 01:52:37,77.68096054888508
2025-12-10 01:55:07,77.6483704974271
2025-12-10 01:57:37,77.61578044596912
2025-12-10 02:00:07,77.58319039451115
2025-12-10 02:02:37,77.55060034305318
2025-12-10 02:05:07,77.5180102915952
2025-12-10 02:07:37,77.48542024013722
2025-12-10 02:10:07,77.45283018867924
2025-12-10 02:12:37,77.42024013722127
2025-12-10 02:15:07,77.3876500857633
2025-12-10 02:17:37,77.35506003430531
2025-12-10 02:20:07,77.32246998284734
2025-12-10 02:22:37,77.28987993138936
2025-12-10 02:25:07,77.25728987993139
2025-12-10 02:27:37,77.22469982847342
2025-12-10 02:30:07,77.19210977701543
2025-12-10 02:32:37,77.15951972555746
2025-12-10 02:35:07,77.12692967409949
2025-12-10 02:37:37,77.09433962264151
2025-12-10 02:40:07,77.06174957118354
2025-12-10 02:42:37,77.02915951972555
2025-12-10 02:45:07,76.99656946826758
2025-12-10 02:47:37,76.96397941680961
2025-12-10 02:50:07,76.93138936535163
2025-12-10 02:52:37,76.89879931389365
2025-12-10 02:55:07,76.86620926243567
2025-12-10 02:57:37,76.8336192109777
2025-12-10 03:00:07,76.80102915951973
2025-12-10 03:02:37,76.76843910806176
2025-12-10 03:05:07,76.73584905660377
2025-12-10 03:07:37,76.7032590051458
2025-12-10 03:10:07,76.67066895368782
2025-12-10 03:12:37,76.63807890222985
2025-12-10 03:15:07,76.60548885077186
2025-12-10 03:17:37,76.57289879931389
2025-12-10 03:20:07,76.54030874785592
2025-12-10 03:22:37,76.50771869639794
2025-12-10 03:25:07,76.47512864493997
2025-12-10 03:27:37,76.44253859348198
2025-12-10 03:30:07,76.40994854202401
2025-12-10 03:32:37,76.37735849056604
2025-12-10 03:35:07,76.34476843910807
2025-12-10 03:37:37,76.31217838765008
2025-12-10 03:40:07,76.2795883361921
2025-12-10 03:42:37,76.24699828473413
2025-12-10 03:45:07,76.21440823327616
2025-12-10 03:47:37,76.18181818181819
2025-12-10 03:50:07,76.1492281303602
2025-12-10 03:52:37,76.11663807890223
2025-12-10 03:55:07,76.08404802744425
2025-12-10 03:57:37,76.05145797598628
2025-12-10 04:00:07,76.01886792452831
2025-12-10 04:02:37,75.98627787307032
2025-12-10 04:05:07,75.95368782161235
2025-12-10 04:07:37,75.92109777015438
2025-12-10 04:10:07,75.8885077186964
2025-12-10 04:12:37,75.85591766723842
2025-12-10 04:15:07,75.82332761578044
2025-12-10 04:17:37,75.79073756432247
2025-12-10 04:20:07,75.7581475128645
2025-12-10 04:22:37,75.72555746140652
2025-12-10 04:25:07,75.69296740994854
2025-12-10 04:27:37,75.66037735849056
2025-12-10 04:30:07,75.62778730703259
2025-12-10 04:32:37,75.59519725557462
2025-12-10 04:35:07,75.56260720411663
2025-12-10 04:37:37,75.53001715265866
2025-12-10 04:40:07,75.49742710120069
2025-12-10 04:42:37,75.46483704974271
2025-12-10 04:45:07,75.43224699828474
2025-12-10 04:47:37,75.39965694682675
2025-12-10 04:50:07,75.36706689536878
2025-12-10 04:52:37,75.3344768439108
2025-12-10 04:55:07,75.30188679245283
2025-12-10 04:57:37,75.26929674099486
2025-12-10 05:00:07,75.23670668953687
2025-12-10 05:02:37,75.2041166380789
2025-12-10 05:05:07,75.17152658662093
2025-12-10 05:07:37,75.13893653516296
2025-12-10 05:10:07,75.10634648370497
2025-12-10 05:12:37,75.073756432247
2025-12-10 05:15:07,75.04116638078902
2025-12-10 05:17:37,75.00857632933105
2025-12-10 05:20:07,74.97598627787308
2025-12-10 05:22:37,74.94339622641509
2025-12-10 05:25:07,74.91080617495712
2025-12-10 05:27:37,74.87821612349914
2025-12-10 05:30:07,74.84562607204117
2025-12-10 05:32:37,74.81303602058318
2025-12-10 05:35:07,74.78044596912521
2025-12-10 05:37:37,74.74785591766724
2025-12-10 05:40:07,74.71526586620926
2025-12-10 05:42:37,74.68267581475129
2025-12-10 05:45:07,74.6500857632933
2025-12-10 05:47:37,74.61749571183533
2025-12-10 05:50:07,74.58490566037736
2025-12-10 05:52:37,74.55231560891939
2025-12-10 05:55:07,74.51972555746141
2025-12-10 05:57:37,74.48713550600343
2025-12-10 06:00:07,74.45454545454545
2025-12-10 06:02:37,74.42195540308748
2025-12-10 06:05:07,74.38936535162951
2025-12-10 06:07:37,74.35677530017152
2025-12-10 06:10:07,74.32418524871355
2025-12-10 06:12:37,74.29159519725557
2025-12-10 06:15:07,74.2590051457976
2025-12-10 06:17:37,74.22641509433963
2025-12-10 06:20:07,74.19382504288164
2025-12-10 06:22:37,74.16123499142367
2025-12-10 06:25:07,74.1286449399657
2025-12-10 06:27:37,74.09605488850772
2025-12-10 06:30:07,74.06346483704974
2025-12-10 06:32:37,74.03087478559176
2025-12-10 06:35:07,73.99828473413379
2025-12-10 06:37:37,73.96569468267582
2025-12-10 06:40:07,73.93310463121784
2025-12-10 06:42:37,73.90051457975986
2025-12-10 06:45:07,73.86792452830188
2025-12-10 06:47:37,73.83533447684391
2025-12-10 06:50:07,73.80274442538594
2025-12-10 06:52:37,73.77015437392795
2025-12-10 06:55:07,73.73756432246998
2025-12-10 06:57:37,73.704974271012
2025-12-10 07:00:07,73.67238421955403
2025-12-10 07:02:37,73.63979416809606
2025-12-10 07:05:07,73.60720411663807
2025-12-10 07:07:37,73.5746140651801
2025-12-10 07:10:07,73.54202401372213
2025-12-10 07:12:37,73.50943396226415
2025-12-10 07:15:07,73.47684391080618
2025-12-10 07:17:37,73.4442538593482
2025-12-10 07:20:07,73.41166380789022
2025-12-10 07:22:37,73.37907375643225
2025-12-10 07:25:07,73.34648370497428
2025-12-10 07:27:37,73.31389365351629
2025-12-10 07:30:07,73.28130360205832
2025-12-10 07:32:37,73.24871355060034
2025-12-10 07:35:07,73.21612349914237
2025-12-10 07:37:37,73.1835334476844
2025-12-10 07:40:07,73.15094339622641
2025-12-10 07:42:37,73.11835334476844
2025-12-10 07:45:07,73.08576329331046
2025-12-10 07:47:37,73.05317324185249
2025-12-10 07:50:07,73.0205831903945
2025-12-10 07:52:37,72.98799313893653
2025-12-10 07:55:07,72.95540308747856
2025-12-10 07:57:37,72.92281303602059
2025-12-10 08:00:07,72.89022298456261
2025-12-10 08:02:37,72.85763293310463
2025-12-10 08:05:07,72.82504288164665
2025-12-10 08:07:37,72.79245283018868
2025-12-10 08:10:07,72.7598627787307
2025-12-10 08:12:37,72.72727272727273
2025-12-10 08:15:07,72.69468267581475
2025-12-10 08:17:37,72.66209262435677
2025-12-10 08:20:07,72.6295025728988
2025-12-10 08:22:37,72.59691252144083
2025-12-10 08:25:07,72.56432246998284
2025-12-10 08:27:37,72.53173241852487
2025-12-10 08:30:07,72.4991423670669
2025-12-10 08:32:37,72.46655231560892
2025-12-10 08:35:07,72.43396226415095
2025-12-10 08:37:37,72.40137221269296
2025-12-10 08:40:07,72.36878216123499
2025-12-10 08:42:37,72.33619210977702
2025-12-10 08:45:07,72.30360205831904
2025-12-10 08:47:37,72.27101200686106
2025-12-10 08:50:07,72.23842195540308
2025-12-10 08:52:37,72.20583190394511
2025-12-10 08:55:07,72.17324185248714
2025-12-10 08:57:37,72.14065180102916
2025-12-10 09:00:07,72.10806174957118
2025-12-10 09:02:37,72.0754716981132
2025-12-10 09:05:07,72.04288164665523
2025-12-10 09:07:37,72.01029159519726
2025-12-10 09:10:07,71.97770154373929
2025-12-10 09:12:37,71.9451114922813
2025-12-10 09:15:07,71.91252144082333
2025-12-10 09:17:37,71.87993138936535
2025-12-10 09:20:07,71.84734133790738
2025-12-10 09:22:37,71.8147512864494
2025-12-10 09:25:07,71.78216123499142
2025-12-10 09:27:37,71.74957118353345
2025-12-10 09:30:07,71.71698113207547
2025-12-10 09:32:37,71.6843910806175
2025-12-10 09:35:07,71.65180102915951
2025-12-10 09:37:37,71.61921097770154
2025-12-10 09:40:07,71.58662092624357
2025-12-10 09:42:37,71.5540308747856
2025-12-10 09:45:07,71.52144082332761
2025-12-10 09:47:37,71.48885077186964
2025-12-10 09:50:07,71.45626072041166
2025-12-10 09:52:37,71.42367066895369
2025-12-10 09:55:07,71.39108061749572
2025-12-10 09:57:37,71.35849056603773
2025-12-10 10:00:07,71.32590051457976
2025-12-10 10:02:37,71.29331046312178
2025-12-10 10:05:07,71.26072041166381
2025-12-10 10:07:37,71.22813036020584
2025-12-10 10:10:07,71.19554030874785
2025-12-10 10:12:37,71.16295025728988
2025-12-10 10:15:07,71.1303602058319
2025-12-10 10:17:37,71.09777015437393
2025-12-10 10:20:07,71.06518010291595
2025-12-10 10:22:37,71.03259005145797
2025-12-10 10:25:07,71.0
2025-12-10 10:27:37,71.0
2025-12-10 10:30:07,71.0
2025-12-10 10:32:37,71.0
2025-12-10 10:35:07,71.0
2025-12-10 10:37:37,71.0
2025-12-10 10:40:07,71.0
2025-12-10 10:42:37,71.0
2025-12-10 10:45:07,71.0
2025-12-10 10:47:37,71.0
2025-12-10 10:50:07,71.0
2025-12-10 10:52:37,71.0
2025-12-10 10:55:07,71.0
2025-12-10 10:57:37,71.0
2025-12-10 11:00:07,71.0
2025-12-10 11:02:37,71.0909090909091
2025-12-10 11:05:07,71.18181818181819
2025-12-10 11:07:37,71.27272727272727
2025-12-10 11:10:07,71.36363636363636
2025-12-10 11:12:37,71.45454545454545
2025-12-10 11:15:07,71.54545454545455
2025-12-10 11:17:37,71.63636363636364
2025-12-10 11:20:07,71.72727272727273
2025-12-10 11:22:37,71.81818181818181
2025-12-10 11:25:07,71.9090909090909
2025-12-10 11:27:37,72.0
2025-12-10 11:30:07,72.0909090909091
2025-12-10 11:32:37,72.18181818181819
2025-12-10 11:35:07,72.27272727272727
2025-12-10 11:37:37,72.36363636363636
2025-12-10 11:40:07,72.45454545454545
2025-12-10 11:42:37,72.54545454545455
2025-12-10 11:45:07,72.63636363636364
2025-12-10 11:47:37,72.72727272727273
2025-12-10 11:50:07,72.81818181818181
2025-12-10 11:52:37,72.9090909090909
2025-12-10 11:55:07,73.0
2025-12-10 11:57:37,73.0909090909091
2025-12-10 12:00:07,73.18181818181819
2025-12-10 12:02:37,73.27272727272727
2025-12-10 12:05:07,73.36363636363636
2025-12-10 12:07:37,73.45454545454545
2025-12-10 12:10:07,73.54545454545455
2025-12-10 12:12:37,73.63636363636364
2025-12-10 12:15:07,73.72727272727273
2025-12-10 12:17:37,73.81818181818181
2025-12-10 12:20:07,73.9090909090909
2025-12-10 12:22:37,74.0
2025-12-10 12:25:07,74.0909090909091
2025-12-10 12:27:37,74.18181818181819
2025-12-10 12:30:07,74.27272727272727
2025-12-10 12:32:37,74.36363636363636
2025-12-10 12:35:07,74.45454545454545
2025-12-10 12:37:37,74.54545454545455
2025-12-10 12:40:07,74.63636363636364
2025-12-10 12:42:37,74.72727272727273
2025-12-10 12:45:07,74.81818181818181
2025-12-10 12:47:37,74.9090909090909
2025-12-10 12:50:07,75.0
2025-12-10 12:52:37,75.0909090909091
2025-12-10 12:55:07,75.18181818181819
2025-12-10 12:57:37,75.27272727272727
2025-12-10 13:00:07,75.36363636363636
2025-12-10 13:02:37,75.45454545454545
2025-12-10 13:05:07,75.54545454545455
2025-12-10 13:07:37,75.63636363636364
2025-12-10 13:10:07,75.72727272727273
2025-12-10 13:12:37,75.81818181818181
2025-12-10 13:15:07,75.9090909090909
2025-12-10 13:17:37,76.0
2025-12-10 13:20:07,76.0909090909091
2025-12-10 13:22:37,76.18181818181819
2025-12-10 13:25:07,76.27272727272727
2025-12-10 13:27:37,76.36363636363636
2025-12-10 13:30:07,76.45454545454545
2025-12-10 13:32:37,76.54545454545455
2025-12-10 13:35:07,76.63636363636364
2025-12-10 13:37:37,76.72727272727273
2025-12-10 13:40:07,76.81818181818181
2025-12-10 13:42:37,76.9090909090909
2025-12-10 13:45:07,77.0
2025-12-10 13:47:37,77.0909090909091
2025-12-10 13:50:07,77.18181818181819
2025-12-10 13:52:37,77.27272727272727
2025-12-10 13:55:07,77.36363636363636
2025-12-10 13:57:37,77.45454545454545
2025-12-10 14:00:07,77.54545454545455
2025-12-10 14:02:37,77.63636363636364
2025-12-10 14:05:07,77.72727272727273
2025-12-10 14:07:37,77.81818181818181
2025-12-10 14:10:07,77.9090909090909
2025-12-10 14:12:37,78.0
2025-12-10 14:15:07,78.0909090909091
2025-12-10 14:17:37,78.18181818181819
2025-12-10 14:20:07,78.27272727272727
2025-12-10 14:22:37,78.36363636363636
2025-12-10 14:25:07,78.45454545454545
2025-12-10 14:27:37,78.54545454545455
2025-12-10 14:30:07,78.63636363636364
2025-12-10 14:32:37,78.72727272727273
2025-12-10 14:35:07,78.81818181818181
2025-12-10 14:37:37,78.9090909090909
2025-12-10 14:40:07,79.0
2025-12-10 14:42:37,79.0909090909091
2025-12-10 14:45:07,79.18181818181819
2025-12-10 14:47:37,79.27272727272727
2025-12-10 14:50:07,79.36363636363636
2025-12-10 14:52:37,79.45454545454545
2025-12-10 14:55:07,79.54545454545455
2025-12-10 14:57:37,79.63636363636364
2025-12-10 15:00:07,79.72727272727273
2025-12-10 15:02:37,79.81818181818181
2025-12-10 15:05:07,79.9090909090909
2025-12-10 15:07:37,80.0
2025-12-10 15:10:07,80.0909090909091
2025-12-10 15:12:37,80.18181818181819
2025-12-10 15:15:07,80.27272727272727
2025-12-10 15:17:37,80.36363636363636
2025-12-10 15:20:07,80.45454545454545
2025-12-10 15:22:37,80.54545454545455
2025-12-10 15:25:07,80.63636363636364
2025-12-10 15:27:37,80.72727272727273
2025-12-10 15:30:07,80.81818181818181
2025-12-10 15:32:37,80.9090909090909
2025-12-10 15:35:07,81.0
2025-12-10 15:37:37,81.0909090909091
2025-12-10 15:40:07,81.18181818181819
2025-12-10 15:42:37,81.27272727272727
2025-12-10 15:45:07,81.36363636363636
2025-12-10 15:47:37,81.45454545454545
2025-12-10 15:50:07,81.54545454545455
2025-12-10 15:52:37,81.63636363636364
2025-12-10 15:55:07,81.72727272727272
2025-12-10 15:57:37,81.81818181818181
2025-12-10 16:00:07,81.9090909090909
2025-12-10 16:02:37,82.0
2025-12-10 16:05:07,82.0909090909091
2025-12-10 16:07:37,82.18181818181819
2025-12-10 16:10:07,82.27272727272727
2025-12-10 16:12:37,82.36363636363636
2025-12-10 16:15:07,82.45454545454545
2025-12-10 16:17:37,82.54545454545455
2025-12-10 16:20:07,82.63636363636364
2025-12-10 16:22:37,82.72727272727272
2025-12-10 16:25:07,82.81818181818181
2025-12-10 16:27:37,82.9090909090909
2025-12-10 16:30:07,83.0
2025-12-10 16:32:37,83.0909090909091
2025-12-10 16:35:07,83.18181818181819
2025-12-10 16:37:37,83.27272727272727
2025-12-10 16:40:07,83.36363636363636
2025-12-10 16:42:37,83.45454545454545
2025-12-10 16:45:07,83.54545454545455
2025-12-10 16:47:37,83.63636363636364
2025-12-10 16:50:07,83.72727272727272
2025-12-10 16:52:37,83.81818181818181
2025-12-10 16:55:07,83.9090909090909
2025-12-10 16:57:37,84.0
2025-12-10 17:00:07,84.0909090909091
2025-12-10 17:02:37,84.18181818181819
2025-12-10 17:05:07,84.27272727272727
2025-12-10 17:07:37,84.36363636363636
2025-12-10 17:10:07,84.45454545454545
2025-12-10 17:12:37,84.54545454545455
2025-12-10 17:15:07,84.63636363636364
2025-12-10 17:17:37,84.72727272727272
2025-12-10 17:20:07,84.81818181818181
2025-12-10 17:22:37,84.9090909090909
2025-12-10 17:25:07,85.0
2025-12-10 17:27:37,85.0909090909091
2025-12-10 17:30:07,85.18181818181819
2025-12-10 17:32:37,85.27272727272727
2025-12-10 17:35:07,85.36363636363636
2025-12-10 17:37:37,85.45454545454545
2025-12-10 17:40:07,85.54545454545455
2025-12-10 17:42:37,85.63636363636364
2025-12-10 17:45:07,85.72727272727272
2025-12-10 17:47:37,85.81818181818181
2025-12-10 17:50:07,85.9090909090909
2025-12-10 17:52:37,86.0
2025-12-10 17:55:07,86.0909090909091
2025-12-10 17:57:37,86.18181818181819
2025-12-10 18:00:07,86.27272727272727
2025-12-10 18:02:37,86.36363636363636
2025-12-10 18:05:07,86.45454545454545
2025-12-10 18:07:37,86.54545454545455
2025-12-10 18:10:07,86.63636363636364
2025-12-10 18:12:37,86.72727272727272
2025-12-10 18:15:07,86.81818181818181
2025-12-10 18:17:37,86.9090909090909
2025-12-10 18:20:07,87.0
2025-12-10 18:22:37,87.0909090909091
2025-12-10 18:25:07,87.18181818181819
2025-12-10 18:27:37,87.27272727272727
2025-12-10 18:30:07,87.36363636363636
2025-12-10 18:32:37,87.45454545454545
2025-12-10 18:35:07,87.54545454545455
2025-12-10 18:37:37,87.63636363636364
2025-12-10 18:40:07,87.72727272727272
2025-12-10 18:42:37,87.81818181818181
2025-12-10 18:45:07,87.9090909090909
2025-12-10 18:47:37,88.0
2025-12-10 18:50:07,88.0909090909091
2025-12-10 18:52:37,88.18181818181819
2025-12-10 18:55:07,88.27272727272727
2025-12-10 18:57:37,88.36363636363636
2025-12-10 19:00:07,88.45454545454545
2025-12-10 19:02:37,88.54545454545455
2025-12-10 19:05:07,88.63636363636364
2025-12-10 19:07:37,88.72727272727272
2025-12-10 19:10:07,88.81818181818181
2025-12-10 19:12:37,88.9090909090909
2025-12-10 19:15:07,89.0
2025-12-10 19:17:37,89.0909090909091
2025-12-10 19:20:07,89.18181818181819
2025-12-10 19:22:37,89.27272727272727
2025-12-10 19:25:07,89.36363636363636
2025-12-10 19:27:37,89.45454545454545
2025-12-10 19:30:07,89.54545454545455
2025-12-10 19:32:37,89.63636363636364
2025-12-10 19:35:07,89.72727272727272
2025-12-10 19:37:37,89.81818181818181
2025-12-10 19:40:07,89.9090909090909
2025-12-10 19:42:37,90.0
2025-12-10 19:45:07,90.0909090909091
2025-12-10 19:47:37,90.18181818181819
2025-12-10 19:50:07,90.27272727272727
2025-12-10 19:52:37,90.36363636363636
2025-12-10 19:55:07,90.45454545454545
2025-12-10 19:57:37,90.54545454545455
2025-12-10 20:00:07,90.63636363636364
2025-12-10 20:02:37,90.72727272727272
2025-12-10 20:05:07,90.81818181818181
2025-12-10 20:07:37,90.9090909090909
2025-12-10 20:10:07,91.0
2025-12-10 20:12:37,91.0909090909091
2025-12-10 20:15:07,91.18181818181819
2025-12-10 20:17:37,91.27272727272727
2025-12-10 20:20:07,91.36363636363636
2025-12-10 20:22:37,91.45454545454545
2025-12-10 20:25:07,91.54545454545455
2025-12-10 20:27:37,91.63636363636364
2025-12-10 20:30:07,91.72727272727272
2025-12-10 20:32:37,91.81818181818181
2025-12-10 20:35:07,91.9090909090909
2025-12-10 20:37:37,92.0
2025-12-10 20:40:07,92.01298701298701
2025-12-10 20:42:37,92.02597402597402
2025-12-10 20:45:07,92.03896103896103
2025-12-10 20:47:37,92.05194805194805
2025-12-10 20:50:07,92.06493506493507
2025-12-10 20:52:37,92.07792207792208
2025-12-10 20:55:07,92.0909090909091
2025-12-10 20:57:37,92.1038961038961
2025-12-10 21:00:07,92.11688311688312
2025-12-10 21:02:37,92.12987012987013
2025-12-10 21:05:07,92.14285714285714
2025-12-10 21:07:37,92.15584415584415
2025-12-10 21:10:07,92.16883116883118
2025-12-10 21:12:37,92.18181818181819
2025-12-10 21:15:07,92.1948051948052
2025-12-10 21:17:37,92.20779220779221
2025-12-10 21:20:07,92.22077922077922
2025-12-10 21:22:37,92.23376623376623
2025-12-10 21:25:07,92.24675324675324
2025-12-10 21:27:37,92.25974025974025
2025-12-10 21:30:07,92.27272727272727
2025-12-10 21:32:37,92.28571428571429
2025-12-10 21:35:07,92.2987012987013
2025-12-10 21:37:37,92.31168831168831
2025-12-10 21:40:07,92.32467532467533
2025-12-10 21:42:37,92.33766233766234
2025-12-10 21:45:07,92.35064935064935
2025-12-10 21:47:37,92.36363636363636
2025-12-10 21:50:07,92.37662337662337
2025-12-10 21:52:37,92.3896103896104
2025-12-10 21:55:07,92.40259740259741
2025-12-10 21:57:37,92.41558441558442
2025-12-10 22:00:07,92.42857142857143
2025-12-10 22:02:37,92.44155844155844
2025-12-10 22:05:07,92.45454545454545
2025-12-10 22:07:37,92.46753246753246
2025-12-10 22:10:07,92.48051948051948
2025-12-10 22:12:37,92.49350649350649
2025-12-10 22:15:07,92.50649350649351
2025-12-10 22:17:37,92.51948051948052
2025-12-10 22:20:07,92.53246753246754
2025-12-10 22:22:37,92.54545454545455
2025-12-10 22:25:07,92.55844155844156
2025-12-10 22:27:37,92.57142857142857
2025-12-10 22:30:07,92.58441558441558
2025-12-10 22:32:37,92.59740259740259
2025-12-10 22:35:07,92.6103896103896
2025-12-10 22:37:37,92.62337662337663
2025-12-10 22:40:07,92.63636363636364
2025-12-10 22:42:37,92.64935064935065
2025-12-10 22:45:07,92.66233766233766
2025-12-10 22:47:37,92.67532467532467
2025-12-10 22:50:07,92.68831168831169
2025-12-10 22:52:37,92.7012987012987
2025-12-10 22:55:07,92.71428571428571
2025-12-10 22:57:37,92.72727272727273
2025-12-10 23:00:07,92.74025974025975
2025-12-10 23:02:37,92.75324675324676
2025-12-10 23:05:07,92.76623376623377
2025-12-10 23:07:37,92.77922077922078
2025-12-10 23:10:07,92.79220779220779
2025-12-10 23:12:37,92.8051948051948
2025-12-10 23:15:07,92.81818181818181
2025-12-10 23:17:37,92.83116883116882
2025-12-10 23:20:07,92.84415584415585
2025-12-10 23:22:37,92.85714285714286
2025-12-10 23:25:07,92.87012987012987
2025-12-10 23:27:37,92.88311688311688
2025-12-10 23:30:07,92.8961038961039
2025-12-10 23:32:37,92.9090909090909
2025-12-10 23:35:07,92.92207792207792
2025-12-10 23:37:37,92.93506493506493
2025-12-10 23:40:07,92.94805194805195
2025-12-10 23:42:37,92.96103896103897
2025-12-10 23:45:07,92.97402597402598
2025-12-10 23:47:37,92.98701298701299
2025-12-10 23:50:07,93.0
2025-12-10 23:52:37,93.01298701298701
2025-12-10 23:55:07,93.02597402597402
2025-12-10 23:57:37,93.03896103896103
2025-12-11 00:00:07,93.05194805194805
2025-12-11 00:02:37,93.06493506493507
2025-12-11 00:05:07,93.07792207792208
2025-12-11 00:07:37,93.0909090909091
2025-12-11 00:10:07,93.1038961038961
2025-12-11 00:12:37,93.11688311688312
2025-12-11 00:15:07,93.12987012987013
2025-12-11 00:17:37,93.14285714285714
2025-12-11 00:20:07,93.15584415584415
2025-12-11 00:22:37,93.16883116883118
2025-12-11 00:25:07,93.18181818181819
2025-12-11 00:27:37,93.1948051948052
2025-12-11 00:30:07,93.20779220779221
2025-12-11 00:32:37,93.22077922077922
2025-12-11 00:35:07,93.23376623376623
2025-12-11 00:37:37,93.24675324675324
2025-12-11 00:40:07,93.25974025974025
2025-12-11 00:42:37,93.27272727272727
2025-12-11 00:45:07,93.28571428571429
2025-12-11 00:47:37,93.2987012987013
2025-12-11 00:50:07,93.31168831168831
2025-12-11 00:52:37,93.32467532467533
2025-12-11 00:55:07,93.33766233766234
2025-12-11 00:57:37,93.35064935064935
2025-12-11 01:00:07,93.36363636363636
2025-12-11 01:02:37,93.37662337662337
2025-12-11 01:05:07,93.3896103896104
2025-12-11 01:07:37,93.40259740259741
2025-12-11 01:10:07,93.41558441558442
2025-12-11 01:12:37,93.42857142857143
2025-12-11 01:15:07,93.44155844155844
2025-12-11 01:17:37,93.45454545454545
2025-12-11 01:20:07,93.46753246753246
2025-12-11 01:22:37,93.48051948051948
2025-12-11 01:25:07,93.49350649350649
2025-12-11 01:27:37,93.50649350649351
2025-12-11 01:30:07,93.51948051948052
2025-12-11 01:32:37,93.53246753246754
2025-12-11 01:35:07,93.54545454545455
2025-12-11 01:37:37,93.55844155844156
2025-12-11 01:40:07,93.57142857142857
2025-12-11 01:42:37,93.58441558441558
2025-12-11 01:45:07,93.59740259740259
2025-12-11 01:47:37,93.6103896103896
2025-12-11 01:50:07,93.62337662337663
2025-12-11 01:52:37,93.63636363636364
2025-12-11 01:55:07,93.64935064935065
2025-12-11 01:57:37,93.66233766233766
2025-12-11 02:00:07,93.67532467532467
2025-12-11 02:02:37,93.68831168831169
2025-12-11 02:05:07,93.7012987012987
2025-12-11 02:07:37,93.71428571428571
2025-12-11 02:10:07,93.72727272727273
2025-12-11 02:12:37,93.74025974025975
2025-12-11 02:15:07,93.75324675324676
2025-12-11 02:17:37,93.76623376623377
2025-12-11 02:20:07,93.77922077922078
2025-12-11 02:22:37,93.79220779220779
2025-12-11 02:25:07,93.8051948051948
2025-12-11 02:27:37,93.81818181818181
2025-12-11 02:30:07,93.83116883116882
2025-12-11 02:32:37,93.84415584415585
2025-12-11 02:35:07,93.85714285714286
2025-12-11 02:37:37,93.87012987012987
2025-12-11 02:40:07,93.88311688311688
2025-12-11 02:42:37,93.8961038961039
2025-12-11 02:45:07,93.9090909090909
2025-12-11 02:47:37,93.92207792207792
2025-12-11 02:50:07,93.93506493506493
2025-12-11 02:52:37,93.94805194805195
2025-12-11 02:55:07,93.96103896103897
2025-12-11 02:57:37,93.97402597402598
2025-12-11 03:00:07,93.98701298701299
2025-12-11 03:02:37,94.0
2025-12-11 03:05:07,94.01298701298701
2025-12-11 03:07:37,94.02597402597402
2025-12-11 03:10:07,94.03896103896103
2025-12-11 03:12:37,94.05194805194805
2025-12-11 03:15:07,94.06493506493507
2025-12-11 03:17:37,94.07792207792208
2025-12-11 03:20:07,94.0909090909091
2025-12-11 03:22:37,94.1038961038961
2025-12-11 03:25:07,94.11688311688312
2025-12-11 03:27:37,94.12987012987013
2025-12-11 03:30:07,94.14285714285714
2025-12-11 03:32:37,94.15584415584415
2025-12-11 03:35:07,94.16883116883118
2025-12-11 03:37:37,94.18181818181819
2025-12-11 03:40:07,94.1948051948052
2025-12-11 03:42:37,94.20779220779221
2025-12-11 03:45:07,94.22077922077922
2025-12-11 03:47:37,94.23376623376623
2025-12-11 03:50:07,94.24675324675324
2025-12-11 03:52:37,94.25974025974025
2025-12-11 03:55:07,94.27272727272727
2025-12-11 03:57:37,94.28571428571429
2025-12-11 04:00:07,94.2987012987013
2025-12-11 04:02:37,94.31168831168831
2025-12-11 04:05:07,94.32467532467533
2025-12-11 04:07:37,94.33766233766234
2025-12-11 04:10:07,94.35064935064935
2025-12-11 04:12:37,94.36363636363636
2025-12-11 04:15:07,94.37662337662337
2025-12-11 04:17:37,94.38961038961038
2025-12-11 04:20:07,94.40259740259741
2025-12-11 04:22:37,94.41558441558442
2025-12-11 04:25:07,94.42857142857143
2025-12-11 04:27:37,94.44155844155844
2025-12-11 04:30:07,94.45454545454545
2025-12-11 04:32:37,94.46753246753246
2025-12-11 04:35:07,94.48051948051948
2025-12-11 04:37:37,94.49350649350649
2025-12-11 04:40:07,94.50649350649351
2025-12-11 04:42:37,94.51948051948052
2025-12-11 04:45:07,94.53246753246754
2025-12-11 04:47:37,94.54545454545455
2025-12-11 04:50:07,94.55844155844156
2025-12-11 04:52:37,94.57142857142857
2025-12-11 04:55:07,94.58441558441558
2025-12-11 04:57:37,94.59740259740259
2025-12-11 05:00:07,94.6103896103896
2025-12-11 05:02:37,94.62337662337663
2025-12-11 05:05:07,94.63636363636364
2025-12-11 05:07:37,94.64935064935065
2025-12-11 05:10:07,94.66233766233766
2025-12-11 05:12:37,94.67532467532467
2025-12-11 05:15:07,94.68831168831169
2025-12-11 05:17:37,94.7012987012987
2025-12-11 05:20:07,94.71428571428571
2025-12-11 05:22:37,94.72727272727273
2025-12-11 05:25:07,94.74025974025975
2025-12-11 05:27:37,94.75324675324676
2025-12-11 05:30:07,94.76623376623377
2025-12-11 05:32:37,94.77922077922078
2025-12-11 05:35:07,94.79220779220779
2025-12-11 05:37:37,94.8051948051948
2025-12-11 05:40:07,94.81818181818181
2025-12-11 05:42:37,94.83116883116882
2025-12-11 05:45:07,94.84415584415585
2025-12-11 05:47:37,94.85714285714286
2025-12-11 05:50:07,94.87012987012987
2025-12-11 05:52:37,94.88311688311688
2025-12-11 05:55:07,94.8961038961039
2025-12-11 05:57:37,94.9090909090909
2025-12-11 06:00:07,94.92207792207792
2025-12-11 06:02:37,94.93506493506493
2025-12-11 06:05:07,94.94805194805195
2025-12-11 06:07:37,94.96103896103897
2025-12-11 06:10:07,94.97402597402598
2025-12-11 06:12:37,94.98701298701299
2025-12-11 06:15:07,95.0
2025-12-11 06:17:37,95.01298701298701
2025-12-11 06:20:07,95.02597402597402
2025-12-11 06:22:37,95.03896103896103
2025-12-11 06:25:07,95.05194805194805
2025-12-11 06:27:37,95.06493506493507
2025-12-11 06:30:07,95.07792207792208
2025-12-11 06:32:37,95.0909090909091
2025-12-11 06:35:07,95.1038961038961
2025-12-11 06:37:37,95.11688311688312
2025-12-11 06:40:07,95.12987012987013
2025-12-11 06:42:37,95.14285714285714
2025-12-11 06:45:07,95.15584415584415
2025-12-11 06:47:37,95.16883116883118
2025-12-11 06:50:07,95.18181818181819
2025-12-11 06:52:37,95.1948051948052
2025-12-11 06:55:07,95.20779220779221
2025-12-11 06:57:37,95.22077922077922
2025-12-11 07:00:07,95.23376623376623
2025-12-11 07:02:37,95.24675324675324
2025-12-11 07:05:07,95.25974025974025
2025-12-11 07:07:37,95.27272727272727
2025-12-11 07:10:07,95.28571428571429
2025-12-11 07:12:37,95.2987012987013
2025-12-11 07:15:07,95.31168831168831
2025-12-11 07:17:37,95.32467532467533
2025-12-11 07:20:07,95.33766233766234
2025-12-11 07:22:37,95.35064935064935
2025-12-11 07:25:07,95.36363636363636
2025-12-11 07:27:37,95.37662337662337
2025-12-11 07:30:07,95.38961038961038
2025-12-11 07:32:37,95.40259740259741
2025-12-11 07:35:07,95.41558441558442
2025-12-11 07:37:37,95.42857142857143
2025-12-11 07:40:07,95.44155844155844
2025-12-11 07:42:37,95.45454545454545
2025-12-11 07:45:07,95.46753246753246
2025-12-11 07:47:37,95.48051948051948
2025-12-11 07:50:07,95.49350649350649
2025-12-11 07:52:37,95.50649350649351
2025-12-11 07:55:07,95.51948051948052
2025-12-11 07:57:37,95.53246753246754
2025-12-11 08:00:07,95.54545454545455
2025-12-11 08:02:37,95.55844155844156
2025-12-11 08:05:07,95.57142857142857
2025-12-11 08:07:37,95.58441558441558
2025-12-11 08:10:07,95.59740259740259
2025-12-11 08:12:37,95.6103896103896
2025-12-11 08:15:07,95.62337662337663
2025-12-11 08:17:37,95.63636363636364
2025-12-11 08:20:07,95.64935064935065
2025-12-11 08:22:37,95.66233766233766
2025-12-11 08:25:07,95.67532467532467
2025-12-11 08:27:37,95.68831168831169
2025-12-11 08:30:07,95.7012987012987
2025-12-11 08:32:37,95.71428571428571
2025-12-11 08:35:07,95.72727272727273
2025-12-11 08:37:37,95.74025974025975
2025-12-11 08:40:07,95.75324675324676
2025-12-11 08:42:37,95.76623376623377
2025-12-11 08:45:07,95.77922077922078
2025-12-11 08:47:37,95.79220779220779
2025-12-11 08:50:07,95.8051948051948
2025-12-11 08:52:37,95.81818181818181
2025-12-11 08:55:07,95.83116883116882
2025-12-11 08:57:37,95.84415584415585
2025-12-11 09:00:07,95.85714285714286
2025-12-11 09:02:37,95.87012987012987
2025-12-11 09:05:07,95.88311688311688
2025-12-11 09:07:37,95.8961038961039
2025-12-11 09:10:07,95.9090909090909
2025-12-11 09:12:37,95.92207792207792
2025-12-11 09:15:07,95.93506493506493
2025-12-11 09:17:37,95.94805194805195
2025-12-11 09:20:07,95.96103896103897
2025-12-11 09:22:37,95.97402597402598
2025-12-11 09:25:07,95.98701298701299
2025-12-11 09:27:37,96.0
2025-12-11 09:30:07,96.01298701298701
2025-12-11 09:32:37,96.02597402597402
2025-12-11 09:35:07,96.03896103896103
2025-12-11 09:37:37,96.05194805194805
2025-12-11 09:40:07,96.06493506493507
2025-12-11 09:42:37,96.07792207792208
2025-12-11 09:45:07,96.0909090909091
2025-12-11 09:47:37,96.1038961038961
2025-12-11 09:50:07,96.11688311688312
2025-12-11 09:52:37,96.12987012987013
2025-12-11 09:55:07,96.14285714285714
2025-12-11 09:57:37,96.15584415584415
2025-12-11 10:00:07,96.16883116883118
2025-12-11 10:02:37,96.18181818181819
2025-12-11 10:05:07,96.1948051948052
2025-12-11 10:07:37,96.20779220779221
2025-12-11 10:10:07,96.22077922077922
2025-12-11 10:12:37,96.23376623376623
2025-12-11 10:15:07,96.24675324675324
2025-12-11 10:17:37,96.25974025974025
2025-12-11 10:20:07,96.27272727272727
2025-12-11 10:22:37,96.28571428571429
2025-12-11 10:25:07,96.2987012987013
2025-12-11 10:27:37,96.31168831168831
2025-12-11 10:30:07,96.32467532467533
2025-12-11 10:32:37,96.33766233766234
2025-12-11 10:35:07,96.35064935064935
2025-12-11 10:37:37,96.36363636363636
2025-12-11 10:40:07,96.37662337662337
2025-12-11 10:42:37,96.38961038961038
2025-12-11 10:45:07,96.40259740259741
2025-12-11 10:47:37,96.41558441558442
2025-12-11 10:50:07,96.42857142857143
2025-12-11 10:52:37,96.44155844155844
2025-12-11 10:55:07,96.45454545454545
2025-12-11 10:57:37,96.46753246753246
2025-12-11 11:00:07,96.48051948051948
2025-12-11 11:02:37,96.49350649350649
2025-12-11 11:05:07,96.50649350649351
2025-12-11 11:07:37,96.51948051948052
2025-12-11 11:10:07,96.53246753246754
2025-12-11 11:12:37,96.54545454545455
2025-12-11 11:15:07,96.55844155844156
2025-12-11 11:17:37,96.57142857142857
2025-12-11 11:20:07,96.58441558441558
2025-12-11 11:22:37,96.59740259740259
2025-12-11 11:25:07,96.6103896103896
2025-12-11 11:27:37,96.62337662337663
2025-12-11 11:30:07,96.63636363636364
2025-12-11 11:32:37,96.64935064935065
2025-12-11 11:35:07,96.66233766233766
2025-12-11 11:37:37,96.67532467532467
2025-12-11 11:40:07,96.68831168831169
2025-12-11 11:42:37,96.7012987012987
2025-12-11 11:45:07,96.71428571428571
2025-12-11 11:47:37,96.72727272727273
2025-12-11 11:50:07,96.74025974025975
2025-12-11 11:52:37,96.75324675324676
2025-12-11 11:55:07,96.76623376623377
2025-12-11 11:57:37,96.77922077922078
2025-12-11 12:00:07,96.79220779220779
2025-12-11 12:02:37,96.8051948051948
2025-12-11 12:05:07,96.81818181818181
2025-12-11 12:07:37,96.83116883116882
2025-12-11 12:10:07,96.84415584415585
2025-12-11 12:12:37,96.85714285714286
2025-12-11 12:15:07,96.87012987012987
2025-12-11 12:17:37,96.88311688311688
2025-12-11 12:20:07,96.8961038961039
2025-12-11 12:22:37,96.9090909090909
2025-12-11 12:25:07,96.92207792207792
2025-12-11 12:27:37,96.93506493506493
2025-12-11 12:30:07,96.94805194805195
2025-12-11 12:32:37,96.96103896103897
2025-12-11 12:35:07,96.97402597402598
2025-12-11 12:37:37,96.98701298701299
2025-12-11 12:40:07,97.0
2025-12-11 12:42:37,97.01298701298701
2025-12-11 12:45:07,97.02597402597402
2025-12-11 12:47:37,97.03896103896103
2025-12-11 12:50:07,97.05194805194805
2025-12-11 12:52:37,97.06493506493507
2025-12-11 12:55:07,97.07792207792208
2025-12-11 12:57:37,97.0909090909091
2025-12-11 13:00:07,97.1038961038961
2025-12-11 13:02:37,97.11688311688312
2025-12-11 13:05:07,97.12987012987013
2025-12-11 13:07:37,97.14285714285714
2025-12-11 13:10:07,97.15584415584415
2025-12-11 13:12:37,97.16883116883116
2025-12-11 13:15:07,97.18181818181819
2025-12-11 13:17:37,97.1948051948052
2025-12-11 13:20:07,97.20779220779221
2025-12-11 13:22:37,97.22077922077922
2025-12-11 13:25:07,97.23376623376623
2025-12-11 13:27:37,97.24675324675324
2025-12-11 13:30:07,97.25974025974025
2025-12-11 13:32:37,97.27272727272727
2025-12-11 13:35:07,97.28571428571429
2025-12-11 13:37:37,97.2987012987013
2025-12-11 13:40:07,97.31168831168831
2025-12-11 13:42:37,97.32467532467533
2025-12-11 13:45:07,97.33766233766234
2025-12-11 13:47:37,97.35064935064935
2025-12-11 13:50:07,97.36363636363636
2025-12-11 13:52:37,97.37662337662337
2025-12-11 13:55:07,97.38961038961038
2025-12-11 13:57:37,97.40259740259741
2025-12-11 14:00:07,97.41558441558442
2025-12-11 14:02:37,97.42857142857143
2025-12-11 14:05:07,97.44155844155844
2025-12-11 14:07:37,97.45454545454545
2025-12-11 14:10:07,97.46753246753246
2025-12-11 14:12:37,97.48051948051948
2025-12-11 14:15:07,97.49350649350649
2025-12-11 14:17:37,97.50649350649351
2025-12-11 14:20:07,97.51948051948052
2025-12-11 14:22:37,97.53246753246754
2025-12-11 14:25:07,97.54545454545455
2025-12-11 14:27:37,97.55844155844156
2025-12-11 14:30:07,97.57142857142857
2025-12-11 14:32:37,97.58441558441558
2025-12-11 14:35:07,97.59740259740259
2025-12-11 14:37:37,97.6103896103896
2025-12-11 14:40:07,97.62337662337663
2025-12-11 14:42:37,97.63636363636364
2025-12-11 14:45:07,97.64935064935065
2025-12-11 14:47:37,97.66233766233766
2025-12-11 14:50:07,97.67532467532467
2025-12-11 14:52:37,97.68831168831169
2025-12-11 14:55:07,97.7012987012987
2025-12-11 14:57:37,97.71428571428571
2025-12-11 15:00:07,97.72727272727273
2025-12-11 15:02:37,97.74025974025975
2025-12-11 15:05:07,97.75324675324676
2025-12-11 15:07:37,97.76623376623377
2025-12-11 15:10:07,97.77922077922078
2025-12-11 15:12:37,97.79220779220779
2025-12-11 15:15:07,97.8051948051948
2025-12-11 15:17:37,97.81818181818181
2025-12-11 15:20:07,97.83116883116882
2025-12-11 15:22:37,97.84415584415585
2025-12-11 15:25:07,97.85714285714286
2025-12-11 15:27:37,97.87012987012987
2025-12-11 15:30:07,97.88311688311688
2025-12-11 15:32:37,97.8961038961039
2025-12-11 15:35:07,97.9090909090909
2025-12-11 15:37:37,97.92207792207792
2025-12-11 15:40:07,97.93506493506493
2025-12-11 15:42:37,97.94805194805195
2025-12-11 15:45:07,97.96103896103897
2025-12-11 15:47:37,97.97402597402598
2025-12-11 15:50:07,97.98701298701299
2025-12-11 15:52:37,98.0
2025-12-11 15:55:07,98.01298701298701
2025-12-11 15:57:37,98.02597402597402
2025-12-11 16:00:07,98.03896103896103
2025-12-11 16:02:37,98.05194805194805
2025-12-11 16:05:07,98.06493506493507
2025-12-11 16:07:37,98.07792207792208
2025-12-11 16:10:07,98.0909090909091
2025-12-11 16:12:37,98.1038961038961
2025-12-11 16:15:07,98.11688311688312
2025-12-11 16:17:37,98.12987012987013
2025-12-11 16:20:07,98.14285714285714
2025-12-11 16:22:37,98.15584415584415
2025-12-11 16:25:07,98.16883116883116
2025-12-11 16:27:37,98.18181818181819
2025-12-11 16:30:07,98.1948051948052
2025-12-11 16:32:37,98.20779220779221
2025-12-11 16:35:07,98.22077922077922
2025-12-11 16:37:37,98.23376623376623
2025-12-11 16:40:07,98.24675324675324
2025-12-11 16:42:37,98.25974025974025
2025-12-11 16:45:07,98.27272727272727
2025-12-11 16:47:37,98.28571428571429
2025-12-11 16:50:07,98.2987012987013
2025-12-11 16:52:37,98.31168831168831
2025-12-11 16:55:07,98.32467532467533
2025-12-11 16:57:37,98.33766233766234
2025-12-11 17:00:07,98.35064935064935
2025-12-11 17:02:37,98.36363636363636
2025-12-11 17:05:07,98.37662337662337
2025-12-11 17:07:37,98.38961038961038
2025-12-11 17:10:07,98.40259740259741
2025-12-11 17:12:37,98.41558441558442
2025-12-11 17:15:07,98.42857142857143
2025-12-11 17:17:37,98.44155844155844
2025-12-11 17:20:07,98.45454545454545
2025-12-11 17:22:37,98.46753246753246
2025-12-11 17:25:07,98.48051948051948
2025-12-11 17:27:37,98.49350649350649
2025-12-11 17:30:07,98.50649350649351
2025-12-11 17:32:37,98.51948051948052
2025-12-11 17:35:07,98.53246753246754
2025-12-11 17:37:37,98.54545454545455
2025-12-11 17:40:07,98.55844155844156
2025-12-11 17:42:37,98.57142857142857
2025-12-11 17:45:07,98.58441558441558
2025-12-11 17:47:37,98.59740259740259
2025-12-11 17:50:07,98.6103896103896
2025-12-11 17:52:37,98.62337662337663
2025-12-11 17:55:07,98.63636363636364
2025-12-11 17:57:37,98.64935064935065
2025-12-11 18:00:07,98.66233766233766
2025-12-11 18:02:37,98.67532467532467
2025-12-11 18:05:07,98.68831168831169
2025-12-11 18:07:37,98.7012987012987
2025-12-11 18:10:07,98.71428571428571
2025-12-11 18:12:37,98.72727272727273
2025-12-11 18:15:07,98.74025974025975
2025-12-11 18:17:37,98.75324675324676
2025-12-11 18:20:07,98.76623376623377
2025-12-11 18:22:37,98.77922077922078
2025-12-11 18:25:07,98.79220779220779
2025-12-11 18:27:37,98.8051948051948
2025-12-11 18:30:07,98.81818181818181
2025-12-11 18:32:37,98.83116883116882
2025-12-11 18:35:07,98.84415584415585
2025-12-11 18:37:37,98.85714285714286
2025-12-11 18:40:07,98.87012987012987
2025-12-11 18:42:37,98.88311688311688
2025-12-11 18:45:07,98.8961038961039
2025-12-11 18:47:37,98.9090909090909
2025-12-11 18:50:07,98.92207792207792
2025-12-11 18:52:37,98.93506493506493
2025-12-11 18:55:07,98.94805194805195
2025-12-11 18:57:37,98.96103896103897
2025-12-11 19:00:07,98.97402597402598
2025-12-11 19:02:37,98.98701298701299
2025-12-11 19:05:07,99.0
2025-12-11 19:07:37,98.9659090909091
2025-12-11 19:10:07,98.93181818181819
2025-12-11 19:12:37,98.89772727272727
2025-12-11 19:15:07,98.86363636363636
2025-12-11 19:17:37,98.82954545454545
2025-12-11 19:20:07,98.79545454545455
2025-12-11 19:22:37,98.76136363636364
2025-12-11 19:25:07,98.72727272727273
2025-12-11 19:27:37,98.69318181818181
2025-12-11 19:30:07,98.6590909090909
2025-12-11 19:32:37,98.625
2025-12-11 19:35:07,98.5909090909091
2025-12-11 19:37:37,98.55681818181819
2025-12-11 19:40:07,98.52272727272727
2025-12-11 19:42:37,98.48863636363636
2025-12-11 19:45:07,98.45454545454545
2025-12-11 19:47:37,98.42045454545455
2025-12-11 19:50:07,98.38636363636364
2025-12-11 19:52:37,98.35227272727273
2025-12-11 19:55:07,98.31818181818181
2025-12-11 19:57:37,98.2840909090909
2025-12-11 20:00:07,98.25
2025-12-11 20:02:37,98.2159090909091
2025-12-11 20:05:07,98.18181818181819
2025-12-11 20:07:37,98.14772727272727
2025-12-11 20:10:07,98.11363636363636
2025-12-11 20:12:37,98.07954545454545
2025-12-11 20:15:07,98.04545454545455
2025-12-11 20:17:37,98.01136363636364
2025-12-11 20:20:07,97.97727272727273
2025-12-11 20:22:37,97.94318181818181
2025-12-11 20:25:07,97.9090909090909
2025-12-11 20:27:37,97.875
2025-12-11 20:30:07,97.8409090909091
2025-12-11 20:32:37,97.80681818181819
2025-12-11 20:35:07,97.77272727272727
2025-12-11 20:37:37,97.73863636363636
2025-12-11 20:40:07,97.70454545454545
2025-12-11 20:42:37,97.67045454545455
2025-12-11 20:45:07,97.63636363636364
2025-12-11 20:47:37,97.60227272727273
2025-12-11 20:50:07,97.56818181818181
2025-12-11 20:52:37,97.5340909090909
2025-12-11 20:55:07,97.5
2025-12-11 20:57:37,97.4659090909091
2025-12-11 21:00:07,97.43181818181819
2025-12-11 21:02:37,97.39772727272727
2025-12-11 21:05:07,97.36363636363636
2025-12-11 21:07:37,97.32954545454545
2025-12-11 21:10:07,97.29545454545455
2025-12-11 21:12:37,97.26136363636364
2025-12-11 21:15:07,97.22727272727273
2025-12-11 21:17:37,97.19318181818181
2025-12-11 21:20:07,97.1590909090909
2025-12-11 21:22:37,97.125
2025-12-11 21:25:07,97.0909090909091
2025-12-11 21:27:37,97.05681818181819
2025-12-11 21:30:07,97.02272727272727
2025-12-11 21:32:37,96.98863636363636
2025-12-11 21:35:07,96.95454545454545
2025-12-11 21:37:37,96.92045454545455
2025-12-11 21:40:07,96.88636363636364
2025-12-11 21:42:37,96.85227272727273
2025-12-11 21:45:07,96.81818181818181
2025-12-11 21:47:37,96.7840909090909
2025-12-11 21:50:07,96.75
2025-12-11 21:52:37,96.7159090909091
2025-12-11 21:55:07,96.68181818181819
2025-12-11 21:57:37,96.64772727272727
2025-12-11 22:00:07,96.61363636363636
2025-12-11 22:02:37,96.57954545454545
2025-12-11 22:05:07,96.54545454545455
2025-12-11 22:07:37,96.51136363636364
2025-12-11 22:10:07,96.47727272727273
2025-12-11 22:12:37,96.44318181818181
2025-12-11 22:15:07,96.4090909090909
2025-12-11 22:17:37,96.375
2025-12-11 22:20:07,96.3409090909091
2025-12-11 22:22:37,96.30681818181819
2025-12-11 22:25:07,96.27272727272727
2025-12-11 22:27:37,96.23863636363636
2025-12-11 22:30:07,96.20454545454545
2025-12-11 22:32:37,96.17045454545455
2025-12-11 22:35:07,96.13636363636364
2025-12-11 22:37:37,96.10227272727273
2025-12-11 22:40:07,96.06818181818181
2025-12-11 22:42:37,96.0340909090909
2025-12-11 22:45:07,96.0
2025-12-11 22:47:37,95.9659090909091
2025-12-11 22:50:07,95.93181818181819
2025-12-11 22:52:37,95.89772727272727
2025-12-11 22:55:07,95.86363636363636
2025-12-11 22:57:37,95.82954545454545
2025-12-11 23:00:07,95.79545454545455
2025-12-11 23:02:37,95.76136363636364
2025-12-11 23:05:07,95.72727272727273
2025-12-11 23:07:37,95.69318181818181
2025-12-11 23:10:07,95.6590909090909
2025-12-11 23:12:37,95.625
2025-12-11 23:15:07,95.5909090909091
2025-12-11 23:17:37,95.55681818181819
2025-12-11 23:20:07,95.52272727272727
2025-12-11 23:22:37,95.48863636363636
2025-12-11 23:25:07,95.45454545454545
2025-12-11 23:27:37,95.42045454545455
2025-12-11 23:30:07,95.38636363636364
2025-12-11 23:32:37,95.35227272727273
2025-12-11 23:35:07,95.31818181818181
2025-12-11 23:37:37,95.2840909090909
2025-12-11 23:40:07,95.25
2025-12-11 23:42:37,95.2159090909091
2025-12-11 23:45:07,95.18181818181819
2025-12-11 23:47:37,95.14772727272727
2025-12-11 23:50:07,95.11363636363636
2025-12-11 23:52:37,95.07954545454545
2025-12-11 23:55:07,95.04545454545455
2025-12-11 23:57:37,95.01136363636364
2025-12-12 00:00:07,94.97727272727273
2025-12-12 00:02:37,94.94318181818181
2025-12-12 00:05:07,94.9090909090909
2025-12-12 00:07:37,94.875
2025-12-12 00:10:07,94.8409090909091
2025-12-12 00:12:37,94.80681818181819
2025-12-12 00:15:07,94.77272727272727
2025-12-12 00:17:37,94.73863636363636
2025-12-12 00:20:07,94.70454545454545
2025-12-12 00:22:37,94.67045454545455
2025-12-12 00:25:07,94.63636363636364
2025-12-12 00:27:37,94.60227272727273
2025-12-12 00:30:07,94.56818181818181
2025-12-12 00:32:37,94.5340909090909
2025-12-12 00:35:07,94.5
2025-12-12 00:37:37,94.4659090909091
2025-12-12 00:40:07,94.43181818181819
2025-12-12 00:42:37,94.39772727272727
2025-12-12 00:45:07,94.36363636363636
2025-12-12 00:47:37,94.32954545454545
2025-12-12 00:50:07,94.29545454545455
2025-12-12 00:52:37,94.26136363636364
2025-12-12 00:55:07,94.22727272727273
2025-12-12 00:57:37,94.19318181818181
2025-12-12 01:00:07,94.1590909090909
2025-12-12 01:02:37,94.125
2025-12-12 01:05:07,94.0909090909091
2025-12-12 01:07:37,94.05681818181819
2025-12-12 01:10:07,94.02272727272727
2025-12-12 01:12:37,93.98863636363636
2025-12-12 01:15:07,93.95454545454545
2025-12-12 01:17:37,93.92045454545455
2025-12-12 01:20:07,93.88636363636364
2025-12-12 01:22:37,93.85227272727273
2025-12-12 01:25:07,93.81818181818181
2025-12-12 01:27:37,93.7840909090909
2025-12-12 01:30:07,93.75
2025-12-12 01:32:37,93.7159090909091
2025-12-12 01:35:07,93.68181818181819
2025-12-12 01:37:37,93.64772727272727
2025-12-12 01:40:07,93.61363636363636
2025-12-12 01:42:37,93.57954545454545
2025-12-12 01:45:07,93.54545454545455
2025-12-12 01:47:37,93.51136363636364
2025-12-12 01:50:07,93.47727272727273
2025-12-12 01:52:37,93.44318181818181
2025-12-12 01:55:07,93.4090909090909
2025-12-12 01:57:37,93.375
2025-12-12 02:00:07,93.3409090909091
2025-12-12 02:02:37,93.30681818181819
2025-12-12 02:05:07,93.27272727272727
2025-12-12 02:07:37,93.23863636363636
2025-12-12 02:10:07,93.20454545454545
2025-12-12 02:12:37,93.17045454545455
2025-12-12 02:15:07,93.13636363636364
2025-12-12 02:17:37,93.10227272727273
2025-12-12 02:20:07,93.06818181818181
2025-12-12 02:22:37,93.0340909090909
2025-12-12 02:25:07,93.0
2025-12-12 02:27:37,92.9659090909091
2025-12-12 02:30:07,92.93181818181819
2025-12-12 02:32:37,92.89772727272727
2025-12-12 02:35:07,92.86363636363636
2025-12-12 02:37:37,92.82954545454545
2025-12-12 02:40:07,92.79545454545455
2025-12-12 02:42:37,92.76136363636364
2025-12-12 02:45:07,92.72727272727273
2025-12-12 02:47:37,92.69318181818181
2025-12-12 02:50:07,92.6590909090909
2025-12-12 02:52:37,92.625
2025-12-12 02:55:07,92.5909090909091
2025-12-12 02:57:37,92.55681818181819
2025-12-12 03:00:07,92.52272727272727
2025-12-12 03:02:37,92.48863636363636
2025-12-12 03:05:07,92.45454545454545
2025-12-12 03:07:37,92.42045454545455
2025-12-12 03:10:07,92.38636363636364
2025-12-12 03:12:37,92.35227272727273
2025-12-12 03:15:07,92.31818181818181
2025-12-12 03:17:37,92.2840909090909
2025-12-12 03:20:07,92.25
2025-12-12 03:22:37,92.2159090909091
2025-12-12 03:25:07,92.18181818181819
2025-12-12 03:27:37,92.14772727272727
2025-12-12 03:30:07,92.11363636363636
2025-12-12 03:32:37,92.07954545454545
2025-12-12 03:35:07,92.04545454545455
2025-12-12 03:37:37,92.01136363636364
2025-12-12 03:40:07,91.97727272727273
2025-12-12 03:42:37,91.94318181818181
2025-12-12 03:45:07,91.9090909090909
2025-12-12 03:47:37,91.875
2025-12-12 03:50:07,91.8409090909091
2025-12-12 03:52:37,91.80681818181819
2025-12-12 03:55:07,91.77272727272727
2025-12-12 03:57:37,91.73863636363636
2025-12-12 04:00:07,91.70454545454545
2025-12-12 04:02:37,91.67045454545455
2025-12-12 04:05:07,91.63636363636364
2025-12-12 04:07:37,91.60227272727273
2025-12-12 04:10:07,91.56818181818181
2025-12-12 04:12:37,91.5340909090909
2025-12-12 04:15:07,91.5
2025-12-12 04:17:37,91.4659090909091
2025-12-12 04:20:07,91.43181818181819
2025-12-12 04:22:37,91.39772727272727
2025-12-12 04:25:07,91.36363636363636
2025-12-12 04:27:37,91.32954545454545
2025-12-12 04:30:07,91.29545454545455
2025-12-12 04:32:37,91.26136363636364
2025-12-12 04:35:07,91.22727272727273
2025-12-12 04:37:37,91.19318181818181
2025-12-12 04:40:07,91.1590909090909
2025-12-12 04:42:37,91.125
2025-12-12 04:45:07,91.0909090909091
2025-12-12 04:47:37,91.05681818181819
2025-12-12 04:50:07,91.02272727272727
2025-12-12 04:52:37,90.98863636363636
2025-12-12 04:55:07,90.95454545454545
2025-12-12 04:57:37,90.92045454545455
2025-12-12 05:00:07,90.88636363636364
2025-12-12 05:02:37,90.85227272727273
2025-12-12 05:05:07,90.81818181818181
2025-12-12 05:07:37,90.7840909090909
2025-12-12 05:10:07,90.75
2025-12-12 05:12:37,90.7159090909091
2025-12-12 05:15:07,90.68181818181819
2025-12-12 05:17:37,90.64772727272727
2025-12-12 05:20:07,90.61363636363636
2025-12-12 05:22:37,90.57954545454545
2025-12-12 05:25:07,90.54545454545455
2025-12-12 05:27:37,90.51136363636364
2025-12-12 05:30:07,90.47727272727273
2025-12-12 05:32:37,90.44318181818181
2025-12-12 05:35:07,90.4090909090909
2025-12-12 05:37:37,90.375
2025-12-12 05:40:07,90.3409090909091
2025-12-12 05:42:37,90.30681818181819
2025-12-12 05:45:07,90.27272727272727
2025-12-12 05:47:37,90.23863636363636
2025-12-12 05:50:07,90.20454545454545
2025-12-12 05:52:37,90.17045454545455
2025-12-12 05:55:07,90.13636363636364
2025-12-12 05:57:37,90.10227272727273
2025-12-12 06:00:07,90.06818181818181
2025-12-12 06:02:37,90.0340909090909
2025-12-12 06:05:07,90.0
2025-12-12 06:07:37,89.95
2025-12-12 06:10:07,89.9
2025-12-12 06:12:37,89.85
2025-12-12 06:15:07,89.8
2025-12-12 06:17:37,89.75
2025-12-12 06:20:07,89.7
2025-12-12 06:22:37,89.65
2025-12-12 06:25:07,89.6
2025-12-12 06:27:37,89.55
2025-12-12 06:30:07,89.5
2025-12-12 06:32:37,89.45
2025-12-12 06:35:07,89.4
2025-12-12 06:37:37,89.35
2025-12-12 06:40:07,89.3
2025-12-12 06:42:37,89.25
2025-12-12 06:45:07,89.2
2025-12-12 06:47:37,89.15
2025-12-12 06:50:07,89.1
2025-12-12 06:52:37,89.05
2025-12-12 06:55:07,89.0
2025-12-12 06:57:37,88.95
2025-12-12 07:00:07,88.9
2025-12-12 07:02:37,88.85
2025-12-12 07:05:07,88.8
2025-12-12 07:07:37,88.75
2025-12-12 07:10:07,88.7
2025-12-12 07:12:37,88.65
2025-12-12 07:15:07,88.6
2025-12-12 07:17:37,88.55
2025-12-12 07:20:07,88.5
2025-12-12 07:22:37,88.45
2025-12-12 07:25:07,88.4
2025-12-12 07:27:37,88.35
2025-12-12 07:30:07,88.3
2025-12-12 07:32:37,88.25
2025-12-12 07:35:07,88.2
2025-12-12 07:37:37,88.15
2025-12-12 07:40:07,88.1
2025-12-12 07:42:37,88.05
2025-12-12 07:45:07,88.0
2025-12-12 07:47:37,88.00408163265305
2025-12-12 07:50:07,88.00816326530612
2025-12-12 07:52:37,88.01224489795918
2025-12-12 07:55:07,88.01632653061225
2025-12-12 07:57:37,88.0204081632653
2025-12-12 08:00:07,88.02448979591837
2025-12-12 08:02:37,88.02857142857142
2025-12-12 08:05:07,88.0326530612245
2025-12-12 08:07:37,88.03673469387755
2025-12-12 08:10:07,88.04081632653062
2025-12-12 08:12:37,88.04489795918367
2025-12-12 08:15:07,88.04897959183674
2025-12-12 08:17:37,88.0530612244898
2025-12-12 08:20:07,88.05714285714286
2025-12-12 08:22:37,88.06122448979592
2025-12-12 08:25:07,88.06530612244897
2025-12-12 08:27:37,88.06938775510204
2025-12-12 08:30:07,88.0734693877551
2025-12-12 08:32:37,88.07755102040817
2025-12-12 08:35:07,88.08163265306122
2025-12-12 08:37:37,88.08571428571429
2025-12-12 08:40:07,88.08979591836734
2025-12-12 08:42:37,88.09387755102041
2025-12-12 08:45:07,88.09795918367347
2025-12-12 08:47:37,88.10204081632654
2025-12-12 08:50:07,88.10612244897959
2025-12-12 08:52:37,88.11020408163266
2025-12-12 08:55:07,88.11428571428571
2025-12-12 08:57:37,88.11836734693877
2025-12-12 09:00:07,88.12244897959184
2025-12-12 09:02:37,88.12653061224489
2025-12-12 09:05:07,88.13061224489796
2025-12-12 09:07:37,88.13469387755102
2025-12-12 09:10:07,88.13877551020408
2025-12-12 09:12:37,88.14285714285714
2025-12-12 09:15:07,88.14693877551021
2025-12-12 09:17:37,88.15102040816326
2025-12-12 09:20:07,88.15510204081633
2025-12-12 09:22:37,88.15918367346939
2025-12-12 09:25:07,88.16326530612245
2025-12-12 09:27:37,88.16734693877551
2025-12-12 09:30:07,88.17142857142858
2025-12-12 09:32:37,88.17551020408163
2025-12-12 09:35:07,88.17959183673469
2025-12-12 09:37:37,88.18367346938776
2025-12-12 09:40:07,88.18775510204081
2025-12-12 09:42:37,88.19183673469388
2025-12-12 09:45:07,88.19591836734693
2025-12-12 09:47:37,88.2
2025-12-12 09:50:07,88.20408163265306
2025-12-12 09:52:37,88.20816326530613
2025-12-12 09:55:07,88.21224489795918
2025-12-12 09:57:37,88.21632653061225
2025-12-12 10:00:07,88.2204081632653
2025-12-12 10:02:37,88.22448979591837
2025-12-12 10:05:07,88.22857142857143
2025-12-12 10:07:37,88.2326530612245
2025-12-12 10:10:07,88.23673469387755
2025-12-12 10:12:37,88.2408163265306
2025-12-12 10:15:07,88.24489795918367
2025-12-12 10:17:37,88.24897959183673
2025-12-12 10:20:07,88.2530612244898
2025-12-12 10:22:37,88.25714285714285
2025-12-12 10:25:07,88.26122448979592
2025-12-12 10:27:37,88.26530612244898
2025-12-12 10:30:07,88.26938775510204
2025-12-12 10:32:37,88.2734693877551
2025-12-12 10:35:07,88.27755102040817
2025-12-12 10:37:37,88.28163265306122
2025-12-12 10:40:07,88.28571428571429
2025-12-12 10:42:37,88.28979591836735
2025-12-12 10:45:07,88.29387755102042
2025-12-12 10:47:37,88.29795918367347
2025-12-12 10:50:07,88.30204081632652
2025-12-12 10:52:37,88.3061224489796
2025-12-12 10:55:07,88.31020408163265
2025-12-12 10:57:37,88.31428571428572
2025-12-12 11:00:07,88.31836734693877
2025-12-12 11:02:37,88.32244897959184
2025-12-12 11:05:07,88.3265306122449
2025-12-12 11:07:37,88.33061224489796
2025-12-12 11:10:07,88.33469387755102
2025-12-12 11:12:37,88.33877551020409
2025-12-12 11:15:07,88.34285714285714
2025-12-12 11:17:37,88.34693877551021
2025-12-12 11:20:07,88.35102040816327
2025-12-12 11:22:37,88.35510204081632
2025-12-12 11:25:07,88.35918367346939
2025-12-12 11:27:37,88.36326530612244
2025-12-12 11:30:07,88.36734693877551
2025-12-12 11:32:37,88.37142857142857
2025-12-12 11:35:07,88.37551020408164
2025-12-12 11:37:37,88.37959183673469
2025-12-12 11:40:07,88.38367346938776
2025-12-12 11:42:37,88.38775510204081
2025-12-12 11:45:07,88.39183673469388
2025-12-12 11:47:37,88.39591836734694
2025-12-12 11:50:07,88.4
2025-12-12 11:52:37,88.40408163265306
2025-12-12 11:55:07,88.40816326530613
2025-12-12 11:57:37,88.41224489795918
2025-12-12 12:00:07,88.41632653061224
2025-12-12 12:02:37,88.42040816326531
2025-12-12 12:05:07,88.42448979591836
2025-12-12 12:07:37,88.42857142857143
2025-12-12 12:10:07,88.43265306122449
2025-12-12 12:12:37,88.43673469387755
2025-12-12 12:15:07,88.44081632653061
2025-12-12 12:17:37,88.44489795918368
2025-12-12 12:20:07,88.44897959183673
2025-12-12 12:22:37,88.4530612244898
2025-12-12 12:25:07,88.45714285714286
2025-12-12 12:27:37,88.46122448979592
2025-12-12 12:30:07,88.46530612244898
2025-12-12 12:32:37,88.46938775510205
2025-12-12 12:35:07,88.4734693877551
2025-12-12 12:37:37,88.47755102040816
2025-12-12 12:40:07,88.48163265306123
2025-12-12 12:42:37,88.48571428571428
2025-12-12 12:45:07,88.48979591836735
2025-12-12 12:47:37,88.4938775510204
2025-12-12 12:50:07,88.49795918367347
2025-12-12 12:52:37,88.50204081632653
2025-12-12 12:55:07,88.5061224489796
2025-12-12 12:57:37,88.51020408163265
2025-12-12 13:00:07,88.51428571428572
2025-12-12 13:02:37,88.51836734693877
2025-12-12 13:05:07,88.52244897959184
2025-12-12 13:07:37,88.5265306122449
2025-12-12 13:10:07,88.53061224489795
2025-12-12 13:12:37,88.53469387755102
2025-12-12 13:15:07,88.53877551020408
2025-12-12 13:17:37,88.54285714285714
2025-12-12 13:20:07,88.5469387755102
2025-12-12 13:22:37,88.55102040816327
2025-12-12 13:25:07,88.55510204081632
2025-12-12 13:27:37,88.55918367346939
2025-12-12 13:30:07,88.56326530612245
2025-12-12 13:32:37,88.56734693877551
2025-12-12 13:35:07,88.57142857142857
2025-12-12 13:37:37,88.57551020408164
2025-12-12 13:40:07,88.57959183673469
2025-12-12 13:42:37,88.58367346938776
2025-12-12 13:45:07,88.58775510204082
2025-12-12 13:47:37,88.59183673469387
2025-12-12 13:50:07,88.59591836734694
2025-12-12 13:52:37,88.6
2025-12-12 13:55:07,88.60408163265306
2025-12-12 13:57:37,88.60816326530612
2025-12-12 14:00:07,88.61224489795919
2025-12-12 14:02:37,88.61632653061224
2025-12-12 14:05:07,88.62040816326531
2025-12-12 14:07:37,88.62448979591836
2025-12-12 14:10:07,88.62857142857143
2025-12-12 14:12:37,88.63265306122449
2025-12-12 14:15:07,88.63673469387756
2025-12-12 14:17:37,88.64081632653061
2025-12-12 14:20:07,88.64489795918368
2025-12-12 14:22:37,88.64897959183673
2025-12-12 14:25:07,88.65306122448979
2025-12-12 14:27:37,88.65714285714286
2025-12-12 14:30:07,88.66122448979591
2025-12-12 14:32:37,88.66530612244898
2025-12-12 14:35:07,88.66938775510204
2025-12-12 14:37:37,88.6734693877551
2025-12-12 14:40:07,88.67755102040816
2025-12-12 14:42:37,88.68163265306123
2025-12-12 14:45:07,88.68571428571428
2025-12-12 14:47:37,88.68979591836735
2025-12-12 14:50:07,88.6938775510204
2025-12-12 14:52:37,88.69795918367348
2025-12-12 14:55:07,88.70204081632653
2025-12-12 14:57:37,88.70612244897958
2025-12-12 15:00:07,88.71020408163265
2025-12-12 15:02:37,88.71428571428571
2025-12-12 15:05:07,88.71836734693878
2025-12-12 15:07:37,88.72244897959183
2025-12-12 15:10:07,88.7265306122449
2025-12-12 15:12:37,88.73061224489796
2025-12-12 15:15:07,88.73469387755102
2025-12-12 15:17:37,88.73877551020408
2025-12-12 15:20:07,88.74285714285715
2025-12-12 15:22:37,88.7469387755102
2025-12-12 15:25:07,88.75102040816327
2025-12-12 15:27:37,88.75510204081633
2025-12-12 15:30:07,88.7591836734694
2025-12-12 15:32:37,88.76326530612245
2025-12-12 15:35:07,88.7673469387755
2025-12-12 15:37:37,88.77142857142857
2025-12-12 15:40:07,88.77551020408163
2025-12-12 15:42:37,88.7795918367347
2025-12-12 15:45:07,88.78367346938775
2025-12-12 15:47:37,88.78775510204082
2025-12-12 15:50:07,88.79183673469387
2025-12-12 15:52:37,88.79591836734694
2025-12-12 15:55:07,88.8
2025-12-12 15:57:37,88.80408163265307
2025-12-12 16:00:07,88.80816326530612
2025-12-12 16:02:37,88.81224489795919
2025-12-12 16:05:07,88.81632653061224
2025-12-12 16:07:37,88.82040816326531
2025-12-12 16:10:07,88.82448979591837
2025-12-12 16:12:37,88.82857142857142
2025-12-12 16:15:07,88.83265306122449
2025-12-12 16:17:37,88.83673469387755
2025-12-12 16:20:07,88.84081632653061
2025-12-12 16:22:37,88.84489795918367
2025-12-12 16:25:07,88.84897959183674
2025-12-12 16:27:37,88.85306122448979
2025-12-12 16:30:07,88.85714285714286
2025-12-12 16:32:37,88.86122448979592
2025-12-12 16:35:07,88.86530612244898
2025-12-12 16:37:37,88.86938775510204
2025-12-12 16:40:07,88.87346938775511
2025-12-12 16:42:37,88.87755102040816
2025-12-12 16:45:07,88.88163265306123
2025-12-12 16:47:37,88.88571428571429
2025-12-12 16:50:07,88.88979591836734
2025-12-12 16:52:37,88.89387755102041
2025-12-12 16:55:07,88.89795918367346
2025-12-12 16:57:37,88.90204081632653
2025-12-12 17:00:07,88.90612244897959
2025-12-12 17:02:37,88.91020408163266
2025-12-12 17:05:07,88.91428571428571
2025-12-12 17:07:37,88.91836734693878
2025-12-12 17:10:07,88.92244897959183
2025-12-12 17:12:37,88.9265306122449
2025-12-12 17:15:07,88.93061224489796
2025-12-12 17:17:37,88.93469387755103
2025-12-12 17:20:07,88.93877551020408
2025-12-12 17:22:37,88.94285714285714
2025-12-12 17:25:07,88.9469387755102
2025-12-12 17:27:37,88.95102040816326
2025-12-12 17:30:07,88.95510204081633
2025-12-12 17:32:37,88.95918367346938
2025-12-12 17:35:07,88.96326530612245
2025-12-12 17:37:37,88.9673469387755
2025-12-12 17:40:07,88.97142857142858
2025-12-12 17:42:37,88.97551020408163
2025-12-12 17:45:07,88.9795918367347
2025-12-12 17:47:37,88.98367346938775
2025-12-12 17:50:07,88.98775510204082
2025-12-12 17:52:37,88.99183673469388
2025-12-12 17:55:07,88.99591836734695
2025-12-12 17:57:37,89.0
2025-12-12 18:00:07,89.00408163265305
2025-12-12 18:02:37,89.00816326530612
2025-12-12 18:05:07,89.01224489795918
2025-12-12 18:07:37,89.01632653061225
2025-12-12 18:10:07,89.0204081632653
2025-12-12 18:12:37,89.02448979591837
2025-12-12 18:15:07,89.02857142857142
2025-12-12 18:17:37,89.0326530612245
2025-12-12 18:20:07,89.03673469387755
2025-12-12 18:22:37,89.04081632653062
2025-12-12 18:25:07,89.04489795918367
2025-12-12 18:27:37,89.04897959183674
2025-12-12 18:30:07,89.0530612244898
2025-12-12 18:32:37,89.05714285714286
2025-12-12 18:35:07,89.06122448979592
2025-12-12 18:37:37,89.06530612244897
2025-12-12 18:40:07,89.06938775510204
2025-12-12 18:42:37,89.0734693877551
2025-12-12 18:45:07,89.07755102040817
2025-12-12 18:47:37,89.08163265306122
2025-12-12 18:50:07,89.08571428571429
2025-12-12 18:52:37,89.08979591836734
2025-12-12 18:55:07,89.09387755102041
2025-12-12 18:57:37,89.09795918367347
2025-12-12 19:00:07,89.10204081632654
2025-12-12 19:02:37,89.10612244897959
2025-12-12 19:05:07,89.11020408163266
2025-12-12 19:07:37,89.11428571428571
2025-12-12 19:10:07,89.11836734693877
2025-12-12 19:12:37,89.12244897959184
2025-12-12 19:15:07,89.12653061224489
2025-12-12 19:17:37,89.13061224489796
2025-12-12 19:20:07,89.13469387755102
2025-12-12 19:22:37,89.13877551020408
2025-12-12 19:25:07,89.14285714285714
2025-12-12 19:27:37,89.14693877551021
2025-12-12 19:30:07,89.15102040816326
2025-12-12 19:32:37,89.15510204081633
2025-12-12 19:35:07,89.15918367346939
2025-12-12 19:37:37,89.16326530612245
2025-12-12 19:40:07,89.16734693877551
2025-12-12 19:42:37,89.17142857142858
2025-12-12 19:45:07,89.17551020408163
2025-12-12 19:47:37,89.17959183673469
2025-12-12 19:50:07,89.18367346938776
2025-12-12 19:52:37,89.18775510204081
2025-12-12 19:55:07,89.19183673469388
2025-12-12 19:57:37,89.19591836734693
2025-12-12 20:00:07,89.2
2025-12-12 20:02:37,89.20408163265306
2025-12-12 20:05:07,89.20816326530613
2025-12-12 20:07:37,89.21224489795918
2025-12-12 20:10:07,89.21632653061225
2025-12-12 20:12:37,89.2204081632653
2025-12-12 20:15:07,89.22448979591837
2025-12-12 20:17:37,89.22857142857143
2025-12-12 20:20:07,89.2326530612245
2025-12-12 20:22:37,89.23673469387755
2025-12-12 20:25:07,89.2408163265306
2025-12-12 20:27:37,89.24489795918367
2025-12-12 20:30:07,89.24897959183673
2025-12-12 20:32:37,89.2530612244898
2025-12-12 20:35:07,89.25714285714285
2025-12-12 20:37:37,89.26122448979592
2025-12-12 20:40:07,89.26530612244898
2025-12-12 20:42:37,89.26938775510204
2025-12-12 20:45:07,89.2734693877551
2025-12-12 20:47:37,89.27755102040817
2025-12-12 20:50:07,89.28163265306122
2025-12-12 20:52:37,89.28571428571429
2025-12-12 20:55:07,89.28979591836735
2025-12-12 20:57:37,89.29387755102042
2025-12-12 21:00:07,89.29795918367347
2025-12-12 21:02:37,89.30204081632652
2025-12-12 21:05:07,89.3061224489796
2025-12-12 21:07:37,89.31020408163265
2025-12-12 21:10:07,89.31428571428572
2025-12-12 21:12:37,89.31836734693877
2025-12-12 21:15:07,89.32244897959184
2025-12-12 21:17:37,89.3265306122449
2025-12-12 21:20:07,89.33061224489796
2025-12-12 21:22:37,89.33469387755102
2025-12-12 21:25:07,89.33877551020409
2025-12-12 21:27:37,89.34285714285714
2025-12-12 21:30:07,89.34693877551021
2025-12-12 21:32:37,89.35102040816327
2025-12-12 21:35:07,89.35510204081632
2025-12-12 21:37:37,89.35918367346939
2025-12-12 21:40:07,89.36326530612244
2025-12-12 21:42:37,89.36734693877551
2025-12-12 21:45:07,89.37142857142857
2025-12-12 21:47:37,89.37551020408164
2025-12-12 21:50:07,89.37959183673469
2025-12-12 21:52:37,89.38367346938776
2025-12-12 21:55:07,89.38775510204081
2025-12-12 21:57:37,89.39183673469388
2025-12-12 22:00:07,89.39591836734694
2025-12-12 22:02:37,89.4
2025-12-12 22:05:07,89.40408163265306
2025-12-12 22:07:37,89.40816326530613
2025-12-12 22:10:07,89.41224489795918
2025-12-12 22:12:37,89.41632653061224
2025-12-12 22:15:07,89.42040816326531
2025-12-12 22:17:37,89.42448979591836
2025-12-12 22:20:07,89.42857142857143
2025-12-12 22:22:37,89.43265306122449
2025-12-12 22:25:07,89.43673469387755
2025-12-12 22:27:37,89.44081632653061
2025-12-12 22:30:07,89.44489795918368
2025-12-12 22:32:37,89.44897959183673
2025-12-12 22:35:07,89.4530612244898
2025-12-12 22:37:37,89.45714285714286
2025-12-12 22:40:07,89.46122448979592
2025-12-12 22:42:37,89.46530612244898
2025-12-12 22:45:07,89.46938775510205
2025-12-12 22:47:37,89.4734693877551
2025-12-12 22:50:07,89.47755102040816
2025-12-12 22:52:37,89.48163265306123
2025-12-12 22:55:07,89.48571428571428
2025-12-12 22:57:37,89.48979591836735
2025-12-12 23:00:07,89.4938775510204
2025-12-12 23:02:37,89.49795918367347
2025-12-12 23:05:07,89.50204081632653
2025-12-12 23:07:37,89.5061224489796
2025-12-12 23:10:07,89.51020408163265
2025-12-12 23:12:37,89.51428571428572
2025-12-12 23:15:07,89.51836734693877
2025-12-12 23:17:37,89.52244897959184
2025-12-12 23:20:07,89.5265306122449
2025-12-12 23:22:37,89.53061224489795
2025-12-12 23:25:07,89.53469387755102
2025-12-12 23:27:37,89.53877551020408
2025-12-12 23:30:07,89.54285714285714
2025-12-12 23:32:37,89.5469387755102
2025-12-12 23:35:07,89.55102040816327
2025-12-12 23:37:37,89.55510204081632
2025-12-12 23:40:07,89.55918367346939
2025-12-12 23:42:37,89.56326530612245
2025-12-12 23:45:07,89.56734693877551
2025-12-12 23:47:37,89.57142857142857
2025-12-12 23:50:07,89.57551020408164
2025-12-12 23:52:37,89.57959183673469
2025-12-12 23:55:07,89.58367346938776
2025-12-12 23:57:37,89.58775510204082
2025-12-13 00:00:07,89.59183673469387
2025-12-13 00:02:37,89.59591836734694
2025-12-13 00:05:07,89.6
2025-12-13 00:07:37,89.60408163265306
2025-12-13 00:10:07,89.60816326530612
2025-12-13 00:12:37,89.61224489795919
2025-12-13 00:15:07,89.61632653061224
2025-12-13 00:17:37,89.62040816326531
2025-12-13 00:20:07,89.62448979591836
2025-12-13 00:22:37,89.62857142857143
2025-12-13 00:25:07,89.63265306122449
2025-12-13 00:27:37,89.63673469387756
2025-12-13 00:30:07,89.64081632653061
2025-12-13 00:32:37,89.64489795918368
2025-12-13 00:35:07,89.64897959183673
2025-12-13 00:37:37,89.65306122448979
2025-12-13 00:40:07,89.65714285714286
2025-12-13 00:42:37,89.66122448979591
2025-12-13 00:45:07,89.66530612244898
2025-12-13 00:47:37,89.66938775510204
2025-12-13 00:50:07,89.6734693877551
2025-12-13 00:52:37,89.67755102040816
2025-12-13 00:55:07,89.68163265306123
2025-12-13 00:57:37,89.68571428571428
2025-12-13 01:00:07,89.68979591836735
2025-12-13 01:02:37,89.6938775510204
2025-12-13 01:05:07,89.69795918367348
2025-12-13 01:07:37,89.70204081632653
2025-12-13 01:10:07,89.70612244897958
2025-12-13 01:12:37,89.71020408163265
2025-12-13 01:15:07,89.71428571428571
2025-12-13 01:17:37,89.71836734693878
2025-12-13 01:20:07,89.72244897959183
2025-12-13 01:22:37,89.7265306122449
2025-12-13 01:25:07,89.73061224489796
2025-12-13 01:27:37,89.73469387755102
2025-12-13 01:30:07,89.73877551020408
2025-12-13 01:32:37,89.74285714285715
2025-12-13 01:35:07,89.7469387755102
2025-12-13 01:37:37,89.75102040816327
2025-12-13 01:40:07,89.75510204081633
2025-12-13 01:42:37,89.7591836734694
2025-12-13 01:45:07,89.76326530612245
2025-12-13 01:47:37,89.7673469387755
2025-12-13 01:50:07,89.77142857142857
2025-12-13 01:52:37,89.77551020408163
2025-12-13 01:55:07,89.7795918367347
2025-12-13 01:57:37,89.78367346938775
2025-12-13 02:00:07,89.78775510204082
2025-12-13 02:02:37,89.79183673469387
2025-12-13 02:05:07,89.79591836734694
2025-12-13 02:07:37,89.8
2025-12-13 02:10:07,89.80408163265307
2025-12-13 02:12:37,89.80816326530612
2025-12-13 02:15:07,89.81224489795919
2025-12-13 02:17:37,89.81632653061224
2025-12-13 02:20:07,89.82040816326531
2025-12-13 02:22:37,89.82448979591837
2025-12-13 02:25:07,89.82857142857142
2025-12-13 02:27:37,89.83265306122449
2025-12-13 02:30:07,89.83673469387755
2025-12-13 02:32:37,89.84081632653061
2025-12-13 02:35:07,89.84489795918367
2025-12-13 02:37:37,89.84897959183674
2025-12-13 02:40:07,89.85306122448979
2025-12-13 02:42:37,89.85714285714286
2025-12-13 02:45:07,89.86122448979592
2025-12-13 02:47:37,89.86530612244898
2025-12-13 02:50:07,89.86938775510204
2025-12-13 02:52:37,89.87346938775511
2025-12-13 02:55:07,89.87755102040816
2025-12-13 02:57:37,89.88163265306123
2025-12-13 03:00:07,89.88571428571429
2025-12-13 03:02:37,89.88979591836734
2025-12-13 03:05:07,89.89387755102041
2025-12-13 03:07:37,89.89795918367346
2025-12-13 03:10:07,89.90204081632653
2025-12-13 03:12:37,89.90612244897959
2025-12-13 03:15:07,89.91020408163266
2025-12-13 03:17:37,89.91428571428571
2025-12-13 03:20:07,89.91836734693878
2025-12-13 03:22:37,89.92244897959183
2025-12-13 03:25:07,89.9265306122449
2025-12-13 03:27:37,89.93061224489796
2025-12-13 03:30:07,89.93469387755103
2025-12-13 03:32:37,89.93877551020408
2025-12-13 03:35:07,89.94285714285714
2025-12-13 03:37:37,89.9469387755102
2025-12-13 03:40:07,89.95102040816326
2025-12-13 03:42:37,89.95510204081633
2025-12-13 03:45:07,89.95918367346938
2025-12-13 03:47:37,89.96326530612245
2025-12-13 03:50:07,89.9673469387755
2025-12-13 03:52:37,89.97142857142858
2025-12-13 03:55:07,89.97551020408163
2025-12-13 03:57:37,89.9795918367347
2025-12-13 04:00:07,89.98367346938775
2025-12-13 04:02:37,89.98775510204082
2025-12-13 04:05:07,89.99183673469388
2025-12-13 04:07:37,89.99591836734695
2025-12-13 04:10:07,90.0
2025-12-13 04:12:37,89.96850393700787
2025-12-13 04:15:07,89.93700787401575
2025-12-13 04:17:37,89.90551181102362
2025-12-13 04:20:07,89.8740157480315
2025-12-13 04:22:37,89.84251968503936
2025-12-13 04:25:07,89.81102362204724
2025-12-13 04:27:37,89.77952755905511
2025-12-13 04:30:07,89.74803149606299
2025-12-13 04:32:37,89.71653543307086
2025-12-13 04:35:07,89.68503937007874
2025-12-13 04:37:37,89.65354330708661
2025-12-13 04:40:07,89.62204724409449
2025-12-13 04:42:37,89.59055118110236
2025-12-13 04:45:07,89.55905511811024
2025-12-13 04:47:37,89.5275590551181
2025-12-13 04:50:07,89.49606299212599
2025-12-13 04:52:37,89.46456692913385
2025-12-13 04:55:07,89.43307086614173
2025-12-13 04:57:37,89.4015748031496
2025-12-13 05:00:07,89.37007874015748
2025-12-13 05:02:37,89.33858267716535
2025-12-13 05:05:07,89.30708661417323
2025-12-13 05:07:37,89.2755905511811
2025-12-13 05:10:07,89.24409448818898
2025-12-13 05:12:37,89.21259842519684
2025-12-13 05:15:07,89.18110236220473
2025-12-13 05:17:37,89.14960629921259
2025-12-13 05:20:07,89.11811023622047
2025-12-13 05:22:37,89.08661417322834
2025-12-13 05:25:07,89.05511811023622
2025-12-13 05:27:37,89.02362204724409
2025-12-13 05:30:07,88.99212598425197
2025-12-13 05:32:37,88.96062992125984
2025-12-13 05:35:07,88.92913385826772
2025-12-13 05:37:37,88.89763779527559
2025-12-13 05:40:07,88.86614173228347
2025-12-13 05:42:37,88.83464566929133
2025-12-13 05:45:07,88.80314960629921
2025-12-13 05:47:37,88.77165354330708
2025-12-13 05:50:07,88.74015748031496
2025-12-13 05:52:37,88.70866141732283
2025-12-13 05:55:07,88.67716535433071
2025-12-13 05:57:37,88.64566929133858
2025-12-13 06:00:07,88.61417322834646
2025-12-13 06:02:37,88.58267716535433
2025-12-13 06:05:07,88.55118110236221
2025-12-13 06:07:37,88.51968503937007
2025-12-13 06:10:07,88.48818897637796
2025-12-13 06:12:37,88.45669291338582
2025-12-13 06:15:07,88.4251968503937
2025-12-13 06:17:37,88.39370078740157
2025-12-13 06:20:07,88.36220472440945
2025-12-13 06:22:37,88.33070866141732
2025-12-13 06:25:07,88.2992125984252
2025-12-13 06:27:37,88.26771653543307
2025-12-13 06:30:07,88.23622047244095
2025-12-13 06:32:37,88.20472440944881
2025-12-13 06:35:07,88.1732283464567
2025-12-13 06:37:37,88.14173228346456
2025-12-13 06:40:07,88.11023622047244
2025-12-13 06:42:37,88.07874015748031
2025-12-13 06:45:07,88.04724409448819
2025-12-13 06:47:37,88.01574803149606
2025-12-13 06:50:07,87.98425196850394
2025-12-13 06:52:37,87.95275590551181
2025-12-13 06:55:07,87.92125984251969
2025-12-13 06:57:37,87.88976377952756
2025-12-13 07:00:07,87.85826771653544
2025-12-13 07:02:37,87.8267716535433
2025-12-13 07:05:07,87.79527559055119
2025-12-13 07:07:37,87.76377952755905
2025-12-13 07:10:07,87.73228346456693
2025-12-13 07:12:37,87.7007874015748
2025-12-13 07:15:07,87.66929133858268
2025-12-13 07:17:37,87.63779527559055
2025-12-13 07:20:07,87.60629921259843
2025-12-13 07:22:37,87.5748031496063
2025-12-13 07:25:07,87.54330708661418
2025-12-13 07:27:37,87.51181102362204
2025-12-13 07:30:07,87.48031496062993
2025-12-13 07:32:37,87.44881889763779
2025-12-13 07:35:07,87.41732283464567
2025-12-13 07:37:37,87.38582677165354
2025-12-13 07:40:07,87.35433070866142
2025-12-13 07:42:37,87.32283464566929
2025-12-13 07:45:07,87.29133858267717
2025-12-13 07:47:37,87.25984251968504
2025-12-13 07:50:07,87.22834645669292
2025-12-13 07:52:37,87.19685039370079
2025-12-13 07:55:07,87.16535433070867
2025-12-13 07:57:37,87.13385826771653
2025-12-13 08:00:07,87.10236220472441
2025-12-13 08:02:37,87.07086614173228
2025-12-13 08:05:07,87.03937007874016
2025-12-13 08:07:37,87.00787401574803
2025-12-13 08:10:07,86.97637795275591
2025-12-13 08:12:37,86.94488188976378
2025-12-13 08:15:07,86.91338582677166
2025-12-13 08:17:37,86.88188976377953
2025-12-13 08:20:07,86.85039370078741
2025-12-13 08:22:37,86.81889763779527
2025-12-13 08:25:07,86.78740157480316
2025-12-13 08:27:37,86.75590551181102
2025-12-13 08:30:07,86.7244094488189
2025-12-13 08:32:37,86.69291338582677
2025-12-13 08:35:07,86.66141732283465
2025-12-13 08:37:37,86.62992125984252
2025-12-13 08:40:07,86.5984251968504
2025-12-13 08:42:37,86.56692913385827
2025-12-13 08:45:07,86.53543307086615
2025-12-13 08:47:37,86.50393700787401
2025-12-13 08:50:07,86.4724409448819
2025-12-13 08:52:37,86.44094488188976
2025-12-13 08:55:07,86.40944881889764
2025-12-13 08:57:37,86.37795275590551
2025-12-13 09:00:07,86.34645669291339
2025-12-13 09:02:37,86.31496062992126
2025-12-13 09:05:07,86.28346456692914
2025-12-13 09:07:37,86.25196850393701
2025-12-13 09:10:07,86.22047244094489
2025-12-13 09:12:37,86.18897637795276
2025-12-13 09:15:07,86.15748031496064
2025-12-13 09:17:37,86.1259842519685
2025-12-13 09:20:07,86.09448818897638
2025-12-13 09:22:37,86.06299212598425
2025-12-13 09:25:07,86.03149606299213
2025-12-13 09:27:37,86.0
2025-12-13 09:30:07,86.00522193211488
2025-12-13 09:32:37,86.01044386422977
2025-12-13 09:35:07,86.01566579634465
2025-12-13 09:37:37,86.02088772845953
2025-12-13 09:40:07,86.0261096605744
2025-12-13 09:42:37,86.0313315926893
2025-12-13 09:45:07,86.03655352480418
2025-12-13 09:47:37,86.04177545691905
2025-12-13 09:50:07,86.04699738903395
2025-12-13 09:52:37,86.05221932114883
2025-12-13 09:55:07,86.0574412532637
2025-12-13 09:57:37,86.0626631853786
2025-12-13 10:00:07,86.06788511749347
2025-12-13 10:02:37,86.07310704960835
2025-12-13 10:05:07,86.07832898172323
2025-12-13 10:07:37,86.08355091383812
2025-12-13 10:10:07,86.088772845953
2025-12-13 10:12:37,86.09399477806788
2025-12-13 10:15:07,86.09921671018277
2025-12-13 10:17:37,86.10443864229765
2025-12-13 10:20:07,86.10966057441253
2025-12-13 10:22:37,86.11488250652741
2025-12-13 10:25:07,86.1201044386423
2025-12-13 10:27:37,86.12532637075718
2025-12-13 10:30:07,86.13054830287206
2025-12-13 10:32:37,86.13577023498695
2025-12-13 10:35:07,86.14099216710183
2025-12-13 10:37:37,86.1462140992167
2025-12-13 10:40:07,86.1514360313316
2025-12-13 10:42:37,86.15665796344648
2025-12-13 10:45:07,86.16187989556136
2025-12-13 10:47:37,86.16710182767623
2025-12-13 10:50:07,86.17232375979113
2025-12-13 10:52:37,86.177545691906
2025-12-13 10:55:07,86.18276762402088
2025-12-13 10:57:37,86.18798955613578
2025-12-13 11:00:07,86.19321148825065
2025-12-13 11:02:37,86.19843342036553
2025-12-13 11:05:07,86.20365535248042
2025-12-13 11:07:37,86.2088772845953
2025-12-13 11:10:07,86.21409921671018
2025-12-13 11:12:37,86.21932114882506
2025-12-13 11:15:07,86.22454308093995
2025-12-13 11:17:37,86.22976501305483
2025-12-13 11:20:07,86.23498694516971
2025-12-13 11:22:37,86.2402088772846
2025-12-13 11:25:07,86.24543080939948
2025-12-13 11:27:37,86.25065274151436
2025-12-13 11:30:07,86.25587467362924
2025-12-13 11:32:37,86.26109660574413
2025-12-13 11:35:07,86.26631853785901
2025-12-13 11:37:37,86.27154046997389
2025-12-13 11:40:07,86.27676240208878
2025-12-13 11:42:37,86.28198433420366
2025-12-13 11:45:07,86.28720626631853
2025-12-13 11:47:37,86.29242819843343
2025-12-13 11:50:07,86.2976501305483
2025-12-13 11:52:37,86.30287206266318
2025-12-13 11:55:07,86.30809399477806
2025-12-13 11:57:37,86.31331592689295
2025-12-13 12:00:07,86.31853785900783
2025-12-13 12:02:37,86.32375979112271
2025-12-13 12:05:07,86.3289817232376
2025-12-13 12:07:37,86.33420365535248
2025-12-13 12:10:07,86.33942558746736
2025-12-13 12:12:37,86.34464751958224
2025-12-13 12:15:07,86.34986945169713
2025-12-13 12:17:37,86.35509138381201
2025-12-13 12:20:07,86.36031331592689
2025-12-13 12:22:37,86.36553524804178
2025-12-13 12:25:07,86.37075718015666
2025-12-13 12:27:37,86.37597911227154
2025-12-13 12:30:07,86.38120104438643
2025-12-13 12:32:37,86.38642297650131
2025-12-13 12:35:07,86.39164490861619
2025-12-13 12:37:37,86.39686684073106
2025-12-13 12:40:07,86.40208877284596
2025-12-13 12:42:37,86.40731070496084
2025-12-13 12:45:07,86.41253263707571
2025-12-13 12:47:37,86.4177545691906
2025-12-13 12:50:07,86.42297650130548
2025-12-13 12:52:37,86.42819843342036
2025-12-13 12:55:07,86.43342036553524
2025-12-13 12:57:37,86.43864229765013
2025-12-13 13:00:07,86.44386422976501
2025-12-13 13:02:37,86.44908616187989
2025-12-13 13:05:07,86.45430809399478
2025-12-13 13:07:37,86.45953002610966
2025-12-13 13:10:07,86.46475195822454
2025-12-13 13:12:37,86.46997389033943
2025-12-13 13:15:07,86.47519582245431
2025-12-13 13:17:37,86.48041775456919
2025-12-13 13:20:07,86.48563968668407
2025-12-13 13:22:37,86.49086161879896
2025-12-13 13:25:07,86.49608355091384
2025-12-13 13:27:37,86.50130548302872
2025-12-13 13:30:07,86.50652741514361
2025-12-13 13:32:37,86.51174934725849
2025-12-13 13:35:07,86.51697127937337
2025-12-13 13:37:37,86.52219321148826
2025-12-13 13:40:07,86.52741514360314
2025-12-13 13:42:37,86.53263707571801
2025-12-13 13:45:07,86.53785900783289
2025-12-13 13:47:37,86.54308093994779
2025-12-13 13:50:07,86.54830287206266
2025-12-13 13:52:37,86.55352480417754
2025-12-13 13:55:07,86.55874673629243
2025-12-13 13:57:37,86.56396866840731
2025-12-13 14:00:07,86.56919060052219
2025-12-13 14:02:37,86.57441253263707
2025-12-13 14:05:07,86.57963446475196
2025-12-13 14:07:37,86.58485639686684
2025-12-13 14:10:07,86.59007832898172
2025-12-13 14:12:37,86.59530026109661
2025-12-13 14:15:07,86.60052219321149
2025-12-13 14:17:37,86.60574412532637
2025-12-13 14:20:07,86.61096605744126
2025-12-13 14:22:37,86.61618798955614
2025-12-13 14:25:07,86.62140992167102
2025-12-13 14:27:37,86.6266318537859
2025-12-13 14:30:07,86.63185378590079
2025-12-13 14:32:37,86.63707571801567
2025-12-13 14:35:07,86.64229765013054
2025-12-13 14:37:37,86.64751958224544
2025-12-13 14:40:07,86.65274151436032
2025-12-13 14:42:37,86.6579634464752
2025-12-13 14:45:07,86.66318537859007
2025-12-13 14:47:37,86.66840731070496
2025-12-13 14:50:07,86.67362924281984
2025-12-13 14:52:37,86.67885117493472
2025-12-13 14:55:07,86.68407310704961
2025-12-13 14:57:37,86.68929503916449
2025-12-13 15:00:07,86.69451697127937
2025-12-13 15:02:37,86.69973890339426
2025-12-13 15:05:07,86.70496083550914
2025-12-13 15:07:37,86.71018276762402
2025-12-13 15:10:07,86.7154046997389
2025-12-13 15:12:37,86.72062663185379
2025-12-13 15:15:07,86.72584856396867
2025-12-13 15:17:37,86.73107049608355
2025-12-13 15:20:07,86.73629242819844
2025-12-13 15:22:37,86.74151436031332
2025-12-13 15:25:07,86.7467362924282
2025-12-13 15:27:37,86.75195822454307
2025-12-13 15:30:07,86.75718015665797
2025-12-13 15:32:37,86.76240208877284
2025-12-13 15:35:07,86.76762402088772
2025-12-13 15:37:37,86.77284595300262
2025-12-13 15:40:07,86.7780678851175
2025-12-13 15:42:37,86.78328981723237
2025-12-13 15:45:07,86.78851174934726
2025-12-13 15:47:37,86.79373368146214
2025-12-13 15:50:07,86.79895561357702
2025-12-13 15:52:37,86.8041775456919
2025-12-13 15:55:07,86.80939947780679
2025-12-13 15:57:37,86.81462140992167
2025-12-13 16:00:07,86.81984334203655
2025-12-13 16:02:37,86.82506527415144
2025-12-13 16:05:07,86.83028720626632
2025-12-13 16:07:37,86.8355091383812
2025-12-13 16:10:07,86.84073107049609
2025-12-13 16:12:37,86.84595300261097
2025-12-13 16:15:07,86.85117493472585
2025-12-13 16:17:37,86.85639686684073
2025-12-13 16:20:07,86.86161879895562
2025-12-13 16:22:37,86.8668407310705
2025-12-13 16:25:07,86.87206266318537
2025-12-13 16:27:37,86.87728459530027
2025-12-13 16:30:07,86.88250652741515
2025-12-13 16:32:37,86.88772845953002
2025-12-13 16:35:07,86.8929503916449
2025-12-13 16:37:37,86.8981723237598
2025-12-13 16:40:07,86.90339425587467
2025-12-13 16:42:37,86.90861618798955
2025-12-13 16:45:07,86.91383812010444
2025-12-13 16:47:37,86.91906005221932
2025-12-13 16:50:07,86.9242819843342
2025-12-13 16:52:37,86.9295039164491
2025-12-13 16:55:07,86.93472584856397
2025-12-13 16:57:37,86.93994778067885
2025-12-13 17:00:07,86.94516971279373
2025-12-13 17:02:37,86.95039164490862
2025-12-13 17:05:07,86.9556135770235
2025-12-13 17:07:37,86.96083550913838
2025-12-13 17:10:07,86.96605744125327
2025-12-13 17:12:37,86.97127937336815
2025-12-13 17:15:07,86.97650130548303
2025-12-13 17:17:37,86.9817232375979
2025-12-13 17:20:07,86.9869451697128
2025-12-13 17:22:37,86.99216710182768
2025-12-13 17:25:07,86.99738903394255
2025-12-13 17:27:37,87.00261096605745
2025-12-13 17:30:07,87.00783289817232
2025-12-13 17:32:37,87.0130548302872
2025-12-13 17:35:07,87.0182767624021
2025-12-13 17:37:37,87.02349869451697
2025-12-13 17:40:07,87.02872062663185
2025-12-13 17:42:37,87.03394255874673
2025-12-13 17:45:07,87.03916449086162
2025-12-13 17:47:37,87.0443864229765
2025-12-13 17:50:07,87.04960835509138
2025-12-13 17:52:37,87.05483028720627
2025-12-13 17:55:07,87.06005221932115
2025-12-13 17:57:37,87.06527415143603
2025-12-13 18:00:07,87.0704960835509
2025-12-13 18:02:37,87.0757180156658
2025-12-13 18:05:07,87.08093994778068
2025-12-13 18:07:37,87.08616187989556
2025-12-13 18:10:07,87.09138381201045
2025-12-13 18:12:37,87.09660574412533
2025-12-13 18:15:07,87.1018276762402
2025-12-13 18:17:37,87.1070496083551
2025-12-13 18:20:07,87.11227154046998
2025-12-13 18:22:37,87.11749347258485
2025-12-13 18:25:07,87.12271540469973
2025-12-13 18:27:37,87.12793733681463
2025-12-13 18:30:07,87.1331592689295
2025-12-13 18:32:37,87.13838120104438
2025-12-13 18:35:07,87.14360313315927
2025-12-13 18:37:37,87.14882506527415
2025-12-13 18:40:07,87.15404699738903
2025-12-13 18:42:37,87.15926892950392
2025-12-13 18:45:07,87.1644908616188
2025-12-13 18:47:37,87.16971279373368
2025-12-13 18:50:07,87.17493472584856
2025-12-13 18:52:37,87.18015665796345
2025-12-13 18:55:07,87.18537859007833
2025-12-13 18:57:37,87.19060052219321
2025-12-13 19:00:07,87.1958224543081
2025-12-13 19:02:37,87.20104438642298
2025-12-13 19:05:07,87.20626631853786
2025-12-13 19:07:37,87.21148825065274
2025-12-13 19:10:07,87.21671018276763
2025-12-13 19:12:37,87.2219321148825
2025-12-13 19:15:07,87.22715404699738
2025-12-13 19:17:37,87.23237597911228
2025-12-13 19:20:07,87.23759791122716
2025-12-13 19:22:37,87.24281984334203
2025-12-13 19:25:07,87.24804177545693
2025-12-13 19:27:37,87.2532637075718
2025-12-13 19:30:07,87.25848563968668
2025-12-13 19:32:37,87.26370757180156
2025-12-13 19:35:07,87.26892950391645
2025-12-13 19:37:37,87.27415143603133
2025-12-13 19:40:07,87.27937336814621
2025-12-13 19:42:37,87.2845953002611
2025-12-13 19:45:07,87.28981723237598
2025-12-13 19:47:37,87.29503916449086
2025-12-13 19:50:07,87.30026109660574
2025-12-13 19:52:37,87.30548302872063
2025-12-13 19:55:07,87.31070496083551
2025-12-13 19:57:37,87.31592689295039
2025-12-13 20:00:07,87.32114882506528
2025-12-13 20:02:37,87.32637075718016
2025-12-13 20:05:07,87.33159268929504
2025-12-13 20:07:37,87.33681462140993
2025-12-13 20:10:07,87.3420365535248
2025-12-13 20:12:37,87.34725848563968
2025-12-13 20:15:07,87.35248041775456
2025-12-13 20:17:37,87.35770234986946
2025-12-13 20:20:07,87.36292428198433
2025-12-13 20:22:37,87.36814621409921
2025-12-13 20:25:07,87.3733681462141
2025-12-13 20:27:37,87.37859007832898
2025-12-13 20:30:07,87.38381201044386
2025-12-13 20:32:37,87.38903394255874
2025-12-13 20:35:07,87.39425587467363
2025-12-13 20:37:37,87.39947780678851
2025-12-13 20:40:07,87.40469973890339
2025-12-13 20:42:37,87.40992167101828
2025-12-13 20:45:07,87.41514360313316
2025-12-13 20:47:37,87.42036553524804
2025-12-13 20:50:07,87.42558746736293
2025-12-13 20:52:37,87.43080939947781
2025-12-13 20:55:07,87.43603133159269
2025-12-13 20:57:37,87.44125326370757
2025-12-13 21:00:07,87.44647519582246
2025-12-13 21:02:37,87.45169712793734
2025-12-13 21:05:07,87.45691906005221
2025-12-13 21:07:37,87.46214099216711
2025-12-13 21:10:07,87.46736292428199
2025-12-13 21:12:37,87.47258485639686
2025-12-13 21:15:07,87.47780678851176
2025-12-13 21:17:37,87.48302872062663
2025-12-13 21:20:07,87.48825065274151
2025-12-13 21:22:37,87.49347258485639
2025-12-13 21:25:07,87.49869451697128
2025-12-13 21:27:37,87.50391644908616
2025-12-13 21:30:07,87.50913838120104
2025-12-13 21:32:37,87.51436031331593
2025-12-13 21:35:07,87.51958224543081
2025-12-13 21:37:37,87.52480417754569
2025-12-13 21:40:07,87.53002610966057
2025-12-13 21:42:37,87.53524804177546
2025-12-13 21:45:07,87.54046997389034
2025-12-13 21:47:37,87.54569190600522
2025-12-13 21:50:07,87.55091383812011
2025-12-13 21:52:37,87.55613577023499
2025-12-13 21:55:07,87.56135770234987
2025-12-13 21:57:37,87.56657963446476
2025-12-13 22:00:07,87.57180156657964
2025-12-13 22:02:37,87.57702349869452
2025-12-13 22:05:07,87.5822454308094
2025-12-13 22:07:37,87.58746736292429
2025-12-13 22:10:07,87.59268929503916
2025-12-13 22:12:37,87.59791122715404
2025-12-13 22:15:07,87.60313315926894
2025-12-13 22:17:37,87.60835509138381
2025-12-13 22:20:07,87.61357702349869
2025-12-13 22:22:37,87.61879895561357
2025-12-13 22:25:07,87.62402088772846
2025-12-13 22:27:37,87.62924281984334
2025-12-13 22:30:07,87.63446475195822
2025-12-13 22:32:37,87.63968668407311
2025-12-13 22:35:07,87.64490861618799
2025-12-13 22:37:37,87.65013054830287
2025-12-13 22:40:07,87.65535248041776
2025-12-13 22:42:37,87.66057441253264
2025-12-13 22:45:07,87.66579634464752
2025-12-13 22:47:37,87.6710182767624
2025-12-13 22:50:07,87.67624020887729
2025-12-13 22:52:37,87.68146214099217
2025-12-13 22:55:07,87.68668407310705
2025-12-13 22:57:37,87.69190600522194
2025-12-13 23:00:07,87.69712793733682
2025-12-13 23:02:37,87.7023498694517
2025-12-13 23:05:07,87.70757180156657
2025-12-13 23:07:37,87.71279373368147
2025-12-13 23:10:07,87.71801566579634
2025-12-13 23:12:37,87.72323759791122
2025-12-13 23:15:07,87.72845953002611
2025-12-13 23:17:37,87.73368146214099
2025-12-13 23:20:07,87.73890339425587
2025-12-13 23:22:37,87.74412532637076
2025-12-13 23:25:07,87.74934725848564
2025-12-13 23:27:37,87.75456919060052
2025-12-13 23:30:07,87.7597911227154
2025-12-13 23:32:37,87.76501305483029
2025-12-13 23:35:07,87.77023498694517
2025-12-13 23:37:37,87.77545691906005
2025-12-13 23:40:07,87.78067885117494
2025-12-13 23:42:37,87.78590078328982
2025-12-13 23:45:07,87.7911227154047
2025-12-13 23:47:37,87.79634464751959
2025-12-13 23:50:07,87.80156657963447
2025-12-13 23:52:37,87.80678851174935
2025-12-13 23:55:07,87.81201044386422
2025-12-13 23:57:37,87.81723237597912
2025-12-14 00:00:07,87.822454308094
2025-12-14 00:02:37,87.82767624020887
2025-12-14 00:05:07,87.83289817232377
2025-12-14 00:07:37,87.83812010443864
2025-12-14 00:10:07,87.84334203655352
2025-12-14 00:12:37,87.8485639686684
2025-12-14 00:15:07,87.8537859007833
2025-12-14 00:17:37,87.85900783289817
2025-12-14 00:20:07,87.86422976501305
2025-12-14 00:22:37,87.86945169712794
2025-12-14 00:25:07,87.87467362924282
2025-12-14 00:27:37,87.8798955613577
2025-12-14 00:30:07,87.88511749347259
2025-12-14 00:32:37,87.89033942558747
2025-12-14 00:35:07,87.89556135770235
2025-12-14 00:37:37,87.90078328981723
2025-12-14 00:40:07,87.90600522193212
2025-12-14 00:42:37,87.911227154047
2025-12-14 00:45:07,87.91644908616188
2025-12-14 00:47:37,87.92167101827677
2025-12-14 00:50:07,87.92689295039165
2025-12-14 00:52:37,87.93211488250653
2025-12-14 00:55:07,87.9373368146214
2025-12-14 00:57:37,87.9425587467363
2025-12-14 01:00:07,87.94778067885117
2025-12-14 01:02:37,87.95300261096605
2025-12-14 01:05:07,87.95822454308095
2025-12-14 01:07:37,87.96344647519582
2025-12-14 01:10:07,87.9686684073107
2025-12-14 01:12:37,87.9738903394256
2025-12-14 01:15:07,87.97911227154047
2025-12-14 01:17:37,87.98433420365535
2025-12-14 01:20:07,87.98955613577023
2025-12-14 01:22:37,87.99477806788512
2025-12-14 01:25:07,88.0
2025-12-14 01:27:37,88.00522193211488
2025-12-14 01:30:07,88.01044386422977
2025-12-14 01:32:37,88.01566579634465
2025-12-14 01:35:07,88.02088772845953
2025-12-14 01:37:37,88.0261096605744
2025-12-14 01:40:07,88.0313315926893
2025-12-14 01:42:37,88.03655352480418
2025-12-14 01:45:07,88.04177545691905
2025-12-14 01:47:37,88.04699738903395
2025-12-14 01:50:07,88.05221932114883
2025-12-14 01:52:37,88.0574412532637
2025-12-14 01:55:07,88.0626631853786
2025-12-14 01:57:37,88.06788511749347
2025-12-14 02:00:07,88.07310704960835
2025-12-14 02:02:37,88.07832898172323
2025-12-14 02:05:07,88.08355091383812
2025-12-14 02:07:37,88.088772845953
2025-12-14 02:10:07,88.09399477806788
2025-12-14 02:12:37,88.09921671018277
2025-12-14 02:15:07,88.10443864229765
2025-12-14 02:17:37,88.10966057441253
2025-12-14 02:20:07,88.11488250652742
2025-12-14 02:22:37,88.1201044386423
2025-12-14 02:25:07,88.12532637075718
2025-12-14 02:27:37,88.13054830287206
2025-12-14 02:30:07,88.13577023498695
2025-12-14 02:32:37,88.14099216710183
2025-12-14 02:35:07,88.1462140992167
2025-12-14 02:37:37,88.1514360313316
2025-12-14 02:40:07,88.15665796344648
2025-12-14 02:42:37,88.16187989556136
2025-12-14 02:45:07,88.16710182767623
2025-12-14 02:47:37,88.17232375979113
2025-12-14 02:50:07,88.177545691906
2025-12-14 02:52:37,88.18276762402088
2025-12-14 02:55:07,88.18798955613578
2025-12-14 02:57:37,88.19321148825065
2025-12-14 03:00:07,88.19843342036553
2025-12-14 03:02:37,88.20365535248042
2025-12-14 03:05:07,88.2088772845953
2025-12-14 03:07:37,88.21409921671018
2025-12-14 03:10:07,88.21932114882506
2025-12-14 03:12:37,88.22454308093995
2025-12-14 03:15:07,88.22976501305483
2025-12-14 03:17:37,88.23498694516971
2025-12-14 03:20:07,88.2402088772846
2025-12-14 03:22:37,88.24543080939948
2025-12-14 03:25:07,88.25065274151436
2025-12-14 03:27:37,88.25587467362924
2025-12-14 03:30:07,88.26109660574413
2025-12-14 03:32:37,88.26631853785901
2025-12-14 03:35:07,88.27154046997389
2025-12-14 03:37:37,88.27676240208878
2025-12-14 03:40:07,88.28198433420366
2025-12-14 03:42:37,88.28720626631853
2025-12-14 03:45:07,88.29242819843343
2025-12-14 03:47:37,88.2976501305483
2025-12-14 03:50:07,88.30287206266318
2025-12-14 03:52:37,88.30809399477806
2025-12-14 03:55:07,88.31331592689295
2025-12-14 03:57:37,88.31853785900783
2025-12-14 04:00:07,88.32375979112271
2025-12-14 04:02:37,88.3289817232376
2025-12-14 04:05:07,88.33420365535248
2025-12-14 04:07:37,88.33942558746736
2025-12-14 04:10:07,88.34464751958224
2025-12-14 04:12:37,88.34986945169713
2025-12-14 04:15:07,88.35509138381201
2025-12-14 04:17:37,88.36031331592689
2025-12-14 04:20:07,88.36553524804178
2025-12-14 04:22:37,88.37075718015666
2025-12-14 04:25:07,88.37597911227154
2025-12-14 04:27:37,88.38120104438643
2025-12-14 04:30:07,88.38642297650131
2025-12-14 04:32:37,88.39164490861619
2025-12-14 04:35:07,88.39686684073106
2025-12-14 04:37:37,88.40208877284596
2025-12-14 04:40:07,88.40731070496084
2025-12-14 04:42:37,88.41253263707571
2025-12-14 04:45:07,88.4177545691906
2025-12-14 04:47:37,88.42297650130548
2025-12-14 04:50:07,88.42819843342036
2025-12-14 04:52:37,88.43342036553524
2025-12-14 04:55:07,88.43864229765013
2025-12-14 04:57:37,88.44386422976501
2025-12-14 05:00:07,88.44908616187989
2025-12-14 05:02:37,88.45430809399478
2025-12-14 05:05:07,88.45953002610966
2025-12-14 05:07:37,88.46475195822454
2025-12-14 05:10:07,88.46997389033943
2025-12-14 05:12:37,88.47519582245431
2025-12-14 05:15:07,88.48041775456919
2025-12-14 05:17:37,88.48563968668407
2025-12-14 05:20:07,88.49086161879896
2025-12-14 05:22:37,88.49608355091384
2025-12-14 05:25:07,88.50130548302872
2025-12-14 05:27:37,88.50652741514361
2025-12-14 05:30:07,88.51174934725849
2025-12-14 05:32:37,88.51697127937337
2025-12-14 05:35:07,88.52219321148826
2025-12-14 05:37:37,88.52741514360314
2025-12-14 05:40:07,88.53263707571801
2025-12-14 05:42:37,88.53785900783289
2025-12-14 05:45:07,88.54308093994779
2025-12-14 05:47:37,88.54830287206266
2025-12-14 05:50:07,88.55352480417754
2025-12-14 05:52:37,88.55874673629243
2025-12-14 05:55:07,88.56396866840731
2025-12-14 05:57:37,88.56919060052219
2025-12-14 06:00:07,88.57441253263707
2025-12-14 06:02:37,88.57963446475196
2025-12-14 06:05:07,88.58485639686684
2025-12-14 06:07:37,88.59007832898172
2025-12-14 06:10:07,88.59530026109661
2025-12-14 06:12:37,88.60052219321149
2025-12-14 06:15:07,88.60574412532637
2025-12-14 06:17:37,88.61096605744126
2025-12-14 06:20:07,88.61618798955614
2025-12-14 06:22:37,88.62140992167102
2025-12-14 06:25:07,88.6266318537859
2025-12-14 06:27:37,88.63185378590079
2025-12-14 06:30:07,88.63707571801567
2025-12-14 06:32:37,88.64229765013054
2025-12-14 06:35:07,88.64751958224544
2025-12-14 06:37:37,88.65274151436032
2025-12-14 06:40:07,88.6579634464752
2025-12-14 06:42:37,88.66318537859007
2025-12-14 06:45:07,88.66840731070496
2025-12-14 06:47:37,88.67362924281984
2025-12-14 06:50:07,88.67885117493472
2025-12-14 06:52:37,88.68407310704961
2025-12-14 06:55:07,88.68929503916449
2025-12-14 06:57:37,88.69451697127937
2025-12-14 07:00:07,88.69973890339426
2025-12-14 07:02:37,88.70496083550914
2025-12-14 07:05:07,88.71018276762402
2025-12-14 07:07:37,88.7154046997389
2025-12-14 07:10:07,88.72062663185379
2025-12-14 07:12:37,88.72584856396867
2025-12-14 07:15:07,88.73107049608355
2025-12-14 07:17:37,88.73629242819844
2025-12-14 07:20:07,88.74151436031332
2025-12-14 07:22:37,88.7467362924282
2025-12-14 07:25:07,88.75195822454307
2025-12-14 07:27:37,88.75718015665797
2025-12-14 07:30:07,88.76240208877284
2025-12-14 07:32:37,88.76762402088772
2025-12-14 07:35:07,88.77284595300262
2025-12-14 07:37:37,88.7780678851175
2025-12-14 07:40:07,88.78328981723237
2025-12-14 07:42:37,88.78851174934726
2025-12-14 07:45:07,88.79373368146214
2025-12-14 07:47:37,88.79895561357702
2025-12-14 07:50:07,88.8041775456919
2025-12-14 07:52:37,88.80939947780679
2025-12-14 07:55:07,88.81462140992167
2025-12-14 07:57:37,88.81984334203655
2025-12-14 08:00:07,88.82506527415144
2025-12-14 08:02:37,88.83028720626632
2025-12-14 08:05:07,88.8355091383812
2025-12-14 08:07:37,88.84073107049609
2025-12-14 08:10:07,88.84595300261097
2025-12-14 08:12:37,88.85117493472585
2025-12-14 08:15:07,88.85639686684073
2025-12-14 08:17:37,88.86161879895562
2025-12-14 08:20:07,88.8668407310705
2025-12-14 08:22:37,88.87206266318537
2025-12-14 08:25:07,88.87728459530027
2025-12-14 08:27:37,88.88250652741515
2025-12-14 08:30:07,88.88772845953002
2025-12-14 08:32:37,88.8929503916449
2025-12-14 08:35:07,88.8981723237598
2025-12-14 08:37:37,88.90339425587467
2025-12-14 08:40:07,88.90861618798955
2025-12-14 08:42:37,88.91383812010444
2025-12-14 08:45:07,88.91906005221932
2025-12-14 08:47:37,88.9242819843342
2025-12-14 08:50:07,88.9295039164491
2025-12-14 08:52:37,88.93472584856397
2025-12-14 08:55:07,88.93994778067885
2025-12-14 08:57:37,88.94516971279373
2025-12-14 09:00:07,88.95039164490862
2025-12-14 09:02:37,88.9556135770235
2025-12-14 09:05:07,88.96083550913838
2025-12-14 09:07:37,88.96605744125327
2025-12-14 09:10:07,88.97127937336815
2025-12-14 09:12:37,88.97650130548303
2025-12-14 09:15:07,88.9817232375979
2025-12-14 09:17:37,88.9869451697128
2025-12-14 09:20:07,88.99216710182768
2025-12-14 09:22:37,88.99738903394255
2025-12-14 09:25:07,89.00261096605745
2025-12-14 09:27:37,89.00783289817232
2025-12-14 09:30:07,89.0130548302872
2025-12-14 09:32:37,89.0182767624021
2025-12-14 09:35:07,89.02349869451697
2025-12-14 09:37:37,89.02872062663185
2025-12-14 09:40:07,89.03394255874673
2025-12-14 09:42:37,89.03916449086162
2025-12-14 09:45:07,89.0443864229765
2025-12-14 09:47:37,89.04960835509138
2025-12-14 09:50:07,89.05483028720627
2025-12-14 09:52:37,89.06005221932115
2025-12-14 09:55:07,89.06527415143603
2025-12-14 09:57:37,89.0704960835509
2025-12-14 10:00:07,89.0757180156658
2025-12-14 10:02:37,89.08093994778068
2025-12-14 10:05:07,89.08616187989556
2025-12-14 10:07:37,89.09138381201045
2025-12-14 10:10:07,89.09660574412533
2025-12-14 10:12:37,89.1018276762402
2025-12-14 10:15:07,89.1070496083551
2025-12-14 10:17:37,89.11227154046998
2025-12-14 10:20:07,89.11749347258485
2025-12-14 10:22:37,89.12271540469973
2025-12-14 10:25:07,89.12793733681463
2025-12-14 10:27:37,89.1331592689295
2025-12-14 10:30:07,89.13838120104438
2025-12-14 10:32:37,89.14360313315927
2025-12-14 10:35:07,89.14882506527415
2025-12-14 10:37:37,89.15404699738903
2025-12-14 10:40:07,89.15926892950392
2025-12-14 10:42:37,89.1644908616188
2025-12-14 10:45:07,89.16971279373368
2025-12-14 10:47:37,89.17493472584856
2025-12-14 10:50:07,89.18015665796345
2025-12-14 10:52:37,89.18537859007833
2025-12-14 10:55:07,89.19060052219321
2025-12-14 10:57:37,89.1958224543081
2025-12-14 11:00:07,89.20104438642298
2025-12-14 11:02:37,89.20626631853786
2025-12-14 11:05:07,89.21148825065274
2025-12-14 11:07:37,89.21671018276763
2025-12-14 11:10:07,89.2219321148825
2025-12-14 11:12:37,89.22715404699738
2025-12-14 11:15:07,89.23237597911228
2025-12-14 11:17:37,89.23759791122716
2025-12-14 11:20:07,89.24281984334203
2025-12-14 11:22:37,89.24804177545693
2025-12-14 11:25:07,89.2532637075718
2025-12-14 11:27:37,89.25848563968668
2025-12-14 11:30:07,89.26370757180156
2025-12-14 11:32:37,89.26892950391645
2025-12-14 11:35:07,89.27415143603133
2025-12-14 11:37:37,89.27937336814621
2025-12-14 11:40:07,89.2845953002611
2025-12-14 11:42:37,89.28981723237598
2025-12-14 11:45:07,89.29503916449086
2025-12-14 11:47:37,89.30026109660574
2025-12-14 11:50:07,89.30548302872063
2025-12-14 11:52:37,89.31070496083551
2025-12-14 11:55:07,89.31592689295039
2025-12-14 11:57:37,89.32114882506528
2025-12-14 12:00:07,89.32637075718016
2025-12-14 12:02:37,89.33159268929504
2025-12-14 12:05:07,89.33681462140993
2025-12-14 12:07:37,89.3420365535248
2025-12-14 12:10:07,89.34725848563968
2025-12-14 12:12:37,89.35248041775456
2025-12-14 12:15:07,89.35770234986946
2025-12-14 12:17:37,89.36292428198433
2025-12-14 12:20:07,89.36814621409921
2025-12-14 12:22:37,89.3733681462141
2025-12-14 12:25:07,89.37859007832898
2025-12-14 12:27:37,89.38381201044386
2025-12-14 12:30:07,89.38903394255874
2025-12-14 12:32:37,89.39425587467363
2025-12-14 12:35:07,89.39947780678851
2025-12-14 12:37:37,89.40469973890339
2025-12-14 12:40:07,89.40992167101828
2025-12-14 12:42:37,89.41514360313316
2025-12-14 12:45:07,89.42036553524804
2025-12-14 12:47:37,89.42558746736293
2025-12-14 12:50:07,89.43080939947781
2025-12-14 12:52:37,89.43603133159269
2025-12-14 12:55:07,89.44125326370757
2025-12-14 12:57:37,89.44647519582246
2025-12-14 13:00:07,89.45169712793734
2025-12-14 13:02:37,89.45691906005221
2025-12-14 13:05:07,89.46214099216711
2025-12-14 13:07:37,89.46736292428199
2025-12-14 13:10:07,89.47258485639686
2025-12-14 13:12:37,89.47780678851176
2025-12-14 13:15:07,89.48302872062663
2025-12-14 13:17:37,89.48825065274151
2025-12-14 13:20:07,89.49347258485639
2025-12-14 13:22:37,89.49869451697128
2025-12-14 13:25:07,89.50391644908616
2025-12-14 13:27:37,89.50913838120104
2025-12-14 13:30:07,89.51436031331593
2025-12-14 13:32:37,89.51958224543081
2025-12-14 13:35:07,89.52480417754569
2025-12-14 13:37:37,89.53002610966057
2025-12-14 13:40:07,89.53524804177546
2025-12-14 13:42:37,89.54046997389034
2025-12-14 13:45:07,89.54569190600522
2025-12-14 13:47:37,89.55091383812011
2025-12-14 13:50:07,89.55613577023499
2025-12-14 13:52:37,89.56135770234987
2025-12-14 13:55:07,89.56657963446476
2025-12-14 13:57:37,89.57180156657964
2025-12-14 14:00:07,89.57702349869452
2025-12-14 14:02:37,89.5822454308094
2025-12-14 14:05:07,89.58746736292429
2025-12-14 14:07:37,89.59268929503916
2025-12-14 14:10:07,89.59791122715404
2025-12-14 14:12:37,89.60313315926894
2025-12-14 14:15:07,89.60835509138381
2025-12-14 14:17:37,89.61357702349869
2025-12-14 14:20:07,89.61879895561357
2025-12-14 14:22:37,89.62402088772846
2025-12-14 14:25:07,89.62924281984334
2025-12-14 14:27:37,89.63446475195822
2025-12-14 14:30:07,89.63968668407311
2025-12-14 14:32:37,89.64490861618799
2025-12-14 14:35:07,89.65013054830287
2025-12-14 14:37:37,89.65535248041776
2025-12-14 14:40:07,89.66057441253264
2025-12-14 14:42:37,89.66579634464752
2025-12-14 14:45:07,89.6710182767624
2025-12-14 14:47:37,89.67624020887729
2025-12-14 14:50:07,89.68146214099217
2025-12-14 14:52:37,89.68668407310705
2025-12-14 14:55:07,89.69190600522194
2025-12-14 14:57:37,89.69712793733682
2025-12-14 15:00:07,89.7023498694517
2025-12-14 15:02:37,89.70757180156657
2025-12-14 15:05:07,89.71279373368147
2025-12-14 15:07:37,89.71801566579634
2025-12-14 15:10:07,89.72323759791122
2025-12-14 15:12:37,89.72845953002611
2025-12-14 15:15:07,89.73368146214099
2025-12-14 15:17:37,89.73890339425587
2025-12-14 15:20:07,89.74412532637076
2025-12-14 15:22:37,89.74934725848564
2025-12-14 15:25:07,89.75456919060052
2025-12-14 15:27:37,89.7597911227154
2025-12-14 15:30:07,89.76501305483029
2025-12-14 15:32:37,89.77023498694517
2025-12-14 15:35:07,89.77545691906005
2025-12-14 15:37:37,89.78067885117494
2025-12-14 15:40:07,89.78590078328982
2025-12-14 15:42:37,89.7911227154047
2025-12-14 15:45:07,89.79634464751959
2025-12-14 15:47:37,89.80156657963447
2025-12-14 15:50:07,89.80678851174935
2025-12-14 15:52:37,89.81201044386422
2025-12-14 15:55:07,89.81723237597912
2025-12-14 15:57:37,89.822454308094
2025-12-14 16:00:07,89.82767624020887
2025-12-14 16:02:37,89.83289817232377
2025-12-14 16:05:07,89.83812010443864
2025-12-14 16:07:37,89.84334203655352
2025-12-14 16:10:07,89.8485639686684
2025-12-14 16:12:37,89.8537859007833
2025-12-14 16:15:07,89.85900783289817
2025-12-14 16:17:37,89.86422976501305
2025-12-14 16:20:07,89.86945169712794
2025-12-14 16:22:37,89.87467362924282
2025-12-14 16:25:07,89.8798955613577
2025-12-14 16:27:37,89.88511749347259
2025-12-14 16:30:07,89.89033942558747
2025-12-14 16:32:37,89.89556135770235
2025-12-14 16:35:07,89.90078328981723
2025-12-14 16:37:37,89.90600522193212
2025-12-14 16:40:07,89.911227154047
2025-12-14 16:42:37,89.91644908616188
2025-12-14 16:45:07,89.92167101827677
2025-12-14 16:47:37,89.92689295039165
2025-12-14 16:50:07,89.93211488250653
2025-12-14 16:52:37,89.9373368146214
2025-12-14 16:55:07,89.9425587467363
2025-12-14 16:57:37,89.94778067885117
2025-12-14 17:00:07,89.95300261096605
2025-12-14 17:02:37,89.95822454308095
2025-12-14 17:05:07,89.96344647519582
2025-12-14 17:07:37,89.9686684073107
2025-12-14 17:10:07,89.9738903394256
2025-12-14 17:12:37,89.97911227154047
2025-12-14 17:15:07,89.98433420365535
2025-12-14 17:17:37,89.98955613577023
2025-12-14 17:20:07,89.99477806788512
2025-12-14 17:22:37,90.0
2025-12-14 17:25:07,90.00522193211488
2025-12-14 17:27:37,90.01044386422977
2025-12-14 17:30:07,90.01566579634465
2025-12-14 17:32:37,90.02088772845953
2025-12-14 17:35:07,90.0261096605744
2025-12-14 17:37:37,90.0313315926893
2025-12-14 17:40:07,90.03655352480418
2025-12-14 17:42:37,90.04177545691905
2025-12-14 17:45:07,90.04699738903395
2025-12-14 17:47:37,90.05221932114883
2025-12-14 17:50:07,90.0574412532637
2025-12-14 17:52:37,90.0626631853786
2025-12-14 17:55:07,90.06788511749347
2025-12-14 17:57:37,90.07310704960835
2025-12-14 18:00:07,90.07832898172323
2025-12-14 18:02:37,90.08355091383812
2025-12-14 18:05:07,90.088772845953
2025-12-14 18:07:37,90.09399477806788
2025-12-14 18:10:07,90.09921671018277
2025-12-14 18:12:37,90.10443864229765
2025-12-14 18:15:07,90.10966057441253
2025-12-14 18:17:37,90.11488250652742
2025-12-14 18:20:07,90.1201044386423
2025-12-14 18:22:37,90.12532637075718
2025-12-14 18:25:07,90.13054830287206
2025-12-14 18:27:37,90.13577023498695
2025-12-14 18:30:07,90.14099216710183
2025-12-14 18:32:37,90.1462140992167
2025-12-14 18:35:07,90.1514360313316
2025-12-14 18:37:37,90.15665796344648
2025-12-14 18:40:07,90.16187989556136
2025-12-14 18:42:37,90.16710182767623
2025-12-14 18:45:07,90.17232375979113
2025-12-14 18:47:37,90.177545691906
2025-12-14 18:50:07,90.18276762402088
2025-12-14 18:52:37,90.18798955613578
2025-12-14 18:55:07,90.19321148825065
2025-12-14 18:57:37,90.19843342036553
2025-12-14 19:00:07,90.20365535248042
2025-12-14 19:02:37,90.2088772845953
2025-12-14 19:05:07,90.21409921671018
2025-12-14 19:07:37,90.21932114882506
2025-12-14 19:10:07,90.22454308093995
2025-12-14 19:12:37,90.22976501305483
2025-12-14 19:15:07,90.23498694516971
2025-12-14 19:17:37,90.2402088772846
2025-12-14 19:20:07,90.24543080939948
2025-12-14 19:22:37,90.25065274151436
2025-12-14 19:25:07,90.25587467362924
2025-12-14 19:27:37,90.26109660574413
2025-12-14 19:30:07,90.26631853785901
2025-12-14 19:32:37,90.27154046997389
2025-12-14 19:35:07,90.27676240208878
2025-12-14 19:37:37,90.28198433420366
2025-12-14 19:40:07,90.28720626631853
2025-12-14 19:42:37,90.29242819843343
2025-12-14 19:45:07,90.2976501305483
2025-12-14 19:47:37,90.30287206266318
2025-12-14 19:50:07,90.30809399477806
2025-12-14 19:52:37,90.31331592689295
2025-12-14 19:55:07,90.31853785900783
2025-12-14 19:57:37,90.32375979112271
2025-12-14 20:00:07,90.3289817232376
2025-12-14 20:02:37,90.33420365535248
2025-12-14 20:05:07,90.33942558746736
2025-12-14 20:07:37,90.34464751958224
2025-12-14 20:10:07,90.34986945169713
2025-12-14 20:12:37,90.35509138381201
2025-12-14 20:15:07,90.36031331592689
2025-12-14 20:17:37,90.36553524804178
2025-12-14 20:20:07,90.37075718015666
2025-12-14 20:22:37,90.37597911227154
2025-12-14 20:25:07,90.38120104438643
2025-12-14 20:27:37,90.38642297650131
2025-12-14 20:30:07,90.39164490861619
2025-12-14 20:32:37,90.39686684073106
2025-12-14 20:35:07,90.40208877284596
2025-12-14 20:37:37,90.40731070496084
2025-12-14 20:40:07,90.41253263707571
2025-12-14 20:42:37,90.4177545691906
2025-12-14 20:45:07,90.42297650130548
2025-12-14 20:47:37,90.42819843342036
2025-12-14 20:50:07,90.43342036553526
2025-12-14 20:52:37,90.43864229765013
2025-12-14 20:55:07,90.44386422976501
2025-12-14 20:57:37,90.44908616187989
2025-12-14 21:00:07,90.45430809399478
2025-12-14 21:02:37,90.45953002610966
2025-12-14 21:05:07,90.46475195822454
2025-12-14 21:07:37,90.46997389033943
2025-12-14 21:10:07,90.47519582245431
2025-12-14 21:12:37,90.48041775456919
2025-12-14 21:15:07,90.48563968668407
2025-12-14 21:17:37,90.49086161879896
2025-12-14 21:20:07,90.49608355091384
2025-12-14 21:22:37,90.50130548302872
2025-12-14 21:25:07,90.50652741514361
2025-12-14 21:27:37,90.51174934725849
2025-12-14 21:30:07,90.51697127937337
2025-12-14 21:32:37,90.52219321148826
2025-12-14 21:35:07,90.52741514360314
2025-12-14 21:37:37,90.53263707571801
2025-12-14 21:40:07,90.53785900783289
2025-12-14 21:42:37,90.54308093994779
2025-12-14 21:45:07,90.54830287206266
2025-12-14 21:47:37,90.55352480417754
2025-12-14 21:50:07,90.55874673629243
2025-12-14 21:52:37,90.56396866840731
2025-12-14 21:55:07,90.56919060052219
2025-12-14 21:57:37,90.57441253263707
2025-12-14 22:00:07,90.57963446475196
2025-12-14 22:02:37,90.58485639686684
2025-12-14 22:05:07,90.59007832898172
2025-12-14 22:07:37,90.59530026109661
2025-12-14 22:10:07,90.60052219321149
2025-12-14 22:12:37,90.60574412532637
2025-12-14 22:15:07,90.61096605744126
2025-12-14 22:17:37,90.61618798955614
2025-12-14 22:20:07,90.62140992167102
2025-12-14 22:22:37,90.6266318537859
2025-12-14 22:25:07,90.63185378590079
2025-12-14 22:27:37,90.63707571801567
2025-12-14 22:30:07,90.64229765013054
2025-12-14 22:32:37,90.64751958224544
2025-12-14 22:35:07,90.65274151436032
2025-12-14 22:37:37,90.6579634464752
2025-12-14 22:40:07,90.66318537859007
2025-12-14 22:42:37,90.66840731070496
2025-12-14 22:45:07,90.67362924281984
2025-12-14 22:47:37,90.67885117493472
2025-12-14 22:50:07,90.68407310704961
2025-12-14 22:52:37,90.68929503916449
2025-12-14 22:55:07,90.69451697127937
2025-12-14 22:57:37,90.69973890339426
2025-12-14 23:00:07,90.70496083550914
2025-12-14 23:02:37,90.71018276762402
2025-12-14 23:05:07,90.7154046997389
2025-12-14 23:07:37,90.72062663185379
2025-12-14 23:10:07,90.72584856396867
2025-12-14 23:12:37,90.73107049608355
2025-12-14 23:15:07,90.73629242819844
2025-12-14 23:17:37,90.74151436031332
2025-12-14 23:20:07,90.7467362924282
2025-12-14 23:22:37,90.75195822454309
2025-12-14 23:25:07,90.75718015665797
2025-12-14 23:27:37,90.76240208877284
2025-12-14 23:30:07,90.76762402088772
2025-12-14 23:32:37,90.77284595300262
2025-12-14 23:35:07,90.7780678851175
2025-12-14 23:37:37,90.78328981723237
2025-12-14 23:40:07,90.78851174934726
2025-12-14 23:42:37,90.79373368146214
2025-12-14 23:45:07,90.79895561357702
2025-12-14 23:47:37,90.8041775456919
2025-12-14 23:50:07,90.80939947780679
2025-12-14 23:52:37,90.81462140992167
2025-12-14 23:55:07,90.81984334203655
2025-12-14 23:57:37,90.82506527415144
2025-12-15 00:00:07,90.83028720626632
2025-12-15 00:02:37,90.8355091383812
2025-12-15 00:05:07,90.84073107049609
2025-12-15 00:07:37,90.84595300261097
2025-12-15 00:10:07,90.85117493472585
2025-12-15 00:12:37,90.85639686684073
2025-12-15 00:15:07,90.86161879895562
2025-12-15 00:17:37,90.8668407310705
2025-12-15 00:20:07,90.87206266318537
2025-12-15 00:22:37,90.87728459530027
2025-12-15 00:25:07,90.88250652741515
2025-12-15 00:27:37,90.88772845953002
2025-12-15 00:30:07,90.8929503916449
2025-12-15 00:32:37,90.8981723237598
2025-12-15 00:35:07,90.90339425587467
2025-12-15 00:37:37,90.90861618798955
2025-12-15 00:40:07,90.91383812010444
2025-12-15 00:42:37,90.91906005221932
2025-12-15 00:45:07,90.9242819843342
2025-12-15 00:47:37,90.9295039164491
2025-12-15 00:50:07,90.93472584856397
2025-12-15 00:52:37,90.93994778067885
2025-12-15 00:55:07,90.94516971279373
2025-12-15 00:57:37,90.95039164490862
2025-12-15 01:00:07,90.9556135770235
2025-12-15 01:02:37,90.96083550913838
2025-12-15 01:05:07,90.96605744125327
2025-12-15 01:07:37,90.97127937336815
2025-12-15 01:10:07,90.97650130548303
2025-12-15 01:12:37,90.9817232375979
2025-12-15 01:15:07,90.9869451697128
2025-12-15 01:17:37,90.99216710182768
2025-12-15 01:20:07,90.99738903394255
2025-12-15 01:22:37,91.00261096605745
2025-12-15 01:25:07,91.00783289817232
2025-12-15 01:27:37,91.0130548302872
2025-12-15 01:30:07,91.0182767624021
2025-12-15 01:32:37,91.02349869451697
2025-12-15 01:35:07,91.02872062663185
2025-12-15 01:37:37,91.03394255874673
2025-12-15 01:40:07,91.03916449086162
2025-12-15 01:42:37,91.0443864229765
2025-12-15 01:45:07,91.04960835509138
2025-12-15 01:47:37,91.05483028720627
2025-12-15 01:50:07,91.06005221932115
2025-12-15 01:52:37,91.06527415143603
2025-12-15 01:55:07,91.07049608355092
2025-12-15 01:57:37,91.0757180156658
2025-12-15 02:00:07,91.08093994778068
2025-12-15 02:02:37,91.08616187989556
2025-12-15 02:05:07,91.09138381201045
2025-12-15 02:07:37,91.09660574412533
2025-12-15 02:10:07,91.1018276762402
2025-12-15 02:12:37,91.1070496083551
2025-12-15 02:15:07,91.11227154046998
2025-12-15 02:17:37,91.11749347258485
2025-12-15 02:20:07,91.12271540469973
2025-12-15 02:22:37,91.12793733681463
2025-12-15 02:25:07,91.1331592689295
2025-12-15 02:27:37,91.13838120104438
2025-12-15 02:30:07,91.14360313315927
2025-12-15 02:32:37,91.14882506527415
2025-12-15 02:35:07,91.15404699738903
2025-12-15 02:37:37,91.15926892950392
2025-12-15 02:40:07,91.1644908616188
2025-12-15 02:42:37,91.16971279373368
2025-12-15 02:45:07,91.17493472584856
2025-12-15 02:47:37,91.18015665796345
2025-12-15 02:50:07,91.18537859007833
2025-12-15 02:52:37,91.19060052219321
2025-12-15 02:55:07,91.1958224543081
2025-12-15 02:57:37,91.20104438642298
2025-12-15 03:00:07,91.20626631853786
2025-12-15 03:02:37,91.21148825065274
2025-12-15 03:05:07,91.21671018276763
2025-12-15 03:07:37,91.2219321148825
2025-12-15 03:10:07,91.22715404699738
2025-12-15 03:12:37,91.23237597911228
2025-12-15 03:15:07,91.23759791122716
2025-12-15 03:17:37,91.24281984334203
2025-12-15 03:20:07,91.24804177545693
2025-12-15 03:22:37,91.2532637075718
2025-12-15 03:25:07,91.25848563968668
2025-12-15 03:27:37,91.26370757180156
2025-12-15 03:30:07,91.26892950391645
2025-12-15 03:32:37,91.27415143603133
2025-12-15 03:35:07,91.27937336814621
2025-12-15 03:37:37,91.2845953002611
2025-12-15 03:40:07,91.28981723237598
2025-12-15 03:42:37,91.29503916449086
2025-12-15 03:45:07,91.30026109660574
2025-12-15 03:47:37,91.30548302872063
2025-12-15 03:50:07,91.31070496083551
2025-12-15 03:52:37,91.31592689295039
2025-12-15 03:55:07,91.32114882506528
2025-12-15 03:57:37,91.32637075718016
2025-12-15 04:00:07,91.33159268929504
2025-12-15 04:02:37,91.33681462140993
2025-12-15 04:05:07,91.3420365535248
2025-12-15 04:07:37,91.34725848563968
2025-12-15 04:10:07,91.35248041775456
2025-12-15 04:12:37,91.35770234986946
2025-12-15 04:15:07,91.36292428198433
2025-12-15 04:17:37,91.36814621409921
2025-12-15 04:20:07,91.3733681462141
2025-12-15 04:22:37,91.37859007832898
2025-12-15 04:25:07,91.38381201044386
2025-12-15 04:27:37,91.38903394255875
2025-12-15 04:30:07,91.39425587467363
2025-12-15 04:32:37,91.39947780678851
2025-12-15 04:35:07,91.40469973890339
2025-12-15 04:37:37,91.40992167101828
2025-12-15 04:40:07,91.41514360313316
2025-12-15 04:42:37,91.42036553524804
2025-12-15 04:45:07,91.42558746736293
2025-12-15 04:47:37,91.43080939947781
2025-12-15 04:50:07,91.43603133159269
2025-12-15 04:52:37,91.44125326370757
2025-12-15 04:55:07,91.44647519582246
2025-12-15 04:57:37,91.45169712793734
2025-12-15 05:00:07,91.45691906005221
2025-12-15 05:02:37,91.46214099216711
2025-12-15 05:05:07,91.46736292428199
2025-12-15 05:07:37,91.47258485639686
2025-12-15 05:10:07,91.47780678851176
2025-12-15 05:12:37,91.48302872062663
2025-12-15 05:15:07,91.48825065274151
2025-12-15 05:17:37,91.49347258485639
2025-12-15 05:20:07,91.49869451697128
2025-12-15 05:22:37,91.50391644908616
2025-12-15 05:25:07,91.50913838120104
2025-12-15 05:27:37,91.51436031331593
2025-12-15 05:30:07,91.51958224543081
2025-12-15 05:32:37,91.52480417754569
2025-12-15 05:35:07,91.53002610966057
2025-12-15 05:37:37,91.53524804177546
2025-12-15 05:40:07,91.54046997389034
2025-12-15 05:42:37,91.54569190600522
2025-12-15 05:45:07,91.55091383812011
2025-12-15 05:47:37,91.55613577023499
2025-12-15 05:50:07,91.56135770234987
2025-12-15 05:52:37,91.56657963446476
2025-12-15 05:55:07,91.57180156657964
2025-12-15 05:57:37,91.57702349869452
2025-12-15 06:00:07,91.5822454308094
2025-12-15 06:02:37,91.58746736292429
2025-12-15 06:05:07,91.59268929503916
2025-12-15 06:07:37,91.59791122715404
2025-12-15 06:10:07,91.60313315926894
2025-12-15 06:12:37,91.60835509138381
2025-12-15 06:15:07,91.61357702349869
2025-12-15 06:17:37,91.61879895561357
2025-12-15 06:20:07,91.62402088772846
2025-12-15 06:22:37,91.62924281984334
2025-12-15 06:25:07,91.63446475195822
2025-12-15 06:27:37,91.63968668407311
2025-12-15 06:30:07,91.64490861618799
2025-12-15 06:32:37,91.65013054830287
2025-12-15 06:35:07,91.65535248041776
2025-12-15 06:37:37,91.66057441253264
2025-12-15 06:40:07,91.66579634464752
2025-12-15 06:42:37,91.6710182767624
2025-12-15 06:45:07,91.67624020887729
2025-12-15 06:47:37,91.68146214099217
2025-12-15 06:50:07,91.68668407310705
2025-12-15 06:52:37,91.69190600522194
2025-12-15 06:55:07,91.69712793733682
2025-12-15 06:57:37,91.7023498694517
2025-12-15 07:00:07,91.70757180156659
2025-12-15 07:02:37,91.71279373368147
2025-12-15 07:05:07,91.71801566579634
2025-12-15 07:07:37,91.72323759791122
2025-12-15 07:10:07,91.72845953002611
2025-12-15 07:12:37,91.73368146214099
2025-12-15 07:15:07,91.73890339425587
2025-12-15 07:17:37,91.74412532637076
2025-12-15 07:20:07,91.74934725848564
2025-12-15 07:22:37,91.75456919060052
2025-12-15 07:25:07,91.7597911227154
2025-12-15 07:27:37,91.76501305483029
2025-12-15 07:30:07,91.77023498694517
2025-12-15 07:32:37,91.77545691906005
2025-12-15 07:35:07,91.78067885117494
2025-12-15 07:37:37,91.78590078328982
2025-12-15 07:40:07,91.7911227154047
2025-12-15 07:42:37,91.79634464751959
2025-12-15 07:45:07,91.80156657963447
2025-12-15 07:47:37,91.80678851174935
2025-12-15 07:50:07,91.81201044386422
2025-12-15 07:52:37,91.81723237597912
2025-12-15 07:55:07,91.822454308094
2025-12-15 07:57:37,91.82767624020887
2025-12-15 08:00:07,91.83289817232377
2025-12-15 08:02:37,91.83812010443864
2025-12-15 08:05:07,91.84334203655352
2025-12-15 08:07:37,91.8485639686684
2025-12-15 08:10:07,91.8537859007833
2025-12-15 08:12:37,91.85900783289817
2025-12-15 08:15:07,91.86422976501305
2025-12-15 08:17:37,91.86945169712794
2025-12-15 08:20:07,91.87467362924282
2025-12-15 08:22:37,91.8798955613577
2025-12-15 08:25:07,91.88511749347259
2025-12-15 08:27:37,91.89033942558747
2025-12-15 08:30:07,91.89556135770235
2025-12-15 08:32:37,91.90078328981723
2025-12-15 08:35:07,91.90600522193212
2025-12-15 08:37:37,91.911227154047
2025-12-15 08:40:07,91.91644908616188
2025-12-15 08:42:37,91.92167101827677
2025-12-15 08:45:07,91.92689295039165
2025-12-15 08:47:37,91.93211488250653
2025-12-15 08:50:07,91.9373368146214
2025-12-15 08:52:37,91.9425587467363
2025-12-15 08:55:07,91.94778067885117
2025-12-15 08:57:37,91.95300261096605
2025-12-15 09:00:07,91.95822454308095
2025-12-15 09:02:37,91.96344647519582
2025-12-15 09:05:07,91.9686684073107
2025-12-15 09:07:37,91.9738903394256
2025-12-15 09:10:07,91.97911227154047
2025-12-15 09:12:37,91.98433420365535
2025-12-15 09:15:07,91.98955613577023
2025-12-15 09:17:37,91.99477806788512
2025-12-15 09:20:07,92.0
2025-12-15 09:22:37,92.00522193211488
2025-12-15 09:25:07,92.01044386422977
2025-12-15 09:27:37,92.01566579634465
2025-12-15 09:30:07,92.02088772845953
2025-12-15 09:32:37,92.02610966057442
2025-12-15 09:35:07,92.0313315926893
2025-12-15 09:37:37,92.03655352480418
2025-12-15 09:40:07,92.04177545691905
2025-12-15 09:42:37,92.04699738903395
2025-12-15 09:45:07,92.05221932114883
2025-12-15 09:47:37,92.0574412532637
2025-12-15 09:50:07,92.0626631853786
2025-12-15 09:52:37,92.06788511749347
2025-12-15 09:55:07,92.07310704960835
2025-12-15 09:57:37,92.07832898172323
2025-12-15 10:00:07,92.08355091383812
2025-12-15 10:02:37,92.088772845953
2025-12-15 10:05:07,92.09399477806788
2025-12-15 10:07:37,92.09921671018277
2025-12-15 10:10:07,92.10443864229765
2025-12-15 10:12:37,92.10966057441253
2025-12-15 10:15:07,92.11488250652742
2025-12-15 10:17:37,92.1201044386423
2025-12-15 10:20:07,92.12532637075718
2025-12-15 10:22:37,92.13054830287206
2025-12-15 10:25:07,92.13577023498695
2025-12-15 10:27:37,92.14099216710183
2025-12-15 10:30:07,92.1462140992167
2025-12-15 10:32:37,92.1514360313316
2025-12-15 10:35:07,92.15665796344648
2025-12-15 10:37:37,92.16187989556136
2025-12-15 10:40:07,92.16710182767623
2025-12-15 10:42:37,92.17232375979113
2025-12-15 10:45:07,92.177545691906
2025-12-15 10:47:37,92.18276762402088
2025-12-15 10:50:07,92.18798955613578
2025-12-15 10:52:37,92.19321148825065
2025-12-15 10:55:07,92.19843342036553
2025-12-15 10:57:37,92.20365535248042
2025-12-15 11:00:07,92.2088772845953
2025-12-15 11:02:37,92.21409921671018
2025-12-15 11:05:07,92.21932114882506
2025-12-15 11:07:37,92.22454308093995
2025-12-15 11:10:07,92.22976501305483
2025-12-15 11:12:37,92.23498694516971
2025-12-15 11:15:07,92.2402088772846
2025-12-15 11:17:37,92.24543080939948
2025-12-15 11:20:07,92.25065274151436
2025-12-15 11:22:37,92.25587467362924
2025-12-15 11:25:07,92.26109660574413
2025-12-15 11:27:37,92.26631853785901
2025-12-15 11:30:07,92.27154046997389
2025-12-15 11:32:37,92.27676240208878
2025-12-15 11:35:07,92.28198433420366
2025-12-15 11:37:37,92.28720626631853
2025-12-15 11:40:07,92.29242819843343
2025-12-15 11:42:37,92.2976501305483
2025-12-15 11:45:07,92.30287206266318
2025-12-15 11:47:37,92.30809399477806
2025-12-15 11:50:07,92.31331592689295
2025-12-15 11:52:37,92.31853785900783
2025-12-15 11:55:07,92.32375979112271
2025-12-15 11:57:37,92.3289817232376
2025-12-15 12:00:07,92.33420365535248
2025-12-15 12:02:37,92.33942558746736
2025-12-15 12:05:07,92.34464751958225
2025-12-15 12:07:37,92.34986945169713
2025-12-15 12:10:07,92.35509138381201
2025-12-15 12:12:37,92.36031331592689
2025-12-15 12:15:07,92.36553524804178
2025-12-15 12:17:37,92.37075718015666
2025-12-15 12:20:07,92.37597911227154
2025-12-15 12:22:37,92.38120104438643
2025-12-15 12:25:07,92.38642297650131
2025-12-15 12:27:37,92.39164490861619
2025-12-15 12:30:07,92.39686684073106
2025-12-15 12:32:37,92.40208877284596
2025-12-15 12:35:07,92.40731070496084
2025-12-15 12:37:37,92.41253263707571
2025-12-15 12:40:07,92.4177545691906
2025-12-15 12:42:37,92.42297650130548
2025-12-15 12:45:07,92.42819843342036
2025-12-15 12:47:37,92.43342036553526
2025-12-15 12:50:07,92.43864229765013
2025-12-15 12:52:37,92.44386422976501
2025-12-15 12:55:07,92.44908616187989
2025-12-15 12:57:37,92.45430809399478
2025-12-15 13:00:07,92.45953002610966
2025-12-15 13:02:37,92.46475195822454
2025-12-15 13:05:07,92.46997389033943
2025-12-15 13:07:37,92.47519582245431
2025-12-15 13:10:07,92.48041775456919
2025-12-15 13:12:37,92.48563968668407
2025-12-15 13:15:07,92.49086161879896
2025-12-15 13:17:37,92.49608355091384
2025-12-15 13:20:07,92.50130548302872
2025-12-15 13:22:37,92.50652741514361
2025-12-15 13:25:07,92.51174934725849
2025-12-15 13:27:37,92.51697127937337
2025-12-15 13:30:07,92.52219321148826
2025-12-15 13:32:37,92.52741514360314
2025-12-15 13:35:07,92.53263707571801
2025-12-15 13:37:37,92.53785900783289
2025-12-15 13:40:07,92.54308093994779
2025-12-15 13:42:37,92.54830287206266
2025-12-15 13:45:07,92.55352480417754
2025-12-15 13:47:37,92.55874673629243
2025-12-15 13:50:07,92.56396866840731
2025-12-15 13:52:37,92.56919060052219
2025-12-15 13:55:07,92.57441253263707
2025-12-15 13:57:37,92.57963446475196
2025-12-15 14:00:07,92.58485639686684
2025-12-15 14:02:37,92.59007832898172
2025-12-15 14:05:07,92.59530026109661
2025-12-15 14:07:37,92.60052219321149
2025-12-15 14:10:07,92.60574412532637
2025-12-15 14:12:37,92.61096605744126
2025-12-15 14:15:07,92.61618798955614
2025-12-15 14:17:37,92.62140992167102
2025-12-15 14:20:07,92.6266318537859
2025-12-15 14:22:37,92.63185378590079
2025-12-15 14:25:07,92.63707571801567
2025-12-15 14:27:37,92.64229765013054
2025-12-15 14:30:07,92.64751958224544
2025-12-15 14:32:37,92.65274151436032
2025-12-15 14:35:07,92.6579634464752
2025-12-15 14:37:37,92.66318537859009
2025-12-15 14:40:07,92.66840731070496
2025-12-15 14:42:37,92.67362924281984
2025-12-15 14:45:07,92.67885117493472
2025-12-15 14:47:37,92.68407310704961
2025-12-15 14:50:07,92.68929503916449
2025-12-15 14:52:37,92.69451697127937
2025-12-15 14:55:07,92.69973890339426
2025-12-15 14:57:37,92.70496083550914
2025-12-15 15:00:07,92.71018276762402
2025-12-15 15:02:37,92.7154046997389
2025-12-15 15:05:07,92.72062663185379
2025-12-15 15:07:37,92.72584856396867
2025-12-15 15:10:07,92.73107049608355
2025-12-15 15:12:37,92.73629242819844
2025-12-15 15:15:07,92.74151436031332
2025-12-15 15:17:37,92.7467362924282
2025-12-15 15:20:07,92.75195822454309
2025-12-15 15:22:37,92.75718015665797
2025-12-15 15:25:07,92.76240208877284
2025-12-15 15:27:37,92.76762402088772
2025-12-15 15:30:07,92.77284595300262
2025-12-15 15:32:37,92.7780678851175
2025-12-15 15:35:07,92.78328981723237
2025-12-15 15:37:37,92.78851174934726
2025-12-15 15:40:07,92.79373368146214
2025-12-15 15:42:37,92.79895561357702
2025-12-15 15:45:07,92.8041775456919
2025-12-15 15:47:37,92.80939947780679
2025-12-15 15:50:07,92.81462140992167
2025-12-15 15:52:37,92.81984334203655
2025-12-15 15:55:07,92.82506527415144
2025-12-15 15:57:37,92.83028720626632
2025-12-15 16:00:07,92.8355091383812
2025-12-15 16:02:37,92.84073107049609
2025-12-15 16:05:07,92.84595300261097
2025-12-15 16:07:37,92.85117493472585
2025-12-15 16:10:07,92.85639686684073
2025-12-15 16:12:37,92.86161879895562
2025-12-15 16:15:07,92.8668407310705
2025-12-15 16:17:37,92.87206266318537
2025-12-15 16:20:07,92.87728459530027
2025-12-15 16:22:37,92.88250652741515
2025-12-15 16:25:07,92.88772845953002
2025-12-15 16:27:37,92.8929503916449
2025-12-15 16:30:07,92.8981723237598
2025-12-15 16:32:37,92.90339425587467
2025-12-15 16:35:07,92.90861618798955
2025-12-15 16:37:37,92.91383812010444
2025-12-15 16:40:07,92.91906005221932
2025-12-15 16:42:37,92.9242819843342
2025-12-15 16:45:07,92.9295039164491
2025-12-15 16:47:37,92.93472584856397
2025-12-15 16:50:07,92.93994778067885
2025-12-15 16:52:37,92.94516971279373
2025-12-15 16:55:07,92.95039164490862
2025-12-15 16:57:37,92.9556135770235
2025-12-15 17:00:07,92.96083550913838
2025-12-15 17:02:37,92.96605744125327
2025-12-15 17:05:07,92.97127937336815
2025-12-15 17:07:37,92.97650130548303
2025-12-15 17:10:07,92.9817232375979
2025-12-15 17:12:37,92.9869451697128
2025-12-15 17:15:07,92.99216710182768
2025-12-15 17:17:37,92.99738903394255
2025-12-15 17:20:07,93.00261096605745
2025-12-15 17:22:37,93.00783289817232
2025-12-15 17:25:07,93.0130548302872
2025-12-15 17:27:37,93.0182767624021
2025-12-15 17:30:07,93.02349869451697
2025-12-15 17:32:37,93.02872062663185
2025-12-15 17:35:07,93.03394255874673
2025-12-15 17:37:37,93.03916449086162
2025-12-15 17:40:07,93.0443864229765
2025-12-15 17:42:37,93.04960835509138
2025-12-15 17:45:07,93.05483028720627
2025-12-15 17:47:37,93.06005221932115
2025-12-15 17:50:07,93.06527415143603
2025-12-15 17:52:37,93.07049608355092
2025-12-15 17:55:07,93.0757180156658
2025-12-15 17:57:37,93.08093994778068
2025-12-15 18:00:07,93.08616187989556
2025-12-15 18:02:37,93.09138381201045
2025-12-15 18:05:07,93.09660574412533
2025-12-15 18:07:37,93.1018276762402
2025-12-15 18:10:07,93.1070496083551
2025-12-15 18:12:37,93.11227154046998
2025-12-15 18:15:07,93.11749347258485
2025-12-15 18:17:37,93.12271540469973
2025-12-15 18:20:07,93.12793733681463
2025-12-15 18:22:37,93.1331592689295
2025-12-15 18:25:07,93.13838120104438
2025-12-15 18:27:37,93.14360313315927
2025-12-15 18:30:07,93.14882506527415
2025-12-15 18:32:37,93.15404699738903
2025-12-15 18:35:07,93.15926892950392
2025-12-15 18:37:37,93.1644908616188
2025-12-15 18:40:07,93.16971279373368
2025-12-15 18:42:37,93.17493472584856
2025-12-15 18:45:07,93.18015665796345
2025-12-15 18:47:37,93.18537859007833
2025-12-15 18:50:07,93.19060052219321
2025-12-15 18:52:37,93.1958224543081
2025-12-15 18:55:07,93.20104438642298
2025-12-15 18:57:37,93.20626631853786
2025-12-15 19:00:07,93.21148825065274
2025-12-15 19:02:37,93.21671018276763
2025-12-15 19:05:07,93.2219321148825
2025-12-15 19:07:37,93.22715404699738
2025-12-15 19:10:07,93.23237597911228
2025-12-15 19:12:37,93.23759791122716
2025-12-15 19:15:07,93.24281984334203
2025-12-15 19:17:37,93.24804177545693
2025-12-15 19:20:07,93.2532637075718
2025-12-15 19:22:37,93.25848563968668
2025-12-15 19:25:07,93.26370757180156
2025-12-15 19:27:37,93.26892950391645
2025-12-15 19:30:07,93.27415143603133
2025-12-15 19:32:37,93.27937336814621
2025-12-15 19:35:07,93.2845953002611
2025-12-15 19:37:37,93.28981723237598
2025-12-15 19:40:07,93.29503916449086
2025-12-15 19:42:37,93.30026109660574
2025-12-15 19:45:07,93.30548302872063
2025-12-15 19:47:37,93.31070496083551
2025-12-15 19:50:07,93.31592689295039
2025-12-15 19:52:37,93.32114882506528
2025-12-15 19:55:07,93.32637075718016
2025-12-15 19:57:37,93.33159268929504
2025-12-15 20:00:07,93.33681462140993
2025-12-15 20:02:37,93.3420365535248
2025-12-15 20:05:07,93.34725848563968
2025-12-15 20:07:37,93.35248041775456
2025-12-15 20:10:07,93.35770234986946
2025-12-15 20:12:37,93.36292428198433
2025-12-15 20:15:07,93.36814621409921
2025-12-15 20:17:37,93.3733681462141
2025-12-15 20:20:07,93.37859007832898
2025-12-15 20:22:37,93.38381201044386
2025-12-15 20:25:07,93.38903394255875
2025-12-15 20:27:37,93.39425587467363
2025-12-15 20:30:07,93.39947780678851
2025-12-15 20:32:37,93.40469973890339
2025-12-15 20:35:07,93.40992167101828
2025-12-15 20:37:37,93.41514360313316
2025-12-15 20:40:07,93.42036553524804
2025-12-15 20:42:37,93.42558746736293
2025-12-15 20:45:07,93.43080939947781
2025-12-15 20:47:37,93.43603133159269
2025-12-15 20:50:07,93.44125326370757
2025-12-15 20:52:37,93.44647519582246
2025-12-15 20:55:07,93.45169712793734
2025-12-15 20:57:37,93.45691906005221
2025-12-15 21:00:07,93.46214099216711
2025-12-15 21:02:37,93.46736292428199
2025-12-15 21:05:07,93.47258485639686
2025-12-15 21:07:37,93.47780678851176
2025-12-15 21:10:07,93.48302872062663
2025-12-15 21:12:37,93.48825065274151
2025-12-15 21:15:07,93.49347258485639
2025-12-15 21:17:37,93.49869451697128
2025-12-15 21:20:07,93.50391644908616
2025-12-15 21:22:37,93.50913838120104
2025-12-15 21:25:07,93.51436031331593
2025-12-15 21:27:37,93.51958224543081
2025-12-15 21:30:07,93.52480417754569
2025-12-15 21:32:37,93.53002610966057
2025-12-15 21:35:07,93.53524804177546
2025-12-15 21:37:37,93.54046997389034
2025-12-15 21:40:07,93.54569190600522
2025-12-15 21:42:37,93.55091383812011
2025-12-15 21:45:07,93.55613577023499
2025-12-15 21:47:37,93.56135770234987
2025-12-15 21:50:07,93.56657963446476
2025-12-15 21:52:37,93.57180156657964
2025-12-15 21:55:07,93.57702349869452
2025-12-15 21:57:37,93.5822454308094
2025-12-15 22:00:07,93.58746736292429
2025-12-15 22:02:37,93.59268929503916
2025-12-15 22:05:07,93.59791122715404
2025-12-15 22:07:37,93.60313315926894
2025-12-15 22:10:07,93.60835509138381
2025-12-15 22:12:37,93.61357702349869
2025-12-15 22:15:07,93.61879895561357
2025-12-15 22:17:37,93.62402088772846
2025-12-15 22:20:07,93.62924281984334
2025-12-15 22:22:37,93.63446475195822
2025-12-15 22:25:07,93.63968668407311
2025-12-15 22:27:37,93.64490861618799
2025-12-15 22:30:07,93.65013054830287
2025-12-15 22:32:37,93.65535248041776
2025-12-15 22:35:07,93.66057441253264
2025-12-15 22:37:37,93.66579634464752
2025-12-15 22:40:07,93.6710182767624
2025-12-15 22:42:37,93.67624020887729
2025-12-15 22:45:07,93.68146214099217
2025-12-15 22:47:37,93.68668407310705
2025-12-15 22:50:07,93.69190600522194
2025-12-15 22:52:37,93.69712793733682
2025-12-15 22:55:07,93.7023498694517
2025-12-15 22:57:37,93.70757180156659
2025-12-15 23:00:07,93.71279373368147
2025-12-15 23:02:37,93.71801566579634
2025-12-15 23:05:07,93.72323759791122
2025-12-15 23:07:37,93.72845953002611
2025-12-15 23:10:07,93.73368146214099
2025-12-15 23:12:37,93.73890339425587
2025-12-15 23:15:07,93.74412532637076
2025-12-15 23:17:37,93.74934725848564
2025-12-15 23:20:07,93.75456919060052
2025-12-15 23:22:37,93.7597911227154
2025-12-15 23:25:07,93.76501305483029
2025-12-15 23:27:37,93.77023498694517
2025-12-15 23:30:07,93.77545691906005
2025-12-15 23:32:37,93.78067885117494
2025-12-15 23:35:07,93.78590078328982
2025-12-15 23:37:37,93.7911227154047
2025-12-15 23:40:07,93.79634464751959
2025-12-15 23:42:37,93.80156657963447
2025-12-15 23:45:07,93.80678851174935
2025-12-15 23:47:37,93.81201044386422
2025-12-15 23:50:07,93.81723237597912
2025-12-15 23:52:37,93.822454308094
2025-12-15 23:55:07,93.82767624020887
2025-12-15 23:57:37,93.83289817232377
2025-12-16 00:00:07,93.83812010443864
2025-12-16 00:02:37,93.84334203655352
2025-12-16 00:05:07,93.8485639686684
2025-12-16 00:07:37,93.8537859007833
2025-12-16 00:10:07,93.85900783289817
2025-12-16 00:12:37,93.86422976501305
2025-12-16 00:15:07,93.86945169712794
2025-12-16 00:17:37,93.87467362924282
2025-12-16 00:20:07,93.8798955613577
2025-12-16 00:22:37,93.88511749347259
2025-12-16 00:25:07,93.89033942558747
2025-12-16 00:27:37,93.89556135770235
2025-12-16 00:30:07,93.90078328981723
2025-12-16 00:32:37,93.90600522193212
2025-12-16 00:35:07,93.911227154047
2025-12-16 00:37:37,93.91644908616188
2025-12-16 00:40:07,93.92167101827677
2025-12-16 00:42:37,93.92689295039165
2025-12-16 00:45:07,93.93211488250653
2025-12-16 00:47:37,93.9373368146214
2025-12-16 00:50:07,93.9425587467363
2025-12-16 00:52:37,93.94778067885117
2025-12-16 00:55:07,93.95300261096605
2025-12-16 00:57:37,93.95822454308095
2025-12-16 01:00:07,93.96344647519582
2025-12-16 01:02:37,93.9686684073107
2025-12-16 01:05:07,93.9738903394256
2025-12-16 01:07:37,93.97911227154047
2025-12-16 01:10:07,93.98433420365535
2025-12-16 01:12:37,93.98955613577023
2025-12-16 01:15:07,93.99477806788512
2025-12-16 01:17:37,94.0
2025-12-16 01:20:07,94.00645161290322
2025-12-16 01:22:37,94.01290322580645
2025-12-16 01:25:07,94.01935483870967
2025-12-16 01:27:37,94.02580645161291
2025-12-16 01:30:07,94.03225806451613
2025-12-16 01:32:37,94.03870967741935
2025-12-16 01:35:07,94.04516129032258
2025-12-16 01:37:37,94.0516129032258
2025-12-16 01:40:07,94.05806451612904
2025-12-16 01:42:37,94.06451612903226
2025-12-16 01:45:07,94.07096774193549
2025-12-16 01:47:37,94.07741935483871
2025-12-16 01:50:07,94.08387096774193
2025-12-16 01:52:37,94.09032258064516
2025-12-16 01:55:07,94.09677419354838
2025-12-16 01:57:37,94.10322580645162
2025-12-16 02:00:07,94.10967741935484
2025-12-16 02:02:37,94.11612903225806
2025-12-16 02:05:07,94.12258064516129
2025-12-16 02:07:37,94.12903225806451
2025-12-16 02:10:07,94.13548387096775
2025-12-16 02:12:37,94.14193548387097
2025-12-16 02:15:07,94.14838709677419
2025-12-16 02:17:37,94.15483870967742
2025-12-16 02:20:07,94.16129032258064
2025-12-16 02:22:37,94.16774193548387
2025-12-16 02:25:07,94.1741935483871
2025-12-16 02:27:37,94.18064516129033
2025-12-16 02:30:07,94.18709677419355
2025-12-16 02:32:37,94.19354838709677
2025-12-16 02:35:07,94.2
2025-12-16 02:37:37,94.20645161290322
2025-12-16 02:40:07,94.21290322580646
2025-12-16 02:42:37,94.21935483870968
2025-12-16 02:45:07,94.2258064516129
2025-12-16 02:47:37,94.23225806451613
2025-12-16 02:50:07,94.23870967741935
2025-12-16 02:52:37,94.24516129032259
2025-12-16 02:55:07,94.2516129032258
2025-12-16 02:57:37,94.25806451612904
2025-12-16 03:00:07,94.26451612903226
2025-12-16 03:02:37,94.27096774193548
2025-12-16 03:05:07,94.27741935483871
2025-12-16 03:07:37,94.28387096774193
2025-12-16 03:10:07,94.29032258064517
2025-12-16 03:12:37,94.29677419354839
2025-12-16 03:15:07,94.30322580645161
2025-12-16 03:17:37,94.30967741935484
2025-12-16 03:20:07,94.31612903225806
2025-12-16 03:22:37,94.3225806451613
2025-12-16 03:25:07,94.32903225806452
2025-12-16 03:27:37,94.33548387096774
2025-12-16 03:30:07,94.34193548387097
2025-12-16 03:32:37,94.34838709677419
2025-12-16 03:35:07,94.35483870967742
2025-12-16 03:37:37,94.36129032258064
2025-12-16 03:40:07,94.36774193548388
2025-12-16 03:42:37,94.3741935483871
2025-12-16 03:45:07,94.38064516129032
2025-12-16 03:47:37,94.38709677419355
2025-12-16 03:50:07,94.39354838709677
2025-12-16 03:52:37,94.4
2025-12-16 03:55:07,94.40645161290323
2025-12-16 03:57:37,94.41290322580645
2025-12-16 04:00:07,94.41935483870968
2025-12-16 04:02:37,94.4258064516129
2025-12-16 04:05:07,94.43225806451613
2025-12-16 04:07:37,94.43870967741935
2025-12-16 04:10:07,94.44516129032257
2025-12-16 04:12:37,94.45161290322581
2025-12-16 04:15:07,94.45806451612903
2025-12-16 04:17:37,94.46451612903226
2025-12-16 04:20:07,94.47096774193548
2025-12-16 04:22:37,94.47741935483872
2025-12-16 04:25:07,94.48387096774194
2025-12-16 04:27:37,94.49032258064516
2025-12-16 04:30:07,94.49677419354839
2025-12-16 04:32:37,94.50322580645161
2025-12-16 04:35:07,94.50967741935484
2025-12-16 04:37:37,94.51612903225806
2025-12-16 04:40:07,94.52258064516128
2025-12-16 04:42:37,94.52903225806452
2025-12-16 04:45:07,94.53548387096774
2025-12-16 04:47:37,94.54193548387097
2025-12-16 04:50:07,94.54838709677419
2025-12-16 04:52:37,94.55483870967743
2025-12-16 04:55:07,94.56129032258065
2025-12-16 04:57:37,94.56774193548387
2025-12-16 05:00:07,94.5741935483871
2025-12-16 05:02:37,94.58064516129032
2025-12-16 05:05:07,94.58709677419355
2025-12-16 05:07:37,94.59354838709677
2025-12-16 05:10:07,94.6
2025-12-16 05:12:37,94.60645161290323
2025-12-16 05:15:07,94.61290322580645
2025-12-16 05:17:37,94.61935483870968
2025-12-16 05:20:07,94.6258064516129
2025-12-16 05:22:37,94.63225806451612
2025-12-16 05:25:07,94.63870967741936
2025-12-16 05:27:37,94.64516129032258
2025-12-16 05:30:07,94.65161290322581
2025-12-16 05:32:37,94.65806451612903
2025-12-16 05:35:07,94.66451612903226
2025-12-16 05:37:37,94.67096774193548
2025-12-16 05:40:07,94.6774193548387
2025-12-16 05:42:37,94.68387096774194
2025-12-16 05:45:07,94.69032258064516
2025-12-16 05:47:37,94.69677419354839
2025-12-16 05:50:07,94.70322580645161
2025-12-16 05:52:37,94.70967741935483
2025-12-16 05:55:07,94.71612903225807
2025-12-16 05:57:37,94.72258064516129
2025-12-16 06:00:07,94.72903225806452
2025-12-16 06:02:37,94.73548387096774
2025-12-16 06:05:07,94.74193548387096
2025-12-16 06:07:37,94.7483870967742
2025-12-16 06:10:07,94.75483870967741
2025-12-16 06:12:37,94.76129032258065
2025-12-16 06:15:07,94.76774193548387
2025-12-16 06:17:37,94.7741935483871
2025-12-16 06:20:07,94.78064516129032
2025-12-16 06:22:37,94.78709677419354
2025-12-16 06:25:07,94.79354838709678
2025-12-16 06:27:37,94.8
2025-12-16 06:30:07,94.80645161290323
2025-12-16 06:32:37,94.81290322580645
2025-12-16 06:35:07,94.81935483870967
2025-12-16 06:37:37,94.8258064516129
2025-12-16 06:40:07,94.83225806451613
2025-12-16 06:42:37,94.83870967741936
2025-12-16 06:45:07,94.84516129032258
2025-12-16 06:47:37,94.85161290322581
2025-12-16 06:50:07,94.85806451612903
2025-12-16 06:52:37,94.86451612903225
2025-12-16 06:55:07,94.87096774193549
2025-12-16 06:57:37,94.87741935483871
2025-12-16 07:00:07,94.88387096774194
2025-12-16 07:02:37,94.89032258064516
2025-12-16 07:05:07,94.89677419354838
2025-12-16 07:07:37,94.90322580645162
2025-12-16 07:10:07,94.90967741935484
2025-12-16 07:12:37,94.91612903225807
2025-12-16 07:15:07,94.92258064516129
2025-12-16 07:17:37,94.92903225806451
2025-12-16 07:20:07,94.93548387096774
2025-12-16 07:22:37,94.94193548387096
2025-12-16 07:25:07,94.9483870967742
2025-12-16 07:27:37,94.95483870967742
2025-12-16 07:30:07,94.96129032258065
2025-12-16 07:32:37,94.96774193548387
2025-12-16 07:35:07,94.97419354838709
2025-12-16 07:37:37,94.98064516129033
2025-12-16 07:40:07,94.98709677419355
2025-12-16 07:42:37,94.99354838709678
2025-12-16 07:45:07,95.0
2025-12-16 07:47:37,95.00645161290322
2025-12-16 07:50:07,95.01290322580645
2025-12-16 07:52:37,95.01935483870967
2025-12-16 07:55:07,95.02580645161291
2025-12-16 07:57:37,95.03225806451613
2025-12-16 08:00:07,95.03870967741935
2025-12-16 08:02:37,95.04516129032258
2025-12-16 08:05:07,95.0516129032258
2025-12-16 08:07:37,95.05806451612904
2025-12-16 08:10:07,95.06451612903226
2025-12-16 08:12:37,95.07096774193549
2025-12-16 08:15:07,95.07741935483871
2025-12-16 08:17:37,95.08387096774193
2025-12-16 08:20:07,95.09032258064516
2025-12-16 08:22:37,95.09677419354838
2025-12-16 08:25:07,95.10322580645162
2025-12-16 08:27:37,95.10967741935484
2025-12-16 08:30:07,95.11612903225806
2025-12-16 08:32:37,95.12258064516129
2025-12-16 08:35:07,95.12903225806451
2025-12-16 08:37:37,95.13548387096775
2025-12-16 08:40:07,95.14193548387097
2025-12-16 08:42:37,95.1483870967742
2025-12-16 08:45:07,95.15483870967742
2025-12-16 08:47:37,95.16129032258064
2025-12-16 08:50:07,95.16774193548387
2025-12-16 08:52:37,95.1741935483871
2025-12-16 08:55:07,95.18064516129033
2025-12-16 08:57:37,95.18709677419355
2025-12-16 09:00:07,95.19354838709677
2025-12-16 09:02:37,95.2
2025-12-16 09:05:07,95.20645161290322
2025-12-16 09:07:37,95.21290322580646
2025-12-16 09:10:07,95.21935483870968
2025-12-16 09:12:37,95.2258064516129
2025-12-16 09:15:07,95.23225806451613
2025-12-16 09:17:37,95.23870967741935
2025-12-16 09:20:07,95.24516129032259
2025-12-16 09:22:37,95.2516129032258
2025-12-16 09:25:07,95.25806451612904
2025-12-16 09:27:37,95.26451612903226
2025-12-16 09:30:07,95.27096774193548
2025-12-16 09:32:37,95.27741935483871
2025-12-16 09:35:07,95.28387096774193
2025-12-16 09:37:37,95.29032258064517
2025-12-16 09:40:07,95.29677419354839
2025-12-16 09:42:37,95.30322580645161
2025-12-16 09:45:07,95.30967741935484
2025-12-16 09:47:37,95.31612903225806
2025-12-16 09:50:07,95.3225806451613
2025-12-16 09:52:37,95.32903225806452
2025-12-16 09:55:07,95.33548387096774
2025-12-16 09:57:37,95.34193548387097
2025-12-16 10:00:07,95.34838709677419
2025-12-16 10:02:37,95.35483870967742
2025-12-16 10:05:07,95.36129032258064
2025-12-16 10:07:37,95.36774193548388
2025-12-16 10:10:07,95.3741935483871
2025-12-16 10:12:37,95.38064516129032
2025-12-16 10:15:07,95.38709677419355
2025-12-16 10:17:37,95.39354838709677
2025-12-16 10:20:07,95.4
2025-12-16 10:22:37,95.40645161290323
2025-12-16 10:25:07,95.41290322580645
2025-12-16 10:27:37,95.41935483870968
2025-12-16 10:30:07,95.4258064516129
2025-12-16 10:32:37,95.43225806451613
2025-12-16 10:35:07,95.43870967741935
2025-12-16 10:37:37,95.44516129032257
2025-12-16 10:40:07,95.45161290322581
2025-12-16 10:42:37,95.45806451612903
2025-12-16 10:45:07,95.46451612903226
2025-12-16 10:47:37,95.47096774193548
2025-12-16 10:50:07,95.47741935483872
2025-12-16 10:52:37,95.48387096774194
2025-12-16 10:55:07,95.49032258064516
2025-12-16 10:57:37,95.49677419354839
2025-12-16 11:00:07,95.50322580645161
2025-12-16 11:02:37,95.50967741935484
2025-12-16 11:05:07,95.51612903225806
2025-12-16 11:07:37,95.52258064516128
2025-12-16 11:10:07,95.52903225806452
2025-12-16 11:12:37,95.53548387096774
2025-12-16 11:15:07,95.54193548387097
2025-12-16 11:17:37,95.54838709677419
2025-12-16 11:20:07,95.55483870967743
2025-12-16 11:22:37,95.56129032258065
2025-12-16 11:25:07,95.56774193548387
2025-12-16 11:27:37,95.5741935483871
2025-12-16 11:30:07,95.58064516129032
2025-12-16 11:32:37,95.58709677419355
2025-12-16 11:35:07,95.59354838709677
2025-12-16 11:37:37,95.6
2025-12-16 11:40:07,95.60645161290323
2025-12-16 11:42:37,95.61290322580645
2025-12-16 11:45:07,95.61935483870968
2025-12-16 11:47:37,95.6258064516129
2025-12-16 11:50:07,95.63225806451612
2025-12-16 11:52:37,95.63870967741936
2025-12-16 11:55:07,95.64516129032258
2025-12-16 11:57:37,95.65161290322581
2025-12-16 12:00:07,95.65806451612903
2025-12-16 12:02:37,95.66451612903226
2025-12-16 12:05:07,95.67096774193548
2025-12-16 12:07:37,95.6774193548387
2025-12-16 12:10:07,95.68387096774194
2025-12-16 12:12:37,95.69032258064516
2025-12-16 12:15:07,95.69677419354839
2025-12-16 12:17:37,95.70322580645161
2025-12-16 12:20:07,95.70967741935483
2025-12-16 12:22:37,95.71612903225807
2025-12-16 12:25:07,95.72258064516129
2025-12-16 12:27:37,95.72903225806452
2025-12-16 12:30:07,95.73548387096774
2025-12-16 12:32:37,95.74193548387096
2025-12-16 12:35:07,95.7483870967742
2025-12-16 12:37:37,95.75483870967741
2025-12-16 12:40:07,95.76129032258065
2025-12-16 12:42:37,95.76774193548387
2025-12-16 12:45:07,95.7741935483871
2025-12-16 12:47:37,95.78064516129032
2025-12-16 12:50:07,95.78709677419354
2025-12-16 12:52:37,95.79354838709678
2025-12-16 12:55:07,95.8
2025-12-16 12:57:37,95.80645161290323
2025-12-16 13:00:07,95.81290322580645
2025-12-16 13:02:37,95.81935483870967
2025-12-16 13:05:07,95.8258064516129
2025-12-16 13:07:37,95.83225806451613
2025-12-16 13:10:07,95.83870967741936
2025-12-16 13:12:37,95.84516129032258
2025-12-16 13:15:07,95.85161290322581
2025-12-16 13:17:37,95.85806451612903
2025-12-16 13:20:07,95.86451612903225
2025-12-16 13:22:37,95.87096774193549
2025-12-16 13:25:07,95.87741935483871
2025-12-16 13:27:37,95.88387096774194
2025-12-16 13:30:07,95.89032258064516
2025-12-16 13:32:37,95.89677419354838
2025-12-16 13:35:07,95.90322580645162
2025-12-16 13:37:37,95.90967741935484
2025-12-16 13:40:07,95.91612903225807
2025-12-16 13:42:37,95.92258064516129
2025-12-16 13:45:07,95.92903225806451
2025-12-16 13:47:37,95.93548387096774
2025-12-16 13:50:07,95.94193548387096
2025-12-16 13:52:37,95.9483870967742
2025-12-16 13:55:07,95.95483870967742
2025-12-16 13:57:37,95.96129032258065
2025-12-16 14:00:07,95.96774193548387
2025-12-16 14:02:37,95.97419354838709
2025-12-16 14:05:07,95.98064516129033
2025-12-16 14:07:37,95.98709677419355
2025-12-16 14:10:07,95.99354838709678
2025-12-16 14:12:37,96.0
2025-12-16 14:15:07,96.00645161290322
2025-12-16 14:17:37,96.01290322580645
2025-12-16 14:20:07,96.01935483870967
2025-12-16 14:22:37,96.02580645161291
2025-12-16 14:25:07,96.03225806451613
2025-12-16 14:27:37,96.03870967741935
2025-12-16 14:30:07,96.04516129032258
2025-12-16 14:32:37,96.0516129032258
2025-12-16 14:35:07,96.05806451612904
2025-12-16 14:37:37,96.06451612903226
2025-12-16 14:40:07,96.07096774193549
2025-12-16 14:42:37,96.07741935483871
2025-12-16 14:45:07,96.08387096774193
2025-12-16 14:47:37,96.09032258064516
2025-12-16 14:50:07,96.09677419354838
2025-12-16 14:52:37,96.10322580645162
2025-12-16 14:55:07,96.10967741935484
2025-12-16 14:57:37,96.11612903225806
2025-12-16 15:00:07,96.12258064516129
2025-12-16 15:02:37,96.12903225806451
2025-12-16 15:05:07,96.13548387096775
2025-12-16 15:07:37,96.14193548387097
2025-12-16 15:10:07,96.1483870967742
2025-12-16 15:12:37,96.15483870967742
2025-12-16 15:15:07,96.16129032258064
2025-12-16 15:17:37,96.16774193548387
2025-12-16 15:20:07,96.1741935483871
2025-12-16 15:22:37,96.18064516129033
2025-12-16 15:25:07,96.18709677419355
2025-12-16 15:27:37,96.19354838709677
2025-12-16 15:30:07,96.2
2025-12-16 15:32:37,96.20645161290322
2025-12-16 15:35:07,96.21290322580646
2025-12-16 15:37:37,96.21935483870968
2025-12-16 15:40:07,96.2258064516129
2025-12-16 15:42:37,96.23225806451613
2025-12-16 15:45:07,96.23870967741935
2025-12-16 15:47:37,96.24516129032259
2025-12-16 15:50:07,96.2516129032258
2025-12-16 15:52:37,96.25806451612904
2025-12-16 15:55:07,96.26451612903226
2025-12-16 15:57:37,96.27096774193548
2025-12-16 16:00:07,96.27741935483871
2025-12-16 16:02:37,96.28387096774193
2025-12-16 16:05:07,96.29032258064517
2025-12-16 16:07:37,96.29677419354839
2025-12-16 16:10:07,96.30322580645161
2025-12-16 16:12:37,96.30967741935484
2025-12-16 16:15:07,96.31612903225806
2025-12-16 16:17:37,96.3225806451613
2025-12-16 16:20:07,96.32903225806452
2025-12-16 16:22:37,96.33548387096774
2025-12-16 16:25:07,96.34193548387097
2025-12-16 16:27:37,96.34838709677419
2025-12-16 16:30:07,96.35483870967742
2025-12-16 16:32:37,96.36129032258064
2025-12-16 16:35:07,96.36774193548388
2025-12-16 16:37:37,96.3741935483871
2025-12-16 16:40:07,96.38064516129032
2025-12-16 16:42:37,96.38709677419355
2025-12-16 16:45:07,96.39354838709677
2025-12-16 16:47:37,96.4
2025-12-16 16:50:07,96.40645161290323
2025-12-16 16:52:37,96.41290322580645
2025-12-16 16:55:07,96.41935483870968
2025-12-16 16:57:37,96.4258064516129
2025-12-16 17:00:07,96.43225806451613
2025-12-16 17:02:37,96.43870967741935
2025-12-16 17:05:07,96.44516129032257
2025-12-16 17:07:37,96.45161290322581
2025-12-16 17:10:07,96.45806451612903
2025-12-16 17:12:37,96.46451612903226
2025-12-16 17:15:07,96.47096774193548
2025-12-16 17:17:37,96.47741935483872
2025-12-16 17:20:07,96.48387096774194
2025-12-16 17:22:37,96.49032258064516
2025-12-16 17:25:07,96.49677419354839
2025-12-16 17:27:37,96.50322580645161
2025-12-16 17:30:07,96.50967741935484
2025-12-16 17:32:37,96.51612903225806
2025-12-16 17:35:07,96.52258064516128
2025-12-16 17:37:37,96.52903225806452
2025-12-16 17:40:07,96.53548387096774
2025-12-16 17:42:37,96.54193548387097
2025-12-16 17:45:07,96.54838709677419
2025-12-16 17:47:37,96.55483870967743
2025-12-16 17:50:07,96.56129032258065
2025-12-16 17:52:37,96.56774193548387
2025-12-16 17:55:07,96.5741935483871
2025-12-16 17:57:37,96.58064516129032
2025-12-16 18:00:07,96.58709677419355
2025-12-16 18:02:37,96.59354838709677
2025-12-16 18:05:07,96.6
2025-12-16 18:07:37,96.60645161290323
2025-12-16 18:10:07,96.61290322580645
2025-12-16 18:12:37,96.61935483870968
2025-12-16 18:15:07,96.6258064516129
2025-12-16 18:17:37,96.63225806451612
2025-12-16 18:20:07,96.63870967741936
2025-12-16 18:22:37,96.64516129032258
2025-12-16 18:25:07,96.65161290322581
2025-12-16 18:27:37,96.65806451612903
2025-12-16 18:30:07,96.66451612903226
2025-12-16 18:32:37,96.67096774193548
2025-12-16 18:35:07,96.6774193548387
2025-12-16 18:37:37,96.68387096774194
2025-12-16 18:40:07,96.69032258064516
2025-12-16 18:42:37,96.69677419354839
2025-12-16 18:45:07,96.70322580645161
2025-12-16 18:47:37,96.70967741935483
2025-12-16 18:50:07,96.71612903225807
2025-12-16 18:52:37,96.72258064516129
2025-12-16 18:55:07,96.72903225806452
2025-12-16 18:57:37,96.73548387096774
2025-12-16 19:00:07,96.74193548387096
2025-12-16 19:02:37,96.7483870967742
2025-12-16 19:05:07,96.75483870967741
2025-12-16 19:07:37,96.76129032258065
2025-12-16 19:10:07,96.76774193548387
2025-12-16 19:12:37,96.7741935483871
2025-12-16 19:15:07,96.78064516129032
2025-12-16 19:17:37,96.78709677419354
2025-12-16 19:20:07,96.79354838709678
2025-12-16 19:22:37,96.8
2025-12-16 19:25:07,96.80645161290323
2025-12-16 19:27:37,96.81290322580645
2025-12-16 19:30:07,96.81935483870967
2025-12-16 19:32:37,96.8258064516129
2025-12-16 19:35:07,96.83225806451613
2025-12-16 19:37:37,96.83870967741936
2025-12-16 19:40:07,96.84516129032258
2025-12-16 19:42:37,96.85161290322581
2025-12-16 19:45:07,96.85806451612903
2025-12-16 19:47:37,96.86451612903225
2025-12-16 19:50:07,96.87096774193549
2025-12-16 19:52:37,96.87741935483871
2025-12-16 19:55:07,96.88387096774194
2025-12-16 19:57:37,96.89032258064516
2025-12-16 20:00:07,96.89677419354838
2025-12-16 20:02:37,96.90322580645162
2025-12-16 20:05:07,96.90967741935484
2025-12-16 20:07:37,96.91612903225807
2025-12-16 20:10:07,96.92258064516129
2025-12-16 20:12:37,96.92903225806451
2025-12-16 20:15:07,96.93548387096774
2025-12-16 20:17:37,96.94193548387096
2025-12-16 20:20:07,96.9483870967742
2025-12-16 20:22:37,96.95483870967742
2025-12-16 20:25:07,96.96129032258065
2025-12-16 20:27:37,96.96774193548387
2025-12-16 20:30:07,96.97419354838709
2025-12-16 20:32:37,96.98064516129033
2025-12-16 20:35:07,96.98709677419355
2025-12-16 20:37:37,96.99354838709678
2025-12-16 20:40:07,97.0
2025-12-16 20:42:37,96.99685534591195
2025-12-16 20:45:07,96.99371069182389
2025-12-16 20:47:37,96.99056603773585
2025-12-16 20:50:07,96.9874213836478
2025-12-16 20:52:37,96.98427672955975
2025-12-16 20:55:07,96.98113207547169
2025-12-16 20:57:37,96.97798742138365
2025-12-16 21:00:07,96.9748427672956
2025-12-16 21:02:37,96.97169811320755
2025-12-16 21:05:07,96.96855345911949
2025-12-16 21:07:37,96.96540880503144
2025-12-16 21:10:07,96.9622641509434
2025-12-16 21:12:37,96.95911949685535
2025-12-16 21:15:07,96.95597484276729
2025-12-16 21:17:37,96.95283018867924
2025-12-16 21:20:07,96.9496855345912
2025-12-16 21:22:37,96.94654088050315
2025-12-16 21:25:07,96.94339622641509
2025-12-16 21:27:37,96.94025157232704
2025-12-16 21:30:07,96.937106918239
2025-12-16 21:32:37,96.93396226415095
2025-12-16 21:35:07,96.93081761006289
2025-12-16 21:37:37,96.92767295597484
2025-12-16 21:40:07,96.9245283018868
2025-12-16 21:42:37,96.92138364779875
2025-12-16 21:45:07,96.91823899371069
2025-12-16 21:47:37,96.91509433962264
2025-12-16 21:50:07,96.9119496855346
2025-12-16 21:52:37,96.90880503144655
2025-12-16 21:55:07,96.90566037735849
2025-12-16 21:57:37,96.90251572327044
2025-12-16 22:00:07,96.8993710691824
2025-12-16 22:02:37,96.89622641509433
2025-12-16 22:05:07,96.89308176100629
2025-12-16 22:07:37,96.88993710691824
2025-12-16 22:10:07,96.88679245283019
2025-12-16 22:12:37,96.88364779874213
2025-12-16 22:15:07,96.88050314465409
2025-12-16 22:17:37,96.87735849056604
2025-12-16 22:20:07,96.87421383647799
2025-12-16 22:22:37,96.87106918238993
2025-12-16 22:25:07,96.86792452830188
2025-12-16 22:27:37,96.86477987421384
2025-12-16 22:30:07,96.86163522012579
2025-12-16 22:32:37,96.85849056603773
2025-12-16 22:35:07,96.85534591194968
2025-12-16 22:37:37,96.85220125786164
2025-12-16 22:40:07,96.84905660377359
2025-12-16 22:42:37,96.84591194968553
2025-12-16 22:45:07,96.84276729559748
2025-12-16 22:47:37,96.83962264150944
2025-12-16 22:50:07,96.83647798742139
2025-12-16 22:52:37,96.83333333333333
2025-12-16 22:55:07,96.83018867924528
2025-12-16 22:57:37,96.82704402515724
2025-12-16 23:00:07,96.82389937106919
2025-12-16 23:02:37,96.82075471698113
2025-12-16 23:05:07,96.81761006289308
2025-12-16 23:07:37,96.81446540880503
2025-12-16 23:10:07,96.81132075471699
2025-12-16 23:12:37,96.80817610062893
2025-12-16 23:15:07,96.80503144654088
2025-12-16 23:17:37,96.80188679245283
2025-12-16 23:20:07,96.79874213836477
2025-12-16 23:22:37,96.79559748427673
2025-12-16 23:25:07,96.79245283018868
2025-12-16 23:27:37,96.78930817610063
2025-12-16 23:30:07,96.78616352201257
2025-12-16 23:32:37,96.78301886792453
2025-12-16 23:35:07,96.77987421383648
2025-12-16 23:37:37,96.77672955974843
2025-12-16 23:40:07,96.77358490566037
2025-12-16 23:42:37,96.77044025157232
2025-12-16 23:45:07,96.76729559748428
2025-12-16 23:47:37,96.76415094339623
2025-12-16 23:50:07,96.76100628930817
2025-12-16 23:52:37,96.75786163522012
2025-12-16 23:55:07,96.75471698113208
2025-12-16 23:57:37,96.75157232704403
2025-12-17 00:00:07,96.74842767295597
2025-12-17 00:02:37,96.74528301886792
2025-12-17 00:05:07,96.74213836477988
2025-12-17 00:07:37,96.73899371069183
2025-12-17 00:10:07,96.73584905660377
2025-12-17 00:12:37,96.73270440251572
2025-12-17 00:15:07,96.72955974842768
2025-12-17 00:17:37,96.72641509433963
2025-12-17 00:20:07,96.72327044025157
2025-12-17 00:22:37,96.72012578616352
2025-12-17 00:25:07,96.71698113207547
2025-12-17 00:27:37,96.71383647798743
2025-12-17 00:30:07,96.71069182389937
2025-12-17 00:32:37,96.70754716981132
2025-12-17 00:35:07,96.70440251572327
2025-12-17 00:37:37,96.70125786163523
2025-12-17 00:40:07,96.69811320754717
2025-12-17 00:42:37,96.69496855345912
2025-12-17 00:45:07,96.69182389937107
2025-12-17 00:47:37,96.68867924528301
2025-12-17 00:50:07,96.68553459119497
2025-12-17 00:52:37,96.68238993710692
2025-12-17 00:55:07,96.67924528301887
2025-12-17 00:57:37,96.67610062893081
2025-12-17 01:00:07,96.67295597484276
2025-12-17 01:02:37,96.66981132075472
2025-12-17 01:05:07,96.66666666666667
2025-12-17 01:07:37,96.66352201257861
2025-12-17 01:10:07,96.66037735849056
2025-12-17 01:12:37,96.65723270440252
2025-12-17 01:15:07,96.65408805031447
2025-12-17 01:17:37,96.65094339622641
2025-12-17 01:20:07,96.64779874213836
2025-12-17 01:22:37,96.64465408805032
2025-12-17 01:25:07,96.64150943396227
2025-12-17 01:27:37,96.63836477987421
2025-12-17 01:30:07,96.63522012578616
2025-12-17 01:32:37,96.63207547169812
2025-12-17 01:35:07,96.62893081761007
2025-12-17 01:37:37,96.62578616352201
2025-12-17 01:40:07,96.62264150943396
2025-12-17 01:42:37,96.61949685534591
2025-12-17 01:45:07,96.61635220125787
2025-12-17 01:47:37,96.61320754716981
2025-12-17 01:50:07,96.61006289308176
2025-12-17 01:52:37,96.60691823899371
2025-12-17 01:55:07,96.60377358490567
2025-12-17 01:57:37,96.6006289308176
2025-12-17 02:00:07,96.59748427672956
2025-12-17 02:02:37,96.59433962264151
2025-12-17 02:05:07,96.59119496855345
2025-12-17 02:07:37,96.5880503144654
2025-12-17 02:10:07,96.58490566037736
2025-12-17 02:12:37,96.58176100628931
2025-12-17 02:15:07,96.57861635220125
2025-12-17 02:17:37,96.5754716981132
2025-12-17 02:20:07,96.57232704402516
2025-12-17 02:22:37,96.56918238993711
2025-12-17 02:25:07,96.56603773584905
2025-12-17 02:27:37,96.562893081761
2025-12-17 02:30:07,96.55974842767296
2025-12-17 02:32:37,96.55660377358491
2025-12-17 02:35:07,96.55345911949685
2025-12-17 02:37:37,96.5503144654088
2025-12-17 02:40:07,96.54716981132076
2025-12-17 02:42:37,96.54402515723271
2025-12-17 02:45:07,96.54088050314465
2025-12-17 02:47:37,96.5377358490566
2025-12-17 02:50:07,96.53459119496856
2025-12-17 02:52:37,96.53144654088051
2025-12-17 02:55:07,96.52830188679245
2025-12-17 02:57:37,96.5251572327044
2025-12-17 03:00:07,96.52201257861635
2025-12-17 03:02:37,96.51886792452831
2025-12-17 03:05:07,96.51572327044025
2025-12-17 03:07:37,96.5125786163522
2025-12-17 03:10:07,96.50943396226415
2025-12-17 03:12:37,96.50628930817611
2025-12-17 03:15:07,96.50314465408805
2025-12-17 03:17:37,96.5
2025-12-17 03:20:07,96.49685534591195
2025-12-17 03:22:37,96.49371069182389
2025-12-17 03:25:07,96.49056603773585
2025-12-17 03:27:37,96.4874213836478
2025-12-17 03:30:07,96.48427672955975
2025-12-17 03:32:37,96.48113207547169
2025-12-17 03:35:07,96.47798742138365
2025-12-17 03:37:37,96.4748427672956
2025-12-17 03:40:07,96.47169811320755
2025-12-17 03:42:37,96.46855345911949
2025-12-17 03:45:07,96.46540880503144
2025-12-17 03:47:37,96.4622641509434
2025-12-17 03:50:07,96.45911949685535
2025-12-17 03:52:37,96.45597484276729
2025-12-17 03:55:07,96.45283018867924
2025-12-17 03:57:37,96.4496855345912
2025-12-17 04:00:07,96.44654088050315
2025-12-17 04:02:37,96.44339622641509
2025-12-17 04:05:07,96.44025157232704
2025-12-17 04:07:37,96.437106918239
2025-12-17 04:10:07,96.43396226415095
2025-12-17 04:12:37,96.43081761006289
2025-12-17 04:15:07,96.42767295597484
2025-12-17 04:17:37,96.4245283018868
2025-12-17 04:20:07,96.42138364779875
2025-12-17 04:22:37,96.41823899371069
2025-12-17 04:25:07,96.41509433962264
2025-12-17 04:27:37,96.4119496855346
2025-12-17 04:30:07,96.40880503144655
2025-12-17 04:32:37,96.40566037735849
2025-12-17 04:35:07,96.40251572327044
2025-12-17 04:37:37,96.3993710691824
2025-12-17 04:40:07,96.39622641509433
2025-12-17 04:42:37,96.39308176100629
2025-12-17 04:45:07,96.38993710691824
2025-12-17 04:47:37,96.38679245283019
2025-12-17 04:50:07,96.38364779874213
2025-12-17 04:52:37,96.38050314465409
2025-12-17 04:55:07,96.37735849056604
2025-12-17 04:57:37,96.37421383647799
2025-12-17 05:00:07,96.37106918238993
2025-12-17 05:02:37,96.36792452830188
2025-12-17 05:05:07,96.36477987421384
2025-12-17 05:07:37,96.36163522012579
2025-12-17 05:10:07,96.35849056603773
2025-12-17 05:12:37,96.35534591194968
2025-12-17 05:15:07,96.35220125786164
2025-12-17 05:17:37,96.34905660377359
2025-12-17 05:20:07,96.34591194968553
2025-12-17 05:22:37,96.34276729559748
2025-12-17 05:25:07,96.33962264150944
2025-12-17 05:27:37,96.33647798742139
2025-12-17 05:30:07,96.33333333333333
2025-12-17 05:32:37,96.33018867924528
2025-12-17 05:35:07,96.32704402515724
2025-12-17 05:37:37,96.32389937106919
2025-12-17 05:40:07,96.32075471698113
2025-12-17 05:42:37,96.31761006289308
2025-12-17 05:45:07,96.31446540880503
2025-12-17 05:47:37,96.31132075471699
2025-12-17 05:50:07,96.30817610062893
2025-12-17 05:52:37,96.30503144654088
2025-12-17 05:55:07,96.30188679245283
2025-12-17 05:57:37,96.29874213836477
2025-12-17 06:00:07,96.29559748427673
2025-12-17 06:02:37,96.29245283018868
2025-12-17 06:05:07,96.28930817610063
2025-12-17 06:07:37,96.28616352201257
2025-12-17 06:10:07,96.28301886792453
2025-12-17 06:12:37,96.27987421383648
2025-12-17 06:15:07,96.27672955974843
2025-12-17 06:17:37,96.27358490566037
2025-12-17 06:20:07,96.27044025157232
2025-12-17 06:22:37,96.26729559748428
2025-12-17 06:25:07,96.26415094339623
2025-12-17 06:27:37,96.26100628930817
2025-12-17 06:30:07,96.25786163522012
2025-12-17 06:32:37,96.25471698113208
2025-12-17 06:35:07,96.25157232704403
2025-12-17 06:37:37,96.24842767295597
2025-12-17 06:40:07,96.24528301886792
2025-12-17 06:42:37,96.24213836477988
2025-12-17 06:45:07,96.23899371069183
2025-12-17 06:47:37,96.23584905660377
2025-12-17 06:50:07,96.23270440251572
2025-12-17 06:52:37,96.22955974842768
2025-12-17 06:55:07,96.22641509433963
2025-12-17 06:57:37,96.22327044025157
2025-12-17 07:00:07,96.22012578616352
2025-12-17 07:02:37,96.21698113207547
2025-12-17 07:05:07,96.21383647798743
2025-12-17 07:07:37,96.21069182389937
2025-12-17 07:10:07,96.20754716981132
2025-12-17 07:12:37,96.20440251572327
2025-12-17 07:15:07,96.20125786163523
2025-12-17 07:17:37,96.19811320754717
2025-12-17 07:20:07,96.19496855345912
2025-12-17 07:22:37,96.19182389937107
2025-12-17 07:25:07,96.18867924528301
2025-12-17 07:27:37,96.18553459119497
2025-12-17 07:30:07,96.18238993710692
2025-12-17 07:32:37,96.17924528301887
2025-12-17 07:35:07,96.17610062893081
2025-12-17 07:37:37,96.17295597484276
2025-12-17 07:40:07,96.16981132075472
2025-12-17 07:42:37,96.16666666666667
2025-12-17 07:45:07,96.16352201257861
2025-12-17 07:47:37,96.16037735849056
2025-12-17 07:50:07,96.15723270440252
2025-12-17 07:52:37,96.15408805031447
2025-12-17 07:55:07,96.15094339622641
2025-12-17 07:57:37,96.14779874213836
2025-12-17 08:00:07,96.14465408805032
2025-12-17 08:02:37,96.14150943396227
2025-12-17 08:05:07,96.13836477987421
2025-12-17 08:07:37,96.13522012578616
2025-12-17 08:10:07,96.13207547169812
2025-12-17 08:12:37,96.12893081761007
2025-12-17 08:15:07,96.12578616352201
2025-12-17 08:17:37,96.12264150943396
2025-12-17 08:20:07,96.11949685534591
2025-12-17 08:22:37,96.11635220125787
2025-12-17 08:25:07,96.11320754716981
2025-12-17 08:27:37,96.11006289308176
2025-12-17 08:30:07,96.10691823899371
2025-12-17 08:32:37,96.10377358490567
2025-12-17 08:35:07,96.1006289308176
2025-12-17 08:37:37,96.09748427672956
2025-12-17 08:40:07,96.09433962264151
2025-12-17 08:42:37,96.09119496855345
2025-12-17 08:45:07,96.0880503144654
2025-12-17 08:47:37,96.08490566037736
2025-12-17 08:50:07,96.08176100628931
2025-12-17 08:52:37,96.07861635220125
2025-12-17 08:55:07,96.0754716981132
2025-12-17 08:57:37,96.07232704402516
2025-12-17 09:00:07,96.06918238993711
2025-12-17 09:02:37,96.06603773584905
2025-12-17 09:05:07,96.062893081761
2025-12-17 09:07:37,96.05974842767296
2025-12-17 09:10:07,96.05660377358491
2025-12-17 09:12:37,96.05345911949685
2025-12-17 09:15:07,96.0503144654088
2025-12-17 09:17:37,96.04716981132076
2025-12-17 09:20:07,96.04402515723271
2025-12-17 09:22:37,96.04088050314465
2025-12-17 09:25:07,96.0377358490566
2025-12-17 09:27:37,96.03459119496856
2025-12-17 09:30:07,96.03144654088051
2025-12-17 09:32:37,96.02830188679245
2025-12-17 09:35:07,96.0251572327044
2025-12-17 09:37:37,96.02201257861635
2025-12-17 09:40:07,96.01886792452831
2025-12-17 09:42:37,96.01572327044025
2025-12-17 09:45:07,96.0125786163522
2025-12-17 09:47:37,96.00943396226415
2025-12-17 09:50:07,96.00628930817611
2025-12-17 09:52:37,96.00314465408805
2025-12-17 09:55:07,96.0
2025-12-17 09:57:37,95.99685534591195
2025-12-17 10:00:07,95.99371069182389
2025-12-17 10:02:37,95.99056603773585
2025-12-17 10:05:07,95.9874213836478
2025-12-17 10:07:37,95.98427672955975
2025-12-17 10:10:07,95.98113207547169
2025-12-17 10:12:37,95.97798742138365
2025-12-17 10:15:07,95.9748427672956
2025-12-17 10:17:37,95.97169811320755
2025-12-17 10:20:07,95.96855345911949
2025-12-17 10:22:37,95.96540880503144
2025-12-17 10:25:07,95.9622641509434
2025-12-17 10:27:37,95.95911949685535
2025-12-17 10:30:07,95.95597484276729
2025-12-17 10:32:37,95.95283018867924
2025-12-17 10:35:07,95.9496855345912
2025-12-17 10:37:37,95.94654088050315
2025-12-17 10:40:07,95.94339622641509
2025-12-17 10:42:37,95.94025157232704
2025-12-17 10:45:07,95.937106918239
2025-12-17 10:47:37,95.93396226415095
2025-12-17 10:50:07,95.93081761006289
2025-12-17 10:52:37,95.92767295597484
2025-12-17 10:55:07,95.9245283018868
2025-12-17 10:57:37,95.92138364779875
2025-12-17 11:00:07,95.91823899371069
2025-12-17 11:02:37,95.91509433962264
2025-12-17 11:05:07,95.9119496855346
2025-12-17 11:07:37,95.90880503144655
2025-12-17 11:10:07,95.90566037735849
2025-12-17 11:12:37,95.90251572327044
2025-12-17 11:15:07,95.8993710691824
2025-12-17 11:17:37,95.89622641509433
2025-12-17 11:20:07,95.89308176100629
2025-12-17 11:22:37,95.88993710691824
2025-12-17 11:25:07,95.88679245283019
2025-12-17 11:27:37,95.88364779874213
2025-12-17 11:30:07,95.88050314465409
2025-12-17 11:32:37,95.87735849056604
2025-12-17 11:35:07,95.87421383647799
2025-12-17 11:37:37,95.87106918238993
2025-12-17 11:40:07,95.86792452830188
2025-12-17 11:42:37,95.86477987421384
2025-12-17 11:45:07,95.86163522012579
2025-12-17 11:47:37,95.85849056603773
2025-12-17 11:50:07,95.85534591194968
2025-12-17 11:52:37,95.85220125786164
2025-12-17 11:55:07,95.84905660377359
2025-12-17 11:57:37,95.84591194968553
2025-12-17 12:00:07,95.84276729559748
2025-12-17 12:02:37,95.83962264150944
2025-12-17 12:05:07,95.83647798742139
2025-12-17 12:07:37,95.83333333333333
2025-12-17 12:10:07,95.83018867924528
2025-12-17 12:12:37,95.82704402515724
2025-12-17 12:15:07,95.82389937106919
2025-12-17 12:17:37,95.82075471698113
2025-12-17 12:20:07,95.81761006289308
2025-12-17 12:22:37,95.81446540880503
2025-12-17 12:25:07,95.81132075471699
2025-12-17 12:27:37,95.80817610062893
2025-12-17 12:30:07,95.80503144654088
2025-12-17 12:32:37,95.80188679245283
2025-12-17 12:35:07,95.79874213836477
2025-12-17 12:37:37,95.79559748427673
2025-12-17 12:40:07,95.79245283018868
2025-12-17 12:42:37,95.78930817610063
2025-12-17 12:45:07,95.78616352201257
2025-12-17 12:47:37,95.78301886792453
2025-12-17 12:50:07,95.77987421383648
2025-12-17 12:52:37,95.77672955974843
2025-12-17 12:55:07,95.77358490566037
2025-12-17 12:57:37,95.77044025157232
2025-12-17 13:00:07,95.76729559748428
2025-12-17 13:02:37,95.76415094339623
2025-12-17 13:05:07,95.76100628930817
2025-12-17 13:07:37,95.75786163522012
2025-12-17 13:10:07,95.75471698113208
2025-12-17 13:12:37,95.75157232704403
2025-12-17 13:15:07,95.74842767295597
2025-12-17 13:17:37,95.74528301886792
2025-12-17 13:20:07,95.74213836477988
2025-12-17 13:22:37,95.73899371069183
2025-12-17 13:25:07,95.73584905660377
2025-12-17 13:27:37,95.73270440251572
2025-12-17 13:30:07,95.72955974842768
2025-12-17 13:32:37,95.72641509433963
2025-12-17 13:35:07,95.72327044025157
2025-12-17 13:37:37,95.72012578616352
2025-12-17 13:40:07,95.71698113207547
2025-12-17 13:42:37,95.71383647798743
2025-12-17 13:45:07,95.71069182389937
2025-12-17 13:47:37,95.70754716981132
2025-12-17 13:50:07,95.70440251572327
2025-12-17 13:52:37,95.70125786163523
2025-12-17 13:55:07,95.69811320754717
2025-12-17 13:57:37,95.69496855345912
2025-12-17 14:00:07,95.69182389937107
2025-12-17 14:02:37,95.68867924528301
2025-12-17 14:05:07,95.68553459119497
2025-12-17 14:07:37,95.68238993710692
2025-12-17 14:10:07,95.67924528301887
2025-12-17 14:12:37,95.67610062893081
2025-12-17 14:15:07,95.67295597484276
2025-12-17 14:17:37,95.66981132075472
2025-12-17 14:20:07,95.66666666666667
2025-12-17 14:22:37,95.66352201257861
2025-12-17 14:25:07,95.66037735849056
2025-12-17 14:27:37,95.65723270440252
2025-12-17 14:30:07,95.65408805031447
2025-12-17 14:32:37,95.65094339622641
2025-12-17 14:35:07,95.64779874213836
2025-12-17 14:37:37,95.64465408805032
2025-12-17 14:40:07,95.64150943396227
2025-12-17 14:42:37,95.63836477987421
2025-12-17 14:45:07,95.63522012578616
2025-12-17 14:47:37,95.63207547169812
2025-12-17 14:50:07,95.62893081761007
2025-12-17 14:52:37,95.62578616352201
2025-12-17 14:55:07,95.62264150943396
2025-12-17 14:57:37,95.61949685534591
2025-12-17 15:00:07,95.61635220125787
2025-12-17 15:02:37,95.61320754716981
2025-12-17 15:05:07,95.61006289308176
2025-12-17 15:07:37,95.60691823899371
2025-12-17 15:10:07,95.60377358490567
2025-12-17 15:12:37,95.6006289308176
2025-12-17 15:15:07,95.59748427672956
2025-12-17 15:17:37,95.59433962264151
2025-12-17 15:20:07,95.59119496855345
2025-12-17 15:22:37,95.5880503144654
2025-12-17 15:25:07,95.58490566037736
2025-12-17 15:27:37,95.58176100628931
2025-12-17 15:30:07,95.57861635220125
2025-12-17 15:32:37,95.5754716981132
2025-12-17 15:35:07,95.57232704402516
2025-12-17 15:37:37,95.56918238993711
2025-12-17 15:40:07,95.56603773584905
2025-12-17 15:42:37,95.562893081761
2025-12-17 15:45:07,95.55974842767296
2025-12-17 15:47:37,95.55660377358491
2025-12-17 15:50:07,95.55345911949685
2025-12-17 15:52:37,95.5503144654088
2025-12-17 15:55:07,95.54716981132076
2025-12-17 15:57:37,95.54402515723271
2025-12-17 16:00:07,95.54088050314465
2025-12-17 16:02:37,95.5377358490566
2025-12-17 16:05:07,95.53459119496856
2025-12-17 16:07:37,95.53144654088051
2025-12-17 16:10:07,95.52830188679245
2025-12-17 16:12:37,95.5251572327044
2025-12-17 16:15:07,95.52201257861635
2025-12-17 16:17:37,95.51886792452831
2025-12-17 16:20:07,95.51572327044025
2025-12-17 16:22:37,95.5125786163522
2025-12-17 16:25:07,95.50943396226415
2025-12-17 16:27:37,95.50628930817611
2025-12-17 16:30:07,95.50314465408805
2025-12-17 16:32:37,95.5
2025-12-17 16:35:07,95.49685534591195
2025-12-17 16:37:37,95.49371069182389
2025-12-17 16:40:07,95.49056603773585
2025-12-17 16:42:37,95.4874213836478
2025-12-17 16:45:07,95.48427672955975
2025-12-17 16:47:37,95.48113207547169
2025-12-17 16:50:07,95.47798742138365
2025-12-17 16:52:37,95.4748427672956
2025-12-17 16:55:07,95.47169811320755
2025-12-17 16:57:37,95.46855345911949
2025-12-17 17:00:07,95.46540880503144
2025-12-17 17:02:37,95.4622641509434
2025-12-17 17:05:07,95.45911949685535
2025-12-17 17:07:37,95.45597484276729
2025-12-17 17:10:07,95.45283018867924
2025-12-17 17:12:37,95.4496855345912
2025-12-17 17:15:07,95.44654088050315
2025-12-17 17:17:37,95.44339622641509
2025-12-17 17:20:07,95.44025157232704
2025-12-17 17:22:37,95.437106918239
2025-12-17 17:25:07,95.43396226415095
2025-12-17 17:27:37,95.43081761006289
2025-12-17 17:30:07,95.42767295597484
2025-12-17 17:32:37,95.4245283018868
2025-12-17 17:35:07,95.42138364779875
2025-12-17 17:37:37,95.41823899371069
2025-12-17 17:40:07,95.41509433962264
2025-12-17 17:42:37,95.4119496855346
2025-12-17 17:45:07,95.40880503144655
2025-12-17 17:47:37,95.40566037735849
2025-12-17 17:50:07,95.40251572327044
2025-12-17 17:52:37,95.3993710691824
2025-12-17 17:55:07,95.39622641509433
2025-12-17 17:57:37,95.39308176100629
2025-12-17 18:00:07,95.38993710691824
2025-12-17 18:02:37,95.38679245283019
2025-12-17 18:05:07,95.38364779874213
2025-12-17 18:07:37,95.38050314465409
2025-12-17 18:10:07,95.37735849056604
2025-12-17 18:12:37,95.37421383647799
2025-12-17 18:15:07,95.37106918238993
2025-12-17 18:17:37,95.36792452830188
2025-12-17 18:20:07,95.36477987421384
2025-12-17 18:22:37,95.36163522012579
2025-12-17 18:25:07,95.35849056603773
2025-12-17 18:27:37,95.35534591194968
2025-12-17 18:30:07,95.35220125786164
2025-12-17 18:32:37,95.34905660377359
2025-12-17 18:35:07,95.34591194968553
2025-12-17 18:37:37,95.34276729559748
2025-12-17 18:40:07,95.33962264150944
2025-12-17 18:42:37,95.33647798742139
2025-12-17 18:45:07,95.33333333333333
2025-12-17 18:47:37,95.33018867924528
2025-12-17 18:50:07,95.32704402515724
2025-12-17 18:52:37,95.32389937106919
2025-12-17 18:55:07,95.32075471698113
2025-12-17 18:57:37,95.31761006289308
2025-12-17 19:00:07,95.31446540880503
2025-12-17 19:02:37,95.31132075471699
2025-12-17 19:05:07,95.30817610062893
2025-12-17 19:07:37,95.30503144654088
2025-12-17 19:10:07,95.30188679245283
2025-12-17 19:12:37,95.29874213836477
2025-12-17 19:15:07,95.29559748427673
2025-12-17 19:17:37,95.29245283018868
2025-12-17 19:20:07,95.28930817610063
2025-12-17 19:22:37,95.28616352201257
2025-12-17 19:25:07,95.28301886792453
2025-12-17 19:27:37,95.27987421383648
2025-12-17 19:30:07,95.27672955974843
2025-12-17 19:32:37,95.27358490566037
2025-12-17 19:35:07,95.27044025157232
2025-12-17 19:37:37,95.26729559748428
2025-12-17 19:40:07,95.26415094339623
2025-12-17 19:42:37,95.26100628930817
2025-12-17 19:45:07,95.25786163522012
2025-12-17 19:47:37,95.25471698113208
2025-12-17 19:50:07,95.25157232704403
2025-12-17 19:52:37,95.24842767295597
2025-12-17 19:55:07,95.24528301886792
2025-12-17 19:57:37,95.24213836477988
2025-12-17 20:00:07,95.23899371069183
2025-12-17 20:02:37,95.23584905660377
2025-12-17 20:05:07,95.23270440251572
2025-12-17 20:07:37,95.22955974842768
2025-12-17 20:10:07,95.22641509433963
2025-12-17 20:12:37,95.22327044025157
2025-12-17 20:15:07,95.22012578616352
2025-12-17 20:17:37,95.21698113207547
2025-12-17 20:20:07,95.21383647798743
2025-12-17 20:22:37,95.21069182389937
2025-12-17 20:25:07,95.20754716981132
2025-12-17 20:27:37,95.20440251572327
2025-12-17 20:30:07,95.20125786163521
2025-12-17 20:32:37,95.19811320754717
2025-12-17 20:35:07,95.19496855345912
2025-12-17 20:37:37,95.19182389937107
2025-12-17 20:40:07,95.18867924528301
2025-12-17 20:42:37,95.18553459119497
2025-12-17 20:45:07,95.18238993710692
2025-12-17 20:47:37,95.17924528301887
2025-12-17 20:50:07,95.17610062893081
2025-12-17 20:52:37,95.17295597484276
2025-12-17 20:55:07,95.16981132075472
2025-12-17 20:57:37,95.16666666666667
2025-12-17 21:00:07,95.16352201257861
2025-12-17 21:02:37,95.16037735849056
2025-12-17 21:05:07,95.15723270440252
2025-12-17 21:07:37,95.15408805031447
2025-12-17 21:10:07,95.15094339622641
2025-12-17 21:12:37,95.14779874213836
2025-12-17 21:15:07,95.14465408805032
2025-12-17 21:17:37,95.14150943396227
2025-12-17 21:20:07,95.13836477987421
2025-12-17 21:22:37,95.13522012578616
2025-12-17 21:25:07,95.13207547169812
2025-12-17 21:27:37,95.12893081761007
2025-12-17 21:30:07,95.12578616352201
2025-12-17 21:32:37,95.12264150943396
2025-12-17 21:35:07,95.11949685534591
2025-12-17 21:37:37,95.11635220125787
2025-12-17 21:40:07,95.11320754716981
2025-12-17 21:42:37,95.11006289308176
2025-12-17 21:45:07,95.10691823899371
2025-12-17 21:47:37,95.10377358490567
2025-12-17 21:50:07,95.1006289308176
2025-12-17 21:52:37,95.09748427672956
2025-12-17 21:55:07,95.09433962264151
2025-12-17 21:57:37,95.09119496855345
2025-12-17 22:00:07,95.0880503144654
2025-12-17 22:02:37,95.08490566037736
2025-12-17 22:05:07,95.08176100628931
2025-12-17 22:07:37,95.07861635220125
2025-12-17 22:10:07,95.0754716981132
2025-12-17 22:12:37,95.07232704402516
2025-12-17 22:15:07,95.06918238993711
2025-12-17 22:17:37,95.06603773584905
2025-12-17 22:20:07,95.062893081761
2025-12-17 22:22:37,95.05974842767296
2025-12-17 22:25:07,95.05660377358491
2025-12-17 22:27:37,95.05345911949685
2025-12-17 22:30:07,95.0503144654088
2025-12-17 22:32:37,95.04716981132076
2025-12-17 22:35:07,95.04402515723271
2025-12-17 22:37:37,95.04088050314465
2025-12-17 22:40:07,95.0377358490566
2025-12-17 22:42:37,95.03459119496856
2025-12-17 22:45:07,95.03144654088051
2025-12-17 22:47:37,95.02830188679245
2025-12-17 22:50:07,95.0251572327044
2025-12-17 22:52:37,95.02201257861635
2025-12-17 22:55:07,95.01886792452831
2025-12-17 22:57:37,95.01572327044025
2025-12-17 23:00:07,95.0125786163522
2025-12-17 23:02:37,95.00943396226415
2025-12-17 23:05:07,95.00628930817611
2025-12-17 23:07:37,95.00314465408805
2025-12-17 23:10:07,95.0
2025-12-17 23:12:37,94.99685534591195
2025-12-17 23:15:07,94.99371069182389
2025-12-17 23:17:37,94.99056603773585
2025-12-17 23:20:07,94.9874213836478
2025-12-17 23:22:37,94.98427672955975
2025-12-17 23:25:07,94.98113207547169
2025-12-17 23:27:37,94.97798742138365
2025-12-17 23:30:07,94.9748427672956
2025-12-17 23:32:37,94.97169811320755
2025-12-17 23:35:07,94.96855345911949
2025-12-17 23:37:37,94.96540880503144
2025-12-17 23:40:07,94.9622641509434
2025-12-17 23:42:37,94.95911949685535
2025-12-17 23:45:07,94.95597484276729
2025-12-17 23:47:37,94.95283018867924
2025-12-17 23:50:07,94.9496855345912
2025-12-17 23:52:37,94.94654088050315
2025-12-17 23:55:07,94.94339622641509
2025-12-17 23:57:37,94.94025157232704
2025-12-18 00:00:07,94.937106918239
2025-12-18 00:02:37,94.93396226415095
2025-12-18 00:05:07,94.93081761006289
2025-12-18 00:07:37,94.92767295597484
2025-12-18 00:10:07,94.9245283018868
2025-12-18 00:12:37,94.92138364779875
2025-12-18 00:15:07,94.91823899371069
2025-12-18 00:17:37,94.91509433962264
2025-12-18 00:20:07,94.9119496855346
2025-12-18 00:22:37,94.90880503144655
2025-12-18 00:25:07,94.90566037735849
2025-12-18 00:27:37,94.90251572327044
2025-12-18 00:30:07,94.8993710691824
2025-12-18 00:32:37,94.89622641509433
2025-12-18 00:35:07,94.89308176100629
2025-12-18 00:37:37,94.88993710691824
2025-12-18 00:40:07,94.88679245283019
2025-12-18 00:42:37,94.88364779874213
2025-12-18 00:45:07,94.88050314465409
2025-12-18 00:47:37,94.87735849056604
2025-12-18 00:50:07,94.87421383647799
2025-12-18 00:52:37,94.87106918238993
2025-12-18 00:55:07,94.86792452830188
2025-12-18 00:57:37,94.86477987421384
2025-12-18 01:00:07,94.86163522012579
2025-12-18 01:02:37,94.85849056603773
2025-12-18 01:05:07,94.85534591194968
2025-12-18 01:07:37,94.85220125786164
2025-12-18 01:10:07,94.84905660377359
2025-12-18 01:12:37,94.84591194968553
2025-12-18 01:15:07,94.84276729559748
2025-12-18 01:17:37,94.83962264150944
2025-12-18 01:20:07,94.83647798742139
2025-12-18 01:22:37,94.83333333333333
2025-12-18 01:25:07,94.83018867924528
2025-12-18 01:27:37,94.82704402515724
2025-12-18 01:30:07,94.82389937106919
2025-12-18 01:32:37,94.82075471698113
2025-12-18 01:35:07,94.81761006289308
2025-12-18 01:37:37,94.81446540880503
2025-12-18 01:40:07,94.81132075471699
2025-12-18 01:42:37,94.80817610062893
2025-12-18 01:45:07,94.80503144654088
2025-12-18 01:47:37,94.80188679245283
2025-12-18 01:50:07,94.79874213836477
2025-12-18 01:52:37,94.79559748427673
2025-12-18 01:55:07,94.79245283018868
2025-12-18 01:57:37,94.78930817610063
2025-12-18 02:00:07,94.78616352201257
2025-12-18 02:02:37,94.78301886792453
2025-12-18 02:05:07,94.77987421383648
2025-12-18 02:07:37,94.77672955974843
2025-12-18 02:10:07,94.77358490566037
2025-12-18 02:12:37,94.77044025157232
2025-12-18 02:15:07,94.76729559748428
2025-12-18 02:17:37,94.76415094339623
2025-12-18 02:20:07,94.76100628930817
2025-12-18 02:22:37,94.75786163522012
2025-12-18 02:25:07,94.75471698113208
2025-12-18 02:27:37,94.75157232704403
2025-12-18 02:30:07,94.74842767295597
2025-12-18 02:32:37,94.74528301886792
2025-12-18 02:35:07,94.74213836477988
2025-12-18 02:37:37,94.73899371069183
2025-12-18 02:40:07,94.73584905660377
2025-12-18 02:42:37,94.73270440251572
2025-12-18 02:45:07,94.72955974842768
2025-12-18 02:47:37,94.72641509433963
2025-12-18 02:50:07,94.72327044025157
2025-12-18 02:52:37,94.72012578616352
2025-12-18 02:55:07,94.71698113207547
2025-12-18 02:57:37,94.71383647798743
2025-12-18 03:00:07,94.71069182389937
2025-12-18 03:02:37,94.70754716981132
2025-12-18 03:05:07,94.70440251572327
2025-12-18 03:07:37,94.70125786163521
2025-12-18 03:10:07,94.69811320754717
2025-12-18 03:12:37,94.69496855345912
2025-12-18 03:15:07,94.69182389937107
2025-12-18 03:17:37,94.68867924528301
2025-12-18 03:20:07,94.68553459119497
2025-12-18 03:22:37,94.68238993710692
2025-12-18 03:25:07,94.67924528301887
2025-12-18 03:27:37,94.67610062893081
2025-12-18 03:30:07,94.67295597484276
2025-12-18 03:32:37,94.66981132075472
2025-12-18 03:35:07,94.66666666666667
2025-12-18 03:37:37,94.66352201257861
2025-12-18 03:40:07,94.66037735849056
2025-12-18 03:42:37,94.65723270440252
2025-12-18 03:45:07,94.65408805031447
2025-12-18 03:47:37,94.65094339622641
2025-12-18 03:50:07,94.64779874213836
2025-12-18 03:52:37,94.64465408805032
2025-12-18 03:55:07,94.64150943396227
2025-12-18 03:57:37,94.63836477987421
2025-12-18 04:00:07,94.63522012578616
2025-12-18 04:02:37,94.63207547169812
2025-12-18 04:05:07,94.62893081761007
2025-12-18 04:07:37,94.62578616352201
2025-12-18 04:10:07,94.62264150943396
2025-12-18 04:12:37,94.61949685534591
2025-12-18 04:15:07,94.61635220125787
2025-12-18 04:17:37,94.61320754716981
2025-12-18 04:20:07,94.61006289308176
2025-12-18 04:22:37,94.60691823899371
2025-12-18 04:25:07,94.60377358490567
2025-12-18 04:27:37,94.6006289308176
2025-12-18 04:30:07,94.59748427672956
2025-12-18 04:32:37,94.59433962264151
2025-12-18 04:35:07,94.59119496855345
2025-12-18 04:37:37,94.5880503144654
2025-12-18 04:40:07,94.58490566037736
2025-12-18 04:42:37,94.58176100628931
2025-12-18 04:45:07,94.57861635220125
2025-12-18 04:47:37,94.5754716981132
2025-12-18 04:50:07,94.57232704402516
2025-12-18 04:52:37,94.56918238993711
2025-12-18 04:55:07,94.56603773584905
2025-12-18 04:57:37,94.562893081761
2025-12-18 05:00:07,94.55974842767296
2025-12-18 05:02:37,94.55660377358491
2025-12-18 05:05:07,94.55345911949685
2025-12-18 05:07:37,94.5503144654088
2025-12-18 05:10:07,94.54716981132076
2025-12-18 05:12:37,94.54402515723271
2025-12-18 05:15:07,94.54088050314465
2025-12-18 05:17:37,94.5377358490566
2025-12-18 05:20:07,94.53459119496856
2025-12-18 05:22:37,94.53144654088051
2025-12-18 05:25:07,94.52830188679245
2025-12-18 05:27:37,94.5251572327044
2025-12-18 05:30:07,94.52201257861635
2025-12-18 05:32:37,94.51886792452831
2025-12-18 05:35:07,94.51572327044025
2025-12-18 05:37:37,94.5125786163522
2025-12-18 05:40:07,94.50943396226415
2025-12-18 05:42:37,94.50628930817611
2025-12-18 05:45:07,94.50314465408805
2025-12-18 05:47:37,94.5
2025-12-18 05:50:07,94.49685534591195
2025-12-18 05:52:37,94.49371069182389
2025-12-18 05:55:07,94.49056603773585
2025-12-18 05:57:37,94.4874213836478
2025-12-18 06:00:07,94.48427672955975
2025-12-18 06:02:37,94.48113207547169
2025-12-18 06:05:07,94.47798742138365
2025-12-18 06:07:37,94.4748427672956
2025-12-18 06:10:07,94.47169811320755
2025-12-18 06:12:37,94.46855345911949
2025-12-18 06:15:07,94.46540880503144
2025-12-18 06:17:37,94.4622641509434
2025-12-18 06:20:07,94.45911949685535
2025-12-18 06:22:37,94.45597484276729
2025-12-18 06:25:07,94.45283018867924
2025-12-18 06:27:37,94.4496855345912
2025-12-18 06:30:07,94.44654088050315
2025-12-18 06:32:37,94.44339622641509
2025-12-18 06:35:07,94.44025157232704
2025-12-18 06:37:37,94.437106918239
2025-12-18 06:40:07,94.43396226415095
2025-12-18 06:42:37,94.43081761006289
2025-12-18 06:45:07,94.42767295597484
2025-12-18 06:47:37,94.4245283018868
2025-12-18 06:50:07,94.42138364779875
2025-12-18 06:52:37,94.41823899371069
2025-12-18 06:55:07,94.41509433962264
2025-12-18 06:57:37,94.4119496855346
2025-12-18 07:00:07,94.40880503144655
2025-12-18 07:02:37,94.40566037735849
2025-12-18 07:05:07,94.40251572327044
2025-12-18 07:07:37,94.3993710691824
2025-12-18 07:10:07,94.39622641509433
2025-12-18 07:12:37,94.39308176100629
2025-12-18 07:15:07,94.38993710691824
2025-12-18 07:17:37,94.38679245283019
2025-12-18 07:20:07,94.38364779874213
2025-12-18 07:22:37,94.38050314465409
2025-12-18 07:25:07,94.37735849056604
2025-12-18 07:27:37,94.37421383647799
2025-12-18 07:30:07,94.37106918238993
2025-12-18 07:32:37,94.36792452830188
2025-12-18 07:35:07,94.36477987421384
2025-12-18 07:37:37,94.36163522012579
2025-12-18 07:40:07,94.35849056603773
2025-12-18 07:42:37,94.35534591194968
2025-12-18 07:45:07,94.35220125786164
2025-12-18 07:47:37,94.34905660377359
2025-12-18 07:50:07,94.34591194968553
2025-12-18 07:52:37,94.34276729559748
2025-12-18 07:55:07,94.33962264150944
2025-12-18 07:57:37,94.33647798742139
2025-12-18 08:00:07,94.33333333333333
2025-12-18 08:02:37,94.33018867924528
2025-12-18 08:05:07,94.32704402515724
2025-12-18 08:07:37,94.32389937106919
2025-12-18 08:10:07,94.32075471698113
2025-12-18 08:12:37,94.31761006289308
2025-12-18 08:15:07,94.31446540880503
2025-12-18 08:17:37,94.31132075471699
2025-12-18 08:20:07,94.30817610062893
2025-12-18 08:22:37,94.30503144654088
2025-12-18 08:25:07,94.30188679245283
2025-12-18 08:27:37,94.29874213836477
2025-12-18 08:30:07,94.29559748427673
2025-12-18 08:32:37,94.29245283018868
2025-12-18 08:35:07,94.28930817610063
2025-12-18 08:37:37,94.28616352201257
2025-12-18 08:40:07,94.28301886792453
2025-12-18 08:42:37,94.27987421383648
2025-12-18 08:45:07,94.27672955974843
2025-12-18 08:47:37,94.27358490566037
2025-12-18 08:50:07,94.27044025157232
2025-12-18 08:52:37,94.26729559748428
2025-12-18 08:55:07,94.26415094339623
2025-12-18 08:57:37,94.26100628930817
2025-12-18 09:00:07,94.25786163522012
2025-12-18 09:02:37,94.25471698113208
2025-12-18 09:05:07,94.25157232704403
2025-12-18 09:07:37,94.24842767295597
2025-12-18 09:10:07,94.24528301886792
2025-12-18 09:12:37,94.24213836477988
2025-12-18 09:15:07,94.23899371069183
2025-12-18 09:17:37,94.23584905660377
2025-12-18 09:20:07,94.23270440251572
2025-12-18 09:22:37,94.22955974842768
2025-12-18 09:25:07,94.22641509433963
2025-12-18 09:27:37,94.22327044025157
2025-12-18 09:30:07,94.22012578616352
2025-12-18 09:32:37,94.21698113207547
2025-12-18 09:35:07,94.21383647798743
2025-12-18 09:37:37,94.21069182389937
2025-12-18 09:40:07,94.20754716981132
2025-12-18 09:42:37,94.20440251572327
2025-12-18 09:45:07,94.20125786163521
2025-12-18 09:47:37,94.19811320754717
2025-12-18 09:50:07,94.19496855345912
2025-12-18 09:52:37,94.19182389937107
2025-12-18 09:55:07,94.18867924528301
2025-12-18 09:57:37,94.18553459119497
2025-12-18 10:00:07,94.18238993710692
2025-12-18 10:02:37,94.17924528301887
2025-12-18 10:05:07,94.17610062893081
2025-12-18 10:07:37,94.17295597484276
2025-12-18 10:10:07,94.16981132075472
2025-12-18 10:12:37,94.16666666666667
2025-12-18 10:15:07,94.16352201257861
2025-12-18 10:17:37,94.16037735849056
2025-12-18 10:20:07,94.15723270440252
2025-12-18 10:22:37,94.15408805031447
2025-12-18 10:25:07,94.15094339622641
2025-12-18 10:27:37,94.14779874213836
2025-12-18 10:30:07,94.14465408805032
2025-12-18 10:32:37,94.14150943396227
2025-12-18 10:35:07,94.13836477987421
2025-12-18 10:37:37,94.13522012578616
2025-12-18 10:40:07,94.13207547169812
2025-12-18 10:42:37,94.12893081761007
2025-12-18 10:45:07,94.12578616352201
2025-12-18 10:47:37,94.12264150943396
2025-12-18 10:50:07,94.11949685534591
2025-12-18 10:52:37,94.11635220125787
2025-12-18 10:55:07,94.11320754716981
2025-12-18 10:57:37,94.11006289308176
2025-12-18 11:00:07,94.10691823899371
2025-12-18 11:02:37,94.10377358490567
2025-12-18 11:05:07,94.1006289308176
2025-12-18 11:07:37,94.09748427672956
2025-12-18 11:10:07,94.09433962264151
2025-12-18 11:12:37,94.09119496855345
2025-12-18 11:15:07,94.0880503144654
2025-12-18 11:17:37,94.08490566037736
2025-12-18 11:20:07,94.08176100628931
2025-12-18 11:22:37,94.07861635220125
2025-12-18 11:25:07,94.0754716981132
2025-12-18 11:27:37,94.07232704402516
2025-12-18 11:30:07,94.06918238993711
2025-12-18 11:32:37,94.06603773584905
2025-12-18 11:35:07,94.062893081761
2025-12-18 11:37:37,94.05974842767296
2025-12-18 11:40:07,94.05660377358491
2025-12-18 11:42:37,94.05345911949685
2025-12-18 11:45:07,94.0503144654088
2025-12-18 11:47:37,94.04716981132076
2025-12-18 11:50:07,94.04402515723271
2025-12-18 11:52:37,94.04088050314465
2025-12-18 11:55:07,94.0377358490566
2025-12-18 11:57:37,94.03459119496856
2025-12-18 12:00:07,94.03144654088051
2025-12-18 12:02:37,94.02830188679245
2025-12-18 12:05:07,94.0251572327044
2025-12-18 12:07:37,94.02201257861635
2025-12-18 12:10:07,94.01886792452831
2025-12-18 12:12:37,94.01572327044025
2025-12-18 12:15:07,94.0125786163522
2025-12-18 12:17:37,94.00943396226415
2025-12-18 12:20:07,94.00628930817611
2025-12-18 12:22:37,94.00314465408805
2025-12-18 12:25:07,94.0
2025-12-18 12:27:37,93.99685534591195
2025-12-18 12:30:07,93.99371069182389
2025-12-18 12:32:37,93.99056603773585
2025-12-18 12:35:07,93.9874213836478
2025-12-18 12:37:37,93.98427672955975
2025-12-18 12:40:07,93.98113207547169
2025-12-18 12:42:37,93.97798742138365
2025-12-18 12:45:07,93.9748427672956
2025-12-18 12:47:37,93.97169811320755
2025-12-18 12:50:07,93.96855345911949
2025-12-18 12:52:37,93.96540880503144
2025-12-18 12:55:07,93.9622641509434
2025-12-18 12:57:37,93.95911949685535
2025-12-18 13:00:07,93.95597484276729
2025-12-18 13:02:37,93.95283018867924
2025-12-18 13:05:07,93.9496855345912
2025-12-18 13:07:37,93.94654088050315
2025-12-18 13:10:07,93.94339622641509
2025-12-18 13:12:37,93.94025157232704
2025-12-18 13:15:07,93.937106918239
2025-12-18 13:17:37,93.93396226415095
2025-12-18 13:20:07,93.93081761006289
2025-12-18 13:22:37,93.92767295597484
2025-12-18 13:25:07,93.9245283018868
2025-12-18 13:27:37,93.92138364779875
2025-12-18 13:30:07,93.91823899371069
2025-12-18 13:32:37,93.91509433962264
2025-12-18 13:35:07,93.9119496855346
2025-12-18 13:37:37,93.90880503144655
2025-12-18 13:40:07,93.90566037735849
2025-12-18 13:42:37,93.90251572327044
2025-12-18 13:45:07,93.8993710691824
2025-12-18 13:47:37,93.89622641509433
2025-12-18 13:50:07,93.89308176100629
2025-12-18 13:52:37,93.88993710691824
2025-12-18 13:55:07,93.88679245283019
2025-12-18 13:57:37,93.88364779874213
2025-12-18 14:00:07,93.88050314465409
2025-12-18 14:02:37,93.87735849056604
2025-12-18 14:05:07,93.87421383647799
2025-12-18 14:07:37,93.87106918238993
2025-12-18 14:10:07,93.86792452830188
2025-12-18 14:12:37,93.86477987421384
2025-12-18 14:15:07,93.86163522012579
2025-12-18 14:17:37,93.85849056603773
2025-12-18 14:20:07,93.85534591194968
2025-12-18 14:22:37,93.85220125786164
2025-12-18 14:25:07,93.84905660377359
2025-12-18 14:27:37,93.84591194968553
2025-12-18 14:30:07,93.84276729559748
2025-12-18 14:32:37,93.83962264150944
2025-12-18 14:35:07,93.83647798742139
2025-12-18 14:37:37,93.83333333333333
2025-12-18 14:40:07,93.83018867924528
2025-12-18 14:42:37,93.82704402515724
2025-12-18 14:45:07,93.82389937106919
2025-12-18 14:47:37,93.82075471698113
2025-12-18 14:50:07,93.81761006289308
2025-12-18 14:52:37,93.81446540880503
2025-12-18 14:55:07,93.81132075471699
2025-12-18 14:57:37,93.80817610062893
2025-12-18 15:00:07,93.80503144654088
2025-12-18 15:02:37,93.80188679245283
2025-12-18 15:05:07,93.79874213836477
2025-12-18 15:07:37,93.79559748427673
2025-12-18 15:10:07,93.79245283018868
2025-12-18 15:12:37,93.78930817610063
2025-12-18 15:15:07,93.78616352201257
2025-12-18 15:17:37,93.78301886792453
2025-12-18 15:20:07,93.77987421383648
2025-12-18 15:22:37,93.77672955974843
2025-12-18 15:25:07,93.77358490566037
2025-12-18 15:27:37,93.77044025157232
2025-12-18 15:30:07,93.76729559748428
2025-12-18 15:32:37,93.76415094339623
2025-12-18 15:35:07,93.76100628930817
2025-12-18 15:37:37,93.75786163522012
2025-12-18 15:40:07,93.75471698113208
2025-12-18 15:42:37,93.75157232704403
2025-12-18 15:45:07,93.74842767295597
2025-12-18 15:47:37,93.74528301886792
2025-12-18 15:50:07,93.74213836477988
2025-12-18 15:52:37,93.73899371069183
2025-12-18 15:55:07,93.73584905660377
2025-12-18 15:57:37,93.73270440251572
2025-12-18 16:00:07,93.72955974842768
2025-12-18 16:02:37,93.72641509433963
2025-12-18 16:05:07,93.72327044025157
2025-12-18 16:07:37,93.72012578616352
2025-12-18 16:10:07,93.71698113207547
2025-12-18 16:12:37,93.71383647798743
2025-12-18 16:15:07,93.71069182389937
2025-12-18 16:17:37,93.70754716981132
2025-12-18 16:20:07,93.70440251572327
2025-12-18 16:22:37,93.70125786163521
2025-12-18 16:25:07,93.69811320754717
2025-12-18 16:27:37,93.69496855345912
2025-12-18 16:30:07,93.69182389937107
2025-12-18 16:32:37,93.68867924528301
2025-12-18 16:35:07,93.68553459119497
2025-12-18 16:37:37,93.68238993710692
2025-12-18 16:40:07,93.67924528301887
2025-12-18 16:42:37,93.67610062893081
2025-12-18 16:45:07,93.67295597484276
2025-12-18 16:47:37,93.66981132075472
2025-12-18 16:50:07,93.66666666666667
2025-12-18 16:52:37,93.66352201257861
2025-12-18 16:55:07,93.66037735849056
2025-12-18 16:57:37,93.65723270440252
2025-12-18 17:00:07,93.65408805031447
2025-12-18 17:02:37,93.65094339622641
2025-12-18 17:05:07,93.64779874213836
2025-12-18 17:07:37,93.64465408805032
2025-12-18 17:10:07,93.64150943396227
2025-12-18 17:12:37,93.63836477987421
2025-12-18 17:15:07,93.63522012578616
2025-12-18 17:17:37,93.63207547169812
2025-12-18 17:20:07,93.62893081761007
2025-12-18 17:22:37,93.62578616352201
2025-12-18 17:25:07,93.62264150943396
2025-12-18 17:27:37,93.61949685534591
2025-12-18 17:30:07,93.61635220125787
2025-12-18 17:32:37,93.61320754716981
2025-12-18 17:35:07,93.61006289308176
2025-12-18 17:37:37,93.60691823899371
2025-12-18 17:40:07,93.60377358490567
2025-12-18 17:42:37,93.6006289308176
2025-12-18 17:45:07,93.59748427672956
2025-12-18 17:47:37,93.59433962264151
2025-12-18 17:50:07,93.59119496855345
2025-12-18 17:52:37,93.5880503144654
2025-12-18 17:55:07,93.58490566037736
2025-12-18 17:57:37,93.58176100628931
2025-12-18 18:00:07,93.57861635220125
2025-12-18 18:02:37,93.5754716981132
2025-12-18 18:05:07,93.57232704402516
2025-12-18 18:07:37,93.56918238993711
2025-12-18 18:10:07,93.56603773584905
2025-12-18 18:12:37,93.562893081761
2025-12-18 18:15:07,93.55974842767296
2025-12-18 18:17:37,93.55660377358491
2025-12-18 18:20:07,93.55345911949685
2025-12-18 18:22:37,93.5503144654088
2025-12-18 18:25:07,93.54716981132076
2025-12-18 18:27:37,93.54402515723271
2025-12-18 18:30:07,93.54088050314465
2025-12-18 18:32:37,93.5377358490566
2025-12-18 18:35:07,93.53459119496856
2025-12-18 18:37:37,93.53144654088051
2025-12-18 18:40:07,93.52830188679245
2025-12-18 18:42:37,93.5251572327044
2025-12-18 18:45:07,93.52201257861635
2025-12-18 18:47:37,93.51886792452831
2025-12-18 18:50:07,93.51572327044025
2025-12-18 18:52:37,93.5125786163522
2025-12-18 18:55:07,93.50943396226415
2025-12-18 18:57:37,93.50628930817611
2025-12-18 19:00:07,93.50314465408805
2025-12-18 19:02:37,93.5
2025-12-18 19:05:07,93.49685534591195
2025-12-18 19:07:37,93.49371069182389
2025-12-18 19:10:07,93.49056603773585
2025-12-18 19:12:37,93.4874213836478
2025-12-18 19:15:07,93.48427672955975
2025-12-18 19:17:37,93.48113207547169
2025-12-18 19:20:07,93.47798742138365
2025-12-18 19:22:37,93.4748427672956
2025-12-18 19:25:07,93.47169811320755
2025-12-18 19:27:37,93.46855345911949
2025-12-18 19:30:07,93.46540880503144
2025-12-18 19:32:37,93.4622641509434
2025-12-18 19:35:07,93.45911949685535
2025-12-18 19:37:37,93.45597484276729
2025-12-18 19:40:07,93.45283018867924
2025-12-18 19:42:37,93.4496855345912
2025-12-18 19:45:07,93.44654088050315
2025-12-18 19:47:37,93.44339622641509
2025-12-18 19:50:07,93.44025157232704
2025-12-18 19:52:37,93.437106918239
2025-12-18 19:55:07,93.43396226415095
2025-12-18 19:57:37,93.43081761006289
2025-12-18 20:00:07,93.42767295597484
2025-12-18 20:02:37,93.4245283018868
2025-12-18 20:05:07,93.42138364779875
2025-12-18 20:07:37,93.41823899371069
2025-12-18 20:10:07,93.41509433962264
2025-12-18 20:12:37,93.4119496855346
2025-12-18 20:15:07,93.40880503144655
2025-12-18 20:17:37,93.40566037735849
2025-12-18 20:20:07,93.40251572327044
2025-12-18 20:22:37,93.3993710691824
2025-12-18 20:25:07,93.39622641509433
2025-12-18 20:27:37,93.39308176100629
2025-12-18 20:30:07,93.38993710691824
2025-12-18 20:32:37,93.38679245283019
2025-12-18 20:35:07,93.38364779874213
2025-12-18 20:37:37,93.38050314465409
2025-12-18 20:40:07,93.37735849056604
2025-12-18 20:42:37,93.37421383647799
2025-12-18 20:45:07,93.37106918238993
2025-12-18 20:47:37,93.36792452830188
2025-12-18 20:50:07,93.36477987421384
2025-12-18 20:52:37,93.36163522012579
2025-12-18 20:55:07,93.35849056603773
2025-12-18 20:57:37,93.35534591194968
2025-12-18 21:00:07,93.35220125786164
2025-12-18 21:02:37,93.34905660377359
2025-12-18 21:05:07,93.34591194968553
2025-12-18 21:07:37,93.34276729559748
2025-12-18 21:10:07,93.33962264150944
2025-12-18 21:12:37,93.33647798742139
2025-12-18 21:15:07,93.33333333333333
2025-12-18 21:17:37,93.33018867924528
2025-12-18 21:20:07,93.32704402515724
2025-12-18 21:22:37,93.32389937106919
2025-12-18 21:25:07,93.32075471698113
2025-12-18 21:27:37,93.31761006289308
2025-12-18 21:30:07,93.31446540880503
2025-12-18 21:32:37,93.31132075471699
2025-12-18 21:35:07,93.30817610062893
2025-12-18 21:37:37,93.30503144654088
2025-12-18 21:40:07,93.30188679245283
2025-12-18 21:42:37,93.29874213836477
2025-12-18 21:45:07,93.29559748427673
2025-12-18 21:47:37,93.29245283018868
2025-12-18 21:50:07,93.28930817610063
2025-12-18 21:52:37,93.28616352201257
2025-12-18 21:55:07,93.28301886792453
2025-12-18 21:57:37,93.27987421383648
2025-12-18 22:00:07,93.27672955974843
2025-12-18 22:02:37,93.27358490566037
2025-12-18 22:05:07,93.27044025157232
2025-12-18 22:07:37,93.26729559748428
2025-12-18 22:10:07,93.26415094339623
2025-12-18 22:12:37,93.26100628930817
2025-12-18 22:15:07,93.25786163522012
2025-12-18 22:17:37,93.25471698113208
2025-12-18 22:20:07,93.25157232704403
2025-12-18 22:22:37,93.24842767295597
2025-12-18 22:25:07,93.24528301886792
2025-12-18 22:27:37,93.24213836477988
2025-12-18 22:30:07,93.23899371069183
2025-12-18 22:32:37,93.23584905660377
2025-12-18 22:35:07,93.23270440251572
2025-12-18 22:37:37,93.22955974842768
2025-12-18 22:40:07,93.22641509433963
2025-12-18 22:42:37,93.22327044025157
2025-12-18 22:45:07,93.22012578616352
2025-12-18 22:47:37,93.21698113207547
2025-12-18 22:50:07,93.21383647798743
2025-12-18 22:52:37,93.21069182389937
2025-12-18 22:55:07,93.20754716981132
2025-12-18 22:57:37,93.20440251572327
2025-12-18 23:00:07,93.20125786163521
2025-12-18 23:02:37,93.19811320754717
2025-12-18 23:05:07,93.19496855345912
2025-12-18 23:07:37,93.19182389937107
2025-12-18 23:10:07,93.18867924528301
2025-12-18 23:12:37,93.18553459119497
2025-12-18 23:15:07,93.18238993710692
2025-12-18 23:17:37,93.17924528301887
2025-12-18 23:20:07,93.17610062893081
2025-12-18 23:22:37,93.17295597484276
2025-12-18 23:25:07,93.16981132075472
2025-12-18 23:27:37,93.16666666666667
2025-12-18 23:30:07,93.16352201257861
2025-12-18 23:32:37,93.16037735849056
2025-12-18 23:35:07,93.15723270440252
2025-12-18 23:37:37,93.15408805031447
2025-12-18 23:40:07,93.15094339622641
2025-12-18 23:42:37,93.14779874213836
2025-12-18 23:45:07,93.14465408805032
2025-12-18 23:47:37,93.14150943396227
2025-12-18 23:50:07,93.13836477987421
2025-12-18 23:52:37,93.13522012578616
2025-12-18 23:55:07,93.13207547169812
2025-12-18 23:57:37,93.12893081761007
2025-12-19 00:00:07,93.12578616352201
2025-12-19 00:02:37,93.12264150943396
2025-12-19 00:05:07,93.11949685534591
2025-12-19 00:07:37,93.11635220125787
2025-12-19 00:10:07,93.11320754716981
2025-12-19 00:12:37,93.11006289308176
2025-12-19 00:15:07,93.10691823899371
2025-12-19 00:17:37,93.10377358490567
2025-12-19 00:20:07,93.1006289308176
2025-12-19 00:22:37,93.09748427672956
2025-12-19 00:25:07,93.09433962264151
2025-12-19 00:27:37,93.09119496855345
2025-12-19 00:30:07,93.0880503144654
2025-12-19 00:32:37,93.08490566037736
2025-12-19 00:35:07,93.08176100628931
2025-12-19 00:37:37,93.07861635220125
2025-12-19 00:40:07,93.0754716981132
2025-12-19 00:42:37,93.07232704402516
2025-12-19 00:45:07,93.06918238993711
2025-12-19 00:47:37,93.06603773584905
2025-12-19 00:50:07,93.062893081761
2025-12-19 00:52:37,93.05974842767296
2025-12-19 00:55:07,93.05660377358491
2025-12-19 00:57:37,93.05345911949685
2025-12-19 01:00:07,93.0503144654088
2025-12-19 01:02:37,93.04716981132076
2025-12-19 01:05:07,93.04402515723271
2025-12-19 01:07:37,93.04088050314465
2025-12-19 01:10:07,93.0377358490566
2025-12-19 01:12:37,93.03459119496856
2025-12-19 01:15:07,93.03144654088051
2025-12-19 01:17:37,93.02830188679245
2025-12-19 01:20:07,93.0251572327044
2025-12-19 01:22:37,93.02201257861635
2025-12-19 01:25:07,93.01886792452831
2025-12-19 01:27:37,93.01572327044025
2025-12-19 01:30:07,93.0125786163522
2025-12-19 01:32:37,93.00943396226415
2025-12-19 01:35:07,93.00628930817611
2025-12-19 01:37:37,93.00314465408805
2025-12-19 01:40:07,93.0
2025-12-19 01:42:37,92.97519379844961
2025-12-19 01:45:07,92.95038759689922
2025-12-19 01:47:37,92.92558139534884
2025-12-19 01:50:07,92.90077519379845
2025-12-19 01:52:37,92.87596899224806
2025-12-19 01:55:07,92.85116279069767
2025-12-19 01:57:37,92.82635658914728
2025-12-19 02:00:07,92.8015503875969
2025-12-19 02:02:37,92.77674418604651
2025-12-19 02:05:07,92.75193798449612
2025-12-19 02:07:37,92.72713178294573
2025-12-19 02:10:07,92.70232558139534
2025-12-19 02:12:37,92.67751937984497
2025-12-19 02:15:07,92.65271317829458
2025-12-19 02:17:37,92.62790697674419
2025-12-19 02:20:07,92.6031007751938
2025-12-19 02:22:37,92.5782945736434
2025-12-19 02:25:07,92.55348837209303
2025-12-19 02:27:37,92.52868217054264
2025-12-19 02:30:07,92.50387596899225
2025-12-19 02:32:37,92.47906976744186
2025-12-19 02:35:07,92.45426356589147
2025-12-19 02:37:37,92.42945736434109
2025-12-19 02:40:07,92.4046511627907
2025-12-19 02:42:37,92.37984496124031
2025-12-19 02:45:07,92.35503875968992
2025-12-19 02:47:37,92.33023255813953
2025-12-19 02:50:07,92.30542635658915
2025-12-19 02:52:37,92.28062015503876
2025-12-19 02:55:07,92.25581395348837
2025-12-19 02:57:37,92.23100775193798
2025-12-19 03:00:07,92.2062015503876
2025-12-19 03:02:37,92.18139534883721
2025-12-19 03:05:07,92.15658914728682
2025-12-19 03:07:37,92.13178294573643
2025-12-19 03:10:07,92.10697674418604
2025-12-19 03:12:37,92.08217054263567
2025-12-19 03:15:07,92.05736434108528
2025-12-19 03:17:37,92.03255813953488
2025-12-19 03:20:07,92.0077519379845
2025-12-19 03:22:37,91.9829457364341
2025-12-19 03:25:07,91.95813953488373
2025-12-19 03:27:37,91.93333333333334
2025-12-19 03:30:07,91.90852713178295
2025-12-19 03:32:37,91.88372093023256
2025-12-19 03:35:07,91.85891472868217
2025-12-19 03:37:37,91.83410852713179
2025-12-19 03:40:07,91.8093023255814
2025-12-19 03:42:37,91.78449612403101
2025-12-19 03:45:07,91.75968992248062
2025-12-19 03:47:37,91.73488372093023
2025-12-19 03:50:07,91.71007751937985
2025-12-19 03:52:37,91.68527131782946
2025-12-19 03:55:07,91.66046511627907
2025-12-19 03:57:37,91.63565891472868
2025-12-19 04:00:07,91.61085271317829
2025-12-19 04:02:37,91.58604651162791
2025-12-19 04:05:07,91.56124031007752
2025-12-19 04:07:37,91.53643410852713
2025-12-19 04:10:07,91.51162790697674
2025-12-19 04:12:37,91.48682170542635
2025-12-19 04:15:07,91.46201550387597
2025-12-19 04:17:37,91.43720930232558
2025-12-19 04:20:07,91.4124031007752
2025-12-19 04:22:37,91.3875968992248
2025-12-19 04:25:07,91.36279069767441
2025-12-19 04:27:37,91.33798449612404
2025-12-19 04:30:07,91.31317829457365
2025-12-19 04:32:37,91.28837209302326
2025-12-19 04:35:07,91.26356589147287
2025-12-19 04:37:37,91.23875968992247
2025-12-19 04:40:07,91.2139534883721
2025-12-19 04:42:37,91.18914728682171
2025-12-19 04:45:07,91.16434108527132
2025-12-19 04:47:37,91.13953488372093
2025-12-19 04:50:07,91.11472868217054
2025-12-19 04:52:37,91.08992248062016
2025-12-19 04:55:07,91.06511627906977
2025-12-19 04:57:37,91.04031007751938
2025-12-19 05:00:07,91.01550387596899
2025-12-19 05:02:37,90.9906976744186
2025-12-19 05:05:07,90.96589147286822
2025-12-19 05:07:37,90.94108527131783
2025-12-19 05:10:07,90.91627906976744
2025-12-19 05:12:37,90.89147286821705
2025-12-19 05:15:07,90.86666666666666
2025-12-19 05:17:37,90.84186046511628
2025-12-19 05:20:07,90.8170542635659
2025-12-19 05:22:37,90.7922480620155
2025-12-19 05:25:07,90.76744186046511
2025-12-19 05:27:37,90.74263565891472
2025-12-19 05:30:07,90.71782945736435
2025-12-19 05:32:37,90.69302325581396
2025-12-19 05:35:07,90.66821705426356
2025-12-19 05:37:37,90.64341085271317
2025-12-19 05:40:07,90.6186046511628
2025-12-19 05:42:37,90.59379844961241
2025-12-19 05:45:07,90.56899224806202
2025-12-19 05:47:37,90.54418604651163
2025-12-19 05:50:07,90.51937984496124
2025-12-19 05:52:37,90.49457364341086
2025-12-19 05:55:07,90.46976744186047
2025-12-19 05:57:37,90.44496124031008
2025-12-19 06:00:07,90.42015503875969
2025-12-19 06:02:37,90.3953488372093
2025-12-19 06:05:07,90.37054263565892
2025-12-19 06:07:37,90.34573643410853
2025-12-19 06:10:07,90.32093023255814
2025-12-19 06:12:37,90.29612403100775
2025-12-19 06:15:07,90.27131782945736
2025-12-19 06:17:37,90.24651162790698
2025-12-19 06:20:07,90.22170542635659
2025-12-19 06:22:37,90.1968992248062
2025-12-19 06:25:07,90.17209302325581
2025-12-19 06:27:37,90.14728682170542
2025-12-19 06:30:07,90.12248062015505
2025-12-19 06:32:37,90.09767441860465
2025-12-19 06:35:07,90.07286821705426
2025-12-19 06:37:37,90.04806201550387
2025-12-19 06:40:07,90.02325581395348
2025-12-19 06:42:37,89.9984496124031
2025-12-19 06:45:07,89.97364341085272
2025-12-19 06:47:37,89.94883720930233
2025-12-19 06:50:07,89.92403100775194
2025-12-19 06:52:37,89.89922480620154
2025-12-19 06:55:07,89.87441860465117
2025-12-19 06:57:37,89.84961240310078
2025-12-19 07:00:07,89.82480620155039
2025-12-19 07:02:37,89.8
2025-12-19 07:05:07,89.7751937984496
2025-12-19 07:07:37,89.75038759689923
2025-12-19 07:10:07,89.72558139534884
2025-12-19 07:12:37,89.70077519379845
2025-12-19 07:15:07,89.67596899224806
2025-12-19 07:17:37,89.65116279069767
2025-12-19 07:20:07,89.62635658914729
2025-12-19 07:22:37,89.6015503875969
2025-12-19 07:25:07,89.57674418604651
2025-12-19 07:27:37,89.55193798449612
2025-12-19 07:30:07,89.52713178294573
2025-12-19 07:32:37,89.50232558139535
2025-12-19 07:35:07,89.47751937984496
2025-12-19 07:37:37,89.45271317829457
2025-12-19 07:40:07,89.42790697674418
2025-12-19 07:42:37,89.40310077519379
2025-12-19 07:45:07,89.37829457364342
2025-12-19 07:47:37,89.35348837209303
2025-12-19 07:50:07,89.32868217054263
2025-12-19 07:52:37,89.30387596899224
2025-12-19 07:55:07,89.27906976744185
2025-12-19 07:57:37,89.25426356589148
2025-12-19 08:00:07,89.22945736434109
2025-12-19 08:02:37,89.2046511627907
2025-12-19 08:05:07,89.1798449612403
2025-12-19 08:07:37,89.15503875968992
2025-12-19 08:10:07,89.13023255813954
2025-12-19 08:12:37,89.10542635658915
2025-12-19 08:15:07,89.08062015503876
2025-12-19 08:17:37,89.05581395348837
2025-12-19 08:20:07,89.03100775193799
2025-12-19 08:22:37,89.0062015503876
2025-12-19 08:25:07,88.98139534883721
2025-12-19 08:27:37,88.95658914728682
2025-12-19 08:30:07,88.93178294573643
2025-12-19 08:32:37,88.90697674418605
2025-12-19 08:35:07,88.88217054263566
2025-12-19 08:37:37,88.85736434108527
2025-12-19 08:40:07,88.83255813953488
2025-12-19 08:42:37,88.80775193798449
2025-12-19 08:45:07,88.78294573643412
2025-12-19 08:47:37,88.75813953488372
2025-12-19 08:50:07,88.73333333333333
2025-12-19 08:52:37,88.70852713178294
2025-12-19 08:55:07,88.68372093023255
2025-12-19 08:57:37,88.65891472868218
2025-12-19 09:00:07,88.63410852713179
2025-12-19 09:02:37,88.6093023255814
2025-12-19 09:05:07,88.584496124031
2025-12-19 09:07:37,88.55968992248062
2025-12-19 09:10:07,88.53488372093024
2025-12-19 09:12:37,88.51007751937985
2025-12-19 09:15:07,88.48527131782946
2025-12-19 09:17:37,88.46046511627907
2025-12-19 09:20:07,88.43565891472868
2025-12-19 09:22:37,88.4108527131783
2025-12-19 09:25:07,88.38604651162791
2025-12-19 09:27:37,88.36124031007752
2025-12-19 09:30:07,88.33643410852713
2025-12-19 09:32:37,88.31162790697674
2025-12-19 09:35:07,88.28682170542636
2025-12-19 09:37:37,88.26201550387597
2025-12-19 09:40:07,88.23720930232558
2025-12-19 09:42:37,88.21240310077519
2025-12-19 09:45:07,88.1875968992248
2025-12-19 09:47:37,88.16279069767442
2025-12-19 09:50:07,88.13798449612403
2025-12-19 09:52:37,88.11317829457364
2025-12-19 09:55:07,88.08837209302325
2025-12-19 09:57:37,88.06356589147286
2025-12-19 10:00:07,88.03875968992249
2025-12-19 10:02:37,88.0139534883721
2025-12-19 10:05:07,87.9891472868217
2025-12-19 10:07:37,87.96434108527131
2025-12-19 10:10:07,87.93953488372092
2025-12-19 10:12:37,87.91472868217055
2025-12-19 10:15:07,87.88992248062016
2025-12-19 10:17:37,87.86511627906977
2025-12-19 10:20:07,87.84031007751938
2025-12-19 10:22:37,87.81550387596899
2025-12-19 10:25:07,87.79069767441861
2025-12-19 10:27:37,87.76589147286822
2025-12-19 10:30:07,87.74108527131783
2025-12-19 10:32:37,87.71627906976744
2025-12-19 10:35:07,87.69147286821705
2025-12-19 10:37:37,87.66666666666667
2025-12-19 10:40:07,87.64186046511628
2025-12-19 10:42:37,87.61705426356589
2025-12-19 10:45:07,87.5922480620155
2025-12-19 10:47:37,87.56744186046511
2025-12-19 10:50:07,87.54263565891473
2025-12-19 10:52:37,87.51782945736434
2025-12-19 10:55:07,87.49302325581395
2025-12-19 10:57:37,87.46821705426356
2025-12-19 11:00:07,87.44341085271319
2025-12-19 11:02:37,87.4186046511628
2025-12-19 11:05:07,87.3937984496124
2025-12-19 11:07:37,87.36899224806201
2025-12-19 11:10:07,87.34418604651162
2025-12-19 11:12:37,87.31937984496125
2025-12-19 11:15:07,87.29457364341086
2025-12-19 11:17:37,87.26976744186047
2025-12-19 11:20:07,87.24496124031008
2025-12-19 11:22:37,87.22015503875969
2025-12-19 11:25:07,87.19534883720931
2025-12-19 11:27:37,87.17054263565892
2025-12-19 11:30:07,87.14573643410853
2025-12-19 11:32:37,87.12093023255814
2025-12-19 11:35:07,87.09612403100775
2025-12-19 11:37:37,87.07131782945737
2025-12-19 11:40:07,87.04651162790698
2025-12-19 11:42:37,87.02170542635659
2025-12-19 11:45:07,86.9968992248062
2025-12-19 11:47:37,86.97209302325581
2025-12-19 11:50:07,86.94728682170543
2025-12-19 11:52:37,86.92248062015504
2025-12-19 11:55:07,86.89767441860465
2025-12-19 11:57:37,86.87286821705426
2025-12-19 12:00:07,86.84806201550387
2025-12-19 12:02:37,86.8232558139535
2025-12-19 12:05:07,86.7984496124031
2025-12-19 12:07:37,86.77364341085271
2025-12-19 12:10:07,86.74883720930232
2025-12-19 12:12:37,86.72403100775193
2025-12-19 12:15:07,86.69922480620156
2025-12-19 12:17:37,86.67441860465117
2025-12-19 12:20:07,86.64961240310078
2025-12-19 12:22:37,86.62480620155038
2025-12-19 12:25:07,86.6
2025-12-19 12:27:37,86.57519379844962
2025-12-19 12:30:07,86.55038759689923
2025-12-19 12:32:37,86.52558139534884
2025-12-19 12:35:07,86.50077519379845
2025-12-19 12:37:37,86.47596899224806
2025-12-19 12:40:07,86.45116279069768
2025-12-19 12:42:37,86.42635658914729
2025-12-19 12:45:07,86.4015503875969
2025-12-19 12:47:37,86.37674418604651
2025-12-19 12:50:07,86.35193798449612
2025-12-19 12:52:37,86.32713178294574
2025-12-19 12:55:07,86.30232558139535
2025-12-19 12:57:37,86.27751937984496
2025-12-19 13:00:07,86.25271317829457
2025-12-19 13:02:37,86.22790697674418
2025-12-19 13:05:07,86.2031007751938
2025-12-19 13:07:37,86.17829457364341
2025-12-19 13:10:07,86.15348837209302
2025-12-19 13:12:37,86.12868217054263
2025-12-19 13:15:07,86.10387596899224
2025-12-19 13:17:37,86.07906976744187
2025-12-19 13:20:07,86.05426356589147
2025-12-19 13:22:37,86.02945736434108
2025-12-19 13:25:07,86.0046511627907
2025-12-19 13:27:37,85.97984496124032
2025-12-19 13:30:07,85.95503875968993
2025-12-19 13:32:37,85.93023255813954
2025-12-19 13:35:07,85.90542635658915
2025-12-19 13:37:37,85.88062015503876
2025-12-19 13:40:07,85.85581395348838
2025-12-19 13:42:37,85.83100775193799
2025-12-19 13:45:07,85.8062015503876
2025-12-19 13:47:37,85.78139534883721
2025-12-19 13:50:07,85.75658914728682
2025-12-19 13:52:37,85.73178294573644
2025-12-19 13:55:07,85.70697674418605
2025-12-19 13:57:37,85.68217054263566
2025-12-19 14:00:07,85.65736434108527
2025-12-19 14:02:37,85.63255813953488
2025-12-19 14:05:07,85.6077519379845
2025-12-19 14:07:37,85.58294573643411
2025-12-19 14:10:07,85.55813953488372
2025-12-19 14:12:37,85.53333333333333
2025-12-19 14:15:07,85.50852713178294
2025-12-19 14:17:37,85.48372093023256
2025-12-19 14:20:07,85.45891472868217
2025-12-19 14:22:37,85.43410852713178
2025-12-19 14:25:07,85.4093023255814
2025-12-19 14:27:37,85.384496124031
2025-12-19 14:30:07,85.35968992248063
2025-12-19 14:32:37,85.33488372093024
2025-12-19 14:35:07,85.31007751937985
2025-12-19 14:37:37,85.28527131782946
2025-12-19 14:40:07,85.26046511627906
2025-12-19 14:42:37,85.23565891472869
2025-12-19 14:45:07,85.2108527131783
2025-12-19 14:47:37,85.18604651162791
2025-12-19 14:50:07,85.16124031007752
2025-12-19 14:52:37,85.13643410852713
2025-12-19 14:55:07,85.11162790697675
2025-12-19 14:57:37,85.08682170542636
2025-12-19 15:00:07,85.06201550387597
2025-12-19 15:02:37,85.03720930232558
2025-12-19 15:05:07,85.01240310077519
2025-12-19 15:07:37,84.98759689922481
2025-12-19 15:10:07,84.96279069767442
2025-12-19 15:12:37,84.93798449612403
2025-12-19 15:15:07,84.91317829457364
2025-12-19 15:17:37,84.88837209302325
2025-12-19 15:20:07,84.86356589147287
2025-12-19 15:22:37,84.83875968992248
2025-12-19 15:25:07,84.81395348837209
2025-12-19 15:27:37,84.7891472868217
2025-12-19 15:30:07,84.76434108527131
2025-12-19 15:32:37,84.73953488372094
2025-12-19 15:35:07,84.71472868217054
2025-12-19 15:37:37,84.68992248062015
2025-12-19 15:40:07,84.66511627906976
2025-12-19 15:42:37,84.64031007751937
2025-12-19 15:45:07,84.615503875969
2025-12-19 15:47:37,84.5906976744186
2025-12-19 15:50:07,84.56589147286822
2025-12-19 15:52:37,84.54108527131783
2025-12-19 15:55:07,84.51627906976744
2025-12-19 15:57:37,84.49147286821706
2025-12-19 16:00:07,84.46666666666667
2025-12-19 16:02:37,84.44186046511628
2025-12-19 16:05:07,84.41705426356589
2025-12-19 16:07:37,84.39224806201551
2025-12-19 16:10:07,84.36744186046512
2025-12-19 16:12:37,84.34263565891473
2025-12-19 16:15:07,84.31782945736434
2025-12-19 16:17:37,84.29302325581395
2025-12-19 16:20:07,84.26821705426357
2025-12-19 16:22:37,84.24341085271318
2025-12-19 16:25:07,84.21860465116279
2025-12-19 16:27:37,84.1937984496124
2025-12-19 16:30:07,84.16899224806201
2025-12-19 16:32:37,84.14418604651163
2025-12-19 16:35:07,84.11937984496124
2025-12-19 16:37:37,84.09457364341085
2025-12-19 16:40:07,84.06976744186046
2025-12-19 16:42:37,84.04496124031007
2025-12-19 16:45:07,84.0201550387597
2025-12-19 16:47:37,83.9953488372093
2025-12-19 16:50:07,83.97054263565892
2025-12-19 16:52:37,83.94573643410853
2025-12-19 16:55:07,83.92093023255813
2025-12-19 16:57:37,83.89612403100776
2025-12-19 17:00:07,83.87131782945737
2025-12-19 17:02:37,83.84651162790698
2025-12-19 17:05:07,83.82170542635659
2025-12-19 17:07:37,83.7968992248062
2025-12-19 17:10:07,83.77209302325582
2025-12-19 17:12:37,83.74728682170543
2025-12-19 17:15:07,83.72248062015504
2025-12-19 17:17:37,83.69767441860465
2025-12-19 17:20:07,83.67286821705426
2025-12-19 17:22:37,83.64806201550388
2025-12-19 17:25:07,83.62325581395349
2025-12-19 17:27:37,83.5984496124031
2025-12-19 17:30:07,83.57364341085271
2025-12-19 17:32:37,83.54883720930232
2025-12-19 17:35:07,83.52403100775194
2025-12-19 17:37:37,83.49922480620155
2025-12-19 17:40:07,83.47441860465116
2025-12-19 17:42:37,83.44961240310077
2025-12-19 17:45:07,83.42480620155038
2025-12-19 17:47:37,83.4
2025-12-19 17:50:07,83.37519379844962
2025-12-19 17:52:37,83.35038759689922
2025-12-19 17:55:07,83.32558139534883
2025-12-19 17:57:37,83.30077519379844
2025-12-19 18:00:07,83.27596899224807
2025-12-19 18:02:37,83.25116279069768
2025-12-19 18:05:07,83.22635658914729
2025-12-19 18:07:37,83.2015503875969
2025-12-19 18:10:07,83.1767441860465
2025-12-19 18:12:37,83.15193798449613
2025-12-19 18:15:07,83.12713178294574
2025-12-19 18:17:37,83.10232558139535
2025-12-19 18:20:07,83.07751937984496
2025-12-19 18:22:37,83.05271317829457
2025-12-19 18:25:07,83.02790697674419
2025-12-19 18:27:37,83.0031007751938
2025-12-19 18:30:07,82.97829457364341
2025-12-19 18:32:37,82.95348837209302
2025-12-19 18:35:07,82.92868217054263
2025-12-19 18:37:37,82.90387596899225
2025-12-19 18:40:07,82.87906976744186
2025-12-19 18:42:37,82.85426356589147
2025-12-19 18:45:07,82.82945736434108
2025-12-19 18:47:37,82.8046511627907
2025-12-19 18:50:07,82.77984496124031
2025-12-19 18:52:37,82.75503875968992
2025-12-19 18:55:07,82.73023255813953
2025-12-19 18:57:37,82.70542635658914
2025-12-19 19:00:07,82.68062015503877
2025-12-19 19:02:37,82.65581395348838
2025-12-19 19:05:07,82.63100775193799
2025-12-19 19:07:37,82.6062015503876
2025-12-19 19:10:07,82.5813953488372
2025-12-19 19:12:37,82.55658914728683
2025-12-19 19:15:07,82.53178294573644
2025-12-19 19:17:37,82.50697674418605
2025-12-19 19:20:07,82.48217054263566
2025-12-19 19:22:37,82.45736434108527
2025-12-19 19:25:07,82.43255813953489
2025-12-19 19:27:37,82.4077519379845
2025-12-19 19:30:07,82.38294573643411
2025-12-19 19:32:37,82.35813953488372
2025-12-19 19:35:07,82.33333333333333
2025-12-19 19:37:37,82.30852713178295
2025-12-19 19:40:07,82.28372093023256
2025-12-19 19:42:37,82.25891472868217
2025-12-19 19:45:07,82.23410852713178
2025-12-19 19:47:37,82.20930232558139
2025-12-19 19:50:07,82.18449612403101
2025-12-19 19:52:37,82.15968992248062
2025-12-19 19:55:07,82.13488372093023
2025-12-19 19:57:37,82.11007751937984
2025-12-19 20:00:07,82.08527131782945
2025-12-19 20:02:37,82.06046511627908
2025-12-19 20:05:07,82.03565891472869
2025-12-19 20:07:37,82.0108527131783
2025-12-19 20:10:07,81.9860465116279
2025-12-19 20:12:37,81.96124031007751
2025-12-19 20:15:07,81.93643410852714
2025-12-19 20:17:37,81.91162790697675
2025-12-19 20:20:07,81.88682170542636
2025-12-19 20:22:37,81.86201550387597
2025-12-19 20:25:07,81.83720930232558
2025-12-19 20:27:37,81.8124031007752
2025-12-19 20:30:07,81.78759689922481
2025-12-19 20:32:37,81.76279069767442
2025-12-19 20:35:07,81.73798449612403
2025-12-19 20:37:37,81.71317829457364
2025-12-19 20:40:07,81.68837209302326
2025-12-19 20:42:37,81.66356589147287
2025-12-19 20:45:07,81.63875968992248
2025-12-19 20:47:37,81.61395348837209
2025-12-19 20:50:07,81.5891472868217
2025-12-19 20:52:37,81.56434108527132
2025-12-19 20:55:07,81.53953488372093
2025-12-19 20:57:37,81.51472868217054
2025-12-19 21:00:07,81.48992248062015
2025-12-19 21:02:37,81.46511627906976
2025-12-19 21:05:07,81.44031007751938
2025-12-19 21:07:37,81.415503875969
2025-12-19 21:10:07,81.3906976744186
2025-12-19 21:12:37,81.36589147286821
2025-12-19 21:15:07,81.34108527131782
2025-12-19 21:17:37,81.31627906976745
2025-12-19 21:20:07,81.29147286821706
2025-12-19 21:22:37,81.26666666666667
2025-12-19 21:25:07,81.24186046511628
2025-12-19 21:27:37,81.2170542635659
2025-12-19 21:30:07,81.19224806201551
2025-12-19 21:32:37,81.16744186046512
2025-12-19 21:35:07,81.14263565891473
2025-12-19 21:37:37,81.11782945736434
2025-12-19 21:40:07,81.09302325581396
2025-12-19 21:42:37,81.06821705426357
2025-12-19 21:45:07,81.04341085271318
2025-12-19 21:47:37,81.01860465116279
2025-12-19 21:50:07,80.9937984496124
2025-12-19 21:52:37,80.96899224806202
2025-12-19 21:55:07,80.94418604651163
2025-12-19 21:57:37,80.91937984496124
2025-12-19 22:00:07,80.89457364341085
2025-12-19 22:02:37,80.86976744186046
2025-12-19 22:05:07,80.84496124031008
2025-12-19 22:07:37,80.8201550387597
2025-12-19 22:10:07,80.7953488372093
2025-12-19 22:12:37,80.77054263565891
2025-12-19 22:15:07,80.74573643410852
2025-12-19 22:17:37,80.72093023255815
2025-12-19 22:20:07,80.69612403100776
2025-12-19 22:22:37,80.67131782945737
2025-12-19 22:25:07,80.64651162790697
2025-12-19 22:27:37,80.62170542635658
2025-12-19 22:30:07,80.59689922480621
2025-12-19 22:32:37,80.57209302325582
2025-12-19 22:35:07,80.54728682170543
2025-12-19 22:37:37,80.52248062015504
2025-12-19 22:40:07,80.49767441860465
2025-12-19 22:42:37,80.47286821705427
2025-12-19 22:45:07,80.44806201550388
2025-12-19 22:47:37,80.42325581395349
2025-12-19 22:50:07,80.3984496124031
2025-12-19 22:52:37,80.37364341085271
2025-12-19 22:55:07,80.34883720930233
2025-12-19 22:57:37,80.32403100775194
2025-12-19 23:00:07,80.29922480620155
2025-12-19 23:02:37,80.27441860465116
2025-12-19 23:05:07,80.24961240310077
2025-12-19 23:07:37,80.2248062015504
2025-12-19 23:10:07,80.2
2025-12-19 23:12:37,80.17519379844961
2025-12-19 23:15:07,80.15038759689922
2025-12-19 23:17:37,80.12558139534883
2025-12-19 23:20:07,80.10077519379846
2025-12-19 23:22:37,80.07596899224806
2025-12-19 23:25:07,80.05116279069767
2025-12-19 23:27:37,80.02635658914728
2025-12-19 23:30:07,80.0015503875969
2025-12-19 23:32:37,79.97674418604652
2025-12-19 23:35:07,79.95193798449613
2025-12-19 23:37:37,79.92713178294574
2025-12-19 23:40:07,79.90232558139535
2025-12-19 23:42:37,79.87751937984495
2025-12-19 23:45:07,79.85271317829458
2025-12-19 23:47:37,79.82790697674419
2025-12-19 23:50:07,79.8031007751938
2025-12-19 23:52:37,79.77829457364341
2025-12-19 23:55:07,79.75348837209303
2025-12-19 23:57:37,79.72868217054264
2025-12-20 00:00:07,79.70387596899225
2025-12-20 00:02:37,79.67906976744186
2025-12-20 00:05:07,79.65426356589147
2025-12-20 00:07:37,79.62945736434109
2025-12-20 00:10:07,79.6046511627907
2025-12-20 00:12:37,79.57984496124031
2025-12-20 00:15:07,79.55503875968992
2025-12-20 00:17:37,79.53023255813953
2025-12-20 00:20:07,79.50542635658915
2025-12-20 00:22:37,79.48062015503876
2025-12-20 00:25:07,79.45581395348837
2025-12-20 00:27:37,79.43100775193798
2025-12-20 00:30:07,79.40620155038759
2025-12-20 00:32:37,79.38139534883722
2025-12-20 00:35:07,79.35658914728683
2025-12-20 00:37:37,79.33178294573644
2025-12-20 00:40:07,79.30697674418604
2025-12-20 00:42:37,79.28217054263565
2025-12-20 00:45:07,79.25736434108528
2025-12-20 00:47:37,79.23255813953489
2025-12-20 00:50:07,79.2077519379845
2025-12-20 00:52:37,79.1829457364341
2025-12-20 00:55:07,79.15813953488372
2025-12-20 00:57:37,79.13333333333334
2025-12-20 01:00:07,79.10852713178295
2025-12-20 01:02:37,79.08372093023256
2025-12-20 01:05:07,79.05891472868217
2025-12-20 01:07:37,79.03410852713178
2025-12-20 01:10:07,79.0093023255814
2025-12-20 01:12:37,78.98449612403101
2025-12-20 01:15:07,78.95968992248062
2025-12-20 01:17:37,78.93488372093023
2025-12-20 01:20:07,78.91007751937984
2025-12-20 01:22:37,78.88527131782946
2025-12-20 01:25:07,78.86046511627907
2025-12-20 01:27:37,78.83565891472868
2025-12-20 01:30:07,78.81085271317829
2025-12-20 01:32:37,78.7860465116279
2025-12-20 01:35:07,78.76124031007753
2025-12-20 01:37:37,78.73643410852713
2025-12-20 01:40:07,78.71162790697674
2025-12-20 01:42:37,78.68682170542635
2025-12-20 01:45:07,78.66201550387596
2025-12-20 01:47:37,78.63720930232559
2025-12-20 01:50:07,78.6124031007752
2025-12-20 01:52:37,78.5875968992248
2025-12-20 01:55:07,78.56279069767442
2025-12-20 01:57:37,78.53798449612403
2025-12-20 02:00:07,78.51317829457365
2025-12-20 02:02:37,78.48837209302326
2025-12-20 02:05:07,78.46356589147287
2025-12-20 02:07:37,78.43875968992248
2025-12-20 02:10:07,78.41395348837209
2025-12-20 02:12:37,78.38914728682171
2025-12-20 02:15:07,78.36434108527132
2025-12-20 02:17:37,78.33953488372093
2025-12-20 02:20:07,78.31472868217054
2025-12-20 02:22:37,78.28992248062015
2025-12-20 02:25:07,78.26511627906977
2025-12-20 02:27:37,78.24031007751938
2025-12-20 02:30:07,78.21550387596899
2025-12-20 02:32:37,78.1906976744186
2025-12-20 02:35:07,78.16589147286822
2025-12-20 02:37:37,78.14108527131783
2025-12-20 02:40:07,78.11627906976744
2025-12-20 02:42:37,78.09147286821705
2025-12-20 02:45:07,78.06666666666666
2025-12-20 02:47:37,78.04186046511629
2025-12-20 02:50:07,78.0170542635659
2025-12-20 02:52:37,77.9922480620155
2025-12-20 02:55:07,77.96744186046512
2025-12-20 02:57:37,77.94263565891472
2025-12-20 03:00:07,77.91782945736435
2025-12-20 03:02:37,77.89302325581396
2025-12-20 03:05:07,77.86821705426357
2025-12-20 03:07:37,77.84341085271318
2025-12-20 03:10:07,77.81860465116279
2025-12-20 03:12:37,77.79379844961241
2025-12-20 03:15:07,77.76899224806202
2025-12-20 03:17:37,77.74418604651163
2025-12-20 03:20:07,77.71937984496124
2025-12-20 03:22:37,77.69457364341085
2025-12-20 03:25:07,77.66976744186047
2025-12-20 03:27:37,77.64496124031008
2025-12-20 03:30:07,77.62015503875969
2025-12-20 03:32:37,77.5953488372093
2025-12-20 03:35:07,77.57054263565891
2025-12-20 03:37:37,77.54573643410853
2025-12-20 03:40:07,77.52093023255814
2025-12-20 03:42:37,77.49612403100775
2025-12-20 03:45:07,77.47131782945736
2025-12-20 03:47:37,77.44651162790697
2025-12-20 03:50:07,77.4217054263566
2025-12-20 03:52:37,77.3968992248062
2025-12-20 03:55:07,77.37209302325581
2025-12-20 03:57:37,77.34728682170542
2025-12-20 04:00:07,77.32248062015503
2025-12-20 04:02:37,77.29767441860466
2025-12-20 04:05:07,77.27286821705427
2025-12-20 04:07:37,77.24806201550388
2025-12-20 04:10:07,77.22325581395349
2025-12-20 04:12:37,77.1984496124031
2025-12-20 04:15:07,77.17364341085272
2025-12-20 04:17:37,77.14883720930233
2025-12-20 04:20:07,77.12403100775194
2025-12-20 04:22:37,77.09922480620155
2025-12-20 04:25:07,77.07441860465116
2025-12-20 04:27:37,77.04961240310078
2025-12-20 04:30:07,77.02480620155039
2025-12-20 04:32:37,77.0
2025-12-20 04:35:07,77.0909090909091
2025-12-20 04:37:37,77.18181818181819
2025-12-20 04:40:07,77.27272727272727
2025-12-20 04:42:37,77.36363636363636
2025-12-20 04:45:07,77.45454545454545
2025-12-20 04:47:37,77.54545454545455
2025-12-20 04:50:07,77.63636363636364
2025-12-20 04:52:37,77.72727272727273
2025-12-20 04:55:07,77.81818181818181
2025-12-20 04:57:37,77.9090909090909
2025-12-20 05:00:07,78.0
2025-12-20 05:02:37,78.0909090909091
2025-12-20 05:05:07,78.18181818181819
2025-12-20 05:07:37,78.27272727272727
2025-12-20 05:10:07,78.36363636363636
2025-12-20 05:12:37,78.45454545454545
2025-12-20 05:15:07,78.54545454545455
2025-12-20 05:17:37,78.63636363636364
2025-12-20 05:20:07,78.72727272727273
2025-12-20 05:22:37,78.81818181818181
2025-12-20 05:25:07,78.9090909090909
2025-12-20 05:27:37,79.0
2025-12-20 05:30:07,79.0909090909091
2025-12-20 05:32:37,79.18181818181819
2025-12-20 05:35:07,79.27272727272727
2025-12-20 05:37:37,79.36363636363636
2025-12-20 05:40:07,79.45454545454545
2025-12-20 05:42:37,79.54545454545455
2025-12-20 05:45:07,79.63636363636364
2025-12-20 05:47:37,79.72727272727273
2025-12-20 05:50:07,79.81818181818181
2025-12-20 05:52:37,79.9090909090909
2025-12-20 05:55:07,80.0
2025-12-20 05:57:37,80.0909090909091
2025-12-20 06:00:07,80.18181818181819
2025-12-20 06:02:37,80.27272727272727
2025-12-20 06:05:07,80.36363636363636
2025-12-20 06:07:37,80.45454545454545
2025-12-20 06:10:07,80.54545454545455
2025-12-20 06:12:37,80.63636363636364
2025-12-20 06:15:07,80.72727272727273
2025-12-20 06:17:37,80.81818181818181
2025-12-20 06:20:07,80.9090909090909
2025-12-20 06:22:37,81.0
2025-12-20 06:25:07,81.0909090909091
2025-12-20 06:27:37,81.18181818181819
2025-12-20 06:30:07,81.27272727272727
2025-12-20 06:32:37,81.36363636363636
2025-12-20 06:35:07,81.45454545454545
2025-12-20 06:37:37,81.54545454545455
2025-12-20 06:40:07,81.63636363636364
2025-12-20 06:42:37,81.72727272727273
2025-12-20 06:45:07,81.81818181818181
2025-12-20 06:47:37,81.9090909090909
2025-12-20 06:50:07,82.0
2025-12-20 06:52:37,82.0909090909091
2025-12-20 06:55:07,82.18181818181819
2025-12-20 06:57:37,82.27272727272727
2025-12-20 07:00:07,82.36363636363636
2025-12-20 07:02:37,82.45454545454545
2025-12-20 07:05:07,82.54545454545455
2025-12-20 07:07:37,82.63636363636364
2025-12-20 07:10:07,82.72727272727273
2025-12-20 07:12:37,82.81818181818181
2025-12-20 07:15:07,82.9090909090909
2025-12-20 07:17:37,83.0
2025-12-20 07:20:07,83.0909090909091
2025-12-20 07:22:37,83.18181818181819
2025-12-20 07:25:07,83.27272727272727
2025-12-20 07:27:37,83.36363636363636
2025-12-20 07:30:07,83.45454545454545
2025-12-20 07:32:37,83.54545454545455
2025-12-20 07:35:07,83.63636363636364
2025-12-20 07:37:37,83.72727272727273
2025-12-20 07:40:07,83.81818181818181
2025-12-20 07:42:37,83.9090909090909
2025-12-20 07:45:07,84.0
2025-12-20 07:47:37,84.0909090909091
2025-12-20 07:50:07,84.18181818181819
2025-12-20 07:52:37,84.27272727272727
2025-12-20 07:55:07,84.36363636363636
2025-12-20 07:57:37,84.45454545454545
2025-12-20 08:00:07,84.54545454545455
2025-12-20 08:02:37,84.63636363636364
2025-12-20 08:05:07,84.72727272727273
2025-12-20 08:07:37,84.81818181818181
2025-12-20 08:10:07,84.9090909090909
2025-12-20 08:12:37,85.0
2025-12-20 08:15:07,85.0909090909091
2025-12-20 08:17:37,85.18181818181819
2025-12-20 08:20:07,85.27272727272727
2025-12-20 08:22:37,85.36363636363636
2025-12-20 08:25:07,85.45454545454545
2025-12-20 08:27:37,85.54545454545455
2025-12-20 08:30:07,85.63636363636364
2025-12-20 08:32:37,85.72727272727273
2025-12-20 08:35:07,85.81818181818181
2025-12-20 08:37:37,85.9090909090909
2025-12-20 08:40:07,86.0
2025-12-20 08:42:37,86.0909090909091
2025-12-20 08:45:07,86.18181818181819
2025-12-20 08:47:37,86.27272727272727
2025-12-20 08:50:07,86.36363636363636
2025-12-20 08:52:37,86.45454545454545
2025-12-20 08:55:07,86.54545454545455
2025-12-20 08:57:37,86.63636363636364
2025-12-20 09:00:07,86.72727272727273
2025-12-20 09:02:37,86.81818181818181
2025-12-20 09:05:07,86.9090909090909
2025-12-20 09:07:37,87.0
2025-12-20 09:10:07,87.0909090909091
2025-12-20 09:12:37,87.18181818181819
2025-12-20 09:15:07,87.27272727272727
2025-12-20 09:17:37,87.36363636363636
2025-12-20 09:20:07,87.45454545454545
2025-12-20 09:22:37,87.54545454545455
2025-12-20 09:25:07,87.63636363636364
2025-12-20 09:27:37,87.72727272727272
2025-12-20 09:30:07,87.81818181818181
2025-12-20 09:32:37,87.9090909090909
2025-12-20 09:35:07,88.0
2025-12-20 09:37:37,88.0909090909091
2025-12-20 09:40:07,88.18181818181819
2025-12-20 09:42:37,88.27272727272727
2025-12-20 09:45:07,88.36363636363636
2025-12-20 09:47:37,88.45454545454545
2025-12-20 09:50:07,88.54545454545455
2025-12-20 09:52:37,88.63636363636364
2025-12-20 09:55:07,88.72727272727272
2025-12-20 09:57:37,88.81818181818181
2025-12-20 10:00:07,88.9090909090909
2025-12-20 10:02:37,89.0
2025-12-20 10:05:07,89.0909090909091
2025-12-20 10:07:37,89.18181818181819
2025-12-20 10:10:07,89.27272727272727
2025-12-20 10:12:37,89.36363636363636
2025-12-20 10:15:07,89.45454545454545
2025-12-20 10:17:37,89.54545454545455
2025-12-20 10:20:07,89.63636363636364
2025-12-20 10:22:37,89.72727272727272
2025-12-20 10:25:07,89.81818181818181
2025-12-20 10:27:37,89.9090909090909
2025-12-20 10:30:07,90.0
2025-12-20 10:32:37,90.0909090909091
2025-12-20 10:35:07,90.18181818181819
2025-12-20 10:37:37,90.27272727272727
2025-12-20 10:40:07,90.36363636363636
2025-12-20 10:42:37,90.45454545454545
2025-12-20 10:45:07,90.54545454545455
2025-12-20 10:47:37,90.63636363636364
2025-12-20 10:50:07,90.72727272727272
2025-12-20 10:52:37,90.81818181818181
2025-12-20 10:55:07,90.9090909090909
2025-12-20 10:57:37,91.0
2025-12-20 11:00:07,91.0909090909091
2025-12-20 11:02:37,91.18181818181819
2025-12-20 11:05:07,91.27272727272727
2025-12-20 11:07:37,91.36363636363636
2025-12-20 11:10:07,91.45454545454545
2025-12-20 11:12:37,91.54545454545455
2025-12-20 11:15:07,91.63636363636364
2025-12-20 11:17:37,91.72727272727272
2025-12-20 11:20:07,91.81818181818181
2025-12-20 11:22:37,91.9090909090909
2025-12-20 11:25:07,92.0
2025-12-20 11:27:37,92.0909090909091
2025-12-20 11:30:07,92.18181818181819
2025-12-20 11:32:37,92.27272727272727
2025-12-20 11:35:07,92.36363636363636
2025-12-20 11:37:37,92.45454545454545
2025-12-20 11:40:07,92.54545454545455
2025-12-20 11:42:37,92.63636363636364
2025-12-20 11:45:07,92.72727272727272
2025-12-20 11:47:37,92.81818181818181
2025-12-20 11:50:07,92.9090909090909
2025-12-20 11:52:37,93.0
2025-12-20 11:55:07,93.0909090909091
2025-12-20 11:57:37,93.18181818181819
2025-12-20 12:00:07,93.27272727272727
2025-12-20 12:02:37,93.36363636363636
2025-12-20 12:05:07,93.45454545454545
2025-12-20 12:07:37,93.54545454545455
2025-12-20 12:10:07,93.63636363636364
2025-12-20 12:12:37,93.72727272727272
2025-12-20 12:15:07,93.81818181818181
2025-12-20 12:17:37,93.9090909090909
2025-12-20 12:20:07,94.0
2025-12-20 12:22:37,94.0909090909091
2025-12-20 12:25:07,94.18181818181819
2025-12-20 12:27:37,94.27272727272727
2025-12-20 12:30:07,94.36363636363636
2025-12-20 12:32:37,94.45454545454545
2025-12-20 12:35:07,94.54545454545455
2025-12-20 12:37:37,94.63636363636364
2025-12-20 12:40:07,94.72727272727272
2025-12-20 12:42:37,94.81818181818181
2025-12-20 12:45:07,94.9090909090909
2025-12-20 12:47:37,95.0
2025-12-20 12:50:07,95.0909090909091
2025-12-20 12:52:37,95.18181818181819
2025-12-20 12:55:07,95.27272727272727
2025-12-20 12:57:37,95.36363636363636
2025-12-20 13:00:07,95.45454545454545
2025-12-20 13:02:37,95.54545454545455
2025-12-20 13:05:07,95.63636363636364
2025-12-20 13:07:37,95.72727272727272
2025-12-20 13:10:07,95.81818181818181
2025-12-20 13:12:37,95.9090909090909
2025-12-20 13:15:07,96.0
2025-12-20 13:17:37,96.0909090909091
2025-12-20 13:20:07,96.18181818181819
2025-12-20 13:22:37,96.27272727272727
2025-12-20 13:25:07,96.36363636363636
2025-12-20 13:27:37,96.45454545454545
2025-12-20 13:30:07,96.54545454545455
2025-12-20 13:32:37,96.63636363636364
2025-12-20 13:35:07,96.72727272727272
2025-12-20 13:37:37,96.81818181818181
2025-12-20 13:40:07,96.9090909090909
2025-12-20 13:42:37,97.0
2025-12-20 13:45:07,97.0909090909091
2025-12-20 13:47:37,97.18181818181819
2025-12-20 13:50:07,97.27272727272727
2025-12-20 13:52:37,97.36363636363636
2025-12-20 13:55:07,97.45454545454545
2025-12-20 13:57:37,97.54545454545455
2025-12-20 14:00:07,97.63636363636364
2025-12-20 14:02:37,97.72727272727272
2025-12-20 14:05:07,97.81818181818181
2025-12-20 14:07:37,97.9090909090909
2025-12-20 14:10:07,98.0
2025-12-20 14:12:37,98.0909090909091
2025-12-20 14:15:07,98.18181818181819
2025-12-20 14:17:37,98.27272727272727
2025-12-20 14:20:07,98.36363636363636
2025-12-20 14:22:37,98.45454545454545
2025-12-20 14:25:07,98.54545454545455
2025-12-20 14:27:37,98.63636363636364
2025-12-20 14:30:07,98.72727272727272
2025-12-20 14:32:37,98.81818181818181
2025-12-20 14:35:07,98.9090909090909
2025-12-20 14:37:37,99.0
2025-12-20 14:40:07,99.0909090909091
2025-12-20 14:42:37,99.18181818181819
2025-12-20 14:45:07,99.27272727272727
2025-12-20 14:47:37,99.36363636363636
2025-12-20 14:50:07,99.45454545454545
2025-12-20 14:52:37,99.54545454545455
2025-12-20 14:55:07,99.63636363636364
2025-12-20 14:57:37,99.72727272727272
2025-12-20 15:00:07,99.81818181818181
2025-12-20 15:02:37,99.9090909090909
2025-12-20 15:05:07,100.0
2025-12-20 15:07:37,99.98203592814372
2025-12-20 15:10:07,99.96407185628742
2025-12-20 15:12:37,99.94610778443113
2025-12-20 15:15:07,99.92814371257485
2025-12-20 15:17:37,99.91017964071857
2025-12-20 15:20:07,99.89221556886227
2025-12-20 15:22:37,99.87425149700599
2025-12-20 15:25:07,99.8562874251497
2025-12-20 15:27:37,99.83832335329342
2025-12-20 15:30:07,99.82035928143712
2025-12-20 15:32:37,99.80239520958084
2025-12-20 15:35:07,99.78443113772455
2025-12-20 15:37:37,99.76646706586827
2025-12-20 15:40:07,99.74850299401197
2025-12-20 15:42:37,99.73053892215569
2025-12-20 15:45:07,99.7125748502994
2025-12-20 15:47:37,99.69461077844312
2025-12-20 15:50:07,99.67664670658682
2025-12-20 15:52:37,99.65868263473054
2025-12-20 15:55:07,99.64071856287426
2025-12-20 15:57:37,99.62275449101796
2025-12-20 16:00:07,99.60479041916167
2025-12-20 16:02:37,99.58682634730539
2025-12-20 16:05:07,99.5688622754491
2025-12-20 16:07:37,99.55089820359281
2025-12-20 16:10:07,99.53293413173652
2025-12-20 16:12:37,99.51497005988024
2025-12-20 16:15:07,99.49700598802396
2025-12-20 16:17:37,99.47904191616766
2025-12-20 16:20:07,99.46107784431138
2025-12-20 16:22:37,99.44311377245509
2025-12-20 16:25:07,99.42514970059881
2025-12-20 16:27:37,99.40718562874251
2025-12-20 16:30:07,99.38922155688623
2025-12-20 16:32:37,99.37125748502994
2025-12-20 16:35:07,99.35329341317366
2025-12-20 16:37:37,99.33532934131736
2025-12-20 16:40:07,99.31736526946108
2025-12-20 16:42:37,99.2994011976048
2025-12-20 16:45:07,99.2814371257485
2025-12-20 16:47:37,99.26347305389221
2025-12-20 16:50:07,99.24550898203593
2025-12-20 16:52:37,99.22754491017965
2025-12-20 16:55:07,99.20958083832335
2025-12-20 16:57:37,99.19161676646706
2025-12-20 17:00:07,99.17365269461078
2025-12-20 17:02:37,99.1556886227545
2025-12-20 17:05:07,99.1377245508982
2025-12-20 17:07:37,99.11976047904191
2025-12-20 17:10:07,99.10179640718563
2025-12-20 17:12:37,99.08383233532935
2025-12-20 17:15:07,99.06586826347305
2025-12-20 17:17:37,99.04790419161677
2025-12-20 17:20:07,99.02994011976048
2025-12-20 17:22:37,99.0119760479042
2025-12-20 17:25:07,98.9940119760479
2025-12-20 17:27:37,98.97604790419162
2025-12-20 17:30:07,98.95808383233533
2025-12-20 17:32:37,98.94011976047904
2025-12-20 17:35:07,98.92215568862275
2025-12-20 17:37:37,98.90419161676647
2025-12-20 17:40:07,98.88622754491018
2025-12-20 17:42:37,98.86826347305389
2025-12-20 17:45:07,98.8502994011976
2025-12-20 17:47:37,98.83233532934132
2025-12-20 17:50:07,98.81437125748504
2025-12-20 17:52:37,98.79640718562874
2025-12-20 17:55:07,98.77844311377245
2025-12-20 17:57:37,98.76047904191617
2025-12-20 18:00:07,98.74251497005989
2025-12-20 18:02:37,98.72455089820359
2025-12-20 18:05:07,98.7065868263473
2025-12-20 18:07:37,98.68862275449102
2025-12-20 18:10:07,98.67065868263474
2025-12-20 18:12:37,98.65269461077844
2025-12-20 18:15:07,98.63473053892216
2025-12-20 18:17:37,98.61676646706587
2025-12-20 18:20:07,98.59880239520957
2025-12-20 18:22:37,98.58083832335329
2025-12-20 18:25:07,98.562874251497
2025-12-20 18:27:37,98.54491017964072
2025-12-20 18:30:07,98.52694610778443
2025-12-20 18:32:37,98.50898203592814
2025-12-20 18:35:07,98.49101796407186
2025-12-20 18:37:37,98.47305389221557
2025-12-20 18:40:07,98.45508982035928
2025-12-20 18:42:37,98.437125748503
2025-12-20 18:45:07,98.41916167664671
2025-12-20 18:47:37,98.40119760479043
2025-12-20 18:50:07,98.38323353293413
2025-12-20 18:52:37,98.36526946107784
2025-12-20 18:55:07,98.34730538922156
2025-12-20 18:57:37,98.32934131736528
2025-12-20 19:00:07,98.31137724550898
2025-12-20 19:02:37,98.2934131736527
2025-12-20 19:05:07,98.27544910179641
2025-12-20 19:07:37,98.25748502994011
2025-12-20 19:10:07,98.23952095808383
2025-12-20 19:12:37,98.22155688622755
2025-12-20 19:15:07,98.20359281437126
2025-12-20 19:17:37,98.18562874251496
2025-12-20 19:20:07,98.16766467065868
2025-12-20 19:22:37,98.1497005988024
2025-12-20 19:25:07,98.13173652694611
2025-12-20 19:27:37,98.11377245508982
2025-12-20 19:30:07,98.09580838323353
2025-12-20 19:32:37,98.07784431137725
2025-12-20 19:35:07,98.05988023952096
2025-12-20 19:37:37,98.04191616766467
2025-12-20 19:40:07,98.02395209580838
2025-12-20 19:42:37,98.0059880239521
2025-12-20 19:45:07,97.9880239520958
2025-12-20 19:47:37,97.97005988023952
2025-12-20 19:50:07,97.95209580838323
2025-12-20 19:52:37,97.93413173652695
2025-12-20 19:55:07,97.91616766467065
2025-12-20 19:57:37,97.89820359281437
2025-12-20 20:00:07,97.88023952095809
2025-12-20 20:02:37,97.8622754491018
2025-12-20 20:05:07,97.8443113772455
2025-12-20 20:07:37,97.82634730538922
2025-12-20 20:10:07,97.80838323353294
2025-12-20 20:12:37,97.79041916167665
2025-12-20 20:15:07,97.77245508982035
2025-12-20 20:17:37,97.75449101796407
2025-12-20 20:20:07,97.73652694610779
2025-12-20 20:22:37,97.7185628742515
2025-12-20 20:25:07,97.7005988023952
2025-12-20 20:27:37,97.68263473053892
2025-12-20 20:30:07,97.66467065868264
2025-12-20 20:32:37,97.64670658682634
2025-12-20 20:35:07,97.62874251497006
2025-12-20 20:37:37,97.61077844311377
2025-12-20 20:40:07,97.59281437125749
2025-12-20 20:42:37,97.57485029940119
2025-12-20 20:45:07,97.55688622754491
2025-12-20 20:47:37,97.53892215568862
2025-12-20 20:50:07,97.52095808383234
2025-12-20 20:52:37,97.50299401197604
2025-12-20 20:55:07,97.48502994011976
2025-12-20 20:57:37,97.46706586826348
2025-12-20 21:00:07,97.44910179640719
2025-12-20 21:02:37,97.4311377245509
2025-12-20 21:05:07,97.41317365269461
2025-12-20 21:07:37,97.39520958083833
2025-12-20 21:10:07,97.37724550898204
2025-12-20 21:12:37,97.35928143712574
2025-12-20 21:15:07,97.34131736526946
2025-12-20 21:17:37,97.32335329341318
2025-12-20 21:20:07,97.30538922155688
2025-12-20 21:22:37,97.2874251497006
2025-12-20 21:25:07,97.26946107784431
2025-12-20 21:27:37,97.25149700598803
2025-12-20 21:30:07,97.23353293413173
2025-12-20 21:32:37,97.21556886227545
2025-12-20 21:35:07,97.19760479041916
2025-12-20 21:37:37,97.17964071856288
2025-12-20 21:40:07,97.16167664670658
2025-12-20 21:42:37,97.1437125748503
2025-12-20 21:45:07,97.12574850299401
2025-12-20 21:47:37,97.10778443113773
2025-12-20 21:50:07,97.08982035928143
2025-12-20 21:52:37,97.07185628742515
2025-12-20 21:55:07,97.05389221556887
2025-12-20 21:57:37,97.03592814371258
2025-12-20 22:00:07,97.01796407185628
2025-12-20 22:02:37,97.0
2025-12-20 22:05:07,96.94354838709677
2025-12-20 22:07:37,96.88709677419355
2025-12-20 22:10:07,96.83064516129032
2025-12-20 22:12:37,96.7741935483871
2025-12-20 22:15:07,96.71774193548387
2025-12-20 22:17:37,96.66129032258064
2025-12-20 22:20:07,96.60483870967742
2025-12-20 22:22:37,96.54838709677419
2025-12-20 22:25:07,96.49193548387096
2025-12-20 22:27:37,96.43548387096774
2025-12-20 22:30:07,96.37903225806451
2025-12-20 22:32:37,96.3225806451613
2025-12-20 22:35:07,96.26612903225806
2025-12-20 22:37:37,96.20967741935483
2025-12-20 22:40:07,96.15322580645162
2025-12-20 22:42:37,96.09677419354838
2025-12-20 22:45:07,96.04032258064517
2025-12-20 22:47:37,95.98387096774194
2025-12-20 22:50:07,95.9274193548387
2025-12-20 22:52:37,95.87096774193549
2025-12-20 22:55:07,95.81451612903226
2025-12-20 22:57:37,95.75806451612904
2025-12-20 23:00:07,95.70161290322581
2025-12-20 23:02:37,95.64516129032258
2025-12-20 23:05:07,95.58870967741936
2025-12-20 23:07:37,95.53225806451613
2025-12-20 23:10:07,95.4758064516129
2025-12-20 23:12:37,95.41935483870968
2025-12-20 23:15:07,95.36290322580645
2025-12-20 23:17:37,95.30645161290323
2025-12-20 23:20:07,95.25
2025-12-20 23:22:37,95.19354838709677
2025-12-20 23:25:07,95.13709677419355
2025-12-20 23:27:37,95.08064516129032
2025-12-20 23:30:07,95.0241935483871
2025-12-20 23:32:37,94.96774193548387
2025-12-20 23:35:07,94.91129032258064
2025-12-20 23:37:37,94.85483870967742
2025-12-20 23:40:07,94.79838709677419
2025-12-20 23:42:37,94.74193548387096
2025-12-20 23:45:07,94.68548387096774
2025-12-20 23:47:37,94.62903225806451
2025-12-20 23:50:07,94.5725806451613
2025-12-20 23:52:37,94.51612903225806
2025-12-20 23:55:07,94.45967741935483
2025-12-20 23:57:37,94.40322580645162
2025-12-21 00:00:07,94.34677419354838
2025-12-21 00:02:37,94.29032258064517
2025-12-21 00:05:07,94.23387096774194
2025-12-21 00:07:37,94.1774193548387
2025-12-21 00:10:07,94.12096774193549
2025-12-21 00:12:37,94.06451612903226
2025-12-21 00:15:07,94.00806451612904
2025-12-21 00:17:37,93.95161290322581
2025-12-21 00:20:07,93.89516129032258
2025-12-21 00:22:37,93.83870967741936
2025-12-21 00:25:07,93.78225806451613
2025-12-21 00:27:37,93.7258064516129
2025-12-21 00:30:07,93.66935483870968
2025-12-21 00:32:37,93.61290322580645
2025-12-21 00:35:07,93.55645161290323
2025-12-21 00:37:37,93.5
2025-12-21 00:40:07,93.44354838709677
2025-12-21 00:42:37,93.38709677419355
2025-12-21 00:45:07,93.33064516129032
2025-12-21 00:47:37,93.2741935483871
2025-12-21 00:50:07,93.21774193548387
2025-12-21 00:52:37,93.16129032258064
2025-12-21 00:55:07,93.10483870967742
2025-12-21 00:57:37,93.04838709677419
2025-12-21 01:00:07,92.99193548387096
2025-12-21 01:02:37,92.93548387096774
2025-12-21 01:05:07,92.87903225806451
2025-12-21 01:07:37,92.8225806451613
2025-12-21 01:10:07,92.76612903225806
2025-12-21 01:12:37,92.70967741935483
2025-12-21 01:15:07,92.65322580645162
2025-12-21 01:17:37,92.59677419354838
2025-12-21 01:20:07,92.54032258064517
2025-12-21 01:22:37,92.48387096774194
2025-12-21 01:25:07,92.4274193548387
2025-12-21 01:27:37,92.37096774193549
2025-12-21 01:30:07,92.31451612903226
2025-12-21 01:32:37,92.25806451612904
2025-12-21 01:35:07,92.20161290322581
2025-12-21 01:37:37,92.14516129032258
2025-12-21 01:40:07,92.08870967741936
2025-12-21 01:42:37,92.03225806451613
2025-12-21 01:45:07,91.9758064516129
2025-12-21 01:47:37,91.91935483870968
2025-12-21 01:50:07,91.86290322580645
2025-12-21 01:52:37,91.80645161290323
2025-12-21 01:55:07,91.75
2025-12-21 01:57:37,91.69354838709677
2025-12-21 02:00:07,91.63709677419355
2025-12-21 02:02:37,91.58064516129032
2025-12-21 02:05:07,91.5241935483871
2025-12-21 02:07:37,91.46774193548387
2025-12-21 02:10:07,91.41129032258064
2025-12-21 02:12:37,91.35483870967742
2025-12-21 02:15:07,91.29838709677419
2025-12-21 02:17:37,91.24193548387098
2025-12-21 02:20:07,91.18548387096774
2025-12-21 02:22:37,91.12903225806451
2025-12-21 02:25:07,91.0725806451613
2025-12-21 02:27:37,91.01612903225806
2025-12-21 02:30:07,90.95967741935483
2025-12-21 02:32:37,90.90322580645162
2025-12-21 02:35:07,90.84677419354838
2025-12-21 02:37:37,90.79032258064517
2025-12-21 02:40:07,90.73387096774194
2025-12-21 02:42:37,90.6774193548387
2025-12-21 02:45:07,90.62096774193549
2025-12-21 02:47:37,90.56451612903226
2025-12-21 02:50:07,90.50806451612904
2025-12-21 02:52:37,90.45161290322581
2025-12-21 02:55:07,90.39516129032258
2025-12-21 02:57:37,90.33870967741936
2025-12-21 03:00:07,90.28225806451613
2025-12-21 03:02:37,90.2258064516129
2025-12-21 03:05:07,90.16935483870968
2025-12-21 03:07:37,90.11290322580645
2025-12-21 03:10:07,90.05645161290323
2025-12-21 03:12:37,90.0
2025-12-21 03:15:07,89.94354838709677
2025-12-21 03:17:37,89.88709677419355
2025-12-21 03:20:07,89.83064516129032
2025-12-21 03:22:37,89.7741935483871
2025-12-21 03:25:07,89.71774193548387
2025-12-21 03:27:37,89.66129032258064
2025-12-21 03:30:07,89.60483870967742
2025-12-21 03:32:37,89.54838709677419
2025-12-21 03:35:07,89.49193548387098
2025-12-21 03:37:37,89.43548387096774
2025-12-21 03:40:07,89.37903225806451
2025-12-21 03:42:37,89.3225806451613
2025-12-21 03:45:07,89.26612903225806
2025-12-21 03:47:37,89.20967741935483
2025-12-21 03:50:07,89.15322580645162
2025-12-21 03:52:37,89.09677419354838
2025-12-21 03:55:07,89.04032258064517
2025-12-21 03:57:37,88.98387096774194
2025-12-21 04:00:07,88.9274193548387
2025-12-21 04:02:37,88.87096774193549
2025-12-21 04:05:07,88.81451612903226
2025-12-21 04:07:37,88.75806451612904
2025-12-21 04:10:07,88.70161290322581
2025-12-21 04:12:37,88.64516129032258
2025-12-21 04:15:07,88.58870967741936
2025-12-21 04:17:37,88.53225806451613
2025-12-21 04:20:07,88.4758064516129
2025-12-21 04:22:37,88.41935483870968
2025-12-21 04:25:07,88.36290322580645
2025-12-21 04:27:37,88.30645161290323
2025-12-21 04:30:07,88.25
2025-12-21 04:32:37,88.19354838709677
2025-12-21 04:35:07,88.13709677419355
2025-12-21 04:37:37,88.08064516129032
2025-12-21 04:40:07,88.0241935483871
2025-12-21 04:42:37,87.96774193548387
2025-12-21 04:45:07,87.91129032258064
2025-12-21 04:47:37,87.85483870967742
2025-12-21 04:50:07,87.79838709677419
2025-12-21 04:52:37,87.74193548387098
2025-12-21 04:55:07,87.68548387096774
2025-12-21 04:57:37,87.62903225806451
2025-12-21 05:00:07,87.5725806451613
2025-12-21 05:02:37,87.51612903225806
2025-12-21 05:05:07,87.45967741935483
2025-12-21 05:07:37,87.40322580645162
2025-12-21 05:10:07,87.34677419354838
2025-12-21 05:12:37,87.29032258064517
2025-12-21 05:15:07,87.23387096774194
2025-12-21 05:17:37,87.1774193548387
2025-12-21 05:20:07,87.12096774193549
2025-12-21 05:22:37,87.06451612903226
2025-12-21 05:25:07,87.00806451612904
2025-12-21 05:27:37,86.95161290322581
2025-12-21 05:30:07,86.89516129032258
2025-12-21 05:32:37,86.83870967741936
2025-12-21 05:35:07,86.78225806451613
2025-12-21 05:37:37,86.7258064516129
2025-12-21 05:40:07,86.66935483870968
2025-12-21 05:42:37,86.61290322580645
2025-12-21 05:45:07,86.55645161290323
2025-12-21 05:47:37,86.5
2025-12-21 05:50:07,86.44354838709677
2025-12-21 05:52:37,86.38709677419355
2025-12-21 05:55:07,86.33064516129032
2025-12-21 05:57:37,86.2741935483871
2025-12-21 06:00:07,86.21774193548387
2025-12-21 06:02:37,86.16129032258064
2025-12-21 06:05:07,86.10483870967742
2025-12-21 06:07:37,86.04838709677419
2025-12-21 06:10:07,85.99193548387098
2025-12-21 06:12:37,85.93548387096774
2025-12-21 06:15:07,85.87903225806451
2025-12-21 06:17:37,85.8225806451613
2025-12-21 06:20:07,85.76612903225806
2025-12-21 06:22:37,85.70967741935483
2025-12-21 06:25:07,85.65322580645162
2025-12-21 06:27:37,85.59677419354838
2025-12-21 06:30:07,85.54032258064517
2025-12-21 06:32:37,85.48387096774194
2025-12-21 06:35:07,85.4274193548387
2025-12-21 06:37:37,85.37096774193549
2025-12-21 06:40:07,85.31451612903226
2025-12-21 06:42:37,85.25806451612904
2025-12-21 06:45:07,85.20161290322581
2025-12-21 06:47:37,85.14516129032258
2025-12-21 06:50:07,85.08870967741936
2025-12-21 06:52:37,85.03225806451613
2025-12-21 06:55:07,84.9758064516129
2025-12-21 06:57:37,84.91935483870968
2025-12-21 07:00:07,84.86290322580645
2025-12-21 07:02:37,84.80645161290323
2025-12-21 07:05:07,84.75
2025-12-21 07:07:37,84.69354838709677
2025-12-21 07:10:07,84.63709677419355
2025-12-21 07:12:37,84.58064516129032
2025-12-21 07:15:07,84.5241935483871
2025-12-21 07:17:37,84.46774193548387
2025-12-21 07:20:07,84.41129032258064
2025-12-21 07:22:37,84.35483870967742
2025-12-21 07:25:07,84.29838709677419
2025-12-21 07:27:37,84.24193548387098
2025-12-21 07:30:07,84.18548387096774
2025-12-21 07:32:37,84.12903225806451
2025-12-21 07:35:07,84.0725806451613
2025-12-21 07:37:37,84.01612903225806
2025-12-21 07:40:07,83.95967741935483
2025-12-21 07:42:37,83.90322580645162
2025-12-21 07:45:07,83.84677419354838
2025-12-21 07:47:37,83.79032258064517
2025-12-21 07:50:07,83.73387096774194
2025-12-21 07:52:37,83.6774193548387
2025-12-21 07:55:07,83.62096774193549
2025-12-21 07:57:37,83.56451612903226
2025-12-21 08:00:07,83.50806451612904
2025-12-21 08:02:37,83.45161290322581
2025-12-21 08:05:07,83.39516129032258
2025-12-21 08:07:37,83.33870967741936
2025-12-21 08:10:07,83.28225806451613
2025-12-21 08:12:37,83.22580645161291
2025-12-21 08:15:07,83.16935483870968
2025-12-21 08:17:37,83.11290322580645
2025-12-21 08:20:07,83.05645161290323
2025-12-21 08:22:37,83.0
2025-12-21 08:25:07,83.01823281907433
2025-12-21 08:27:37,83.03646563814867
2025-12-21 08:30:07,83.054698457223
2025-12-21 08:32:37,83.07293127629734
2025-12-21 08:35:07,83.09116409537167
2025-12-21 08:37:37,83.10939691444601
2025-12-21 08:40:07,83.12762973352034
2025-12-21 08:42:37,83.14586255259466
2025-12-21 08:45:07,83.164095371669
2025-12-21 08:47:37,83.18232819074333
2025-12-21 08:50:07,83.20056100981768
2025-12-21 08:52:37,83.218793828892
2025-12-21 08:55:07,83.23702664796635
2025-12-21 08:57:37,83.25525946704067
2025-12-21 09:00:07,83.273492286115
2025-12-21 09:02:37,83.29172510518934
2025-12-21 09:05:07,83.30995792426367
2025-12-21 09:07:37,83.32819074333801
2025-12-21 09:10:07,83.34642356241234
2025-12-21 09:12:37,83.36465638148668
2025-12-21 09:15:07,83.38288920056101
2025-12-21 09:17:37,83.40112201963534
2025-12-21 09:20:07,83.41935483870968
2025-12-21 09:22:37,83.43758765778401
2025-12-21 09:25:07,83.45582047685835
2025-12-21 09:27:37,83.47405329593268
2025-12-21 09:30:07,83.49228611500702
2025-12-21 09:32:37,83.51051893408135
2025-12-21 09:35:07,83.52875175315567
2025-12-21 09:37:37,83.54698457223002
2025-12-21 09:40:07,83.56521739130434
2025-12-21 09:42:37,83.58345021037869
2025-12-21 09:45:07,83.60168302945301
2025-12-21 09:47:37,83.61991584852736
2025-12-21 09:50:07,83.63814866760168
2025-12-21 09:52:37,83.65638148667601
2025-12-21 09:55:07,83.67461430575035
2025-12-21 09:57:37,83.69284712482468
2025-12-21 10:00:07,83.71107994389902
2025-12-21 10:02:37,83.72931276297335
2025-12-21 10:05:07,83.74754558204769
2025-12-21 10:07:37,83.76577840112202
2025-12-21 10:10:07,83.78401122019635
2025-12-21 10:12:37,83.80224403927069
2025-12-21 10:15:07,83.82047685834502
2025-12-21 10:17:37,83.83870967741936
2025-12-21 10:20:07,83.85694249649369
2025-12-21 10:22:37,83.87517531556803
2025-12-21 10:25:07,83.89340813464236
2025-12-21 10:27:37,83.91164095371668
2025-12-21 10:30:07,83.92987377279103
2025-12-21 10:32:37,83.94810659186535
2025-12-21 10:35:07,83.9663394109397
2025-12-21 10:37:37,83.98457223001402
2025-12-21 10:40:07,84.00280504908837
2025-12-21 10:42:37,84.0210378681627
2025-12-21 10:45:07,84.03927068723702
2025-12-21 10:47:37,84.05750350631136
2025-12-21 10:50:07,84.07573632538569
2025-12-21 10:52:37,84.09396914446003
2025-12-21 10:55:07,84.11220196353436
2025-12-21 10:57:37,84.1304347826087
2025-12-21 11:00:07,84.14866760168303
2025-12-21 11:02:37,84.16690042075736
2025-12-21 11:05:07,84.1851332398317
2025-12-21 11:07:37,84.20336605890603
2025-12-21 11:10:07,84.22159887798037
2025-12-21 11:12:37,84.2398316970547
2025-12-21 11:15:07,84.25806451612904
2025-12-21 11:17:37,84.27629733520337
2025-12-21 11:20:07,84.2945301542777
2025-12-21 11:22:37,84.31276297335204
2025-12-21 11:25:07,84.33099579242636
2025-12-21 11:27:37,84.3492286115007
2025-12-21 11:30:07,84.36746143057503
2025-12-21 11:32:37,84.38569424964938
2025-12-21 11:35:07,84.4039270687237
2025-12-21 11:37:37,84.42215988779803
2025-12-21 11:40:07,84.44039270687237
2025-12-21 11:42:37,84.4586255259467
2025-12-21 11:45:07,84.47685834502104
2025-12-21 11:47:37,84.49509116409537
2025-12-21 11:50:07,84.51332398316971
2025-12-21 11:52:37,84.53155680224404
2025-12-21 11:55:07,84.54978962131837
2025-12-21 11:57:37,84.56802244039271
2025-12-21 12:00:07,84.58625525946704
2025-12-21 12:02:37,84.60448807854138
2025-12-21 12:05:07,84.62272089761571
2025-12-21 12:07:37,84.64095371669005
2025-12-21 12:10:07,84.65918653576438
2025-12-21 12:12:37,84.6774193548387
2025-12-21 12:15:07,84.69565217391305
2025-12-21 12:17:37,84.71388499298737
2025-12-21 12:20:07,84.73211781206172
2025-12-21 12:22:37,84.75035063113604
2025-12-21 12:25:07,84.76858345021037
2025-12-21 12:27:37,84.78681626928471
2025-12-21 12:30:07,84.80504908835904
2025-12-21 12:32:37,84.82328190743338
2025-12-21 12:35:07,84.84151472650771
2025-12-21 12:37:37,84.85974754558205
2025-12-21 12:40:07,84.87798036465638
2025-12-21 12:42:37,84.89621318373071
2025-12-21 12:45:07,84.91444600280505
2025-12-21 12:47:37,84.93267882187938
2025-12-21 12:50:07,84.95091164095372
2025-12-21 12:52:37,84.96914446002805
2025-12-21 12:55:07,84.98737727910239
2025-12-21 12:57:37,85.00561009817672
2025-12-21 13:00:07,85.02384291725105
2025-12-21 13:02:37,85.04207573632539
2025-12-21 13:05:07,85.06030855539971
2025-12-21 13:07:37,85.07854137447406
2025-12-21 13:10:07,85.09677419354838
2025-12-21 13:12:37,85.11500701262273
2025-12-21 13:15:07,85.13323983169705
2025-12-21 13:17:37,85.15147265077138
2025-12-21 13:20:07,85.16970546984572
2025-12-21 13:22:37,85.18793828892005
2025-12-21 13:25:07,85.2061711079944
2025-12-21 13:27:37,85.22440392706872
2025-12-21 13:30:07,85.24263674614306
2025-12-21 13:32:37,85.26086956521739
2025-12-21 13:35:07,85.27910238429172
2025-12-21 13:37:37,85.29733520336606
2025-12-21 13:40:07,85.31556802244039
2025-12-21 13:42:37,85.33380084151473
2025-12-21 13:45:07,85.35203366058906
2025-12-21 13:47:37,85.3702664796634
2025-12-21 13:50:07,85.38849929873773
2025-12-21 13:52:37,85.40673211781206
2025-12-21 13:55:07,85.4249649368864
2025-12-21 13:57:37,85.44319775596072
2025-12-21 14:00:07,85.46143057503507
2025-12-21 14:02:37,85.4796633941094
2025-12-21 14:05:07,85.49789621318374
2025-12-21 14:07:37,85.51612903225806
2025-12-21 14:10:07,85.53436185133239
2025-12-21 14:12:37,85.55259467040673
2025-12-21 14:15:07,85.57082748948106
2025-12-21 14:17:37,85.5890603085554
2025-12-21 14:20:07,85.60729312762973
2025-12-21 14:22:37,85.62552594670407
2025-12-21 14:25:07,85.6437587657784
2025-12-21 14:27:37,85.66199158485273
2025-12-21 14:30:07,85.68022440392707
2025-12-21 14:32:37,85.6984572230014
2025-12-21 14:35:07,85.71669004207574
2025-12-21 14:37:37,85.73492286115007
2025-12-21 14:40:07,85.75315568022441
2025-12-21 14:42:37,85.77138849929874
2025-12-21 14:45:07,85.78962131837307
2025-12-21 14:47:37,85.8078541374474
2025-12-21 14:50:07,85.82608695652173
2025-12-21 14:52:37,85.84431977559608
2025-12-21 14:55:07,85.8625525946704
2025-12-21 14:57:37,85.88078541374475
2025-12-21 15:00:07,85.89901823281907
2025-12-21 15:02:37,85.9172510518934
2025-12-21 15:05:07,85.93548387096774
2025-12-21 15:07:37,85.95371669004207
2025-12-21 15:10:07,85.97194950911641
2025-12-21 15:12:37,85.99018232819074
2025-12-21 15:15:07,86.00841514726508
2025-12-21 15:17:37,86.02664796633941
2025-12-21 15:20:07,86.04488078541374
2025-12-21 15:22:37,86.06311360448808
2025-12-21 15:25:07,86.08134642356241
2025-12-21 15:27:37,86.09957924263675
2025-12-21 15:30:07,86.11781206171108
2025-12-21 15:32:37,86.13604488078542
2025-12-21 15:35:07,86.15427769985975
2025-12-21 15:37:37,86.17251051893408
2025-12-21 15:40:07,86.19074333800842
2025-12-21 15:42:37,86.20897615708274
2025-12-21 15:45:07,86.22720897615709
2025-12-21 15:47:37,86.24544179523141
2025-12-21 15:50:07,86.26367461430576
2025-12-21 15:52:37,86.28190743338008
2025-12-21 15:55:07,86.30014025245441
2025-12-21 15:57:37,86.31837307152875
2025-12-21 16:00:07,86.33660589060308
2025-12-21 16:02:37,86.35483870967742
2025-12-21 16:05:07,86.37307152875175
2025-12-21 16:07:37,86.3913043478261
2025-12-21 16:10:07,86.40953716690042
2025-12-21 16:12:37,86.42776998597475
2025-12-21 16:15:07,86.44600280504909
2025-12-21 16:17:37,86.46423562412342
2025-12-21 16:20:07,86.48246844319776
2025-12-21 16:22:37,86.50070126227209
2025-12-21 16:25:07,86.51893408134643
2025-12-21 16:27:37,86.53716690042076
2025-12-21 16:30:07,86.55539971949509
2025-12-21 16:32:37,86.57363253856943
2025-12-21 16:35:07,86.59186535764375
2025-12-21 16:37:37,86.6100981767181
2025-12-21 16:40:07,86.62833099579242
2025-12-21 16:42:37,86.64656381486677
2025-12-21 16:45:07,86.6647966339411
2025-12-21 16:47:37,86.68302945301542
2025-12-21 16:50:07,86.70126227208976
2025-12-21 16:52:37,86.71949509116409
2025-12-21 16:55:07,86.73772791023843
2025-12-21 16:57:37,86.75596072931276
2025-12-21 17:00:07,86.7741935483871
2025-12-21 17:02:37,86.79242636746143
2025-12-21 17:05:07,86.81065918653576
2025-12-21 17:07:37,86.8288920056101
2025-12-21 17:10:07,86.84712482468443
2025-12-21 17:12:37,86.86535764375877
2025-12-21 17:15:07,86.8835904628331
2025-12-21 17:17:37,86.90182328190744
2025-12-21 17:20:07,86.92005610098177
2025-12-21 17:22:37,86.9382889200561
2025-12-21 17:25:07,86.95652173913044
2025-12-21 17:27:37,86.97475455820476
2025-12-21 17:30:07,86.9929873772791
2025-12-21 17:32:37,87.01122019635343
2025-12-21 17:35:07,87.02945301542778
2025-12-21 17:37:37,87.0476858345021
2025-12-21 17:40:07,87.06591865357643
2025-12-21 17:42:37,87.08415147265077
2025-12-21 17:45:07,87.1023842917251
2025-12-21 17:47:37,87.12061711079944
2025-12-21 17:50:07,87.13884992987377
2025-12-21 17:52:37,87.15708274894811
2025-12-21 17:55:07,87.17531556802244
2025-12-21 17:57:37,87.19354838709677
2025-12-21 18:00:07,87.21178120617111
2025-12-21 18:02:37,87.23001402524544
2025-12-21 18:05:07,87.24824684431978
2025-12-21 18:07:37,87.26647966339411
2025-12-21 18:10:07,87.28471248246845
2025-12-21 18:12:37,87.30294530154278
2025-12-21 18:15:07,87.3211781206171
2025-12-21 18:17:37,87.33941093969145
2025-12-21 18:20:07,87.35764375876578
2025-12-21 18:22:37,87.37587657784012
2025-12-21 18:25:07,87.39410939691444
2025-12-21 18:27:37,87.41234221598879
2025-12-21 18:30:07,87.43057503506311
2025-12-21 18:32:37,87.44880785413744
2025-12-21 18:35:07,87.46704067321178
2025-12-21 18:37:37,87.48527349228611
2025-12-21 18:40:07,87.50350631136045
2025-12-21 18:42:37,87.52173913043478
2025-12-21 18:45:07,87.53997194950912
2025-12-21 18:47:37,87.55820476858345
2025-12-21 18:50:07,87.57643758765778
2025-12-21 18:52:37,87.59467040673212
2025-12-21 18:55:07,87.61290322580645
2025-12-21 18:57:37,87.63113604488079
2025-12-21 19:00:07,87.64936886395512
2025-12-21 19:02:37,87.66760168302946
2025-12-21 19:05:07,87.68583450210379
2025-12-21 19:07:37,87.70406732117812
2025-12-21 19:10:07,87.72230014025246
2025-12-21 19:12:37,87.74053295932679
2025-12-21 19:15:07,87.75876577840113
2025-12-21 19:17:37,87.77699859747545
2025-12-21 19:20:07,87.7952314165498
2025-12-21 19:22:37,87.81346423562412
2025-12-21 19:25:07,87.83169705469845
2025-12-21 19:27:37,87.8499298737728
2025-12-21 19:30:07,87.86816269284712
2025-12-21 19:32:37,87.88639551192146
2025-12-21 19:35:07,87.90462833099579
2025-12-21 19:37:37,87.92286115007013
2025-12-21 19:40:07,87.94109396914446
2025-12-21 19:42:37,87.95932678821879
2025-12-21 19:45:07,87.97755960729313
2025-12-21 19:47:37,87.99579242636746
2025-12-21 19:50:07,88.0140252454418
2025-12-21 19:52:37,88.03225806451613
2025-12-21 19:55:07,88.05049088359047
2025-12-21 19:57:37,88.0687237026648
2025-12-21 20:00:07,88.08695652173913
2025-12-21 20:02:37,88.10518934081347
2025-12-21 20:05:07,88.1234221598878
2025-12-21 20:07:37,88.14165497896214
2025-12-21 20:10:07,88.15988779803646
2025-12-21 20:12:37,88.1781206171108
2025-12-21 20:15:07,88.19635343618513
2025-12-21 20:17:37,88.21458625525946
2025-12-21 20:20:07,88.2328190743338
2025-12-21 20:22:37,88.25105189340813
2025-12-21 20:25:07,88.26928471248247
2025-12-21 20:27:37,88.2875175315568
2025-12-21 20:30:07,88.30575035063113
2025-12-21 20:32:37,88.32398316970547
2025-12-21 20:35:07,88.3422159887798
2025-12-21 20:37:37,88.36044880785414
2025-12-21 20:40:07,88.37868162692847
2025-12-21 20:42:37,88.39691444600281
2025-12-21 20:45:07,88.41514726507714
2025-12-21 20:47:37,88.43338008415147
2025-12-21 20:50:07,88.45161290322581
2025-12-21 20:52:37,88.46984572230014
2025-12-21 20:55:07,88.48807854137448
2025-12-21 20:57:37,88.5063113604488
2025-12-21 21:00:07,88.52454417952315
2025-12-21 21:02:37,88.54277699859747
2025-12-21 21:05:07,88.5610098176718
2025-12-21 21:07:37,88.57924263674614
2025-12-21 21:10:07,88.59747545582047
2025-12-21 21:12:37,88.61570827489481
2025-12-21 21:15:07,88.63394109396914
2025-12-21 21:17:37,88.65217391304348
2025-12-21 21:20:07,88.67040673211781
2025-12-21 21:22:37,88.68863955119214
2025-12-21 21:25:07,88.70687237026648
2025-12-21 21:27:37,88.72510518934081
2025-12-21 21:30:07,88.74333800841515
2025-12-21 21:32:37,88.76157082748948
2025-12-21 21:35:07,88.77980364656382
2025-12-21 21:37:37,88.79803646563815
2025-12-21 21:40:07,88.81626928471248
2025-12-21 21:42:37,88.83450210378682
2025-12-21 21:45:07,88.85273492286115
2025-12-21 21:47:37,88.87096774193549
2025-12-21 21:50:07,88.88920056100982
2025-12-21 21:52:37,88.90743338008416
2025-12-21 21:55:07,88.92566619915848
2025-12-21 21:57:37,88.94389901823281
2025-12-21 22:00:07,88.96213183730715
2025-12-21 22:02:37,88.98036465638148
2025-12-21 22:05:07,88.99859747545582
2025-12-21 22:07:37,89.01683029453015
2025-12-21 22:10:07,89.0350631136045
2025-12-21 22:12:37,89.05329593267882
2025-12-21 22:15:07,89.07152875175315
2025-12-21 22:17:37,89.08976157082749
2025-12-21 22:20:07,89.10799438990182
2025-12-21 22:22:37,89.12622720897616
2025-12-21 22:25:07,89.14446002805049
2025-12-21 22:27:37,89.16269284712483
2025-12-21 22:30:07,89.18092566619916
2025-12-21 22:32:37,89.19915848527349
2025-12-21 22:35:07,89.21739130434783
2025-12-21 22:37:37,89.23562412342216
2025-12-21 22:40:07,89.2538569424965
2025-12-21 22:42:37,89.27208976157083
2025-12-21 22:45:07,89.29032258064517
2025-12-21 22:47:37,89.3085553997195
2025-12-21 22:50:07,89.32678821879382
2025-12-21 22:52:37,89.34502103786816
2025-12-21 22:55:07,89.36325385694249
2025-12-21 22:57:37,89.38148667601683
2025-12-21 23:00:07,89.39971949509116
2025-12-21 23:02:37,89.4179523141655
2025-12-21 23:05:07,89.43618513323983
2025-12-21 23:07:37,89.45441795231416
2025-12-21 23:10:07,89.4726507713885
2025-12-21 23:12:37,89.49088359046283
2025-12-21 23:15:07,89.50911640953717
2025-12-21 23:17:37,89.5273492286115
2025-12-21 23:20:07,89.54558204768584
2025-12-21 23:22:37,89.56381486676017
2025-12-21 23:25:07,89.5820476858345
2025-12-21 23:27:37,89.60028050490884
2025-12-21 23:30:07,89.61851332398317
2025-12-21 23:32:37,89.63674614305751
2025-12-21 23:35:07,89.65497896213184
2025-12-21 23:37:37,89.67321178120618
2025-12-21 23:40:07,89.6914446002805
2025-12-21 23:42:37,89.70967741935483
2025-12-21 23:45:07,89.72791023842917
2025-12-21 23:47:37,89.7461430575035
2025-12-21 23:50:07,89.76437587657784
2025-12-21 23:52:37,89.78260869565217
2025-12-21 23:55:07,89.80084151472651
2025-12-21 23:57:37,89.81907433380084
2025-12-22 00:00:07,89.83730715287517
2025-12-22 00:02:37,89.85553997194951
2025-12-22 00:05:07,89.87377279102384
2025-12-22 00:07:37,89.89200561009818
2025-12-22 00:10:07,89.91023842917251
2025-12-22 00:12:37,89.92847124824685
2025-12-22 00:15:07,89.94670406732118
2025-12-22 00:17:37,89.9649368863955
2025-12-22 00:20:07,89.98316970546985
2025-12-22 00:22:37,90.00140252454418
2025-12-22 00:25:07,90.01963534361852
2025-12-22 00:27:37,90.03786816269285
2025-12-22 00:30:07,90.05610098176719
2025-12-22 00:32:37,90.07433380084152
2025-12-22 00:35:07,90.09256661991584
2025-12-22 00:37:37,90.11079943899018
2025-12-22 00:40:07,90.12903225806451
2025-12-22 00:42:37,90.14726507713885
2025-12-22 00:45:07,90.16549789621318
2025-12-22 00:47:37,90.18373071528752
2025-12-22 00:50:07,90.20196353436185
2025-12-22 00:52:37,90.22019635343618
2025-12-22 00:55:07,90.23842917251052
2025-12-22 00:57:37,90.25666199158485
2025-12-22 01:00:07,90.27489481065919
2025-12-22 01:02:37,90.29312762973352
2025-12-22 01:05:07,90.31136044880786
2025-12-22 01:07:37,90.32959326788219
2025-12-22 01:10:07,90.34782608695652
2025-12-22 01:12:37,90.36605890603086
2025-12-22 01:15:07,90.38429172510519
2025-12-22 01:17:37,90.40252454417953
2025-12-22 01:20:07,90.42075736325386
2025-12-22 01:22:37,90.4389901823282
2025-12-22 01:25:07,90.45722300140253
2025-12-22 01:27:37,90.47545582047685
2025-12-22 01:30:07,90.4936886395512
2025-12-22 01:32:37,90.51192145862552
2025-12-22 01:35:07,90.53015427769986
2025-12-22 01:37:37,90.54838709677419
2025-12-22 01:40:07,90.56661991584853
2025-12-22 01:42:37,90.58485273492286
2025-12-22 01:45:07,90.60308555399719
2025-12-22 01:47:37,90.62131837307153
2025-12-22 01:50:07,90.63955119214586
2025-12-22 01:52:37,90.6577840112202
2025-12-22 01:55:07,90.67601683029453
2025-12-22 01:57:37,90.69424964936887
2025-12-22 02:00:07,90.7124824684432
2025-12-22 02:02:37,90.73071528751753
2025-12-22 02:05:07,90.74894810659187
2025-12-22 02:07:37,90.7671809256662
2025-12-22 02:10:07,90.78541374474054
2025-12-22 02:12:37,90.80364656381487
2025-12-22 02:15:07,90.82187938288921
2025-12-22 02:17:37,90.84011220196354
2025-12-22 02:20:07,90.85834502103786
2025-12-22 02:22:37,90.8765778401122
2025-12-22 02:25:07,90.89481065918653
2025-12-22 02:27:37,90.91304347826087
2025-12-22 02:30:07,90.9312762973352
2025-12-22 02:32:37,90.94950911640954
2025-12-22 02:35:07,90.96774193548387
2025-12-22 02:37:37,90.9859747545582
2025-12-22 02:40:07,91.00420757363254
2025-12-22 02:42:37,91.02244039270687
2025-12-22 02:45:07,91.04067321178121
2025-12-22 02:47:37,91.05890603085554
2025-12-22 02:50:07,91.07713884992988
2025-12-22 02:52:37,91.09537166900421
2025-12-22 02:55:07,91.11360448807854
2025-12-22 02:57:37,91.13183730715288
2025-12-22 03:00:07,91.1500701262272
2025-12-22 03:02:37,91.16830294530155
2025-12-22 03:05:07,91.18653576437588
2025-12-22 03:07:37,91.20476858345022
2025-12-22 03:10:07,91.22300140252455
2025-12-22 03:12:37,91.24123422159887
2025-12-22 03:15:07,91.25946704067321
2025-12-22 03:17:37,91.27769985974754
2025-12-22 03:20:07,91.29593267882188
2025-12-22 03:22:37,91.31416549789621
2025-12-22 03:25:07,91.33239831697055
2025-12-22 03:27:37,91.35063113604488
2025-12-22 03:30:07,91.36886395511921
2025-12-22 03:32:37,91.38709677419355
2025-12-22 03:35:07,91.40532959326788
2025-12-22 03:37:37,91.42356241234222
2025-12-22 03:40:07,91.44179523141655
2025-12-22 03:42:37,91.46002805049089
2025-12-22 03:45:07,91.47826086956522
2025-12-22 03:47:37,91.49649368863955
2025-12-22 03:50:07,91.51472650771389
2025-12-22 03:52:37,91.53295932678822
2025-12-22 03:55:07,91.55119214586256
2025-12-22 03:57:37,91.56942496493689
2025-12-22 04:00:07,91.58765778401123
2025-12-22 04:02:37,91.60589060308556
2025-12-22 04:05:07,91.62412342215988
2025-12-22 04:07:37,91.64235624123422
2025-12-22 04:10:07,91.66058906030855
2025-12-22 04:12:37,91.6788218793829
2025-12-22 04:15:07,91.69705469845722
2025-12-22 04:17:37,91.71528751753156
2025-12-22 04:20:07,91.73352033660589
2025-12-22 04:22:37,91.75175315568022
2025-12-22 04:25:07,91.76998597475456
2025-12-22 04:27:37,91.78821879382889
2025-12-22 04:30:07,91.80645161290323
2025-12-22 04:32:37,91.82468443197756
2025-12-22 04:35:07,91.84291725105189
2025-12-22 04:37:37,91.86115007012623
2025-12-22 04:40:07,91.87938288920056
2025-12-22 04:42:37,91.8976157082749
2025-12-22 04:45:07,91.91584852734923
2025-12-22 04:47:37,91.93408134642357
2025-12-22 04:50:07,91.9523141654979
2025-12-22 04:52:37,91.97054698457222
2025-12-22 04:55:07,91.98877980364657
2025-12-22 04:57:37,92.0070126227209
2025-12-22 05:00:07,92.02524544179524
2025-12-22 05:02:37,92.04347826086956
2025-12-22 05:05:07,92.0617110799439
2025-12-22 05:07:37,92.07994389901823
2025-12-22 05:10:07,92.09817671809256
2025-12-22 05:12:37,92.1164095371669
2025-12-22 05:15:07,92.13464235624123
2025-12-22 05:17:37,92.15287517531557
2025-12-22 05:20:07,92.1711079943899
2025-12-22 05:22:37,92.18934081346424
2025-12-22 05:25:07,92.20757363253857
2025-12-22 05:27:37,92.2258064516129
2025-12-22 05:30:07,92.24403927068724
2025-12-22 05:32:37,92.26227208976157
2025-12-22 05:35:07,92.28050490883591
2025-12-22 05:37:37,92.29873772791024
2025-12-22 05:40:07,92.31697054698458
2025-12-22 05:42:37,92.3352033660589
2025-12-22 05:45:07,92.35343618513323
2025-12-22 05:47:37,92.37166900420758
2025-12-22 05:50:07,92.3899018232819
2025-12-22 05:52:37,92.40813464235625
2025-12-22 05:55:07,92.42636746143057
2025-12-22 05:57:37,92.44460028050491
2025-12-22 06:00:07,92.46283309957924
2025-12-22 06:02:37,92.48106591865357
2025-12-22 06:05:07,92.49929873772791
2025-12-22 06:07:37,92.51753155680224
2025-12-22 06:10:07,92.53576437587658
2025-12-22 06:12:37,92.55399719495091
2025-12-22 06:15:07,92.57223001402525
2025-12-22 06:17:37,92.59046283309958
2025-12-22 06:20:07,92.6086956521739
2025-12-22 06:22:37,92.62692847124825
2025-12-22 06:25:07,92.64516129032258
2025-12-22 06:27:37,92.66339410939692
2025-12-22 06:30:07,92.68162692847125
2025-12-22 06:32:37,92.69985974754559
2025-12-22 06:35:07,92.71809256661992
2025-12-22 06:37:37,92.73632538569424
2025-12-22 06:40:07,92.75455820476859
2025-12-22 06:42:37,92.77279102384291
2025-12-22 06:45:07,92.79102384291726
2025-12-22 06:47:37,92.80925666199158
2025-12-22 06:50:07,92.82748948106592
2025-12-22 06:52:37,92.84572230014025
2025-12-22 06:55:07,92.86395511921458
2025-12-22 06:57:37,92.88218793828892
2025-12-22 07:00:07,92.90042075736325
2025-12-22 07:02:37,92.91865357643759
2025-12-22 07:05:07,92.93688639551192
2025-12-22 07:07:37,92.95511921458626
2025-12-22 07:10:07,92.97335203366059
2025-12-22 07:12:37,92.99158485273492
2025-12-22 07:15:07,93.00981767180926
2025-12-22 07:17:37,93.02805049088359
2025-12-22 07:20:07,93.04628330995793
2025-12-22 07:22:37,93.06451612903226
2025-12-22 07:25:07,93.0827489481066
2025-12-22 07:27:37,93.10098176718093
2025-12-22 07:30:07,93.11921458625525
2025-12-22 07:32:37,93.1374474053296
2025-12-22 07:35:07,93.15568022440392
2025-12-22 07:37:37,93.17391304347827
2025-12-22 07:40:07,93.1921458625526
2025-12-22 07:42:37,93.21037868162693
2025-12-22 07:45:07,93.22861150070126
2025-12-22 07:47:37,93.24684431977559
2025-12-22 07:50:07,93.26507713884993
2025-12-22 07:52:37,93.28330995792426
2025-12-22 07:55:07,93.3015427769986
2025-12-22 07:57:37,93.31977559607293
2025-12-22 08:00:07,93.33800841514727
2025-12-22 08:02:37,93.3562412342216
2025-12-22 08:05:07,93.37447405329593
2025-12-22 08:07:37,93.39270687237027
2025-12-22 08:10:07,93.4109396914446
2025-12-22 08:12:37,93.42917251051894
2025-12-22 08:15:07,93.44740532959327
2025-12-22 08:17:37,93.46563814866761
2025-12-22 08:20:07,93.48387096774194
2025-12-22 08:22:37,93.50210378681626
2025-12-22 08:25:07,93.5203366058906
2025-12-22 08:27:37,93.53856942496493
2025-12-22 08:30:07,93.55680224403928
2025-12-22 08:32:37,93.5750350631136
2025-12-22 08:35:07,93.59326788218794
2025-12-22 08:37:37,93.61150070126227
2025-12-22 08:40:07,93.6297335203366
2025-12-22 08:42:37,93.64796633941094
2025-12-22 08:45:07,93.66619915848527
2025-12-22 08:47:37,93.68443197755961
2025-12-22 08:50:07,93.70266479663394
2025-12-22 08:52:37,93.72089761570828
2025-12-22 08:55:07,93.73913043478261
2025-12-22 08:57:37,93.75736325385694
2025-12-22 09:00:07,93.77559607293128
2025-12-22 09:02:37,93.7938288920056
2025-12-22 09:05:07,93.81206171107995
2025-12-22 09:07:37,93.83029453015428
2025-12-22 09:10:07,93.84852734922862
2025-12-22 09:12:37,93.86676016830295
2025-12-22 09:15:07,93.88499298737727
2025-12-22 09:17:37,93.90322580645162
2025-12-22 09:20:07,93.92145862552594
2025-12-22 09:22:37,93.93969144460029
2025-12-22 09:25:07,93.95792426367461
2025-12-22 09:27:37,93.97615708274895
2025-12-22 09:30:07,93.99438990182328
2025-12-22 09:32:37,94.01262272089761
2025-12-22 09:35:07,94.03085553997195
2025-12-22 09:37:37,94.04908835904628
2025-12-22 09:40:07,94.06732117812062
2025-12-22 09:42:37,94.08555399719495
2025-12-22 09:45:07,94.10378681626929
2025-12-22 09:47:37,94.12201963534362
2025-12-22 09:50:07,94.14025245441795
2025-12-22 09:52:37,94.15848527349229
2025-12-22 09:55:07,94.17671809256662
2025-12-22 09:57:37,94.19495091164096
2025-12-22 10:00:07,94.21318373071529
2025-12-22 10:02:37,94.23141654978963
2025-12-22 10:05:07,94.24964936886396
2025-12-22 10:07:37,94.26788218793828
2025-12-22 10:10:07,94.28611500701263
2025-12-22 10:12:37,94.30434782608695
2025-12-22 10:15:07,94.3225806451613
2025-12-22 10:17:37,94.34081346423562
2025-12-22 10:20:07,94.35904628330997
2025-12-22 10:22:37,94.37727910238429
2025-12-22 10:25:07,94.39551192145862
2025-12-22 10:27:37,94.41374474053296
2025-12-22 10:30:07,94.43197755960729
2025-12-22 10:32:37,94.45021037868163
2025-12-22 10:35:07,94.46844319775596
2025-12-22 10:37:37,94.4866760168303
2025-12-22 10:40:07,94.50490883590463
2025-12-22 10:42:37,94.52314165497896
2025-12-22 10:45:07,94.5413744740533
2025-12-22 10:47:37,94.55960729312763
2025-12-22 10:50:07,94.57784011220197
2025-12-22 10:52:37,94.5960729312763
2025-12-22 10:55:07,94.61430575035064
2025-12-22 10:57:37,94.63253856942497
2025-12-22 11:00:07,94.6507713884993
2025-12-22 11:02:37,94.66900420757364
2025-12-22 11:05:07,94.68723702664796
2025-12-22 11:07:37,94.7054698457223
2025-12-22 11:10:07,94.72370266479663
2025-12-22 11:12:37,94.74193548387098
2025-12-22 11:15:07,94.7601683029453
2025-12-22 11:17:37,94.77840112201963
2025-12-22 11:20:07,94.79663394109397
2025-12-22 11:22:37,94.8148667601683
2025-12-22 11:25:07,94.83309957924264
2025-12-22 11:27:37,94.85133239831697
2025-12-22 11:30:07,94.86956521739131
2025-12-22 11:32:37,94.88779803646564
2025-12-22 11:35:07,94.90603085553997
2025-12-22 11:37:37,94.92426367461431
2025-12-22 11:40:07,94.94249649368864
2025-12-22 11:42:37,94.96072931276298
2025-12-22 11:45:07,94.9789621318373
2025-12-22 11:47:37,94.99719495091165
2025-12-22 11:50:07,95.01542776998598
2025-12-22 11:52:37,95.0336605890603
2025-12-22 11:55:07,95.05189340813465
2025-12-22 11:57:37,95.07012622720897
2025-12-22 12:00:07,95.08835904628332
2025-12-22 12:02:37,95.10659186535764
2025-12-22 12:05:07,95.12482468443199
2025-12-22 12:07:37,95.14305750350631
2025-12-22 12:10:07,95.16129032258064
2025-12-22 12:12:37,95.17952314165498
2025-12-22 12:15:07,95.19775596072931
2025-12-22 12:17:37,95.21598877980365
2025-12-22 12:20:07,95.23422159887798
2025-12-22 12:22:37,95.25245441795231
2025-12-22 12:25:07,95.27068723702665
2025-12-22 12:27:37,95.28892005610098
2025-12-22 12:30:07,95.30715287517532
2025-12-22 12:32:37,95.32538569424965
2025-12-22 12:35:07,95.34361851332399
2025-12-22 12:37:37,95.36185133239832
2025-12-22 12:40:07,95.38008415147264
2025-12-22 12:42:37,95.39831697054699
2025-12-22 12:45:07,95.41654978962131
2025-12-22 12:47:37,95.43478260869566
2025-12-22 12:50:07,95.45301542776998
2025-12-22 12:52:37,95.47124824684433
2025-12-22 12:55:07,95.48948106591865
2025-12-22 12:57:37,95.50771388499298
2025-12-22 13:00:07,95.52594670406732
2025-12-22 13:02:37,95.54417952314165
2025-12-22 13:05:07,95.56241234221599
2025-12-22 13:07:37,95.58064516129032
2025-12-22 13:10:07,95.59887798036466
2025-12-22 13:12:37,95.61711079943899
2025-12-22 13:15:07,95.63534361851332
2025-12-22 13:17:37,95.65357643758766
2025-12-22 13:20:07,95.67180925666199
2025-12-22 13:22:37,95.69004207573633
2025-12-22 13:25:07,95.70827489481066
2025-12-22 13:27:37,95.726507713885
2025-12-22 13:30:07,95.74474053295933
2025-12-22 13:32:37,95.76297335203365
2025-12-22 13:35:07,95.781206171108
2025-12-22 13:37:37,95.79943899018232
2025-12-22 13:40:07,95.81767180925667
2025-12-22 13:42:37,95.835904628331
2025-12-22 13:45:07,95.85413744740534
2025-12-22 13:47:37,95.87237026647966
2025-12-22 13:50:07,95.89060308555399
2025-12-22 13:52:37,95.90883590462833
2025-12-22 13:55:07,95.92706872370266
2025-12-22 13:57:37,95.945301542777
2025-12-22 14:00:07,95.96353436185133
2025-12-22 14:02:37,95.98176718092567
2025-12-22 14:05:07,96.0
2025-12-22 14:07:37,96.0
2025-12-22 14:10:07,96.0
2025-12-22 14:12:37,96.0
2025-12-22 14:15:07,96.0
2025-12-22 14:17:37,96.0
2025-12-22 14:20:07,96.0
2025-12-22 14:22:37,96.0
2025-12-22 14:25:07,96.0
2025-12-22 14:27:37,96.0
2025-12-22 14:30:07,96.0
2025-12-22 14:32:37,96.0
2025-12-22 14:35:07,96.0
2025-12-22 14:37:37,96.0
2025-12-22 14:40:07,96.0
2025-12-22 14:42:37,96.0
2025-12-22 14:45:07,96.0
2025-12-22 14:47:37,96.0
2025-12-22 14:50:07,96.0
2025-12-22 14:52:37,96.0
2025-12-22 14:55:07,96.0
2025-12-22 14:57:37,96.0
2025-12-22 15:00:07,96.0
2025-12-22 15:02:37,96.0
2025-12-22 15:05:07,96.0
2025-12-22 15:07:37,96.0
2025-12-22 15:10:07,96.0
2025-12-22 15:12:37,96.0
2025-12-22 15:15:07,96.0
2025-12-22 15:17:37,96.0
2025-12-22 15:20:07,96.0
2025-12-22 15:22:37,96.0
2025-12-22 15:25:07,96.0
2025-12-22 15:27:37,96.0
2025-12-22 15:30:07,96.0
2025-12-22 15:32:37,96.0
2025-12-22 15:35:07,96.0
2025-12-22 15:37:37,96.0
2025-12-22 15:40:07,96.0
2025-12-22 15:42:37,96.0
2025-12-22 15:45:07,96.0
2025-12-22 15:47:37,96.0
2025-12-22 15:50:07,96.0
2025-12-22 15:52:37,96.0
2025-12-22 15:55:07,96.0
2025-12-22 15:57:37,96.0
2025-12-22 16:00:07,96.0
2025-12-22 16:02:37,96.0
2025-12-22 16:05:07,96.0
2025-12-22 16:07:37,96.0
2025-12-22 16:10:07,96.0
2025-12-22 16:12:37,96.0
2025-12-22 16:15:07,96.0
2025-12-22 16:17:37,96.0
2025-12-22 16:20:07,96.0
2025-12-22 16:22:37,96.0
2025-12-22 16:25:07,96.0
2025-12-22 16:27:37,96.0
2025-12-22 16:30:07,96.0
2025-12-22 16:32:37,96.0
2025-12-22 16:35:07,96.0
2025-12-22 16:37:37,96.0
2025-12-22 16:40:07,96.0
2025-12-22 16:42:37,96.0
2025-12-22 16:45:07,96.0
2025-12-22 16:47:37,96.0
2025-12-22 16:50:07,96.0
2025-12-22 16:52:37,96.0
2025-12-22 16:55:07,96.0
2025-12-22 16:57:37,96.0
2025-12-22 17:00:07,96.0
2025-12-22 17:02:37,96.0
2025-12-22 17:05:07,96.0
2025-12-22 17:07:37,96.0
2025-12-22 17:10:07,96.0
2025-12-22 17:12:37,96.0
2025-12-22 17:15:07,96.0
2025-12-22 17:17:37,96.0
2025-12-22 17:20:07,96.0
2025-12-22 17:22:37,96.0
2025-12-22 17:25:07,96.0
2025-12-22 17:27:37,96.0
2025-12-22 17:30:07,96.0
2025-12-22 17:32:37,96.0
2025-12-22 17:35:07,96.0
2025-12-22 17:37:37,96.0
2025-12-22 17:40:07,96.0
2025-12-22 17:42:37,96.0
2025-12-22 17:45:07,96.0
2025-12-22 17:47:37,96.0
2025-12-22 17:50:07,96.0
2025-12-22 17:52:37,96.0
2025-12-22 17:55:07,96.0
2025-12-22 17:57:37,96.0
2025-12-22 18:00:07,96.0
2025-12-22 18:02:37,96.0
2025-12-22 18:05:07,96.0
2025-12-22 18:07:37,96.0
2025-12-22 18:10:07,96.0
2025-12-22 18:12:37,96.0
2025-12-22 18:15:07,96.0
2025-12-22 18:17:37,96.0
2025-12-22 18:20:07,96.0
2025-12-22 18:22:37,96.0
2025-12-22 18:25:07,96.0
2025-12-22 18:27:37,96.0
2025-12-22 18:30:07,96.0
2025-12-22 18:32:37,96.0
2025-12-22 18:35:07,96.0
2025-12-22 18:37:37,96.0
2025-12-22 18:40:07,96.0
2025-12-22 18:42:37,96.0
2025-12-22 18:45:07,96.0
2025-12-22 18:47:37,96.0
2025-12-22 18:50:07,96.0
2025-12-22 18:52:37,96.0
2025-12-22 18:55:07,96.0
2025-12-22 18:57:37,96.0
2025-12-22 19:00:07,96.0
