freq_cpd,amp_raw,amp_clean
0.0,5.6067851381306495,4.480950392740337
0.0146484375,11.815146690266005,9.350586708649246
0.029296875,11.371844876355121,8.847739968444493
0.0439453125,7.801799854611645,6.103973238588081
0.05859375,3.6616288352267525,3.51644810290154
0.07324218749999999,2.449056843730882,3.1025728756296647
0.087890625,1.5099901225129402,2.5734233999761824
0.10253906249999997,1.1025257217285398,2.0627194955993504
0.1171875,2.2774294363458862,1.8359328860624238
0.1318359375,2.082554542076898,1.2296568472928961
0.14648437499999997,1.2694517056762538,0.9450972897126056
0.1611328125,0.7659844196869977,0.7988613172601999
0.17578125,0.9096757753352012,0.7443909593642226
0.1904296875,0.706178292420866,0.6560452078376566
0.20507812499999994,0.4828787243067182,0.7242530967520027
0.2197265625,0.8433431039062733,0.8046827172346569
0.234375,0.938221888609174,0.6822136019140337
0.24902343749999994,0.62059644000518,0.678112073391533
0.263671875,0.4658113228107709,0.7706614924411793
0.2783203125,0.7945413249628017,0.5722025414580816
0.29296874999999994,0.7234484098980573,0.3199627539201348
0.3076171875,0.33621777168593164,0.35592261639747885
0.322265625,0.2973534677643247,0.18650780757760632
0.33691406249999994,0.4472389886838196,0.08015269098110209
0.3515625,0.472425968125071,0.2202788018464932
0.36621093749999994,0.4641696802330599,0.2564649381266916
0.380859375,0.42951991824932023,0.13984712786620093
0.3955078125,0.4878913380896598,0.4084041656859164
0.4101562499999999,0.5776685094963895,0.5912529255515355
0.4248046875,0.49122414922768187,0.43778198235776944
0.439453125,0.3456339375008548,0.452052479635747
0.4541015624999999,0.32854704297138027,0.6410671155802274
0.46875,0.35301653701855557,0.5395014719673933
0.4833984375,0.3951395604279468,0.3425324380858771
0.4980468749999999,0.42275503685498095,0.4431038174076576
0.5126953125,0.4290735585630491,0.4566770260667936
0.52734375,0.3988296089687493,0.2494432263426126
0.5419921874999999,0.3017285392799863,0.21523308529349391
0.556640625,0.2448707816642037,0.3227016098805875
0.5712890625,0.270773557217285,0.18504380496321737
0.5859374999999999,0.3075375018661698,0.23826594745748328
0.6005859375,0.28840071126511635,0.3923811372598815
0.615234375,0.20828796681772113,0.29916015720926153
0.6298828124999999,0.2632027346913838,0.2941198134522463
0.64453125,0.3221946085847223,0.39602529352678867
0.6591796875,0.31546885179763634,0.33085474204416065
0.6738281249999999,0.29351343486895154,0.2286567871266281
0.6884765625,0.2447546217268348,0.25670873920741843
0.703125,0.20535055150924406,0.28115766117312146
0.7177734374999999,0.2374885351104303,0.21486042555512308
0.7324218749999999,0.23601200811399822,0.15562134526903687
0.7470703125,0.11993928586723242,0.16480960436862058
0.76171875,0.06322209281494173,0.10973163686407156
0.7763671874999998,0.21622352295500838,0.08903164165967854
0.791015625,0.28197838037545336,0.13490154658644604
0.8056640625,0.2581682478320837,0.1427162428418205
0.8203124999999998,0.1760907268451067,0.1701404323044637
0.8349609375,0.12101720657355781,0.20380698705575634
0.849609375,0.11471875635894918,0.20972861394476003
0.8642578124999998,0.09621383646154967,0.2281997891243396
0.87890625,0.1346134083647248,0.19686375627323585
0.8935546875,0.21967721744473573,0.1336885451463902
0.9082031249999998,0.2339838588413066,0.13574250909541066
0.9228515625,0.18198512994481467,0.04398186432736031
0.9375,0.18258855868071536,0.0838674018324585
0.9521484374999998,0.3277437789940138,0.028547013295865873
0.966796875,0.48742012068879403,0.13406682733814385
0.9814453125,0.36529579386902594,0.07961784209903025
0.9960937499999998,0.38826493710577986,0.14300246674684794
1.0107421875,0.4930636242164416,0.20017626559716734
1.025390625,0.24199101925504782,0.18530701982163844
1.0400390624999998,0.0968661861442132,0.3197876050960031
1.0546875,0.26315220998649697,0.27669766106436805
1.0693359375,0.40385711854038264,0.25142397479496115
1.0839843749999998,0.47545170365999934,0.3221216043244199
1.0986328125,0.33347003639994627,0.2725059860620889
1.11328125,0.1415440256811631,0.24018401468181869
1.1279296874999998,0.2691323819039305,0.2643357160932813
1.142578125,0.30580024483620954,0.21925873037745913
1.1572265625,0.2032755634747072,0.18898416641310634
1.1718749999999998,0.13325369488197833,0.20495344565400958
1.1865234375,0.21301437868325718,0.2098481914128855
1.201171875,0.24667117114698783,0.19696139510495161
1.2158203124999998,0.23513069389640662,0.2173215997739069
1.23046875,0.24684950895279034,0.2495692880496549
1.2451171875,0.23331860508503385,0.22777211410276554
1.2597656249999998,0.15874704084756414,0.21198967464138055
1.2744140625,0.13783345906033675,0.23425662730807323
1.2890625,0.2543644180778546,0.20789024580903206
1.3037109374999998,0.3582492538159498,0.16715444656569886
1.318359375,0.3662871105127736,0.18248968188834816
1.3330078125,0.2745507633310893,0.17586091806785473
1.3476562499999998,0.1651329913399385,0.1414382293393984
1.3623046875,0.1473307324648062,0.15196819224563693
1.376953125,0.16699683770350446,0.18617792084972296
1.3916015624999998,0.14137428050835044,0.18461069816473308
1.40625,0.12492712983950575,0.1684228399047667
1.4208984374999998,0.16613233312947936,0.18538905038195894
1.4355468749999998,0.18988018407911686,0.17793457458558995
1.4501953125,0.17074679782347618,0.12989793107572647
1.4648437499999998,0.12531236811105068,0.11747293976394252
1.4794921874999998,0.08274228434625742,0.12353520979814187
1.494140625,0.09899637550062142,0.09897607665531645
1.5087890624999996,0.11720392162395812,0.0806818587797467
1.5234375,0.12238478533117986,0.09703803511777287
1.5380859375,0.1517830251256089,0.09940554907367657
1.5527343749999996,0.14171075734219113,0.08649175972687931
1.5673828125,0.07392185681439663,0.11215513682423088
1.58203125,0.07288937378410346,0.1272517254638733
1.5966796874999996,0.13353069306735452,0.10644237164477587
1.611328125,0.14017884660655314,0.11194449604683414
1.6259765625,0.11048881819482996,0.11850149243785686
1.6406249999999996,0.10136885327631069,0.09186401534460584
1.6552734375,0.08742352471552522,0.0758447971302421
1.669921875,0.0408536988518121,0.08179915133713705
1.6845703124999996,0.05108264323333421,0.06532641476501898
1.69921875,0.12767965344418464,0.0713895456111522
1.7138671875,0.17479987567060998,0.09092540617651546
1.7285156249999996,0.1708731731624671,0.08505880876179316
1.7431640625,0.14188920326009477,0.09299888642991194
1.7578125,0.11284361154997517,0.11745343841012233
1.7724609374999996,0.0632128237525829,0.1273610224222147
1.787109375,0.037217688275387184,0.13274507583630157
1.8017578125,0.12229184451598454,0.1404882894611408
1.8164062499999996,0.17427560794415872,0.14112161877258023
1.8310546875,0.1722036588537823,0.14555420437467417
1.845703125,0.15764867314932582,0.14707253613165044
1.8603515624999996,0.16813835347742312,0.13220858950092648
1.875,0.174020484994536,0.14022285577833637
1.8896484375,0.14863425425478807,0.1359226120409327
1.9042968749999996,0.08659787519930802,0.10321151028579727
1.9189453125,0.022912071075751047,0.11599952554398726
1.93359375,0.09434601223235646,0.09122217533335494
1.9482421874999996,0.17410704797252752,0.04310105623754623
1.962890625,0.2456063312551152,0.0733483189906865
1.9775390625,0.3155943997408292,0.14983158507825398
1.9921874999999996,0.22376943860392462,0.1759344374180182
2.0068359375,0.06206003640537082,0.22101976803992124
2.021484375,0.31290805676633215,0.2693589630923868
2.0361328124999996,0.3864887887845936,0.24262659995840036
2.05078125,0.3322393814908804,0.24818748062566623
2.0654296875,0.21394720031214698,0.2368873288487314
2.0800781249999996,0.10660876124375804,0.19087012050465055
2.0947265625,0.18608480049801832,0.1923596027995044
2.109375,0.22017952370019284,0.16983795306443028
2.1240234374999996,0.16834790594333998,0.13407808290859105
2.138671875,0.11376748177248228,0.13815080455815973
2.1533203125,0.11619732686059234,0.12584939122270986
2.1679687499999996,0.13393567464045023,0.10853796337660222
2.1826171875,0.1256784306819914,0.12237592920389327
2.197265625,0.08434591508748997,0.12956846016375625
2.2119140624999996,0.05002264674167027,0.11619811649494759
2.2265625,0.08519733805985408,0.11359678854089585
2.2412109375,0.12068207248390421,0.11385556216854459
2.2558593749999996,0.14104965622050566,0.09654565964359758
2.2705078125,0.15697744938737518,0.0847428538714237
2.28515625,0.14927129635394965,0.08622499668176176
2.2998046874999996,0.10248055009894913,0.07448286251639759
2.314453125,0.037120307431854606,0.06323612019165759
2.3291015625,0.014424019693063374,0.06168446611128927
2.3437499999999996,0.03376902577651241,0.04774494508146456
2.3583984375,0.05074796016420424,0.036808576374580335
2.373046875,0.06383233280062328,0.037964208608695385
2.3876953124999996,0.05952311087696465,0.03372032239947387
2.40234375,0.04271136594169002,0.03163443270164888
2.4169921875,0.014493598527481763,0.03481655208716302
2.4316406249999996,0.02930708833772054,0.02214061835534751
2.4462890625,0.06696913019870639,0.03296024244728871
2.4609375,0.07864526826825283,0.038263794760605985
2.4755859374999996,0.0677248073273869,0.038540264200651514
2.490234375,0.05775258581502832,0.060344154687132605
2.5048828125,0.05953307167120298,0.07627782502939123
2.5195312499999996,0.059083796401053254,0.07660645852449577
2.5341796875,0.06800439922118287,0.08375615818231742
2.548828125,0.09142060284007028,0.08785051415882912
2.5634765624999996,0.1005704262892906,0.06905507373342851
2.578125,0.08713468845770915,0.05656490720738758
2.5927734375,0.06007643336780161,0.06338197501074067
2.6074218749999996,0.048749754699941805,0.05690067497206409
2.6220703125,0.07493468381250018,0.05560902736457795
2.63671875,0.08220702001467077,0.07666393993308673
2.6513671874999996,0.0973719561951732,0.08226411378300914
2.666015625,0.15892646221063522,0.09216864830599004
2.6806640625,0.18563844436726148,0.10623559558299134
2.6953124999999996,0.14237632266285366,0.10568111393148853
2.7099609375,0.07044962497411274,0.10413786124207614
2.724609375,0.05403652562697809,0.10239918227665198
2.7392578124999996,0.06710304510552152,0.09529485270762271
2.75390625,0.059785169450785346,0.08988743249364148
2.7685546875,0.06476302668627429,0.08007798966230831
2.7832031249999996,0.08772115221242814,0.061430247554067265
2.7978515625,0.08060686550313277,0.04709449285370264
2.8125,0.03892385142572435,0.03685768008400434
2.8271484374999996,0.042649786955277116,0.022693907494274166
2.8417968749999996,0.06091795540932855,0.009580077611688852
2.8564453125,0.04390071026666662,0.01763065716104286
2.8710937499999996,0.013517773095754465,0.015159599383909522
2.8857421874999996,0.014283404589598299,0.018153331623025945
2.900390625,0.03299617736274953,0.02995422681453722
2.9150390624999996,0.04528494277311648,0.027713645538702467
2.9296874999999996,0.06148264211254547,0.01783999058641021
2.9443359375,0.08578358788690425,0.036221320150466425
2.9589843749999996,0.08377423680446094,0.06847013717286911
2.9736328124999996,0.04372822925776378,0.0641987826081883
2.98828125,0.13990767668298715,0.06529640980469262
3.0029296875,0.19135113095894116,0.08178303380057785
3.017578124999999,0.12286990848276506,0.05161986010537879
3.0322265625,0.009641081516761673,0.049020400551983395
3.046875,0.06129519630698252,0.052117583086519585
3.061523437499999,0.09779619563448579,0.051377894858467756
3.076171875,0.10551495039581206,0.0781950489318319
3.0908203125,0.06674983863373263,0.07863333826390619
3.105468749999999,0.05034648415930987,0.07771852066379327
3.1201171875,0.0716815687954685,0.08046455036105164
3.134765625,0.06338404657690173,0.06988056676057228
3.149414062499999,0.04754930481927033,0.06491873569821613
3.1640625,0.04364448077910202,0.0671839951251768
3.1787109375,0.044821311951616774,0.06085160119099877
3.193359374999999,0.0624763260937288,0.05632969471421494
3.2080078125,0.071480851131482,0.05077944815987465
3.22265625,0.04763502723143997,0.04012047103887694
3.237304687499999,0.016620613356394743,0.042604587212344266
3.251953125,0.03933888197137339,0.04299912687985709
3.2666015625,0.05512517425588371,0.043807784360294005
3.281249999999999,0.06566317584931107,0.05630927757584138
3.2958984375,0.07655148484900529,0.06538003029575752
3.310546875,0.0814194818640944,0.06499561853435527
3.325195312499999,0.08227894602519563,0.07146218000466242
3.33984375,0.07919929418705658,0.07791905642998806
3.3544921875,0.056905944662636904,0.06699815096327193
3.369140624999999,0.028422584184050383,0.06238942006223408
3.3837890625,0.049764757297281956,0.06960586688513148
3.3984375,0.06236434374150938,0.05522123595797926
3.413085937499999,0.058810181722507654,0.04716818321767473
3.427734375,0.054257965123120644,0.060111796764067894
3.4423828125,0.045080082768410225,0.0505385063397266
3.457031249999999,0.04446993781785815,0.04574121734515659
3.4716796875,0.056739383132821904,0.06274242675433801
3.486328125,0.06740778122291678,0.06333711361375113
3.500976562499999,0.08071514684852933,0.0584747933628579
3.515625,0.08553790438224529,0.07231271551485531
3.5302734375,0.07526366192550617,0.07920088904156342
3.544921874999999,0.06421302762493147,0.06833233144014764
3.5595703125,0.057679726883938,0.06586527268062375
3.57421875,0.049768626286022036,0.07005885118906159
3.588867187499999,0.047064547675553126,0.06217808199505784
3.603515625,0.05126218882271209,0.05742018527509888
3.6181640625,0.05918058948325869,0.06442027524743006
3.632812499999999,0.07630713824510948,0.06540969542921986
3.6474609375,0.08264568678939362,0.06011729722681085
3.662109375,0.05439908582794736,0.05602232722640328
3.676757812499999,0.03881303245759422,0.05416553358232448
3.69140625,0.06021555517537416,0.043362938489428134
3.7060546875,0.05092788920426272,0.02831705629119672
3.720703124999999,0.026339585733362918,0.02752747725526853
3.7353515625,0.02497189555712165,0.026719098212026768
3.75,0.031544520754802095,0.014236004023351224
3.764648437499999,0.031152381715103657,0.0067334187274158625
3.779296875,0.02454052106199047,0.0141601019185776
3.7939453125,0.016974010481066386,0.009568780253040457
3.808593749999999,0.020180333677391908,0.007334013245510369
3.8232421875,0.018560336284318364,0.021134830919758305
3.837890625,0.004359095163618826,0.015128707415605826
3.852539062499999,0.014152144380367573,0.012331496832143228
3.8671875,0.01858325737989168,0.020919363547405707
3.8818359375,0.010331086135302769,0.011058362127963458
3.896484374999999,0.010596652422038264,0.011655671225279305
3.9111328125,0.02358318046030062,0.004750841129022916
3.92578125,0.02853737480847969,0.016108631890825793
3.940429687499999,0.0286377343749375,0.019193355445447247
3.955078125,0.049202000476082725,0.008460028174592068
3.9697265625,0.05455556336098836,0.021117769384875914
3.984374999999999,0.02084555749848799,0.009349087603782877
3.9990234375,0.03846147702272386,0.0314576503966888
4.013671875,0.0687176908479153,0.04971614228604778
4.028320312499999,0.06206869996712718,0.04355080226476844
4.04296875,0.04898559600689171,0.056101032905183625
4.0576171875,0.03911025143964634,0.06706431396193659
4.072265624999999,0.03005721128470314,0.053432246054727905
4.0869140625,0.05323361273058789,0.04826129241725461
4.1015625,0.06715531134757595,0.04473442095417898
4.116210937499999,0.05848382438084927,0.03000977093112991
4.130859375,0.043678199588501096,0.025228648660098153
4.1455078125,0.03947828781232408,0.025489416770634512
4.160156249999999,0.04292510762931841,0.025492730962716252
4.1748046875,0.04559745056586551,0.035080937005990825
4.189453125,0.04094875303330647,0.044398208684284186
4.204101562499999,0.04152444975760727,0.05281591639615772
4.21875,0.04974056398054022,0.06124622403089102
4.2333984375,0.046712245801136566,0.06516829498959811
4.248046874999999,0.03941578664398333,0.06733089764029318
4.2626953125,0.04536634647641771,0.06833189169558135
4.27734375,0.05518779591258344,0.0669772629292784
4.291992187499999,0.05370694809150496,0.06291717646319142
4.306640625,0.040291636095784344,0.057989145921260504
4.3212890625,0.028888515383461783,0.0529008688496247
4.335937499999999,0.04008478137963503,0.04523861297649705
4.3505859375,0.0608258717824466,0.04218676578751368
4.365234375,0.0647616993978701,0.03970491657174183
4.379882812499999,0.042450357942528674,0.03408165883650183
4.39453125,0.02831248037439768,0.040873450238187274
4.4091796875,0.034402968517849,0.04330207885206998
4.423828124999999,0.029514129962203574,0.04124600715104516
4.4384765625,0.031225172186095742,0.05158099830181515
4.453125,0.044538303157034206,0.058061593564482004
4.467773437499999,0.05078774233634277,0.054206807502952786
4.482421875,0.04866557002230157,0.056339326289397224
4.4970703125,0.04795309385539876,0.06015708216351536
4.511718749999999,0.05122316360119762,0.049752361999785145
4.5263671875,0.05273658362620589,0.03768906714471418
4.541015625,0.053947887049447335,0.04171009286941321
4.555664062499999,0.05175788743907137,0.03610188253574734
4.5703125,0.04732206856649452,0.02285493129562909
4.5849609375,0.04790017070198282,0.03521336880275247
4.599609374999999,0.036135631958693376,0.03645886462991579
4.6142578125,0.011057347493829804,0.02677018752311145
4.62890625,0.02468689832422921,0.039830344197263064
4.643554687499999,0.04126876051589619,0.04901782881554115
4.658203125,0.04805843619590224,0.04152164109541078
4.6728515625,0.04977765600443893,0.0427432212652012
4.687499999999999,0.0452968902906208,0.04787374241281008
4.7021484375,0.04221802392543717,0.03645163705814237
4.716796875,0.0373590809069134,0.024487310062329338
4.731445312499999,0.024072001765708374,0.026141631390363643
4.74609375,0.006542776271347224,0.0231815155554649
4.7607421875,0.013436555226366621,0.013944606717439335
4.775390624999999,0.027425933806943793,0.016430303281037506
4.7900390625,0.03018970764138548,0.0214299303112135
4.8046875,0.027938313073826982,0.01459184074129454
4.819335937499999,0.03331434528071114,0.011992415725331733
4.833984375,0.03779558805576702,0.02085783210487047
4.8486328125,0.03308069831299331,0.019873209227253046
4.863281249999999,0.027479818555243164,0.010577843812240651
4.8779296875,0.028326357319475404,0.015692331933145887
4.892578125,0.02440129223545678,0.019176098226787612
4.907226562499999,0.014058781937321919,0.013577521579264371
4.921875,0.019349565879138515,0.012198120293839933
4.9365234375,0.03378092212253487,0.02673095196640469
4.951171874999999,0.022284326390464636,0.025266205575172358
4.9658203125,0.030862912921637547,0.026188772529677218
4.98046875,0.0731571867929146,0.043284372670197614
4.995117187499999,0.07612711382165047,0.0361408374362866
5.009765625,0.048494359587111915,0.031968647528014704
5.0244140625,0.037019015376567294,0.04587783678911711
5.039062499999999,0.03853248659442285,0.03852093054514735
5.0537109375,0.05073948636329239,0.028585775877097166
5.068359375,0.06757684197420763,0.038592689021437566
5.083007812499999,0.05845279760197093,0.0343580860938137
5.09765625,0.025031937338456822,0.025081521855075273
5.1123046875,0.018846634276832294,0.03433056925212594
5.126953124999999,0.03704294089567064,0.038528142550546714
5.1416015625,0.0390097048744157,0.035539468878688196
5.15625,0.04031521260462141,0.041669028337369386
5.170898437499999,0.042235427442033,0.044706254281371996
5.185546875,0.04154756305695425,0.041067790952911624
5.2001953125,0.041575201453363575,0.03853404301944555
5.214843749999999,0.04553406005150494,0.036564228965773674
5.2294921875,0.050471735129084365,0.03334566161454959
5.244140625,0.04660592059082687,0.027878201234775628
5.258789062499999,0.03717099785022702,0.023972072527173958
5.2734375,0.03062757364160637,0.023554076200693948
5.2880859375,0.02379219673372998,0.021298439759914294
5.302734374999999,0.0265659197016873,0.01978246540476943
5.3173828125,0.03554207122874497,0.025468246319536196
5.33203125,0.03191921782994378,0.029967580310337222
5.346679687499999,0.01813361290987738,0.030831685591738465
5.361328125,0.029923802972593897,0.0380943992797156
5.3759765625,0.04521121306727265,0.044482424881776145
5.390624999999999,0.045359336171139714,0.04186922551666846
5.4052734375,0.04734456730710144,0.04319677731281642
5.419921875,0.058439533749145615,0.04805301556157345
5.434570312499999,0.05587689386589384,0.041492291890780714
5.44921875,0.0390417554357934,0.035320744014780935
5.4638671875,0.03233100711913238,0.04098516926336457
5.478515624999999,0.032895115945545624,0.03645243691420567
5.4931640625,0.03156537571419239,0.027204561286737112
5.5078125,0.03175223320281212,0.03497401840444021
5.522460937499999,0.02420000964821469,0.03335576488226833
5.537109375,0.021333499313489372,0.026271020930453942
5.5517578125,0.027250584158425597,0.036934577386572506
5.566406249999999,0.02857773175084146,0.0391708589246152
5.5810546875,0.041569711960495005,0.033192374886147014
5.595703125,0.05465696239613646,0.04042674591775292
5.610351562499999,0.048368214282481094,0.04102720239956206
5.625,0.038467168659014284,0.03322673760037292
5.639648437499999,0.04628568187467685,0.03429988408636917
5.654296874999999,0.049602787358125906,0.033609523038015954
5.6689453125,0.04401608871772484,0.029187263339981524
5.683593749999999,0.037819881977171524,0.028361088748640014
5.698242187499999,0.027269427253256116,0.025380099615465293
5.712890625,0.025606497769160498,0.024219742296051568
5.727539062499999,0.03084871388848504,0.023797810383803082
5.742187499999999,0.02577646269518174,0.020403048293108145
5.7568359375,0.017943989692524233,0.024285336336467726
5.771484374999999,0.01732312515388756,0.028048646644151486
5.786132812499999,0.02480353972334004,0.024221032357382915
5.80078125,0.035787386289423254,0.02812175450237534
5.815429687499999,0.03885749186856181,0.030578500440244384
5.830078124999999,0.032868240193969306,0.023122247986408957
5.8447265625,0.030031436437438132,0.024323079733010875
5.859374999999999,0.03361585217641106,0.030368102560144206
5.874023437499999,0.033341154776497774,0.02864930195249891
5.888671875,0.03404103073300064,0.028624814521909996
5.903320312499999,0.04365214299679928,0.03753839445254303
5.917968749999999,0.04168378270264024,0.040058938581404496
5.9326171875,0.030810138254378026,0.0370994994259642
5.947265624999999,0.047604298509063406,0.04616082834162122
5.961914062499999,0.056068108256544916,0.05162283355564333
5.9765625,0.035235849038807145,0.043456842997188244
5.991210937499999,0.03583255082586028,0.047078665509905276
6.005859375,0.05201463987470847,0.044380784785850634
6.0205078125,0.053795514865988756,0.030228113502431955
6.035156249999998,0.05224563327777287,0.032304871763774196
6.0498046875,0.04250632879631986,0.028954172606483065
6.064453125,0.026628465422042932,0.018790154329769593
6.079101562499998,0.023371182214172663,0.023228482733771785
6.09375,0.03300369747601605,0.023315895493183195
6.1083984375,0.038658012642742136,0.017163818372767325
6.123046874999998,0.03463807597761446,0.022039239982481473
6.1376953125,0.027459450104554146,0.02706743512630043
6.15234375,0.0327063468752116,0.02246879594360806
6.166992187499998,0.03812651088002578,0.023377037627710765
6.181640625,0.03469901465562422,0.027020511004430273
6.1962890625,0.0327080519029543,0.021410351055871964
6.210937499999998,0.03267174614104982,0.01956738774132408
6.2255859375,0.02654551582940778,0.023177536646345594
6.240234375,0.022292136444285827,0.020232808401855935
6.254882812499998,0.02046130863382677,0.017605902907247818
6.26953125,0.022285306515955516,0.021100253859676336
6.2841796875,0.027364232712959572,0.020215296031714864
6.298828124999998,0.024062877810541016,0.015646879704571393
6.3134765625,0.024163321239407308,0.018536003424750466
6.328125,0.030452078920061094,0.018899671282063126
6.342773437499998,0.027610184611763955,0.013795367719658188
6.357421875,0.022814549943356462,0.014159862538268687
6.3720703125,0.022074739430720747,0.014402578323594616
6.386718749999998,0.01955935097485033,0.01346657325041203
6.4013671875,0.010709675226367486,0.014889641816830636
6.416015625,0.009126595073689002,0.015111763233350386
6.430664062499998,0.030518692108219333,0.020316437940739656
6.4453125,0.03876552166596952,0.020871069260703423
6.4599609375,0.03787927716388369,0.02080807586802375
6.474609374999998,0.03900692604627454,0.025871131416249957
6.4892578125,0.03741919455134722,0.023730621173861603
6.50390625,0.03354777576260304,0.020745206791058787
6.518554687499998,0.029447562882918103,0.0252971698447319
6.533203125,0.02572971200807395,0.026979881166180174
6.5478515625,0.024323632112637477,0.022516347223496734
6.562499999999998,0.022926580525810442,0.022987165751120687
6.5771484375,0.025081449233041654,0.025508580346610053
6.591796875,0.02777411153693468,0.021353969067165385
6.606445312499998,0.026492788917601987,0.02074285397814019
6.62109375,0.023362823970855595,0.027433265136294963
6.6357421875,0.022347040377796123,0.02836312756199164
6.650390624999998,0.028928089365051025,0.027416853651144966
6.6650390625,0.03441493740646691,0.03379393198001313
6.6796875,0.029003637163837297,0.03596843797145575
6.694335937499998,0.020773358311182558,0.032082593601253706
6.708984375,0.03117816106105316,0.034340069238819285
6.7236328125,0.038328291299448154,0.03620781193599022
6.738281249999998,0.03140333394973268,0.030727471270730024
6.7529296875,0.025880159812484767,0.028043576447671317
6.767578125,0.027124001666205065,0.027319103600560793
6.782226562499998,0.02169358875041594,0.023913891565116537
6.796875,0.018741157733135578,0.022530034575779415
6.8115234375,0.02741362984140234,0.022494909573880353
6.826171874999998,0.031454776445453726,0.023785517165850437
6.8408203125,0.02767455504569388,0.026558154872966665
6.85546875,0.020311193181399248,0.025906916033358332
6.870117187499998,0.021060906201656935,0.02678315366160158
6.884765625,0.023745663283394645,0.030288584458501203
6.8994140625,0.017778247418426634,0.02804250361857847
6.914062499999998,0.01734785441204181,0.02650096004256162
6.9287109375,0.022153589580371554,0.029467706294190585
6.943359375,0.023698824307020677,0.025404106669981903
6.958007812499998,0.032758638033472696,0.021999969740688817
6.97265625,0.03959027524410819,0.02367958245377071
6.9873046875,0.03631225325601985,0.02079984904724701
7.001953124999998,0.029080634623112906,0.02110977197067543
7.0166015625,0.022956908777031694,0.024042699024209618
7.03125,0.01344745918601801,0.024052655748877164
7.045898437499998,0.0059426905329705345,0.02670564007798552
7.060546875,0.014524390744902482,0.030634131121947676
7.0751953125,0.02146299137171863,0.03187509074450263
7.089843749999998,0.025569759299402597,0.03476791180271054
7.1044921875,0.030512768090711018,0.03752459244400288
7.119140625,0.0370667958961842,0.033790192749568834
7.133789062499998,0.042673723131949344,0.030900292442269876
7.1484375,0.04338380450608341,0.033377065888531884
7.1630859375,0.034751124147813235,0.028689188147675536
7.177734374999998,0.019887958737062734,0.021231191293644928
7.1923828125,0.013154049153649214,0.024321635879611756
7.20703125,0.016260745928888178,0.019905644678554504
7.221679687499998,0.0207302326447176,0.011880539118385009
7.236328125,0.026058274288516644,0.019087089399490484
7.2509765625,0.026387455411964775,0.020883846322196826
7.265624999999998,0.02149520089170956,0.013597660249878952
7.2802734375,0.020610218204512785,0.019409178408267676
7.294921875,0.0190709221783863,0.02213710228256604
7.309570312499998,0.0187385261900725,0.012077035897053641
7.32421875,0.028550332655631012,0.012112792190096963
7.3388671875,0.030358933508192736,0.01304357517156296
7.353515624999998,0.025213525223618524,0.004010034477191444
7.3681640625,0.022524541296554876,0.00730295906953492
7.3828125,0.019317450974143637,0.008847165442240503
7.397460937499998,0.02447600011087913,0.008802022340209709
7.412109375,0.029831700257683186,0.0135034676291718
7.4267578125,0.02270900119403048,0.015934772311326454
7.441406249999998,0.01382906250414966,0.017231648494978342
7.4560546875,0.01825968039774463,0.01772469417606575
7.470703125,0.01898542122067795,0.01751063674997587
7.485351562499998,0.017902938394991685,0.01846998829166991
7.5,0.02116855195352219,0.019571936270777267
7.5146484375,0.025729020044428032,0.019091189448744862
7.529296874999998,0.028471477799428963,0.019312457577822528
7.5439453125,0.03382719651281233,0.022561792713609054
7.55859375,0.03854313956992988,0.02135799269497097
7.573242187499998,0.03515525846915854,0.018678824024213066
7.587890625,0.02801248709398991,0.02403972813662195
7.6025390625,0.02112672523046301,0.024601699756221486
7.617187499999998,0.01737148504021516,0.02103552912001497
7.6318359375,0.01747354888576532,0.026894010898098543
7.646484375,0.016100057013936107,0.028350664089753747
7.661132812499998,0.02351436483711754,0.0209183611336098
7.67578125,0.03343266097887676,0.021670255028973594
7.6904296875,0.03307734565978082,0.024892381016554048
7.705078124999998,0.024084303443183016,0.018897485653648245
7.7197265625,0.02500967789737987,0.0164193260331358
7.734375,0.03254706926836026,0.02178191496462974
7.749023437499998,0.027932646481193816,0.01764662780197263
7.763671875,0.020275538865342467,0.016734342942977373
7.7783203125,0.022203507287841387,0.0216239448304111
7.792968749999998,0.01833557010983528,0.02011740582673791
7.8076171875,0.014783796153404425,0.02199267315780471
7.822265625,0.023241463034250707,0.02649363027703054
7.836914062499998,0.026096626100375143,0.02787537074434992
7.8515625,0.019815054558581714,0.028307004242964194
7.8662109375,0.01777728995878383,0.026759710497917054
7.880859374999998,0.024171176040349476,0.023793056853917645
7.8955078125,0.0248947747721314,0.02241893103532889
7.91015625,0.01829963240522377,0.022751698972078547
7.924804687499998,0.016283822103649988,0.022321421151823354
7.939453125,0.0196450143631127,0.021546293038479762
7.9541015625,0.015802729358290593,0.021386234484481813
7.968749999999998,0.012057631799080275,0.018290292247793185
7.9833984375,0.016173334177303704,0.01616344179447279
7.998046875,0.021882969583509302,0.018383485699185687
8.012695312499998,0.026229215470097295,0.019233372428328885
8.02734375,0.02910772226586722,0.01984934112109463
8.0419921875,0.029504788451037187,0.023852072422705473
8.056640624999998,0.02677488519933457,0.024785566480567192
8.0712890625,0.022619747041347008,0.022104458117611022
8.0859375,0.014458609548435445,0.020972712691599414
8.100585937499998,0.011196514879442768,0.018576822039203904
8.115234375,0.018409095575920242,0.01524642040033739
8.1298828125,0.016353000555833306,0.014134615153009969
8.144531249999998,0.018478917689053843,0.015102660074897875
8.1591796875,0.03139959957232754,0.016345265041856055
8.173828125,0.037245767340731976,0.015891886725945395
8.188476562499998,0.03192364693704716,0.017973029819883784
8.203125,0.023763301916731643,0.02084811941862292
8.2177734375,0.025601585198518507,0.020552112370749952
8.232421874999998,0.02833687930138356,0.02253587452068732
8.2470703125,0.02402438531689992,0.025283245416644135
8.26171875,0.025595248282623672,0.024918465037403442
8.276367187499998,0.030614165532292327,0.024782128885292635
8.291015625,0.027762247053341977,0.025524211807758823
8.3056640625,0.021567749417210076,0.02560487716199044
8.320312499999998,0.022833240028956866,0.02388817347194755
8.3349609375,0.023673648121452097,0.02120089010929211
8.349609375,0.02530869486232184,0.021110310906911744
8.364257812499998,0.02877020453066366,0.020844487265269194
8.37890625,0.025371010783202235,0.017611674567417118
8.3935546875,0.018308338474688112,0.016837116446786652
8.408203124999998,0.01896563568146089,0.01698715420778763
8.4228515625,0.01979705765462331,0.012934796974512715
8.4375,0.018235597358066194,0.010986949345220773
8.452148437499998,0.019950590520540806,0.012269184729196615
8.466796875,0.019453609717299182,0.010655138832466207
8.4814453125,0.021180686526324963,0.010848343339942735
8.496093749999998,0.025152457199936,0.013358414714947876
8.5107421875,0.024816237091087007,0.013109730392153716
8.525390625,0.025656299051321305,0.013348613794239576
8.540039062499998,0.028507829281367598,0.01463652001298895
8.5546875,0.023659646431677363,0.015135948247587412
8.5693359375,0.012128623620708595,0.016335983937068463
8.583984374999998,0.017039899601838816,0.01763719875807077
8.5986328125,0.02134185500062143,0.01824664395596193
8.61328125,0.018467499626802778,0.01904610313604621
8.627929687499998,0.024026535277087237,0.018470010913237942
8.642578125,0.031120626370504802,0.01843890152105925
8.6572265625,0.027296895897594275,0.021167898020210667
8.671874999999998,0.021757342716779576,0.02285462190974411
8.6865234375,0.025098919135627867,0.023230491456625323
8.701171875,0.024189948885673614,0.026338553427944646
8.715820312499998,0.020702722223266953,0.027951069698168872
8.73046875,0.021773127301808824,0.02625682611739884
8.7451171875,0.02642907157545799,0.02753554743423249
8.759765624999998,0.02693029540142725,0.027855005737232184
8.7744140625,0.021858825364733145,0.023783635784281797
8.7890625,0.01878732403415782,0.021733402938723768
8.803710937499998,0.018279394644656232,0.020450607485392926
8.818359375,0.024506669700306963,0.017608501752224302
8.8330078125,0.02992859893787573,0.016023674974009704
8.847656249999998,0.02938561702569053,0.015744312117152718
8.8623046875,0.029122744306911672,0.01583287120218207
8.876953125,0.030993937860323693,0.016102298946164124
8.891601562499998,0.031217988758225037,0.017420335457531216
8.90625,0.027382637433936784,0.020759470477289144
8.9208984375,0.015226264026404526,0.023723492522685713
8.935546874999998,0.011845614651895181,0.024981370012281085
8.9501953125,0.03131826826166698,0.027711024062135863
8.96484375,0.0396114353940978,0.028439511577023166
8.979492187499998,0.03255441820443637,0.024950787938827903
8.994140625,0.0240503591993113,0.0243695627853878
9.0087890625,0.021152633508444235,0.022717736093912914
9.023437499999998,0.018475776744411587,0.018559776078936593
9.0380859375,0.02124012996905574,0.019192316945594538
9.052734375,0.01881690628705084,0.018407882493652838
9.067382812499998,0.015909085172863362,0.017211421124168434
9.08203125,0.02661916697671388,0.019937768360910105
9.0966796875,0.031114591694623616,0.020277504558362046
9.111328124999998,0.028394709051597158,0.02192192720019242
9.1259765625,0.028246968962182744,0.025321652334759942
9.140625,0.027778099863583625,0.026677565568222247
9.155273437499998,0.022887894270707893,0.028202296278690846
9.169921875,0.019835721636036276,0.030558365106160584
9.1845703125,0.025843309264926145,0.0302237463838701
9.199218749999998,0.028859650563158583,0.028619101406834387
9.2138671875,0.021323685611851974,0.028664091530595858
9.228515625,0.013934181318968827,0.026708499411786983
9.243164062499998,0.018892875916478657,0.023093992892913175
9.2578125,0.01854268858891551,0.021653257941628624
9.2724609375,0.012566168654720012,0.018473634593801216
9.287109374999998,0.01236580383038406,0.013578021402576659
9.3017578125,0.015182817597998265,0.012417092974601264
9.31640625,0.0120967893681,0.011454075848282154
9.331054687499998,0.010557225077618849,0.009064570769909666
9.345703125,0.016568117632397517,0.012418981123530674
9.3603515625,0.01743314556994919,0.013885397805995745
9.374999999999998,0.01589245222745818,0.013395240126192342
9.3896484375,0.02075305304508207,0.017520869470040543
9.404296875,0.023146360081343312,0.017365063356721364
9.418945312499998,0.020440415267890935,0.015121155517172465
9.43359375,0.01835499879593897,0.018854345867035403
9.4482421875,0.015446581910225939,0.019579698977788423
9.462890624999998,0.016561279710200154,0.016039753549297167
9.4775390625,0.021009375914677317,0.017413932402651076
9.4921875,0.020813913875836896,0.016992627943706137
9.506835937499998,0.019116956177128323,0.013309519661731212
9.521484375,0.01794828151083137,0.013583331995370096
9.5361328125,0.016193335022102885,0.013644731740595682
9.550781249999998,0.017264876597475252,0.012737625654972
9.5654296875,0.019382197395214476,0.01316793355958993
9.580078125,0.01673570030837353,0.013282462330983966
9.594726562499998,0.012579047565148108,0.014826099905807985
9.609375,0.013855206209317862,0.014602005351932444
9.6240234375,0.013976967377728518,0.012711454426780691
9.638671874999998,0.015589788802823166,0.014716100539764004
9.6533203125,0.018823770850014066,0.014255688804058215
9.66796875,0.02017591531192563,0.010347891215987582
9.682617187499998,0.025026515226777096,0.013545216792654882
9.697265625,0.02767184765193647,0.016046101363351196
9.7119140625,0.02380550584609401,0.01180110820388676
9.726562499999998,0.024329485308284035,0.015463537324906315
9.7412109375,0.02751784976794293,0.019275579018036827
9.755859375,0.02945243408803451,0.016283761222626692
9.770507812499998,0.033911082789462504,0.02000105691674704
9.78515625,0.034966956205686885,0.025365329837802337
9.7998046875,0.0351201028158859,0.023984736575649437
9.814453124999998,0.035908801186373386,0.024089249744108428
9.8291015625,0.029626941140144164,0.026322041375756555
9.84375,0.0209297592513676,0.02488747233942148
9.858398437499998,0.01874226324165866,0.022189555387380742
9.873046875,0.01434623285771879,0.021468805337008474
9.8876953125,0.003611285168616989,0.020091773278001764
9.902343749999998,0.016245587019978466,0.016469577507265826
9.9169921875,0.026695881590965274,0.012891042590514074
9.931640625,0.02636873308819913,0.01067934122977925
9.946289062499998,0.018688162744529092,0.009077903967723532
9.9609375,0.010566859773263661,0.008596796185750934
9.9755859375,0.01029367073671928,0.010959543835229847
9.990234374999998,0.015179183823321424,0.013557410498688572
10.0048828125,0.015449755863485536,0.014631026614893457
10.01953125,0.009433004538016957,0.01537943677196803
10.034179687499998,0.0025844214554840528,0.01623271210281418
10.048828125,0.013214698970646494,0.016206789467059248
10.0634765625,0.020626220424220725,0.01525142563929187
10.078124999999998,0.01892121121890887,0.014679803842954765
10.0927734375,0.010625922350431598,0.014700936737644298
10.107421875,0.011437448735294925,0.01265960167139479
10.122070312499998,0.014071895545920466,0.007716801065435034
10.13671875,0.009309497490966039,0.0028694038919676174
10.1513671875,0.0006522616739351746,0.002596588994464257
10.166015624999998,0.010047763671150515,0.007292780832318109
10.1806640625,0.01534977238203835,0.011471492309262159
10.1953125,0.014649696734853404,0.012786050561704522
10.209960937499998,0.012531222028143673,0.014243278239658229
10.224609375,0.015557686725059085,0.018419740900151717
10.2392578125,0.018732233674787133,0.021121019733699835
10.253906249999998,0.016329335643625518,0.02079266359703555
10.2685546875,0.013178367291012181,0.02173013928031328
10.283203125,0.019142204234855492,0.022862193065857773
10.297851562499998,0.024362125823455653,0.019993949547363662
10.3125,0.023925035969105127,0.017071214389510102
10.3271484375,0.020990404887977224,0.016688460295443682
10.341796874999998,0.015508364263776298,0.013296830065335106
10.3564453125,0.009206178374726943,0.01127587769759116
10.37109375,0.006621158537893428,0.013170980867058433
10.385742187499998,0.0032908644901762443,0.011258635949724025
10.400390625,0.005668076739025764,0.011677400906985744
10.4150390625,0.0095240427063871,0.014744867506739982
10.429687499999998,0.009842045562139393,0.014029455082845308
10.4443359375,0.014282602914922015,0.013554253019520493
10.458984375,0.022209970463758007,0.01735977899772111
10.473632812499998,0.020453340605178942,0.015164274465765206
10.48828125,0.007230782650565624,0.008782282926117846
10.5029296875,0.007437454994418334,0.009324531918671363
10.517578124999998,0.014390071642382202,0.006203847687932831
10.5322265625,0.014006224935088941,0.004369606644752041
10.546875,0.015484965882677202,0.012247617124879871
10.561523437499998,0.025086901534451703,0.013181223349879641
10.576171875,0.03607186268308008,0.018102490641297757
10.5908203125,0.03459778273176531,0.02359075496923746
10.605468749999998,0.021110645431155733,0.02206434577998715
10.6201171875,0.020005528297340914,0.021847743290664152
10.634765625,0.026339615145106948,0.02575381577643098
10.649414062499998,0.022777698511218282,0.026086147278273932
10.6640625,0.018698462459781268,0.023647103076301072
10.6787109375,0.021964163313809352,0.022529601794566062
10.693359374999998,0.022362537452309726,0.021270573154134005
10.7080078125,0.020078135474994985,0.01939410474446128
10.72265625,0.01692945687296216,0.017062195531320403
10.737304687499998,0.00982578944263371,0.013760092272742306
10.751953125,0.006084605745857639,0.010248804742426041
10.7666015625,0.015750230551108364,0.007411902385030961
10.781249999999998,0.015243148255292745,0.008200557707658717
10.7958984375,0.01337569177003142,0.012395816342888761
10.810546875,0.025862239282467656,0.015305153440992548
10.825195312499998,0.028353168993758518,0.01647121524334205
10.83984375,0.018928185488386245,0.01782452081805514
10.8544921875,0.02069677698192356,0.018551064773074086
10.869140624999998,0.0322577873442528,0.017831114599077144
10.8837890625,0.03511147470749776,0.016980139243695593
10.8984375,0.03040053453240673,0.017486059666365225
10.913085937499998,0.027758156568809714,0.01795996674675039
10.927734375,0.02688444745221679,0.015966465268558577
10.9423828125,0.025763234937523406,0.015300199674485706
10.957031249999998,0.023317243284534522,0.01562870768797231
10.9716796875,0.012596540448546543,0.012381223389770907
10.986328125,0.012580763208220054,0.013178905804722862
11.000976562499998,0.023826035982788277,0.014107475211890916
11.015625,0.027811628489786168,0.012614670104763706
11.0302734375,0.029787975720714344,0.014491082917050828
11.044921874999998,0.02836692052950894,0.013627812541384569
11.0595703125,0.023456765113001935,0.012039667846278775
11.07421875,0.021014998161032916,0.0131172948461766
11.088867187499998,0.02024823504506479,0.013718217146851442
11.103515625,0.017751980235141806,0.014710591923013348
11.1181640625,0.014556560325328602,0.0176616352169322
11.132812499999998,0.016954477721530536,0.019327912893627442
11.1474609375,0.022274898505192417,0.020515163655156106
11.162109375,0.020798377939587973,0.023247192380926117
11.176757812499998,0.018905959871386522,0.023904678664341462
11.19140625,0.026477942110301602,0.023968816609350123
11.2060546875,0.028980751935623987,0.024878149529470553
11.220703124999998,0.027794250324126926,0.02331779578633388
11.2353515625,0.033767250077195075,0.022686195691691724
11.25,0.036689179746470936,0.022592063558980705
11.264648437499998,0.03096349989841855,0.0196004516924702
11.279296874999998,0.02849231281085929,0.01865683138102841
11.2939453125,0.028168214250969367,0.017642018407474064
11.308593749999998,0.019755997056302887,0.014383067866956738
11.323242187499998,0.012056530210189344,0.014482761469353329
11.337890625,0.016287447629822233,0.014785271309287487
11.352539062499998,0.018266666570370352,0.01323245941554632
11.367187499999998,0.018557982106560386,0.01413614813630247
11.3818359375,0.020428224424592748,0.016522380736608784
11.396484374999998,0.019598465867393427,0.016187869724787286
11.411132812499998,0.014632229563382188,0.01516472474459463
11.42578125,0.01321617433474026,0.017201816425813407
11.440429687499998,0.013792878350131491,0.01696063702019086
11.455078124999998,0.007053918973801102,0.013483019637254037
11.4697265625,0.007915555112917633,0.015995410524627916
11.484374999999998,0.0176974139806786,0.017633887913937978
11.499023437499998,0.019382819644839667,0.014408210956934548
11.513671875,0.01659235506276001,0.01788974354192343
11.528320312499998,0.017457001088021343,0.021467262625325067
11.542968749999998,0.01818316710253343,0.01838092883119673
11.5576171875,0.015533507153954709,0.01877698411644205
11.572265624999998,0.01133568655955411,0.02160999250964948
11.586914062499998,0.010480089833283537,0.02050893853313783
11.6015625,0.012211491969820625,0.019226069581365975
11.616210937499998,0.008907369354589781,0.0183766936237975
11.630859374999998,0.0034251418792993777,0.014684426171873618
11.6455078125,0.0011103299930150877,0.011056935570891636
11.660156249999998,0.007686490898736853,0.007356268651742531
11.674804687499998,0.01512026648202548,0.0016733041697701275
11.689453125,0.016526288687355506,0.0039045523280979255
11.704101562499998,0.019570767736787974,0.008027157041117203
11.718749999999998,0.026633402821137492,0.014903062333017263
11.7333984375,0.023499872630862558,0.017700490248256005
11.748046874999998,0.014098770715157883,0.01700820219879438
11.762695312499998,0.01745735833770391,0.019637780885811258
11.77734375,0.020141803038344792,0.021486322727069674
11.791992187499998,0.01733248978770548,0.01889041838104529
11.806640624999998,0.023162040850769786,0.016178347933701053
11.8212890625,0.027944151413600137,0.016449016880495528
11.835937499999998,0.026192313703056858,0.01746962041668748
11.850585937499998,0.026785934144104923,0.015141465563965836
11.865234375,0.030290773160821377,0.01295341755778723
11.879882812499998,0.028003537919620777,0.015677182276434602
11.894531249999998,0.021726672365902477,0.01493537898716249
11.9091796875,0.02340281955739142,0.015777115945597442
11.923828124999998,0.026856428856972373,0.022228428245882063
11.938476562499998,0.020648577393565,0.023261613824520282
11.953125,0.021935791441063477,0.02219215765298001
11.967773437499998,0.029425461830953997,0.023360802255752634
11.982421874999998,0.024551559338494695,0.020736887370903526
11.9970703125,0.01586347586515137,0.01674411593391144
12.01171875,0.0122255803625685,0.014225150354437756
12.026367187499996,0.008499953277938064,0.011942251675490605
12.041015625,0.0152815457415848,0.011103629570042864
12.0556640625,0.023002900040374183,0.009769983965367874
12.070312499999996,0.021716600932808017,0.007109047066498303
12.0849609375,0.017680652729316394,0.009618267827691731
12.099609375,0.021302506130024355,0.01099095175230302
12.114257812499996,0.025701337196807422,0.011356656482129954
12.12890625,0.024041913370368585,0.016876727881459382
12.1435546875,0.01698588427014077,0.019991376655867678
12.158203124999996,0.01345454517891713,0.019020723687934525
12.1728515625,0.01634600930400413,0.019153331320250103
12.1875,0.02139459612666841,0.019494887542430773
12.202148437499996,0.02424899883037023,0.01621493986223012
12.216796875,0.02258913035138824,0.011622624571921201
12.2314453125,0.019363259781752306,0.011715450609228652
12.246093749999996,0.016026299108143332,0.01190981276278267
12.2607421875,0.01028877398070703,0.006969707517007462
12.275390625,0.010615497358949323,0.010432570464237706
12.290039062499996,0.014345291140224063,0.014815510677428813
12.3046875,0.018424286915101742,0.014352945957761237
12.3193359375,0.02904506384622826,0.02096482389142911
12.333984374999996,0.030784217708647164,0.024501040353814986
12.3486328125,0.02092733871782444,0.02233425092502304
12.36328125,0.01729178389873594,0.023567653443217946
12.377929687499996,0.01993321079738698,0.023665183613561715
12.392578125,0.017029373548462547,0.021245557638010386
12.4072265625,0.015242492390447017,0.019727623089533776
12.421874999999996,0.015569324143515724,0.015115025757330145
12.4365234375,0.011343419314544884,0.010783926283602125
12.451171875,0.005348900162764116,0.010270367602243724
12.465820312499996,0.004891836563967412,0.0072358081885718585
12.48046875,0.010514410296499186,0.0032450947209855443
12.4951171875,0.013384183945567348,0.008883456526685868
12.509765624999996,0.00723323435188675,0.007960440652817737
12.5244140625,0.01256594620661278,0.008449518150087668
12.5390625,0.024988828191824013,0.016333639721891967
12.553710937499996,0.02276491876345666,0.015140570653442598
12.568359375,0.0145040513047298,0.01268973991167188
12.5830078125,0.017157687776428433,0.020258653734399376
12.597656249999996,0.01459344646553368,0.020077166749347175
12.6123046875,0.011622398412174622,0.01427929743739597
12.626953125,0.022497783272727754,0.01930832577632908
12.641601562499996,0.02622435275223352,0.01888133300631685
12.65625,0.020539776066589573,0.012501745360454602
12.6708984375,0.015346036950885744,0.01512335840845038
12.685546874999996,0.014709689194444198,0.0178036701626754
12.7001953125,0.014907419692494065,0.01575090138341077
12.71484375,0.018739366160093217,0.01638972141509929
12.729492187499996,0.021682988227609133,0.020392735569672363
12.744140625,0.020118825286122053,0.020195787780940038
12.7587890625,0.022802014961023572,0.01831029192420326
12.773437499999996,0.02527722035563883,0.01779901271908014
12.7880859375,0.018782953576185715,0.01655949287203446
12.802734375,0.009420633128629247,0.01549412944479187
12.817382812499996,0.014037406446953732,0.011580005339672692
12.83203125,0.01924033959644745,0.009202540039862282
12.8466796875,0.017042400705204526,0.011328563201074482
12.861328124999996,0.014602232906223755,0.007039814400837215
12.8759765625,0.022734591932826204,0.008330387996587066
12.890625,0.027565128576401907,0.013943255131369826
12.905273437499996,0.019583387602597653,0.012851966188349138
12.919921875,0.011584549376485119,0.010371349001513036
12.9345703125,0.01997406986355314,0.01649243111138653
12.949218749999996,0.018420033276756106,0.016339699685970887
12.9638671875,0.007135804341413951,0.010105299309060341
12.978515625,0.007855334150999298,0.011638048517523682
12.993164062499996,0.011812323565157958,0.013703009073390757
13.0078125,0.009574883096155529,0.00901637361302554
13.0224609375,0.01121258168496491,0.006683566655284869
13.037109374999996,0.013411191077721036,0.009963810189053965
13.0517578125,0.011914600750595385,0.008908163333493483
13.06640625,0.011614529144474492,0.006954967995908486
13.081054687499996,0.016099559717757003,0.010567472078170907
13.095703125,0.017167259589939782,0.011785766396026097
13.1103515625,0.012627658153478721,0.009266985388344284
13.124999999999996,0.012206580334945578,0.010199559631934944
13.1396484375,0.013105721761611193,0.012853516988429297
13.154296875,0.008307198569446185,0.01123976880382998
13.168945312499996,0.01256008380926058,0.009339003606563506
13.18359375,0.01659198709487767,0.010455486007937142
13.1982421875,0.014267344492060505,0.01060767168576775
13.212890624999996,0.01512571466085322,0.010215490303297924
13.2275390625,0.015979937278734632,0.011473331954884642
13.2421875,0.011021073904044646,0.014924526562478066
13.256835937499996,0.005850306674697055,0.01575321068475576
13.271484375,0.007286113753516723,0.014625402609385845
13.2861328125,0.010921153134151826,0.017895004206864778
13.300781249999996,0.011093666570210266,0.01984518332559161
13.3154296875,0.010746781271305272,0.017056886344844115
13.330078125,0.019136643951456523,0.01758939263365099
13.344726562499996,0.025368120990672326,0.018744077658099143
13.359375,0.025768858555324695,0.014380789028120792
13.3740234375,0.02528620945100687,0.011968510077331032
13.388671874999996,0.026257307579247078,0.013477550067301787
13.4033203125,0.023443785168884103,0.012193197218850295
13.41796875,0.015913723095639813,0.01302552047758513
13.432617187499996,0.015550947917924118,0.017106087145590643
13.447265625,0.01919768568041008,0.019731142375183797
13.4619140625,0.020012023389405994,0.02355574043873944
13.476562499999996,0.020993303641856417,0.02683926902986199
13.4912109375,0.020295436106705804,0.027596339118273503
13.505859375,0.01777229604976715,0.028733273115357658
13.520507812499996,0.017395895782733373,0.0282326122596675
13.53515625,0.020564266133673483,0.02490624380805309
13.5498046875,0.023463803041458176,0.024031190688409303
13.564453124999996,0.02276727698221982,0.024525378743685402
13.5791015625,0.02022195818884178,0.02111689585918542
13.59375,0.01867213105088612,0.018225055021979686
13.608398437499996,0.019142460995646586,0.02063625826141477
13.623046875,0.020850669180406147,0.018425761201073202
13.6376953125,0.020586541342187882,0.012328078944221846
13.652343749999996,0.017409861286729878,0.01508134015513777
13.6669921875,0.01207305529491548,0.014881487818632284
13.681640625,0.01164158950593392,0.009103828932494009
13.696289062499996,0.017758411770633205,0.0130277826346241
13.7109375,0.01812090792333992,0.014085574189573211
13.7255859375,0.011329865407595792,0.007880998265103077
13.740234374999996,0.01078251681612279,0.009644272051917476
13.7548828125,0.011134833648252592,0.008795349655184194
13.76953125,0.009146188834084008,0.004212491814863291
13.784179687499996,0.011441708888139803,0.005975114847313943
13.798828125,0.01205831843172926,0.005446908588337316
13.8134765625,0.008951452860900705,0.005504803624127917
13.828124999999996,0.0048767007050090645,0.007530605998256399
13.8427734375,0.00896724183132778,0.0067378624398286
13.857421875,0.01516765373036646,0.008932182754807578
13.872070312499996,0.014081460326842701,0.011220968906075407
13.88671875,0.005214292377032431,0.009011776730709789
13.9013671875,0.012499467911684206,0.010590567800613192
13.916015624999996,0.019567379172344922,0.014357927795079132
13.9306640625,0.013861398422454173,0.00934087223653817
13.9453125,0.009494766112159724,0.00716352264459005
13.959960937499996,0.015416477221541583,0.010759093962691188
13.974609375,0.011448382079777235,0.006202558653450941
13.9892578125,0.0064558081316339845,0.0016384097244283643
14.003906249999996,0.009096523350578313,0.007130148281878143
14.0185546875,0.0028006169114139653,0.00604669449033748
14.033203125,0.010216470337618716,0.002501149439725753
14.047851562499996,0.016681698492234793,0.004349860499894149
14.0625,0.012461662986552546,0.0063226097564497525
14.0771484375,0.005257230556973614,0.004022496249412818
14.091796874999996,0.0027318783825987115,0.005629376913379068
14.1064453125,0.004435938820125219,0.01034622247465442
14.12109375,0.006056043657686402,0.007069371756065013
14.135742187499996,0.011157888698607878,0.008425210828806711
14.150390625,0.01148244942268558,0.0105298967776735
14.1650390625,0.008594706024221306,0.008404366958474728
14.179687499999996,0.010346928388121351,0.007523101369951116
14.1943359375,0.012455391324049802,0.010740714298181945
14.208984375,0.01009899008405652,0.011600586745658089
14.223632812499996,0.011335016047833704,0.008811203148968409
14.23828125,0.014386278866771782,0.008941062137654854
14.2529296875,0.013606873514457229,0.010118566640381122
14.267578124999996,0.015174816308378927,0.00902167150181486
14.2822265625,0.020897003602165103,0.008455115577221803
14.296875,0.022002120784587006,0.011263064377687045
14.311523437499996,0.01594308613870102,0.012629623447616662
14.326171875,0.01148123292617379,0.012490827916023212
14.3408203125,0.01620874339337768,0.01497155821536362
14.355468749999996,0.020572081043621952,0.01809512943553659
14.3701171875,0.019834912948702994,0.019055454816692845
14.384765625,0.018138569140509018,0.01979885538442765
14.399414062499996,0.02174976019197605,0.021893246424570877
14.4140625,0.020725502282440144,0.021916823818887394
14.4287109375,0.014889631594865128,0.019594184720940107
14.443359374999996,0.019586531246714094,0.019165409260154906
14.4580078125,0.02333513925881406,0.018964105609461736
14.47265625,0.0183391896945668,0.015258144412424634
14.487304687499996,0.01656984282907447,0.011433068300454765
14.501953125,0.020751219797617577,0.010665149166296612
14.5166015625,0.020485003263518885,0.00910137041169174
14.531249999999996,0.013738615235884129,0.005118307254185417
14.5458984375,0.003521488760671179,0.004103394127741721
14.560546875,0.0054114458116943905,0.004752868113983086
14.575195312499996,0.0055244383481268785,0.005733344182560146
14.58984375,0.0109978765281754,0.009739113689968062
14.6044921875,0.02074050067535409,0.012574431573490509
14.619140624999996,0.02434920003102644,0.013754090128896165
14.6337890625,0.02262407336083141,0.015209866409399158
14.6484375,0.02043870948373833,0.015854896197841632
14.663085937499996,0.01703210545815803,0.01436685659674958
14.677734375,0.014011038601335438,0.01235752319805571
14.6923828125,0.013464966438851754,0.011655905724588156
14.707031249999996,0.013138063404302685,0.011503708399923228
14.7216796875,0.012803822522132649,0.011254618349548709
14.736328125,0.014458921092047692,0.011856001534391128
14.750976562499996,0.01589706491449443,0.012833975895038834
14.765625,0.01628112977672574,0.013160006126390355
14.7802734375,0.018994135372700182,0.013084416729662523
14.794921874999996,0.020149572959713247,0.01269358881467106
14.8095703125,0.017363463266790894,0.012451997831756437
14.82421875,0.013377311723047805,0.01197562440495106
14.838867187499996,0.012116350189974853,0.01123452765253945
14.853515625,0.015002710199137065,0.010209216399674181
14.8681640625,0.014609586469099928,0.008532707865737657
14.882812499999996,0.011933205940778385,0.006747268038521859
14.8974609375,0.014321021291911654,0.004168594486092607
14.912109375,0.015257120282103076,0.004686072973611288
14.926757812499996,0.011771739012372079,0.0050766506737581485
14.94140625,0.00480234173208894,0.004102760839055815
14.9560546875,0.003447991485381352,0.0071412029872258646
14.970703124999996,0.007228663506405174,0.008366298852909465
14.9853515625,0.01077133077415593,0.006265673244212614
15.0,0.015525697255164261,0.008538127129492928
15.014648437499996,0.01847798830788811,0.0118150447863908
15.029296875,0.014788885763058306,0.009751574351604697
15.0439453125,0.011579452802037168,0.008239704125037741
15.058593749999996,0.017154686275190862,0.011926863191697374
15.0732421875,0.018630355347666328,0.011992890455396173
15.087890625,0.013641819128470508,0.008728231091599077
15.102539062499996,0.007337737025257046,0.009789301857868492
15.1171875,0.006096506261467634,0.010044319383586842
15.1318359375,0.0074340175899597705,0.0064585305127559485
15.146484374999996,0.008746991783948421,0.005171692774521239
15.1611328125,0.012975426123798227,0.0067420264471333554
15.17578125,0.016579266389362343,0.007365818365797488
15.190429687499996,0.016159010833170964,0.00745872378450238
15.205078125,0.01696932857964677,0.011928488252222504
15.2197265625,0.019265927204238448,0.016096933931492235
15.234374999999996,0.014136446297662964,0.014941120294478956
15.2490234375,0.012938685182736831,0.016794546036883268
15.263671875,0.019505770053818924,0.01952602531167506
15.278320312499996,0.01659774430638696,0.01594367632131164
15.29296875,0.0149272169257633,0.013870203185937258
15.3076171875,0.02087688993981589,0.014866917568564965
15.322265624999996,0.018971689707630714,0.0115943210359464
15.3369140625,0.008841352791332111,0.007524903096091099
15.3515625,0.002544025760173429,0.006552616490511918
15.366210937499996,0.008262624234851596,0.005117024741253051
15.380859375,0.00573937354400807,0.0027793927321166007
15.3955078125,0.006804858839413621,0.0029474214342195123
15.410156249999996,0.01790380025132418,0.00579495518897194
15.4248046875,0.021858409844497804,0.007320499272401016
15.439453125,0.016146631350028733,0.008496973376972326
15.454101562499996,0.007863395641759672,0.0122965062454943
15.46875,0.014550779205318895,0.01576391320453474
15.4833984375,0.020061084597243414,0.016097927213838868
15.498046874999996,0.019130017958438644,0.01781384465630724
15.5126953125,0.018962193176146246,0.02106770153737883
15.52734375,0.018973001089332916,0.01816555296660097
15.541992187499996,0.01545079559065104,0.013395976378597407
15.556640625,0.01311127167275471,0.014278996141688639
15.5712890625,0.012270236228346708,0.013834705353937108
15.585937499999996,0.007470644600068778,0.009121973607192337
15.6005859375,0.007352116110368064,0.009078535444851977
15.615234375,0.013805737585099977,0.011609714667158946
15.629882812499996,0.015050928885074087,0.008123017810603192
15.64453125,0.018377082583091293,0.0100802555500107
15.6591796875,0.01894803154833411,0.01471002975367903
15.673828124999996,0.01044513031483651,0.013067838730412224
15.6884765625,0.011434780778569728,0.014606341978338957
15.703125,0.016879523674115247,0.017757462299179457
15.717773437499996,0.014782407176238101,0.016179169869946396
15.732421875,0.019896982282984848,0.01521578141877626
15.7470703125,0.026497700795019303,0.015445710787690208
15.761718749999996,0.025690827352238224,0.014092482325367297
15.7763671875,0.020258028882695636,0.012522342979693393
15.791015625,0.014182185858446139,0.010028631031932925
15.805664062499996,0.009404338140442508,0.009857790496411119
15.8203125,0.00867503992862209,0.010089838887531082
15.8349609375,0.00947613040193117,0.0082640278544516
15.849609374999996,0.013999394605194755,0.0105262031153651
15.8642578125,0.020149813387157316,0.013953509254896928
15.87890625,0.020401284336908198,0.01390616286823538
15.893554687499996,0.012940006931950437,0.014637954080175429
15.908203125,0.012510462563452304,0.017671349723818047
15.9228515625,0.017270509098502897,0.016886806375497006
15.937499999999996,0.014624073286452072,0.014299307012120125
15.9521484375,0.008171415900378029,0.01477102042729014
15.966796875,0.008090185323552435,0.013896918478473762
15.981445312499996,0.010053078235688774,0.010118771523112314
15.99609375,0.005956179442777176,0.007182118334501652
16.0107421875,0.006959424921068142,0.004476794748624383
16.025390624999996,0.013288735958618141,0.0026156480595350717
16.0400390625,0.010016814785913954,0.0023930329683592216
16.0546875,0.004539671223934328,0.0006587755135940007
16.069335937499996,0.012996662644617131,0.00539095247206079
16.083984375,0.016331681307317755,0.007954644827611485
16.0986328125,0.013395736307219625,0.007613543120040949
16.113281249999996,0.013869127853261054,0.01211700404539718
16.1279296875,0.014616135970264137,0.01388806110500922
16.142578125,0.010207239726778257,0.010640156809253804
16.157226562499996,0.010516011425031127,0.011614717569332484
16.171875,0.01014539276449783,0.013841371478499679
16.1865234375,0.004620513691113801,0.00912384814220179
16.201171874999996,0.008815072753976425,0.005348484727258554
16.2158203125,0.012124597048512707,0.006543084492962225
16.23046875,0.01087778877321708,0.003220048943515196
16.245117187499996,0.009921958753180216,0.0041911230460858215
16.259765625,0.009214613786251893,0.008111746620723453
16.2744140625,0.00564559868395713,0.007820464183712643
16.289062499999996,0.0033247966106916007,0.009012529134338258
16.3037109375,0.00515964115438697,0.011343268863193562
16.318359375,0.004661309044206524,0.010748112806063533
16.333007812499996,0.004125404899377234,0.010409160206326998
16.34765625,0.007488805331434795,0.011395399394376268
16.3623046875,0.010442922472568058,0.011677220182028424
16.376953124999996,0.00761190706805313,0.012805017165886532
16.3916015625,0.006747237732327221,0.012262466896534712
16.40625,0.01166777952857462,0.009424656532736969
16.420898437499996,0.015506763090202658,0.010620015741986306
16.435546875,0.017090834064529097,0.009375276294517202
16.4501953125,0.016721183337859772,0.005455066885284118
16.464843749999996,0.016469131728146905,0.00854890013977675
16.4794921875,0.0128220276186607,0.00838894980915421
16.494140625,0.0048036320208795875,0.005344653314658856
16.508789062499996,0.0021827517647353715,0.009216469528628719
16.5234375,0.0033725972215498294,0.008968878087789607
16.5380859375,0.008960208197551221,0.005911618837813341
16.552734374999996,0.013802106585471995,0.008740739989167289
16.5673828125,0.01654360067422527,0.009334884811638473
16.58203125,0.021677573608742923,0.008483238653840026
16.596679687499996,0.025692118617982557,0.01147820006014976
16.611328125,0.021878439323202863,0.014347972901248287
16.6259765625,0.01584928160036733,0.015480622206443199
16.640624999999996,0.014443499367156843,0.016212624812765485
16.6552734375,0.01285332819293583,0.01695540595435645
16.669921875,0.015361460043171219,0.017428524737684564
16.684570312499996,0.019334407225493937,0.015568078661443692
16.69921875,0.01812213109722045,0.013559360736204732
16.7138671875,0.011689007542076482,0.012641727763500133
16.728515624999996,0.006068004559194115,0.009403573796244272
16.7431640625,0.00708945974327034,0.0067054450614300815
16.7578125,0.005818381107003614,0.00700900164738456
16.772460937499996,0.002188955719296933,0.006670578034514952
16.787109375,0.006303344718990723,0.006793601537984584
16.8017578125,0.008592993071083977,0.008749967192307669
16.816406249999996,0.008261784057270016,0.009298111206943144
16.8310546875,0.009784920004703539,0.009924026961220639
16.845703125,0.009684075515054751,0.011004115048168128
16.860351562499996,0.003669887680786388,0.010046114455893655
16.875,0.009709775816254469,0.009626298456450398
16.8896484375,0.017887380293920032,0.010369632660773622
16.904296874999996,0.018344577500947284,0.008100899157665185
16.9189453125,0.018064460225907644,0.0063707329361954775
16.93359375,0.018483099928222474,0.00690401671523869
16.948242187499996,0.014039216165979763,0.00447863260795476
16.962890625,0.007340982101896728,0.005188309888422891
16.9775390625,0.008650541148805957,0.007695317818345355
16.992187499999996,0.011656283052425546,0.008252180727859238
17.0068359375,0.008338870077283123,0.009325271831927889
17.021484375,0.004539040593028524,0.010742833398421992
17.036132812499996,0.008107707089570874,0.011281702860966573
17.05078125,0.009170799943913437,0.010676309919455023
17.0654296875,0.007718912850045315,0.010311431883733626
17.080078124999996,0.0083921284219952,0.01163097184187336
17.0947265625,0.007959395892204487,0.010855356526608906
17.109375,0.005253164936801387,0.007423400442181209
17.124023437499996,0.010593363135975066,0.007379178851684025
17.138671875,0.01711217208557882,0.0074743514421733714
17.1533203125,0.018464973703024325,0.00677820155556158
17.167968749999996,0.015442731405556711,0.010077469463799088
17.1826171875,0.013467832716341584,0.011750113156359517
17.197265625,0.014264696212691531,0.010927053160279579
17.211914062499996,0.014092154825998885,0.011011801579741045
17.2265625,0.01179390626474643,0.013605514156119342
17.2412109375,0.009402382959865443,0.016549294242302084
17.255859374999996,0.009896879601106124,0.01642275078389349
17.2705078125,0.012042457484879426,0.016302705302148907
17.28515625,0.014709820776917092,0.01806824404175279
17.299804687499996,0.016866784445301704,0.014728356110645168
17.314453125,0.018209477904285266,0.009355808665426239
17.3291015625,0.01813829390593165,0.009039550753474568
17.343749999999996,0.01503130857222957,0.007442276710692417
17.3583984375,0.011829423769058132,0.0046372023584310765
17.373046875,0.013441026832506362,0.008574167406617997
17.387695312499996,0.013684578340153932,0.012087123771096787
17.40234375,0.008991573742232131,0.013591499038422076
17.4169921875,0.011727581263860223,0.01613222505175261
17.431640624999996,0.021374203290272783,0.019497882939580467
17.4462890625,0.023496915530854746,0.0194370312911381
17.4609375,0.017373413810410226,0.01724010317644717
17.475585937499996,0.01636911981885272,0.01901255882892901
17.490234375,0.02072562573099956,0.01922283533341909
17.5048828125,0.018088227670431844,0.014039680790784924
17.519531249999996,0.011710152374118219,0.01319619038343995
17.5341796875,0.010954901466807002,0.014460323904409487
17.548828125,0.016193611839493218,0.010517179151780144
17.563476562499996,0.0195353003453101,0.011196833562749945
17.578125,0.01599489537543279,0.013535798428036911
17.5927734375,0.013189466900441474,0.012127730212554188
17.607421874999996,0.013260700220855515,0.012477666744003798
17.6220703125,0.009321773807885705,0.013249861525842134
17.63671875,0.006647854879679561,0.013345360534128145
17.651367187499996,0.011636979193726676,0.013207035282608474
17.666015625,0.011701048727844863,0.012305488023498177
17.6806640625,0.00643129667526373,0.011745527436922417
17.695312499999996,0.00521427156707944,0.010536068314704352
17.7099609375,0.0064355484621689074,0.007419184861101037
17.724609375,0.01103085936914771,0.006078537110310008
17.739257812499996,0.016241198585025318,0.0062417390447225655
17.75390625,0.015372942641766755,0.0047577064450205
17.7685546875,0.013681871493949983,0.007468248193839407
17.783203124999996,0.013145688436135283,0.009569307398799905
17.7978515625,0.008691434881436302,0.010855547552432215
17.8125,0.012102712908489265,0.013899065888066253
17.827148437499996,0.017349415280021794,0.014956828026115454
17.841796875,0.01560076105871456,0.014641463060689445
17.8564453125,0.009047457093006753,0.013884982120618759
17.871093749999996,0.003507197137805297,0.011136232474486713
17.8857421875,0.005339971939349261,0.009617604992499822
17.900390625,0.0056487233439925085,0.00953039594034489
17.915039062499996,0.0007376512718954783,0.007829587886783538
17.9296875,0.008937472401722896,0.006758869501885362
17.9443359375,0.015382372081793435,0.007761389731061882
17.958984374999996,0.014900967925843561,0.00774920807480548
17.9736328125,0.012814017502473633,0.008063154260214362
17.98828125,0.012395975800198675,0.009772754342069846
18.002929687499996,0.011647724433743177,0.01066028636764415
18.017578125,0.01210024605803003,0.010877833525604614
18.0322265625,0.012095751262847676,0.011287140131436847
18.046874999999996,0.007883555067799456,0.012113120402782685
18.0615234375,0.002851713200550968,0.012153559473298011
18.076171875,0.010774443985179809,0.009861506750992429
18.090820312499996,0.01621019560284716,0.008530629911241327
18.10546875,0.0168250644404189,0.008649750989576108
18.1201171875,0.014889409420906533,0.006454397038078641
18.134765624999996,0.015045171498106628,0.005639840164561323
18.1494140625,0.01613332432294361,0.007158469514023745
18.1640625,0.014460181670972582,0.006304493524142428
18.178710937499996,0.01040190118588696,0.005719298661243025
18.193359375,0.004970891289601151,0.007396276023596825
18.2080078125,0.0014877684583745239,0.008965736677033802
18.222656249999996,0.0075960804610962504,0.00881513579652988
18.2373046875,0.013580817783263945,0.008619388835081686
18.251953125,0.01809421406586711,0.010614827470921285
18.266601562499996,0.018094060990422284,0.00975319533421057
18.28125,0.016856332892905317,0.007931744199219546
18.2958984375,0.018234008147539126,0.01025383736991969
18.310546874999996,0.017716827511060986,0.009743852827874752
18.3251953125,0.014167683389041792,0.009162202481117558
18.33984375,0.010686928883780212,0.012021837021549096
18.354492187499996,0.008738914960204024,0.013997674565032396
18.369140625,0.010014699216290921,0.01433842621045178
18.3837890625,0.01604281418882926,0.01376212957482698
18.398437499999996,0.018189687059019556,0.01376656550380252
18.4130859375,0.011953196635699001,0.013829195013388794
18.427734375,0.005584482073736859,0.010541947369133622
18.442382812499996,0.015473548872343115,0.008342684246132756
18.45703125,0.01580083638805367,0.009284653347127917
18.4716796875,0.006473447672169842,0.004754103364621148
18.486328124999996,0.01472432182648379,0.007088618126793132
18.5009765625,0.01619240624942407,0.010081459856950806
18.515625,0.010745885955390527,0.0077680099455905045
18.530273437499996,0.014538406485178866,0.010610512338750908
18.544921875,0.01552352555183794,0.014138450268086859
18.5595703125,0.008749327420707043,0.012007033591598082
18.574218749999996,0.0016206472881470928,0.010093996727944676
18.5888671875,0.006500190837067647,0.011617829821221481
18.603515625,0.008616354962906352,0.010089225224687949
18.618164062499996,0.008918568029355511,0.00723850690555903
18.6328125,0.010227941143207334,0.007409007987977059
18.6474609375,0.013183769448098863,0.008719356231777315
18.662109374999996,0.01623668500473722,0.007869351070725294
18.6767578125,0.015687442652352855,0.007167004845729738
18.69140625,0.010949834873028353,0.008694481206826461
18.706054687499996,0.008906326098954203,0.010956070112994579
18.720703125,0.010239569871314445,0.012754366879190236
18.7353515625,0.01321205054657004,0.014857859491640672
18.749999999999996,0.014775263311172498,0.017242165143725
18.7646484375,0.012215068952321146,0.018377609071114243
18.779296875,0.014044408877913033,0.017219521620956836
18.793945312499996,0.016723409699494055,0.015351445196771125
18.80859375,0.012168612990665548,0.01444068264879756
18.8232421875,0.007281634147889339,0.01231140194617148
18.837890624999996,0.013255621959735581,0.0086575623216753
18.8525390625,0.016962584574874668,0.007370064557169756
18.8671875,0.012495490339895398,0.006120192802531622
18.881835937499996,0.010460963390061459,0.0016499000177174223
18.896484375,0.013878949970611959,0.006389428139257642
18.9111328125,0.009237715595447489,0.00854387225145428
18.925781249999996,0.004386609401497226,0.009846181676951766
18.9404296875,0.015772582271752468,0.01436055638290597
18.955078125,0.021863253331853943,0.01786992971094964
18.969726562499996,0.020407784057236134,0.016983942275313225
18.984375,0.01745841857114223,0.015650030363878326
18.9990234375,0.015969199255418717,0.015978587095668212
19.013671874999996,0.011024380505609388,0.014087470013159699
19.0283203125,0.0029029303273017427,0.010925869294848787
19.04296875,0.008955515504108858,0.011221023372641319
19.057617187499996,0.015972978126007707,0.01161683834629671
19.072265625,0.014333309771425677,0.008049432832017655
19.0869140625,0.009383442244512631,0.007486651776334657
19.101562499999996,0.01167483742119721,0.008959198879795082
19.1162109375,0.011831805701898557,0.008765786953874694
19.130859375,0.009055969062645964,0.011587430552413474
19.145507812499996,0.00923630044915709,0.014085185138590887
19.16015625,0.007045321732459814,0.014568161680844096
19.1748046875,0.0039880398380962,0.016106839341215966
19.189453124999996,0.013271952228657707,0.01732386772463025
19.2041015625,0.018396416997899345,0.015893698060418956
19.21875,0.0178800279757789,0.014830009319750426
19.233398437499996,0.017761959399781313,0.014571692239402044
19.248046875,0.01646560195602402,0.013838191153763247
19.2626953125,0.009884862305460523,0.014396934334300211
19.277343749999996,0.0033071973969087923,0.014622167398393787
19.2919921875,0.013816809595738624,0.01334928997164857
19.306640625,0.018107508323732535,0.013666072738397966
19.321289062499996,0.015229011413553784,0.012875565937483503
19.3359375,0.014926556929626397,0.012256866173804472
19.3505859375,0.01699592941954935,0.013408096567539267
19.365234374999996,0.013652834872680219,0.012283584785998664
19.3798828125,0.012984560492876445,0.01159242914708364
19.39453125,0.01387115923480695,0.012188068693356651
19.409179687499996,0.007888740529308805,0.010343619681404344
19.423828125,0.009638902381432892,0.00974941317625989
19.4384765625,0.01968083610164612,0.011035417806866975
19.453124999999996,0.02271254416929252,0.009669081600243237
19.4677734375,0.018531150304261175,0.00931143241965881
19.482421875,0.013477692061389272,0.011054208998650679
19.497070312499996,0.011681404202227064,0.010471785435157595
19.51171875,0.01101304986452239,0.009690911970518142
19.5263671875,0.00910356743966461,0.01119815169156424
19.541015624999996,0.00508796670813944,0.011673695008527446
19.5556640625,0.001060047419090131,0.010461287895053333
19.5703125,0.007559096886764428,0.010377932315991918
19.584960937499996,0.010716490134002964,0.010743101114638125
19.599609375,0.010475316239880642,0.00877508870106078
19.6142578125,0.010716675679551533,0.006831449818010275
19.628906249999996,0.009700160947002958,0.005969967903810762
19.6435546875,0.0074150816974606435,0.004784285092983794
19.658203125,0.00648352573042151,0.004613859136123715
19.672851562499996,0.004525458854571689,0.004179819624962505
19.6875,0.004279712443623849,0.0058860178850652645
19.7021484375,0.007137674880441648,0.007803604396386578
19.716796874999996,0.010945483102975242,0.005822305470297957
19.7314453125,0.015727523461335276,0.00739736657739855
19.74609375,0.013829295458325206,0.009154818988922266
19.760742187499996,0.004283526100831866,0.004381090120562845
19.775390625,0.010024149371955388,0.0055516552410014375
19.7900390625,0.015327165008367949,0.007603300823450389
19.804687499999996,0.012578447280147812,0.003572805334944766
19.8193359375,0.007657566726584184,0.008401722346716827
19.833984375,0.01089471143688505,0.013165060296606561
19.848632812499996,0.01118236043194601,0.011460483442428046
19.86328125,0.015775817154063745,0.014409568081021002
19.8779296875,0.01994698132827515,0.018793233388462765
19.892578124999996,0.016655327330590334,0.015987473460428312
19.9072265625,0.013754873060193306,0.012610566236152185
19.921875,0.01216528068026669,0.014314708246856923
19.936523437499996,0.008298478118979264,0.013805445394025017
19.951171875,0.008369393335628328,0.009043709181322008
19.9658203125,0.011567806349434951,0.007248935218874566
19.980468749999996,0.008401836516379843,0.008162711541158567
19.9951171875,0.0015496806253692758,0.0035177929822303574
20.009765625,0.011254969324007878,0.00353147567278454
20.024414062499996,0.014080106553666321,0.005748953090381949
20.0390625,0.010126781164272965,0.005155540949245851
20.0537109375,0.0051091586291946035,0.009096220039924762
20.068359374999996,0.007403042351981855,0.011758982324535861
20.0830078125,0.0117609119531232,0.011866856831096097
20.09765625,0.013317732112588845,0.013429058726136908
20.112304687499996,0.011402928084890228,0.013549504659216255
20.126953125,0.01016278274838292,0.012416329500185482
20.1416015625,0.010446953043414621,0.013895174226829315
20.156249999999996,0.008649675129121494,0.013409917367822159
20.1708984375,0.011449091909749154,0.009726364179399427
20.185546875,0.01459532920696323,0.009908057368799794
20.200195312499996,0.011200270922600867,0.008633889745619024
20.21484375,0.007254164580741727,0.005301476695470224
20.2294921875,0.01090650464542683,0.008105391136186328
20.244140624999996,0.012554327835478715,0.010049212812115208
20.2587890625,0.013046126929670769,0.00982565134834105
20.2734375,0.013115100114619796,0.012137590327519954
20.288085937499996,0.009936216065174405,0.014203487369049042
20.302734375,0.004894488184786724,0.01244842487641184
20.3173828125,0.0005643072898164403,0.010082361739206238
20.332031249999996,0.0026669139670458613,0.010939289840257337
20.3466796875,0.0041300351189256295,0.009087224499616433
20.361328125,0.009212641393106307,0.0041525790801081605
20.375976562499996,0.01377730280781206,0.00412435244464482
20.390625,0.014526277521555265,0.003919437483812955
20.4052734375,0.01291653741476923,0.00043639878889667103
20.419921874999996,0.012010139027619016,0.004719691758533517
20.4345703125,0.014177859816978434,0.005869337307764408
20.44921875,0.015916834657679554,0.005390620820178788
20.463867187499996,0.01371083984396589,0.008884284998732827
20.478515625,0.007775129755014253,0.00972551957009595
20.4931640625,0.0012415417466694514,0.007453780974148244
20.507812499999996,0.006113438920395628,0.008717860832069713
20.5224609375,0.008521230526037149,0.009088105783033155
20.537109375,0.00870503904755413,0.004875574450230502
20.551757812499996,0.009343526281675778,0.0032332610297531256
20.56640625,0.007275112007079379,0.003390360901310971
20.5810546875,0.0028511708280124287,0.004136017419776555
20.595703124999996,0.006458336865066387,0.005547952206977851
20.6103515625,0.008970783797452923,0.004008072657707822
20.625,0.009124612371920525,0.007451745441039362
20.639648437499996,0.008590938601415023,0.011387095634707274
20.654296875,0.008068416937702041,0.01084959053785435
20.6689453125,0.007744904418820336,0.0099330748446136
20.683593749999996,0.008860759390966907,0.013280585520316947
20.6982421875,0.01063209602858015,0.015078256381968115
20.712890625,0.010758344685621892,0.013161492776202231
20.727539062499996,0.011315301983876584,0.012170176466599394
20.7421875,0.010405124513083761,0.013501593870239165
20.7568359375,0.00529160704438344,0.010913458243453113
20.771484374999996,0.00832452082478484,0.006213839433165272
20.7861328125,0.010282839125640148,0.006679411789636315
20.80078125,0.00562570631881497,0.005929203363215369
20.815429687499996,0.005182443401743202,0.003951301331562728
20.830078125,0.008291791155176843,0.0068140262146955816
20.8447265625,0.008191138714865674,0.00846388385318804
20.859374999999996,0.007033620836910739,0.007783804690345872
20.8740234375,0.008440587312180085,0.00858662102149018
20.888671875,0.007836432221250177,0.009904774119648786
20.903320312499996,0.006640347588578575,0.010536261650810697
20.91796875,0.011438878191759495,0.010700003794542582
20.9326171875,0.015063979927702142,0.010265193438566229
20.947265624999996,0.016098310250988162,0.011033376012059034
20.9619140625,0.01697530953398397,0.010819343505868703
20.9765625,0.017330379570939716,0.008742831460435982
20.991210937499996,0.017201251870979577,0.010492446912035255
21.005859375,0.013990668136656573,0.011687673124087332
21.0205078125,0.012480279735655051,0.010382989263645321
21.035156249999996,0.01665207878760866,0.01219573776629253
21.0498046875,0.016829039914187913,0.013882014241349792
21.064453125,0.012351917268129292,0.012466978783849673
21.079101562499996,0.009669542872284618,0.011150359468007366
21.09375,0.01094267540397637,0.011211400618451758
21.1083984375,0.010265851412149491,0.010600359523326074
21.123046874999996,0.006663619533241569,0.008453884436044194
21.1376953125,0.008697454379328715,0.008052629003067642
21.15234375,0.010908926699715382,0.008872377054965866
21.166992187499996,0.008106838560669509,0.0070539876915186855
21.181640625,0.00892950664170964,0.007450187738560861
21.1962890625,0.013163543108839569,0.009257104979140599
21.210937499999996,0.010099755153949687,0.009330784818218328
21.2255859375,0.0019903200159639323,0.010008783806497409
21.240234375,0.008257924750745625,0.010545316896511623
21.254882812499996,0.010489865371488478,0.010961965109908958
21.26953125,0.008015982849627753,0.010939864285512893
21.2841796875,0.010214640125899989,0.009502100138491672
21.298828124999996,0.018317901385411277,0.010302039184601238
21.3134765625,0.02321586884975439,0.011197082525404689
21.328125,0.021829880771075096,0.008537727214237869
21.342773437499996,0.017286858162642946,0.008980466658445799
21.357421875,0.01280121321537788,0.0110586379730541
21.3720703125,0.00764460960332056,0.00873730457761795
21.386718749999996,0.006803950855840914,0.009287788462663196
21.4013671875,0.008778971738053112,0.011040372778688851
21.416015625,0.0066478082638798475,0.008685898738434237
21.430664062499996,0.009998168603965636,0.008564737033639807
21.4453125,0.013612971510183796,0.009986573242796027
21.4599609375,0.012001600584672508,0.007239539434718621
21.474609374999996,0.009145449422918846,0.00580852582434356
21.4892578125,0.004909377853816528,0.0047699892340783605
21.50390625,0.003152856542554647,0.0010670942245972178
21.518554687499996,0.006478288005008566,0.0028949869532077467
21.533203125,0.007097712803183564,0.002474379406449702
21.5478515625,0.008637913290253502,0.0030773198554177707
21.562499999999996,0.009861469540125904,0.006923022218088673
21.5771484375,0.00827583495939139,0.008249137281634327
21.591796875,0.00737939442448917,0.008018406710468346
21.606445312499996,0.008489046458224596,0.010786049661281029
21.62109375,0.00824195171231105,0.012629811544750614
21.6357421875,0.004740108367695742,0.011066530990880051
21.650390624999996,0.0013133366813637983,0.01006406304481461
21.6650390625,0.0027026787861501125,0.01120510309700424
21.6796875,0.002384024785504443,0.009972339322481519
21.694335937499996,0.006400200016147094,0.006330491110422321
21.708984375,0.009187990288482216,0.005017068439885339
21.7236328125,0.006117861159088138,0.005070383693747765
21.738281249999996,0.002079873230035547,0.0031929152701667195
21.7529296875,0.004900048366936787,0.002879743707270979
21.767578125,0.0031113072016441395,0.002736601319025937
21.782226562499996,0.003134570630242423,0.004686215621367624
21.796875,0.005300431083610527,0.00620310211538087
21.8115234375,0.007806124225822751,0.005040006591172779
21.826171874999996,0.007683349134946634,0.0039260679395028844
21.8408203125,0.006939383900336302,0.004881840559317943
21.85546875,0.0049078254125096196,0.006203930876379422
21.870117187499996,0.009295163487596998,0.0063636626945933195
21.884765625,0.013640245526270205,0.006227849239889895
21.8994140625,0.011628746597000507,0.006011751292196151
21.914062499999996,0.009364553243748876,0.0053279258570046424
21.9287109375,0.009710254025563556,0.005682611334297716
21.943359375,0.006147184710990468,0.006019886165078712
21.958007812499996,0.007009347230156905,0.0065796691571120254
21.97265625,0.010082517162118615,0.007984328319089035
21.9873046875,0.0068471460232141295,0.008132942449749825
22.001953124999996,0.004661754461165415,0.00771772807508253
22.0166015625,0.010643076389647859,0.00917705976902908
22.03125,0.012317603798365601,0.009867262703603377
22.045898437499996,0.0062060621952328586,0.0070621109999584545
22.060546875,0.004725542288246954,0.005936615240383755
22.0751953125,0.012700313969372386,0.004940791676667854
22.089843749999996,0.01572273173947047,0.0022272206176903024
22.1044921875,0.01547129262199034,0.0054504418811619545
22.119140625,0.012234669089066274,0.005959472455914461
22.133789062499996,0.006368467813110062,0.006076929974996037
22.1484375,0.004735829860589981,0.009844645942841629
22.1630859375,0.008904877120864864,0.012547335880414021
22.177734374999996,0.00962168332685808,0.012571883170093242
22.1923828125,0.011667830888730545,0.01320250610990495
22.20703125,0.011526442444643827,0.01343699523583195
22.221679687499996,0.00810955463556473,0.012510575330547651
22.236328125,0.009228556252041794,0.011670650392681288
22.2509765625,0.013349443667775044,0.010418218822350032
22.265624999999996,0.01556425473664254,0.009291652987853246
22.2802734375,0.015151806728855665,0.00908659349546268
22.294921875,0.012367351971588569,0.007791698642760766
22.309570312499996,0.008948603504165717,0.006171074456123295
22.32421875,0.008652850920861955,0.007468537832286978
22.3388671875,0.008932957104475331,0.00808837224132669
22.353515624999996,0.011138965196958657,0.007915328063529344
22.3681640625,0.014918178794999673,0.010645146549251317
22.3828125,0.013377619290074463,0.012169197704067604
22.397460937499996,0.006166948726610721,0.011135964430206162
22.412109375,0.005079960494866215,0.011620599904534703
22.4267578125,0.008562686100922473,0.013072232182392998
22.441406249999996,0.007058015314771929,0.011987996582353534
22.4560546875,0.0013765184369590785,0.009744589489374334
22.470703125,0.005454566856171274,0.010830603613803084
22.485351562499996,0.008925890693303316,0.010181285077089482
22.5,0.01027058984380289,0.0058881048771654305
22.514648437499996,0.014651275421537149,0.006683426275642971
22.529296874999996,0.016659198485938373,0.007066830847683434
22.5439453125,0.013190431568757544,0.003956355711664054
22.558593749999996,0.008922439149673625,0.004380981454591367
22.573242187499996,0.005500897219616268,0.006292303706194472
22.587890625,0.0016543234376421708,0.004790920663933191
22.602539062499996,0.006925874709191934,0.003378951689622988
22.617187499999996,0.008766808335440305,0.003311155370009207
22.6318359375,0.006368952493782184,0.0028627026676715113
22.646484374999996,0.003729098589401167,0.0019361809435303144
22.661132812499996,0.004441983198245488,0.000586041686300701
22.67578125,0.006471419580855998,0.003260800573694534
22.690429687499996,0.009134763745328005,0.004194491846752747
22.705078124999996,0.007522471095178126,0.002765919023660303
22.7197265625,0.004533148996952762,0.006389888876890694
22.734374999999996,0.004528260668603512,0.00831052870645976
22.749023437499996,0.0034582298006988733,0.006931410095699913
22.763671875,0.006843539672068368,0.009344836577121613
22.778320312499996,0.011827869582501841,0.013212383653413033
22.792968749999996,0.011392929049226359,0.011783854835945151
22.8076171875,0.010588228263408092,0.010710065306622649
22.822265624999996,0.013080126662301942,0.012476765587669239
22.836914062499996,0.011196772575501108,0.011006939457285893
22.8515625,0.005057408031159747,0.00887861996645306
22.866210937499996,0.001588102196299771,0.009708112538980174
22.880859374999996,0.0034951648850692837,0.010323216250958963
22.8955078125,0.0037200202297845526,0.009163488040177182
22.910156249999996,0.00530418076266993,0.007962511667929101
22.924804687499996,0.005752681280234974,0.00873351924583844
22.939453125,0.004969452547889674,0.008192875049589087
22.954101562499996,0.011169989277038153,0.005902248956960065
22.968749999999996,0.017191667373797223,0.006982819655005391
22.9833984375,0.014395654984819182,0.008347571788245014
22.998046874999996,0.006794381054694161,0.0073902609088258905
23.012695312499996,0.01159813845606062,0.008896706524544613
23.02734375,0.014577979546341753,0.01139705035828564
23.041992187499996,0.013209455762051686,0.011263621325146224
23.056640624999996,0.01396893959567914,0.01206013200387371
23.0712890625,0.015563884218385914,0.014273235900893187
23.085937499999996,0.012992794946238723,0.014974910395292607
23.100585937499996,0.007012004043858446,0.015013216385082576
23.115234375,0.0032607531861386257,0.015013295652336224
23.129882812499996,0.002101344480735914,0.014449407206001878
23.144531249999996,0.0013076392273637595,0.013689047795245955
23.1591796875,0.006437213976108127,0.012513061337355825
23.173828124999996,0.01247403596314705,0.011279504491610061
23.188476562499996,0.014185752522362757,0.010430047347750378
23.203125,0.012132312683280149,0.008838441179814471
23.217773437499996,0.010003448805705984,0.00611582820834802
23.232421874999996,0.00805919018387967,0.00430930033219981
23.2470703125,0.007177530291330619,0.004321652270170844
23.261718749999996,0.006109271078983816,0.003160849014917046
23.276367187499996,0.002632929506812164,0.004800904274391337
23.291015625,0.003251459671748417,0.007308517278054956
23.305664062499996,0.009258331323964138,0.006767374787987795
23.320312499999996,0.013466844251258827,0.00777921428385149
23.3349609375,0.014368416056293363,0.009395913658312086
23.349609374999996,0.012736324772610393,0.008010173317635675
23.364257812499996,0.012188703496944495,0.007136339682871686
23.37890625,0.013530477909302016,0.00731213620978866
23.393554687499996,0.014009897435473801,0.006247519461330549
23.408203124999996,0.010537553516030662,0.005709683030536661
23.4228515625,0.002866319932692196,0.004652141889469058
23.437499999999996,0.0068162064291613,0.003130211391001568
23.452148437499996,0.006718513112584408,0.003373400571090756
23.466796875,0.0008372583588243458,0.0010526941697205688
23.481445312499996,0.00544023338491041,0.0023594198422778358
23.496093749999996,0.005213806814374996,0.002927559769477999
23.5107421875,0.00611808004972785,0.0014127326248025733
23.525390624999996,0.007204096816300283,0.0038171690894280266
23.540039062499996,0.009219008761216573,0.004770366146548249
23.5546875,0.009638431466019616,0.00359098631620142
23.569335937499996,0.010653512941332084,0.004410317640920177
23.583984374999996,0.00991761632162563,0.004318630337510507
23.5986328125,0.008479851042884862,0.00406657775000207
23.613281249999996,0.006864569875268637,0.0039687681394023665
23.627929687499996,0.003872992971784091,0.004259797986271865
23.642578125,0.001520153319674295,0.00644637106039438
23.657226562499996,0.00043861762802289164,0.007311696219236685
23.671874999999996,0.004064396520744388,0.006123081083625871
23.6865234375,0.009574746244217735,0.008771231905809702
23.701171874999996,0.01232998733666668,0.011462319875511188
23.715820312499996,0.012991062576766002,0.008761858721784003
23.73046875,0.01673107480810161,0.008725394631921502
23.745117187499996,0.016482972313525038,0.010830919625583866
23.759765624999996,0.008685946339381748,0.007472576881585905
23.7744140625,0.009688047103581237,0.006348952152156692
23.789062499999996,0.012338161194762751,0.009448908485489732
23.803710937499996,0.0052357908208766684,0.008115589533962818
23.818359375,0.015329700979346378,0.007791992836300422
23.833007812499996,0.025682826201696853,0.01002797791170854
23.847656249999996,0.022968153521701888,0.009532637088675577
23.8623046875,0.015555134066763664,0.008843456746702949
23.876953124999996,0.014530283492563606,0.009217326526907533
23.891601562499996,0.013572421324059095,0.010788842300142843
23.90625,0.009128068240052675,0.0118090388868137
23.920898437499996,0.005002512026462505,0.010861371654695369
23.935546874999996,0.005787422811603203,0.011284183295336597
23.9501953125,0.004717057403371413,0.01107045890677389
23.964843749999996,0.006754336525448454,0.008562760161420317
23.979492187499996,0.00934501047092378,0.008121708763233657
23.994140625,0.009873061292005866,0.009121168158145898
24.008789062499993,0.010009662335739763,0.008589350362375776
24.0234375,0.009386457383631733,0.00858090019298843
24.0380859375,0.008324548353656376,0.009679556475810201
24.052734374999993,0.011351682300910534,0.009278270064607234
24.0673828125,0.01322526297772698,0.008475038974178303
24.08203125,0.009783879205611606,0.007868862040992085
24.096679687499993,0.008298964366058226,0.007162148205179946
24.111328125,0.009010106352632632,0.006517597421779945
24.1259765625,0.005211212724341699,0.004655503703322791
24.140624999999993,0.002105589661026925,0.0028419554692434203
24.1552734375,0.0049060784742088895,0.002914786960146817
24.169921875,0.007332982159636336,0.0012598147692840943
24.184570312499993,0.008289363149202507,0.002490936276210575
24.19921875,0.010384201237268749,0.004627802022504024
24.2138671875,0.010954425545418148,0.006004434735935052
24.228515624999993,0.0075517433129855555,0.008963146959789722
24.2431640625,0.003024494739473209,0.009256954821131827
24.2578125,0.0033985194487228154,0.007970706293735415
24.272460937499993,0.007438393144305466,0.007638220496377292
24.287109375,0.011728868252439142,0.006013245259423882
24.3017578125,0.014189109793821245,0.004296067033326599
24.316406249999993,0.01314094089940801,0.0039268516824847695
24.3310546875,0.00932677965726696,0.00303350596710276
24.345703125,0.007224761842501217,0.003558511862691787
24.360351562499993,0.004633787553313737,0.004634661735948446
24.375,0.005286078952471868,0.005714185820675934
24.3896484375,0.013929860511508331,0.008124398649570808
24.404296874999993,0.0191340640724351,0.009324865784588611
24.4189453125,0.020798997218272393,0.010282440846900446
24.43359375,0.020468764544781234,0.011521554199263095
24.448242187499993,0.016844447259210006,0.01161814908635585
24.462890625,0.011752261973776339,0.011749967299830464
24.4775390625,0.010634607320216266,0.01198418382826689
24.492187499999993,0.012390884547983882,0.011511843918299198
24.5068359375,0.011766017979401704,0.010771179736915102
24.521484375,0.009620897681860271,0.009980321824783875
24.536132812499993,0.00978857702476978,0.00949329335585486
24.55078125,0.00770820592466229,0.009017238239387795
24.5654296875,0.00131299204454662,0.00936749498767985
24.580078124999993,0.005718037451160686,0.010623058396398054
24.5947265625,0.008968401554475532,0.010281387527734753
24.609375,0.013557508224990201,0.010722606418531013
24.624023437499993,0.020075021214541293,0.012467122918002511
24.638671875,0.021567996698148146,0.011151113231227817
24.6533203125,0.019029812025603644,0.01042247053252944
24.667968749999993,0.017687373792033688,0.01215745444855622
24.6826171875,0.015374941181247062,0.010422643922725497
24.697265625,0.0106994660744538,0.008641965934374038
24.711914062499993,0.0065598332464442645,0.010647305285297216
24.7265625,0.005586804643643126,0.009061319774998513
24.7412109375,0.00807043133534361,0.006611501360761239
24.755859374999993,0.010108924631573996,0.007948380512444753
24.7705078125,0.011632416516897101,0.007422650918489177
24.78515625,0.013782114389073914,0.006905494523868139
24.799804687499993,0.012690830220927778,0.00959153752931218
24.814453125,0.009654408759584983,0.010773778707778417
24.8291015625,0.01318564330263567,0.010637380896611044
24.843749999999993,0.014114996217171901,0.011251780069105603
24.8583984375,0.006982164503139111,0.01045441035046762
24.873046875,0.005734920772946604,0.009228515497874628
24.887695312499993,0.00909945443208758,0.008670517078395947
24.90234375,0.005966751438958128,0.00762336026634819
24.9169921875,0.0024744082998830854,0.006512810340024768
24.931640624999993,0.0017239611589365063,0.00643569431830867
24.9462890625,0.003938856714541555,0.006153397955561958
24.9609375,0.011306545477321473,0.005974127088367787
24.975585937499993,0.015170083497744359,0.007456816782611426
24.990234375,0.012308609452235457,0.008705268005866719
25.0048828125,0.009160491765118007,0.00858575859873835
25.019531249999993,0.01459868220961866,0.009246976361638449
25.0341796875,0.01631421818039789,0.009193091778312611
25.048828125,0.011440007561983984,0.00660953414341986
25.063476562499993,0.0051367002239314005,0.005186100478970057
25.078125,0.0044631946141900965,0.004786715333738188
25.0927734375,0.0023711904624147996,0.0020393436609580564
25.107421874999993,0.00454592564522779,0.002991723341584233
25.1220703125,0.010111260125955916,0.004003647185497006
25.13671875,0.011539221393185767,0.004595547985011352
25.151367187499993,0.01060592326689371,0.007387912867468652
25.166015625,0.008764928528232503,0.0072927065434104195
25.1806640625,0.005201680137828161,0.006904044234955173
25.195312499999993,0.0014094283171762721,0.00866209761572321
25.2099609375,0.0002167692991420166,0.008571008745277331
25.224609375,0.0034995461998811187,0.007653501039425632
25.239257812499993,0.007530553976208155,0.008553563716522846
25.25390625,0.01008697250007104,0.006689569524193753
25.2685546875,0.010946632303192996,0.004122147406482557
25.283203124999993,0.009908394908134895,0.004123273997403894
25.2978515625,0.00789572772905855,0.0020801968980632872
25.3125,0.00766611252259644,0.003529766625169663
25.327148437499993,0.007658506748089443,0.005270247680580755
25.341796875,0.00889206772002904,0.0057960712063669095
25.3564453125,0.010005187562938216,0.008154666238337627
25.371093749999993,0.007587104665494907,0.008930694452550044
25.3857421875,0.008386434759722674,0.00833762324012904
25.400390625,0.010459073600401226,0.008588108495798143
25.415039062499993,0.005354770478880559,0.0075256771510689695
25.4296875,0.0051342370172221515,0.005905295076102127
25.4443359375,0.010847306794744976,0.005954749471501416
25.458984374999993,0.00916101349776355,0.005371100720088977
25.4736328125,0.007342252285644105,0.00325720133673667
25.48828125,0.008209643968197474,0.002949779152389506
25.502929687499993,0.005860039152972542,0.001987712235063315
25.517578125,0.0020310043947298485,0.0030237935344478565
25.5322265625,0.001248655855273616,0.0040573529060145925
25.546874999999993,0.005165283127551431,0.003990814639313262
25.5615234375,0.008858371221288311,0.004562251681833795
25.576171875,0.011278241704345176,0.005343482549322318
25.590820312499993,0.012012842734421053,0.006009498235411284
25.60546875,0.011552658309638605,0.006372906718524379
25.6201171875,0.009815056487938652,0.005854529968697476
25.634765624999993,0.008242858496265205,0.005622384581368141
25.6494140625,0.0075317353848905625,0.006184248012615008
25.6640625,0.005964787419484754,0.006113109935168892
25.678710937499993,0.002864352606654181,0.005050533742666198
25.693359375,0.001492053996771132,0.0032947112841854817
25.7080078125,0.004243214776564076,0.0018815501354447414
25.722656249999993,0.008871052695099496,0.003106771459807865
25.7373046875,0.010003363485686438,0.00505432718191868
25.751953125,0.004662077104661853,0.005177874315781611
25.766601562499993,0.00405911926387769,0.004703660042495397
25.78125,0.010236356726118128,0.0064161655143780685
25.7958984375,0.01206290812502749,0.007782706193363967
25.810546874999993,0.008376189517851297,0.006524460983125729
25.8251953125,0.00969120453783693,0.005710001590117376
25.83984375,0.012558088817976756,0.005621744837234052
25.854492187499993,0.008501316837607877,0.00394741300099454
25.869140625,0.008176733770466032,0.0019320227215025262
25.8837890625,0.00984037353462297,0.0012500904536819164
25.898437499999993,0.0062467144982350144,0.002613274176649288
25.9130859375,0.004408019077342849,0.003588748229740822
25.927734375,0.0030681235075881706,0.0033073264534403336
25.942382812499993,0.0013083959745788364,0.004821706465601086
25.95703125,0.004685062912012548,0.006774315536270092
25.9716796875,0.007828112140123699,0.007158640375587388
25.986328124999993,0.008026613813281047,0.008927886802182195
26.0009765625,0.00830148078277894,0.012305150588941452
26.015625,0.009489089913661847,0.010499975537981796
26.030273437499993,0.010300526943504727,0.008539835423747697
26.044921875,0.011181574452851572,0.009484328234669015
26.0595703125,0.007005860509695535,0.005648763788286236
26.074218749999993,0.0025903121473679997,0.003892671748411687
26.0888671875,0.008270138987538724,0.005403406101066138
26.103515625,0.009911262753882027,0.003820869280513571
26.118164062499993,0.01096800280334077,0.004716460822983523
26.1328125,0.012039520489336512,0.006886217420700943
26.1474609375,0.010690815391087995,0.006390916027989235
26.162109374999993,0.007400036763603245,0.006139702478204857
26.1767578125,0.005939880113236787,0.005904297943734147
26.19140625,0.0067944303676882945,0.005497135266821555
26.206054687499993,0.005839606175388827,0.005947300407092487
26.220703125,0.003142400863760295,0.005915155689530061
26.2353515625,0.003909996793072613,0.005988909824907091
26.249999999999993,0.006359232072359445,0.007367172635319353
26.2646484375,0.005342138790599249,0.0072661599070937355
26.279296875,0.00404809618825481,0.006997938387328195
26.293945312499993,0.007615353401307676,0.008662776725279637
26.30859375,0.007951265142070072,0.008710287939150295
26.3232421875,0.0069389503881518416,0.007460624039515437
26.337890624999993,0.009147972837992485,0.008624748695707935
26.3525390625,0.009738130701477127,0.010221396303980721
26.3671875,0.007703123751856395,0.00926528494841698
26.381835937499993,0.008835684915541155,0.008314628552608188
26.396484375,0.010678240200500979,0.008788605723512439
26.4111328125,0.008250271104462317,0.006680243176471905
26.425781249999993,0.006838080375375301,0.004252326719258016
26.4404296875,0.002856242444418577,0.004837166378552235
26.455078125,0.006541278385210521,0.0045924698147210554
26.469726562499993,0.011657617690375526,0.005222711045986289
26.484375,0.012051993171597136,0.006427732686986125
26.4990234375,0.008743477327504301,0.007071683435167488
26.513671874999993,0.00960178188596688,0.006721510544693709
26.5283203125,0.013502752955519592,0.005912019883167489
26.54296875,0.012016408892631477,0.006236182891070324
26.557617187499993,0.008518648501873031,0.006186821658772986
26.572265625,0.010991128433978864,0.004711021589915904
26.5869140625,0.015307525242004074,0.004447254934706007
26.601562499999993,0.014629584234486195,0.006605184118002582
26.6162109375,0.008960583473638567,0.00604542953571079
26.630859375,0.005744496727825949,0.004837542463426427
26.645507812499993,0.006587491942605739,0.007379435131354245
26.66015625,0.0038553193396108952,0.007225975984228465
26.6748046875,0.003069691273370144,0.006305041824087544
26.689453124999993,0.008736887351221469,0.008125197217539449
26.7041015625,0.010497571773891151,0.008344173581534275
26.71875,0.008905844844292205,0.00692190012344473
26.733398437499993,0.007844398203829473,0.005800330462592693
26.748046875,0.008134271341654361,0.004957163461023705
26.7626953125,0.006300033207278489,0.004077464861038658
26.777343749999993,0.00418827697236283,0.0025022817631158182
26.7919921875,0.004302451311401755,0.00159151934853781
26.806640625,0.0030995706571128475,0.0025991961762081204
26.821289062499993,0.0028413273945231523,0.0026496004183144107
26.8359375,0.005299902392916531,0.003784150253508968
26.8505859375,0.005086266100001812,0.005524975064098712
26.865234374999993,0.005317670342257472,0.006854869005364252
26.8798828125,0.008375886615570208,0.007746546329751107
26.89453125,0.012688405344049754,0.009986260135369643
26.909179687499993,0.015905871663391618,0.012699396207819876
26.923828125,0.015997190508976467,0.01197999076510295
26.9384765625,0.015217375394272592,0.00962737967379776
26.953124999999993,0.014117285744958494,0.0101221115175135
26.9677734375,0.009085536818163317,0.010239756255351696
26.982421875,0.003606258026002802,0.00712527889262402
26.997070312499993,0.004446858075343233,0.005176311909273935
27.01171875,0.004726412335087279,0.004643126715743609
27.0263671875,0.006801265344242125,0.0012211292689259768
27.041015624999993,0.009266862715092585,0.003939280511224116
27.0556640625,0.00888681255830344,0.0051007045835102845
27.0703125,0.006860153233370756,0.005450386587485235
27.084960937499993,0.0044079903833307245,0.006255141485032339
27.099609375,0.002059465913637134,0.007560005483505224
27.1142578125,0.0027537189771839605,0.008290005172981816
27.128906249999993,0.005669462213365185,0.0066869983587603135
27.1435546875,0.00871397101786782,0.0053283526214515054
27.158203125,0.009745052651389538,0.005718382655050625
27.172851562499993,0.007685594268288778,0.004396814301078489
27.1875,0.007543589867919362,0.0018632631068525546
27.2021484375,0.009623099565004263,0.0029020275569792216
27.216796874999993,0.008141402654544954,0.0032371055411777616
27.2314453125,0.005328884893102646,0.002717879292500823
27.24609375,0.004322146661404744,0.004758022569689093
27.260742187499993,0.003951003234536406,0.0065416536109803155
27.275390625,0.0034401107260495435,0.006101162557164572
27.2900390625,0.0044513454825297,0.005871526107559276
27.304687499999993,0.005505505002873408,0.00893274882279261
27.3193359375,0.0047774869752354844,0.009785085702171526
27.333984375,0.003266856093702166,0.0070140933564299315
27.348632812499993,0.004360997477692395,0.007229357676862015
27.36328125,0.006013216216766246,0.00768487986703896
27.3779296875,0.006451126676430741,0.004324934698281637
27.392578124999993,0.011291813023996353,0.004625501914238932
27.4072265625,0.016134964298901627,0.00663453797331707
27.421875,0.01578601343329313,0.0054947591220184085
27.436523437499993,0.013404439517327735,0.007282292585122929
27.451171875,0.009750135450833272,0.008865790161216627
27.4658203125,0.004733040844385426,0.008009217397135745
27.480468749999993,0.0017991597425250205,0.008598204629445456
27.4951171875,0.0032457259752144895,0.0090553348594967
27.509765625,0.007934448975059,0.00811689784282795
27.524414062499993,0.012513815871829802,0.008844905127463318
27.5390625,0.011728061118361686,0.00807180022231634
27.5537109375,0.008678238958588167,0.0043601463906008855
27.568359374999993,0.009827118524449638,0.003880227038460634
27.5830078125,0.00988080888785489,0.0033180829445716062
27.59765625,0.005591159262587627,0.002841440598957945
27.612304687499993,0.0032274696524050186,0.0034433789556505283
27.626953125,0.005594756432734158,0.0023239250757992615
27.6416015625,0.00890447013135115,0.00441838297540298
27.656249999999993,0.011217356265504944,0.007551497007651801
27.6708984375,0.009855818494405187,0.00789201382543456
27.685546875,0.00916652552084175,0.006145784987553744
27.700195312499993,0.011519860124832207,0.007040754591128636
27.71484375,0.01315206385752204,0.008904103662182012
27.7294921875,0.011192902502711554,0.008118875476574498
27.744140624999993,0.009181036265358808,0.006250379300579302
27.7587890625,0.013832434164813659,0.007829175771802949
27.7734375,0.014505359146210858,0.007339386540801623
27.788085937499993,0.008533155124494885,0.004042452150348979
27.802734375,0.0021729005349468344,0.00435773506023843
27.8173828125,0.0026811301881596392,0.004323376283263256
27.832031249999993,0.005228842309234611,0.0036537141246731895
27.8466796875,0.010966054585761085,0.004438459430401948
27.861328125,0.013785065633577722,0.005081700505632167
27.875976562499993,0.01065999212676281,0.005474738141333056
27.890625,0.0036745563263112934,0.005053412057132256
27.9052734375,0.005341402081054763,0.0048220601614873525
27.919921874999993,0.008812397520073775,0.006250450346705707
27.9345703125,0.0051526775919217595,0.005690204391017725
27.94921875,0.006165921284499444,0.0034586982624696706
27.963867187499993,0.011701324076367843,0.005226116348511569
27.978515625,0.011302363730912248,0.0057580605517376805
27.9931640625,0.010078550436732493,0.0043045513150667845
28.007812499999993,0.00912181175078204,0.006887753434045461
28.0224609375,0.00554456822492056,0.00909572543025399
28.037109375,0.005258363653750715,0.00822448120105655
28.051757812499993,0.0075525704793877905,0.008121030941578625
28.06640625,0.007927211963049467,0.010189433482736147
28.0810546875,0.010011882797675608,0.010027913222939203
28.095703124999993,0.009000961222958072,0.006608267985821412
28.1103515625,0.005577210416480931,0.007160945365988467
28.125,0.0045865267801550825,0.00827720315074519
28.139648437499993,0.003929311796760784,0.003876623708036583
28.154296875,0.0034104485042660555,0.004385062947170386
28.1689453125,0.005342584287452862,0.0071248309058754115
28.183593749999993,0.0033501232710686888,0.004266643314846577
28.1982421875,0.007699841758179987,0.006984421965530736
28.212890625,0.01134347296984881,0.010265770837549919
28.227539062499993,0.007348082997131561,0.008028168111478277
28.2421875,0.0035891155997184684,0.007827816965123921
28.2568359375,0.00908774159607986,0.00928961049598488
28.271484374999993,0.011615092847641098,0.008481692848087901
28.2861328125,0.011749225882230305,0.00780931845415715
28.30078125,0.010400936393199759,0.007934269596796925
28.315429687499993,0.008675148312555149,0.007501909805867019
28.330078125,0.009274603152201187,0.00757271604131962
28.3447265625,0.008933384985528689,0.005829803194373345
28.359374999999993,0.006871332313103963,0.005211072353871094
28.3740234375,0.005982704073635373,0.007816676243901265
28.388671875,0.0026415850555630517,0.0061837175959665105
28.403320312499993,0.006086631491662716,0.005916562764345471
28.41796875,0.011168909021047144,0.009628926133846942
28.4326171875,0.01023296480753522,0.008645579115567847
28.447265624999993,0.0068842484036016035,0.006439524794944803
28.4619140625,0.008172355297488306,0.009829781847422106
28.4765625,0.010585494723776793,0.009698511928765556
28.491210937499993,0.00847887658436328,0.005794206591760393
28.505859375,0.005868728872424374,0.007250435079934283
28.5205078125,0.008384700460709004,0.00864982898282974
28.535156249999993,0.006170172426160418,0.006047528483344517
28.5498046875,0.00309778141845553,0.007309884282648656
28.564453125,0.010646625995152228,0.009994376604130314
28.579101562499993,0.011745387943474319,0.008469875576555354
28.59375,0.008181897577205168,0.008692844088268972
28.6083984375,0.011494125692235868,0.010135396411676708
28.623046874999993,0.014263697789673808,0.008865645212463167
28.6376953125,0.012147740728348507,0.008227098502893809
28.65234375,0.010063786803315452,0.009304564705896627
28.666992187499993,0.010005613014527005,0.008843926111524554
28.681640625,0.006782055727872538,0.007685555124663048
28.6962890625,0.009166387111380427,0.00600215077993503
28.710937499999993,0.012822590388197353,0.0033357655379264526
28.7255859375,0.010793131578389074,0.0030904898410411257
28.740234375,0.0053531050998316685,0.0019335270766081434
28.754882812499993,0.0020719557096721326,0.0016993687145281063
28.76953125,0.004711861302244058,0.004458763886598513
28.7841796875,0.006228612890952082,0.004224709236075668
28.798828124999993,0.009792330853574407,0.003346649306416725
28.8134765625,0.013047054071992996,0.007189312268939805
28.828125,0.01119023260065723,0.007139952312772002
28.842773437499993,0.005954215689211935,0.003866311438149993
28.857421875,0.005047345017280032,0.005712931307478746
28.8720703125,0.007334816621417061,0.00662105086923102
28.886718749999993,0.009298351602793352,0.0044063959922645115
28.9013671875,0.008644488133655358,0.004211279779144071
28.916015625,0.005152193267176761,0.006586088456765306
28.930664062499993,0.0026321198750391766,0.0056703673890980775
28.9453125,0.004586130787636325,0.005733781640181209
28.9599609375,0.006217802806140275,0.008309490822239012
28.974609374999993,0.007728074192585477,0.00802552953643672
28.9892578125,0.00856489751546276,0.008942636025909566
29.00390625,0.010456145540506055,0.009942312369510395
29.018554687499993,0.013274524182325326,0.009076913606970018
29.033203125,0.013574551510387478,0.009709206047124488
29.0478515625,0.009388462292366105,0.009990903726177688
29.062499999999993,0.0028569531588758107,0.008648639944608743
29.0771484375,0.003670343836172813,0.008576365852243105
29.091796875,0.0041791284545464385,0.008266966184080255
29.106445312499993,0.0011460500018103384,0.006330732149466855
29.12109375,0.00567089175886621,0.006005536406174943
29.1357421875,0.010907738191413581,0.0066501566951757745
29.150390624999993,0.01322023495523109,0.00517783979341646
29.1650390625,0.012651948149484645,0.005025269391836783
29.1796875,0.012106223950701052,0.006499621771365038
29.194335937499993,0.010762938213843309,0.005715478660895094
29.208984375,0.006690762996870213,0.005282867636012284
29.2236328125,0.007180084014942626,0.006792459397892995
29.238281249999993,0.006868163787212353,0.006137448260096351
29.2529296875,0.002352712942676145,0.004709915470109013
29.267578125,0.008844709340698855,0.0060875298132826
29.282226562499993,0.011674626685828951,0.006055939507455207
29.296875,0.008826988311707461,0.004450956418063966
29.3115234375,0.007762457998286517,0.005375633481965331
29.326171874999993,0.010643475773806735,0.006815814999997762
29.3408203125,0.01001798541714518,0.006630960725343839
29.35546875,0.00562715648940935,0.0067603107563662685
29.370117187499993,0.005348092352722765,0.008071053221062814
29.384765625,0.007465464380262602,0.0074256801588288785
29.3994140625,0.006377808053641118,0.005846371331386375
29.414062499999993,0.004686340189803027,0.006007276347436929
29.4287109375,0.003659219711533681,0.006045042087453427
29.443359375,0.0024440244079019704,0.00519754185735179
29.458007812499993,0.004330319873309295,0.004562738066971294
29.47265625,0.005154924097100106,0.004060743020700277
29.4873046875,0.0043544371229853095,0.004011867955652825
29.501953124999993,0.003826150892606732,0.0032512078362397978
29.5166015625,0.002784185292014298,0.0030272086933768286
29.53125,0.003794016685953616,0.004802554319433353
29.545898437499993,0.005638598162271852,0.0048784549936261665
29.560546875,0.007424639908742195,0.004760299983836412
29.5751953125,0.009102854684515204,0.007710250232411427
29.589843749999993,0.007374908218525224,0.00728386930632559
29.6044921875,0.0050853815425191745,0.005541298774564253
29.619140625,0.009053673058715734,0.007922686783935123
29.633789062499993,0.008974311147811062,0.006705149971688912
29.6484375,0.004254513660272675,0.004959153654297635
29.6630859375,0.006896202141425158,0.007534024317599893
29.677734374999993,0.008479217225805937,0.006414118377243603
29.6923828125,0.009204980239200649,0.0053243997587794495
29.70703125,0.010522143365512444,0.006778110376168348
29.721679687499993,0.00843047447300662,0.005592061757417159
29.736328125,0.003908858125775564,0.0043926448268471535
29.7509765625,0.0010265789096332936,0.004677035824685118
29.765624999999993,0.000668158810224657,0.004183807972494375
29.7802734375,0.0024979914633140167,0.004202972079257675
29.794921875,0.004675567591968557,0.005334830433702435
29.809570312499993,0.006840118786785464,0.005166678274980103
29.82421875,0.008557588306359356,0.005311332124278411
29.8388671875,0.00929629409100628,0.006282561074616773
29.853515624999993,0.009050133391090101,0.005671771709825782
29.8681640625,0.008997436817346553,0.0065410740201146305
29.8828125,0.008917131667910907,0.009340176201111714
29.897460937499993,0.009182785773557234,0.009467552855670504
29.912109375,0.011027765588851275,0.009772372483516333
29.9267578125,0.01174246034484911,0.012076855979586512
29.941406249999993,0.013903690203922217,0.011842383770738037
29.9560546875,0.014410019845583686,0.010724513371045907
29.970703125,0.008706238775149326,0.012298557994131439
29.985351562499993,0.005762701479890822,0.011565098105415717
30.0,0.008597976799819853,0.008603155985875102
30.0146484375,0.005819611367258701,0.008846632419654736
30.029296874999993,0.007359092303925333,0.008068974456695218
30.0439453125,0.013246812109244556,0.0056051495432557046
30.05859375,0.013901907875479767,0.0066255013139904315
30.073242187499993,0.009114454221732949,0.0077701510447681895
30.087890625,0.007848168035991213,0.006777841188938311
30.1025390625,0.01162692305471552,0.008161894413746125
30.117187499999993,0.013210165303095343,0.009809467954218462
30.1318359375,0.011583706617276493,0.008275161618433604
30.146484375,0.009933958916478748,0.008471848728726925
30.161132812499993,0.013006018209818412,0.010426863170449054
30.17578125,0.01289578672033498,0.00959410217786034
30.1904296875,0.005104446519871204,0.009224922113766717
30.205078124999993,0.005119562738167588,0.010827490281227793
30.2197265625,0.009856249418631528,0.009532977476827631
30.234375,0.007467428926496293,0.008045803358572183
30.249023437499993,0.005975526130860551,0.008791592073700647
30.263671875,0.011056325940129307,0.007353405880691403
30.2783203125,0.011948126220160534,0.005072544467830518
30.292968749999993,0.008813028403381839,0.005213791296974914
30.3076171875,0.006809146774007248,0.004366893877879822
30.322265625,0.007146876634124137,0.0030480835393652743
30.336914062499993,0.006020769251123529,0.004685639220157801
30.3515625,0.0023381345983123345,0.005287878051283223
30.3662109375,0.005913977098801332,0.004760974433771444
30.380859374999993,0.00986665235756753,0.006261106760777669
30.3955078125,0.01078433112089112,0.006510954012940636
30.41015625,0.009632649496494049,0.006189313005100876
30.424804687499993,0.009692146123941809,0.007532836940720306
30.439453125,0.01059925346989278,0.008677362639117161
30.4541015625,0.009405317054140565,0.008329831314883546
30.468749999999993,0.008455834359784531,0.008371141304807685
30.4833984375,0.008793201061932664,0.008367764435092281
30.498046875,0.00719984712543879,0.006767865380804878
30.512695312499993,0.00634483556936564,0.006120670076125703
30.52734375,0.004715720436070795,0.006448994036312152
30.5419921875,0.0012800505976550895,0.005080382058821818
30.556640624999993,0.00763531765133837,0.004822993016852184
30.5712890625,0.010879000683101117,0.004922620301131418
30.5859375,0.009330299146023732,0.003220267346666798
30.600585937499993,0.0051029831509021295,0.003971803120512894
30.615234375,0.0033158129500009026,0.004266117377867768
30.6298828125,0.002586267974859769,0.0029603570190129464
30.644531249999993,0.0019330869945186858,0.003839690242895164
30.6591796875,0.004152545753480905,0.004434753974260872
30.673828125,0.005129785910026536,0.0033152828140527698
30.688476562499993,0.007792118785154222,0.003214480960837782
30.703125,0.010003308586790294,0.005017476007778313
30.7177734375,0.008782639320110967,0.004712970426749329
30.732421874999993,0.006316060616462472,0.0029172611696467164
30.7470703125,0.007463264823878791,0.0043591643488602
30.76171875,0.007368367985307958,0.004574601667293324
30.776367187499993,0.0038544397378609463,0.0027145027905934893
30.791015625,0.007249676473620658,0.0052422923920072625
30.8056640625,0.011451215351167235,0.006412816454924172
30.820312499999993,0.009141069020516895,0.004788619180480605
30.8349609375,0.0045540965899827975,0.006889245154841654
30.849609375,0.0067173685199541505,0.00832586210669798
30.864257812499993,0.009739884519407513,0.006873649581280225
30.87890625,0.01133198757373619,0.007208053880998303
30.8935546875,0.009512856660473615,0.008193404073400865
30.908203124999993,0.004358218515968725,0.007205920900410605
30.9228515625,0.006077975810904973,0.00630955877055043
30.9375,0.009523657221730875,0.006472029876714442
30.952148437499993,0.010042559762497924,0.006546894542561457
30.966796875,0.009584425054121224,0.005963166461515041
30.9814453125,0.008996254040144454,0.005301898815472403
30.996093749999993,0.009398161390520533,0.006314609219489687
31.0107421875,0.010153983188504263,0.006645847573065387
31.025390625,0.009038831213797609,0.005354547754705893
31.040039062499993,0.007570296587878506,0.006025494356299357
31.0546875,0.006784370140681517,0.006306102777784993
31.0693359375,0.005651321981264062,0.004793032080065075
31.083984374999993,0.006284366053507507,0.004577058711155457
31.0986328125,0.009416899402694313,0.005583420197628298
31.11328125,0.01251525107743486,0.004994663828500289
31.127929687499993,0.01316977640865135,0.0034697142979068845
31.142578125,0.010815366057336788,0.0021408944286677124
31.1572265625,0.00741535111088774,0.0018460065030185635
31.171874999999993,0.005600623289374166,0.0007107928291080525
31.1865234375,0.006298711232470732,0.002097852804357679
31.201171875,0.006415694179669375,0.0037747895077163496
31.215820312499993,0.006843159477315527,0.0033690083920028084
31.23046875,0.00858901828919391,0.0032805470253766686
31.2451171875,0.010900102749165525,0.006431028089775883
31.259765624999993,0.011262540801632307,0.006310011191817578
31.2744140625,0.007433615217421571,0.003194390501310363
31.2890625,0.0036494203830595515,0.005049582112706302
31.303710937499993,0.0019452654295999733,0.006323351671467088
31.318359375,0.0015500709698837592,0.0036732392748137594
31.3330078125,0.004462901741420681,0.003232357583090977
31.347656249999993,0.004012614551228671,0.006395066042132176
31.3623046875,0.0015777232724743444,0.005052796068904734
31.376953125,0.006269862927296956,0.003859104169989241
31.391601562499993,0.00919515482433525,0.008085384321057723
31.40625,0.0076032867059164285,0.008650672846889172
31.4208984375,0.003181411634567751,0.006587865509074377
31.435546874999993,0.002556466754416464,0.010271405875220619
31.4501953125,0.004465728940916186,0.011941279867504427
31.46484375,0.005151827442611314,0.008207835028263496
31.479492187499993,0.006551362484224017,0.008408701712764267
31.494140625,0.0056508241124245745,0.009429053866670966
31.5087890625,0.006083007544009414,0.005990689537698318
31.523437499999993,0.009912059920709608,0.0036591088906233332
31.5380859375,0.010678564597380655,0.0056636426863195385
31.552734375,0.007692726268765379,0.005481707788752412
31.567382812499993,0.004587172382255865,0.0032784124041428282
31.58203125,0.00424430786442914,0.004793458984904435
31.5966796875,0.0029668870449896813,0.006643635115785368
31.611328124999993,0.007833840971800017,0.005897697580403505
31.6259765625,0.014399954473325618,0.006228672894043462
31.640625,0.014733827917640403,0.008509668087323535
31.655273437499993,0.010605555307997647,0.008912500623825622
31.669921875,0.010867246936993232,0.00787810467372773
31.6845703125,0.012875141976245381,0.007823084395847783
31.699218749999993,0.011077151580667835,0.008069857167846368
31.7138671875,0.007617072702443299,0.00710456765728759
31.728515625,0.006801689689109587,0.00572663786152694
31.743164062499993,0.004502141870800625,0.006664029608837897
31.7578125,0.0030675050661069605,0.0072195985242753235
31.7724609375,0.009688864907377345,0.004494365881026478
31.787109374999993,0.011014060659459424,0.003318447359874635
31.8017578125,0.007686463021698148,0.00437643717739477
31.81640625,0.004123755914738201,0.003837613895248897
31.831054687499993,0.0017012217487116668,0.001394370165123887
31.845703125,0.001244121577013156,0.00390674314690015
31.8603515625,0.0023489994828310152,0.004564159363765982
31.874999999999993,0.002841938171756121,0.0008851798041894375
31.8896484375,0.0017995833064017334,0.00373841374150089
31.904296875,0.0029852109646305957,0.004499783379344005
31.918945312499993,0.003034821512489562,0.0019750873319700464
31.93359375,0.0017417455127030066,0.0036096012699809664
31.9482421875,0.005264116146378435,0.006876607565286175
31.962890624999993,0.008116620299296103,0.005956004244299449
31.9775390625,0.009543842531963283,0.004716271517645236
31.9921875,0.010142610857607327,0.008230766267213897
32.00683593749999,0.009372993683330316,0.008155906201140666
32.021484375,0.009094689712769076,0.004712955753710256
32.0361328125,0.010300774959095855,0.006582837950515434
32.05078124999999,0.008224086065767024,0.0070012003663336205
32.0654296875,0.00414453707624182,0.0032611451485840106
32.080078125,0.004264150721521974,0.004441986827393557
32.09472656249999,0.004309455916283046,0.0056117993104232815
32.109375,0.003822885130895179,0.0036946786036386385
32.1240234375,0.004625543906953456,0.005579310997941791
32.13867187499999,0.005134088952743652,0.007134074908370855
32.1533203125,0.00822871419621988,0.006395301787897039
32.16796875,0.013975110091121314,0.007318061686925858
32.18261718749999,0.016177006670259033,0.007444744052454925
32.197265625,0.013977476897713259,0.0069076801476638024
32.2119140625,0.013138413815542776,0.0076690867609843
32.22656249999999,0.012588090084994747,0.00683297127201291
32.2412109375,0.008811439442154066,0.0062087758453195875
32.255859375,0.007518706388431625,0.008287981563087783
32.27050781249999,0.010024898124832376,0.007860167140695344
32.28515625,0.009144683687697391,0.006876092867754639
32.2998046875,0.006509584495543252,0.010159718566356293
32.31445312499999,0.002961410737676158,0.01009604121002399
32.3291015625,0.0025277790303230778,0.00750988158054338
32.34375,0.006363060599480326,0.009994108004858143
32.35839843749999,0.01004968516704268,0.010958286382379915
32.373046875,0.010099592867341887,0.00793077541845055
32.3876953125,0.007896036717361011,0.007928751944859857
32.40234374999999,0.009723835597523284,0.010883908897181983
32.4169921875,0.008825345564497504,0.009298049082845684
32.431640625,0.0036429870180236515,0.005714327827887079
32.44628906249999,0.0015205478174179657,0.006989323330836025
32.4609375,0.0030130908803104985,0.006409394431613087
32.4755859375,0.0018318011003187076,0.0027607457833330675
32.49023437499999,0.007326357373188841,0.004269062716428008
32.5048828125,0.012930864197196561,0.006072906117833605
32.51953125,0.015312561386348521,0.005267592310073707
32.53417968749999,0.014773700575421489,0.007666965446127786
32.548828125,0.011627341343003243,0.01028963011432865
32.5634765625,0.006370208665588303,0.010062673726443934
32.57812499999999,0.006317372415422369,0.009456343858180219
32.5927734375,0.010596164260112974,0.010835813167714784
32.607421875,0.00980547480172481,0.01114785758394662
32.62207031249999,0.007575902250848439,0.008808772130542436
32.63671875,0.009077517631222115,0.007017151796406707
32.6513671875,0.007530955737500514,0.006878388158658701
32.66601562499999,0.003282792752561906,0.005405145962925641
32.6806640625,0.0016902716584834751,0.0036033849615949086
32.6953125,0.003554431961871791,0.0030513669515672133
32.70996093749999,0.0065310909475719695,0.004189329645628916
32.724609375,0.006832596644084063,0.005087502489352169
32.7392578125,0.006066425134769949,0.003881130156388465
32.75390624999999,0.006866719077441768,0.0018470708783465254
32.7685546875,0.005853596198450431,0.0017620058948819445
32.783203125,0.0033383519521885227,0.0041562186000609225
32.79785156249999,0.00319509989554457,0.004728619431654807
32.8125,0.006077114428994135,0.002435290934581635
32.8271484375,0.008400965722993396,0.0028803020243883394
32.84179687499999,0.007081052039675717,0.0048029133284068735
32.8564453125,0.0025237543550402403,0.00443762787891378
32.87109375,0.004109824343375338,0.0028910576814025393
32.88574218749999,0.007646901247156074,0.004906418536931607
32.900390625,0.007948877805043704,0.006889249718108078
32.9150390625,0.005241595122433845,0.006075751232194367
32.92968749999999,0.006455217223093893,0.0055920068474580404
32.9443359375,0.009908902512911958,0.00813607668482286
32.958984375,0.010562593564561172,0.009005517188347665
32.97363281249999,0.011433716697654021,0.007112835770343113
32.98828125,0.012371412013432047,0.006844454702347059
33.0029296875,0.009530310748699493,0.007863014549320231
33.01757812499999,0.0023066408692530385,0.005087768600311292
33.0322265625,0.0059300540179464244,0.0020277142621154807
33.046875,0.009331089552982126,0.0041189203348597145
33.06152343749999,0.006870308069975252,0.0028361994139477716
33.076171875,0.006362097880127538,0.0005776107823548328
33.0908203125,0.007527913967849266,0.003266529974363335
33.10546874999999,0.00669659557885318,0.004366697693609665
33.1201171875,0.006089096071951274,0.002947056143012088
33.134765625,0.0046065355637101395,0.005303036908112783
33.14941406249999,0.002403961626429301,0.007202930190114934
33.1640625,0.007452243693935645,0.005863289819629413
33.1787109375,0.008966955925839426,0.004951753491954501
33.19335937499999,0.008032124369163974,0.005502558473834913
33.2080078125,0.00844271223702651,0.004562766363448104
33.22265625,0.008259405167499994,0.0025183324756634998
33.23730468749999,0.005066672035212173,0.0017095488181131872
33.251953125,0.0017529411709840985,0.002706281600977261
33.2666015625,0.0009551228287296731,0.0018838936854483396
33.28124999999999,0.004905643227958794,0.0014722968589711016
33.2958984375,0.011447141533250226,0.003972644194406341
33.310546875,0.013260787440674859,0.0025691222141061548
33.32519531249999,0.011598485995612457,0.001934855932450723
33.33984375,0.010657615840345365,0.0035820743086038987
33.3544921875,0.009786725253068515,0.003195218264510868
33.36914062499999,0.008032093186564435,0.0022964024359385447
33.3837890625,0.006885641371325931,0.0037005826648687182
33.3984375,0.008621156685323228,0.005330298994251209
33.41308593749999,0.01041121715336443,0.005405643242151756
33.427734375,0.00951427994799341,0.004995838068751115
33.4423828125,0.007535271986944741,0.006497297314721085
33.45703124999999,0.004643545145694281,0.006958858047581259
33.4716796875,0.0006349963179300808,0.005506139670881307
33.486328125,0.004245276564101229,0.0064926397511790995
33.50097656249999,0.006008589432805091,0.007521833058970449
33.515625,0.007396967405598808,0.006105852293712591
33.5302734375,0.008049613381873936,0.005166259519916853
33.54492187499999,0.004875229690897857,0.006550148172845656
33.5595703125,0.004848500478423714,0.006135841896121154
33.57421875,0.006629790686246168,0.0034311895504834386
33.58886718749999,0.0064069830303049675,0.004269091273499012
33.603515625,0.008488189100297392,0.005684890415535293
33.6181640625,0.010405095424493586,0.0033774481620861075
33.63281249999999,0.009031602907796274,0.0050469811542896165
33.6474609375,0.007030045120380768,0.0075944036888728915
33.662109375,0.00694066952671357,0.005307393546281454
33.67675781249999,0.0059858417132877565,0.005152554777180274
33.69140625,0.00539472053333435,0.007421870843323684
33.7060546875,0.005961335576090787,0.006664837079780406
33.72070312499999,0.005370556564696487,0.004706250515345716
33.7353515625,0.00627827791293134,0.005758416046257393
33.75,0.010596236733923646,0.007462666409986351
33.76464843749999,0.012108683768109313,0.00728086838436381
33.779296875,0.009233159464809099,0.005900640931200026
33.7939453125,0.00538848945301657,0.006461670339331059
33.80859374999999,0.007698155925025026,0.00762000059598889
33.8232421875,0.010383383452480669,0.00517691640042468
33.837890625,0.009939024590981607,0.004030160833613715
33.85253906249999,0.007259760662725213,0.0068678149394174725
33.8671875,0.004085877433538153,0.005184010386864087
33.8818359375,0.002269597056794652,0.003712805962429951
33.89648437499999,0.0007451311475112113,0.00787306762670049
33.9111328125,0.0037879140657619556,0.007236561036309318
33.92578125,0.009939441773139627,0.003849355761609063
33.94042968749999,0.013208010815969064,0.006973555469559054
33.955078125,0.0097838446509304,0.008209983018191437
33.9697265625,0.003437804620414151,0.005309404715711415
33.98437499999999,0.0065650453238931894,0.005556842798177162
33.9990234375,0.0060895458324330244,0.008046618368272807
34.013671875,0.005525780344206552,0.006476916320241952
34.02832031249999,0.00969265609505673,0.004524045997308585
34.04296875,0.01077757859470724,0.007419009289882272
34.0576171875,0.007577183821434371,0.007660425028197843
34.07226562499999,0.0010811317784676726,0.004771941938962019
34.0869140625,0.007306628828628377,0.0065379016434896865
34.1015625,0.009481357188370391,0.007942806829261078
34.11621093749999,0.004424847164181504,0.005211965270929891
34.130859375,0.003688053967202834,0.003621103950442546
34.1455078125,0.006828543746192743,0.005079319364422174
34.16015624999999,0.006517372758142349,0.004804577323358298
34.1748046875,0.004713673455465083,0.00279657301049025
34.189453125,0.002954436531516165,0.0017690296676460063
34.20410156249999,0.0015258265951596127,0.00361810679242013
34.21875,0.0008138662182243254,0.004123399102243172
34.2333984375,0.0038131450709389314,0.0019944020356013584
34.24804687499999,0.007789414231991295,0.003361040773693716
34.2626953125,0.009947919606338411,0.006685194170816647
34.27734375,0.009533039483450077,0.003904428899892303
34.29199218749999,0.00865871868368244,0.004201867685817761
34.306640625,0.0067988246373753315,0.007687494929965374
34.3212890625,0.003590398839761968,0.004071584639999383
34.33593749999999,0.0025834430251719075,0.003393552053460891
34.3505859375,0.0024298811321903716,0.006704024128421678
34.365234375,0.005624035523163695,0.0030605414005420687
34.37988281249999,0.008759490950073064,0.003840429059269057
34.39453125,0.008058045277615581,0.0070011274084699525
34.4091796875,0.004633014665070067,0.004546758740625347
34.42382812499999,0.007046675009537708,0.004925122367271864
34.4384765625,0.011069655847976955,0.009081657424547234
34.453125,0.011027617779025407,0.008541805186539764
34.46777343749999,0.007908102166197677,0.006971791690081492
34.482421875,0.008000211986066473,0.009319576344122917
34.4970703125,0.009669769778541396,0.009951315235300849
34.51171874999999,0.00849545537697369,0.007865257486604152
34.5263671875,0.008448215709194651,0.007739176022645597
34.541015625,0.009791149607237499,0.009330667824246344
34.55566406249999,0.00783620133205994,0.00869700484187509
34.5703125,0.006683373285427758,0.007510595818967285
34.5849609375,0.010865390013995287,0.008590975974745877
34.59960937499999,0.012345793818996668,0.00940758919419624
34.6142578125,0.009500348947010845,0.008527088543008791
34.62890625,0.0054409808528801465,0.007784492641793456
34.64355468749999,0.003826849365437229,0.008444895013789158
34.658203125,0.0046862364061451,0.008421300401323262
34.6728515625,0.0054888217828427,0.006917524397283165
34.68749999999999,0.006354629059348951,0.005779032690123654
34.7021484375,0.007584710671430016,0.006147376506056591
34.716796875,0.007635819917401936,0.005872473435792963
34.73144531249999,0.0056793242218493665,0.003979613544018153
34.74609375,0.002562975034271287,0.003648128247301059
34.7607421875,0.0007300517599157776,0.005173709092823199
34.77539062499999,0.0023232832209850365,0.0035937637181052717
34.7900390625,0.0024609569662715244,0.002463947682968186
34.8046875,0.004191877881069051,0.0036518334780713817
34.81933593749999,0.0060671069172704125,0.002534244281198352
34.833984375,0.004973693923026011,0.0010165636543589503
34.8486328125,0.0026001621897947212,0.0016325323760665203
34.86328124999999,0.0013425894013057277,0.0033059664148185402
34.8779296875,0.0009589379363749554,0.0028538257000638332
34.892578125,0.004095819865774111,8.458943180092097e-05
34.90722656249999,0.005635465128079234,0.001450631753751909
34.921875,0.004420440957400137,0.0013175069606536105
34.9365234375,0.004950376099130604,0.005612613329095786
34.95117187499999,0.0061436466392681905,0.006867196522440507
34.9658203125,0.004362766277875767,0.006693276631135708
34.98046875,0.003697566458519887,0.00876242420151005
34.99511718749999,0.007536430486917007,0.009564814709916221
35.009765625,0.009062099748493115,0.008674389056298509
35.0244140625,0.007200923329270956,0.0081477252813334
35.03906249999999,0.006172326977692419,0.007950541478864573
35.0537109375,0.007153767979319795,0.007138406913318611
35.068359375,0.007353672750622948,0.005548464759446707
35.08300781249999,0.007866445940449437,0.003498843841759315
35.09765625,0.008446779911584264,0.0026428137392966156
35.1123046875,0.006253132087879593,0.0017778486950405833
35.12695312499999,0.001671062360957848,0.0005991011261891821
35.1416015625,0.0016189331637045288,0.0018725667799428976
35.15625,0.0017858164032692682,0.0018910762821814824
35.17089843749999,0.0019264321736103904,0.0016623178521026417
35.185546875,0.0031706286034222744,0.0031309338823629525
35.2001953125,0.005002908388238395,0.005641253971830732
35.21484374999999,0.007641740349063113,0.006697859919599317
35.2294921875,0.008849085381368683,0.006122787067492309
35.244140625,0.007443277834087068,0.006408034778537474
35.25878906249999,0.006851403721251571,0.007504654709195314
35.2734375,0.0050258760768110665,0.006378110321192753
35.2880859375,0.0016416323506483902,0.003995730696638948
35.30273437499999,0.0057592651432713604,0.005553140800285802
35.3173828125,0.007549817884488831,0.006414289527566627
35.33203125,0.008135156724252824,0.003116934882999392
35.34667968749999,0.010637357495588739,0.00506801688497138
35.361328125,0.010107084378936702,0.006461399615513501
35.3759765625,0.00602308588703804,0.003362975547226574
35.39062499999999,0.003014160899317959,0.00465450203268913
35.4052734375,0.004113483809340214,0.007470227490251083
35.419921875,0.004673188027638141,0.00622143142145749
35.43457031249999,0.0015392933862823312,0.004072862132464375
35.44921875,0.004411611738024842,0.007199176325125498
35.4638671875,0.008077862986470981,0.006576419379597025
35.47851562499999,0.010947152363265485,0.0015901403649886353
35.4931640625,0.014012258399063775,0.003389959064117081
35.5078125,0.012166529006480641,0.0019289364536088896
35.52246093749999,0.00611782618685354,0.0025174607213248193
35.537109375,0.0009969728962768633,0.005303632744764615
35.5517578125,0.004900221008019389,0.004864000237738117
35.56640624999999,0.008630836754045346,0.004136251904215988
35.5810546875,0.01009447758693636,0.007524406749623888
35.595703125,0.009051926246940978,0.00886816066517718
35.61035156249999,0.007696545476777535,0.007221642591895563
35.625,0.005405144883885895,0.007611768380819419
35.6396484375,0.003999616139568361,0.008453660280309342
35.65429687499999,0.008456047439651582,0.006486886116647596
35.6689453125,0.010936176703100944,0.004865666437518503
35.68359375,0.007808186433671079,0.004581449880904769
35.69824218749999,0.0038663395800034705,0.003260505436602449
35.712890625,0.009273004023158019,0.0024688178411660057
35.7275390625,0.010146390273648595,0.002696074910617418
35.74218749999999,0.008073684840852458,0.001528626681333637
35.7568359375,0.00985505877318911,0.002903641638730291
35.771484375,0.009551670268206748,0.0037773843557697834
35.78613281249999,0.004956876354950549,0.002902621629655809
35.80078125,0.006204934910522445,0.005295136738801527
35.8154296875,0.00771910945991767,0.005843594563667204
35.83007812499999,0.007243361301184221,0.004013833939867458
35.8447265625,0.008696175609866241,0.005873766852958335
35.859375,0.007653084252898366,0.0074576869151814
35.87402343749999,0.001117016727050738,0.0047351514378616
35.888671875,0.006826319354435243,0.005004128579470724
35.9033203125,0.008437717228527342,0.0057415676929616416
35.91796874999999,0.004305960455764719,0.002229452442506578
35.9326171875,0.006763625650046366,0.0033995318220864383
35.947265625,0.009744050888800341,0.004108770695815684
35.96191406249999,0.009588570339953913,0.0014917562714123222
35.9765625,0.010380866472174554,0.0033888866386703347
35.9912109375,0.011563847889439299,0.004631514888197402
36.00585937499999,0.009822190101905692,0.0023860445099798976
36.0205078125,0.006235537550285109,0.002918843881479583
36.03515625,0.0035519346637987994,0.004261889841531671
36.04980468749999,0.005757902428405821,0.004002939263366786
36.064453125,0.007677727503264757,0.003946651580938251
36.0791015625,0.006338443120709368,0.006934229960536323
36.09374999999999,0.007047086239141145,0.008275312838407696
36.1083984375,0.011302980466844028,0.00767723024580918
36.123046875,0.012538841272156747,0.00935657547862758
36.13769531249999,0.009411659197282188,0.011264365066433265
36.15234375,0.008403645384103643,0.011104738580812889
36.1669921875,0.010607279032455204,0.011292207665915112
36.18164062499999,0.007989256271014164,0.011770129024884241
36.1962890625,0.0035020703524463554,0.01057205564555485
36.2109375,0.00235224214374402,0.009438678893633026
36.22558593749999,0.0058373569748383074,0.009972408695443953
36.240234375,0.008975389429245745,0.009980874704773325
36.2548828125,0.008829664251718463,0.008857814378010108
36.26953124999999,0.00833685129818563,0.008656200371818438
36.2841796875,0.006985614456399791,0.008037761119634414
36.298828125,0.004427439324918761,0.006801112268432781
36.31347656249999,0.007554733888698801,0.006384924576353992
36.328125,0.010806818391246868,0.005171752395292325
36.3427734375,0.010161250543259196,0.0039803339228752154
36.35742187499999,0.005091235807510549,0.003805620107354775
36.3720703125,0.0030191010926795365,0.0028465355789308072
36.38671875,0.009178512418193605,0.0017328467971304707
36.40136718749999,0.010701809455437484,0.0017203270602316515
36.416015625,0.009866630143687792,0.0004587733020350588
36.4306640625,0.009475697183415314,0.0021545955909459194
36.44531249999999,0.007163267615917103,0.002790443841731277
36.4599609375,0.004405799738562551,0.0027517587441945176
36.474609375,0.00263251103756301,0.004216767395569434
36.48925781249999,0.0028199658480002644,0.0052891458469893635
36.50390625,0.00607829078560762,0.005083047402688697
36.5185546875,0.010452513653831142,0.005115659351311783
36.53320312499999,0.012433534562888504,0.005472172439908172
36.5478515625,0.01127684601690378,0.005093095609750762
36.5625,0.009384686993961196,0.004003920852982651
36.57714843749999,0.006585553974032131,0.0034702998607915214
36.591796875,0.003362091300889331,0.004177842813465864
36.6064453125,0.00852289722653851,0.0034921233250676856
36.62109374999999,0.011440380178181922,0.003329004934931375
36.6357421875,0.01174475179927203,0.005661772200889418
36.650390625,0.011573990966272884,0.005447008955385461
36.66503906249999,0.010181736108829614,0.0049253663897123184
36.6796875,0.007985787264077513,0.007896853109245648
36.6943359375,0.007469664722379078,0.009455263169606333
36.70898437499999,0.008107321325969282,0.008151024466737619
36.7236328125,0.006834197575530831,0.009424561123928364
36.73828125,0.006904716695944277,0.011747822879242793
36.75292968749999,0.008228486176522155,0.010093798819817774
36.767578125,0.008405991737957473,0.007933031189996189
36.7822265625,0.008865185075388424,0.008627454755736294
36.79687499999999,0.008843707275426035,0.007355600688116049
36.8115234375,0.0056475081332257255,0.0040831388148154235
36.826171875,0.0034247886801813733,0.0030929321870827057
36.84082031249999,0.005612430010223493,0.0026456355037555086
36.85546875,0.0033965673638894863,0.0009183552875916585
36.8701171875,0.002303819735506975,0.0027634500599945894
36.88476562499999,0.007271219736465211,0.0034106891629341993
36.8994140625,0.01055206721471581,0.0030982624670720716
36.9140625,0.010165638030823085,0.0036048335863961877
36.92871093749999,0.005661880153316823,0.0050323362932885585
36.943359375,0.0011403195623554989,0.006366856770675508
36.9580078125,0.00314516402760745,0.006917887678694067
36.97265624999999,0.006343161218255253,0.006335504985676811
36.9873046875,0.010491305321087196,0.006223592696232693
37.001953125,0.010677896338936189,0.006710489861260459
37.01660156249999,0.005836183694983186,0.005266161256768816
37.03125,0.0020676622591519708,0.0029761414748626738
37.0458984375,0.007103217339196045,0.004679075914772056
37.06054687499999,0.00611966149961181,0.004576350585555572
37.0751953125,0.0025535580768826947,0.002147128585621297
37.08984375,0.011236368367547626,0.00646198514111005
37.10449218749999,0.013890792481685984,0.0067644546572462605
37.119140625,0.009754059122427201,0.004951796600888337
37.1337890625,0.008035693467481817,0.008626909122463012
37.14843749999999,0.007080705910600063,0.009189599340249396
37.1630859375,0.0060488627938197195,0.006288688749096459
37.177734375,0.011790805356241819,0.007146761983345065
37.19238281249999,0.014145307576693984,0.008339009391328074
37.20703125,0.01112467875887633,0.005438840270858726
37.2216796875,0.008115029269320392,0.003430599032985577
37.23632812499999,0.009520885448934636,0.005569656041586267
37.2509765625,0.007829458526894487,0.004600121167962618
37.265625,0.002658061818117858,0.004303512939140819
37.28027343749999,0.005088344820344797,0.008536542113189332
37.294921875,0.0068874544841760555,0.00866313566186578
37.3095703125,0.008126726168781406,0.007223933794100549
37.32421874999999,0.011153229101203034,0.009428292121553867
37.3388671875,0.01186685219211683,0.010333287848934447
37.353515625,0.010954659821381394,0.0088755761431891
37.36816406249999,0.011573727955571543,0.008386850654931758
37.3828125,0.01052392073074787,0.009164803741827363
37.3974609375,0.0078019222836309896,0.00836215131577382
37.41210937499999,0.009377499432937156,0.006325410533985363
37.4267578125,0.01167641829023872,0.005352283250792347
37.44140625,0.009463889856102685,0.006029668561538543
37.45605468749999,0.003973115136523198,0.005844327783273105
37.470703125,0.009656978417001158,0.003809231591385071
37.4853515625,0.01383301834431375,0.003079364551867841
37.49999999999999,0.01288365506751037,0.0033735209969339075
37.5146484375,0.009569812685660959,0.0020772695976818355
37.529296875,0.0049491259459175955,0.004343159963985652
37.54394531249999,0.004726408959598797,0.005331462411535437
37.55859375,0.0064178007171707425,0.004206362491175338
37.5732421875,0.004304078988527427,0.00476977761254077
37.58789062499999,0.0031103796735852127,0.005836184051964229
37.6025390625,0.005545770717003432,0.005376631396360296
37.6171875,0.005670842613783699,0.004285688787538306
37.63183593749999,0.006037431985616062,0.005233346556736844
37.646484375,0.006725232508153061,0.005669306420799874
37.6611328125,0.006610713820871044,0.003262141914271395
37.67578124999999,0.007120267162761772,0.0030204509891872304
37.6904296875,0.005766200183448039,0.004227117707619165
37.705078125,0.0029937296383764586,0.0029611439173330735
37.71972656249999,0.00173824052250064,0.0023771434601933612
37.734375,0.0030370851691525302,0.0054303514735941924
37.7490234375,0.005209553122396274,0.005505348529692526
37.76367187499999,0.005415256750789287,0.0037337958507198256
37.7783203125,0.00450230058822795,0.005607408214036632
37.79296875,0.0055707398403093055,0.0059721946706553395
37.80761718749999,0.006008174804824193,0.004156187042759222
37.822265625,0.0034577835169168404,0.004116282691595711
37.8369140625,0.001564502348800801,0.005585118908979076
37.85156249999999,0.00568495779981572,0.0056895604539052135
37.8662109375,0.0069049848597130415,0.005171098625787483
37.880859375,0.00563874672322492,0.004682912211810642
37.89550781249999,0.00818360036346316,0.004884673210785335
37.91015625,0.010803036802439542,0.005042639891549015
37.9248046875,0.0100248938438956,0.003000654317853859
37.93945312499999,0.010071096077742524,0.002615462661176196
37.9541015625,0.009682033095710006,0.003430679270054362
37.96875,0.004671372805919371,0.0014215988219897198
37.98339843749999,0.002245091476123184,0.0020212995180638365
37.998046875,0.0062850390128069405,0.003792784726071757
38.0126953125,0.007559242728546128,0.003479748478426719
38.02734374999999,0.008073136176771026,0.0022333200895568225
38.0419921875,0.006750108278103768,0.004624147946388847
38.056640625,0.0032722128142798125,0.0050824963030544415
38.07128906249999,0.002851818033515893,0.00296118142792768
38.0859375,0.0014420811959599581,0.0029429866592109583
38.1005859375,0.0035069107605873334,0.003942833408096997
38.11523437499999,0.006238230669531595,0.002543301614836515
38.1298828125,0.0068146197745675196,0.002282201988107329
38.14453125,0.006563530801960594,0.004846659638976355
38.15917968749999,0.00601997532450155,0.005246603927056488
38.173828125,0.0063976788108478224,0.0055932494433649695
38.1884765625,0.00759064007145712,0.008295831607491127
38.20312499999999,0.0064392272341919545,0.008796846669877796
38.2177734375,0.002517722357170005,0.006540307081100289
38.232421875,0.0008699885597101633,0.006580954889782174
38.24707031249999,0.0033297425465414823,0.008648065685707421
38.26171875,0.006346032000030167,0.007701360103012555
38.2763671875,0.005432533588954813,0.004671323482869013
38.29101562499999,0.005135108781891324,0.005884246989078192
38.3056640625,0.007399866915177643,0.005938812940255581
38.3203125,0.006765771277124223,0.00262128415122087
38.33496093749999,0.004722907032645462,0.0014541531514892232
38.349609375,0.00257474486622911,0.0024275162937719536
38.3642578125,0.0012335335105720991,0.00039773890530949997
38.37890624999999,0.0049139053956632605,0.002949450545109314
38.3935546875,0.007812157260223592,0.004741122968312053
38.408203125,0.007990818348311727,0.004130416655143041
38.42285156249999,0.005508469586661568,0.004252643697029492
38.4375,0.004641611889780892,0.006305136619069867
38.4521484375,0.006460635085354569,0.006866976173972053
38.46679687499999,0.005437574846619027,0.005389782908199785
38.4814453125,0.0018743759742082572,0.005557711007609686
38.49609375,0.00271410130892122,0.006614803147987802
38.51074218749999,0.002638310800241468,0.004103274445099262
38.525390625,0.004800725111969056,0.0034176207259169946
38.5400390625,0.007046992884709528,0.005093147309564829
38.55468749999999,0.00721572982854129,0.0038658846156494116
38.5693359375,0.005392711151324703,0.0034864874224193394
38.583984375,0.0030452365731161407,0.005663147719499786
38.59863281249999,0.007171895762419176,0.005457859693265219
38.61328125,0.009558497129391452,0.003991680593275001
38.6279296875,0.007915496826932312,0.004178458502890557
38.64257812499999,0.004564692658499545,0.004785520443755279
38.6572265625,0.0024647725051018692,0.003961916974008072
38.671875,0.002658382905110463,0.0019351165325919677
38.68652343749999,0.005601770595486942,0.0022317580482315966
38.701171875,0.008692134408220201,0.0027566873395147087
38.7158203125,0.007766686283454976,0.0012336961580836918
38.73046874999999,0.0026306688433540837,0.003929255159933249
38.7451171875,0.0045179155600606515,0.006023660900455874
38.759765625,0.0065623740215761985,0.005139728501552122
38.77441406249999,0.009776599144692432,0.006832926161478033
38.7890625,0.010599782824429265,0.008604036575132331
38.8037109375,0.006931717934899968,0.007841160135607891
38.81835937499999,0.007522227272236178,0.007658173039597833
38.8330078125,0.012625435408207574,0.008480682965924536
38.84765625,0.012626338508281093,0.008116446659608374
38.86230468749999,0.007826047444616022,0.006872836638298071
38.876953125,0.0025661893901396584,0.005155538088497803
38.8916015625,0.0031532671167202463,0.004292594903433932
38.90624999999999,0.0048578155844877955,0.0040415740375801725
38.9208984375,0.007005675146269472,0.002220064726866747
38.935546875,0.00944599972058582,0.001057349360316894
38.95019531249999,0.01050670691279561,0.002321529565626194
38.96484375,0.010766106023210504,0.0014571654923752272
38.9794921875,0.011053980675991334,0.003498950558233836
38.99414062499999,0.009595372429080325,0.006048892829617535
39.0087890625,0.005742365364611716,0.006135882959660693
39.0234375,0.0037276397216471817,0.007036514232295543
39.03808593749999,0.007338406504004994,0.009015759251970741
39.052734375,0.009212275519300659,0.008731187725191419
39.0673828125,0.00885103920432031,0.007994754657548899
39.08203124999999,0.007336929810372691,0.009071562618772379
39.0966796875,0.004388336509318449,0.008858100117571717
39.111328125,0.0033751839098171347,0.007383599640105861
39.12597656249999,0.006749115772251053,0.007438268177730457
39.140625,0.008351130627356335,0.00661864243424081
39.1552734375,0.0070042682947549974,0.005342573735422436
39.16992187499999,0.0045731060004626555,0.005486030315408063
39.1845703125,0.004539365341229677,0.0046486299662972744
39.19921875,0.005225031308447102,0.0045909373940022325
39.21386718749999,0.00398567118622083,0.005433458403986043
39.228515625,0.0026491799914563174,0.004382875549681657
39.2431640625,0.0018125226144624024,0.00507379144852083
39.25781249999999,0.002751744351156378,0.005684092784610758
39.2724609375,0.009598201752910802,0.003873005251401654
39.287109375,0.014283997285489503,0.005713129061514354
39.30175781249999,0.012171154339376381,0.0063449316690836685
39.31640625,0.007390169462986357,0.0049770900724471845
39.3310546875,0.009788793539508902,0.007994196228339965
39.34570312499999,0.009441599157251929,0.007805236250896721
39.3603515625,0.00776292849618336,0.005810565560484053
39.375,0.008066394598952472,0.0078592500738521
39.38964843749999,0.00464674722299552,0.007217308540230727
39.404296875,0.002437416647988075,0.005151859293537852
39.4189453125,0.006236614279436772,0.00730918362357994
39.43359374999999,0.004346196085616162,0.008238938446690925
39.4482421875,0.004462777363180219,0.006294719832132475
39.462890625,0.010410634054277924,0.006911983696556872
39.47753906249999,0.013016287628108695,0.0062436645733676
39.4921875,0.012409842539661342,0.004173829621984111
39.5068359375,0.00837333046820672,0.004065459572200981
39.52148437499999,0.0027843354808134626,0.0032448327278922066
39.5361328125,0.004461684789668293,0.00290265542229346
39.55078125,0.006650393410843478,0.0029471081516096714
39.56542968749999,0.0050605804377877196,0.0026907882509896864
39.580078125,0.0009095703137242814,0.0030122765851378587
39.5947265625,0.0043202239042120175,0.0030284460256408603
39.60937499999999,0.006751326755782499,0.003262148647000616
39.6240234375,0.007937221713561867,0.00459797954275943
39.638671875,0.010342258167984116,0.0063105708158289545
39.65332031249999,0.012961994822197866,0.007384494938732039
39.66796875,0.014408205708225076,0.008056529277741817
39.6826171875,0.01427083264126173,0.009388171497229961
39.69726562499999,0.013312352023853318,0.009802999470674874
39.7119140625,0.012998037586860233,0.008151410985008422
39.7265625,0.01226376306224157,0.007923468205205206
39.74121093749999,0.00932358534374921,0.008126947816117282
39.755859375,0.005628203254130133,0.005587056485332024
39.7705078125,0.0036983007745907837,0.003685727735187121
39.78515624999999,0.004085493499567022,0.005206209260111546
39.7998046875,0.004733821240457773,0.004400326970974709
39.814453125,0.006017421095662527,0.0014483558143311066
39.82910156249999,0.007356674120136189,0.0009323439987682522
39.84375,0.008221676535621399,0.0029832950857456094
39.8583984375,0.009167421459426594,0.0032891732837837546
39.87304687499999,0.007855218478911892,0.0011709440151808108
39.8876953125,0.004738865426757978,0.001327453930387127
39.90234375,0.002745313368050138,0.0006353007615269144
39.91699218749999,0.002594450259980425,0.0045230466803949
39.931640625,0.0018806123707004743,0.006173435909083825
39.9462890625,0.0015431180595251704,0.006114666578544013
39.96093749999999,0.004723413674910326,0.008031230999443102
39.9755859375,0.005363918105823054,0.00787593247709686
39.990234375,0.005289916319487797,0.006123399825552443
40.00488281249999,0.005664954770846434,0.005297074795837769
40.01953125,0.005185780860746505,0.003652106979138782
40.0341796875,0.004522170055152975,0.002058016063891139
40.04882812499999,0.003238745457526485,0.00203678587171386
40.0634765625,0.0008849690526722444,0.0010851572640593694
40.078125,0.004539775318543939,0.0015503676555824455
40.09277343749999,0.006190750603098702,0.002991492355432712
40.107421875,0.007181281961700421,0.002230853616884961
40.1220703125,0.009338014316707527,0.00422607739022365
40.13671874999999,0.008106292445098333,0.005032951331939533
40.1513671875,0.0035836590761912325,0.0034458725980803548
40.166015625,0.0033473281611036804,0.0046101394316560304
40.18066406249999,0.005214406297008014,0.00697019539431433
40.1953125,0.008283531496238658,0.006072296700820215
40.2099609375,0.012019857786000268,0.006513924274570421
40.22460937499999,0.009792692498200084,0.008512633088384122
40.2392578125,0.005502409523682022,0.007577604085647024
40.25390625,0.010127012348378612,0.007541413371624521
40.26855468749999,0.011515071527785116,0.008754605220751105
40.283203125,0.00843680132933215,0.007977724096601874
40.2978515625,0.008113163819450578,0.007096171044797056
40.31249999999999,0.009140217767598623,0.00680727632931942
40.3271484375,0.006776688213132848,0.005737383513777489
40.341796875,0.0029405032350199806,0.004425876617217279
40.35644531249999,0.004040066832535045,0.0030714621587988036
40.37109375,0.00572194990586989,0.0019991901984414947
40.3857421875,0.005587462486948595,0.0019641961401413483
40.40039062499999,0.00550301019505399,0.002683475273873684
40.4150390625,0.005068080476682454,0.0035951550916376173
40.4296875,0.004146058253432763,0.004722194461874853
40.44433593749999,0.0033272966039487165,0.0065351773249106
40.458984375,0.003021000454881558,0.008048011063040452
40.4736328125,0.005802044398555112,0.00891252048730658
40.48828124999999,0.011853775859259574,0.010004303044435829
40.5029296875,0.01678916269303336,0.009992469090519608
40.517578125,0.01749331819026743,0.00870454580877722
40.53222656249999,0.015241517562859774,0.008230901308740601
40.546875,0.012627162347948626,0.007918540746574032
40.5615234375,0.009374222625245307,0.006354455573435411
40.57617187499999,0.00498487499003694,0.005009721530433692
40.5908203125,0.0031537113621394088,0.005347596374552828
40.60546875,0.002413611928284015,0.0036680391424833555
40.62011718749999,0.0036518283333167897,0.001541426707080662
40.634765625,0.008269516228816356,0.003452600894168882
40.6494140625,0.009183750814991835,0.003081080921420681
40.66406249999999,0.009142827354575804,0.005287347954192854
40.6787109375,0.009455911690971656,0.0063678456873322836
40.693359375,0.010414320759125023,0.005862898193672544
40.70800781249999,0.012349877412302042,0.006930105146216331
40.72265625,0.009998044906784817,0.00783929745328787
40.7373046875,0.004375980677306442,0.007152231874733875
40.75195312499999,0.006655453114047946,0.006987397826222115
40.7666015625,0.007489741292942055,0.006230192626595393
40.78125,0.007572219762312611,0.004988650484356652
40.79589843749999,0.010547956000701015,0.005826904966469752
40.810546875,0.010820375795548145,0.0055515828392909755
40.8251953125,0.009392580211106253,0.0038745913717685783
40.83984374999999,0.011074069321712149,0.005300436573024341
40.8544921875,0.010618553145023218,0.005121367264670404
40.869140625,0.00676358127633289,0.0036268148181865635
40.88378906249999,0.00317757831770819,0.005329404434219098
40.8984375,0.006049283442619365,0.006584216902763399
40.9130859375,0.009412311131127933,0.0053570428421767435
40.92773437499999,0.0100267343323099,0.0048456978738376
40.9423828125,0.00974391891499948,0.0053530940938006305
40.95703125,0.009931038876902309,0.0041346532669811215
40.97167968749999,0.008662116595964789,0.0017385102401198545
40.986328125,0.005929162219118582,0.0020390949994065284
41.0009765625,0.0032230546794146994,0.002107124220305007
41.01562499999999,0.00465433661693865,0.000245169873955832
41.0302734375,0.004847880533075209,0.002725986866669474
41.044921875,0.00533826353128865,0.004023243304577287
41.05957031249999,0.008517277109414549,0.003811987967892492
41.07421875,0.009657267629890153,0.006257571399502014
41.0888671875,0.007567580002090451,0.008018946891673885
41.10351562499999,0.008120656804736087,0.007348501804371712
41.1181640625,0.013084599277208774,0.00744658615663121
41.1328125,0.014707648509712151,0.007083547367646361
41.14746093749999,0.010360122363723535,0.005373815291652825
41.162109375,0.002590304530892608,0.0040958216652492215
41.1767578125,0.004670628423530853,0.003231213683721943
41.19140624999999,0.007849743829838392,0.002827144188723145
41.2060546875,0.0067379656790027605,0.00278392152290256
41.220703125,0.00449379307405377,0.003093911729070103
41.23535156249999,0.0031477364100878594,0.0041468893241259006
41.25,0.002141677942087738,0.005121965640282747
41.2646484375,0.0024937131964911314,0.005510469904130743
41.27929687499999,0.00241270497426236,0.0061968822199484856
41.2939453125,0.0013909969839591377,0.007514558647083954
41.30859375,0.0033589516033520387,0.007434649435810231
41.32324218749999,0.00634153665674776,0.0065980537890888485
41.337890625,0.007738815257867915,0.007642652387185776
41.3525390625,0.006977909936926291,0.00713828586178462
41.36718749999999,0.006304805858956595,0.004994792721002766
41.3818359375,0.004103557333107777,0.005925438717594098
41.396484375,0.0008780554402623402,0.005951021021447623
41.41113281249999,0.0037897767719968895,0.003965815321874034
41.42578125,0.002808864933701847,0.005105407252358599
41.4404296875,0.0014201683114088634,0.0063069512532566005
41.45507812499999,0.0010693536708321638,0.004966264369458594
41.4697265625,0.0023979435476971047,0.0056831580499281205
41.484375,0.0021688126720636205,0.00631783440744206
41.49902343749999,0.00037997991280337115,0.004187281528300896
41.513671875,0.0008002172104166869,0.0038775005751671915
41.5283203125,0.0027298837656998197,0.003124821258251921
41.54296874999999,0.004827690235572641,0.0016119159870374732
41.5576171875,0.006568942555935247,0.0028079135240866053
41.572265625,0.008967795698893914,0.0030605410484559697
41.58691406249999,0.011273663798629964,0.004107767675094971
41.6015625,0.011734002531589393,0.005640534756603765
41.6162109375,0.010284799048252689,0.0057315964227157915
41.63085937499999,0.009137619767145846,0.005907452100764574
41.6455078125,0.008746535205149132,0.005594377491923793
41.66015625,0.008016631354900324,0.004121680357972621
41.67480468749999,0.006467511699646499,0.0035658248905930216
41.689453125,0.0028944514869180555,0.0036898223319463985
41.7041015625,0.00487706439731468,0.0031445758727156477
41.71874999999999,0.011115876394791698,0.0033852838484843863
41.7333984375,0.012770483856380613,0.003522496188152256
41.748046875,0.010681369956709909,0.0024590728252166837
41.76269531249999,0.009337815543706779,0.0038270377793812108
41.77734375,0.008657280600649292,0.003879179155871229
41.7919921875,0.008455818420206795,0.003765577852903254
41.80664062499999,0.009688842298554764,0.005071199107243975
41.8212890625,0.008997982334470198,0.005402734885900874
41.8359375,0.0053999241554285845,0.0048669512473893724
41.85058593749999,0.0033319896051462773,0.004508786599991856
41.865234375,0.004810898363408373,0.004113839214611779
41.8798828125,0.006313715017150389,0.0037906413842110063
41.89453124999999,0.007554723647890048,0.0034228680571817658
41.9091796875,0.007939185122722441,0.003116929990015099
41.923828125,0.005792996670865378,0.003843589019252159
41.93847656249999,0.003607937669258782,0.0031574409835353778
41.953125,0.006831280737304261,0.0017324284073725964
41.9677734375,0.0060952404761575015,0.0029487262774407653
41.98242187499999,0.0007793279494940426,0.002745439769965198
41.9970703125,0.007125948200771876,0.003121253279136844
42.01171875,0.010029979723703824,0.004523991527662021
42.02636718749999,0.007813430040141393,0.004455884631861943
42.041015625,0.005350464412104291,0.0034069870111777764
42.0556640625,0.006826959901654016,0.0033844779550369804
42.07031249999999,0.0072411119651110125,0.0028341056435554875
42.0849609375,0.005082837425758656,0.001266311951565572
42.099609375,0.0025952308395296103,0.0005134747522593943
42.11425781249999,0.002788186937570663,0.0013134558891388312
42.12890625,0.0030546652776163247,0.0037652195289007966
42.1435546875,0.0022852514818542218,0.005268295583493225
42.15820312499999,0.005659671211363161,0.006834513024548209
42.1728515625,0.00973909925286844,0.008237254157136567
42.1875,0.009228406867781156,0.00748710622950489
42.20214843749999,0.005434498452077099,0.007315140633083815
42.216796875,0.000512021841216668,0.009184534435336001
42.2314453125,0.0046693291488290895,0.009573775712557235
42.24609374999999,0.007399992106407047,0.007997900718291056
42.2607421875,0.00627376315073367,0.007870799622810683
42.275390625,0.002550824948240983,0.006712011234163204
42.29003906249999,0.002223032243311756,0.002925085673085106
42.3046875,0.004948057095364481,0.001605145489939411
42.3193359375,0.004992747253642275,0.001929852288752229
42.33398437499999,0.0016964983556270752,0.0023126223226452992
42.3486328125,0.0033560536420544776,0.0046330508720152375
42.36328125,0.006658389406682331,0.006680232045848187
42.37792968749999,0.006968733220777971,0.007483731166056197
42.392578125,0.006918137839279023,0.008044388035736896
42.4072265625,0.008927391754811187,0.009445162962339725
42.42187499999999,0.007687779175162691,0.010234837633089557
42.4365234375,0.0026624314454104254,0.009465356287003207
42.451171875,0.00368912624235117,0.008794542900003024
42.46582031249999,0.00645315576993109,0.009301574012653968
42.48046875,0.006246135752887139,0.00848095991563118
42.4951171875,0.0063369756194828954,0.005770536874229411
42.50976562499999,0.009523672678123051,0.003959437480711518
42.5244140625,0.010267854239811022,0.0027715628604934855
42.5390625,0.008189351305864154,0.001051338790185629
42.55371093749999,0.005330849839302417,0.0026629950208338347
42.568359375,0.0027280355927816503,0.004621372623774264
42.5830078125,0.0011805980740707484,0.005838723083618372
42.59765624999999,0.005120231944762619,0.006698791090174529
42.6123046875,0.007656072791670714,0.007849482150035695
42.626953125,0.0061439934632675705,0.008551780386722059
42.64160156249999,0.005769655764894816,0.007959048074903788
42.65625,0.008892461382952127,0.006833977235158471
42.6708984375,0.008048997593714443,0.006379680566855655
42.68554687499999,0.0018469004812209048,0.005122814865833517
42.7001953125,0.006006108103306043,0.0018622257616583517
42.71484375,0.00905017317584426,0.0029324717197218536
42.72949218749999,0.004761757463004633,0.0032454055131940183
42.744140625,0.0050312214692248705,0.003429703221946406
42.7587890625,0.010160282983370595,0.0058044249641592315
42.77343749999999,0.012532447677040493,0.005473456200931948
42.7880859375,0.015149230761153775,0.0036996119850030273
42.802734375,0.016681882175944646,0.004519631522963012
42.81738281249999,0.013273402615881728,0.006468076297067658
42.83203125,0.010380639105545505,0.006123760917710058
42.8466796875,0.014644519738387218,0.0042424271706831065
42.86132812499999,0.01629937997593553,0.004380369471232975
42.8759765625,0.013542875189577225,0.005320091148361996
42.890625,0.00854277633824258,0.004130639293483877
42.90527343749999,0.004141409177725556,0.0018379430259728164
42.919921875,0.005491109656905474,0.0026759057233010663
42.9345703125,0.006534391667540199,0.0020134045196294275
42.94921874999999,0.006717633011418431,0.0028073551841052914
42.9638671875,0.006401979959932329,0.005541509727666613
42.978515625,0.0037754406193956495,0.006447161290592278
42.99316406249999,0.006468502082811682,0.006753508221007116
43.0078125,0.010350491743596726,0.008254189378905468
43.0224609375,0.009633463817838873,0.008739017057209546
43.03710937499999,0.008095072822734842,0.007910512420085567
43.0517578125,0.008825133221384934,0.007891870045056615
43.06640625,0.00748098226566004,0.007705823117496429
43.08105468749999,0.006059055711925677,0.006210888311525737
43.095703125,0.005414305982168405,0.004877017514227602
43.1103515625,0.0024749604083539145,0.002636068939351028
43.12499999999999,0.0012232995082638982,0.0015315960725390573
43.1396484375,0.0017663164718501754,0.0019301681769836627
43.154296875,0.0015490959110479208,0.0015614287139251563
43.16894531249999,0.0037035740503891332,0.003686587218607188
43.18359375,0.005965793622417928,0.0040460064035967025
43.1982421875,0.006640831197137313,0.002791593634627568
43.21289062499999,0.007218897306490228,0.004212896309249491
43.2275390625,0.009139869159657595,0.006362278190772645
43.2421875,0.008707967766202166,0.005144617667551625
43.25683593749999,0.0052039400170323154,0.0044701472109050806
43.271484375,0.0025725296624999087,0.006019500956095793
43.2861328125,0.0012402895162958955,0.004415817878457021
43.30078124999999,0.0026282385604798368,0.004010856420099174
43.3154296875,0.003692910761302294,0.005869565874333971
43.330078125,0.0027088010209625336,0.005149892104028536
43.34472656249999,0.0009726708753092974,0.005585014267985362
43.359375,0.004801038540254838,0.006862730686343937
43.3740234375,0.0073802784688479645,0.006803365870462149
43.38867187499999,0.0079016851730983,0.007549849084372544
43.4033203125,0.00535075143110555,0.008125473995659244
43.41796875,0.002361372836543553,0.0073887490932167295
43.43261718749999,0.004357023378470619,0.007475371910196585
43.447265625,0.004060522428564222,0.006907879291385497
43.4619140625,0.002165366682283589,0.00523314509279318
43.47656249999999,0.002934823293651097,0.005078022384964289
43.4912109375,0.005291160489574325,0.005098726438254763
43.505859375,0.004842687106331297,0.004082022415544997
43.52050781249999,0.0044854042927423,0.0042456963404318366
43.53515625,0.005596877490517926,0.0048254193237909915
43.5498046875,0.004653896689845922,0.004939559409771786
43.56445312499999,0.003951349550261198,0.004910730385859534
43.5791015625,0.005839870748944802,0.005239772228339918
43.59375,0.007685479085334672,0.00541193813050862
43.60839843749999,0.006756395278245382,0.004485298024423243
43.623046875,0.0030399311147952285,0.003913763433885254
43.6376953125,0.003317999110682904,0.004390503785025427
43.65234374999999,0.004773339885121599,0.003315539634547019
43.6669921875,0.004551825514721196,0.0011807358741539437
43.681640625,0.004512905919548435,0.0014429620045675285
43.69628906249999,0.00448097026591926,0.001511560104499319
43.7109375,0.004489166215185431,0.000992232695106964
43.7255859375,0.004119044626266709,0.0008769978841005092
43.74023437499999,0.0018732329756395722,0.0022086428934045585
43.7548828125,0.0013286324101938667,0.0015205369373040643
43.76953125,0.0029456399949463344,0.0021888987344540816
43.78417968749999,0.0027427355186276504,0.002770906065007036
43.798828125,0.0022770348274529315,0.0017361242123001743
43.8134765625,0.0005981653852781677,0.0006371296658780312
43.82812499999999,0.00423097345675239,0.0008095422359849283
43.8427734375,0.008423123480390655,0.0006464313272669699
43.857421875,0.008248602194787645,0.0009723395756066063
43.87207031249999,0.0072903363257392,0.0010046570559579884
43.88671875,0.009976409863899431,0.0012210666159901066
43.9013671875,0.01165901619687688,0.0018722819577714246
43.91601562499999,0.00894233340899336,0.002872552626405165
43.9306640625,0.00512791192963042,0.00390810312945201
43.9453125,0.004830870429895105,0.0036486139219973762
43.95996093749999,0.0036821198128482438,0.0021403219866272492
43.974609375,0.004567569479058946,0.0023485521789218915
43.9892578125,0.004174521295952517,0.004092217162169121
44.00390624999999,0.003484710508768112,0.004235484126750509
44.0185546875,0.0040324668132169575,0.002510332493050909
44.033203125,0.004900739733742861,0.0034465336061299317
44.04785156249999,0.005631914698431255,0.0025624684896409654
44.0625,0.0055850046265676035,0.0008206763494915425
44.0771484375,0.0034014476583065674,0.0026705674582018766
44.09179687499999,0.0027106847283079813,0.002390479421234372
44.1064453125,0.0027360960431971285,0.0037531038727260874
44.12109375,0.002290006937380269,0.0054075130427809325
44.13574218749999,0.003983524413704691,0.005722751484766112
44.150390625,0.0061977010505893495,0.005434859778332841
44.1650390625,0.006701224485559935,0.0058870475598175286
44.17968749999999,0.009018063766805046,0.006545463490150306
44.1943359375,0.011470094167472444,0.005247011329619035
44.208984375,0.009674069819706262,0.002601187417621331
44.22363281249999,0.005677570680268137,0.0024175180398012088
44.23828125,0.004410792901839161,0.0022555510575871266
44.2529296875,0.004528235555041061,0.0009832293647072676
44.26757812499999,0.0027747347446285117,0.0025669258637337675
44.2822265625,0.001003081807519373,0.0032925689443459288
44.296875,0.003598799225906933,0.00448918634008618
44.31152343749999,0.00522960282918303,0.0072768724942679055
44.326171875,0.0066502262467677785,0.007263158022278817
44.3408203125,0.0063251057022822715,0.005945583495660612
44.35546874999999,0.005186353367663861,0.006291307756640015
44.3701171875,0.004995333855172784,0.006654926882782012
44.384765625,0.004416083534408307,0.005712112112139105
44.39941406249999,0.0019017335621113816,0.004566704303039029
44.4140625,0.0006119022203951335,0.003555758233768485
44.4287109375,0.0004869379457762235,0.002363156386780326
44.44335937499999,0.0015343231200469043,0.0007066564053792631
44.4580078125,0.003443274079513999,0.0017965403091580255
44.47265625,0.003728266505467144,0.0028761746885202274
44.48730468749999,0.0021354828608181955,0.0018331903062399433
44.501953125,0.0017413282063913937,0.0024316684260619094
44.5166015625,0.0048171995403253655,0.005579232945477817
44.53124999999999,0.00737373812200531,0.006874488473253866
44.5458984375,0.007059036278305808,0.005694472745553291
44.560546875,0.005910068843185836,0.007177633452865147
44.57519531249999,0.007797483557289442,0.007601716124323625
44.58984375,0.007780533850997525,0.004643004470693022
44.6044921875,0.004201620997794903,0.0026476112365825914
44.61914062499999,0.001547148781414936,0.0029658970466943596
44.6337890625,0.0005550083631230697,0.0025113126896483527
44.6484375,0.002100331454648707,0.002315095283484589
44.66308593749999,0.0036092564882170405,0.0018254848088733568
44.677734375,0.0022298178088724398,0.0023849909071005093
44.6923828125,0.003020262332307943,0.0035100944942133686
44.70703124999999,0.006442841631201581,0.004126619110487687
44.7216796875,0.00856165268927389,0.004831345858381055
44.736328125,0.009502564069940373,0.005282109152428964
44.75097656249999,0.008446054244436637,0.005154362930273022
44.765625,0.006065741630015776,0.005619221307817739
44.7802734375,0.0046297649344727,0.005223386797496116
44.79492187499999,0.004578984573240686,0.0031475228827884715
44.8095703125,0.0037372062000426373,0.0023496255071094843
44.82421875,0.0033520978977737916,0.0025970701885020594
44.83886718749999,0.0068662645525394425,0.0009823405768321987
44.853515625,0.008486469946359723,0.0019322339255981348
44.8681640625,0.006752747583975731,0.0020345575541064333
44.88281249999999,0.006373599641312168,0.001294388053588504
44.8974609375,0.0071732318478376165,0.003235708190006109
44.912109375,0.006504605983730211,0.0036181994139197417
44.92675781249999,0.006710416769538747,0.0025629854703877893
44.94140625,0.008267974047451016,0.002638474634478716
44.9560546875,0.0073593526572896546,0.003483218336493196
44.97070312499999,0.005493222684709519,0.003216376813073434
44.9853515625,0.0026005631366065643,0.002580160658211977
45.0,0.002837257324476333,0.002482958111944852
45.01464843749999,0.004642686067896244,0.002696531297514389
45.02929687499999,0.0030024210177493097,0.0021732961273820345
45.0439453125,0.004468496312291137,0.001232332762167425
45.05859374999999,0.006247796367678928,0.001321877117403825
45.07324218749999,0.008266557289969499,0.0019142075149992186
45.087890625,0.009324158763018328,0.0025128388681050005
45.10253906249999,0.008226586918256356,0.002959142775528074
45.11718749999999,0.0069644851272010104,0.004085090294342376
45.1318359375,0.0052771026614012555,0.004697217183265267
45.14648437499999,0.0007397898675543336,0.0036901577726500133
45.16113281249999,0.005146881859620396,0.0033207602696316996
45.17578125,0.006542457495575094,0.0033230004378849024
45.19042968749999,0.004974568029457723,0.0017243315481389617
45.20507812499999,0.005980651375158996,0.0002789717636362636
45.2197265625,0.004921963309889257,0.0008339443178492682
45.23437499999999,0.0024876260479381363,0.0009264204252597305
45.24902343749999,0.006801147545153586,0.002204003310618282
45.263671875,0.01085262307353821,0.003605797491239005
45.27832031249999,0.012171882886288772,0.004070762804515755
45.29296874999999,0.013776612752369228,0.003896693076377165
45.3076171875,0.01627965806376946,0.0062584735213856305
45.32226562499999,0.014983791652812587,0.007573994801983075
45.33691406249999,0.010353477940389738,0.005782122965841145
45.3515625,0.007695432971799423,0.005423104848108379
45.36621093749999,0.006937565997972922,0.006422812158041891
45.38085937499999,0.0054844585256004505,0.005518027692370802
45.3955078125,0.003292685787470125,0.004089320079465244
45.41015624999999,0.0032875817615265605,0.005107779095818174
45.42480468749999,0.004307221843622466,0.005704442370578988
45.439453125,0.001806779099267905,0.003874380503590703
45.45410156249999,0.002672248002662802,0.002746486426440793
45.46874999999999,0.0056212026068110455,0.0027217039336895174
45.4833984375,0.006768923535598983,0.0017729720124880649
45.49804687499999,0.0071421578811477265,0.0012723629711982151
45.51269531249999,0.006264784211095222,0.0017799877756192357
45.52734375,0.004683711996468289,0.002317869149353161
45.54199218749999,0.005682849780078784,0.0026024480684351697
45.55664062499999,0.004920641071524826,0.002856855536675015
45.5712890625,0.004056977014537204,0.0039819789354448125
45.58593749999999,0.009012689996124326,0.004247100062705023
45.60058593749999,0.012185058602897978,0.0032310445947725183
45.615234375,0.012529844768105213,0.003853005158250153
45.62988281249999,0.010663560914171127,0.004770394292566088
45.64453124999999,0.0075293184334454585,0.0040230034564765794
45.6591796875,0.006351791083319812,0.004726526184053108
45.67382812499999,0.0068114002035571004,0.006609489157042629
45.68847656249999,0.004249783360614806,0.006036719753140833
45.703125,0.004916546445830345,0.005522698454277077
45.71777343749999,0.008144409305051153,0.007769011858432136
45.73242187499999,0.007442316667145329,0.007614877453411397
45.7470703125,0.007618601883143744,0.005052014165036147
45.76171874999999,0.011113762772629146,0.00654314835272806
45.77636718749999,0.012581610833944202,0.007711039066178284
45.791015625,0.009477003035210395,0.0049089126153508255
45.80566406249999,0.004862027555857884,0.004076740657935038
45.82031249999999,0.0026569110274943884,0.0065081756824515065
45.8349609375,0.000980887295188603,0.004889445352739918
45.84960937499999,0.0037203659593915074,0.0024414343144174406
45.86425781249999,0.005281291938696859,0.00519256363395524
45.87890625,0.004457013256478618,0.004009982296195135
45.89355468749999,0.003530937566852561,0.0028016409537164767
45.90820312499999,0.004688492804823253,0.005602103977034109
45.9228515625,0.0046206649066422,0.0053166923939635645
45.93749999999999,0.004822549537671992,0.0055014845862558556
45.95214843749999,0.004614024335435425,0.007825404577346677
45.966796875,0.0030779258011032155,0.0078106925849223685
45.98144531249999,0.007014353998365553,0.007804806666626603
45.99609374999999,0.010524828734988634,0.00857307401301611
46.0107421875,0.011186935093122345,0.0076897852591978726
46.02539062499999,0.010852959263527305,0.007127706634262176
46.04003906249999,0.009895993566043699,0.007587601339780058
46.0546875,0.00711227285864287,0.006990941248873949
46.06933593749999,0.003639496384171083,0.006242453179172389
46.08398437499999,0.002606545558274254,0.0062237506619945825
46.0986328125,0.0019395079631983835,0.005059491316694883
46.11328124999999,0.0017973526345653205,0.004004792563030089
46.12792968749999,0.00429858540868526,0.004291579325183168
46.142578125,0.006499064494899749,0.0045424752166918865
46.15722656249999,0.006617947097808169,0.004586708727366688
46.17187499999999,0.005906354657939197,0.005272448849546879
46.1865234375,0.007090382342881701,0.005873720410013717
46.20117187499999,0.008107447497996401,0.005164612176352975
46.21582031249999,0.00765303375075983,0.004822180019848442
46.23046875,0.0057805690908633986,0.005203495210533581
46.24511718749999,0.0031693721371320034,0.004443846547988032
46.25976562499999,0.005685863764548644,0.0037640710577461567
46.2744140625,0.007379642883781464,0.004577538430765173
46.28906249999999,0.004491776253488282,0.004463479940208604
46.30371093749999,0.004636246328478154,0.0038797774871830535
46.318359375,0.006758156682718088,0.0047361769301951726
46.33300781249999,0.005546144263451738,0.004304097121673332
46.34765624999999,0.006128412093381886,0.004488225270912107
46.3623046875,0.00883133407011533,0.005539611463722632
46.37695312499999,0.01022677762787945,0.0050004084264247016
46.39160156249999,0.011541515105323063,0.005694223397796983
46.40625,0.010015541439693913,0.006058279557951163
46.42089843749999,0.0051363095420683775,0.004870868386470476
46.43554687499999,0.006132880591394819,0.00532000515788251
46.4501953125,0.010716049156945334,0.006026600223225088
46.46484374999999,0.011752113832485006,0.005404876908614047
46.47949218749999,0.009930430749385079,0.005799305776895577
46.494140625,0.010765059112337366,0.0066628174836446345
46.50878906249999,0.011341002319016316,0.006041617327664775
46.52343749999999,0.009476313724975748,0.005811408783192018
46.5380859375,0.00824437554578751,0.0066757387943641245
46.55273437499999,0.006882374622673753,0.006946974517797519
46.56738281249999,0.004462238131735852,0.0067122089221539425
46.58203125,0.008654759287633648,0.007159449813710774
46.59667968749999,0.014305898405759583,0.007634785647799029
46.61132812499999,0.015493476693407246,0.00668312358452441
46.6259765625,0.011738631111774431,0.005495338247998426
46.64062499999999,0.0058192441266625965,0.005249945532042123
46.65527343749999,0.0023154055454765498,0.00429094857334253
46.669921875,0.005265350126740666,0.002915596345867635
46.68457031249999,0.006991706417114512,0.0032893779673591624
46.69921874999999,0.005215338922162183,0.004314686870615413
46.7138671875,0.0005511774765442185,0.003628956846877397
46.72851562499999,0.003860971670196291,0.003629394494482143
46.74316406249999,0.0055488238321280674,0.00518127157969258
46.7578125,0.006140785936364769,0.004614811503881934
46.77246093749999,0.007647887951198537,0.004180303484159219
46.78710937499999,0.0071317004680183675,0.005376269534811195
46.8017578125,0.004895504699077194,0.004362647378212751
46.81640624999999,0.006472071809933567,0.0033474995220563824
46.83105468749999,0.007888850752208198,0.00419145652970293
46.845703125,0.007143543707816156,0.0036429740742824485
46.86035156249999,0.006141342141761391,0.00312112955998348
46.87499999999999,0.0068082611380973455,0.0044163053830629136
46.8896484375,0.006398496716320335,0.0036141824685076485
46.90429687499999,0.0023361213680325225,0.0033579843043796418
46.91894531249999,0.002746561288967618,0.004307797104210129
46.93359375,0.004557997846242628,0.002992365989694954
46.94824218749999,0.0032430597901879285,0.002895731484883269
46.96289062499999,0.001160789022657905,0.004595668560109614
46.9775390625,0.0012045498363272074,0.00391908286754103
46.99218749999999,0.0029037416180759056,0.0035342853793948934
47.00683593749999,0.003324914111160529,0.004642835015826463
47.021484375,0.0037030533188692322,0.003367467810476597
47.03613281249999,0.0065666045758248845,0.0025967982332137755
47.05078124999999,0.007005490166148403,0.002926485484553138
47.0654296875,0.005090853455315019,0.0026109839475300786
47.08007812499999,0.006063249751575859,0.002507555751851552
47.09472656249999,0.007841293307383585,0.0027988689509834638
47.109375,0.006865294282409392,0.0034543569236255576
47.12402343749999,0.004934743647466339,0.003563410495481376
47.13867187499999,0.0034348521042553426,0.003042550110399641
47.1533203125,0.000906164628221855,0.0037566388920172115
47.16796874999999,0.002030009010457221,0.004165330976194587
47.18261718749999,0.0029037105147181642,0.002967154531315415
47.197265625,0.00391494683590127,0.0032846665068372964
47.21191406249999,0.006068498488094784,0.0036018908245957692
47.22656249999999,0.00694782667028551,0.0024588919717608722
47.2412109375,0.008469590807987787,0.003324505742315165
47.25585937499999,0.010550235230239744,0.0044179775010467414
47.27050781249999,0.008931733487110146,0.004444018168455409
47.28515625,0.0033150969242217547,0.005095925171495952
47.29980468749999,0.0058648898094766765,0.006036236145308906
47.31445312499999,0.009757190692408836,0.006081730263338921
47.3291015625,0.010212795315004505,0.005461085151830032
47.34374999999999,0.009098263284786457,0.0052172056300688885
47.35839843749999,0.0074267409209341955,0.0057364400482578185
47.373046875,0.006741285859377931,0.005272392358517433
47.38769531249999,0.00808076778610285,0.0037581588060390295
47.40234374999999,0.0076824461660252525,0.003618447467901378
47.4169921875,0.004436888150496479,0.003353814317320544
47.43164062499999,0.0029490456227682133,0.002179977396238101
47.44628906249999,0.006846440985547843,0.0035086644316908483
47.4609375,0.008162918587171547,0.0050414111175915415
47.47558593749999,0.004516801742643653,0.004192405323458032
47.49023437499999,0.0033828832261733094,0.0047970636195151005
47.5048828125,0.007343636319110454,0.006174242607831704
47.51953124999999,0.008069010795365171,0.0043198595790127844
47.53417968749999,0.005246561743764547,0.002321308014584381
47.548828125,0.0010740916874492016,0.004149971207279336
47.56347656249999,0.0022423001082525506,0.0052603782527337025
47.57812499999999,0.006550687351185596,0.003523238185847538
47.5927734375,0.01248600528283219,0.003385949170208729
47.60742187499999,0.01429302828230322,0.005392385933681879
47.62207031249999,0.010055921207875105,0.0038349030774811766
47.63671875,0.005784186218428297,0.002601828952606797
47.65136718749999,0.0056727267816199895,0.004609088330072648
47.66601562499999,0.0032911965274985654,0.004059050030692543
47.6806640625,0.0017950539151553226,0.002723369382722661
47.69531249999999,0.0043051704099531275,0.004595263097315825
47.70996093749999,0.004756885974736953,0.005938925578416078
47.724609375,0.006353071707862147,0.004985023056295406
47.73925781249999,0.010043916551362385,0.004659807614388106
47.75390624999999,0.011397222118715907,0.004921487328178357
47.7685546875,0.008927320924003087,0.0036373205802220144
47.78320312499999,0.005566115724056822,0.002153922609496042
47.79785156249999,0.005137819973768064,0.001579633212546876
47.8125,0.0040346138078757605,0.0012264129128733928
47.82714843749999,0.001300462532754276,0.001148854030563804
47.84179687499999,0.001023106686316804,0.0014792448183779054
47.8564453125,0.0023893198278172674,0.00317689591017566
47.87109374999999,0.004014796045173579,0.004463403857357533
47.88574218749999,0.006692928153352842,0.004585333198919133
47.900390625,0.010268375959637532,0.005345890242228809
47.91503906249999,0.013170988457105468,0.006053948061744288
47.92968749999999,0.013384384851202934,0.005374259565628345
47.9443359375,0.009956757182796682,0.004399238106974204
47.95898437499999,0.005420981078041215,0.005250930162476817
47.97363281249999,0.007190608844482806,0.006537282410406895
47.98828125,0.007119373031928071,0.005140232410836037
48.0029296875,0.00594580457919335,0.0037480103879080576
48.017578124999986,0.008345226565590011,0.0044257309543460355
48.0322265625,0.005486584091035061,0.002558530223715783
48.046875,0.004687511876900278,0.002146261543913388
48.061523437499986,0.008364934773747381,0.0044088408806377336
48.076171875,0.007342312416291954,0.004515809264981113
48.0908203125,0.003594667063126441,0.0046696560117960376
48.105468749999986,0.005648982142339225,0.007369671578029976
48.1201171875,0.007777999617515062,0.007643684687964054
48.134765625,0.006558237287687206,0.006254512538532816
48.149414062499986,0.006370644889398264,0.007144848540599538
48.1640625,0.007265463830999247,0.007346641749512662
48.1787109375,0.006508767585034302,0.005875469959307909
48.193359374999986,0.005304692235898746,0.005144261838680612
48.2080078125,0.005468507742161937,0.004701840816099763
48.22265625,0.00686626723192135,0.004052587625487066
48.237304687499986,0.006054852724124384,0.003532855728856617
48.251953125,0.0023852376824164663,0.0033122988673078045
48.2666015625,0.006522714105240591,0.003902955210291387
48.281249999999986,0.00853675605121829,0.004297942616127387
48.2958984375,0.00824026163885683,0.004153723354500738
48.310546875,0.009228756652794984,0.004351469519627798
48.325195312499986,0.010494654522709056,0.005115027610455036
48.33984375,0.011061916878825418,0.005134655554486238
48.3544921875,0.010543014081954677,0.004372518136399066
48.369140624999986,0.008136561475196593,0.004848483093477498
48.3837890625,0.005799072484125597,0.004529015373911783
48.3984375,0.006873277109566337,0.0020691917702914666
48.413085937499986,0.005682472669345428,0.0008797393666482595
48.427734375,0.004840507342660675,0.0014804003613238786
48.4423828125,0.00609609038198852,0.0015437545313222495
48.457031249999986,0.006108192096045162,0.0011254102812332353
48.4716796875,0.004676772405904337,0.002065522373920979
48.486328125,0.0023086015486606564,0.0014410649027002253
48.500976562499986,0.00036196049532536133,0.0021665759318583006
48.515625,0.0010588126273300595,0.004191861552520999
48.5302734375,0.0020720258450455174,0.004000602101738245
48.544921874999986,0.00535164068433798,0.0032556371654042632
48.5595703125,0.008380233613021858,0.004293528675623941
48.57421875,0.009616572780319537,0.005026352991734134
48.588867187499986,0.008513260394069237,0.004156322888944288
48.603515625,0.0063538102912304596,0.002858457074276049
48.6181640625,0.00423593909067291,0.0024636955669146555
48.632812499999986,0.003013375966530307,0.0010413996116663356
48.6474609375,0.003130629821508918,0.001222772899395049
48.662109375,0.0038690921349458177,0.0023020777214498066
48.676757812499986,0.0039869470809308204,0.0019774332450864887
48.69140625,0.002329072715094058,0.002467246616248186
48.7060546875,0.001361044116995332,0.003564238573609275
48.720703124999986,0.0033161746098334527,0.003890007269963717
48.7353515625,0.00739294911642835,0.003954048713869849
48.75,0.009522637480077001,0.004920382483103718
48.764648437499986,0.005582278576604642,0.005287935563311547
48.779296875,0.001661538320112466,0.004755517344299693
48.7939453125,0.006180878461560499,0.0046667568460010906
48.808593749999986,0.0049415229450692315,0.004081229187000214
48.8232421875,0.0009788531732529723,0.0027920496062889995
48.837890625,0.0029382355929650377,0.0020384271669797722
48.852539062499986,0.005281981396203189,0.00039486909194466884
48.8671875,0.009505140866052446,0.0016850875798647543
48.8818359375,0.010387093372146133,0.0020607394457084777
48.896484374999986,0.008355420967035012,0.0024930415697421225
48.9111328125,0.008732944035571647,0.003614915842040404
48.92578125,0.010409916330276745,0.0032310425026497473
48.940429687499986,0.008957823010332384,0.0023898051555428412
48.955078125,0.005555134264503668,0.003014134209756659
48.9697265625,0.005484787132718254,0.0021622556726521316
48.984374999999986,0.007051811734356007,0.0002634745290038493
48.9990234375,0.006286614478384504,0.0005098439402491276
49.013671875,0.0035675253538683385,0.0010435434207793832
49.028320312499986,0.0035706391939067223,0.000677172149200972
49.04296875,0.006032753170815684,0.0015800971221062179
49.0576171875,0.006390724524156981,0.0017197651546931073
49.072265624999986,0.006174194750976456,0.002525367045952454
49.0869140625,0.00648171067391298,0.003823556362358944
49.1015625,0.0055139547125756545,0.002347465817417701
49.116210937499986,0.004954215138799406,0.00197210988235907
49.130859375,0.005046558419225968,0.0019049465658560894
49.1455078125,0.0019087327847443734,0.0008419803216104184
49.160156249999986,0.0037733827930551615,0.0005503232397926572
49.1748046875,0.00753217929204657,0.0019158455935054726
49.189453125,0.009185439769356417,0.0016982380600255131
49.204101562499986,0.010974709082253214,0.0032528882958047013
49.21875,0.011093627093158438,0.004609983239844185
49.2333984375,0.009395175590131888,0.004704246818530441
49.248046874999986,0.009336518282587717,0.005845534339040998
49.2626953125,0.008708175756665548,0.006144045811934503
49.27734375,0.0031644677798372657,0.0059233170806232156
49.291992187499986,0.00336275920754419,0.006448169884678982
49.306640625,0.005670711755088531,0.006033816079892016
49.3212890625,0.004686035781864185,0.005370736924234868
49.335937499999986,0.002939150866746727,0.005346535921787443
49.3505859375,0.002864932922308201,0.004310709234968522
49.365234375,0.007770071672171275,0.0030397642660430968
49.379882812499986,0.011467121808603702,0.003074708357554834
49.39453125,0.011603328355344625,0.002481082330826314
49.4091796875,0.008891777923932406,0.0019508204707183409
49.423828124999986,0.004207889792292039,0.0033247269455820953
49.4384765625,0.0013116764411411745,0.003224894171224187
49.453125,0.00308853688131016,0.003280597705954563
49.467773437499986,0.0019631542574183028,0.0049367356194787194
49.482421875,0.0007643609537596983,0.004901013641821356
49.4970703125,0.001843669243723827,0.004473460349002486
49.511718749999986,0.0019052062920238634,0.005431724544169124
49.5263671875,0.001136126322860429,0.004774347288310774
49.541015625,0.0012972317598132221,0.003282366160690249
49.555664062499986,0.003226789037335518,0.0034069132951642057
49.5703125,0.004309829175277237,0.0034521141297493537
49.5849609375,0.0016140567279352702,0.002345203118896071
49.599609374999986,0.004101786643839182,0.002400178568399408
49.6142578125,0.0075204291383020256,0.0033530857686619618
49.62890625,0.007382540063504792,0.0022575479987442183
49.643554687499986,0.005633747624652665,0.00252909160443756
49.658203125,0.0033398124537144165,0.003426739388676119
49.6728515625,0.0028058729225234674,0.0022034726636806904
49.687499999999986,0.004494637631905479,0.0027064103591094048
49.7021484375,0.005226811026248385,0.003232220918611599
49.716796875,0.007554434144860015,0.002472211920387475
49.731445312499986,0.00725095016006139,0.0028215230316011087
49.74609375,0.0032412063784288386,0.0034976366185343406
49.7607421875,0.0018900429829136196,0.003403792929926761
49.775390624999986,0.00436333068609414,0.0038036423280684373
49.7900390625,0.007249718517927945,0.004110038235367087
49.8046875,0.008579328173351906,0.003939964084664411
49.819335937499986,0.007615820461349419,0.004374842905370533
49.833984375,0.007155996505405,0.004322855379725019
49.8486328125,0.008033911495611046,0.00417410492174732
49.863281249999986,0.006860764472067752,0.005361583688865461
49.8779296875,0.005208510164977432,0.005349920431034768
49.892578125,0.009245673168309156,0.004270422730813218
49.907226562499986,0.01124425204956376,0.005401559089359598
49.921875,0.007826961519158867,0.005629377121037401
49.9365234375,0.0024080655552101015,0.003725113591462546
49.951171874999986,0.002930456646094898,0.0046240903820832
49.9658203125,0.003994413397992281,0.005110477252964897
49.98046875,0.003841437644706407,0.0025518723572577552
49.995117187499986,0.0025700753526146807,0.00343984155089853
50.009765625,0.003668342845389153,0.004785057269673017
50.0244140625,0.010799208319119777,0.0032146920151298747
50.039062499999986,0.01662344580886542,0.004527503512991225
50.0537109375,0.016768029777173624,0.006578732594079532
50.068359375,0.012676615645814543,0.005416451673405225
50.083007812499986,0.007904861704832206,0.005576896148377781
50.09765625,0.0032738973433919854,0.006672633180674634
50.1123046875,0.0023765236956006367,0.005452277725339664
50.126953124999986,0.005265428160656032,0.004311622315148117
50.1416015625,0.005986316893178178,0.0049318073754513235
50.15625,0.004595417197900553,0.0056583688017455246
50.170898437499986,0.002012735759528734,0.0053910152760288715
50.185546875,0.004494088626596195,0.004477711965091416
50.2001953125,0.008421553025723344,0.005045449797599114
50.214843749999986,0.009586427241746884,0.005218232663379711
50.2294921875,0.007097358638986486,0.0034891252747710445
50.244140625,0.0048110859890613394,0.004369935052042695
50.258789062499986,0.004246939900504165,0.005123191855875758
50.2734375,0.0013736267602505417,0.003057220247366798
50.2880859375,0.0022868223675894667,0.0038005204548517495
50.302734374999986,0.0034347259593818418,0.004373709631803661
50.3173828125,0.00162496205466509,0.002881739535892892
50.33203125,0.0024210521867577303,0.003071312052328571
50.346679687499986,0.0049496545057840504,0.0045097275225705075
50.361328125,0.005406323448232351,0.004352997376143267
50.3759765625,0.006304508155644957,0.004029331927401088
50.390624999999986,0.006636900165999672,0.005363896019824414
50.4052734375,0.00425988752801449,0.005900586796412457
50.419921875,0.004472131901939847,0.005117300713056823
50.434570312499986,0.007566666378938329,0.004751670476631005
50.44921875,0.007564903624032287,0.005279094946064443
50.4638671875,0.007452027669704019,0.005648707127861814
50.478515624999986,0.007657133887214003,0.005199429868255153
50.4931640625,0.007088543828976061,0.004953699475020657
50.5078125,0.007300474497022277,0.0049956632322425525
50.522460937499986,0.006352098391927226,0.0037552278414755536
50.537109375,0.004231633818318567,0.0017549760256408127
50.5517578125,0.002458669283324362,0.0009013592999632414
50.566406249999986,0.0006040267903503694,0.0004500510972154505
50.5810546875,0.0018844729628775744,0.0017632071706997039
50.595703125,0.0038100505607410445,0.0022371345996472845
50.610351562499986,0.002692767956661387,0.0010647412184275104
50.625,0.001537174180677444,0.001009768527702364
50.6396484375,0.004927648174400706,0.0024079189648744826
50.654296874999986,0.0057546394688353965,0.0031026699915036307
50.6689453125,0.007805389865936504,0.0020490976777331887
50.68359375,0.007995098451905982,0.0027769039486592005
50.698242187499986,0.004372838959141251,0.004636865283568803
50.712890625,0.003542158177762128,0.0039043695412091725
50.7275390625,0.006273678751193587,0.0033064469088546684
50.742187499999986,0.00441902228089494,0.004371971099001788
50.7568359375,0.0013309731611976323,0.0031918548245063803
50.771484375,0.005348011607118715,0.0020078187011149332
50.786132812499986,0.005214779185179113,0.002759075518729035
50.80078125,0.004674236196432428,0.0029894774844829055
50.8154296875,0.005293077656395797,0.0026474756493583156
50.830078124999986,0.004704661931249048,0.003345126598529293
50.8447265625,0.002619217058064224,0.0032114266978122406
50.859375,0.0005153341399105262,0.002685945872292996
50.874023437499986,0.00179321312576081,0.003033823411799416
50.888671875,0.001006835732013601,0.0026359407443455143
50.9033203125,0.0018519922638063832,0.002938884570055367
50.917968749999986,0.004568686428177705,0.004649789894486979
50.9326171875,0.008237894877588593,0.00475708255264433
50.947265625,0.012876460504607399,0.0059176465497116195
50.961914062499986,0.013968456943940782,0.007888080285335686
50.9765625,0.01131901220677121,0.007303192007019149
50.9912109375,0.00987165617610459,0.0073759905747625525
51.005859374999986,0.010244038284024053,0.008594476159312707
51.0205078125,0.010426460516701007,0.008065181003313878
51.03515625,0.011624549583416762,0.006911400306792585
51.049804687499986,0.011439655446968346,0.0076525063675212555
51.064453125,0.008340125044246503,0.008139227120769631
51.0791015625,0.007167659337490859,0.0062261999154114974
51.093749999999986,0.010888368183190913,0.004750408189174785
51.1083984375,0.011817808510450644,0.005142543634055204
51.123046875,0.008014397708118926,0.003505876895778178
51.137695312499986,0.002631551865498785,0.0007260528064387802
51.15234375,0.001338236494509167,0.0018157026266094793
51.1669921875,0.0023959312621940954,0.0017597082219326418
51.181640624999986,0.003554480498840645,0.001106382969071058
51.1962890625,0.005167150260117649,0.0042197111839688975
51.2109375,0.005301579599338604,0.005722008017708505
51.225585937499986,0.004385259294401145,0.005370834140852237
51.240234375,0.0037019668411980935,0.007435340833847366
51.2548828125,0.004375237911463076,0.008666041490180992
51.269531249999986,0.00515647142703076,0.007144083451530705
51.2841796875,0.00472023133097319,0.006594915450533407
51.298828125,0.0021761679308574147,0.007134042352679169
51.313476562499986,0.0036374573353388498,0.006223645549641004
51.328125,0.008016279374087007,0.004539137998708873
51.3427734375,0.008084212850137601,0.0038928738449056748
51.357421874999986,0.0030770599676919123,0.0030700942436135675
51.3720703125,0.006807742348633677,0.001401090989024298
51.38671875,0.009264115962471918,0.0025617375013899635
51.401367187499986,0.004549941572357673,0.003250043756565858
51.416015625,0.0028496897785397985,0.0038798307937208142
51.4306640625,0.006437402694229428,0.003965184470254281
51.445312499999986,0.006460981096086289,0.0039475417608362115
51.4599609375,0.008451704290245601,0.004797976984062744
51.474609375,0.011486761877413099,0.004668164221551017
51.489257812499986,0.012570670576057092,0.004119994650888465
51.50390625,0.011635147908954223,0.00564639914789364
51.5185546875,0.009905300544812983,0.005319957353438759
51.533203124999986,0.008986495408236844,0.0033928142352606027
51.5478515625,0.007462241607031011,0.005073178921606383
51.5625,0.004332004918350581,0.005133741333914028
51.577148437499986,0.002056348016286408,0.002962071252001453
51.591796875,0.0044472459289673465,0.004677223950188379
51.6064453125,0.007512181809497157,0.00548525614975376
51.621093749999986,0.00859482156458548,0.0038807274877277176
51.6357421875,0.00756581770256699,0.004433289503423733
51.650390625,0.007519168781708598,0.006469700261522079
51.665039062499986,0.008741589456397879,0.005968829911027691
51.6796875,0.008366090583538162,0.004560914991670036
51.6943359375,0.007151805718579241,0.006276003385069272
51.708984374999986,0.006290831070590187,0.006762327494906597
51.7236328125,0.004521662400898986,0.004059469178908475
51.73828125,0.0016717149979747707,0.0037816022909887394
51.752929687499986,0.0017512926170271728,0.00447682242514899
51.767578125,0.00319653246505142,0.002327438749700127
51.7822265625,0.004940701846575244,0.0026801570968263268
51.796874999999986,0.005431212442656981,0.004466854345846238
51.8115234375,0.004069438686530189,0.003951638174495719
51.826171875,0.002205102446679217,0.006107636930129522
51.840820312499986,0.004389783082562863,0.007627422618494062
51.85546875,0.005596122689014135,0.0070320134524508495
51.8701171875,0.00526580163579424,0.0072506361814522625
51.884765624999986,0.00595818337378495,0.007384479577406354
51.8994140625,0.0054729765395063945,0.0068408195890914385
51.9140625,0.005709165629479019,0.007169459384550448
51.928710937499986,0.008214125721113578,0.008171924991334456
51.943359375,0.008324115309528859,0.00799043257792754
51.9580078125,0.0051422904883412736,0.0068808172353135326
51.972656249999986,0.0021904951818967214,0.005713302925588117
51.9873046875,0.0036434634778030888,0.004384694046724549
52.001953125,0.004617022492919992,0.0029210407094386152
52.016601562499986,0.004686963840152226,0.0021420023991937406
52.03125,0.003937659166643448,0.002249794012071846
52.0458984375,0.001996441352302044,0.0017143264242109007
52.060546874999986,0.0002803718542912052,0.0033025902376139747
52.0751953125,0.0017850742193478138,0.004022030888331865
52.08984375,0.002803301199952695,0.003574516265389404
52.104492187499986,0.005552662590398674,0.004831148575545599
52.119140625,0.007404074875157401,0.005777037096867219
52.1337890625,0.00770894380334929,0.005212111177013796
52.148437499999986,0.00905123943555732,0.0053080264186652956
52.1630859375,0.008767653126903804,0.006845859297465865
52.177734375,0.004816639819930955,0.007308212830584105
52.192382812499986,0.0019583648972797615,0.006468237599668647
52.20703125,0.007234930541265478,0.00727071072922051
52.2216796875,0.007778108828243573,0.007484433936426115
52.236328124999986,0.003821088689062836,0.005647350296350502
52.2509765625,0.0012817048316227726,0.005342162505218813
52.265625,0.002251382461421185,0.004718484018685367
52.280273437499986,0.0031265491193032276,0.003160084628965465
52.294921875,0.005091290831014315,0.0028607457790120953
52.3095703125,0.004032873022572425,0.002569298589310061
52.324218749999986,0.0014395721630060018,0.0023663573365691045
52.3388671875,0.005395654517669071,0.002102857089226214
52.353515625,0.005046973658664128,0.002037541097599754
52.368164062499986,0.006465053605984938,0.0019292695566478523
52.3828125,0.007786967463934032,0.0012809381479405473
52.3974609375,0.006900966523507688,0.001123724030394662
52.412109374999986,0.010042373871871393,0.001746363392278431
52.4267578125,0.01262825120550498,0.002097742227210072
52.44140625,0.011402880672066996,0.0018256084962586833
52.456054687499986,0.007311062843350925,0.0025469575421663664
52.470703125,0.00420446063777271,0.0033763139917238573
52.4853515625,0.003699029755728771,0.00294343671236526
52.499999999999986,0.0011760314898981929,0.0025855466028849496
52.5146484375,0.0023495963229304036,0.004175126166721087
52.529296875,0.003291680563687847,0.004521406758651017
52.543945312499986,0.001385403035915424,0.002780973286023955
52.55859375,0.0018015180085180394,0.003022966491889619
52.5732421875,0.004323527739504866,0.003795748296522257
52.587890624999986,0.005072271302193662,0.0024922385620688753
52.6025390625,0.003352886463389325,0.00040132345140077394
52.6171875,0.00155684308678527,0.0019906377188990865
52.631835937499986,0.002059020772642282,0.002854617900588643
52.646484375,0.0035779509018914013,0.0004531091440933096
52.6611328125,0.005640152625857416,0.003540222972465463
52.675781249999986,0.006811638096243629,0.004544125477736885
52.6904296875,0.006360539412616466,0.0037701186205878214
52.705078125,0.0038285088409765688,0.00772306188023561
52.719726562499986,0.0037542684790818634,0.008343278760730186
52.734375,0.009347568311497377,0.006016668129736379
52.7490234375,0.011871921503482267,0.007423129825639065
52.763671874999986,0.00938247079488734,0.007781426614895358
52.7783203125,0.006317274946693118,0.004999373641273131
52.79296875,0.00712300941129785,0.003759939516444318
52.807617187499986,0.006042326836237174,0.005086792806050388
52.822265625,0.0014518960924306057,0.004168133116143745
52.8369140625,0.003365926369213586,0.0013766126819728945
52.851562499999986,0.004765515442840604,0.0012834472021677752
52.8662109375,0.002743400774874611,0.00033401200283165317
52.880859375,0.0006077927627531001,0.0021031647613774167
52.895507812499986,0.0025088689720806317,0.0024531603651685675
52.91015625,0.0014574902638408989,0.0012833220769793876
52.9248046875,0.001094440950517452,0.0011610097582599353
52.939453124999986,0.0026509283745815497,0.0021197124498118333
52.9541015625,0.002477777978222486,0.0029179474677852924
52.96875,0.0009448130869861175,0.002940237544283502
52.983398437499986,0.004272020540515343,0.0034401589817120966
52.998046875,0.004701702334383593,0.003285788531408088
53.0126953125,0.001573665951014203,0.0023654203823488783
53.027343749999986,0.0023288714797811616,0.0019968609541317927
53.0419921875,0.00301372105316435,0.001134679555489498
53.056640625,0.002616857621729149,0.0001293651538635736
53.071289062499986,0.003899734680125739,0.0008786733068486071
53.0859375,0.003986562474320417,0.001106121793132743
53.1005859375,0.0031725373029239676,0.0003584423415496016
53.115234374999986,0.0032321645197781706,0.0023538053240689276
53.1298828125,0.003043073160310473,0.0027250844307376773
53.14453125,0.001910160854445934,0.001753919270780017
53.159179687499986,0.0018596528584347684,0.004238723567346483
53.173828125,0.0008894247651652481,0.004509067077380639
53.1884765625,0.00442240756170827,0.0023424318614650177
53.203124999999986,0.008374837844392103,0.004536800747004765
53.2177734375,0.0075372323781711555,0.00483164813946309
53.232421875,0.0021914373877575206,0.002608918903462044
53.247070312499986,0.0052064215960735865,0.005056221033924626
53.26171875,0.008620929173001833,0.006783660098747159
53.2763671875,0.006891967592126902,0.004865547360245942
53.291015624999986,0.004249858565427812,0.006435397600359109
53.3056640625,0.004241475029266979,0.007833206428804479
53.3203125,0.0008182125446936018,0.005666508443118669
53.334960937499986,0.00571571785672541,0.005807553929301289
53.349609375,0.00878046297974673,0.007091983130380857
53.3642578125,0.005698370160239631,0.005070678866387519
53.378906249999986,0.0027954398301008273,0.00391609807650507
53.3935546875,0.006880358094524065,0.004825007809839387
53.408203125,0.007889571960328974,0.0029877482601213656
53.422851562499986,0.005432631189953221,0.0011704394978395696
53.4375,0.0023239215096406336,0.001771446251339676
53.4521484375,0.0005540242695932289,0.0008207190692527029
53.466796874999986,3.4157695173755324e-05,0.0014013180560061489
53.4814453125,0.0014321468132136442,0.001349761080403851
53.49609375,0.0032030339647227866,0.0015459672914369703
53.510742187499986,0.003801278879940173,0.0019441113698964274
53.525390625,0.0029126776984834814,0.005288214892675183
53.5400390625,0.004493118980591791,0.0053605572553277175
53.554687499999986,0.008619404248866331,0.004920344728552467
53.5693359375,0.008787770213083902,0.007226893780427036
53.583984375,0.0025014831156557863,0.006436386725658611
53.598632812499986,0.008607112998807398,0.0043817202246885165
53.61328125,0.012541141420071237,0.005607540291007929
53.6279296875,0.00878713890582566,0.004774654520217242
53.642578124999986,0.0032899869921615894,0.0019311507155684363
53.6572265625,0.0010417101975188354,0.0026296907792493613
53.671875,0.0016154953568412091,0.002534394445575887
53.686523437499986,0.0025563672995382388,0.0009125543422294327
53.701171875,0.003107889342319797,0.0013616700948072087
53.7158203125,0.0035221606544907865,0.0022456764734724746
53.730468749999986,0.004040535411539997,0.001099829644810214
53.7451171875,0.004182434151974891,0.0016430688809159603
53.759765625,0.003614043698261211,0.001899646355374318
53.774414062499986,0.004223022048857474,0.0009566651707954018
53.7890625,0.006323457296170742,0.0007344263082181497
53.8037109375,0.00776391355353129,0.0018689707608914024
53.818359374999986,0.007483233912102866,0.0023192636270537264
53.8330078125,0.006453256243009461,0.0018853628595892622
53.84765625,0.0066044496704252414,0.0025654639425554205
53.862304687499986,0.006909323883298389,0.0025603107357996162
53.876953125,0.005072798971533453,0.0019549521994352897
53.8916015625,0.0029742466274511555,0.002335175754933928
53.906249999999986,0.005494829664002893,0.002305106002297587
53.9208984375,0.007538703097339592,0.0016366843994157615
53.935546875,0.007817849445472334,0.0017172207658780283
53.950195312499986,0.006417007786754703,0.0016569331684321655
53.96484375,0.004496663972479067,0.0012619978290891632
53.9794921875,0.004488534173692204,0.001967167951514529
53.994140624999986,0.003943393075001762,0.0025080325090926234
54.0087890625,0.0034605407587538963,0.0022367309528444853
54.0234375,0.003475670833337945,0.003122532206854498
54.038085937499986,0.0014985777755202683,0.0037420531866194356
54.052734375,0.0015641093078134353,0.0034227403544223986
54.0673828125,0.0036464358910596227,0.004099172474107091
54.082031249999986,0.003953337449721541,0.004951372534876147
54.0966796875,0.0017258531771462767,0.0043859962802996885
54.111328125,0.002621290939635821,0.003841308025539586
54.125976562499986,0.0017807931601061663,0.004148418287260392
54.140625,0.001334634119188805,0.00393315661932026
54.1552734375,0.002150467517283847,0.002830781856860681
54.169921874999986,0.0017927498054149203,0.0027336947840980496
54.1845703125,0.0037376664082362674,0.0028449224837010043
54.19921875,0.003804102897523553,0.0015596668598454797
54.213867187499986,0.002917831917316398,0.001961895512899086
54.228515625,0.0017807576281366276,0.0028249228785704682
54.2431640625,0.0021529053439251246,0.0021258566157039216
54.257812499999986,0.0034912292666254875,0.002977435366288308
54.2724609375,0.0036342073138142268,0.004222850582718647
54.287109375,0.0014711314947927312,0.003429079584641877
54.301757812499986,0.0034330243124047442,0.004052313938957262
54.31640625,0.00615455016263293,0.004728565970206639
54.3310546875,0.006174253698124611,0.0035847262094767587
54.345703124999986,0.006283984402947072,0.004242519205966401
54.3603515625,0.006947731358727669,0.0050579032237435765
54.375,0.007676731136072581,0.004268581610248498
54.389648437499986,0.010100290119804022,0.005074688840463162
54.404296875,0.011529421385899224,0.005806129735555428
54.4189453125,0.009813742293565643,0.004464242349055195
54.433593749999986,0.005622325595198223,0.004579508013805771
54.4482421875,0.0019246498628563199,0.006158282053705948
54.462890625,0.0025523476484408994,0.005662228564105172
54.477539062499986,0.0014402587621719825,0.004659130688350707
54.4921875,0.0013922850281565923,0.005975542438912544
54.5068359375,0.00300483392578073,0.0052301487143512045
54.521484374999986,0.003915785360893929,0.002634325482780599
54.5361328125,0.005745067954192958,0.0037232492329605602
54.55078125,0.007117122668147524,0.003108642030400906
54.565429687499986,0.007459918180050538,0.0012253289526742634
54.580078125,0.006952194638313462,0.004161494398894812
54.5947265625,0.006385657129628452,0.0035759105493308953
54.609374999999986,0.007065709398177578,0.0030150463909547217
54.6240234375,0.006696772360248322,0.005698466959080133
54.638671875,0.002813040819701569,0.004887383400463692
54.653320312499986,0.002729029927585928,0.0025102506352406594
54.66796875,0.005667877084537718,0.0041127347156791234
54.6826171875,0.004003458449079291,0.005237799673860891
54.697265624999986,0.0011731675146004067,0.0036694114539779655
54.7119140625,0.003623237026344087,0.00277606405131347
54.7265625,0.0034129576113332907,0.004191716832124778
54.741210937499986,0.0021086430934717164,0.00382343460983273
54.755859375,0.0018557334805956768,0.0021201792060645468
54.7705078125,0.0020831357972185016,0.002180200210872163
54.785156249999986,0.0017208044954952427,0.001977453711826019
54.7998046875,0.0022304187796010674,0.0008736173009099634
54.814453125,0.0049396888781934635,0.0018209073837330786
54.829101562499986,0.00778911017227966,0.002134505056356493
54.84375,0.008112171093303665,0.0028319418187838855
54.8583984375,0.007076078270380859,0.003841775231061053
54.873046874999986,0.006535381335054758,0.003641962253104869
54.8876953125,0.0060808264267696276,0.002937770570450022
54.90234375,0.0059241440399341976,0.004468400877546079
54.916992187499986,0.005536668766209006,0.005235516567870295
54.931640625,0.006524691670690196,0.0032198427849064446
54.9462890625,0.007698225805214663,0.0036037708000005958
54.960937499999986,0.004787700127715474,0.0034297516800254804
54.9755859375,0.0007208859263142606,0.0019170697606108965
54.990234375,0.0026624451379818736,0.0022490088719113125
55.004882812499986,0.004192302553986097,0.005061739767944843
55.01953125,0.002266106323975444,0.004837421335555977
55.0341796875,0.00280349114970544,0.004316621622121946
55.048828124999986,0.005478023810779738,0.005371863603012762
55.0634765625,0.004253026237673342,0.0037367608927263555
55.078125,0.0026127433409838707,0.0022117846838586664
55.092773437499986,0.0033883674306957015,0.0028571478065261115
55.107421875,0.005177058335149461,0.002111313065173896
55.1220703125,0.006461695664318495,0.0008131244770018533
55.136718749999986,0.006134474368110245,0.002159903143306703
55.1513671875,0.00536303471486022,0.0017434113301372505
55.166015625,0.004704777506830504,0.0039185930621768094
55.180664062499986,0.002509558088131477,0.005298073667319966
55.1953125,0.003176622493726035,0.004394287284706559
55.2099609375,0.007950426920454933,0.006116396656161212
55.224609374999986,0.008944156753043669,0.007305183903848554
55.2392578125,0.005660019746675196,0.005575665662220018
55.25390625,0.005562720375427477,0.006378310071521521
55.268554687499986,0.0061149280844486125,0.008989715890069703
55.283203125,0.0030604106528799154,0.007053044887194667
55.2978515625,0.0027603205171268953,0.005328638358008395
55.312499999999986,0.006944293313315447,0.006909820117847393
55.3271484375,0.005589285285610646,0.004206498661596998
55.341796875,0.0012102455772318183,0.0014780498389825264
55.356445312499986,0.007595014459370207,0.0032816952115563903
55.37109375,0.00949186017929644,0.0012420525038677275
55.3857421875,0.006725078073860432,0.0026763288503350293
55.400390624999986,0.002895636030891628,0.004563215341573307
55.4150390625,0.0038793147109644297,0.0035871839266560816
55.4296875,0.006390883899514706,0.004357500352619587
55.444335937499986,0.007808260395560789,0.0066467038627644566
55.458984375,0.01005124046309652,0.006216858793903699
55.4736328125,0.012623891292065462,0.005756620594497658
55.488281249999986,0.012814398344604997,0.006112999367490471
55.5029296875,0.012054377763707184,0.00572109861498905
55.517578125,0.009656587757119866,0.005433028719401743
55.532226562499986,0.004980741392610191,0.005094557700103284
55.546875,0.0069463164445740895,0.00565352762491185
55.5615234375,0.00919833042387884,0.006516693667553471
55.576171874999986,0.005022081571186336,0.006005322810122233
55.5908203125,0.005451816279909889,0.006183510425643498
55.60546875,0.008995291713169302,0.006906215145391511
55.620117187499986,0.0065531010465298585,0.006094546761919341
55.634765625,0.005612342912065714,0.005314596745543171
55.6494140625,0.009885644228390967,0.005761563962450199
55.664062499999986,0.009558987582962076,0.004976970147312589
55.6787109375,0.006338648676885759,0.0035732569017184095
55.693359375,0.006144432493945477,0.003707955060355951
55.708007812499986,0.00512582098170457,0.0026215707071077414
55.72265625,0.004294952938273584,0.00220519795603497
55.7373046875,0.00664655562644323,0.0031178896150438743
55.751953124999986,0.006330379403279882,0.0025791358090648912
55.7666015625,0.004723935097090416,0.0038811180909540735
55.78125,0.0050318361770275545,0.004870204394246645
55.795898437499986,0.004729734311924871,0.0037987326627766478
55.810546875,0.0037683722050971514,0.00428646030130626
55.8251953125,0.003087747498636236,0.004995494286902445
55.839843749999986,0.003571503000689633,0.0038415050369518286
55.8544921875,0.004335681338204267,0.0027756926790464655
55.869140625,0.003915590328236349,0.0041770164640082446
55.883789062499986,0.0029501694615563217,0.004192627173524386
55.8984375,0.002381413800671936,0.001786378281775798
55.9130859375,0.0027154385268111318,0.001988985097599278
55.927734374999986,0.0017690795448156169,0.002080856394338385
55.9423828125,0.0023765016062637892,0.0006655867538790707
55.95703125,0.00449327083430026,0.0015662586557075797
55.971679687499986,0.005592585531358157,0.001492502207395183
55.986328125,0.007172220853658663,0.0012345999749991527
56.0009765625,0.0061193501791511964,0.002999888678109311
56.015624999999986,0.004114855955009826,0.004013753859662478
56.0302734375,0.004630189187307962,0.004052536290235872
56.044921875,0.003571841752513975,0.004186837181890529
56.059570312499986,0.0022456048493748825,0.004137779206938141
56.07421875,0.006875479216449695,0.00393451087787393
56.0888671875,0.007167196557545126,0.003091719296881582
56.103515624999986,0.0038395338192735457,0.0023728805537350075
56.1181640625,0.0055053828983323925,0.0033250305519262166
56.1328125,0.006247223803760453,0.0035108978308416973
56.147460937499986,0.004842708827190148,0.002483955048797573
56.162109375,0.0023898665116961594,0.003482433855913573
56.1767578125,0.0015476141319535027,0.004540535328312063
56.191406249999986,0.0026981162086099695,0.003652245421696465
56.2060546875,0.0060330614189834575,0.003137950349436408
56.220703125,0.007211334189638422,0.004256758920583353
56.235351562499986,0.003299060155670404,0.0034565332345444623
56.25,0.003268164407536625,0.0014677895460297123
56.2646484375,0.006400699793107907,0.002811064478081543
56.279296874999986,0.004886737078870376,0.002796269956214197
56.2939453125,0.004533331739440438,0.0014172235633190776
56.30859375,0.007146803579341099,0.0035194152588320267
56.323242187499986,0.007512998772953037,0.004916271218783362
56.337890625,0.004245157156873126,0.003867463146927622
56.3525390625,0.0011743348816854536,0.004219734494854368
56.367187499999986,0.004395891483839453,0.006323927148960835
56.3818359375,0.004496637411889777,0.005453164557000357
56.396484375,0.005438144678468698,0.0029761051629937753
56.411132812499986,0.00827255579754722,0.004175394547240876
56.42578125,0.007921597389363877,0.00482339728207319
56.4404296875,0.0072897410272164875,0.002797869925465835
56.455078124999986,0.010268962171794948,0.0009219100420340403
56.4697265625,0.010449818356484229,0.0025401196317352106
56.484375,0.005892350177851116,0.0016214474434733809
56.499023437499986,0.0013822093944261856,0.001637813010414828
56.513671875,0.0056483869420885435,0.002993475730546906
56.5283203125,0.0067479625894658725,0.001944471306293928
56.542968749999986,0.005357782071792076,0.0024296095041284166
56.5576171875,0.0037828151277300424,0.004813653678115881
56.572265625,0.0018449355196118217,0.004269424233987966
56.586914062499986,0.002936947563561473,0.0029549304099743467
56.6015625,0.005531999419264103,0.004236015563038905
56.6162109375,0.005719986615255457,0.004452006851737231
56.630859374999986,0.004534401475901633,0.003240778647252372
56.6455078125,0.00533135859058252,0.0034367985937836915
56.66015625,0.006184963383328125,0.004027491085551165
56.674804687499986,0.0047917038022999014,0.003742749702239351
56.689453125,0.004468197101247944,0.0036120436010711366
56.7041015625,0.005580740228791569,0.004215756405733307
56.718749999999986,0.006020090988523814,0.004599997018872731
56.7333984375,0.00534394986314814,0.004174482727244306
56.748046875,0.003703872696590426,0.0035059514814442393
56.762695312499986,0.0026339888150902664,0.003848963509058145
56.77734375,0.0037124717013245264,0.004080563699023963
56.7919921875,0.006456440135330547,0.0025817981074422024
56.806640624999986,0.008665264279722865,0.0007745502035942506
56.8212890625,0.008030081198211737,0.0012876988639871898
56.8359375,0.0056156102589087365,0.0014915158999032612
56.850585937499986,0.0049437599617469545,0.0024294677522138735
56.865234375,0.004155213954287288,0.0021117514280902154
56.8798828125,0.005325213067952696,0.0007681641843979723
56.894531249999986,0.006856807911699372,0.0020534198496101187
56.9091796875,0.005633130033970501,0.003392800069180616
56.923828125,0.0036812111092203903,0.0035347729609899745
56.938476562499986,0.006168258756137382,0.0024604440244535898
56.953125,0.007846595475015806,0.0033384969740442483
56.9677734375,0.007214728892346234,0.004575052680364709
56.982421874999986,0.008155708191793143,0.00383100475845548
56.9970703125,0.010333737586691845,0.002247615875503373
57.01171875,0.009864133087874748,0.0021032248082084805
57.026367187499986,0.006586867556434634,0.002040082783510967
57.041015625,0.0037696498154868186,0.0020230246488844683
57.0556640625,0.0033906473737714484,0.001829378932776714
57.070312499999986,0.003844497300587299,0.0015725532130958606
57.0849609375,0.0054315081301569675,0.0021164827160477283
57.099609375,0.007532131005671598,0.003299474103790276
57.114257812499986,0.008210315403897975,0.004203123940883532
57.12890625,0.006588484969795121,0.004567004511481196
57.1435546875,0.002500609627291597,0.004661705780658703
57.158203124999986,0.003300660211365758,0.004778581667812768
57.1728515625,0.0072788056409487,0.005545612969711909
57.1875,0.007391954612752995,0.006033601566997759
57.202148437499986,0.005037395700465858,0.004755852192233121
57.216796875,0.0043118836445077075,0.004124743913561448
57.2314453125,0.005325751331779735,0.005031934155731295
57.246093749999986,0.0043949844690556955,0.003597361058868363
57.2607421875,0.0036161953615234596,0.0017589661665820702
57.275390625,0.004457411242510024,0.0036543976959106635
57.290039062499986,0.004232882203653742,0.003098951113233498
57.3046875,0.003031552101598782,0.0017531477926726552
57.3193359375,0.005116235158763862,0.004512705522349924
57.333984374999986,0.008083470128711565,0.005511482678460656
57.3486328125,0.007995645414918639,0.004170499737474167
57.36328125,0.004482154162171903,0.005463835768698556
57.377929687499986,0.005003752902553855,0.006466865335629799
57.392578125,0.007563245814031161,0.005080390373522499
57.4072265625,0.006275556559834966,0.0043815937299858145
57.421874999999986,0.002662628271517498,0.005008947724515373
57.4365234375,0.0015217805503193976,0.004985741632073539
57.451171875,0.005265352299687537,0.003956035170467648
57.465820312499986,0.0069535371379597765,0.0024510766220317347
57.48046875,0.0062325194120817695,0.0026591318110602566
57.4951171875,0.004985158668932238,0.0019616833624908027
57.509765624999986,0.004345854522410602,0.00032979926359055594
57.5244140625,0.004274974277891781,0.0018876900343545453
57.5390625,0.004576320818673152,0.0018650531368968857
57.553710937499986,0.004927749143624003,0.0007700084437567281
57.568359375,0.005161940496054494,0.0021143169702063837
57.5830078125,0.00905243170664892,0.00277942193880466
57.597656249999986,0.011655672744616477,0.0017066666512724382
57.6123046875,0.008993470296135649,0.0016410650982109577
57.626953125,0.0038588340477087655,0.0018920240093722193
57.641601562499986,0.0023840986133769945,0.0012400894009589993
57.65625,0.003109906744144041,0.0015788513604195608
57.6708984375,0.0010359709519590272,0.002630199690206113
57.685546874999986,0.004239448544301603,0.0033928598743150247
57.7001953125,0.006910977005889411,0.0037900450876128347
57.71484375,0.008396899904929011,0.0047235543322292255
57.729492187499986,0.010252380016149344,0.005592815759053382
57.744140625,0.010054336387043538,0.0053175886488205405
57.7587890625,0.007868896633357205,0.004871046648603302
57.773437499999986,0.007108631417715924,0.005394958981024781
57.7880859375,0.007749928032038699,0.005069842939840281
57.802734375,0.0076863988002004915,0.0034603335113985363
57.817382812499986,0.006541184972941502,0.0039968514341750154
57.83203125,0.0032012327226251555,0.004362890972527987
57.8466796875,0.007544984441302878,0.002624495011899682
57.861328124999986,0.011999583809462816,0.0034849028914854373
57.8759765625,0.008782384080189502,0.004757140315009901
57.890625,0.0010502834952736675,0.0038237749616367622
57.905273437499986,0.005103490698105846,0.004751664626419672
57.919921875,0.006875660282899137,0.005910610211321639
57.9345703125,0.0065281351251476475,0.0047885428180929395
57.949218749999986,0.005853801410499494,0.004777389011617165
57.9638671875,0.002919025205596407,0.004554086465616177
57.978515625,0.0020745538086430356,0.0037879759311818303
57.993164062499986,0.004999178082044142,0.004162537497205924
58.0078125,0.0055421182617440695,0.003847476763687896
58.0224609375,0.0034329411733651093,0.003224476009627688
58.037109374999986,0.003299483516634047,0.0037390165778998976
58.0517578125,0.004724503758594977,0.0032689554220358074
58.06640625,0.004263392898536981,0.002481109722828962
58.081054687499986,0.002722880842752091,0.0033439056842661367
58.095703125,0.002536186140332022,0.0037543507982370104
58.1103515625,0.003911097611461362,0.003017807509384156
58.124999999999986,0.004560882684998403,0.0027702752443597473
58.1396484375,0.00409355816518849,0.002350674559067853
58.154296875,0.0036727433697478517,0.0016952645005304443
58.168945312499986,0.004573236298439587,0.0010456789265230885
58.18359375,0.005316523118574493,0.0017899722828611754
58.1982421875,0.0041315756059439965,0.002712864301200137
58.212890624999986,0.0030231046359455852,0.0027979153122252914
58.2275390625,0.003402128599145241,0.004283925153435148
58.2421875,0.001397920874753786,0.004969843288068431
58.256835937499986,0.0025326344931464466,0.0036896556479668833
58.271484375,0.005130962140387044,0.003707353837790394
58.2861328125,0.004261054784937278,0.00397986146689849
58.300781249999986,0.0006742354566901564,0.002335179050931331
58.3154296875,0.002144047373782937,0.0010076074030321111
58.330078125,0.0016910246139621497,0.0015995373432830316
58.344726562499986,0.002248308065112849,0.000915952143587724
58.359375,0.0034356390626188774,0.0006782267000980007
58.3740234375,0.0032008270257474066,0.0016000706503083515
58.388671874999986,0.0033500885828659974,0.0017029711147049146
58.4033203125,0.006004445505219049,0.0020511890674331725
58.41796875,0.00847861008071936,0.0035141251325456952
58.432617187499986,0.007449925301906611,0.004264971797268503
58.447265625,0.004841837853902215,0.004201142081059426
58.4619140625,0.004228919852520257,0.004522395120010049
58.476562499999986,0.0037452004659118865,0.005228690081717302
58.4912109375,0.00138996905486141,0.0053550513857853815
58.505859375,0.0011671502862367733,0.004769316397938466
58.520507812499986,0.0027537800022343307,0.004022606894133511
58.53515625,0.004084961223293981,0.003688711313898968
58.5498046875,0.0037585978994549556,0.003328158645688392
58.564453124999986,0.002616998921771632,0.0018856507448003685
58.5791015625,0.006641176793432025,0.0005525930972095952
58.59375,0.008146816821990458,0.0013247464867416929
58.608398437499986,0.0059522520144335974,0.0022292425895162915
58.623046875,0.004135221036338405,0.0041894261157125025
58.6376953125,0.005182263605177009,0.0048965638829940395
58.652343749999986,0.0067485527804716375,0.004673089135550435
58.6669921875,0.00780439514101821,0.005591484886122836
58.681640625,0.007633620459133858,0.006351968473756045
58.696289062499986,0.006578786787325845,0.005349963174079457
58.7109375,0.007245507954476199,0.004467419107681379
58.7255859375,0.008341800587882982,0.00475483292007257
58.740234374999986,0.007093379760686395,0.0037386323901433182
58.7548828125,0.005583599768737955,0.0025644948703901927
58.76953125,0.006260015789630359,0.0035916708836414026
58.784179687499986,0.00480037500043527,0.003765493478210217
58.798828125,0.0024889509323779463,0.003703289732419682
58.8134765625,0.009430136407676424,0.005167339263870667
58.828124999999986,0.011705729103402783,0.006058749181129539
58.8427734375,0.006610345407597542,0.006387397408481156
58.857421875,0.0015520737566438014,0.006867969814887029
58.872070312499986,0.005719759994529351,0.007101996036297097
58.88671875,0.0062395135467545925,0.007254678211975402
58.9013671875,0.004559521272676373,0.006465179012531975
58.916015624999986,0.00214010179003288,0.0051502695530067045
58.9306640625,0.0030639774285695837,0.004854090427643397
58.9453125,0.006050995837478959,0.003895697253873646
58.959960937499986,0.007253023309277625,0.002438611830509487
58.974609375,0.005407887892298631,0.00329603130049099
58.9892578125,0.002323399154176836,0.003706750810795955
59.003906249999986,0.005513362095155001,0.004046659057449415
59.0185546875,0.006275610142716399,0.005937561648936467
59.033203125,0.003971804445008277,0.006329781467352801
59.047851562499986,0.0038524384156875965,0.005891652838924887
59.0625,0.004274577486573754,0.006328871080928845
59.0771484375,0.0038356342413600588,0.00677094194555259
59.091796874999986,0.0024230425231489645,0.00678872956373958
59.1064453125,0.0038989162567489417,0.0069106479879915686
59.12109375,0.005804836261974194,0.006904650819271599
59.135742187499986,0.004598364608930547,0.005953702047457
59.150390625,0.002798398270088155,0.004614755998622426
59.1650390625,0.004252103464775271,0.0036057168046164175
59.179687499999986,0.00462554539212386,0.002997844868478876
59.1943359375,0.004511045081269911,0.0028532477393350625
59.208984375,0.005695857960057807,0.002434335552326051
59.223632812499986,0.006781893618344636,0.0008675788337297666
59.23828125,0.006355387492177461,0.0015509062689557259
59.2529296875,0.007996656859231163,0.0018747919672004846
59.267578124999986,0.011429230005066095,0.0034671955515991433
59.2822265625,0.010428815442938012,0.004107084842112207
59.296875,0.004031594123127887,0.0033092955719022563
59.311523437499986,0.004709193544588908,0.0034551365857857803
59.326171875,0.007332915096419282,0.003088769109047776
59.3408203125,0.004175164815796679,0.002295415970129848
59.355468749999986,0.0011191494603235823,0.0025568038997667367
59.3701171875,0.0020028143086376037,0.0034642955610386466
59.384765625,0.0013329356523412285,0.004095165392981426
59.399414062499986,0.002815670995650351,0.004366965068321652
59.4140625,0.00793238788408184,0.004418406864974931
59.4287109375,0.009426748926300292,0.005006251478369815
59.443359374999986,0.005870835663799567,0.005542853766328307
59.4580078125,0.001562448945398573,0.005433760443271745
59.47265625,0.005001952791230698,0.006036651870598845
59.487304687499986,0.006040472230457397,0.006623506230081454
59.501953125,0.0033941707845288015,0.005756178364485933
59.5166015625,0.0030674354964367752,0.005404173757799653
59.531249999999986,0.008865224884040634,0.0059169394272876085
59.5458984375,0.007691937845466144,0.005159437995942683
59.560546875,0.0013228124158477094,0.004554482847377229
59.575195312499986,0.0053297333906245315,0.005128886374268884
59.58984375,0.006256875765358969,0.004865054172098148
59.6044921875,0.005574304851477503,0.0045223704669934105
59.619140624999986,0.005219896023094128,0.005265479285851266
59.6337890625,0.0038029407882500545,0.005748820036743226
59.6484375,0.0010183653671723503,0.005478946807730298
59.663085937499986,0.005205545171747516,0.0054878890189840835
59.677734375,0.008931545534336319,0.005445555229079537
59.6923828125,0.008193685657819529,0.00472136558003104
59.707031249999986,0.0035429859104804218,0.004048232937642547
59.7216796875,0.0018480667456863002,0.0034834737425913673
59.736328125,0.0039368614407438145,0.0032978341766618374
59.750976562499986,0.005171023010465982,0.003477985796882602
59.765625,0.004436269588546063,0.002536336009728343
59.7802734375,0.002016934181532185,0.002069443741429406
59.794921874999986,0.0022795985270062822,0.0027068732970279004
59.8095703125,0.0040455601878273606,0.0017505625114954588
59.82421875,0.00627300605185173,0.0009575415180857848
59.838867187499986,0.005949411093753489,0.0026214076802269304
59.853515625,0.002916333614318938,0.001655240329981664
59.8681640625,0.00865876654557567,0.0018667597733954566
59.882812499999986,0.012867662228683088,0.003183560650772696
59.8974609375,0.009607765142180598,0.0017263919532858843
59.912109375,0.002658886252377159,0.0036010086874992977
59.926757812499986,0.0016558294288711824,0.003931384993105004
59.94140625,0.0029430767503275585,0.002729707184584414
59.9560546875,0.0041614557561552796,0.003888325707695132
59.970703124999986,0.005096643692592525,0.004160857064373581
59.9853515625,0.006750118048544042,0.003290375040127826
60.0,0.00874100473890325,0.003767150864899017
60.014648437499986,0.008680556430889094,0.0034382826566951422
60.029296875,0.006520497148527282,0.002414484752961594
60.0439453125,0.004239123490426651,0.0029175498583012744
60.058593749999986,0.001484914154547677,0.002982973860750908
60.0732421875,0.0029449324769808207,0.0021001769749121714
60.087890625,0.005399519360648098,0.0032148247526250207
60.102539062499986,0.004306932510785243,0.003325459526368633
60.1171875,0.0010952459078960714,0.0023013403485989707
60.1318359375,0.002728552262788967,0.003817637450731676
60.146484374999986,0.007521084550621399,0.004713713705912332
60.1611328125,0.01207406365752899,0.004129425010607036
60.17578125,0.012524481994590064,0.00525387995770143
60.190429687499986,0.008322601111865417,0.0063620543216014284
60.205078125,0.0036063972139460214,0.0053646051323965
60.2197265625,0.002407804067977273,0.004922849060758146
60.234374999999986,0.006445812648135749,0.00582999683089891
60.2490234375,0.008251649559171065,0.00530136860920191
60.263671875,0.006122965902988412,0.004022584239986273
60.278320312499986,0.0026609447408916225,0.003955980553385936
60.29296875,0.003403721142176151,0.0029189651506786657
60.3076171875,0.0045152587448918985,0.0011263274418103545
60.322265624999986,0.0035568536135619556,0.001159421058272723
60.3369140625,0.0026573614744788442,0.0015077121468319641
60.3515625,0.0030384601291733224,0.0028813953284552163
60.366210937499986,0.002429618602978557,0.003132878462442275
60.380859375,0.0019416268161462568,0.003216732917084398
60.3955078125,0.0038431441292224567,0.004129003026848491
60.410156249999986,0.005490015316975072,0.0037963027089984005
60.4248046875,0.004809317497604898,0.003055202659365957
60.439453125,0.0020047595934681523,0.004152889237337039
60.454101562499986,0.0016137086872919613,0.0040005798717920975
60.46875,0.0017675821246122955,0.0025873194674185577
60.4833984375,0.0005694543215450836,0.003290624529483202
60.498046874999986,0.00153575609538419,0.003112704716858096
60.5126953125,0.0029969316099567704,0.002608905180747211
60.52734375,0.004048536263128855,0.0038201235515785996
60.541992187499986,0.004337895562839301,0.00511125990775263
60.556640625,0.008067891834861217,0.005654704948191182
60.5712890625,0.010165949364159231,0.006081578687930291
60.585937499999986,0.0075673427993169185,0.00687055399768024
60.6005859375,0.003455583597163475,0.006953093857099292
60.615234375,0.004190975987967781,0.006106575465701494
60.629882812499986,0.005667008672909874,0.005698764133661151
60.64453125,0.004258341600845679,0.0055746244038904266
60.6591796875,0.0016842326761280625,0.0044972834843869935
60.673828124999986,0.006485387075102713,0.0030992567280784247
60.6884765625,0.009323364583280919,0.0029087726923329323
60.703125,0.008163488574184767,0.002770050570944995
60.717773437499986,0.004269755226722878,0.001935648757052014
60.732421875,0.0019058653590149964,0.0029124773824317925
60.7470703125,0.004273069543405215,0.004172970443319681
60.761718749999986,0.0045755178412809705,0.003984578367817205
60.7763671875,0.00531373451371086,0.00462870605667173
60.791015625,0.008069257673171234,0.006021263956984602
60.805664062499986,0.009361809659125643,0.004998171637668521
60.8203125,0.010189232129183238,0.00359019311375704
60.8349609375,0.011174983488428093,0.004103365955206951
60.849609374999986,0.010238333740916367,0.003400409421383221
60.8642578125,0.007595844303405057,0.0015760217356313212
60.87890625,0.005454465975899621,0.0020216309231008587
60.893554687499986,0.0028558113223523703,0.0017085236934870959
60.908203125,0.002178256653152677,0.0013073849655315256
60.9228515625,0.0013863941662453113,0.00255528118043704
60.937499999999986,0.0017365489716414913,0.002133728669353712
60.9521484375,0.0019425214537599873,0.0019161853361639972
60.966796875,0.002300759801092066,0.0023958939233135507
60.981445312499986,0.004419590171305929,0.0029176228473953418
60.99609375,0.00708917007182063,0.0037372282392366717
61.0107421875,0.007103845410760089,0.004525058167195813
61.025390624999986,0.0028826580660445723,0.003962460282340292
61.0400390625,0.0033819408026092464,0.003957796647309615
61.0546875,0.005356254041321399,0.004373337431813191
61.069335937499986,0.0030163997499327274,0.003619496272505159
61.083984375,0.0017344484881627123,0.0037168319071269385
61.0986328125,0.005011388440870532,0.004994075480848495
61.113281249999986,0.0077479428579479825,0.0045388394865903845
61.1279296875,0.010711365669319914,0.004182852818113855
61.142578125,0.010265215611728737,0.005660563774280797
61.157226562499986,0.008673432515554618,0.00584720099268934
61.171875,0.009348349812962006,0.0050425938577067855
61.1865234375,0.006668645299541627,0.006237559554819111
61.201171874999986,0.002316962270826407,0.006727551205277797
61.2158203125,0.0007171851973235459,0.005353170921570947
61.23046875,0.0035257111686500765,0.005493264673476403
61.245117187499986,0.006248764792272651,0.006002189697205665
61.259765625,0.005869592196313784,0.0046926710382350825
61.2744140625,0.004050033771210953,0.004134195452603493
61.289062499999986,0.0025112281564851602,0.004636576141147886
61.3037109375,0.0011468223180888756,0.0036969873900477165
61.318359375,0.0023788081602961206,0.003235760413953138
61.333007812499986,0.003156794834819363,0.003819965134180863
61.34765625,0.0023756166027684147,0.003296890122841437
61.3623046875,0.001660648306502317,0.0033274445498575464
61.376953124999986,0.0005384005529941794,0.004846484495303142
61.3916015625,0.00301919938025366,0.005394125804507562
61.40625,0.006430480777995643,0.005356231492254605
61.420898437499986,0.007805686267643993,0.006038048393921636
61.435546875,0.006485496166091664,0.0052480876883365035
61.4501953125,0.004795796000679078,0.0038441783610962113
61.464843749999986,0.0070421810588506845,0.0035565010598237233
61.4794921875,0.009590636812755442,0.0031403707607684196
61.494140625,0.009763568659186228,0.0023006648332821837
61.508789062499986,0.007318461354697412,0.0023344417162455325
61.5234375,0.003512458268701481,0.0030102497889970773
61.5380859375,0.001831052435597858,0.0026753720300649302
61.552734374999986,0.004108766895761237,0.0035145964740894734
61.5673828125,0.006069433421776915,0.004199022365295876
61.58203125,0.006398994124900732,0.003027810362570743
61.596679687499986,0.006724889791319319,0.0029821798007162795
61.611328125,0.007285404728206087,0.0033542751565587866
61.6259765625,0.007689308026350844,0.0031599123530027685
61.640624999999986,0.007443635619367519,0.003301532231246381
61.6552734375,0.006482304110161566,0.004546994053007834
61.669921875,0.0037936025540187064,0.004713271504446933
61.684570312499986,0.0011314189409009948,0.004104137011342707
61.69921875,0.004231117728607953,0.004664578930595442
61.7138671875,0.005138920685045705,0.004530845775588184
61.728515624999986,0.003523896877884037,0.004036208586243334
61.7431640625,0.003330835153930713,0.004690250357646344
61.7578125,0.0065529736756214955,0.004213932022315114
61.772460937499986,0.007544558346841105,0.003966347327662241
61.787109375,0.004538042800393022,0.004240718151741668
61.8017578125,0.0013268453574780785,0.003488299344474063
61.816406249999986,0.0040518897707168865,0.00367460417341287
61.8310546875,0.004789375359440742,0.004434987446704376
61.845703125,0.001883757410583921,0.00362647257243587
61.860351562499986,0.0032920271716196086,0.003165735224599881
61.875,0.005641842126090071,0.0034104269427997964
61.8896484375,0.003140728143534191,0.0025262694800539972
61.904296874999986,0.0034108100797130693,0.00157195167827551
61.9189453125,0.0057904943119661415,0.002046603872938634
61.93359375,0.006763428115098949,0.0015740848350048252
61.948242187499986,0.007466756269405472,0.0004784385785723702
61.962890625,0.006885513988975115,0.0011880348369732868
61.9775390625,0.0055115864620160215,0.0009197202145672485
61.992187499999986,0.005178526854499752,0.0008405726137938775
62.0068359375,0.004189427480824762,0.0017173665544660583
62.021484375,0.00084730819428879,0.0022881732168717824
62.036132812499986,0.0033687448634091986,0.0024211417526644055
62.05078125,0.0057057631124587975,0.002694509052795859
62.0654296875,0.005158071332688852,0.003718882877038233
62.080078124999986,0.002291735430271288,0.003956930631547453
62.0947265625,0.0026847698802849266,0.003296242470460852
62.109375,0.005642542278585599,0.003702237057610704
62.124023437499986,0.0062014041733620805,0.0037121316344839064
62.138671875,0.005012717834579546,0.0027352576581282906
62.1533203125,0.005725583262926921,0.0025146162586787806
62.167968749999986,0.00708717187661463,0.0034024523960332017
62.1826171875,0.005796351473280092,0.002998204535064213
62.197265625,0.0023997996086856585,0.0017673508583097022
62.211914062499986,0.0020184723520874684,0.002115958881903899
62.2265625,0.005500668577716541,0.001107896343185483
62.2412109375,0.010529575985344134,0.0018144681908175604
62.255859374999986,0.01189040592106036,0.002486956441273087
62.2705078125,0.009000949344142316,0.0021784136156178155
62.28515625,0.006719566057740662,0.003252426047898706
62.299804687499986,0.00648029755620351,0.003744440503274682
62.314453125,0.007064816725576968,0.0034842125169873258
62.3291015625,0.007397812686812741,0.004663628119756551
62.343749999999986,0.00602019686699788,0.005659914860931821
62.3583984375,0.0028886900340160267,0.004808814757507787
62.373046875,0.0010879214788050648,0.004746652399583785
62.387695312499986,0.003509842418305261,0.005621859893856159
62.40234375,0.004950316446041185,0.004688316460027181
62.4169921875,0.007149896318926835,0.0032207398157392364
62.431640624999986,0.009414056117789171,0.004236458082927209
62.4462890625,0.008630468369824635,0.003942670303234159
62.4609375,0.005459297923912172,0.0014016832301631114
62.475585937499986,0.0019393064054749267,0.002243398751322794
62.490234375,0.0015666402107072,0.002481275270898544
62.5048828125,0.002836294757482202,0.0003446289035348469
62.519531249999986,0.003964576547487711,0.0027330467024473575
62.5341796875,0.004213199053547436,0.003780896094172779
62.548828125,0.0037406858730623673,0.0021749814617329443
62.563476562499986,0.004950490203611677,0.0043962031855937335
62.578125,0.004205024278159238,0.005302012343138416
62.5927734375,0.007692229338203857,0.003035408551941025
62.607421874999986,0.011252836037264648,0.004024836019357169
62.6220703125,0.008831007589871646,0.004042769415640125
62.63671875,0.0048714572323933164,0.0018039866756855765
62.651367187499986,0.005043706993100466,0.0024694644543209916
62.666015625,0.0021483918010373583,0.002123443525398901
62.6806640625,0.005901254566028373,0.0011020786763645222
62.695312499999986,0.009047349908419745,0.002319721311372984
62.7099609375,0.007339208883519438,0.00294993089044279
62.724609375,0.0032464052034901765,0.002983593015491163
62.739257812499986,0.0038870734796627644,0.0044994626729805325
62.75390625,0.006723324121115554,0.0043795721394593295
62.7685546875,0.006544529567085975,0.003518294972845129
62.783203124999986,0.0037511156754594117,0.0044134135543902895
62.7978515625,0.0005347341331656807,0.0037651348549950026
62.8125,0.0013574543870115135,0.002473694384128695
62.827148437499986,0.0019077725069224368,0.003899600251412363
62.841796875,0.004109705387675823,0.004128580263299716
62.8564453125,0.007405005457785623,0.00308903463400493
62.871093749999986,0.007442948675986424,0.004948782010102429
62.8857421875,0.0050537476910004105,0.005639599635266294
62.900390625,0.00838895879436569,0.004282971224790428
62.915039062499986,0.012280770147388993,0.005259464646584035
62.9296875,0.012768304931542764,0.006542357248218473
62.9443359375,0.010090096758490482,0.005561425068502561
62.958984374999986,0.007104706878832175,0.005021788988355724
62.9736328125,0.00711009605786814,0.005610870866952786
62.98828125,0.00799243463333656,0.004689692227100481
63.002929687499986,0.007533184990761677,0.003432344841557854
63.017578125,0.004781166399949784,0.0033410282165530904
63.0322265625,0.0024486686640542888,0.003534390893636719
63.046874999999986,0.00861415419312432,0.0027207565069064955
63.0615234375,0.011165034209232219,0.0013101011986155066
63.076171875,0.008160866167071748,0.0017029656280539178
63.090820312499986,0.004185902385383234,0.0017804282952009476
63.10546875,0.004755271467153594,0.0025264686852087166
63.1201171875,0.005887845399928211,0.0035865456774010758
63.134765624999986,0.005103632242606813,0.0039893788221500425
63.1494140625,0.004221213560244261,0.00467290082195621
63.1640625,0.004893817843605646,0.0057809354594356155
63.178710937499986,0.002643639734614267,0.00614661102521651
63.193359375,0.004528774989658518,0.006200516810270198
63.2080078125,0.008640233693495411,0.006011943901269749
63.222656249999986,0.006932776397909972,0.004875498237898825
63.2373046875,0.0010669821106406388,0.0039255087131027
63.251953125,0.003808496080277821,0.002990657820588862
63.266601562499986,0.004547390937228131,0.0016230473960903657
63.28125,0.0033086891385897994,0.0014441227818035574
63.2958984375,0.001933685404444402,0.0019156729896989482
63.310546874999986,0.0007683350574396487,0.0020179848596111314
63.3251953125,0.0012483360158007694,0.0023467918096049404
63.33984375,0.0024653785920524807,0.003023734987452142
63.354492187499986,0.0024925599979601708,0.002573642216336256
63.369140625,0.0010803678789719246,0.0011292371714055028
63.3837890625,0.0018177299722836376,0.0008249423375119345
63.398437499999986,0.0008658479602549041,0.0012282133699960597
63.4130859375,0.0026110311962273557,0.00203139129766516
63.427734375,0.003599506648130952,0.0008761969062701284
63.442382812499986,0.0019633716526999624,0.0017007028308838807
63.45703125,0.001898671665732958,0.0016762398072943505
63.4716796875,0.002922703476959834,0.0007009618779002395
63.486328124999986,0.0028611442691482995,0.0026117570931044917
63.5009765625,0.001445529865896044,0.002685676930498774
63.515625,0.005373725371683756,0.002160726783070876
63.530273437499986,0.0072001801984527035,0.00434364183658001
63.544921875,0.007166701368598811,0.005378635188592814
63.5595703125,0.008256566788197849,0.00427284817846402
63.574218749999986,0.007414960626956363,0.004300719146751585
63.5888671875,0.0039230867244910445,0.004627952623242974
63.603515625,0.001264455149172312,0.003401985647756842
63.618164062499986,0.0014835034619164473,0.0020003712266219373
63.6328125,0.0013073611440219052,0.0020012780440236805
63.6474609375,0.004459219019672279,0.0019336764769402573
63.662109374999986,0.008336153697812031,0.0015469518601970774
63.6767578125,0.009217852580608681,0.0009977222555095128
63.69140625,0.006154416413059961,0.0018469324970315428
63.706054687499986,0.003207985210402136,0.002925069547199445
63.720703125,0.0027788798456964015,0.0029057762166203116
63.7353515625,0.0021973351557649113,0.002929678501641029
63.749999999999986,0.0021128451832887582,0.004681707720702619
63.7646484375,0.005440500015611229,0.004890764381206952
63.779296875,0.006833636846477315,0.003535699796999937
63.793945312499986,0.005410018843211428,0.004320209867885706
63.80859375,0.003861612305609673,0.0056291954067909525
63.8232421875,0.002976050402630803,0.0043874567730862336
63.837890624999986,0.0019066020231176177,0.0029794492412676538
63.8525390625,0.00042817649607434014,0.003274462494476244
63.8671875,0.004548885459633112,0.0009245462393072708
63.881835937499986,0.007312554438383892,0.002094581557692916
63.896484375,0.0054181691866004855,0.002304289867763032
63.9111328125,0.001953312995443955,0.0025846869881693425
63.925781249999986,0.0003636162384757033,0.0031986489421421986
63.9404296875,0.0010568781320932578,0.0026661529924389893
63.955078125,0.0017166852293664912,0.002167365276980976
63.969726562499986,0.002969297554307276,0.0024021858516319024
63.984375,0.004884939434597626,0.0030138685123951912
63.9990234375,0.005330940621580979,0.0029780538219831786
64.01367187499999,0.005716902531402816,0.0022981612260243784
64.0283203125,0.007690860813768199,0.0022426105638062824
64.04296875,0.007432992038739531,0.002117941997169247
64.05761718749999,0.0046709999650488224,0.0011790333688783722
64.072265625,0.0019433879099598347,0.0018608899415312344
64.0869140625,0.00320944217088296,0.002004451899055921
64.10156249999999,0.007363520265239999,0.0021840538765707652
64.1162109375,0.009473185077656158,0.003367057581439139
64.130859375,0.00689211770781961,0.003372883874731973
64.14550781249999,0.0010978816827838845,0.0031572803924711504
64.16015625,0.005405175047365458,0.004476995326555966
64.1748046875,0.007942790016794809,0.004676919771344389
64.18945312499999,0.008037459364981106,0.0033198356349151293
64.2041015625,0.009227075636246512,0.0032125948937081856
64.21875,0.008315721913314464,0.002463213551517266
64.23339843749999,0.0021791348442814196,0.00036497293084905027
64.248046875,0.005010663619508837,0.0011532280558701517
64.2626953125,0.006900321320523148,0.0013297031352964362
64.27734374999999,0.0028115500585547027,0.0019853895682369316
64.2919921875,0.0029775028962992444,0.0025691534054654553
64.306640625,0.0053623788566881945,0.0025524059927945156
64.32128906249999,0.005339977631500369,0.0021098086173401837
64.3359375,0.005948088035591113,0.0016539268337042725
64.3505859375,0.007061371374329861,0.0018850984164294237
64.36523437499999,0.005719437446956778,0.0015870054395692756
64.3798828125,0.0026771061797058885,0.000957707011280427
64.39453125,0.0034598441182140563,0.00044788071355282864
64.40917968749999,0.004065507091006136,0.0008110788930802722
64.423828125,0.003697484583169824,0.0016033734570022784
64.4384765625,0.006233399667681612,0.001533956960702162
64.45312499999999,0.008497363196413098,0.0006221182316400442
64.4677734375,0.0073625583900515336,0.0006993131059909263
64.482421875,0.004818544495738848,0.0007433468115586511
64.49707031249999,0.004100358000229076,0.0007719888346994036
64.51171875,0.0037216004969032063,0.0018636784197796753
64.5263671875,0.0025060483353120952,0.001851201138822135
64.54101562499999,0.0010016813963469988,0.002027250691952645
64.5556640625,0.0005897138616656765,0.0019470330089666938
64.5703125,0.0007689649010865763,0.0014711367444062097
64.58496093749999,0.002431345916991552,0.0008915430869970509
64.599609375,0.0029576326484962393,0.00045467545381990205
64.6142578125,0.0020859642423301174,0.0008756386363657226
64.62890624999999,0.0038795527464728307,0.0016393182163901038
64.6435546875,0.006362861199706458,0.0003376918630140325
64.658203125,0.007366203164116433,0.0020442448401003926
64.67285156249999,0.0044993475988065485,0.0024174023370348704
64.6875,0.002146615765057394,0.0008707313316586958
64.7021484375,0.004489904034481802,0.001850643258960908
64.71679687499999,0.00308037133761118,0.001974769679304182
64.7314453125,0.0043353804299183,0.001981241979639483
64.74609375,0.006248603580560668,0.0017933222192385823
64.76074218749999,0.005998529989576443,0.0025339387576525825
64.775390625,0.006062637004883519,0.003338698796804851
64.7900390625,0.008145771227628806,0.0026929545682862787
64.80468749999999,0.01085637849347512,0.0009181452051200168
64.8193359375,0.011405660669395032,0.0011180819682158137
64.833984375,0.008185992776625009,0.0006841528987843215
64.84863281249999,0.002534077000800331,0.001671556790385525
64.86328125,0.001985180443390863,0.002972150912116775
64.8779296875,0.0034502667125719698,0.002051174342095588
64.89257812499999,0.0021081580964284175,0.0022306041963716878
64.9072265625,0.0011761019618007668,0.0027425684020307172
64.921875,0.0032388487871084274,0.0023401201933842077
64.93652343749999,0.003257878358383675,0.0017663054576887885
64.951171875,0.0033357363003804286,0.0012622833654124042
64.9658203125,0.0027629905177935952,0.0013200959132731232
64.98046874999999,0.0015726113156057622,0.002192594202842292
64.9951171875,0.001750075887157268,0.003015612323076308
65.009765625,0.0019251799580498313,0.0027263515888404427
65.02441406249999,0.0012776407821485079,0.0026325686335923744
65.0390625,0.004146213565785086,0.0035442238700139064
65.0537109375,0.008839985905138199,0.0040896565546495465
65.06835937499999,0.012564711472883955,0.004282007455218832
65.0830078125,0.012845070570177497,0.004497145672680811
65.09765625,0.011392643803154991,0.004597646581430354
65.11230468749999,0.010542363695971741,0.004373019329398194
65.126953125,0.008419341376180386,0.0034466753445241724
65.1416015625,0.004208969557881225,0.002162179642093213
65.15624999999999,0.0015598709719755865,0.0014963733483718356
65.1708984375,0.004181041278784169,0.0018104859681060117
65.185546875,0.0052018323804452725,0.0016080862435073685
65.20019531249999,0.00416683778716904,0.0010291450553619552
65.21484375,0.0028415597365408344,0.0021601394605097503
65.2294921875,0.002717215197228194,0.0021482358455478653
65.24414062499999,0.0029494538813346475,0.00394633631700813
65.2587890625,0.003035629233026513,0.0047757057275134756
65.2734375,0.0019852218016468124,0.00350193040999466
65.28808593749999,0.0029192419679349305,0.003155900023174549
65.302734375,0.004002336253603821,0.003807957069018805
65.3173828125,0.0028122738131473126,0.0034110053860831576
65.33203124999999,0.004145242588782244,0.002305216617253538
65.3466796875,0.0067875116086078,0.0010368196350620384
65.361328125,0.006530734640142942,0.00024107475461909736
65.37597656249999,0.006290305869776001,0.0008853967397171834
65.390625,0.006367010394932179,0.0018522036203394376
65.4052734375,0.004954810955851518,0.003542486859749422
65.41992187499999,0.0037275536006404907,0.004499031533888164
65.4345703125,0.005475418742754395,0.004293568886581676
65.44921875,0.008400281390478884,0.005175028768185652
65.46386718749999,0.008925009119141087,0.0062853608041812635
65.478515625,0.005445536685250205,0.00556983076550486
65.4931640625,0.0030323005395473898,0.004464306693800408
65.50781249999999,0.005686196208619107,0.005067895871320636
65.5224609375,0.004462636633422477,0.004908259743124081
65.537109375,0.0038307728574100697,0.0030732125623531125
65.55175781249999,0.005016676047710873,0.002079334876253243
65.56640625,0.005872326968100893,0.0022559781005048506
65.5810546875,0.008775626111350627,0.0010445825039993896
65.59570312499999,0.009287077394132537,0.001557713034091585
65.6103515625,0.006843698228804696,0.0028680243609868735
65.625,0.008448189187787024,0.0034852045327708214
65.63964843749999,0.012383411427681368,0.003912625422329501
65.654296875,0.00958639612018266,0.005375657271870766
65.6689453125,0.002119699850400346,0.006483210779014816
65.68359374999999,0.004187568775716663,0.005839732801705042
65.6982421875,0.006832545617901225,0.005019684090652317
65.712890625,0.004793473582710254,0.0055578070097605965
65.72753906249999,0.001413518466039937,0.006061958128138246
65.7421875,0.0057546199294507714,0.005185214499893623
65.7568359375,0.004194012163481604,0.0036842297417819673
65.77148437499999,0.00019974234032475548,0.0027103628818141855
65.7861328125,0.003694876527636941,0.0013365310930977315
65.80078125,0.007505145003990378,0.0009720857801543986
65.81542968749999,0.009729821919156112,0.0027475336856788886
65.830078125,0.009488908751000896,0.003538089203441305
65.8447265625,0.009324126779888392,0.004204674504301218
65.85937499999999,0.008369746927466663,0.005643750312114365
65.8740234375,0.00469527908061216,0.006558366867498128
65.888671875,0.0032652581750761173,0.005963096339209908
65.90332031249999,0.007670709180494316,0.0053263900947534085
65.91796875,0.009866714180623671,0.005795802496329691
65.9326171875,0.00902242248118771,0.005045473136713304
65.94726562499999,0.0072799878094985575,0.002969041977911083
65.9619140625,0.007246408367210368,0.0023797797754720297
65.9765625,0.005768790711791515,0.002928269340145118
65.99121093749999,0.003546522802223865,0.001897117371749691
66.005859375,0.005878022829062931,7.078711781787716e-05
66.0205078125,0.006294116399357646,0.0012439042696642951
66.03515624999999,0.0035256834286295368,0.0013632170299303383
66.0498046875,0.0025602095940308006,0.0017467391835966851
66.064453125,0.006829231791934489,0.003708965645736977
66.07910156249999,0.007987214145313695,0.0043532995436319265
66.09375,0.004455243190652776,0.004076840383162788
66.1083984375,0.0018497234808964552,0.00413381664421838
66.12304687499999,0.0035041757651655173,0.004107058986413699
66.1376953125,0.002697674717081326,0.00346636720700419
66.15234375,0.006312093829783606,0.00258458782201663
66.16699218749999,0.007200683077950483,0.002316554091234607
66.181640625,0.0053129630682516435,0.0019637142868517677
66.1962890625,0.007589818175000873,0.0012179152359706267
66.21093749999999,0.008874621377441154,0.002046333069923172
66.2255859375,0.005600529419280395,0.0023698423471827097
66.240234375,0.004354019599390113,0.0021319856067883126
66.25488281249999,0.0061680420630295125,0.002316896973229926
66.26953125,0.00642873573663733,0.0027250942928724957
66.2841796875,0.006467921570028668,0.0029162344884547955
66.29882812499999,0.0075391190177840385,0.0026746779686558663
66.3134765625,0.008625503382368388,0.0020535715921359103
66.328125,0.007179149430549026,0.001254653931517785
66.34277343749999,0.004397778538574582,0.001122465282248971
66.357421875,0.005262121555246497,0.0018320577321235749
66.3720703125,0.005555659423138007,0.0021158098039868963
66.38671874999999,0.003127692095534853,0.0017793136297466674
66.4013671875,0.004765682712252566,0.0016175424051586742
66.416015625,0.005966783253412598,0.0013761763449068659
66.43066406249999,0.002949054956550868,0.0017172128152370945
66.4453125,0.0014113050210108205,0.0018195907370346766
66.4599609375,0.004327212368428537,0.002253493066868609
66.47460937499999,0.005286726294403999,0.0029355263261671674
66.4892578125,0.005324458594571915,0.0026664608446565104
66.50390625,0.005609324434120709,0.0021260294087183792
66.51855468749999,0.00431017876810909,0.002734758203175559
66.533203125,0.0016701189180780937,0.002527146272378903
66.5478515625,0.004377200103866441,0.0014395045321993023
66.56249999999999,0.00457830817971353,0.0016893456499750775
66.5771484375,0.0029606543397466935,0.001499093343976583
66.591796875,0.004116352031524994,0.0015716491393713537
66.60644531249999,0.00517381226290396,0.0018359736190632031
66.62109375,0.006031565332022524,0.002026175515462871
66.6357421875,0.00493499670433579,0.002578152045316001
66.65039062499999,0.002428119345231378,0.003352063790837865
66.6650390625,0.0011538264096338819,0.0041682516448766326
66.6796875,0.0018016468328919822,0.004992104040448145
66.69433593749999,0.004112309151295874,0.005418754016134378
66.708984375,0.005426546312362631,0.005021845879183492
66.7236328125,0.005077953241491544,0.004137129929174869
66.73828124999999,0.003661254825324766,0.003718368779451776
66.7529296875,0.0026498375560049586,0.0034733460219446215
66.767578125,0.002856343912915377,0.0029414395125703778
66.78222656249999,0.0038763893681741037,0.0028331939489886033
66.796875,0.003509624402287715,0.0034746854116488477
66.8115234375,0.0015452204580893134,0.002952683634040154
66.82617187499999,0.0027449644350525807,0.0023197102229447577
66.8408203125,0.006474704645750911,0.003275992408089107
66.85546875,0.0069985716871382355,0.0027327018211259655
66.87011718749999,0.0028920689726066396,0.0021076717502275725
66.884765625,0.004451375068535594,0.003207324130557529
66.8994140625,0.0034337288350619537,0.002025629812167766
66.91406249999999,0.0011096683034397818,0.0013376046731117782
66.9287109375,0.003541783819193567,0.0014084268267326755
66.943359375,0.0032217274124368062,0.0011114732260392064
66.95800781249999,0.0023022986351518143,0.0025366974581569374
66.97265625,0.002496328754339576,0.0025485474854378587
66.9873046875,0.002232191792541883,0.003468418219544573
67.00195312499999,0.002624395145705183,0.0036488306644860743
67.0166015625,0.004686390372572998,0.002967423836326616
67.03125,0.00770907390629689,0.003193800780662712
67.04589843749999,0.009915508573973875,0.0031545230399512166
67.060546875,0.010845899215004963,0.002619483224213203
67.0751953125,0.010610671387548806,0.0030983146826546663
67.08984374999999,0.007882856283415705,0.0039857901804781605
67.1044921875,0.0032134622696668616,0.0034368309718879743
67.119140625,0.006262180868837559,0.0033492279171305765
67.13378906249999,0.008947712038244975,0.004400172118352883
67.1484375,0.007547706567106777,0.004007795497562509
67.1630859375,0.004395101171631003,0.004094018618284107
67.17773437499999,0.003047762214323174,0.005613499899755733
67.1923828125,0.005025915797363778,0.005530148143392054
67.20703125,0.006654262153393532,0.005468348815616113
67.22167968749999,0.007140567714272613,0.006310073619973983
67.236328125,0.008679026508756365,0.005549896801949877
67.2509765625,0.008920610513561033,0.004917627276747392
67.26562499999999,0.006148395965738842,0.005672627214441695
67.2802734375,0.006280572842356447,0.005295800239331234
67.294921875,0.008547922639453708,0.0043633104678744246
67.30957031249999,0.007747010468101222,0.004356954948843542
67.32421875,0.005017055136729741,0.0028512892127620926
67.3388671875,0.0026474964580663345,0.001173607219119295
67.35351562499999,0.0017727273466748047,0.0012456472962521542
67.3681640625,0.003320773816554776,0.0015665910176388658
67.3828125,0.005109522420709412,0.001048997869032203
67.39746093749999,0.006250023101975389,0.0015047889304076597
67.412109375,0.005383650416430577,0.0022852644431273143
67.4267578125,0.0029037164983992804,0.0015015535337544374
67.44140624999999,0.001741810295303472,0.001996222212709264
67.4560546875,0.0048255158433584446,0.002649287727210263
67.470703125,0.006322793416023871,0.0016568695790493682
67.48535156249999,0.00356811559598606,0.0014867932471446304
67.5,0.0031510190417342325,0.002440466297076293
67.5146484375,0.0054087917907552786,0.002003074944909015
67.52929687499999,0.0027455687505157,0.001631198168543504
67.5439453125,0.0033965969655392787,0.0027305193957509904
67.55859375,0.006446794700392972,0.002618201889132623
67.57324218749999,0.005344402620921911,0.002639929407413072
67.587890625,0.00421748849553932,0.0036759595867603438
67.6025390625,0.00549858218208812,0.003957188759981543
67.61718749999999,0.004550311801748229,0.003906660928269253
67.6318359375,0.001159258853120028,0.0049611990462776236
67.646484375,0.007952658384891162,0.0054628746654997494
67.66113281249999,0.009586287221788262,0.0049229334070702005
67.67578125,0.004439835389903085,0.004994365625073624
67.6904296875,0.0040067331381192055,0.004628327071621653
67.70507812499999,0.008123885381990761,0.003647001374495557
67.7197265625,0.007727152320788523,0.0033951857229955573
67.734375,0.005387288242503976,0.0029752974693033505
67.74902343749999,0.004110819397955977,0.0022485132709479327
67.763671875,0.003851150433593896,0.00285169847402441
67.7783203125,0.002831705795357912,0.003466156706591946
67.79296874999999,0.0030918927899211833,0.0033892233670969685
67.8076171875,0.005070085301491183,0.00518779995925789
67.822265625,0.005761604227551656,0.005934856841671935
67.83691406249999,0.0028458954428370055,0.005273315834046466
67.8515625,0.0034192656603910794,0.006567808726881014
67.8662109375,0.0068215661030945176,0.006475596965938432
67.88085937499999,0.007483188814630564,0.0047988037952997374
67.8955078125,0.008421677651232388,0.005251929570808412
67.91015625,0.008773859628025937,0.005295527041635608
67.92480468749999,0.008204058007439464,0.003455560010103403
67.939453125,0.007349558715814507,0.0032652223904714997
67.9541015625,0.00594672941011168,0.003627648292808663
67.96874999999999,0.0077746494905335676,0.002381809393937271
67.9833984375,0.008329864369503512,0.0029236607457594063
67.998046875,0.005223508902425904,0.0036499616241147097
68.01269531249999,0.00395019259730567,0.002795263285656366
68.02734375,0.003888518111344807,0.002593469826747763
68.0419921875,0.0034761253826992087,0.0033545955482892588
68.05664062499999,0.002361004847843664,0.0037276101241073196
68.0712890625,0.004349991488773051,0.0034698444747923328
68.0859375,0.0054358868236362955,0.003862319326486463
68.10058593749999,0.003985727916171539,0.004217410690156448
68.115234375,0.0023604029002134946,0.0033475990875772525
68.1298828125,0.0021423286918631915,0.0024989267489824666
68.14453124999999,0.0031651168070412636,0.0026530902794789256
68.1591796875,0.002406390045861349,0.0024021582153286934
68.173828125,0.0013662913886547715,0.0013538965355902655
68.18847656249999,0.0036698916794608164,0.0013882265311616147
68.203125,0.0030737017987337947,0.001809053831897392
68.2177734375,0.0030371705673956535,0.002807512614863219
68.23242187499999,0.004313138724733517,0.004029332045348352
68.2470703125,0.003610800678855817,0.004566859997637376
68.26171875,0.0045038054791610785,0.004830188938954471
68.27636718749999,0.006441774791329837,0.005040204596837781
68.291015625,0.0071996332420605795,0.004860439007680931
68.3056640625,0.005288187701714431,0.004455750199650904
68.32031249999999,0.0034909164349965207,0.004073356931588158
68.3349609375,0.003747158594342933,0.0031494661459007087
68.349609375,0.001902737076614548,0.0023935760028062766
68.36425781249999,0.0015360208096255458,0.002557980756900791
68.37890625,0.0034815991832218033,0.0024572198706357042
68.3935546875,0.004424787716597598,0.0024803058732920146
68.40820312499999,0.0030626289933597213,0.0034777967687621963
68.4228515625,0.005455859769241674,0.0034827401903333366
68.4375,0.008159964500277615,0.003363184912266564
68.45214843749999,0.007667176127180724,0.0040347119973588455
68.466796875,0.006454239051815982,0.003936324492502655
68.4814453125,0.008593105634401212,0.003344645384594588
68.49609374999999,0.010144960092632792,0.0031576108170700964
68.5107421875,0.00814216815521043,0.002941427726755039
68.525390625,0.003795676824434499,0.0025898701204101152
68.54003906249999,0.002546627536625351,0.0020638628378423286
68.5546875,0.003931293975997929,0.001415219959891449
68.5693359375,0.004902825862187683,0.0016871457031386332
68.58398437499999,0.004868941234153753,0.0032978083378806177
68.5986328125,0.0022182358312376397,0.004647749627746582
68.61328125,0.003176936254962037,0.004262839144003208
68.62792968749999,0.006633856037478255,0.004456097625862538
68.642578125,0.008078224938711156,0.005527938476006814
68.6572265625,0.007360054942599388,0.005168091695851677
68.67187499999999,0.006133312681495808,0.0044231818666534105
68.6865234375,0.006166873132118663,0.005473492066219298
68.701171875,0.005417938889634797,0.005987259208970625
68.71582031249999,0.0045975117595884645,0.004891358550568857
68.73046875,0.0038130801427612953,0.004161035199826571
68.7451171875,0.0017291590681715533,0.0032258154871044405
68.75976562499999,0.00394339960313159,0.001185307551946329
68.7744140625,0.004935685472466784,0.0009791427798485337
68.7890625,0.004641000416411842,0.0018207556013436204
68.80371093749999,0.004449380230836395,0.002104472972928209
68.818359375,0.0038334889843118438,0.002744110656264736
68.8330078125,0.0032818336900451396,0.0032659874873534177
68.84765624999999,0.003242848019565691,0.0032724739220384522
68.8623046875,0.003618404567137786,0.0036205111508075634
68.876953125,0.004128834715984677,0.004224684735957499
68.89160156249999,0.0050892296033811105,0.004146684299149239
68.90625,0.006878961182905495,0.004161609290255098
68.9208984375,0.008429899678636913,0.004787034430360609
68.93554687499999,0.00818610031662934,0.0038501589553236997
68.9501953125,0.007361847948581432,0.0019480290048886199
68.96484375,0.007615444382500309,0.0015011241112189808
68.97949218749999,0.010026397503801956,0.0011016038594022918
68.994140625,0.012251290655446877,0.0016937022729935842
69.0087890625,0.010145725075481657,0.001190958344844183
69.02343749999999,0.006027823226457005,0.0009187310824418138
69.0380859375,0.00496499164912204,0.002249470690596931
69.052734375,0.004747309817268348,0.002506554369471176
69.06738281249999,0.0025168133520675293,0.0014844054110303396
69.08203125,0.0019129410589326652,0.0010909666762654955
69.0966796875,0.004920294581144653,0.0016578714145905292
69.11132812499999,0.006310671885024292,0.0014822769577879874
69.1259765625,0.00611840959682273,0.00019234047904993624
69.140625,0.0051609031929949365,0.0015536867781538201
69.15527343749999,0.00483402089365147,0.0017010831397391189
69.169921875,0.0026038137926016978,0.0017117570019078551
69.1845703125,0.0037238153461526275,0.0034657314548294203
69.19921874999999,0.008759615882441774,0.004788223206430687
69.2138671875,0.007036807938726921,0.004588974477019685
69.228515625,0.00663620935103809,0.004668712449192845
69.24316406249999,0.010800866252827999,0.005455816992275221
69.2578125,0.010096229954462585,0.005359148099275008
69.2724609375,0.004142355445026073,0.004647240691546256
69.28710937499999,0.002585228910596263,0.0047863141923204415
69.3017578125,0.0038148996222135277,0.0048321072565223
69.31640625,0.001805936729790792,0.0038365156003205103
69.33105468749999,0.005469676593161262,0.0025399372830742103
69.345703125,0.006064339708383742,0.0011693743202435783
69.3603515625,0.005540243951475564,0.0004717286942298436
69.37499999999999,0.0067334802113211585,0.0010074998409354253
69.3896484375,0.0064292229604422015,0.002462229237879737
69.404296875,0.0027137577341530554,0.003312662246349281
69.41894531249999,0.0037619951598097954,0.0032822833938991793
69.43359375,0.008854822283413277,0.0038218114243109245
69.4482421875,0.010538524747333912,0.005048963252482216
69.46289062499999,0.009818519517990162,0.005127293492380565
69.4775390625,0.009662303178624853,0.004587582308650854
69.4921875,0.008462155830870104,0.004927957687949368
69.50683593749999,0.005675381574435397,0.005575220689081668
69.521484375,0.008625956372616957,0.005404183911416619
69.5361328125,0.010578599123975128,0.0040960844022291925
69.55078124999999,0.008300033239445236,0.0025356880365741095
69.5654296875,0.005292985437620752,0.0024362544357953383
69.580078125,0.004070068418868053,0.0008765906533128831
69.59472656249999,0.004769786553826664,0.002380649480075367
69.609375,0.004542995837473536,0.004081936187299764
69.6240234375,0.004951248739660953,0.00301165528085005
69.63867187499999,0.008960202444373982,0.004310834137062621
69.6533203125,0.0123527526816687,0.006127674003057537
69.66796875,0.010974808855546863,0.004580177650947381
69.68261718749999,0.006735342922163129,0.002934667771352402
69.697265625,0.006539450538019609,0.004873485006972297
69.7119140625,0.006929658056681474,0.00491094078932303
69.72656249999999,0.004110370166867015,0.002187516774729788
69.7412109375,0.0013735439649408163,0.0033613366922378976
69.755859375,0.0025310035264374422,0.0035221177747590754
69.77050781249999,0.004594145975962105,0.0011553201413003614
69.78515625,0.006764043705989904,0.0027551105749524323
69.7998046875,0.006360437669903612,0.0027705570242562115
69.81445312499999,0.005000178238802892,0.0018623376729728217
69.8291015625,0.00246185264506949,0.0020775375282560894
69.84375,0.003438734336170058,0.003624699848998924
69.85839843749999,0.006118565975050827,0.004615098203920893
69.873046875,0.004541456163677228,0.003939089607551818
69.8876953125,0.0011267002756578574,0.0032778676137065967
69.90234374999999,0.0015518884126046039,0.003813605096156142
69.9169921875,0.003950767083043173,0.00299320393475989
69.931640625,0.006583243086282881,0.0013607715612919168
69.94628906249999,0.011124942386639377,0.0020915734706962123
69.9609375,0.013892960752709429,0.002460688308466419
69.9755859375,0.010982729578976324,0.0017618045319876066
69.99023437499999,0.00730879012142422,0.0030102321584797908
70.0048828125,0.007115709604465309,0.0044910284933463345
70.01953125,0.004767390310561526,0.004008064395692091
70.03417968749999,0.0017080507090343775,0.0035927597447953977
70.048828125,0.004647302959743576,0.005030416448802229
70.0634765625,0.0054852256294881645,0.0051418525597595206
70.07812499999999,0.0018260278966912534,0.003252117672774964
70.0927734375,0.004513340403432333,0.0029625578241070194
70.107421875,0.004840674059634755,0.003765578929471837
70.12207031249999,0.0010137175614600199,0.002298718969173891
70.13671875,0.0056507645236177255,0.0009609786208198154
70.1513671875,0.007309063911159521,0.003111191059066751
70.16601562499999,0.006453171321073441,0.0018566797825454648
70.1806640625,0.006105170622453406,0.00216319933492375
70.1953125,0.0076072821321480156,0.003984035200289392
70.20996093749999,0.006739507260821692,0.0026565794088513166
70.224609375,0.004435103121367233,0.0010985551528533387
70.2392578125,0.0013922084387948004,0.003487006498329769
70.25390624999999,0.0025576845650853446,0.0047815486617095665
70.2685546875,0.003834256445441485,0.003516887844640265
70.283203125,0.00436333516799656,0.00386335479455509
70.29785156249999,0.005253330132378267,0.005325511359626814
70.3125,0.005685770970086068,0.004790776770057813
70.3271484375,0.007095956016701596,0.0039644254369517245
70.34179687499999,0.008363328188651858,0.004953566624564312
70.3564453125,0.00799193331779975,0.005667983249350597
70.37109375,0.0067761640950343505,0.005022673721183324
70.38574218749999,0.005976755875955217,0.004462022165311015
70.400390625,0.004238697034638266,0.005338697508371867
70.4150390625,0.0011944047729312728,0.005161681849653364
70.42968749999999,0.002975842287544096,0.0030557499039364326
70.4443359375,0.0033738595655941755,0.002558928182788142
70.458984375,0.0029560778913108325,0.004119599363144637
70.47363281249999,0.003749684066659859,0.003531778368595194
70.48828125,0.004371977086690764,0.00106569063843327
70.5029296875,0.0035550135272960927,0.0027319935982912996
70.51757812499999,0.002156954352288356,0.0016440041372298097
70.5322265625,0.005922322207147437,0.001482498967113875
70.546875,0.00786471008127604,0.0028902160571111306
70.56152343749999,0.00967991748646446,0.0019467433280848615
70.576171875,0.010706881382952753,0.002102474352753406
70.5908203125,0.008948018134752598,0.0030520337900778027
70.60546874999999,0.007069668256904902,0.003111072163104033
70.6201171875,0.007083292598794067,0.002719337572465091
70.634765625,0.007317354482913395,0.0021953334855322184
70.64941406249999,0.005956724353984382,0.0015531188068761694
70.6640625,0.006004123281305756,0.0016378306088938154
70.6787109375,0.007921578356443616,0.002318211998488216
70.69335937499999,0.006573325587328208,0.0020074497416466045
70.7080078125,0.00520475573577031,0.0007240166012123691
70.72265625,0.00607162692349152,0.0013556502861666495
70.73730468749999,0.0028892527625392454,0.0026032786393284124
70.751953125,0.0027644659486280652,0.0035692716004957037
70.7666015625,0.005980346336660953,0.0026338418203247925
70.78124999999999,0.007662907612545943,0.003616269847896243
70.7958984375,0.007563643208549297,0.0051364760286765395
70.810546875,0.005858609712501187,0.004259316118997313
70.82519531249999,0.0076630696045364545,0.0027730111428265532
70.83984375,0.011545024878591737,0.004224854980117114
70.8544921875,0.010645620930193075,0.005179873288394481
70.86914062499999,0.005901899016349556,0.0036807593005843964
70.8837890625,0.0068573969382807205,0.0031626449032727635
70.8984375,0.007405492925210935,0.004357046230716061
70.91308593749999,0.005036531462905825,0.0031693260319795662
70.927734375,0.004773042606854518,0.0018725140250400287
70.9423828125,0.005737430738949405,0.0026248799163599455
70.95703124999999,0.003887178116205256,0.002196495674590146
70.9716796875,0.0030722745301650536,0.0013212637866704385
70.986328125,0.004641402745484938,0.0019179860246194829
71.00097656249999,0.003957170346660907,0.0029110122609833536
71.015625,0.002472470354356321,0.00250324957106383
71.0302734375,0.0017766518685668222,0.0020822390570075597
71.04492187499999,0.0026640585567462723,0.0030736971335198885
71.0595703125,0.004479685343768007,0.002912645514361769
71.07421875,0.00404113782315477,0.0024224285071488233
71.08886718749999,0.003165615070073418,0.003600452645709781
71.103515625,0.006073598785410146,0.004006189681754618
71.1181640625,0.006192234958981632,0.003605431165025917
71.13281249999999,0.005973093162778197,0.004139235358234141
71.1474609375,0.007815132871831327,0.004953942829832409
71.162109375,0.007878347599294662,0.005301290109400077
71.17675781249999,0.006556112771254884,0.005243305643444657
71.19140625,0.009859982591124911,0.005354135609959953
71.2060546875,0.011741609032730891,0.006120980452671733
71.22070312499999,0.0076812811222671026,0.005844454848360728
71.2353515625,0.0028522008658610795,0.004255111423276299
71.25,0.005795823392014089,0.0045601749263700945
71.26464843749999,0.005679980384003084,0.004633967479225291
71.279296875,0.0019928614510159835,0.0024371179702125352
71.2939453125,0.004263466239524909,0.0012192473007587835
71.30859374999999,0.007381093161100003,0.002028242532267771
71.3232421875,0.006649681721472104,0.0010445787422585498
71.337890625,0.003896525752196431,0.001254190465662114
71.35253906249999,0.0025444836253008195,0.002742406010631456
71.3671875,0.00334320309783613,0.0028562519254695306
71.3818359375,0.005400889170112158,0.003662490423819483
71.39648437499999,0.005318436162742152,0.004880164512799665
71.4111328125,0.0037677901324439816,0.004977804375804655
71.42578125,0.0022709911130693265,0.0042844908253863515
71.44042968749999,0.002091598170959433,0.0046310409628941345
71.455078125,0.002794194424613354,0.006354445889868392
71.4697265625,0.00285491096513683,0.006516747799619556
71.48437499999999,0.0022277428678237747,0.004754587869315805
71.4990234375,0.0026701909264969614,0.004954893601510403
71.513671875,0.0054064018607051815,0.004537927772973313
71.52832031249999,0.008700159268602016,0.0016083616047426988
71.54296875,0.008875890271048023,0.0012560701408336295
71.5576171875,0.004021091579090713,0.0011294104726723255
71.57226562499999,0.0022718064890775874,0.00130142669593837
71.5869140625,0.00455114744229752,0.0033350014916636536
71.6015625,0.005396565553145117,0.003921934592728638
71.61621093749999,0.0075186194553519626,0.0038994952062036347
71.630859375,0.007865995008764927,0.0043034913391682555
71.6455078125,0.008759666055732928,0.004639261121517726
71.66015624999999,0.00869533594880923,0.004259450154405472
71.6748046875,0.006337050292745214,0.0033264391182097727
71.689453125,0.003821491792357368,0.0033872271671822264
71.70410156249999,0.006068864309117968,0.004320416988083241
71.71875,0.007860128709656859,0.0033488103746363487
71.7333984375,0.004662313852437949,0.0013356785798687254
71.74804687499999,0.0014057920150613464,0.001278829435117324
71.7626953125,0.0039644653866930755,0.0010245251955233203
71.77734375,0.0043901852398297225,0.000933559868374951
71.79199218749999,0.0018015766156804676,0.0022185178918929685
71.806640625,0.003358279336521979,0.002726707910149017
71.8212890625,0.006190054757368483,0.003428522728990385
71.83593749999999,0.004932011745111298,0.004636533432693915
71.8505859375,0.0053567029577330505,0.005460152694074123
71.865234375,0.007476263593178113,0.005435769346817309
71.87988281249999,0.005599039793627589,0.005117742885185306
71.89453125,0.004939916763877241,0.005928486062279486
71.9091796875,0.008600884326473554,0.006045986844180946
71.92382812499999,0.010027609977733871,0.004601052515772731
71.9384765625,0.008135435848322815,0.004755996894613706
71.953125,0.007405726258501542,0.005456464836858959
71.96777343749999,0.009106844417693412,0.004022732869467539
71.982421875,0.006347796107168634,0.003310522749605184
71.9970703125,0.001385370798245542,0.00522354945140625
72.01171874999999,0.006154181144738119,0.005614330190804015
72.0263671875,0.006531011495539294,0.004213081360003718
72.041015625,0.005618022756965808,0.006188253077005777
72.05566406249999,0.005994544595045539,0.006720305352177986
72.0703125,0.005203741262064401,0.004140143992155167
72.0849609375,0.007143827071008177,0.004005996680754602
72.09960937499999,0.008892834925866837,0.005050508439558083
72.1142578125,0.00960229095615739,0.0037125358016640983
72.12890625,0.010921604826287233,0.0020906711583321912
72.14355468749999,0.010491496606688864,0.0016955332225477389
72.158203125,0.006249888482139792,0.0005899969762746654
72.1728515625,0.0016316090198503952,0.0010351558506727116
72.18749999999999,0.0011573308224238669,0.0023850622355460426
72.2021484375,0.0023611038125073793,0.003921714859023543
72.216796875,0.005534814770221399,0.004168819698884504
72.23144531249999,0.007558314879960998,0.004031392569076464
72.24609375,0.010414926568174016,0.0051411651597941315
72.2607421875,0.012914333539655133,0.005177346620522838
72.27539062499999,0.01139155600230125,0.003992525265391004
72.2900390625,0.006848245091542364,0.004397003521535414
72.3046875,0.003673576551168478,0.005893600809673968
72.31933593749999,0.0025159606916227073,0.004931436218494195
72.333984375,0.002269771821440278,0.0029992236629781477
72.3486328125,0.0019995361242725,0.003010826646234381
72.36328124999999,0.0016014249940300778,0.0024974387513027963
72.3779296875,0.001661921075872435,0.0005697845678002941
72.392578125,0.002587464276901688,0.0016974784501156699
72.40722656249999,0.003337334322294373,0.0025503130781727103
72.421875,0.002111860009452603,0.0022901431674875812
72.4365234375,0.0013627371551569465,0.0032823453796233153
72.45117187499999,0.0026072124495309314,0.004906639000320146
72.4658203125,0.003585203468263634,0.005213940026322422
72.48046875,0.0033154566737223835,0.004452304762783066
72.49511718749999,0.0031728203227784353,0.005352405963312551
72.509765625,0.005315161785731041,0.006682432284433244
72.5244140625,0.004582470811758871,0.005816450239413956
72.53906249999999,0.001650782225773074,0.004495113286775844
72.5537109375,0.0031278318413712467,0.0055948427977963976
72.568359375,0.002902600403046186,0.004869894659515487
72.58300781249999,0.003015562924716345,0.0022113855305072334
72.59765625,0.003354393339068885,0.0019309228268374258
72.6123046875,0.001680109497149401,0.0011872773349499127
72.62695312499999,0.00322657884762979,0.0005556183498127481
72.6416015625,0.0057845834967090405,0.0014258775653375475
72.65625,0.005285685910839252,0.0012281274233461583
72.67089843749999,0.003987847219260387,0.0004970557805448938
72.685546875,0.003696969921343619,0.0008500005186743456
72.7001953125,0.002365546427937016,0.001972868071754878
72.71484374999999,0.0021086282703975797,0.0019160323523098632
72.7294921875,0.00489140161017896,0.0006712836848095084
72.744140625,0.006115856503462621,0.0019622534262328864
72.75878906249999,0.004504243766488925,0.0037203917435673574
72.7734375,0.004460975499265737,0.00331892109465514
72.7880859375,0.007020804191286299,0.004079254306176043
72.80273437499999,0.007029780093768933,0.006140351553333079
72.8173828125,0.004003906677089936,0.005584038711839932
72.83203125,0.0015636572340616685,0.00520637090103138
72.84667968749999,0.0017907045407488747,0.0054915459760783
72.861328125,0.001034878012444448,0.00460699150318644
72.8759765625,0.0043875674778402355,0.003948096547784279
72.89062499999999,0.006566422922924833,0.003608230177885109
72.9052734375,0.006635247304466513,0.0030086355890222376
72.919921875,0.003811011064317898,0.0026006949624076533
72.93457031249999,0.00036596426835112234,0.0012389163336883108
72.94921875,0.0015104844868716937,0.0009445988506027591
72.9638671875,0.0019515725711509286,0.0019455377101756893
72.97851562499999,0.003672344316090134,0.0018191299427825875
72.9931640625,0.0061228291209942,0.0035685678764201404
73.0078125,0.007893505633016565,0.004544459223536972
73.02246093749999,0.008393906345922434,0.003516547932246104
73.037109375,0.007261210321676464,0.0035539400832333918
73.0517578125,0.006222160378999487,0.0047958155809724725
73.06640624999999,0.008198383576731385,0.004562986707267354
73.0810546875,0.009208144506988189,0.0034263047963573015
73.095703125,0.007037472408523923,0.0034286828842429663
73.11035156249999,0.004052318276939049,0.003326237670456296
73.125,0.0023523888994374446,0.002413361186474963
73.1396484375,0.0021832326326762805,0.0014831012337521987
73.15429687499999,0.0018491264436714516,0.0015824476888603744
73.1689453125,0.002096570658843405,0.0019150223864152825
73.18359375,0.002948353830798588,0.001632544921075564
73.19824218749999,0.002461568527781566,0.0014402578166469399
73.212890625,0.0020197684678061336,0.0018030960163519356
73.2275390625,0.0027471933594004337,0.002066332041298535
73.24218749999999,0.002745397410176215,0.001990801076501689
73.2568359375,0.0029699669807909295,0.0019460589961921172
73.271484375,0.006709388449622157,0.002476360284689059
73.28613281249999,0.00650964823207716,0.0019374249446782845
73.30078125,0.0032374006067771854,0.0013194940173032518
73.3154296875,0.004129951444004563,0.0020195604211202564
73.33007812499999,0.004456601202751769,0.001450117816221897
73.3447265625,0.0030655446053127916,0.0018488567494763881
73.359375,0.00157522094032743,0.0027602634411153897
73.37402343749999,0.0026079730085779053,0.0024388050394614884
73.388671875,0.004204439500751338,0.0021845478117473115
73.4033203125,0.0052075932631152465,0.002614284028621529
73.41796874999999,0.006247690656346962,0.0029718842011347384
73.4326171875,0.005053005767640284,0.0031902812902447645
73.447265625,0.0026493386178915593,0.0033733809174135987
73.46191406249999,0.001946032799181536,0.003867651279672701
73.4765625,0.004282979940827381,0.004475901611990718
73.4912109375,0.006057043898279501,0.0038307828607884844
73.50585937499999,0.007187640468470343,0.0023479107298591748
73.5205078125,0.008848990530713991,0.0018191588388386487
73.53515625,0.00927190611502069,0.0017458590718636407
73.54980468749999,0.007560787326564589,0.001587051628212701
73.564453125,0.004947901475749949,0.0020840339246238756
73.5791015625,0.0027831884111207063,0.0030800646613069415
73.59374999999999,0.0017260826184362893,0.0044565628296048725
73.6083984375,0.003986116326787285,0.005713708878698185
73.623046875,0.00475431267938045,0.006128156995741945
73.63769531249999,0.003360774391824193,0.0056787083367490125
73.65234375,0.003579005076564917,0.005501683282448843
73.6669921875,0.003778532606642985,0.0060289042712706985
73.68164062499999,0.0024331790769881946,0.005863240053386501
73.6962890625,0.0013774853343797371,0.0045854572330012
73.7109375,0.0035148295505982204,0.0038524682543007185
73.72558593749999,0.0030065848318259762,0.0034148236746275053
73.740234375,0.0008423768997570917,0.001809290359008078
73.7548828125,0.0003776940912489845,0.00043690145399664053
73.76953124999999,0.0003470145940010031,0.001283082190871205
73.7841796875,0.00281826020400569,0.0011624932873500918
73.798828125,0.005681843805332807,0.0027911857924867657
73.81347656249999,0.006844923197272677,0.004354064385517071
73.828125,0.007955945353201746,0.004396177267897619
73.8427734375,0.010137753803520883,0.0046420833913724535
73.85742187499999,0.009036440289689938,0.005254571729170124
73.8720703125,0.004202270246541817,0.004373124532542098
73.88671875,0.002761272705429788,0.003358377419159096
73.90136718749999,0.004870588460414193,0.003765599681403222
73.916015625,0.005634039935442726,0.0035454342727854675
73.9306640625,0.005911837079982277,0.004014782694334873
73.94531249999999,0.005072504149510392,0.005362502522144634
73.9599609375,0.004723361973246955,0.005984620692485465
73.974609375,0.005748047134164963,0.006331005624257219
73.98925781249999,0.006439401865629691,0.006367994669220503
74.00390625,0.005599855370942648,0.0063036770421729576
74.0185546875,0.003073212606215655,0.0057644353727100495
74.03320312499999,0.0014338312042146359,0.004542972745508744
74.0478515625,0.002751949533473843,0.004004688848083283
74.0625,0.0030758395539596953,0.003940669531051365
74.07714843749999,0.003264816049875724,0.0033977345740319213
74.091796875,0.003795854846143776,0.002892644730914699
74.1064453125,0.0039113100145708865,0.003208207863542673
74.12109374999999,0.0036937551858068516,0.0032598500035502715
74.1357421875,0.003464682130834899,0.0027142205146217365
74.150390625,0.004061334107082211,0.0027200517038978426
74.16503906249999,0.005269847004175396,0.00368140568502235
74.1796875,0.0063572977859726095,0.004245782852999134
74.1943359375,0.005847821303093575,0.003943989409338803
74.20898437499999,0.004200931629184441,0.004333725817328568
74.2236328125,0.0024868648544886457,0.004171770734953982
74.23828125,0.0007189477227835253,0.0025076714620597424
74.25292968749999,0.0009201872663816764,0.001765097455867523
74.267578125,0.0019206978032775823,0.0026978523926633625
74.2822265625,0.004963348206525587,0.0030043701979563975
74.29687499999999,0.008050261406769852,0.0020363496098234827
74.3115234375,0.006033398709099283,0.001882766976761075
74.326171875,0.0026680557878890586,0.0030239708512049997
74.34082031249999,0.0063908206444466915,0.0025696920715130886
74.35546875,0.0075646306896701805,0.0018288827978890484
74.3701171875,0.006307596248303854,0.002395894914856903
74.38476562499999,0.004521578962640079,0.004196318162435902
74.3994140625,0.005416814150866955,0.004570307328393315
74.4140625,0.00742543826378968,0.003957943989074856
74.42871093749999,0.007185056503825178,0.003898139072062464
74.443359375,0.0052639003343761,0.003491171480340588
74.4580078125,0.00549203587916405,0.0024601379617293223
74.47265624999999,0.005732210589348088,0.0017539238038584684
74.4873046875,0.004035507758018594,0.0014542337068529957
74.501953125,0.0020238069320195535,0.0013248250783475788
74.51660156249999,0.003760226196101361,0.0012453428839896146
74.53125,0.0047833388332030905,0.0016595372973619057
74.5458984375,0.004230912026781817,0.0011927185653237253
74.56054687499999,0.004362662694309724,0.0018476186439322269
74.5751953125,0.005941848993778469,0.002727174273239647
74.58984375,0.003992597237141877,0.0029458342982290825
74.60449218749999,0.001115552935218533,0.0034427082875381535
74.619140625,0.004126335369799359,0.003193716231302993
74.6337890625,0.003949901337662862,0.0021034468948715893
74.64843749999999,0.002117546750117099,0.0008081802153872707
74.6630859375,0.0013678857030454278,0.0007811119134664929
74.677734375,0.0015629176071306945,0.0011606625863710787
74.69238281249999,0.000838637324070883,0.0020038887602592806
74.70703125,0.0034324190035837413,0.0023606954025575905
74.7216796875,0.003480606427651977,0.002643839593627329
74.73632812499999,0.002221278352264415,0.0032731580702218556
74.7509765625,0.006685859802925905,0.004616385139273429
74.765625,0.008009784966056777,0.00565920190968341
74.78027343749999,0.005976813716047627,0.005747616357048443
74.794921875,0.0009321171198052528,0.005892041615744926
74.8095703125,0.00474286579871399,0.007287554845856831
74.82421874999999,0.005767973364735583,0.007894732582945681
74.8388671875,0.0013086848579887665,0.006151032848086668
74.853515625,0.003722513000073597,0.004994848987145252
74.86816406249999,0.005676886829877755,0.004675269678071511
74.8828125,0.005623731565881272,0.002080650239542248
74.8974609375,0.00633058761164082,0.0013342121072673794
74.91210937499999,0.007260590094624601,0.0024571225991407496
74.9267578125,0.005224157831187892,0.002453060917938744
74.94140625,0.0032504790012652437,0.004882304961403971
74.95605468749999,0.004538834349388232,0.006248755953527696
74.970703125,0.0031248848225748113,0.005911270512933171
74.9853515625,0.0007270984944439895,0.006014813254482149
74.99999999999999,0.001642264002062887,0.006644966333128519
75.0146484375,0.0020932243269120004,0.006490332537089821
75.029296875,0.003583144759905418,0.005567154036868851
75.04394531249999,0.005127424859305935,0.005268948628356824
75.05859375,0.005199276274353844,0.005427305626263713
75.0732421875,0.005027930949168453,0.004412221289428947
75.08789062499999,0.005394768365813565,0.0031708712065822015
75.1025390625,0.003596797540394688,0.0031879519246622015
75.1171875,0.005026175853552379,0.0031508933934313492
75.13183593749999,0.008436346798347141,0.0029724041975960204
75.146484375,0.008869123565433826,0.003657523096504386
75.1611328125,0.004951003048422976,0.004317557032972854
75.17578124999999,0.0017271201362994571,0.0038581211176909273
75.1904296875,0.004919895299817988,0.003140726843242032
75.205078125,0.004505666968751305,0.002984563342111697
75.21972656249999,0.004135429191109107,0.0028064588769821197
75.234375,0.0030932224313089344,0.00208701031112436
75.2490234375,0.003248321520788895,0.0009583188956566985
75.26367187499999,0.006096550315115634,0.0009884240241486435
75.2783203125,0.006698980763666394,0.0002657317508734526
75.29296875,0.005729952081705184,0.0015007143295701574
75.30761718749999,0.005744285644006725,0.00267672799191747
75.322265625,0.004115883560809491,0.002612227559006204
75.3369140625,0.005293010979729046,0.0033432230698189364
75.35156249999999,0.008893300104344535,0.005629172674303979
75.3662109375,0.007344060447005647,0.00616004240778685
75.380859375,0.004252958901698878,0.005485067919002654
75.39550781249999,0.009436634292072546,0.0059100860154508205
75.41015625,0.012186845462845262,0.0056035300164047645
75.4248046875,0.009379968408316022,0.004365532959717346
75.43945312499999,0.0073584297464807475,0.0038700536478978153
75.4541015625,0.010457901994156946,0.0037681125834438073
75.46875,0.009965990933604674,0.002815796287981083
75.48339843749999,0.008119510967251059,0.001968252421054069
75.498046875,0.010338551076401218,0.0018283717325463806
75.5126953125,0.01160648294075103,0.0017508235975667666
75.52734374999999,0.009202950493070272,0.0022487984983383335
75.5419921875,0.008194696255425835,0.0030122762599187254
75.556640625,0.009154745979670942,0.0036009125355567348
75.57128906249999,0.006425343054782745,0.0044231823532529906
75.5859375,0.002736155307151105,0.00466187423908551
75.6005859375,0.0039042848010848947,0.004126413863645086
75.61523437499999,0.005101028897445511,0.004235730631903601
75.6298828125,0.007017382627744034,0.004738013289395316
75.64453125,0.009039492493475396,0.004570734876441133
75.65917968749999,0.008976246908728803,0.003918795374040763
75.673828125,0.007425844744640487,0.0035700866173511113
75.6884765625,0.004995954034054477,0.003419875903451585
75.70312499999999,0.0031324085201160493,0.0022429908045593482
75.7177734375,0.006089788367391692,0.002281463484704558
75.732421875,0.006372927881150441,0.003492915735518019
75.74707031249999,0.0017374972215631792,0.0026670656404100533
75.76171875,0.005242322885073601,0.0035948761590078706
75.7763671875,0.0065291236278654805,0.00505630466124478
75.79101562499999,0.0028455417658696126,0.004217427000956923
75.8056640625,0.005946556883647506,0.004412849535956773
75.8203125,0.009266086689416456,0.005754574058411019
75.83496093749999,0.008712148933079368,0.005157481182860549
75.849609375,0.007826480542394468,0.004390321756015164
75.8642578125,0.0076653667862023106,0.004722706824002946
75.87890624999999,0.0073232537219295605,0.004863255303437876
75.8935546875,0.006174260328689461,0.004394222292779525
75.908203125,0.0032211480444399834,0.004135634676832759
75.92285156249999,0.0020762605152546353,0.005336596940316753
75.9375,0.002947824511486617,0.005279831429234887
75.9521484375,0.0030060300097944806,0.00370981884406119
75.96679687499999,0.0039777443784780615,0.004350178952617082
75.9814453125,0.005173776731587704,0.004806417452468146
75.99609375,0.004848781046244073,0.0032704190292321355
76.01074218749999,0.004766607122936092,0.002500243373171419
76.025390625,0.005884445195037919,0.0037258382632051573
76.0400390625,0.004172810393045672,0.0032594679447588448
76.05468749999999,0.0012835723259915777,0.0014032640449016945
76.0693359375,0.006754543555588396,0.002413935240362946
76.083984375,0.009332931069952649,0.0032791244670514062
76.09863281249999,0.007118116435864369,0.0017943605187200561
76.11328125,0.002482329460604479,0.0021897947896913376
76.1279296875,0.0009581652483186945,0.0030552746050564452
76.14257812499999,0.0019029013538961839,0.0023863852923405185
76.1572265625,0.0015095907917945218,0.0022776260438245083
76.171875,0.0013085655622804308,0.0028053697676753988
76.18652343749999,0.0019717085552437993,0.002977096853591508
76.201171875,0.0021243601340027074,0.0021609947439501583
76.2158203125,0.0037371687477318082,0.0014091807223157516
76.23046874999999,0.005019942841913111,0.0027068734647402236
76.2451171875,0.004505970150520547,0.0027079264398661824
76.259765625,0.003241751524563701,0.0005482350787535989
76.27441406249999,0.0028479619533600497,0.002177055328948881
76.2890625,0.0015987321124197272,0.0018538813099048515
76.3037109375,0.004933382265788884,0.0009043092536379144
76.31835937499999,0.006509914563823282,0.0011628888883607638
76.3330078125,0.005735694103245016,0.0018255531041325725
76.34765625,0.005246723878584973,0.00039636859196035906
76.36230468749999,0.006340748734290187,0.0015035942924718367
76.376953125,0.007219536003275487,0.0016606534735833422
76.3916015625,0.006426648161028473,0.0006755922261715411
76.40624999999999,0.003754760529098248,0.0011436613953190377
76.4208984375,0.002096137895837211,0.0023712226816714195
76.435546875,0.005730731954584575,0.002563197908770674
76.45019531249999,0.007879407044300893,0.0022974808000116964
76.46484375,0.008378406474547111,0.0035230552180868604
76.4794921875,0.008728907148592495,0.0036415495327830447
76.49414062499999,0.007476665937368067,0.0027368919729713775
76.5087890625,0.0039392903065222536,0.0028420775848848456
76.5234375,0.0010934467795149572,0.003057889205266121
76.53808593749999,0.0005150616525928774,0.0022808440982120958
76.552734375,0.0024804598217403593,0.001601063466007269
76.5673828125,0.0038648128953550926,0.0020784092731682105
76.58203124999999,0.0035236103372255807,0.0026036662194735814
76.5966796875,0.005095781484796484,0.0028573206690401622
76.611328125,0.007572436295097564,0.003386992118860195
76.62597656249999,0.007604886515893639,0.0031904453368571534
76.640625,0.00575581773647435,0.003808207368815487
76.6552734375,0.005132140224484383,0.003793172700416781
76.66992187499999,0.005704415958155278,0.003285624522317925
76.6845703125,0.006294722485093373,0.004491640232174003
76.69921875,0.005652689366485764,0.004329718516625986
76.71386718749999,0.002997868403945904,0.0036258975970521377
76.728515625,0.001574063832393847,0.004623902320282882
76.7431640625,0.00342477276118946,0.004799320393061133
76.75781249999999,0.00400920010671276,0.003659440379600543
76.7724609375,0.004503478544116106,0.0037266305779212554
76.787109375,0.004604122761585764,0.004161588324623431
76.80175781249999,0.003743794377765317,0.003063263200234686
76.81640625,0.0024587959030131982,0.0022741923928164573
76.8310546875,0.00043355667888443666,0.0029490828711140698
76.84570312499999,0.0030467957009078636,0.0027503258976756878
76.8603515625,0.004607729184438262,0.0023012372459160994
76.875,0.004553158242450501,0.0025119518452202724
76.88964843749999,0.0040251670009852315,0.0024554468475174954
76.904296875,0.003539563402997142,0.002969396438612119
76.9189453125,0.0028240960456153734,0.00272488020247086
76.93359374999999,0.001524100112995758,0.003618761062497825
76.9482421875,0.002943653030810494,0.00400446043728098
76.962890625,0.0057063415550706355,0.0029859412264448535
76.97753906249999,0.005933752986199632,0.0037057557932085113
76.9921875,0.004960482221877809,0.0037218440923747053
77.0068359375,0.005426474969142491,0.0021734961648711484
77.02148437499999,0.004940114428114857,0.0022761296692158837
77.0361328125,0.0038500534355007123,0.0025681209188102598
77.05078125,0.0023785218022958866,0.0015135788188892362
77.06542968749999,0.0014193260518885877,0.0008909501202186308
77.080078125,0.0019767344389446185,0.0014025847354849717
77.0947265625,0.0033297304780159605,0.0015752072953337853
77.10937499999999,0.004116054274775167,0.001666109373631509
77.1240234375,0.004502259775607542,0.0018910069112697762
77.138671875,0.00499846327353649,0.003759223508816797
77.15332031249999,0.0036042990057592733,0.004412230862837826
77.16796875,0.003689670957299768,0.0033295500596346897
77.1826171875,0.007379533016922051,0.004316344129762968
77.19726562499999,0.00555246428285556,0.004528449948730961
77.2119140625,0.0015255277109614681,0.00248495216048765
77.2265625,0.003430903229476277,0.0025730221053187137
77.24121093749999,0.0009516082330868582,0.0027851065570149713
77.255859375,0.00361140090303258,0.0007801186718158481
77.2705078125,0.004668224356465221,0.0011915562681473753
77.28515624999999,0.0008129605808365882,0.0009704239632547913
77.2998046875,0.0035673009800622287,0.0009034232053238855
77.314453125,0.004640795332231678,0.0015324311052047845
77.32910156249999,0.0044901159617739056,0.0013838484169118247
77.34375,0.005560790047545588,0.0014736193951482735
77.3583984375,0.006582584114430635,0.0015717137844679448
77.37304687499999,0.006975092087375801,0.0017316019604477091
77.3876953125,0.0067136026010313,0.0021181485053198973
77.40234375,0.0061732355745804405,0.0016380580723012908
77.41699218749999,0.006399493427210292,0.0011820915573897387
77.431640625,0.006528699219952187,0.001615295310977521
77.4462890625,0.00450828011402185,0.0014847632638246297
77.46093749999999,0.0023457449245893897,0.0016749158524442462
77.4755859375,0.004656629641415387,0.00242056803322058
77.490234375,0.006659507595481023,0.002622736445751602
77.50488281249999,0.005836871222061853,0.0023712737293097486
77.51953125,0.004512865814669949,0.002974330016608925
77.5341796875,0.007657413761368921,0.004651509119286853
77.54882812499999,0.008392948792940799,0.005603952238126345
77.5634765625,0.009549515556016422,0.005825162093292899
77.578125,0.013954415467556417,0.007029162903485473
77.59277343749999,0.015536943606606554,0.007583491840679047
77.607421875,0.01249981681170996,0.006877905115731289
77.6220703125,0.008525809819118635,0.00692747819438652
77.63671874999999,0.006593899065954991,0.006905910229277436
77.6513671875,0.0057227007890047026,0.005549211453285979
77.666015625,0.006547093157375238,0.004580746921827981
77.68066406249999,0.006276261209386246,0.003834921689973571
77.6953125,0.004894531263514628,0.002469926645196361
77.7099609375,0.004408410955116294,0.002198276325548656
77.72460937499999,0.002464603719077732,0.0026047789377421316
77.7392578125,0.0011788947168441457,0.002480082104832199
77.75390625,0.002676900079576418,0.0033842062901767163
77.76855468749999,0.002319389375969124,0.004592218277790931
77.783203125,0.0031754341827161903,0.004698708106320844
77.7978515625,0.006266621118729379,0.0051900077491911605
77.81249999999999,0.008350118087082874,0.005870875855111634
77.8271484375,0.007090883569506136,0.005283869210339265
77.841796875,0.0026249062847948615,0.004415942857716243
77.85644531249999,0.001907655171980943,0.004426038822647375
77.87109375,0.0031953594909977976,0.003975873878466516
77.8857421875,0.0027336556541200817,0.0023112982453677615
77.90039062499999,0.0020845651526090205,0.0015997622294695983
77.9150390625,0.004612864347986578,0.0012504243126324707
77.9296875,0.009102516494795355,0.0010737057057917262
77.94433593749999,0.0092135632029171,0.0025649708046010643
77.958984375,0.004201118974378546,0.0028208471575495325
77.9736328125,0.0033538030412575484,0.002911540034758009
77.98828124999999,0.006599129443729128,0.0039112919733287795
78.0029296875,0.0030941836713419164,0.0037256999351337763
78.017578125,0.005363030592791432,0.0028658864271183093
78.03222656249999,0.008227917905998824,0.0025728694597375143
78.046875,0.006565749616600875,0.001733850460224831
78.0615234375,0.0039380353107503555,0.0009654266220999785
78.07617187499999,0.0024030610097834867,0.0010141941518247537
78.0908203125,0.0018323290830249517,0.0006064072767075462
78.10546875,0.0021349710132518235,0.0015270968490871475
78.12011718749999,0.002338065597906808,0.0012867315835965979
78.134765625,0.0017259069796038812,0.001717343456796863
78.1494140625,0.0015284627030684344,0.002925001680586478
78.16406249999999,0.0005141053001545086,0.0032927986770420366
78.1787109375,0.004816926132169722,0.0030616859323425827
78.193359375,0.00855573584977553,0.00469709157042224
78.20800781249999,0.008358019877126047,0.006124094717883068
78.22265625,0.005178229615526439,0.005268909454835782
78.2373046875,0.005144599169662024,0.005116127853871199
78.25195312499999,0.0055534467744202416,0.005867223370489469
78.2666015625,0.0034111795701497315,0.004540732604231062
78.28125,0.00191439016907284,0.003234499532684302
78.29589843749999,0.0028196554309757745,0.0033603980173833596
78.310546875,0.004278730618002598,0.002482902571845402
78.3251953125,0.00557054483111404,0.0018400673714002204
78.33984374999999,0.007057894342891429,0.002567370916291157
78.3544921875,0.007880456366520142,0.002367132601976885
78.369140625,0.006316937923175723,0.0018919700308612818
78.38378906249999,0.003274084134177312,0.0022774815893482534
78.3984375,0.0010121528262942137,0.0018944956350668218
78.4130859375,0.0005343544453880559,0.0009792588878367705
78.42773437499999,0.001269026366474363,0.0008201960705879617
78.4423828125,0.002045269776528589,0.0004045025041856092
78.45703125,0.0022314628395249812,0.0007490334521536914
78.47167968749999,0.001584532269229446,0.0007560565595564117
78.486328125,0.0007285275010335199,0.0007016974627686196
78.5009765625,0.001188670880635011,0.0010287401897108028
78.51562499999999,0.0006599753918621567,0.0016187587143789025
78.5302734375,0.0022187720600842405,0.001990430422362697
78.544921875,0.004677774135418763,0.002374765145197504
78.55957031249999,0.0035966905782512824,0.002975403529166204
78.57421875,0.0016671770807085665,0.0033117199390407717
78.5888671875,0.005669625609162648,0.0034835550925358494
78.60351562499999,0.006638772363953754,0.0039928067051574
78.6181640625,0.004678925662544524,0.004071059043793379
78.6328125,0.005303148621781809,0.0034950147456032157
78.64746093749999,0.005116081015391288,0.0034140426474676927
78.662109375,0.0022000044059056886,0.0033822562864033556
78.6767578125,0.0007524941666842311,0.002599070430156132
78.69140624999999,0.0026183568513564,0.0027254680374819997
78.7060546875,0.0040959535937199745,0.0030042611720115142
78.720703125,0.0058910377499347254,0.0022627105019703284
78.73535156249999,0.008163447108378371,0.0027377527465953454
78.75,0.009307016547860418,0.003083919622050255
78.7646484375,0.008187470601135768,0.002549447826943893
78.77929687499999,0.005182371899244703,0.0031173976095504423
78.7939453125,0.004531337678848592,0.004291788110815274
78.80859375,0.005876918648845823,0.003625298454634047
78.82324218749999,0.005915237869843443,0.003039467485334579
78.837890625,0.005710366814148462,0.0033458155731006527
78.8525390625,0.006295264078708509,0.002547994309031418
78.86718749999999,0.006752673303951423,0.0017563381291151455
78.8818359375,0.005533442940212932,0.002530517270277871
78.896484375,0.0030526751014259535,0.003014491466459107
78.91113281249999,0.002989746110485896,0.0024169199185450217
78.92578125,0.005538532805857445,0.002620053027358795
78.9404296875,0.005953055622925679,0.0026353607725337876
78.95507812499999,0.004402580051621583,0.0016619152871228389
78.9697265625,0.0035109838174830193,0.0013227516853847438
78.984375,0.002538455257453035,0.0013791482800907106
78.99902343749999,0.001189738652586834,0.001066856157923844
79.013671875,0.0018695489447212881,0.0006656853477060529
79.0283203125,0.005662717653560794,0.0010516953669670473
79.04296874999999,0.008996111022534344,0.0020550041381831217
79.0576171875,0.008818768296483773,0.002533202526806405
79.072265625,0.006257340791079118,0.0025406518414194394
79.08691406249999,0.005603829950263867,0.0028901274352289143
79.1015625,0.006136933209038852,0.003029646337607413
79.1162109375,0.00637810773823486,0.002768961397987173
79.13085937499999,0.006492786436990051,0.002662482096341395
79.1455078125,0.00649677443218217,0.003527332520704235
79.16015625,0.005952778911357436,0.004285681963277579
79.17480468749999,0.00610863839968644,0.0037554833602504323
79.189453125,0.007118013510461453,0.004049948914589287
79.2041015625,0.006493806722989744,0.005083979006396475
79.21874999999999,0.004081287423178411,0.004210546736324537
79.2333984375,0.005402211242974552,0.0041998300996949865
79.248046875,0.008268618118305078,0.00539690939815521
79.26269531249999,0.009181509180568115,0.004906211623512919
79.27734375,0.009280849175324311,0.005227443525910927
79.2919921875,0.008229663849280072,0.00627614009768303
79.30664062499999,0.005506644974716104,0.006055131683493994
79.3212890625,0.0035166495331807623,0.005761900833233667
79.3359375,0.005773265341089961,0.005622940987556109
79.35058593749999,0.007977271927072758,0.0054291154141573
79.365234375,0.00673951103490874,0.005042915198489458
79.3798828125,0.0034941506266187063,0.004006269755145001
79.39453124999999,0.004584892028772759,0.0034862642940018266
79.4091796875,0.0053156734151701265,0.0031094846001072634
79.423828125,0.004243056712071819,0.001568259601031988
79.43847656249999,0.00370842470079288,0.0012711823985451691
79.453125,0.004192685329664784,0.0019186838376049108
79.4677734375,0.004644914064116547,0.0011719913245534094
79.48242187499999,0.005303954312150656,0.0021952439424645985
79.4970703125,0.005912907143048656,0.0025847065604129925
79.51171875,0.0047640254043239535,0.0008904710061511737
79.52636718749999,0.002784967629992261,0.0006064122387964672
79.541015625,0.002080262544761345,0.0005728687975640704
79.5556640625,0.0024593016925668985,0.0020796847445836365
79.57031249999999,0.0023911512012279013,0.002074605443944763
79.5849609375,0.0025414106138171772,0.001044983415987505
79.599609375,0.003985740359955102,0.00103349656382867
79.61425781249999,0.004537499654482473,0.0009574503299602993
79.62890625,0.0028154158873050007,0.0015959759130497366
79.6435546875,0.0017200919662987682,0.0018105822485546884
79.65820312499999,0.0030917003578906986,0.0014676566630143087
79.6728515625,0.0025740904488360432,0.001953045506739751
79.6875,0.0018456133618106065,0.0035063304375896713
79.70214843749999,0.0045994343065471925,0.004476074943107467
79.716796875,0.007459690036961488,0.0037847806159658865
79.7314453125,0.006791114309377198,0.003364703112099481
79.74609374999999,0.0034771694068398153,0.00399779225980473
79.7607421875,0.0018102249797566623,0.003494621916716553
79.775390625,0.0009071084135015017,0.0019360830314719302
79.79003906249999,0.0014996099769333622,0.002077809079781058
79.8046875,0.0008726646001167806,0.0032143757743003905
79.8193359375,0.005222191618173042,0.002484729921771919
79.83398437499999,0.008057768154385286,0.0007430260280053627
79.8486328125,0.00701949190709898,0.0012633309843983606
79.86328125,0.004752081363436853,0.0014322142456122298
79.87792968749999,0.0036510951750682234,0.0002912110380809481
79.892578125,0.002656860466552141,0.0013877560977685
79.9072265625,0.0009571452672840087,0.0017702411258051305
79.92187499999999,0.0010435281737452165,0.001279889095418945
79.9365234375,0.002648425968170429,0.0019369821039496922
79.951171875,0.004798119183176786,0.003467710495587173
79.96582031249999,0.004812260205980076,0.00392605268663247
79.98046875,0.002554295928182922,0.003027406189934472
79.9951171875,0.0014476991448796725,0.00295422053903774
80.00976562499999,0.0011812318675829595,0.0029151851183478053
80.0244140625,0.00427105887078467,0.002384765885322359
80.0390625,0.004420265257037338,0.0015790414672780038
80.05371093749999,0.003150011710997051,0.002003921135283517
80.068359375,0.004669768191088647,0.0022681851895438843
80.0830078125,0.004274415251023039,0.001256552022748119
80.09765624999999,0.006817415897872019,0.0012952138641191832
80.1123046875,0.00794624621943878,0.001912011201800745
80.126953125,0.0064492500716923,0.0034001044155829545
80.14160156249999,0.00404225466903071,0.003938256072974054
80.15625,0.0018052638243075557,0.003979939135637678
80.1708984375,0.0004988271052571172,0.003954878068665945
80.18554687499999,0.0013231516719000073,0.0036793446503689217
80.2001953125,0.0037125942946554837,0.003939682054731108
80.21484375,0.0052752893966187325,0.004066498002180354
80.22949218749999,0.00512469331752665,0.0034627638719754686
80.244140625,0.0038538604380900362,0.0038296661761087203
80.2587890625,0.002635100306452911,0.004282185666769111
80.27343749999999,0.0020362258452737364,0.0034178889154348364
80.2880859375,0.002342875150228995,0.0033718558650352374
80.302734375,0.0040680898037699495,0.00444400227539192
80.31738281249999,0.006147340665758796,0.004058476908397262
80.33203125,0.00656654232237834,0.0031917775773901455
80.3466796875,0.004987250838257007,0.0039046412589246824
80.36132812499999,0.0030892708183197543,0.00402608341092791
80.3759765625,0.0021602841614346137,0.0029740392982088525
80.390625,0.0024863911512716186,0.0028173770140966932
80.40527343749999,0.0017335946117232666,0.003477878940827361
80.419921875,0.0013019833915724288,0.00285405272131707
80.4345703125,0.003333177023685735,0.0021474027076781818
80.44921874999999,0.005314245461270948,0.002856960109531243
80.4638671875,0.005419126379083517,0.0024269051228890163
80.478515625,0.004893701304913249,0.0022989644125016736
80.49316406249999,0.005836570585808125,0.0028370235317194386
80.5078125,0.006688726877510895,0.0024889113415380963
80.5224609375,0.00604462884866554,0.0022883688594116645
80.53710937499999,0.004785867813394882,0.0020792727044102953
80.5517578125,0.0049254494480248994,0.001836020041924276
80.56640625,0.005329888955145682,0.002074847994892064
80.58105468749999,0.0034944842001060593,0.002068961661475711
80.595703125,0.0009524112215688275,0.0014946881275473092
80.6103515625,0.0037936826441511305,0.0012554048029952325
80.62499999999999,0.003947512560958545,0.0015969696421413236
80.6396484375,0.004199077924759072,0.001973331643068807
80.654296875,0.007851788767240858,0.0017572549482306324
80.66894531249999,0.00882517166137797,0.0014017521584671747
80.68359375,0.0068521169681136935,0.0019699365559608033
80.6982421875,0.005610862104678775,0.002537306797696121
80.71289062499999,0.003888592402016605,0.002107447914947103
80.7275390625,0.002306331102983568,0.0019343083961063817
80.7421875,0.004701332681973213,0.002532127295652327
80.75683593749999,0.005037083097391932,0.002064098433334674
80.771484375,0.0029678088220656757,0.001173012202325558
80.7861328125,0.0019409924209121724,0.0011074771475980808
80.80078124999999,0.0025767788032128413,0.0012548956120862589
80.8154296875,0.0032748510578899017,0.0012607461928879492
80.830078125,0.0025815597882196807,0.0009532373308129907
80.84472656249999,0.0011862545939473198,0.0009069746158895253
80.859375,0.004529243569738932,0.0015620802728776703
80.8740234375,0.00613466976357367,0.0011571952212713734
80.88867187499999,0.004764092256121774,0.0002355166429178042
80.9033203125,0.00204294896010826,0.00093208833139872
80.91796875,0.0026144270702394014,0.0014902915718492265
80.93261718749999,0.0038842358944153475,0.0010537516119375587
80.947265625,0.0014604747819100443,0.0012967712229068544
80.9619140625,0.004112705604833684,0.0020602311605258383
80.97656249999999,0.004671654248228424,0.0009939883935704687
80.9912109375,0.0027865567909530512,0.0009606787724700206
81.005859375,0.005105116002073541,0.0008842749636422521
81.02050781249999,0.005149948244140935,0.0003859568511704987
81.03515625,0.0026098127181421638,0.00020912071765744143
81.0498046875,0.000899999985550431,0.0006380958419698039
81.06445312499999,0.000633245120781717,0.0008787652702473303
81.0791015625,0.0017408061027560531,0.00036916504249098
81.09375,0.002908494236836996,0.0010612444298353937
81.10839843749999,0.001753536488419606,0.0006994157937157932
81.123046875,0.0031584791135787884,0.0007339167064724051
81.1376953125,0.004606295207325557,0.0012298168645901004
81.15234374999999,0.004324034360132396,0.0004898087427195511
81.1669921875,0.003739932254586152,0.00045113621525757857
81.181640625,0.002878390302839395,0.0009541731744782781
81.19628906249999,0.0010930699097081965,0.0009689154217896057
81.2109375,0.002436607588940827,0.00035493483953140105
81.2255859375,0.004965967008993849,0.00047048219493758575
81.24023437499999,0.005471291156660511,0.001735957529500267
81.2548828125,0.0037973716627458833,0.0029444553361428665
81.26953125,0.0044604250128477,0.003882490973478846
81.28417968749999,0.005527950619136198,0.005338841348103198
81.298828125,0.0037504399623853645,0.0061450481439494905
81.3134765625,0.001616139635750987,0.0061371036805684025
81.32812499999999,0.0019255661212431662,0.0063161723009401635
81.3427734375,0.003111454949003748,0.006432953131718348
81.357421875,0.0036083911619613647,0.006024151314819849
81.37207031249999,0.004096542372387558,0.005911272163740332
81.38671875,0.004174189993497246,0.005762663312629174
81.4013671875,0.002985141560268488,0.004814323586082818
81.41601562499999,0.001886937110292946,0.004390917690952042
81.4306640625,0.002134315933383972,0.004544354380486628
81.4453125,0.0023974408039314043,0.00412959465137396
81.45996093749999,0.0019973918803376702,0.0038966026302910046
81.474609375,0.002626927269913471,0.0037611797157053053
81.4892578125,0.004835821892810397,0.002916527750128175
81.50390624999999,0.006184600056478365,0.0024633019730392934
81.5185546875,0.005032054482694217,0.0020135453443841096
81.533203125,0.004439895359927963,0.0010268791829199167
81.54785156249999,0.004158621806080501,0.0006417489906089048
81.5625,0.0013625714316340919,0.0010185466487866138
81.5771484375,0.002487133907836953,0.0016619910769968469
81.59179687499999,0.0046790474164906245,0.001356751955597334
81.6064453125,0.0074263041879436,0.002062894938977064
81.62109375,0.008960108151066485,0.0022734170586100823
81.63574218749999,0.006184020433776364,0.0008090779353768565
81.650390625,0.0007638186363874322,0.000697146977071319
81.6650390625,0.005163794583850423,0.0012951963522002178
81.67968749999999,0.004821277443390682,0.0015033497656465843
81.6943359375,0.004471898762653007,0.000288704127194835
81.708984375,0.0022377311845502242,0.0012105871974036105
81.72363281249999,0.003932286629076952,0.0007841774617158358
81.73828125,0.0041938190664393225,0.0005889237146930508
81.7529296875,0.002687524199306838,0.0010662791580173289
81.76757812499999,0.006574689372169356,0.0007254147139720887
81.7822265625,0.00875193413818221,0.0007014669355330836
81.796875,0.009561490430205138,0.0012342633221781763
81.81152343749999,0.008546888451393227,0.001570596855991474
81.826171875,0.005496916403168455,0.001598602397035194
81.8408203125,0.0022913990140397958,0.0015448906083349353
81.85546874999999,0.004484597173000005,0.001958142032260765
81.8701171875,0.007280849975569871,0.003142108448749418
81.884765625,0.007723984824782574,0.004292477931659286
81.89941406249999,0.006972804120320611,0.004518488727160437
81.9140625,0.006360110344077398,0.004399321039906399
81.9287109375,0.006348181163769637,0.004396709506881159
81.94335937499999,0.0072006841696031785,0.004427310844193006
81.9580078125,0.007959922561025158,0.004408356748338165
81.97265625,0.00796354502248214,0.004172434157341122
81.98730468749999,0.007035896885827496,0.00407320362834927
82.001953125,0.004469697223897716,0.003917381081459845
82.0166015625,0.0026532026711171787,0.002860262845997742
82.03124999999999,0.0042799702745958046,0.0016815321205431982
82.0458984375,0.0044517011180797645,0.0016060072123579689
82.060546875,0.003145654545925534,0.0009319217002136626
82.07519531249999,0.004121131983872138,0.0009300212598003751
82.08984375,0.005909823653341987,0.0018496382049862504
82.1044921875,0.004032143147636372,0.001326151088325264
82.11914062499999,0.0009752640940262544,0.0005007363909702836
82.1337890625,0.0034900444460903663,0.001396609965852051
82.1484375,0.0023008904235397617,0.002390009107300893
82.16308593749999,0.003729833194447724,0.0020631027915932174
82.177734375,0.002566202137780207,0.0015248528388099513
82.1923828125,0.0021300426620888607,0.0031376262140165715
82.20703124999999,0.003950564734151143,0.0028773927301565124
82.2216796875,0.004027066970629066,0.001733309732633436
82.236328125,0.004905521190293098,0.003141350476605133
82.25097656249999,0.0031937582877447452,0.0033338838254180145
82.265625,0.002136630452183971,0.003070142398859269
82.2802734375,0.006681791385076422,0.004193277391950191
82.29492187499999,0.007552164564501406,0.004777234347841077
82.3095703125,0.006849464373113559,0.004804309405399255
82.32421875,0.006165115910536884,0.004748617766037832
82.33886718749999,0.00540968242096779,0.004771561576157789
82.353515625,0.005079155605373033,0.004201113407396474
82.3681640625,0.0038314444194662207,0.0032723207412980616
82.38281249999999,0.002449323541094862,0.00285351047056752
82.3974609375,0.0030537152615127267,0.0027212317087999924
82.412109375,0.0027208289528321806,0.0024054719294761577
82.42675781249999,0.0017804192124029035,0.0018181477809755642
82.44140625,0.0021646946072773794,0.0016702941791430135
82.4560546875,0.0029449173342264478,0.0023808078845924427
82.47070312499999,0.004998939985860854,0.002754755809904118
82.4853515625,0.0056640192305551975,0.0024965663005213586
82.5,0.0031649003543286476,0.003505682315455943
82.51464843749999,0.003950574800072615,0.003963386344995061
82.529296875,0.004730639090004215,0.0028405187605259723
82.5439453125,0.0035222209465723096,0.003037711823715189
82.55859374999999,0.002360202331406763,0.003688653514095839
82.5732421875,0.0009107345646249288,0.0025244239805027064
82.587890625,0.002134412949188131,0.0016150996879955909
82.60253906249999,0.0036083210499286613,0.00175688263648856
82.6171875,0.0023374169168487095,0.0006673691316589138
82.6318359375,0.0013525988266542617,0.0006359793711649396
82.64648437499999,0.0031741524879473427,0.0011661867463529845
82.6611328125,0.0036761778710066766,0.0010772739148085721
82.67578125,0.0037873274703558,0.0012623675435612354
82.69042968749999,0.002829351802449442,0.0015188604990098735
82.705078125,0.0012449099240271202,0.001497325737884632
82.7197265625,0.0020693979372416486,0.0013675359290546466
82.73437499999999,0.004134593545354143,0.001023026788124097
82.7490234375,0.006009553576090842,0.0016893913820761072
82.763671875,0.005685534601547202,0.0022703166115546364
82.77832031249999,0.003951895593378192,0.0013151432452303937
82.79296875,0.0034590045797995646,0.0009331953547217607
82.8076171875,0.003162090155530069,0.0019952891165527205
82.82226562499999,0.002531165857623351,0.0014369191695135827
82.8369140625,0.005528184999598437,0.001410885702329257
82.8515625,0.00706031746525503,0.002270265875736095
82.86621093749999,0.005035534810268482,0.0019804481902605847
82.880859375,0.002297227134176326,0.0020708708599166243
82.8955078125,0.0018655731063610974,0.002308264030530831
82.91015624999999,0.002714208756909625,0.0022475589546959327
82.9248046875,0.0035470562815381325,0.0022591250258077104
82.939453125,0.0033978494675650185,0.0018884684512894875
82.95410156249999,0.002542946976715332,0.0017806087724613817
82.96875,0.0035595091962904845,0.0023962677082915705
82.9833984375,0.004281031495359495,0.0016196294704383153
82.99804687499999,0.004808672893047791,0.0019713668845985854
83.0126953125,0.004852104665515279,0.0034310457426360405
83.02734375,0.0026710846451476035,0.0028324276828181915
83.04199218749999,0.004320560659578099,0.0026492846659533988
83.056640625,0.0076490661113721315,0.004780004879868908
83.0712890625,0.008842650561943423,0.0043549923113615436
83.08593749999999,0.010058493259967188,0.002216306014823902
83.1005859375,0.009441494502824156,0.003090395017610523
83.115234375,0.005291719177958291,0.004188312626176565
83.12988281249999,0.0023327549308208655,0.0037044793590141098
83.14453125,0.0025596947222045158,0.0026481797695033487
83.1591796875,0.005354850187710334,0.003805530333868487
83.17382812499999,0.005433170646077875,0.004349426424919127
83.1884765625,0.0028971084871895116,0.003301843742585489
83.203125,0.00035858780721160713,0.0023278645804661576
83.21777343749999,0.0016919485167168225,0.00205484923095492
83.232421875,0.0028791914625627057,0.0018367577101456914
83.2470703125,0.0026533627936833116,0.0019252821747694283
83.26171874999999,0.003433763490448222,0.0025472507821161705
83.2763671875,0.0037836967401271787,0.0030102602193900116
83.291015625,0.0016273427125701701,0.0035284981587418414
83.30566406249999,0.0025840849176742365,0.004910692579257219
83.3203125,0.002671772897492534,0.0052234997042051815
83.3349609375,0.0017550989463061282,0.0039290438974357396
83.34960937499999,0.00492432661420408,0.003972829906322992
83.3642578125,0.005847076898510571,0.004292459055466096
83.37890625,0.0046888190216499955,0.0024952139470508375
83.39355468749999,0.006355823758847298,0.0018070182928605614
83.408203125,0.006171588821360361,0.0025912536421069006
83.4228515625,0.003591743539828362,0.0019146744221153567
83.43749999999999,0.0019471669279923034,0.001053101664848743
83.4521484375,0.0027618413683245654,0.002604779229097749
83.466796875,0.003670846161311284,0.0037955372372709415
83.48144531249999,0.004185746401055964,0.00310750288267697
83.49609375,0.004889478534690754,0.002670283939636253
83.5107421875,0.005728821505694976,0.004415292545875352
83.52539062499999,0.00412001600536771,0.004786173410533966
83.5400390625,0.0011636586478215502,0.0030227892537624044
83.5546875,0.004171674123405051,0.00363322778731877
83.56933593749999,0.00454356518386934,0.0044004036837049995
83.583984375,0.000983313335155043,0.0024004182864123106
83.5986328125,0.006649797393446037,0.0016606798585386332
83.61328124999999,0.008909498263773621,0.002658927945387252
83.6279296875,0.005304692779054178,0.0018579489155789752
83.642578125,0.0019078635999283692,0.0011085460421015885
83.65722656249999,0.005025063924908566,0.0018867758284889743
83.671875,0.004295951517613245,0.002267027712815855
83.6865234375,0.0030009980340797685,0.0017152783371152858
83.70117187499999,0.0036973855366882412,0.0011911832135693787
83.7158203125,0.003366028628131571,0.0024470873129265867
83.73046875,0.004357385455443962,0.001962849993748304
83.74511718749999,0.004510807044324793,0.00010427799842349173
83.759765625,0.003282423336105325,0.0015245067520007628
83.7744140625,0.0030369853327292815,0.0019259827306664107
83.78906249999999,0.0011785840975936388,0.0008873631224300461
83.8037109375,0.005957268283990757,0.001586005309965088
83.818359375,0.008375838957569628,0.003078818900084948
83.83300781249999,0.005070886553559245,0.0022638568835500823
83.84765625,0.0013127505130785648,0.0018259556775502928
83.8623046875,0.003826077911009593,0.0032001574450783474
83.87695312499999,0.001712666725106999,0.0032442380445318383
83.8916015625,0.0032354011169453494,0.001962738662874183
83.90625,0.0064360674271023354,0.0016612685429355412
83.92089843749999,0.005526419909456738,0.002604963002743553
83.935546875,0.0020383541822687327,0.0028725916088129973
83.9501953125,0.0021642125362087744,0.0020365381086664518
83.96484374999999,0.0032114022231835996,0.001608013733771194
83.9794921875,0.0025659795751136957,0.002392721247240015
83.994140625,0.0011235762558725918,0.001826169977121394
84.00878906249999,0.0011456235131682994,0.000320061908582336
84.0234375,0.0006763962952535654,0.001632880949237034
84.0380859375,0.0016948318488152314,0.0015225279691445362
84.05273437499999,0.002650994397738326,0.000572047626326435
84.0673828125,0.0044740025655005565,0.002160176734423744
84.08203125,0.0034923705724951033,0.0034128263481163993
84.09667968749999,0.003915567748232741,0.0017070106902668952
84.111328125,0.0034937703292287794,0.002647983424018597
84.1259765625,0.002214672580565353,0.003608158644721409
84.14062499999999,0.00522505989963834,0.0019044814954729873
84.1552734375,0.004115457472648848,0.0010128758056954764
84.169921875,0.00218861836998545,0.001742582513749323
84.18457031249999,0.0020096582736862894,0.0014763457925336349
84.19921875,0.0026077941664860533,0.0005502059941605236
84.2138671875,0.004518497013309322,0.0011232590281084675
84.22851562499999,0.004955059735383993,0.0025021333659366878
84.2431640625,0.004008579106830099,0.0023174022642065326
84.2578125,0.005506571404766395,0.0014543701822228208
84.27246093749999,0.008621322947523796,0.0036390933681116483
84.287109375,0.007638074871979332,0.00426007200896815
84.3017578125,0.001204698441898729,0.002385074924830203
84.31640624999999,0.00696993304774679,0.0031671443424871573
84.3310546875,0.007830277318992725,0.004297187370140712
84.345703125,0.005045474267288154,0.0025641235859872108
84.36035156249999,0.0038569363546856993,0.000762493909874182
84.375,0.003980403384754407,0.0016051634225171083
84.3896484375,0.0034176176910481197,0.0019293500114307767
84.40429687499999,0.0029567501107483096,0.001451152751740941
84.4189453125,0.0028785298054798043,0.00048018383679973163
84.43359375,0.002778590186522104,0.00033575965037496865
84.44824218749999,0.003201482356292712,0.0003588254457442253
84.462890625,0.0035785617933198613,0.0019227269025927135
84.4775390625,0.004348699187443629,0.0029102166103927725
84.49218749999999,0.0031449798193844735,0.002111430026901809
84.5068359375,0.0048629770634798525,0.0016581003098309654
84.521484375,0.007363066639591976,0.003938341552327111
84.53613281249999,0.005815615531401601,0.0041943867969770725
84.55078125,0.004939799061314694,0.002083454426001044
84.5654296875,0.004684722536294608,0.003636935379915803
84.58007812499999,0.0011170446301256417,0.003765614159904446
84.5947265625,0.0032489314733190255,0.001704558102997276
84.609375,0.005787487332966486,0.0015547237047000362
84.62402343749999,0.0063413187148085425,0.002946188173391888
84.638671875,0.005246568593059053,0.0029265982019068605
84.6533203125,0.006672048384037928,0.0018297635696014243
84.66796874999999,0.009747890412308523,0.002483649820749869
84.6826171875,0.010134483415225066,0.002966907794329053
84.697265625,0.0075588299998526065,0.0014333337052910983
84.71191406249999,0.0036729602308679366,0.0011332598694340035
84.7265625,0.003036618956886184,0.002171051745881814
84.7412109375,0.003396248441786769,0.0012332877366605403
84.75585937499999,0.0016601795654114493,0.0009152047647095895
84.7705078125,0.0008841010013632446,0.001290163130191995
84.78515625,0.002706691780011613,0.0009292159152077745
84.79980468749999,0.0031295228495545665,0.0007480453097648648
84.814453125,0.003179065473301988,0.0015238046555145746
84.8291015625,0.0021111552913124386,0.0018054426932911298
84.84374999999999,0.0034776609351938343,0.0010140603204623897
84.8583984375,0.005711596915185286,0.002211939720104269
84.873046875,0.005410241923046737,0.0027724775774890685
84.88769531249999,0.004487834557562564,0.0025026598041363503
84.90234375,0.005623415311786423,0.0026128330410786463
84.9169921875,0.005920008022697829,0.003930401263506574
84.93164062499999,0.003543186421108773,0.004736667075194917
84.9462890625,0.0005980158284948445,0.003786709115958758
84.9609375,0.004363649929139482,0.003555746358355925
84.97558593749999,0.0063058255461261,0.004238266654207777
84.990234375,0.006523145727005006,0.003771267856439425
85.0048828125,0.007069179453706225,0.0031818856071446793
85.01953124999999,0.007503545182910429,0.004033322939490987
85.0341796875,0.005783571617150888,0.004298741535887785
85.048828125,0.002286129432826154,0.0036619568191687095
85.06347656249999,0.002001333209406354,0.003254473790142047
85.078125,0.00490224013310611,0.004041945253426749
85.0927734375,0.006898373809666562,0.004347470387397151
85.10742187499999,0.008515474311806952,0.0028876775121434942
85.1220703125,0.009186916127303357,0.0031507305211875176
85.13671875,0.008591361478247551,0.0035964454272979555
85.15136718749999,0.009527830698927252,0.0021013249484719233
85.166015625,0.010227134549479058,0.0019469972059242527
85.1806640625,0.007168684434424638,0.003015562192737376
85.19531249999999,0.0013038172849301278,0.0020847727556365923
85.2099609375,0.004315799830132736,0.001176090389205822
85.224609375,0.004898572640449875,0.0018736862868967397
85.23925781249999,0.004007907321310085,0.0016821085419220525
85.25390625,0.00705292046188895,0.0011376716835291545
85.2685546875,0.006862115595415855,0.0014359579388309172
85.28320312499999,0.003625576882145477,0.002447716174050224
85.2978515625,0.0026362371832119543,0.0024026142143325022
85.3125,0.005398290677158992,0.001942822835276194
85.32714843749999,0.004990764600499168,0.001406465540921968
85.341796875,0.00048126820978781096,0.0005764438827399208
85.3564453125,0.005821795618566957,0.0009787828119345204
85.37109374999999,0.009169534264944228,0.0012957419570730877
85.3857421875,0.009490304647548716,0.0013964313694471667
85.400390625,0.007556517353505934,0.0010717868829647678
85.41503906249999,0.0038713176752156638,0.0013643312503409974
85.4296875,0.0007962882514820881,0.002436187144409239
85.4443359375,0.005118891980142594,0.0034353258648973563
85.45898437499999,0.008604246193114552,0.0036712347380250276
85.4736328125,0.010640643258194462,0.003991444678995461
85.48828125,0.01024785560238219,0.004229301072353632
85.50292968749999,0.009185545692961894,0.00386503267901461
85.517578125,0.00981381104295059,0.0036863965415278666
85.5322265625,0.009041392109177456,0.0035134535730848354
85.54687499999999,0.004359687011873845,0.003252632678710082
85.5615234375,0.004520082849439694,0.0036008135374796173
85.576171875,0.0069481652364200164,0.003562330074230382
85.59082031249999,0.006777898076801993,0.0035133162101789743
85.60546875,0.009246057777073668,0.004473604970145469
85.6201171875,0.00729674283234965,0.004132076215259439
85.63476562499999,0.003258393482160639,0.0037321567393476503
85.6494140625,0.007149551003273037,0.0044457574853993195
85.6640625,0.007635543954905476,0.003267356087589451
85.67871093749999,0.0038075645860937563,0.0020572075193284753
85.693359375,0.0038879708562154173,0.0029732943997951245
85.7080078125,0.005169055569550039,0.0028126880742020918
85.72265624999999,0.005378401881423311,0.0016262180978301394
85.7373046875,0.0068196630936804515,0.00240410042522689
85.751953125,0.006629399159134277,0.0021807844908135355
85.76660156249999,0.0057521775150468505,0.0013184683197773623
85.78125,0.005541687442724104,0.0017111527052152645
85.7958984375,0.005288475989011582,0.0018356980597202374
85.81054687499999,0.006040676229803122,0.002486333956529478
85.8251953125,0.008573581182001999,0.0034877684257559344
85.83984375,0.010566458058783375,0.0031774201257791295
85.85449218749999,0.00888910699006855,0.004030186134298122
85.869140625,0.00349270193926956,0.004582762799835069
85.8837890625,0.0031723415243957516,0.003198857284959418
85.89843749999999,0.004184005843663567,0.003542107897750283
85.9130859375,0.0020954047712274837,0.004741402004439747
85.927734375,0.004244005230783468,0.0037115182753509673
85.94238281249999,0.007923404124607934,0.0031429651944625174
85.95703125,0.00896002173227925,0.004290814554411806
85.9716796875,0.00909819748904343,0.0039601521969892745
85.98632812499999,0.007644052029146168,0.00311712750430079
86.0009765625,0.005326116303406706,0.004081033489652457
86.015625,0.00448718160931361,0.004908021406263975
86.03027343749999,0.003117186180700002,0.004025377043814976
86.044921875,0.0012453028823259339,0.003732367117270426
86.0595703125,0.0026457376721401803,0.004882898301254812
86.07421874999999,0.0017040930341426436,0.004803102960220901
86.0888671875,0.00395727516828379,0.0036162190037551567
86.103515625,0.007475496197829381,0.004048828899714059
86.11816406249999,0.008447442107821538,0.004796648291911166
86.1328125,0.00637839557157235,0.003411609644012922
86.1474609375,0.0040378102969242085,0.0016116024556702328
86.16210937499999,0.004352005992618533,0.0025045681541202044
86.1767578125,0.005648919756254274,0.0027129296322398904
86.19140625,0.004768855836164381,0.0008687802298808871
86.20605468749999,0.001987098380339963,0.0009179653311042572
86.220703125,0.0013522635677797757,0.00033918046197804156
86.2353515625,0.0050856170015805375,0.0012788051752436699
86.24999999999999,0.006565590725289755,0.0015009647555868318
86.2646484375,0.005128459388904136,0.0008926287478353274
86.279296875,0.0035608589679235083,0.001237932209102766
86.29394531249999,0.0023741747780382525,0.001716385965214389
86.30859375,0.0003335506143629178,0.0016327918663022196
86.3232421875,0.003369113452901363,0.0024353483802978183
86.33789062499999,0.004823254556655279,0.00185204406603076
86.3525390625,0.004181241159502789,0.0005485233356843088
86.3671875,0.004548290440232428,0.0016718995729546643
86.38183593749999,0.005439470166449825,0.0005148757195137344
86.396484375,0.00787782726478949,0.001674988078841278
86.4111328125,0.008299173867220249,0.002657059544864141
86.42578124999999,0.005647392124291418,0.0018142578073426048
86.4404296875,0.004414055370378732,0.0019002057328653093
86.455078125,0.0039768924691581204,0.003811176343643242
86.46972656249999,0.0038064979342323445,0.004030830325543565
86.484375,0.00324655370846258,0.002785248005356883
86.4990234375,0.000509849254608255,0.004030970197626874
86.51367187499999,0.0049404962250830685,0.004836241912289197
86.5283203125,0.0059965511442789995,0.00314472410487132
86.54296875,0.004133118116906724,0.002935873089817836
86.55761718749999,0.005417879953372271,0.003997884557696546
86.572265625,0.005191964998011456,0.0032875301673740394
86.5869140625,0.002578272913693174,0.0023399133140841848
86.60156249999999,0.006142080822433477,0.003775572922316906
86.6162109375,0.008553449424745325,0.004281925404317332
86.630859375,0.0076526646421591705,0.0030942468355043473
86.64550781249999,0.005936456620571212,0.0028857678764531995
86.66015625,0.006396142567852586,0.003207146795941302
86.6748046875,0.006458418653853914,0.0029437127068380263
86.68945312499999,0.004527551691290199,0.00232819469090634
86.7041015625,0.006737130595557587,0.0017030293915228977
86.71875,0.007067690129710446,0.00163808817190061
86.73339843749999,0.00764729504849238,0.0007887148584667107
86.748046875,0.012178146944514386,0.0008135052269876383
86.7626953125,0.013158495089183361,0.0007306834553683366
86.77734374999999,0.01062744749178834,0.0007553865840356152
86.7919921875,0.008290318143595534,0.0007952711910957285
86.806640625,0.0070884785586210666,0.0008803191404073227
86.82128906249999,0.005610255463987579,0.002325963651366281
86.8359375,0.006284323710517292,0.001750690370986044
86.8505859375,0.008042090681916657,0.0008155693512753081
86.86523437499999,0.006186813308757254,0.0020907336704611692
86.8798828125,0.001091045841915334,0.0018488048482200343
86.89453125,0.0034457983364849817,0.0002915788044989547
86.90917968749999,0.005836651817842639,0.0014005371036042514
86.923828125,0.007164391351655226,0.0017552131388548931
86.9384765625,0.007642369754041217,0.0010089830334603425
86.95312499999999,0.009285583634845435,0.002965991596491083
86.9677734375,0.009007423689223333,0.004211116559906794
86.982421875,0.004180589582218119,0.004041053224425289
86.99707031249999,0.004308346118839469,0.004369657516669776
87.01171875,0.011094357298057887,0.005643123252544372
87.0263671875,0.012998382909403989,0.005717581307515401
87.04101562499999,0.01150865597496015,0.004087794653803485
87.0556640625,0.011096454141161907,0.004175776065450842
87.0703125,0.010331718549787093,0.0052070732800044706
87.08496093749999,0.006808773454530075,0.0035815909676849954
87.099609375,0.0038564524924748276,0.001767831181236774
87.1142578125,0.003917837880513447,0.00344272016087229
87.12890624999999,0.0025950726479579906,0.002802700596032071
87.1435546875,0.0032982412494244463,0.0007665319070289506
87.158203125,0.00581589950641318,0.0031812093973975822
87.17285156249999,0.004299904092732652,0.0028914634235506853
87.1875,0.0025542370203346415,0.001715314362270089
87.2021484375,0.002820342648007345,0.0032249519730673825
87.21679687499999,0.0009279066382953375,0.0021461507687235946
87.2314453125,0.0022626526795221417,0.0005665743088523721
87.24609375,0.00310875051235172,0.0007290854265303656
87.26074218749999,0.0038602918030060454,0.0005646594392106796
87.275390625,0.0034704594049884043,0.0007782250291293095
87.2900390625,0.0008833315702555378,0.0007676108165973804
87.30468749999999,0.001883690292686588,0.000635975340348289
87.3193359375,0.0031684595450168166,0.0013699716264652195
87.333984375,0.006170261587635161,0.0023338329804598688
87.34863281249999,0.009171080856818179,0.0025614258093313814
87.36328125,0.009667496651633975,0.004055645672516777
87.3779296875,0.008424699284693657,0.004970879649032767
87.39257812499999,0.007489559828575791,0.004490185317383985
87.4072265625,0.00759373717330666,0.005054096039583016
87.421875,0.01017678266090857,0.006103564624912876
87.43652343749999,0.011980942524184966,0.004982702914197861
87.451171875,0.010274980523156606,0.0035981172079247894
87.4658203125,0.008056833866628779,0.003806963583834486
87.48046874999999,0.0076355285288324665,0.0031394452505958833
87.4951171875,0.006144308926320063,0.0016286425383971869
87.509765625,0.003434310158764361,0.0017935391219761356
87.52441406249999,0.005874295224131138,0.002506852667125477
87.5390625,0.008151695383811917,0.0013257538956763662
87.5537109375,0.009924739354211513,0.001982244782587777
87.56835937499999,0.011834353511299274,0.003373945014116663
87.5830078125,0.010529370425465378,0.0027841039619216157
87.59765625,0.004675624429506851,0.002637703703581597
87.61230468749999,0.0042628765791326,0.004957596492166801
87.626953125,0.006438401447904467,0.004653844917793113
87.6416015625,0.002529122461401731,0.0033085780364127087
87.65624999999999,0.003730982269289743,0.004787447373224853
87.6708984375,0.006662851579154024,0.0044865946739220995
87.685546875,0.006225146275928012,0.002775722751932405
87.70019531249999,0.007170159221155135,0.0037499397859905733
87.71484375,0.007006196758828847,0.00325213505589503
87.7294921875,0.002716222672213013,0.0019296818060840705
87.74414062499999,0.0022388078750380214,0.0030186664086473136
87.7587890625,0.0036626062660988982,0.0029127516557280546
87.7734375,0.002809802997396601,0.00237856750608979
87.78808593749999,0.002725352224620642,0.0035000126840854353
87.802734375,0.0033275416782419967,0.0035668295464182293
87.8173828125,0.0021913935530676687,0.003077594485954153
87.83203124999999,0.0005642233113107907,0.00392729213909624
87.8466796875,0.002347610905493494,0.004475869718439265
87.861328125,0.002185472415823279,0.00409033775224286
87.87597656249999,0.0027645598084045167,0.004409188852853451
87.890625,0.005868107854116313,0.0048134145944024355
87.9052734375,0.008076559586264053,0.004114480097156752
87.91992187499999,0.008544510119760084,0.0041148612169654
87.9345703125,0.00689404439107932,0.004571301163228705
87.94921875,0.003384368739846654,0.0037540167994216138
87.96386718749999,0.004859289149539929,0.003869584041760934
87.978515625,0.006834229483019648,0.004341131844191518
87.9931640625,0.006187012580291027,0.0035233127299669795
88.00781249999999,0.007229290643931384,0.0036204459232713902
88.0224609375,0.008042283727341622,0.003898379469538722
88.037109375,0.005036295854578108,0.002830435123683458
88.05175781249999,0.002934569007459513,0.002654025305985839
88.06640625,0.0016329636827030222,0.0028180364940427584
88.0810546875,0.003331542596241109,0.002041331635726621
88.09570312499999,0.0046566088925288724,0.0021514818284480925
88.1103515625,0.0013978012438051266,0.0030805118838891075
88.125,0.0022983544915591244,0.0027242706056115154
88.13964843749999,0.0042607990439994204,0.0021882572613266425
88.154296875,0.004696249493087936,0.0032834938369104036
88.1689453125,0.00466482543406281,0.003184889295969204
88.18359374999999,0.00685067290240789,0.0020283900324460846
88.1982421875,0.009216570756453372,0.002551038675182027
88.212890625,0.009711128481724332,0.0033793687213775417
88.22753906249999,0.007152790844550501,0.00259974196793136
88.2421875,0.0035145950195965294,0.0018017901872142634
88.2568359375,0.002578225555408805,0.0022179385996641985
88.27148437499999,0.0043647155843778975,0.002301758173724478
88.2861328125,0.005295314033886289,0.0017214753856202164
88.30078125,0.004847375906372259,0.0014418841550304078
88.31542968749999,0.0035995967810215934,0.001951508088472852
88.330078125,0.0026953502234384236,0.002087447110491495
88.3447265625,0.004964778681619203,0.0020145226769980673
88.35937499999999,0.008521242386354422,0.0031568231767187226
88.3740234375,0.009308338975443448,0.003934177918590954
88.388671875,0.006031557624537392,0.003085975515829205
88.40332031249999,0.006321419668143544,0.0030884943972171643
88.41796875,0.0067037374107148965,0.0033083746279576904
88.4326171875,0.0024130629987252155,0.0014139983212260463
88.44726562499999,0.0025174646521172986,0.0006771237536936147
88.4619140625,0.001978727831367957,0.0006114971043008871
88.4765625,0.004415482795669782,0.0013349565952919266
88.49121093749999,0.005374771516315408,0.002664157507277268
88.505859375,0.004024212416360344,0.0023519549358128307
88.5205078125,0.004200520502052003,0.0018804770972619428
88.53515624999999,0.006315834330340699,0.0027661405133659733
88.5498046875,0.00861087101420556,0.0035834487530512047
88.564453125,0.010443565619244156,0.0036680448264980775
88.57910156249999,0.010444322161076353,0.0034810500635445636
88.59375,0.009180246835643894,0.003027679431915949
88.6083984375,0.008861505121265016,0.003159369383553873
88.62304687499999,0.009025523073206304,0.003863864958591345
88.6376953125,0.007098927045890495,0.0029826871425652213
88.65234375,0.004097942466621272,0.0020740516282965094
88.66699218749999,0.0029137536507429797,0.0034885621073556684
88.681640625,0.004611151640772536,0.0020136296146771736
88.6962890625,0.006428819107315807,0.001202406335101794
88.71093749999999,0.007124979581139957,0.003244813025097395
88.7255859375,0.007155397817068093,0.003438175034476526
88.740234375,0.005416586985313346,0.0014692286942724194
88.75488281249999,0.0051975226276461456,0.004158538228409765
88.76953125,0.005394527008453813,0.006066149050466992
88.7841796875,0.004550657331795133,0.0040403736089317565
88.79882812499999,0.004306069359633282,0.003812704338700313
88.8134765625,0.004210511579827396,0.005835376808037073
88.828125,0.00403650457256846,0.00463062273896088
88.84277343749999,0.0045554887167396346,0.0025846511610330396
88.857421875,0.007244930925496125,0.0035260895225649545
88.8720703125,0.009134273000562257,0.003078490364382552
88.88671874999999,0.007532840663457662,0.0012139167333460466
88.9013671875,0.0033036990707306048,0.0015325239237003344
88.916015625,0.0005658894266623095,0.0019384069270114582
88.93066406249999,0.002164229624197875,0.0013725897011526342
88.9453125,0.003052861815024354,0.0016150016786838199
88.9599609375,0.0031460553597261877,0.0031605000710718816
88.97460937499999,0.00226455362402105,0.003817132934558484
88.9892578125,0.005449715238264939,0.0031556312414846533
89.00390625,0.009204495274053346,0.0035752638138509276
89.01855468749999,0.009850692438155903,0.0044960930205995685
89.033203125,0.008824784469030419,0.0035771890313233573
89.0478515625,0.009447268240810628,0.002347634611904896
89.06249999999999,0.007660591109132773,0.0031196893305990682
89.0771484375,0.0029742762628611145,0.00261264502378595
89.091796875,0.006548215432940589,0.001079098128477176
89.10644531249999,0.011020998891992914,0.0022695916949240845
89.12109375,0.012299396649861545,0.0030760116678315015
89.1357421875,0.010094020243158247,0.0018899856404068214
89.15039062499999,0.008578665399908078,0.003149789151645679
89.1650390625,0.010016622299831354,0.005004570165081346
89.1796875,0.00850972096859194,0.003807852171165156
89.19433593749999,0.00473498813274359,0.004153359334283916
89.208984375,0.002434059807224175,0.0064450158301388805
89.2236328125,0.0019146945895657027,0.0055427925641493925
89.23828124999999,0.004558592641770573,0.004353000085140597
89.2529296875,0.007148934371660059,0.005941598911039153
89.267578125,0.006692717007053654,0.0060858308558205815
89.28222656249999,0.0035525999114143503,0.00450280580451852
89.296875,0.0065073368321993934,0.004104908924606016
89.3115234375,0.008892778593411714,0.005166356758739386
89.32617187499999,0.0063237211524108244,0.005460819274435262
89.3408203125,0.0031636725569387236,0.004383505886240908
89.35546875,0.006309184651001251,0.0036021129523257645
89.37011718749999,0.007744185218299964,0.004643967784252926
89.384765625,0.0060000851347997595,0.004520817715301232
89.3994140625,0.0021459384902073764,0.002233738388341988
89.41406249999999,0.002307551290101511,0.0021899386011472594
89.4287109375,0.005198742895788288,0.0030491116959071893
89.443359375,0.005876165899171532,0.000831902455763015
89.45800781249999,0.005461107718751756,0.002033182965407405
89.47265625,0.0036422392047015997,0.002394316061941155
89.4873046875,0.0015474709571594622,0.0008235329581048378
89.50195312499999,0.0017665647731462655,0.00200198737907013
89.5166015625,0.0033141186327726043,0.0030674034254498813
89.53125,0.005687735372935708,0.002711969008378729
89.54589843749999,0.006578373152113903,0.00185936765716918
89.560546875,0.004801960742279814,0.0021464873033057255
89.5751953125,0.0029364331792708356,0.0020941882688335616
89.58984374999999,0.0017000397728517576,0.00149300220156583
89.6044921875,0.0019605644188283684,0.0008956613196473222
89.619140625,0.002745262577547326,0.001084874476557604
89.63378906249999,0.0013787745642617035,0.0023745218023718618
89.6484375,0.002475198561890954,0.0017077448062472011
89.6630859375,0.00652277583826391,0.0025562319374128973
89.67773437499999,0.00771051687835522,0.004354879589039072
89.6923828125,0.006016095775133859,0.0031223161755250537
89.70703125,0.005813076875749237,0.0025401457687177706
89.72167968749999,0.006824590190724524,0.0041592470626547985
89.736328125,0.0060241778899691335,0.0040704282598399266
89.7509765625,0.003177249451608943,0.002155093360793677
89.76562499999999,0.002855373782051276,0.003611263854352885
89.7802734375,0.004062356713981532,0.005021220010024032
89.794921875,0.0029151516082267905,0.002495047576158361
89.80957031249999,0.0014943441616278707,0.0028421697624425413
89.82421875,0.0015367119257406437,0.0044285713592940165
89.8388671875,0.003305870544409187,0.002607952512565292
89.85351562499999,0.0055138584055266305,0.002898270971369486
89.8681640625,0.005445058390985513,0.005272913949734103
89.8828125,0.0023896876350004265,0.004263819603466954
89.89746093749999,0.0019427610202381953,0.0027579072822800314
89.912109375,0.003972843427374088,0.004287073758384449
89.9267578125,0.005220293468564944,0.004600273612739297
89.94140624999999,0.006785942657236806,0.0034224927594222665
89.9560546875,0.007646070172843639,0.0032747622343949896
89.970703125,0.007264017538199817,0.004001513367481441
89.98535156249999,0.006590936565749044,0.0032134072236853265
90.0,0.006049484178151396,0.0018762839960429715
90.01464843749999,0.005196906796494499,0.0020598275820477457
90.02929687499999,0.003752169626022446,0.0021394944586906853
90.0439453125,0.0024094340211199576,0.00174338034528808
90.05859374999999,0.0054804757932488245,0.0021139244384128213
90.07324218749999,0.00750467956365104,0.003177052630566884
90.087890625,0.0070658885120632306,0.0036265991932954555
90.10253906249999,0.006746739803818027,0.0030738342631944
90.11718749999999,0.007655228854765796,0.0032587386744705516
90.1318359375,0.007815457688843237,0.004664280636599806
90.14648437499999,0.00590609234844571,0.005013575849475874
90.16113281249999,0.004899227709614183,0.004082662657476587
90.17578125,0.006949774431589128,0.004953493754893164
90.19042968749999,0.007208124640777521,0.004773956408414335
90.20507812499999,0.003413822771400868,0.0024555056960231746
90.2197265625,0.002560852934956727,0.002458420757900163
90.23437499999999,0.004453576183883501,0.002801943017925219
90.24902343749999,0.0026553196664397703,0.001441484495883935
90.263671875,0.001716172831571872,0.0012516969365446223
90.27832031249999,0.002705755958885482,0.0024372686699844215
90.29296874999999,0.002235746200958634,0.002008130296601036
90.3076171875,0.0028942748122055884,0.0009920612085241893
90.32226562499999,0.003909510920785537,0.0023955853447067423
90.33691406249999,0.0023789499504707806,0.002522884560273185
90.3515625,0.0014590291445419107,0.0011591332264057586
90.36621093749999,0.003616770881177654,0.0023846591476681914
90.38085937499999,0.004306917085249417,0.0028962857337550864
90.3955078125,0.002518789313713921,0.0018065405153506891
90.41015624999999,0.001756064557209882,0.002592202385526968
90.42480468749999,0.0015724940636548674,0.003271457193310327
90.439453125,0.0012483882746656325,0.002761897174821056
90.45410156249999,0.004249687698437767,0.003153683893089861
90.46874999999999,0.0060430970181586455,0.003530986467243234
90.4833984375,0.004671797457092665,0.00301965424737566
90.49804687499999,0.0035149757204513362,0.0032001117383317944
90.51269531249999,0.005701500629167688,0.0027190734509062835
90.52734375,0.005067105495498031,0.0014345513196193033
90.54199218749999,0.003467587426157773,0.0017061529054459592
90.55664062499999,0.0029786554262345726,0.0017357512875873738
90.5712890625,0.0020473829693089065,0.0011164089305945647
90.58593749999999,0.0017434780742588134,0.00047973365498355506
90.60058593749999,0.00280595596604189,0.0004290701642407741
90.615234375,0.004897584488591119,0.0005485443369308101
90.62988281249999,0.00632958478078696,0.0015395464299090568
90.64453124999999,0.0052841808334109985,0.002380818817052479
90.6591796875,0.003838313862385672,0.001877402325686685
90.67382812499999,0.005866610013041186,0.002069787959183412
90.68847656249999,0.006324870629071342,0.0030418408756183826
90.703125,0.005463120239952962,0.002823268316506568
90.71777343749999,0.006291714191526407,0.0016473757906101377
90.73242187499999,0.0069309068944556195,0.0015350048031492203
90.7470703125,0.005582169426303308,0.0026344131262420727
90.76171874999999,0.003738016261315488,0.0027507624329858983
90.77636718749999,0.005257563295933475,0.0013991893708264005
90.791015625,0.00719431058056633,0.0017677471778627172
90.80566406249999,0.006520490176112289,0.002140053774285758
90.82031249999999,0.0046140163389833885,0.0008023999711074894
90.8349609375,0.0068818387206732185,0.0009387149778532207
90.84960937499999,0.009895097726154493,0.0016478368382075075
90.86425781249999,0.010021525101576874,0.0008384196755452474
90.87890625,0.007032148771190989,0.0009770833892023662
90.89355468749999,0.005198257363101046,0.00203765243096332
90.90820312499999,0.006096703565186968,0.0012015613658199046
90.9228515625,0.004312637908698536,0.0014657570044708864
90.93749999999999,0.0008279197724041929,0.0026216396266204155
90.95214843749999,0.001311156503570448,0.0020617889769722056
90.966796875,0.0016693438781024727,0.0025550246675571696
90.98144531249999,0.004881884128392386,0.0035819979006480843
90.99609374999999,0.008930537069421745,0.003496666389600358
91.0107421875,0.01085111287121099,0.0035454604529138764
91.02539062499999,0.010495805144585984,0.003977313922984205
91.04003906249999,0.010123049579001606,0.004010147188732788
91.0546875,0.008256030435920948,0.0038141832229490425
91.06933593749999,0.0031839604524282997,0.0024641149355866332
91.08398437499999,0.0017639779174215893,0.0012984312150307992
91.0986328125,0.0037830126891734753,0.0015309263650209405
91.11328124999999,0.004526681368731319,0.0018320748842084232
91.12792968749999,0.004715105291190617,0.0010162960752806039
91.142578125,0.009981700676488806,0.0010215434725208397
91.15722656249999,0.011479686698810842,0.0015149337227153435
91.17187499999999,0.005508959303667426,0.00046223072517447564
91.1865234375,0.004758183913255262,0.0023058578277583316
91.20117187499999,0.009004455415712325,0.002133514566589719
91.21582031249999,0.008625963598208318,0.0007819375811255021
91.23046875,0.0047052008772134725,0.002553267357958554
91.24511718749999,0.001437622673359368,0.00287116799051389
91.25976562499999,0.003838667041377805,0.0011756580432121077
91.2744140625,0.0030654380777616376,0.0024641773622871323
91.28906249999999,0.002611776424363399,0.002668712232201648
91.30371093749999,0.0017338449977121972,0.0018216246439517847
91.318359375,0.002334526425949818,0.0028903140792059536
91.33300781249999,0.001745106787298225,0.0034171277246754475
91.34765624999999,0.0012303637882912616,0.0032325308394705933
91.3623046875,0.0044200671645190474,0.003376886138974672
91.37695312499999,0.0058011212715344184,0.004329854435503122
91.39160156249999,0.00476937637480937,0.004924172490014155
91.40625,0.003086825211607401,0.004403190180373377
91.42089843749999,0.00263092444680904,0.004028110602071392
91.43554687499999,0.0033269901489425342,0.004618250938985871
91.4501953125,0.0038072296197128263,0.0047907643351002656
91.46484374999999,0.0031341980456282923,0.0040421235572745354
91.47949218749999,0.0023056220009546853,0.0035096466522456706
91.494140625,0.00233843728834094,0.0032147224675489424
91.50878906249999,0.0026006850756858553,0.002707160714063218
91.52343749999999,0.0032835455658517523,0.002309795206086606
91.5380859375,0.004496617223801301,0.0022153407280813783
91.55273437499999,0.0037041664232622925,0.0028453282492346198
91.56738281249999,0.002600468530853216,0.0032537149385794464
91.58203125,0.003938468941959927,0.0025946470385369014
91.59667968749999,0.00307987017099908,0.0029084290673497917
91.61132812499999,0.0025271865180533826,0.0037744130140980004
91.6259765625,0.003378985325287289,0.003102664892160576
91.64062499999999,0.0036403537646844276,0.0021202962829164895
91.65527343749999,0.00308057883623573,0.003342266319742507
91.669921875,0.002293757484732513,0.0034908812988260133
91.68457031249999,0.0024680175104484807,0.0015137158657130042
91.69921874999999,0.0030623596844849338,0.0013819133037083885
91.7138671875,0.002602667528702825,0.0015146390944653504
91.72851562499999,0.00034156067588179484,0.0010021735838599503
91.74316406249999,0.00292033704829338,0.0016347492419714826
91.7578125,0.004773759603601406,0.0009175521842346179
91.77246093749999,0.0033028957429593266,0.0004716259407985095
91.78710937499999,0.0014991148389738838,0.001347721280288979
91.8017578125,0.004982070762664385,0.0017605332100862547
91.81640624999999,0.0059187666504336425,0.0017102774434287467
91.83105468749999,0.004901278730814581,0.0011852726036496286
91.845703125,0.005219588643878227,0.002161409184919857
91.86035156249999,0.006152826864166055,0.0029761584773234815
91.87499999999999,0.004949572224514256,0.0023970001262301702
91.8896484375,0.004569893906946516,0.0017285398196059752
91.90429687499999,0.008409732541613792,0.0018825322232127802
91.91894531249999,0.010105247187409553,0.001421868622011771
91.93359375,0.007201651571393848,0.0003952167923290912
91.94824218749999,0.0011944994482510987,0.000774914813436794
91.96289062499999,0.004490083555673298,0.001337516044409112
91.9775390625,0.006280569552267947,0.001322032069832363
91.99218749999999,0.005051970380982234,0.002456495139741826
92.00683593749999,0.004205482511506793,0.0033647872110529452
92.021484375,0.004757696472581097,0.002979066074070461
92.03613281249999,0.005053982834437886,0.0028216950029669612
92.05078124999999,0.006666853304861663,0.0032727539464858036
92.0654296875,0.008187498027952659,0.0031734592298276287
92.08007812499999,0.0065528746482577645,0.002464882943626284
92.09472656249999,0.0015146256482937626,0.003025336763264283
92.109375,0.0035808015440996544,0.004030340885164925
92.12402343749999,0.004625361246502682,0.0032665999892611793
92.13867187499999,0.0023650915338346737,0.0025341234866554044
92.1533203125,0.004915424426077646,0.003783031657425621
92.16796874999999,0.006519612703784981,0.004006005998593168
92.18261718749999,0.004209562599473034,0.0026745586014576277
92.197265625,0.005075458250848697,0.0029368619366887715
92.21191406249999,0.005793059536419999,0.0038482954820433213
92.22656249999999,0.0026561274313267706,0.0026571189545368155
92.2412109375,0.00275271065417072,0.0013386241239668572
92.25585937499999,0.003238911612443825,0.001989401270295396
92.27050781249999,0.0030738994243320133,0.001323017718465116
92.28515625,0.003303714162115277,4.906238352614118e-05
92.29980468749999,0.00048270956528871043,0.0008199479538931808
92.31445312499999,0.0038841512296976213,0.000996580020747893
92.3291015625,0.0047175253490849365,0.0005647313177460172
92.34374999999999,0.0026019202112459437,0.0014785986160090476
92.35839843749999,0.0008429091482034093,0.002462451543040357
92.373046875,0.0013451637760737852,0.0016483579181498368
92.38769531249999,0.0014019378975314294,0.0016981217907231583
92.40234374999999,0.0014938365638681255,0.0023182425807397496
92.4169921875,0.001716686665287506,0.0012942689626362323
92.43164062499999,0.0012928192601466587,0.0014725479775034491
92.44628906249999,0.0032120297479035853,0.002088139882631356
92.4609375,0.005457035746950775,0.0015976314241350968
92.47558593749999,0.005799747315077487,0.001965927037257912
92.49023437499999,0.004054830080748743,0.0023382535815600976
92.5048828125,0.0015529564707148901,0.001962725508502006
92.51953124999999,0.001546892438547032,0.002129470563759548
92.53417968749999,0.002791411620416948,0.002266168476194866
92.548828125,0.0035775423519504427,0.0018289417816890992
92.56347656249999,0.0019303360056162101,0.0022871640697329216
92.57812499999999,0.0014406123482009275,0.003556244240786834
92.5927734375,0.003135998547757598,0.0034271284194863066
92.60742187499999,0.0013508229652186476,0.0030205495973966035
92.62207031249999,0.0031317905594988493,0.003666719626584395
92.63671875,0.0029661650634951373,0.0028499109935186213
92.65136718749999,0.0020069954088749206,0.0016342042763151455
92.66601562499999,0.0038886089977094736,0.002258944194132554
92.6806640625,0.002622011511044757,0.0018299242191532259
92.69531249999999,0.002141417450301299,0.0014538193379672799
92.70996093749999,0.0025484866494774492,0.002722564422225502
92.724609375,0.003671850758470961,0.0027827331750487965
92.73925781249999,0.003418634566373328,0.0023325797317026334
92.75390624999999,0.00138540802451161,0.003122436390213557
92.7685546875,0.00046347509762991785,0.002624287642885877
92.78320312499999,0.0023290691463003737,0.0012230235842403696
92.79785156249999,0.003811762626515597,0.0010156713795089758
92.8125,0.004162634490795008,0.0004963657278571489
92.82714843749999,0.003930003911887238,0.00018242569291059268
92.84179687499999,0.0037434622762185952,0.0005022222307199903
92.8564453125,0.004665864009437323,0.0015244197170554967
92.87109374999999,0.005302803511371635,0.0017568034193094044
92.88574218749999,0.004814354327809951,0.0019178472188791575
92.900390625,0.004794766135691983,0.002302136360624181
92.91503906249999,0.005660203004233976,0.0019569004689238205
92.92968749999999,0.005749606319008867,0.0018073466662245862
92.9443359375,0.003461155552863111,0.002429537635388981
92.95898437499999,0.0003365622156923985,0.0026116146407507163
92.97363281249999,0.002108886117920551,0.00211473258468685
92.98828125,0.001814415285349156,0.0016674953535908564
93.00292968749999,0.0018701500800914596,0.0008344241306249983
93.01757812499999,0.0037913051719569786,0.0018180739820931287
93.0322265625,0.004676552018024153,0.0029363495513724243
93.04687499999999,0.0028682451915279733,0.0034301790122887033
93.06152343749999,0.0023889062735383123,0.00449725673139965
93.076171875,0.0034236451993466368,0.005012996178945288
93.09082031249999,0.005248283186770087,0.00419245939749633
93.10546874999999,0.007999581900595392,0.004228128639496659
93.1201171875,0.0071198949067201155,0.005396438779199695
93.13476562499999,0.004181483157777931,0.0055995906998433
93.14941406249999,0.00394011487147041,0.005097719254429621
93.1640625,0.006918369234811277,0.00545653227580587
93.17871093749999,0.0060833176814695765,0.004953339739997604
93.19335937499999,0.004759040879317471,0.0032937529211183305
93.2080078125,0.005736527742761025,0.0023407112833739845
93.22265624999999,0.004587076953372256,0.001962139959000514
93.23730468749999,0.002450296102595398,0.000984502248882199
93.251953125,0.002469677355112848,0.00016455125356099162
93.26660156249999,0.0008780253339569157,0.0007285390279743127
93.28124999999999,0.0022275153450450995,0.0011461321853138229
93.2958984375,0.0036459506010609022,0.0018552780646774332
93.31054687499999,0.002516965146163978,0.002145929795654135
93.32519531249999,0.002434253227624515,0.002007576009527996
93.33984375,0.0038120813774264383,0.001694580128065033
93.35449218749999,0.002975525482506122,0.0018672171709825083
93.36914062499999,0.0023221562193493765,0.002428426907808954
93.3837890625,0.0032847896008163426,0.00245320416323564
93.39843749999999,0.004676213379236558,0.0025215625194207995
93.41308593749999,0.005739806075017348,0.0024578705155976453
93.427734375,0.005504989801674988,0.0018795489196282863
93.44238281249999,0.004473449183101787,0.0024157243023715078
93.45703124999999,0.0036789982855469612,0.00223126310512335
93.4716796875,0.003395214218211684,0.0020924848245636777
93.48632812499999,0.002972221438208473,0.0031465708270737454
93.50097656249999,0.0021665913292180056,0.0031732221770118356
93.515625,0.005373122500561563,0.002773630211404025
93.53027343749999,0.007220070804332025,0.003769230882220988
93.54492187499999,0.007802995732377306,0.0034457482523021915
93.5595703125,0.009335137764269483,0.002125174974565886
93.57421874999999,0.009670169640978712,0.0023473218890678422
93.58886718749999,0.008484147325768021,0.0023689128361154975
93.603515625,0.00551993511780314,0.0018238797453399038
93.61816406249999,0.001980919350112883,0.0019542703062182492
93.63281249999999,0.002489263401341375,0.002821423813014157
93.6474609375,0.0020554385298059306,0.0031811251679118094
93.66210937499999,0.0036361308393776685,0.0030221788109020477
93.67675781249999,0.003356043973167972,0.003651820412613504
93.69140625,0.0022115693300029057,0.004804815267683018
93.70605468749999,0.004395165059450679,0.004789215870192132
93.72070312499999,0.005447442025721272,0.004780851939161008
93.7353515625,0.004568753576792244,0.005750742915841248
93.74999999999999,0.002915973339084608,0.004959852618596841
93.76464843749999,0.002973882407556225,0.003656126826434765
93.779296875,0.0035074031727419003,0.003931737575267675
93.79394531249999,0.0019122997554831356,0.0035091033313833088
93.80859374999999,0.0013266166736684945,0.0027645441816136775
93.8232421875,0.004518094288812492,0.0035340477350178094
93.83789062499999,0.006573238843672694,0.004134116348548794
93.85253906249999,0.007598255350335912,0.004074232425990488
93.8671875,0.007658100862280752,0.004286289662163172
93.88183593749999,0.006033859997855582,0.003879919748365972
93.89648437499999,0.004333847686764785,0.0033937721313573232
93.9111328125,0.0034101978892524037,0.002727870675930829
93.92578124999999,0.0011597653044731408,0.00191599262869678
93.94042968749999,0.002156926004998043,0.0019613189524372962
93.955078125,0.004619898956043248,0.002409856514710853
93.96972656249999,0.005130466980206849,0.0018169161150561734
93.98437499999999,0.003241229994745822,0.0006293982283877004
93.9990234375,0.002440044117831335,0.0001125705402705362
94.01367187499999,0.004290477115500106,0.0007426216584634431
94.02832031249999,0.005623796363058693,0.0019275596243338554
94.04296875,0.004796828703345342,0.0025032050949764535
94.05761718749999,0.0019950566877371015,0.0023848863114662657
94.07226562499999,0.004785148485961992,0.002539590409857963
94.0869140625,0.007400927440017878,0.002710221761535707
94.10156249999999,0.0077601015408393075,0.0021430346872646625
94.11621093749999,0.007553749485596346,0.001064043105920714
94.130859375,0.0070884347261111,0.0008733949972994459
94.14550781249999,0.005042776332440218,0.0010215819226852014
94.16015624999999,0.001957342126273444,0.0005535803562441534
94.1748046875,0.0030129983695092394,0.0020419253268035313
94.18945312499999,0.0045815763943808496,0.0034265180903547137
94.20410156249999,0.003916202240617768,0.003715453251668635
94.21875,0.0026948858245574485,0.00465652155412511
94.23339843749999,0.0018952469144020959,0.005693158358210421
94.24804687499999,0.0022975598644699056,0.005840648163138369
94.2626953125,0.0071260096251391965,0.005581120183033653
94.27734374999999,0.010521135734038558,0.005892064842213095
94.29199218749999,0.010950071543675197,0.006190829510955098
94.306640625,0.009858471351688306,0.005512285705828388
94.32128906249999,0.008754039142564087,0.004877253987000477
94.33593749999999,0.006371283550082016,0.0052486453305989385
94.3505859375,0.002480329943721328,0.004636809553509895
94.36523437499999,0.004344393468240987,0.002862492658505622
94.37988281249999,0.005452720870776716,0.002245685071964554
94.39453125,0.0037359395978475343,0.0018810814492249176
94.40917968749999,0.003931799919119519,0.00043959638301074427
94.42382812499999,0.006703034439359739,0.0012515284219671854
94.4384765625,0.005841238249225343,0.0013752384594758352
94.45312499999999,0.002790543821514113,0.0018588838126766183
94.46777343749999,0.004055770111046249,0.0034394755359226
94.482421875,0.0024611457901036063,0.0033165091711713306
94.49707031249999,0.004138333535363569,0.0031693554568515705
94.51171874999999,0.008871904453312133,0.004435672448722552
94.5263671875,0.005958729171181166,0.003230571538202366
94.54101562499999,0.0015599513483608289,0.001357593919624667
94.55566406249999,0.003717648534580966,0.0014902196025090228
94.5703125,0.0016364028890391241,0.00047112604479156134
94.58496093749999,0.0017019638705545843,0.002187230254918401
94.59960937499999,0.0013909881501910214,0.002339646465860538
94.6142578125,0.003527130990001164,0.0017813563715589353
94.62890624999999,0.005440948646611296,0.0026794414485175086
94.64355468749999,0.004804147544845562,0.003172710030242822
94.658203125,0.003159477770541063,0.002754629948653691
94.67285156249999,0.0026640264165779413,0.002476100302206928
94.68749999999999,0.002820552555485919,0.0034162776937502726
94.7021484375,0.002889028667516057,0.004428443388037295
94.71679687499999,0.003689960867658338,0.003974459665366955
94.73144531249999,0.0038308846752528004,0.0027051027870557396
94.74609375,0.004176168174372383,0.003025585376519148
94.76074218749999,0.00561180884068341,0.0022392445204440364
94.77539062499999,0.005014350180962744,0.0004965194748632786
94.7900390625,0.0032092901345903754,0.0022463936751616173
94.80468749999999,0.003651826461764063,0.0020660764162185813
94.81933593749999,0.0036196728412071066,0.001918827396302981
94.833984375,0.0031097307998333113,0.004101285104224476
94.84863281249999,0.0018513901398707277,0.0043283832504512725
94.86328124999999,0.00224205132439576,0.003774026654853088
94.8779296875,0.00429906031629967,0.004720305170276946
94.89257812499999,0.0034205236261516266,0.004176027787771431
94.90722656249999,0.0005168858032980902,0.0028467626914669966
94.921875,0.002068978357164602,0.002927804846031772
94.93652343749999,0.0037690054715836326,0.002845948180287293
94.95117187499999,0.005765609102150043,0.0019894655856520084
94.9658203125,0.006255805506770604,0.0026130672785782735
94.98046874999999,0.0035116913914788844,0.0024836506816801702
94.99511718749999,0.0011900210808909115,0.0013577759290637444
95.009765625,0.0014653410273522682,0.003241557767259471
95.02441406249999,0.0012702631184720026,0.0023270567764323733
95.03906249999999,0.0037726293938736806,0.0027725409625448277
95.0537109375,0.004660334082876826,0.0041513892946410365
95.06835937499999,0.006042233164657921,0.002773611185702295
95.08300781249999,0.006834862260346074,0.001847705516552978
95.09765625,0.00542266622990907,0.0034934417215606497
95.11230468749999,0.0028104859885633993,0.0032753731116664606
95.12695312499999,0.0018536788780823279,0.0015008034781804366
95.1416015625,0.0028881623948236864,0.002690989065275865
95.15624999999999,0.005074029524704755,0.003063228003210112
95.17089843749999,0.00771482545570658,0.0014665998278247656
95.185546875,0.009082683251627614,0.002779120328054197
95.20019531249999,0.00834569912959949,0.003053123556798932
95.21484374999999,0.006711003423914885,0.0019981977860309263
95.2294921875,0.007014377448222383,0.0025874770810263557
95.24414062499999,0.007661867688333506,0.0029328687080842257
95.25878906249999,0.006091770841727299,0.0022224786304417222
95.2734375,0.0031036228794614554,0.0017061355448108428
95.28808593749999,0.0029903024618239903,0.002310838697494814
95.30273437499999,0.0035328371840528954,0.0020679385045516193
95.3173828125,0.0016911277865595984,0.0007770494392111596
95.33203124999999,0.004189197388083967,0.0008406105001920139
95.34667968749999,0.0060376493397712476,0.0008334713572000275
95.361328125,0.005169582196149539,0.0002986341453422407
95.37597656249999,0.0035973263719363715,0.001403742064285504
95.39062499999999,0.0005758014016054686,0.001691509742949749
95.4052734375,0.004343118067379863,0.001529961438472577
95.41992187499999,0.0077367724270280686,0.002322468900869213
95.43457031249999,0.007700912905166911,0.0030349930902441933
95.44921875,0.0059639303981473095,0.003091209856667545
95.46386718749999,0.005067520425445782,0.003133912396766142
95.47851562499999,0.004067179800316914,0.0031836739624520392
95.4931640625,0.0011349922347119873,0.0032931790152229802
95.50781249999999,0.004000761507375986,0.0031412835840084414
95.52246093749999,0.0060909025642962595,0.0024691064487854567
95.537109375,0.004170820791218654,0.002076887583500553
95.55175781249999,0.0038267489998335493,0.001460218653370934
95.56640624999999,0.005254897200968836,0.0013506633246786629
95.5810546875,0.005554889813548137,0.0016508388163694245
95.59570312499999,0.005863950015506007,0.0026085748913982575
95.61035156249999,0.0037696447260885542,0.0029359235137325903
95.625,0.0019847384989889814,0.0022718967235609536
95.63964843749999,0.0020834257289184576,0.0021373362959270733
95.65429687499999,0.003831939963201722,0.0022324611730386115
95.6689453125,0.004253624566109384,0.001931260258889078
95.68359374999999,0.003247822867467436,0.0017324178457687573
95.69824218749999,0.003251470254086881,0.001987779941836638
95.712890625,0.0016706167354566465,0.0019872593007898066
95.72753906249999,0.004481294807092664,0.0017770483809707968
95.74218749999999,0.007047895894679761,0.0019303117166407158
95.7568359375,0.006864310350884377,0.002068595676090711
95.77148437499999,0.004921221694192671,0.002261214056031428
95.78613281249999,0.0018353875043836353,0.0026685102569128398
95.80078125,0.0018917586165530568,0.0030734008289013456
95.81542968749999,0.003396376472310233,0.0034002338943382522
95.83007812499999,0.004096065416969399,0.0037297367805203827
95.8447265625,0.0041574400822770525,0.0039704839206461855
95.85937499999999,0.0037313361833478057,0.003931351193779726
95.87402343749999,0.004673906154311435,0.003960630857041165
95.888671875,0.005747211344953124,0.004034258136595315
95.90332031249999,0.004836230167684973,0.003257558780786574
95.91796874999999,0.0024749215439972285,0.002504811297281614
95.9326171875,0.00224918150232931,0.0027538322156952007
95.94726562499999,0.002623444463908825,0.0019605812307896464
95.96191406249999,0.0017445155213007778,0.0011793954664239754
95.9765625,0.002306200975427081,0.002307570811450399
95.99121093749999,0.0061021879904679145,0.0018400253415466485
96.005859375,0.009741889627447682,0.0016884943520053797
96.0205078125,0.009972834526584443,0.003430389866295962
96.03515624999997,0.006970784029396482,0.0031196269876923566
96.0498046875,0.0032179782507260257,0.0023181204255792436
96.064453125,0.004285961628004794,0.0031694974021838187
96.07910156249997,0.006557499531034361,0.002119458437317216
96.09375,0.0070375272009898845,0.0005544761260976877
96.1083984375,0.005697843754292187,0.000881515200978222
96.12304687499997,0.0034716913316347802,0.0003516529902225639
96.1376953125,0.004400777475570398,0.00046177634800788564
96.15234375,0.005922941019228167,0.001029241627050989
96.16699218749997,0.005757840153123544,0.001419031543539084
96.181640625,0.005395613088975601,0.00166066576053062
96.1962890625,0.005105597319056131,0.002428079098336011
96.21093749999997,0.004458810166391246,0.0036206128584847196
96.2255859375,0.006137925525173959,0.0037389156661475037
96.240234375,0.00870485872684496,0.003203584986834621
96.25488281249997,0.008640679527835532,0.0033942151449157386
96.26953125,0.0062101883018105585,0.003452546084177215
96.2841796875,0.0034818066575914106,0.0030473613887464267
96.29882812499997,0.002681169131179808,0.0032034395733878296
96.3134765625,0.0034326778012169486,0.002748100269623695
96.328125,0.0045541860572002974,0.0010687031846169652
96.34277343749997,0.0046348829288108,0.00046573235615407916
96.357421875,0.004353622050721255,0.001331584776429457
96.3720703125,0.004452068912629119,0.0027694442712745183
96.38671874999997,0.0020304703392251444,0.0020615282280581713
96.4013671875,0.0037258071332870388,0.002490249441029918
96.416015625,0.0054726546177650435,0.0031960891469978623
96.43066406249997,0.004447042346911764,0.0023362169782077647
96.4453125,0.004261373103010017,0.0015697458968797948
96.4599609375,0.0060461982603363445,0.002781436804962237
96.47460937499997,0.007863870334435412,0.002944507830769582
96.4892578125,0.00817641919881582,0.0018979297007445624
96.50390625,0.007794854246665364,0.0021824976966087024
96.51855468749997,0.006987773429849511,0.0028984292304796654
96.533203125,0.0029434312587076454,0.0022456808474627873
96.5478515625,0.0016986386686033614,0.00238046006356937
96.56249999999997,0.002271485917953028,0.0024220513800742973
96.5771484375,0.0014752847537855124,0.001205235572372467
96.591796875,0.005557243982805427,0.002481995242578767
96.60644531249997,0.006134994171363717,0.0020115948964925297
96.62109375,0.0034589830550474433,0.001687407687411611
96.6357421875,0.000985924245315633,0.003442046100242041
96.65039062499997,0.0013062034405300653,0.00279003348786114
96.6650390625,0.004162738771441019,0.001691411751515815
96.6796875,0.00633309284800339,0.003707940779505357
96.69433593749997,0.005524589818086037,0.003749556158264486
96.708984375,0.0034478482798034004,0.0015853605045354356
96.7236328125,0.004127724802521401,0.0020163885483172037
96.73828124999997,0.004099535823881699,0.002505193312072534
96.7529296875,0.004211945065395249,0.0019727813528277794
96.767578125,0.004530220874992295,0.0007538320231086826
96.78222656249997,0.004480319099473002,0.0012165503552393122
96.796875,0.003403909989444108,0.001820729184615002
96.8115234375,0.0017540130065060954,0.0015737149604670255
96.82617187499997,0.002761390436059828,0.0011371894034191141
96.8408203125,0.0036732371771131516,0.0011159769617647968
96.85546875,0.00434267932812571,0.001544612742707708
96.87011718749997,0.006540928774901444,0.0021501152982488798
96.884765625,0.009274140320520314,0.002181687812762405
96.8994140625,0.009713947588921888,0.0016800317702869222
96.91406249999997,0.00825015622979966,0.002009427419163282
96.9287109375,0.007592487044711778,0.0034891169114788655
96.943359375,0.008415369156807784,0.003986853985418286
96.95800781249997,0.006799846482714449,0.003274076082637072
96.97265625,0.0017884615374767496,0.0038067548371507765
96.9873046875,0.0034233316822771588,0.0045079833457985705
97.00195312499997,0.005881785554599775,0.003270995568934919
97.0166015625,0.006769837340990212,0.0022879175073047876
97.03125,0.007059719035128421,0.002806903937435898
97.04589843749997,0.005063950489407467,0.0016633111681122735
97.060546875,0.001933920932987921,0.0004901270565953864
97.0751953125,0.001425171584249791,0.001513183824252803
97.08984374999997,0.0027295395993617525,0.0010747566732518454
97.1044921875,0.005403081554014226,0.0016047775271521103
97.119140625,0.007347828526822026,0.002811421966432686
97.13378906249997,0.00682212340251819,0.0025257790423588345
97.1484375,0.005886698760592667,0.0012969123176678231
97.1630859375,0.00704938086189888,0.0023560424824002574
97.17773437499997,0.007245128039731318,0.0029513369274332445
97.1923828125,0.00519696309998959,0.0016430570855015204
97.20703125,0.002860327086239979,0.0003135528685341408
97.22167968749997,0.002449950003028732,0.0018965719032231628
97.236328125,0.002335733323768163,0.002660368396764381
97.2509765625,0.0021464599386184285,0.0014946528830727182
97.26562499999997,0.0023278421476127372,0.0009649284632393512
97.2802734375,0.0014921824360474084,0.0022867985579895223
97.294921875,0.003151045081294395,0.0012979259563150475
97.30957031249997,0.006225811984200444,0.0011974014186613984
97.32421875,0.006474714593256532,0.0019230897782574706
97.3388671875,0.0038031461954678393,0.0005955690338762824
97.35351562499997,0.0008999169874912208,0.0012038901931154112
97.3681640625,0.002367261128059535,0.0018845800605418726
97.3828125,0.00034618075528785523,0.0012941375213245511
97.39746093749997,0.0030684049361859454,0.0006326151427688841
97.412109375,0.0031411362169893914,0.0008443653859680228
97.4267578125,0.0009899302913937748,0.0005028556881638894
97.44140624999997,0.001934376216433735,0.0009370379207166813
97.4560546875,0.002001455031795339,0.001404067512554947
97.470703125,0.0030797959026218897,0.0012638191723297687
97.48535156249997,0.00581171011290935,0.0006549871939531547
97.5,0.006483550392826562,0.00027483704174698044
97.5146484375,0.00263968849041231,0.0013152997866700059
97.52929687499997,0.0018549754813411766,0.002464807932474078
97.5439453125,0.00208155995506577,0.0021523270574670995
97.55859375,0.0014448409711552903,0.002039056274971865
97.57324218749997,0.0039033119512701677,0.0023074260376345483
97.587890625,0.006152383686635031,0.002250314907135294
97.6025390625,0.005795116001172218,0.0021145736931447064
97.61718749999997,0.003467345219384236,0.0024634640830538865
97.6318359375,0.006640665014391019,0.003667661228357095
97.646484375,0.005136679192776835,0.003389600785843014
97.66113281249997,0.0013372780802029703,0.0021393148267581886
97.67578125,0.003899696433394908,0.0022451768540865846
97.6904296875,0.003731828659270997,0.0023439132435942546
97.70507812499997,0.004381796613461659,0.0009455474951661974
97.7197265625,0.008888583848159128,0.0023064326593998743
97.734375,0.008491351413349509,0.002785306599969743
97.74902343749997,0.0038799369769529912,0.0018880826332090762
97.763671875,0.00048311833651035126,0.0029581441776671494
97.7783203125,0.0009207406468719497,0.0035452096082198297
97.79296874999997,0.002392039821362949,0.003121471014144281
97.8076171875,0.005209530621104985,0.003319221873205555
97.822265625,0.007335235693232273,0.00422373775907722
97.83691406249997,0.006909781878206278,0.0037095643789547433
97.8515625,0.005147371639528702,0.0023731325934438865
97.8662109375,0.005296928137645969,0.002091648635291597
97.88085937499997,0.005834381504172286,0.0016352323240689064
97.8955078125,0.0049635280311651295,0.0008114837483998765
97.91015625,0.003929713147186283,0.000866933763740502
97.92480468749997,0.004077191329755797,0.0014043273371179808
97.939453125,0.002809495926241418,0.0016222269340420835
97.9541015625,0.0036414093172461755,0.0025869062446722026
97.96874999999997,0.006410754731737796,0.0027796824202954494
97.9833984375,0.009249962977913808,0.002848061080156566
97.998046875,0.011069728864338955,0.00393925044144528
98.01269531249997,0.007979910970822854,0.0034151494618259995
98.02734375,0.0025029581589242544,0.0025395439954791934
98.0419921875,0.005037786539863695,0.003973172415354436
98.05664062499997,0.005035101022547257,0.0034407621447626858
98.0712890625,0.0023487985148192714,0.0016073075411132155
98.0859375,0.005302569432915627,0.0031565932497660755
98.10058593749997,0.006904371130090636,0.0024913709304163743
98.115234375,0.004520115394129838,0.0019476217231688404
98.1298828125,0.00394708098855845,0.004052862550872288
98.14453124999997,0.007484002854678509,0.003922203647336424
98.1591796875,0.008516807794804132,0.003283298068892764
98.173828125,0.006827388571720706,0.004640338704420575
98.18847656249997,0.0054548286411754635,0.004893974666006113
98.203125,0.004774213013850699,0.0039526011165769296
98.2177734375,0.003837366018305722,0.0040646843187460875
98.23242187499997,0.00413881114302313,0.004456553122919802
98.2470703125,0.0031066712072326855,0.0038963085479286953
98.26171875,0.003874042974175282,0.0032234224521336544
98.27636718749997,0.006671689175461977,0.0026811409154874283
98.291015625,0.005743821205221451,0.0022529089291340658
98.3056640625,0.0024742349900501214,0.002052163467224805
98.32031249999997,0.005290805828722463,0.0013405271902551695
98.3349609375,0.008511653085108829,0.0012968024597290295
98.349609375,0.008150250084365464,0.0025090435315015722
98.36425781249997,0.005128730889512582,0.0022242460345025168
98.37890625,0.006166169695583281,0.0026782095008991828
98.3935546875,0.009243889825188392,0.003976630279892961
98.40820312499997,0.008313336171100345,0.0028911070071499434
98.4228515625,0.004021985614501397,0.0021438386609964654
98.4375,0.00120360031021471,0.002471559032079918
98.45214843749997,0.00380056693512657,0.0014794464132802155
98.466796875,0.004726540425828361,0.0003377319241819375
98.4814453125,0.0042574202657474905,0.000289373232976667
98.49609374999997,0.0035745823446254638,0.00043949812588491883
98.5107421875,0.006307804686673526,0.0008978456947427733
98.525390625,0.00888977904684296,0.0010367374396671766
98.54003906249997,0.008059037644010695,0.0010750842013279558
98.5546875,0.005491460186317727,0.0006844995407880917
98.5693359375,0.004488476191550939,0.0005399240752388386
98.58398437499997,0.0035759513770637,0.000786376284480535
98.5986328125,0.0016296101386467211,0.0022204289140574937
98.61328125,0.0013994135274945825,0.0030875410575410024
98.62792968749997,0.0016925677715903327,0.001973563218008238
98.642578125,0.00037010969066556237,0.0023950601427759548
98.6572265625,0.0032605358250472217,0.0027673691257928366
98.67187499999997,0.004695798621770826,0.0009176831016486171
98.6865234375,0.004778066452851934,0.000988501766826998
98.701171875,0.005213936754681576,0.0006644362865869228
98.71582031249997,0.004718777519032494,0.0013858033775111056
98.73046875,0.002463042035350456,0.002753348885782858
98.7451171875,0.0014665003234056347,0.002424524669021067
98.75976562499997,0.0034416136217570005,0.002144346475778897
98.7744140625,0.0043033088128198,0.0029101094113562777
98.7890625,0.0030751071497148656,0.0036303632598472762
98.80371093749997,0.001000310328966364,0.00401341766278505
98.818359375,0.0036489591873817297,0.004284303035961683
98.8330078125,0.004658398868127834,0.004462261274784944
98.84765624999997,0.005514119429057558,0.004503225918501037
98.8623046875,0.005669978772674348,0.004381466694005658
98.876953125,0.004610974122269917,0.00380815085012049
98.89160156249997,0.00456459727596427,0.0033377659499231847
98.90625,0.006233898143666102,0.003488104215311791
98.9208984375,0.006617628726269909,0.0026476744405020142
98.93554687499997,0.004458023521871015,0.0010389283308160238
98.9501953125,0.0018371453172902545,0.0005775984065370501
98.96484375,0.0006213672613466051,0.0005091054089645737
98.97949218749997,0.0005743623364222919,0.0010048325223532147
98.994140625,0.0020164081637672666,0.001076148060480723
99.0087890625,0.0038581024558598034,0.001195251988536982
99.02343749999997,0.004134354617174851,0.0014965925126013764
99.0380859375,0.005282711728751871,0.0020201384727118066
99.052734375,0.009313139533953704,0.0032451178240091
99.06738281249997,0.009897021904719661,0.0040422700854204265
99.08203125,0.0069690955999619,0.0037859313667441344
99.0966796875,0.007324012108874082,0.004189363254910708
99.11132812499997,0.007685607195893645,0.004421816405116054
99.1259765625,0.004058624577130419,0.003159316362441198
99.140625,0.001870944813880703,0.0023982468352769927
99.15527343749997,0.005501565330151119,0.002637019122846018
99.169921875,0.004807800542382229,0.0017964482155365452
99.1845703125,0.001072626255535244,0.00095958705387079
99.19921874999997,0.005506812296597389,0.0014193603001652585
99.2138671875,0.007662029505937059,0.0009565037802771813
99.228515625,0.0058721816106392655,0.001913210949737648
99.24316406249997,0.0028753353679227375,0.002376918687937666
99.2578125,0.0012361801168120576,0.0031130191994922095
99.2724609375,0.0013613834615651213,0.004143032228087011
99.28710937499997,0.0023217084025566248,0.003640675863344439
99.3017578125,0.004422360903166815,0.0040406627123695795
99.31640625,0.004911676158672655,0.004123836516650891
99.33105468749997,0.0036065746133944563,0.0026317619799891023
99.345703125,0.0019970718340524044,0.002407888583697802
99.3603515625,0.0013235824625736827,0.0027641508014414245
99.37499999999997,0.0015551676359010134,0.0019069460657680742
99.3896484375,0.0019130327390366009,0.0013148680885548575
99.404296875,0.0030723032300741435,0.0016268005161478045
99.41894531249997,0.004141616563503341,0.0006779591578062133
99.43359375,0.0033845584644466103,0.00056349798560994
99.4482421875,0.0016522039512918561,0.0005420227083754501
99.46289062499997,0.000903212484756638,0.00037889213931131783
99.4775390625,0.0025020017958341666,0.001014488608450802
99.4921875,0.004898049622065922,0.002260252603045282
99.50683593749997,0.005099363648111704,0.002232590962647919
99.521484375,0.003958905135876421,0.0028850016113285766
99.5361328125,0.004012822448560128,0.0032336891324989676
99.55078124999997,0.0036319936025779806,0.0019264147784036794
99.5654296875,0.0036957509068788067,0.0016995549566020502
99.580078125,0.0035206725164635224,0.0021321385004431596
99.59472656249997,0.0026151294173659425,0.0012775207799262636
99.609375,0.001201009466984759,0.0007354005257973597
99.6240234375,0.0009550077760136613,0.00176940602878774
99.63867187499997,0.002721717720485083,0.0009381438971600457
99.6533203125,0.005004882844556268,0.0020237112198933285
99.66796875,0.006104604321783323,0.0031104984966209785
99.68261718749997,0.00572998746036419,0.002236140304618499
99.697265625,0.0047437222714409675,0.0019964116930303428
99.7119140625,0.0031771994152645666,0.0031228880011741774
99.72656249999997,0.0016987000224050483,0.0029169613811849517
99.7412109375,0.001275533808165243,0.001695876521972752
99.755859375,0.001958762549654496,0.0018777042324360563
99.77050781249997,0.00349672853191702,0.0025937488992500515
99.78515625,0.004182121746424259,0.002073187470376225
99.7998046875,0.003678778476312313,0.0010789005818951551
99.81445312499997,0.002986736042441517,0.0017237651485087885
99.8291015625,0.0022891520037321422,0.0015505893975567325
99.84375,0.0029084070435461515,0.0023969114525694596
99.85839843749997,0.0027628134887002706,0.003795598630074772
99.873046875,0.002357335573165506,0.004574883251759715
99.8876953125,0.005977871173250624,0.005087311903030509
99.90234374999997,0.00782613280923865,0.00542223818279085
99.9169921875,0.0071058136588816245,0.006082144157657369
99.931640625,0.006802240407377114,0.006763504150140635
99.94628906249997,0.007574535872468399,0.006399093436360117
99.9609375,0.006672436168898831,0.005846127390782267
99.9755859375,0.0062435205666735,0.006252716197199567
99.99023437499997,0.00581042645572747,0.005662114404074946
100.0048828125,0.0030500953389441185,0.0039482065362438845
100.01953125,0.0019115474302116003,0.003908866114054055
100.03417968749997,0.005078223672428219,0.004408680187591751
100.048828125,0.005262579323615986,0.0029471982960316057
100.0634765625,0.0032665198102523733,0.0015112485822137297
100.07812499999997,0.0013565273042106824,0.0019917556356259312
100.0927734375,0.0008232804486989768,0.0009522260103064703
100.107421875,0.0013473564658624166,0.0009682918176922941
100.12207031249997,0.002786476844620107,0.0019775660033837035
100.13671875,0.004223798970424797,0.001594010957229825
100.1513671875,0.004028121391161984,0.001184233543113206
100.16601562499997,0.0025301444851087893,0.002270962686970692
100.1806640625,0.00318651362230471,0.0025500971338509506
100.1953125,0.00352139337576896,0.0014115912398059024
100.20996093749997,0.0031354492602426965,0.0015894472173098562
100.224609375,0.004566912269498467,0.002583331704808413
100.2392578125,0.005943644557419391,0.0016837118468678634
100.25390624999997,0.005704899075068178,0.0012119725929480218
100.2685546875,0.0045931020693747385,0.0025478747888367397
100.283203125,0.003871741763687514,0.0017533629309555304
100.29785156249997,0.0024984437551882135,0.0015234667966993764
100.3125,0.0012938959600808865,0.0023272869347835705
100.3271484375,0.0032155066960634906,0.0012878799676074386
100.34179687499997,0.0041641234253940165,0.0009697354899905662
100.3564453125,0.003960323283949093,0.0009226344302884449
100.37109375,0.0031411028568179415,0.0003565154538244936
100.38574218749997,0.001942751732726882,0.000512744265663611
100.400390625,0.0018564096035732511,0.0007773034356636215
100.4150390625,0.0038804782652038703,0.0010587794186335466
100.42968749999997,0.006612465928749359,0.002373758705918146
100.4443359375,0.007974983954616306,0.002479578006546015
100.458984375,0.008398289658164823,0.002264700848835252
100.47363281249997,0.010024751054919635,0.003819986699257018
100.48828125,0.010080017486212435,0.0037837664699806803
100.5029296875,0.00838971047098467,0.00250108415298017
100.51757812499997,0.007879121593840584,0.003707423691325565
100.5322265625,0.007823415585450097,0.00522526083445296
100.546875,0.006981826284951201,0.004510518609106983
100.56152343749997,0.00697701072649395,0.004001247497480733
100.576171875,0.00693575500869403,0.004975378353959769
100.5908203125,0.005050530334728059,0.004321858518993732
100.60546874999997,0.0027014131252367374,0.0027886598509225136
100.6201171875,0.0014999609857708194,0.002701758196598613
100.634765625,0.003251239808682686,0.0034396133294340024
100.64941406249997,0.005090190287005673,0.003006640731854489
100.6640625,0.0045530133580437785,0.0017410018919392098
100.6787109375,0.0035779512247673395,0.001956091340081101
100.69335937499997,0.0038614834515091527,0.0016133242416009664
100.7080078125,0.003862043963654111,0.00019576474643558648
100.72265625,0.005330220779417774,0.0011612145688891314
100.73730468749997,0.006710057023302043,0.001014548330667478
100.751953125,0.00539877099610376,0.0006241561066325145
100.7666015625,0.0015153844162109924,0.0005495510215595017
100.78124999999997,0.004429743898883707,0.0021457881211328104
100.7958984375,0.006483619712358175,0.0024556237233894856
100.810546875,0.006276602624588352,0.0018926544522109721
100.82519531249997,0.006537108856569033,0.0028758999628629074
100.83984375,0.005682768147395315,0.0033607150734475707
100.8544921875,0.0014615906197515851,0.0027928158862511
100.86914062499997,0.003989860871541537,0.002910993068324922
100.8837890625,0.00654481191543688,0.003204550719145291
100.8984375,0.005360354275597993,0.0024358759755000836
100.91308593749997,0.0038450543974448176,0.001650388984051314
100.927734375,0.004324915988977214,0.0020349034859792215
100.9423828125,0.004320917528433683,0.0017130778227953142
100.95703124999997,0.00218083284784021,0.0010027288977250443
100.9716796875,0.0008850927688669522,0.0023405715522219024
100.986328125,0.002655695866780307,0.002767634995101157
101.00097656249997,0.002732191249785782,0.00189091821553992
101.015625,0.0016286332998510442,0.0028474547660363417
101.0302734375,0.0005334168747506108,0.0028123800647908634
101.04492187499997,0.002667220015463856,0.0015155098544179727
101.0595703125,0.004576138158912526,0.0014752911105185434
101.07421875,0.0040913319951118975,0.0016064799732027541
101.08886718749997,0.0030436369894259008,0.0013082181461918098
101.103515625,0.0011061484713217654,0.0010764366010573036
101.1181640625,0.0035599276640563204,0.0010307205032112853
101.13281249999997,0.006048493099444827,0.0011482447798225272
101.1474609375,0.006960133603124494,0.001018191344740326
101.162109375,0.006351338339329411,0.0008859250953059219
101.17675781249997,0.004721096039017115,0.0021723218331496015
101.19140625,0.004419671804932061,0.0018049369520772255
101.2060546875,0.006691662793191015,0.0018692269948548897
101.22070312499997,0.009442688490560834,0.003121693438696853
101.2353515625,0.010138021778074836,0.0024291036535502276
101.25,0.008881218592607487,0.0015781159674469942
101.26464843749997,0.006368713492238824,0.002509686473639374
101.279296875,0.0039473585191824815,0.002508916489109335
101.2939453125,0.004301956127710589,0.0015900516027479732
101.30859374999997,0.00461043007139579,0.0016328642953393323
101.3232421875,0.0021368409585600825,0.002422706912712935
101.337890625,0.002497255686504079,0.001992173301579226
101.35253906249997,0.005506618491991238,0.0012056348916231305
101.3671875,0.0049224752027478514,0.001598010759750526
101.3818359375,0.0023805502086342964,0.001245385902344842
101.39648437499997,0.0037301088353844237,0.000813046162182615
101.4111328125,0.006138870947292609,0.0012719164701175492
101.42578125,0.008150002215428933,0.0011744835378340757
101.44042968749997,0.0075952269599752174,0.0013929923148904388
101.455078125,0.003607359888931272,0.0013735044610957794
101.4697265625,0.00035510518658164416,0.0012105955895106615
101.48437499999997,0.0010085175934234187,0.0014843712662454063
101.4990234375,0.0013296548466320932,0.0013368522095163781
101.513671875,0.004055788635455521,0.001330740917426425
101.52832031249997,0.004697819024953654,0.001582523056121348
101.54296875,0.0027924236334529407,0.0017304985620048986
101.5576171875,0.0010425800603275886,0.0019629815288621935
101.57226562499997,0.0033015634341679633,0.0022929220012585386
101.5869140625,0.006188412588185603,0.00284983863043291
101.6015625,0.007957963951227299,0.0031088211398597482
101.61621093749997,0.0075443410433993705,0.0031509966007539107
101.630859375,0.005999990679528491,0.0033848536559448745
101.6455078125,0.004369824738822692,0.0035287876977579463
101.66015624999997,0.0029497097914094428,0.0036735899786805274
101.6748046875,0.0010851463331500646,0.003991237306581319
101.689453125,0.0043019500087222474,0.004526040151730052
101.70410156249997,0.005620830999374751,0.004751898523223225
101.71875,0.0031196833197521248,0.004128663453178862
101.7333984375,0.0014007065887593597,0.0036858861287583713
101.74804687499997,0.001329320175829553,0.003429970867888259
101.7626953125,0.001337514091870209,0.00266336944025583
101.77734375,0.0025634903746880565,0.0023539178975825505
101.79199218749997,0.002010145509885241,0.0035322063158432448
101.806640625,0.005582829835200392,0.003667088349599108
101.8212890625,0.007003351233482977,0.0023427672893041518
101.83593749999997,0.003864318090689003,0.002735893336009242
101.8505859375,0.0018741776855961153,0.0019758312491313787
101.865234375,0.00455075471011972,0.00021975841626715992
101.87988281249997,0.006430433310430152,0.0009689646005485862
101.89453125,0.005668194774420753,0.00014999714262630437
101.9091796875,0.0033413416455043187,0.001817105915990459
101.92382812499997,0.0006593561310633883,0.0018457896866546071
101.9384765625,0.00456114525961686,0.001972186007850791
101.953125,0.006618860069198655,0.0029061176082730475
101.96777343749997,0.003512098734246231,0.0019879904938717935
101.982421875,0.0016897630748985164,0.0018512741155197047
101.9970703125,0.004752867598438254,0.0025126649627493286
102.01171874999997,0.005137456328093127,0.00171320869943074
102.0263671875,0.005081965306875597,0.001897437403023586
102.041015625,0.005477538876652882,0.0024241012691891117
102.05566406249997,0.005317337153612812,0.0014001390867684968
102.0703125,0.00521871102421265,0.0025898277002980945
102.0849609375,0.005587191254907049,0.0026413400709113
102.09960937499997,0.0042106289518007685,0.0022169934125255628
102.1142578125,0.0024786653791079314,0.0034410391593720506
102.12890625,0.0033830106084399405,0.0034890654792610614
102.14355468749997,0.0029957280463986263,0.002985943656021191
102.158203125,0.0024861256488826595,0.0036682303092195057
102.1728515625,0.00698055558637427,0.003630728852581429
102.18749999999997,0.010433832660844473,0.002580389414915999
102.2021484375,0.00991485506724008,0.0022425912721283606
102.216796875,0.006433639662180346,0.002292258224475143
102.23144531249997,0.005135025628637806,0.0018423991888741823
102.24609375,0.004727228979038848,0.0012593626753244014
102.2607421875,0.000936503760178557,0.001545130382639311
102.27539062499997,0.0031204555242907214,0.0011112462343504967
102.2900390625,0.0034194324494329783,0.0005848731222672144
102.3046875,0.0025887616093416164,0.0012757429726728707
102.31933593749997,0.0039488640749244285,0.0012869913509983106
102.333984375,0.005109981025006761,0.0016080297788798816
102.3486328125,0.00557456169950538,0.002661376119962396
102.36328124999997,0.005870757665717832,0.002737086070341376
102.3779296875,0.004768731071519133,0.002603815242448435
102.392578125,0.0028467371408683064,0.0028054221407932877
102.40722656249997,0.0028270662593359135,0.0024693688341102444
102.421875,0.003757367277974159,0.002480828765221297
102.4365234375,0.004141825576973556,0.0027886022426429993
102.45117187499997,0.004541358496340258,0.0024651605228173602
102.4658203125,0.004894839793929858,0.0027793809922159046
102.48046875,0.00550374994569571,0.0028193119820353516
102.49511718749997,0.0070748071495274475,0.0023940778773152032
102.509765625,0.006062731399974557,0.003035864450208758
102.5244140625,0.0014419186889901982,0.002600359023638649
102.53906249999997,0.0036264390439785317,0.0022198200146911476
102.5537109375,0.006483251365867152,0.002452172087480788
102.568359375,0.007499825522950613,0.002159710158976784
102.58300781249997,0.00743210105310654,0.0017366272380745743
102.59765625,0.006634763569653951,0.0022104153993365676
102.6123046875,0.005591381145465441,0.00262898018639492
102.62695312499997,0.00456691340208367,0.0016719925270681764
102.6416015625,0.004730254375875134,0.0014078799889579482
102.65625,0.006191426376708529,0.0021025471203740013
102.67089843749997,0.005827266920461737,0.0017988154536733001
102.685546875,0.0029941129290708703,0.0010847167827868509
102.7001953125,0.0017174578695778875,0.0025790950873619788
102.71484374999997,0.002740600573795162,0.0031911590271154785
102.7294921875,0.002109556459251232,0.0024029956048253883
102.744140625,0.0035104627376250004,0.0034128142047446766
102.75878906249997,0.004324102401820075,0.003443852245496543
102.7734375,0.002716436697373159,0.0022382994173134104
102.7880859375,0.0013620673359701664,0.0024500519589090797
102.80273437499997,0.0012957935961170528,0.0023748091187583567
102.8173828125,0.00039315642263402356,0.0016062852119254876
102.83203125,0.001727332219799048,0.0016005215776409587
102.84667968749997,0.004998284908274675,0.0026388045854366733
102.861328125,0.007607501719560413,0.003047289957252132
102.8759765625,0.006610771732052746,0.0029319457795745256
102.89062499999997,0.0012826871402430464,0.003614289215793457
102.9052734375,0.005051432195170253,0.0036835353751417427
102.919921875,0.007707059575215241,0.0032660775522292333
102.93457031249997,0.005188547751617855,0.003516336323104705
102.94921875,0.000971603316907229,0.003504669671001503
102.9638671875,0.004616622959074891,0.0033992866764563263
102.97851562499997,0.005122370743861368,0.0035065065512665293
102.9931640625,0.003302510668247402,0.0034782451284229806
103.0078125,0.003383554034921913,0.0037483164181059086
103.02246093749997,0.0035351048964038013,0.003545122834597122
103.037109375,0.001962031413733203,0.002697697084373308
103.0517578125,0.0026143718621125665,0.002354437355768122
103.06640624999997,0.003276014073821602,0.0018071168712201322
103.0810546875,0.002322661737998857,0.0011946971481668995
103.095703125,0.00119043043656688,0.0010056442859560997
103.11035156249997,0.000652195107379919,0.0020325524941469412
103.125,0.0019799087587062452,0.00209335155622857
103.1396484375,0.004170858514863602,0.0005981394703538617
103.15429687499997,0.005795304781944872,0.001440392220835885
103.1689453125,0.005668397430399855,0.0013569709124942812
103.18359375,0.004371773149726711,0.0006944576410947305
103.19824218749997,0.003770488904964187,0.0012482626026787185
103.212890625,0.005006667924073795,0.001031873204960109
103.2275390625,0.007999064149436536,0.0007109186030271431
103.24218749999997,0.010516605410314017,0.0021689742992160484
103.2568359375,0.010148448201497656,0.0019232164025419379
103.271484375,0.008494487845168276,0.0008490515123337067
103.28613281249997,0.008626763342481093,0.002816602574389336
103.30078125,0.008006990305681517,0.003117466556667315
103.3154296875,0.006062640853915893,0.001932374603558752
103.33007812499997,0.0038661336218316095,0.0030779484877864584
103.3447265625,0.0018399475900889514,0.0028884567977522264
103.359375,0.0035657997994298913,0.0016689520832769817
103.37402343749997,0.004405597236707992,0.0020281474343585635
103.388671875,0.004799338931018508,0.0015579977994223057
103.4033203125,0.004860256501820596,0.0013992692635070587
103.41796874999997,0.0037664390840094998,0.0016339442786102332
103.4326171875,0.002000527667407604,0.0017485584605326614
103.447265625,0.0016022924181073185,0.002641716309715712
103.46191406249997,0.0016652251529027965,0.0029467548487288
103.4765625,0.0034257869738185467,0.002493157148009768
103.4912109375,0.007119264493869371,0.0032726101892262614
103.50585937499997,0.007289633108507447,0.0031462822778137657
103.5205078125,0.005323187574586521,0.0017064804184636643
103.53515625,0.005953090985541412,0.001574533992994369
103.54980468749997,0.006808255158807136,0.002907437220686826
103.564453125,0.007029337284688846,0.003454333273346077
103.5791015625,0.007119883578317411,0.002595916221088941
103.59374999999997,0.009072910952987564,0.0032909265367830247
103.6083984375,0.008873785606131498,0.0038169843432328335
103.623046875,0.004667738633937269,0.002196920292861821
103.63769531249997,0.0015224922572995019,0.001654863962155977
103.65234375,0.004296528286732414,0.002772858817647955
103.6669921875,0.003743490792397639,0.0018966435474929684
103.68164062499997,0.004192735379558805,0.0011777128278216405
103.6962890625,0.006126933732166967,0.0029061237068790198
103.7109375,0.003014718560497545,0.0020298624940018476
103.72558593749997,0.0033593413024258466,0.0015372216007835402
103.740234375,0.005418341617050127,0.002809883303133378
103.7548828125,0.003507495453682179,0.0018315832965534599
103.76953124999997,0.0046639445031504976,0.001125301423998168
103.7841796875,0.006423543715536001,0.0017302181078429116
103.798828125,0.0055458671575815905,0.0014071767523187834
103.81347656249997,0.0038135055412316103,0.0011292751007038063
103.828125,0.003401477700791688,0.0017921271228152917
103.8427734375,0.003229002875885677,0.0018876583221735315
103.85742187499997,0.004571315361586308,0.0021294381546814074
103.8720703125,0.005979996118174034,0.0026445136982094736
103.88671875,0.005718101687213955,0.0024988176603000117
103.90136718749997,0.0075963270364580076,0.003107439444878074
103.916015625,0.009091431925753717,0.003727645998679339
103.9306640625,0.007382900763412032,0.00266894586959232
103.94531249999997,0.006095947252781459,0.00249137745220632
103.9599609375,0.007665748486970468,0.0025545584365322376
103.974609375,0.008001815635017057,0.0010644039654399422
103.98925781249997,0.006889400045825657,0.0006318083938733294
104.00390625,0.0063492924617353464,0.0014141356265805934
104.0185546875,0.005412592986112304,0.00042246288527226356
104.03320312499997,0.004146584806016867,0.0018029372411824441
104.0478515625,0.003736507635536288,0.0022422346039794806
104.0625,0.0038193964706554643,0.0009036440970260854
104.07714843749997,0.00269346625778268,0.002147351771512399
104.091796875,0.001418833323687963,0.002416922924492745
104.1064453125,0.0021681440161301874,0.0017873209838517605
104.12109374999997,0.004386715731124559,0.0018348347053521476
104.1357421875,0.005904374853034381,0.003334467119701868
104.150390625,0.004313138050162709,0.003872364287926159
104.16503906249997,0.005183052504996398,0.0033022217118705913
104.1796875,0.0061358283334972275,0.0031921030999598923
104.1943359375,0.0046270280962147645,0.0030424392760404506
104.20898437499997,0.00267496511824926,0.002190683429906308
104.2236328125,0.003216784976218304,0.0017342994849831167
104.23828125,0.00528235333102914,0.0017587273995497794
104.25292968749997,0.005647319052407806,0.0016377668732735324
104.267578125,0.0038273741637991155,0.0020103641606791047
104.2822265625,0.0009116386684552409,0.002330618782450108
104.29687499999997,0.002305729929316737,0.002854597424913977
104.3115234375,0.004038829462018534,0.0029619233915126205
104.326171875,0.00411073373338993,0.0029243230539574725
104.34082031249997,0.0034124198589801434,0.0032981141435933447
104.35546875,0.0026187527077363576,0.0033065898649173066
104.3701171875,0.0013546624277722336,0.0029533628850507304
104.38476562499997,0.001915269091451531,0.0027395584326862597
104.3994140625,0.00276809853807064,0.0027004770940295517
104.4140625,0.0028589360385675297,0.0018839762203837025
104.42871093749997,0.002988549697623761,0.0013234514694699432
104.443359375,0.002748336669859571,0.0017109997915958752
104.4580078125,0.0027024033519450342,0.0013291184817854503
104.47265624999997,0.0031422725801021085,0.0008179529523668628
104.4873046875,0.0020360831403974625,0.0018458164235670596
104.501953125,0.0026206700542284384,0.0019531899801969155
104.51660156249997,0.00530991856711505,0.0010462615456752935
104.53125,0.0038861206795373633,0.0013676179820863333
104.5458984375,0.00012137451023985591,0.0024177180165104164
104.56054687499997,0.0012997925252997249,0.0024974536740310863
104.5751953125,0.0012736062133164431,0.0023233529761522843
104.58984375,0.003957790377546358,0.0029378520389968417
104.60449218749997,0.0045299800287559805,0.0023635405641154535
104.619140625,0.003785576260419769,0.001598469629460599
104.6337890625,0.0023412504564813597,0.0014115795747445174
104.64843749999997,0.0010425102526609423,0.0009384946347743869
104.6630859375,0.0035912161151479354,0.0006962840054544876
104.677734375,0.004259880293353519,0.0008662362379405362
104.69238281249997,0.003184295475322232,0.0010885917165504957
104.70703125,0.0037416863024555547,0.0012259242997896388
104.7216796875,0.005454108515039384,0.0017597982199396359
104.73632812499997,0.005995470270499576,0.0020891334803554407
104.7509765625,0.004408497166618103,0.0020747885823975587
104.765625,0.004068936240578733,0.0023293902118609613
104.78027343749997,0.005391327484980674,0.001824027262398101
104.794921875,0.004523477897061146,0.001156449816261532
104.8095703125,0.0031200696026457767,0.0013465505905042438
104.82421874999997,0.004926053351146832,0.001375422404411114
104.8388671875,0.005007261474116772,0.0009864401640642625
104.853515625,0.0026757577596012946,0.0009398797204428805
104.86816406249997,0.0029117566834212013,0.001393935166850507
104.8828125,0.004021713027624091,0.0005271017570905096
104.8974609375,0.003046002210699621,0.0011858489551647782
104.91210937499997,0.0031561874598515782,0.0018131974908056829
104.9267578125,0.007478603522926382,0.002202718005605807
104.94140625,0.007359485888642894,0.003542152147613181
104.95605468749997,0.003004482386249758,0.0037546496937679017
104.970703125,0.0051372460801878605,0.0033135059646897955
104.9853515625,0.00698768546953517,0.0036183857220917085
104.99999999999997,0.006649839189462085,0.003550920695836652
105.0146484375,0.007981473270066168,0.003120169770590309
105.029296875,0.008364414145185689,0.003562509974505211
105.04394531249997,0.005348586207902703,0.003922661412659926
105.05859375,0.0004605380395183383,0.0030582066925675315
105.0732421875,0.0029705892463669273,0.002923483411095313
105.08789062499997,0.0021237626901589434,0.002646362557728688
105.1025390625,0.0009311735950988622,0.001253336864560705
105.1171875,0.0022766628797120524,0.0016224037593342237
105.13183593749997,0.0024781181162937117,0.0012729646401233054
105.146484375,0.003981785827199281,0.0008787518450342377
105.1611328125,0.006667752964076132,0.0022786194221863488
105.17578124999997,0.006686167194577714,0.0019842940493025396
105.1904296875,0.00281186650787014,0.0023754777319527163
105.205078125,0.004607267508442724,0.0036096183714086614
105.21972656249997,0.008565972152557182,0.002985766689333016
105.234375,0.00893189453036174,0.0021881217554203416
105.2490234375,0.005918855363967653,0.002635557836955242
105.26367187499997,0.0043003499036382824,0.0023354898211796456
105.2783203125,0.006056701169455564,0.0010998620639629684
105.29296875,0.005470179523673236,0.001291700729649489
105.30761718749997,0.004078594701161656,0.001369599056567293
105.322265625,0.003428149203301988,0.000517768179147158
105.3369140625,0.002491266499633649,0.0006102608476605295
105.35156249999997,0.0012962068977071532,0.000399185861847904
105.3662109375,0.0019688171572057596,0.0009428695972069986
105.380859375,0.004781984027863582,0.00045707378341317326
105.39550781249997,0.00722181851099196,0.00015786723036994375
105.41015625,0.007787635136616383,0.00039047087863102473
105.4248046875,0.0074420897673165565,0.0006737607359284478
105.43945312499997,0.007073672453864183,0.0009144193065761131
105.4541015625,0.006076678931720631,0.0011073633758517283
105.46875,0.004492699414766373,0.0011776780029752573
105.48339843749997,0.004570484055495375,0.0015523779991482478
105.498046875,0.006615803400211947,0.001323474222397909
105.5126953125,0.007130654487278894,0.0008748883378985699
105.52734374999997,0.00490452112492608,0.0011932305930381427
105.5419921875,0.0067925960155213565,0.0016772334586917354
105.556640625,0.007668715797793683,0.0017707307684240033
105.57128906249997,0.004358799452362044,0.001816795571251652
105.5859375,0.0019428486136995914,0.001902191268252924
105.6005859375,0.0024212992358210264,0.002327103806718043
105.61523437499997,0.0026740468560713356,0.002919173508733446
105.6298828125,0.003958362546598276,0.0024593916845931417
105.64453125,0.005258422643210208,0.0023300103755858094
105.65917968749997,0.003951077336643715,0.0029119515521001736
105.673828125,0.0033778687562103183,0.001809351629842677
105.6884765625,0.005607408966724131,0.0020651819899420824
105.70312499999997,0.006854162192751401,0.0031901672605582024
105.7177734375,0.005671240573307826,0.0023268953055125548
105.732421875,0.0033564024875798754,0.0024161435122102
105.74707031249997,0.003210436875882273,0.004289974822546743
105.76171875,0.0016864594770932646,0.003651195725291324
105.7763671875,0.003353322845589637,0.0022893501901780884
105.79101562499997,0.004124166099555723,0.0037468956273171675
105.8056640625,0.001092449351954424,0.0033182367392640367
105.8203125,0.002032548110984348,0.0013681767678571503
105.83496093749997,0.001628147892055153,0.0017219717443359944
105.849609375,0.003732263620203671,0.0028673949992050335
105.8642578125,0.005896998813311218,0.002157031922787781
105.87890624999997,0.005194366667637697,0.0010399835823441683
105.8935546875,0.0036961716776516603,0.0020056968594551815
105.908203125,0.003196837684720113,0.0017794423496003736
105.92285156249997,0.003376830588574946,0.0010019728312299714
105.9375,0.004418030633054584,0.001673873193626493
105.9521484375,0.0052556577704817396,0.0013401899078958111
105.96679687499997,0.004337891800794121,0.0018176121748217377
105.9814453125,0.0024786521805930206,0.0016435665088742404
105.99609375,0.002038402428484809,0.001918965700273534
106.01074218749997,0.003960702088670399,0.0018105890152096508
106.025390625,0.006129343470789076,0.0014066247125069807
106.0400390625,0.006388788866478133,0.001951538779471504
106.05468749999997,0.005540829646250398,0.001424731050563329
106.0693359375,0.006919534248011847,0.0009574020829030507
106.083984375,0.006254841347614813,0.0016508887849273947
106.09863281249997,0.0027381821294628723,0.0019099753195741113
106.11328125,0.0009393824464974845,0.0014960135748030064
106.1279296875,0.002187259787551943,0.0016838429295812716
106.14257812499997,0.0032232100316361405,0.002536812577459485
106.1572265625,0.003612500435738028,0.0025055377852990536
106.171875,0.0066849494128777935,0.001930321197927954
106.18652343749997,0.007154349174155403,0.0020124324381490645
106.201171875,0.004556814630142689,0.001895949740066693
106.2158203125,0.0033264625600007013,0.0009845343433415041
106.23046874999997,0.0032328579720617913,0.0012186598005487245
106.2451171875,0.0029568168278147097,0.0014802730200175885
106.259765625,0.0049615330248951725,0.0018614967992937356
106.27441406249997,0.0076020876620235805,0.002303082512527696
106.2890625,0.01042278587392764,0.0020725518063421313
106.3037109375,0.011121432869374124,0.0020185947444626784
106.31835937499997,0.008584307253312457,0.0017354287853950563
106.3330078125,0.005191920313149856,0.0014838039412106358
106.34765625,0.00550103762393015,0.0020151798043396185
106.36230468749997,0.006575793773293936,0.0021658764599859584
106.376953125,0.005302886687158473,0.0016296007973352128
106.3916015625,0.0037993654992927997,0.0019696312707921074
106.40624999999997,0.00440404593028767,0.002369425207404909
106.4208984375,0.007059209621184402,0.002035407819588135
106.435546875,0.010059894874609024,0.002492543450741049
106.45019531249997,0.01069597187748163,0.003270615880848749
106.46484375,0.007977830102060225,0.003141248045750054
106.4794921875,0.00896586458796665,0.003259731765394483
106.49414062499997,0.011765439025121347,0.0034555738581663223
106.5087890625,0.010640601482011323,0.0032761159854760103
106.5234375,0.008320356731503014,0.003034140092308076
106.53808593749997,0.008082375257408162,0.0025970419977190385
106.552734375,0.007144233552846209,0.002881778339792528
106.5673828125,0.004083965041956951,0.0030781677733989813
106.58203124999997,0.0032825233450940795,0.0020049046973826543
106.5966796875,0.007319143207310361,0.0021566383983410513
106.611328125,0.008701957239521186,0.0022099605870161978
106.62597656249997,0.006531303958901296,0.0012707195740905915
106.640625,0.004069222595932255,0.0015702484822149511
106.6552734375,0.004092164753991934,0.0022300394442234463
106.66992187499997,0.0047718568318644615,0.002474243916797935
106.6845703125,0.004428950606678325,0.0021079452536329384
106.69921875,0.004675648690853471,0.0030027361931457127
106.71386718749997,0.005842691123790788,0.0038368529315206523
106.728515625,0.006115240451862432,0.0028843493172468733
106.7431640625,0.005775033938820622,0.0022566746527887416
106.75781249999997,0.006437817580415335,0.00332487521548269
106.7724609375,0.005835084949608838,0.002915243793510324
106.787109375,0.0037515799137799173,0.0011638689332304803
106.80175781249997,0.004258147357907981,0.0007257279172491327
106.81640625,0.0057867669805092906,0.0015081233817554843
106.8310546875,0.006312137089466983,0.0016779580113388513
106.84570312499997,0.00498351577370378,0.0006729244206366695
106.8603515625,0.002278022308344591,0.0015840543532106668
106.875,0.0032755177223429163,0.0014073382058568664
106.88964843749997,0.004441337316580641,0.001426301511569694
106.904296875,0.0027008599727617794,0.003542057006303276
106.9189453125,0.001602536002667663,0.0032529334254943806
106.93359374999997,0.0037875696284533134,0.0022208654097511694
106.9482421875,0.0038502467133521164,0.0028924166206027494
106.962890625,0.003225164019405133,0.0031351219782866013
106.97753906249997,0.0021579530867101037,0.0025245933748301143
106.9921875,3.132232900018813e-05,0.0016038005457214772
107.0068359375,0.0018489787519756354,0.0019298760974203275
107.02148437499997,0.0008811485418327041,0.0021208817642270586
107.0361328125,0.003936562459999505,0.0006617940870144027
107.05078125,0.008831237052886035,0.001223669161724935
107.06542968749997,0.010457406804125668,0.0015196256814292402
107.080078125,0.009244208800715746,0.0012266876005062812
107.0947265625,0.008216134158555885,0.002785540267063583
107.10937499999997,0.006631148231079157,0.003170336120468874
107.1240234375,0.004202234880566361,0.002574913801557582
107.138671875,0.00447207272385304,0.0027073031538284286
107.15332031249997,0.0059179984421381315,0.00322507769734087
107.16796875,0.004793133354611789,0.0030439101454749085
107.1826171875,0.000637092705767791,0.001962587885599146
107.19726562499997,0.004519433934289872,0.002319009249129923
107.2119140625,0.006580065908550062,0.0034628441311691134
107.2265625,0.004025701025190644,0.0024459278557884823
107.24121093749997,0.0018075921065590442,0.0024949262684528825
107.255859375,0.005219272015140151,0.004293517296664188
107.2705078125,0.005075786854201118,0.003246359815623427
107.28515624999997,0.004759352963451548,0.0019528980266312879
107.2998046875,0.006817205247758841,0.0037442221219047373
107.314453125,0.008509664448942807,0.004267938603013731
107.32910156249997,0.009248648236670189,0.0030199916540718957
107.34375,0.009464445992681009,0.0031330366108798446
107.3583984375,0.009157954819450758,0.004259228077049227
107.37304687499997,0.007872118209078953,0.0037081151209379442
107.3876953125,0.0051876775619037595,0.0023545415838622237
107.40234375,0.003883870857199211,0.002784667537136938
107.41699218749997,0.004496481446969415,0.0032697140404519126
107.431640625,0.003000757066106173,0.001964081106464227
107.4462890625,0.002697199762940442,0.0016076700366851391
107.46093749999997,0.0034190499768541214,0.0021316076685901305
107.4755859375,0.003201882432203136,0.0010840967124790518
107.490234375,0.0025962602871202516,0.0006090614095814903
107.50488281249997,0.0026929411103139337,0.0015407424785812006
107.51953125,0.00562026485966234,0.002049436240396979
107.5341796875,0.0064906973824977255,0.0018212672181093736
107.54882812499997,0.005605541376251307,0.0019027700621528799
107.5634765625,0.005710030514050065,0.001831520082963815
107.578125,0.005152051615955093,0.001111365917718067
107.59277343749997,0.00598420860394847,3.10021392728956e-05
107.607421875,0.007484299361839927,0.0007351507978563949
107.6220703125,0.008418846486630186,0.0005996833596788835
107.63671874999997,0.009033866263622079,0.0008566138135148058
107.6513671875,0.00710278404467207,0.0012234273148847977
107.666015625,0.0038164271143465395,0.0017058529673368065
107.68066406249997,0.004718518629916855,0.0015680986667627485
107.6953125,0.005336080381777717,0.0020126327106177117
107.7099609375,0.0025913223815206355,0.0027542036260150326
107.72460937499997,0.0013210080175302035,0.0019159427039266372
107.7392578125,0.0032584338142044762,0.001040320695368534
107.75390625,0.005639677220983018,0.0018142918167708506
107.76855468749997,0.006832543965532522,0.0020123947539395417
107.783203125,0.004865085188842968,0.0013240896973893302
107.7978515625,0.001749639122589083,0.002100058209909977
107.81249999999997,0.002114227689727244,0.002595099108522546
107.8271484375,0.004139613373441304,0.002283473284794375
107.841796875,0.005223337474510056,0.0026623242245639176
107.85644531249997,0.0050029728723342,0.0032020444269686885
107.87109375,0.0043581209734090045,0.003140191866080694
107.8857421875,0.0035841764228551,0.003136553374353898
107.90039062499997,0.0029128437910353857,0.0038908692654846303
107.9150390625,0.002492389337426819,0.00393451953374465
107.9296875,0.0014791654621782364,0.0032151888327949267
107.94433593749997,0.001048137576694168,0.0029845521766768903
107.958984375,0.002765716704555317,0.003071230477088556
107.9736328125,0.00483883740612562,0.002668441269958408
107.98828124999997,0.004658903959602891,0.0018803449135187792
108.0029296875,0.0015914043243327712,0.0020367484403117273
108.017578125,0.0070210583142178195,0.0022118113393894937
108.03222656249997,0.010072647780040751,0.0019474767713539504
108.046875,0.0073790675867594175,0.0027669267505688686
108.0615234375,0.0014991869651988553,0.0031817720038689544
108.07617187499997,0.003391537539884842,0.0028651301073983216
108.0908203125,0.004771040487074498,0.0031351489822540866
108.10546875,0.004459948919135045,0.0033621177348179504
108.12011718749997,0.0053969928726086405,0.0030975491405297252
108.134765625,0.005196469569475583,0.0027076346994036335
108.1494140625,0.0030284557245178418,0.0022924087371244697
108.16406249999997,0.0015790794870556154,0.002395472005304001
108.1787109375,0.004178448439614446,0.002181899027074104
108.193359375,0.007074323732753252,0.0013103952434946318
108.20800781249997,0.0064820256873985745,0.001787073663284595
108.22265625,0.002591859604077485,0.0017674753019636979
108.2373046875,0.0030499190962469795,0.0015555802957135012
108.25195312499997,0.005070882375402744,0.00250871607526432
108.2666015625,0.004537116837247597,0.002840661268095201
108.28125,0.0020719429108954496,0.0025442765885295275
108.29589843749997,0.0009594318218306514,0.0027674051361730842
108.310546875,0.0030671887627012197,0.003100176130705187
108.3251953125,0.003358857894671062,0.0025590716505543313
108.33984374999997,0.0025780275790643183,0.002017819843862026
108.3544921875,0.0018091054902012774,0.0023898072757317663
108.369140625,0.0029766286557524613,0.0022014223124801526
108.38378906249997,0.00555209685714166,0.001541158992916343
108.3984375,0.005556399053051242,0.0016677103728343805
108.4130859375,0.002562234917286649,0.002200596142879267
108.42773437499997,0.0018219259002774189,0.0021059222783206275
108.4423828125,0.0033346974415098766,0.0017983809692676696
108.45703125,0.0027251456376951645,0.0018489800367286564
108.47167968749997,0.003278745133379708,0.0021352061388679932
108.486328125,0.0042664822573283915,0.0025341142921796638
108.5009765625,0.002826806323155235,0.0025965749911983
108.51562499999997,0.0006946685183168125,0.0027124987621707413
108.5302734375,0.0013071674533130214,0.002825469707458982
108.544921875,0.0015133612161363841,0.001573982827629384
108.55957031249997,0.004069302960094715,0.001309020543476865
108.57421875,0.006242703183911481,0.0013087643737471166
108.5888671875,0.005142604566323294,0.0010830877453970327
108.60351562499997,0.002106325473315496,0.0025091638509689416
108.6181640625,0.0030409959315913244,0.002195021750202341
108.6328125,0.005846485607300623,0.0019178501596649527
108.64746093749997,0.006911488176623427,0.002323101632511227
108.662109375,0.006676593535096131,0.0014260923532593952
108.6767578125,0.008337074422947269,0.00039667055508859424
108.69140624999997,0.009038130083304584,0.0007690305571625625
108.7060546875,0.00556209173355433,0.0003652264219238233
108.720703125,0.0001684515293734116,0.0010745643353329087
108.73535156249997,0.003023928681626889,0.001475959848785419
108.75,0.00319135796283111,0.0012761569523653542
108.7646484375,0.0003979898154741541,0.0011591264208705833
108.77929687499997,0.005752901248657817,0.0015319747562567505
108.7939453125,0.010381452487226413,0.0022013891067484683
108.80859375,0.010437302764143076,0.002811083558847822
108.82324218749997,0.008399293453941562,0.003039855355424432
108.837890625,0.010131408821070092,0.0036409490932027607
108.8525390625,0.01121628528847555,0.004345768638927689
108.86718749999997,0.009761044874928784,0.0042099616466303915
108.8818359375,0.01039019197891492,0.00424117653659312
108.896484375,0.01159913510648863,0.0043472349799397215
108.91113281249997,0.008323415005224466,0.003998926052811334
108.92578125,0.003447391625724394,0.003973304636936706
108.9404296875,0.002399988353477919,0.0028124485200080847
108.95507812499997,0.0031903039894557537,0.0017814088672193531
108.9697265625,0.003641657400352873,0.0021122463770543495
108.984375,0.003646897748748143,0.0007546920423733693
108.99902343749997,0.004618935632408164,0.0011041501543967035
109.013671875,0.005755677382095348,0.0016939672539631571
109.0283203125,0.006304322870254083,0.0007106788452302134
109.04296874999997,0.005939415023179793,0.0015682882448843723
109.0576171875,0.005545947652527057,0.0025883713943230732
109.072265625,0.005578986323186548,0.00179375663685571
109.08691406249997,0.00515170176345504,0.001499776025160684
109.1015625,0.004176027099287045,0.0023579953996701367
109.1162109375,0.003168665583061332,0.002030103241650419
109.13085937499997,0.004666395742546195,0.0012496415790816888
109.1455078125,0.006710401680315378,0.0018719343985758555
109.16015625,0.005400676195802051,0.0023389793897208282
109.17480468749997,0.0020182914385917464,0.0019537346001328236
109.189453125,0.0014960563000714449,0.0018363302052378581
109.2041015625,0.005145068913147902,0.002298150146690822
109.21874999999997,0.009014917286251825,0.002160239812029971
109.2333984375,0.010638258328705604,0.0015189623965995874
109.248046875,0.008826623462224603,0.0017818351762801472
109.26269531249997,0.0065687580747135306,0.0022596905571147397
109.27734375,0.005830081741996571,0.0017278702995666578
109.2919921875,0.005446810606941043,0.0014006536366144068
109.30664062499997,0.005352583162408192,0.002094423227688381
109.3212890625,0.00431026839877701,0.0017916593532068283
109.3359375,0.003266353162546332,0.0010159132769711134
109.35058593749997,0.003375112530348937,0.001877530459860555
109.365234375,0.003927448908880337,0.0020625857157198927
109.3798828125,0.00613218629874486,0.001098131132687199
109.39453124999997,0.008518667934269641,0.001044519123295553
109.4091796875,0.008772011228473278,0.001667113829181893
109.423828125,0.005723790665327196,0.0015548434086204578
109.43847656249997,0.00037793149807806384,0.0006536259009253839
109.453125,0.004200702448395814,0.0009628056680172615
109.4677734375,0.006160530119076548,0.001598371612497152
109.48242187499997,0.0054349794160601095,0.001170225727760423
109.4970703125,0.003529628800369384,0.00036655995617202716
109.51171875,0.0037513850423060878,0.0013994072208851779
109.52636718749997,0.0038929230352632753,0.0012171729793991736
109.541015625,0.0036354260295314985,0.0004184260651024128
109.5556640625,0.005790375167973195,0.0014171111371553218
109.57031249999997,0.006958502948756948,0.0018435038367766142
109.5849609375,0.005417844623796633,0.001511725795641054
109.599609375,0.0034577369998213267,0.001797504180647295
109.61425781249997,0.0028881767426950826,0.0022351028098157315
109.62890625,0.0008411781535393472,0.0014552203253866722
109.6435546875,0.0028190754592252263,0.0012100982491101762
109.65820312499997,0.005416639163989248,0.0017276711117659622
109.6728515625,0.006620206905664344,0.0005261410932081623
109.6875,0.007222230087334592,0.0010044204122626676
109.70214843749997,0.006083927853679914,0.0010192843364646563
109.716796875,0.004281500492905955,0.00038524882601268017
109.7314453125,0.002203777913945759,0.0007314736506316664
109.74609374999997,0.000145394218347919,0.0004720377667809696
109.7607421875,0.0021750795418540633,0.00032351510813707446
109.775390625,0.006586906114345084,0.00040064054030629744
109.79003906249997,0.009667716563400331,0.001105167563708702
109.8046875,0.009147001717467525,0.0013739975265644915
109.8193359375,0.006278886090837173,0.0014545007186411315
109.83398437499997,0.003308537744351351,0.0022456018325162433
109.8486328125,0.0027706556314498446,0.0025000665064213736
109.86328125,0.0036909150320018277,0.0017710998659286473
109.87792968749997,0.0031647509808132063,0.0015048431351580252
109.892578125,0.003105446668543326,0.0019034037258957618
109.9072265625,0.0028808714347698895,0.0022976319988694503
109.92187499999997,0.0025073625032358484,0.0026173211413341104
109.9365234375,0.0032328010396856766,0.003477873283504915
109.951171875,0.0023471601890024244,0.00383639206967745
109.96582031249997,0.0005418781842736892,0.003621392128974614
109.98046875,0.0014843945196419902,0.0038541085035395115
109.9951171875,0.002507321984512157,0.0033385041577797267
110.00976562499997,0.0036088671531464144,0.0023942078937945915
110.0244140625,0.004854206524004024,0.00301045586097668
110.0390625,0.0053180847611345086,0.003371992297624042
110.05371093749997,0.004842493070935307,0.0018278774366021653
110.068359375,0.005842178406290597,0.0017129209877576718
110.0830078125,0.0066087921876281305,0.001970013399343933
110.09765624999997,0.004417665843953239,0.0006573792735570691
110.1123046875,0.0015570502685641361,0.00083877896457895
110.126953125,0.0027464156858962112,0.0010413809849511718
110.14160156249997,0.003934740427959605,0.00013986722362256766
110.15625,0.0066072660924223455,0.0007524112969752652
110.1708984375,0.007006449579659812,0.00044391449624963964
110.18554687499997,0.004345990610308052,0.0003222322299839853
110.2001953125,0.0017844494515148082,8.337698306431772e-05
110.21484375,0.0012070414137292259,0.0005798809326360466
110.22949218749997,0.0006233848900212403,0.001125116392063761
110.244140625,0.000469036357543841,0.0013685079434344867
110.2587890625,0.0033001629432423854,0.0019906740110322975
110.27343749999997,0.005988428800425543,0.0027772900920202273
110.2880859375,0.005646098494740322,0.002650941688227599
110.302734375,0.004903270188405338,0.002338343215313068
110.31738281249997,0.007250672274309628,0.0027711208471983403
110.33203125,0.009025586806328903,0.0032055319558474747
110.3466796875,0.008743827798829245,0.002726039947920417
110.36132812499997,0.006856212641898351,0.0020666853346897654
110.3759765625,0.00496942973119469,0.00289702566157176
110.390625,0.0034791301227320125,0.002300560456233894
110.40527343749997,0.0016482302721406014,0.0008587494557964837
110.419921875,0.0005296134633733807,0.0025885043488071548
110.4345703125,0.0026893174339959877,0.0017700743036928128
110.44921874999997,0.005120316132378224,0.0025011664216945725
110.4638671875,0.004774099699674499,0.0036206572333870026
110.478515625,0.0027549075841751176,0.002902693879448078
110.49316406249997,0.0015795559338384567,0.0023052013651636183
110.5078125,0.0024481016316533852,0.003336728586370949
110.5224609375,0.004923617677052575,0.004749615519787414
110.53710937499997,0.006383068793646763,0.005085094946380833
110.5517578125,0.00712343232753336,0.004341035203665519
110.56640625,0.008188992344870482,0.0047627996722616655
110.58105468749997,0.006976774892314504,0.005266886561826909
110.595703125,0.00294032188326082,0.0036628331962022974
110.6103515625,0.0017624122808411915,0.0022844275342840652
110.62499999999997,0.0025748896807048422,0.0027034392763742063
110.6396484375,0.0029037008791750626,0.0013836749031572906
110.654296875,0.0019377776138974534,0.000734047292134692
110.66894531249997,0.004047088209098117,0.0016582459154229632
110.68359375,0.006634821423876514,0.0011900050093232477
110.6982421875,0.006655196906440102,0.0009210823127825386
110.71289062499997,0.006885186355859976,0.0020481746558920237
110.7275390625,0.008076052792749174,0.0028332612581066638
110.7421875,0.007656834478168344,0.0022705802809544397
110.75683593749997,0.005087190635343717,0.0020647556225452546
110.771484375,0.0016810506232297132,0.0029621565571565193
110.7861328125,0.000644169031833374,0.0019735664963154748
110.80078124999997,0.0008323374460067584,0.00027138791391979444
110.8154296875,0.0031211493693919217,0.0009398036775488183
110.830078125,0.0028576964345490142,0.0011025772818843605
110.84472656249997,0.0013677177167657193,0.002265517587339377
110.859375,0.006309456773249815,0.0025650720282168996
110.8740234375,0.010424637817622148,0.001960403542334954
110.88867187499997,0.01016904194211035,0.0014063401053978108
110.9033203125,0.0069095192210857775,0.0012899484012054972
110.91796875,0.004119605853286777,0.0014089822900478302
110.93261718749997,0.0041965497664964505,0.002068216864793087
110.947265625,0.006552975784248888,0.002565899982805837
110.9619140625,0.0074970363882565635,0.0029717965197593186
110.97656249999997,0.007839216902377065,0.0038740388521806652
110.9912109375,0.009887794402158794,0.0045071279665569895
111.005859375,0.009588187771860629,0.00397671040189381
111.02050781249997,0.0061123541862362265,0.0035576066229210937
111.03515625,0.003418555660190752,0.004124276013368813
111.0498046875,0.003499278439495053,0.0032782433905413047
111.06445312499997,0.005088960458702008,0.0022622169959022305
111.0791015625,0.006981566741289355,0.0034524334610488276
111.09375,0.008283626736066385,0.0031005243549045115
111.10839843749997,0.008403064006024166,0.0023923995467563597
111.123046875,0.00748687970203766,0.0035533467664782435
111.1376953125,0.006618060360468735,0.0034595374127554443
111.15234374999997,0.006496979468755148,0.0027532855591366054
111.1669921875,0.0073176930269420485,0.0031074268192318
111.181640625,0.008314579478794826,0.0033359419913374633
111.19628906249997,0.007821849350302137,0.0032332184932996767
111.2109375,0.005046288667261884,0.003019646457529715
111.2255859375,0.002515676954019983,0.002821368741154916
111.24023437499997,0.003275688162124184,0.003045493621439348
111.2548828125,0.0025760857719028516,0.00227873835106556
111.26953125,0.006020778916704055,0.0011512568720226395
111.28417968749997,0.00734382635661204,0.001216163980604607
111.298828125,0.004658971092764701,0.0006335622736055831
111.3134765625,0.0016629492568150201,0.0005705889185459993
111.32812499999997,0.0031468739095908173,0.0010298929133514445
111.3427734375,0.002095576364979263,0.00129817257484271
111.357421875,0.00175397784910235,0.0013778179902993592
111.37207031249997,0.004591527345252045,0.0013821921204278588
111.38671875,0.007970186704105146,0.002142152837687934
111.4013671875,0.01109868050457396,0.002533691153658378
111.41601562499997,0.01169479712603368,0.002035757687996677
111.4306640625,0.01042243394869023,0.00295418796640069
111.4453125,0.007842857507692948,0.003344733456418988
111.45996093749997,0.004729986309877364,0.0020743677832926414
111.474609375,0.002221936897572867,0.002381835812357023
111.4892578125,0.0013002303371289466,0.004294462928800993
111.50390624999997,0.0019615854918495434,0.003672447125361496
111.5185546875,0.006677555428093982,0.002716706732263482
111.533203125,0.011017473618977753,0.004125156765643163
111.54785156249997,0.01252666624933793,0.0030696749468487033
111.5625,0.012996666500170834,0.0014910754316116639
111.5771484375,0.012713352917569202,0.002364144598327018
111.59179687499997,0.009978985541992204,0.0018946259678377978
111.6064453125,0.005722042035768992,0.0010072224276293743
111.62109375,0.001431778193961484,0.001706919776084543
111.63574218749997,0.0017737546692103941,0.0017014749974978386
111.650390625,0.0015019165971916645,0.0022435868695601965
111.6650390625,0.0030718802175022622,0.0025561186749425238
111.67968749999997,0.008217471069667975,0.002417907341118187
111.6943359375,0.009307193701148566,0.0028554309805207223
111.708984375,0.007106287411506723,0.0022630493715280605
111.72363281249997,0.007717136243565896,0.0015824207443835537
111.73828125,0.008980295643960067,0.0025950104187617323
111.7529296875,0.006617617596560551,0.0032944550084963724
111.76757812499997,0.0018009868103430352,0.0024391320584738916
111.7822265625,0.0026258984124528802,0.0027004378789669704
111.796875,0.005322547250145441,0.003414404105772219
111.81152343749997,0.0052819395752726735,0.002423824464016335
111.826171875,0.004190784907759642,0.0021271321996023666
111.8408203125,0.005428296370812839,0.002968086189980468
111.85546874999997,0.004720689054350948,0.0020088918354190465
111.8701171875,0.005714080835712711,0.0012632147015468565
111.884765625,0.007780728745962619,0.001993415582865867
111.89941406249997,0.006081274321953155,0.0018951974758636065
111.9140625,0.0022452432317894154,0.0013313472593615883
111.9287109375,0.0027315133532094566,0.001926570138923219
111.94335937499997,0.0031935475633671257,0.0014955123884211035
111.9580078125,0.0037074741264252276,0.0011292045810891772
111.97265625,0.00327992921496818,0.0012084173464702644
111.98730468749997,0.0015920759827664104,0.0011620929696917993
112.001953125,0.0015235009337053772,0.0015721825790480318
112.0166015625,0.0014701613031369986,0.0012547689465896724
112.03124999999997,0.0026521910709419805,0.00149248063710055
112.0458984375,0.0040098184365413665,0.0024042097986232713
112.060546875,0.0027641694417552985,0.0029128166879191088
112.07519531249997,0.003198605729540969,0.0032647018504202673
112.08984375,0.00705506344343519,0.0037424025363077245
112.1044921875,0.007624354523931893,0.0038785446577302134
112.11914062499997,0.0055640459062280215,0.003406289003801613
112.1337890625,0.003025272095632151,0.002658041785657891
112.1484375,0.0011422741172352493,0.00284114724451977
112.16308593749997,0.00022746513417334717,0.0031309538777655613
112.177734375,0.0017888401864820827,0.0024806659647031337
112.1923828125,0.0028776925506667703,0.002617477917470001
112.20703124999997,0.0034137591888085054,0.0030309262899986165
112.2216796875,0.004346575603706464,0.001534012237737642
112.236328125,0.005131141839926167,0.0011349236111127814
112.25097656249997,0.004420720188062928,0.0009657009318473191
112.265625,0.003053802019974446,0.0006215670228527193
112.2802734375,0.0025561695738661357,0.0007033042863248183
112.29492187499997,0.0020038206406585548,0.00036299970958137616
112.3095703125,0.001747092900484724,0.0015570901348917713
112.32421875,0.0017818548766077515,0.0018570075168226553
112.33886718749997,0.0012548147444618228,0.001554654679400057
112.353515625,0.002347724273883119,0.00214252964599573
112.3681640625,0.005793197276348745,0.0013862125529442418
112.38281249999997,0.007211666248374558,0.00034881230515970354
112.3974609375,0.004739250393235326,0.0008096710366741987
112.412109375,0.0027115174907355022,0.0018108663258994495
112.42675781249997,0.005201659059301267,0.0016105786345576136
112.44140625,0.0066249620963126565,0.001569409237641437
112.4560546875,0.005688974437314042,0.0020231652602878875
112.47070312499997,0.003108029093486784,0.0012441959474206149
112.4853515625,0.0010275182120907948,0.0006517188572911477
112.5,0.0016093042255852148,0.0014087678085177538
112.51464843749997,0.0020671075730116424,0.0016047414630291613
112.529296875,0.00216088265448089,0.0012965006674907954
112.5439453125,0.004034516251257551,0.002378943282832744
112.55859374999997,0.005419702689119203,0.002604075940862687
112.5732421875,0.005227123714968682,0.002873998972850869
112.587890625,0.005152432165519726,0.003674034521582933
112.60253906249997,0.0065573474153993155,0.0039103281254741955
112.6171875,0.0071409902381073176,0.003843984465561712
112.6318359375,0.007235579663114352,0.004062945163430507
112.64648437499997,0.0075358288396618475,0.004310417907836981
112.6611328125,0.00683608266402361,0.003903883542846357
112.67578125,0.01122635277320127,0.003642177685224734
112.69042968749997,0.016757743437217035,0.004173004076633023
112.705078125,0.01663981103543559,0.0041187918446042
112.7197265625,0.01078092776356694,0.0034882216923505043
112.73437499999997,0.0075708699071490105,0.003696387529200333
112.7490234375,0.010344507344525264,0.0034236080270423352
112.763671875,0.009221653325270923,0.0021924289449814795
112.77832031249997,0.005152813470659694,0.002136800291041834
112.79296875,0.0021056875265446366,0.0020469932008272216
112.8076171875,0.0006162618121636395,0.0010785889524301917
112.82226562499997,0.0008870466913261648,0.002124748128247952
112.8369140625,0.0032856909383739714,0.0021078482176909784
112.8515625,0.004748054453509031,0.001878301553505022
112.86621093749997,0.002748027336047332,0.002636353579102094
112.880859375,0.0016565198353355316,0.002469520763155678
112.8955078125,0.005077449134532013,0.0021211427426808993
112.91015624999997,0.005928893057156593,0.002463894402537685
112.9248046875,0.005746187573803095,0.002834002798879407
112.939453125,0.006801791319908134,0.00300244250471998
112.95410156249997,0.008176905659546901,0.0028090808850484116
112.96875,0.00906790877130907,0.00256749186408974
112.9833984375,0.008787782624550936,0.002333870646896081
112.99804687499997,0.005163097186616502,0.001325670546689856
113.0126953125,0.0028494095281961264,0.001143843825761591
113.02734375,0.00489209589970834,0.0013758783899756692
113.04199218749997,0.003888445444732202,0.0010849393309993454
113.056640625,0.0009518266656522718,0.0018048993904177762
113.0712890625,0.0038569832350112804,0.002364824928036301
113.08593749999997,0.005156302117401857,0.0021896915592866223
113.1005859375,0.003568774662945372,0.0028710311047609603
113.115234375,0.0038475125658898914,0.004005681581426911
113.12988281249997,0.0038997940931100768,0.0037589360902724384
113.14453125,0.0019861141787195628,0.003808678358654702
113.1591796875,0.001928235816542553,0.0042897128365982085
113.17382812499997,0.002112328519570197,0.004093601110006434
113.1884765625,0.0010003313192539227,0.0044372595198584955
113.203125,0.0007562630328019994,0.005064469127436428
113.21777343749997,0.003083343745098451,0.005103759926006156
113.232421875,0.004462759734583407,0.005022956588668773
113.2470703125,0.0037867944154569067,0.004139211488103004
113.26171874999997,0.0030754183685719116,0.003237273226390117
113.2763671875,0.004268351691908631,0.002807424382023727
113.291015625,0.004340347391070383,0.002126842522595739
113.30566406249997,0.003056409968306981,0.0017948015325264409
113.3203125,0.00418573948676749,0.0020205523601823355
113.3349609375,0.003215367357673818,0.0014215021927873187
113.34960937499997,0.0050011297174506865,0.0010474245309556002
113.3642578125,0.007869700023356813,0.0011464316392198034
113.37890625,0.007845523130113552,0.0009559775697852825
113.39355468749997,0.006140307742572816,0.0016736425615267486
113.408203125,0.0061209464884333115,0.001989179928215381
113.4228515625,0.007299877323700387,0.0023734557309061546
113.43749999999997,0.006390207317777384,0.0030777967099224427
113.4521484375,0.0063714382867492685,0.003143982667967954
113.466796875,0.006579641120664239,0.0030835956745218487
113.48144531249997,0.0034007479253979414,0.0030854950763479524
113.49609375,0.0064087637384224625,0.0024955984281584765
113.5107421875,0.008454434716109306,0.002179500106715674
113.52539062499997,0.006813117947552639,0.002825736406738895
113.5400390625,0.005102558413109543,0.003053616217760699
113.5546875,0.007873024062593346,0.0029360633763870964
113.56933593749997,0.008038903374321041,0.003871568960749475
113.583984375,0.004487310401129971,0.003498252269841012
113.5986328125,0.005425632763302053,0.00281448234593006
113.61328124999997,0.006007426746428327,0.003534045979613176
113.6279296875,0.0035881483853940446,0.0026047618340710515
113.642578125,0.0011163033132507829,0.0014378616344119706
113.65722656249997,0.00206460415455237,0.002169754258458929
113.671875,0.004579395838475863,0.0016356549073418582
113.6865234375,0.004670303967529452,0.00018749243522212612
113.70117187499997,0.0031717080594224093,0.001549853300650414
113.7158203125,0.000699920030395775,0.0011547318208669612
113.73046875,0.003934901993777281,0.0006283467064759857
113.74511718749997,0.007447102570066832,0.0019985986105565713
113.759765625,0.006882592723724759,0.0018609027737206268
113.7744140625,0.002413010688295371,0.0005426584521180204
113.78906249999997,0.0023475331893167864,0.0023179507789769316
113.8037109375,0.002778744924474555,0.0030231505349447817
113.818359375,0.001077167405283492,0.001814229062418669
113.83300781249997,0.0026601359957597755,0.001991244673343507
113.84765625,0.005670785665219593,0.003377639246822487
113.8623046875,0.005862498063633714,0.0024960331248794253
113.87695312499997,0.004461695719008519,0.0011659123952388443
113.8916015625,0.005214725740020791,0.0018007757135495904
113.90625,0.004625719261241287,0.0018368316535801756
113.92089843749997,0.0026405287710413445,0.0013230496901670055
113.935546875,0.002899352289704096,0.001346614196847967
113.9501953125,0.0039845917364221325,0.0014100396597331764
113.96484374999997,0.002668248894428237,0.0012181058346477024
113.9794921875,0.0013167506046507277,0.0011799239439319884
113.994140625,0.002345950131973011,0.0016146460306644007
114.00878906249997,0.0001453870394635344,0.0027101461067021793
114.0234375,0.0038214302785913403,0.0026260616592616104
114.0380859375,0.00521191416677253,0.0031535819113774496
114.05273437499997,0.004753964041656109,0.003656091384888082
114.0673828125,0.003269213606872939,0.0030181561943001083
114.08203125,0.0016600130238219465,0.0027410294581253357
114.09667968749997,0.003581390772031148,0.0028859594670207567
114.111328125,0.0027977531948990848,0.0027251059767290364
114.1259765625,0.002489037672707748,0.0021079050698278785
114.14062499999997,0.004724430530268805,0.0020127963777871933
114.1552734375,0.0056486448474438854,0.0031601815226210022
114.169921875,0.004576056015540443,0.0030647490202932214
114.18457031249997,0.004671796692963997,0.002242341670428004
114.19921875,0.008296160088148076,0.003923279313259702
114.2138671875,0.009697871911616557,0.004122064235073653
114.22851562499997,0.007066006197535353,0.002647378077164247
114.2431640625,0.0032682205376578797,0.004014132076227625
114.2578125,0.0021179485078422575,0.005007244547517062
114.27246093749997,0.0022000031843479105,0.0033491342490170883
114.287109375,0.0016749537207743617,0.0033780028537750543
114.3017578125,0.0024702873991848577,0.004063807182034366
114.31640624999997,0.004770899409107825,0.0026470061261407163
114.3310546875,0.006091121789734721,0.0021955580369376615
114.345703125,0.0055294073871739475,0.0029630590847941844
114.36035156249997,0.005445217787513745,0.0025259690207722167
114.375,0.005577864196494656,0.002345207862041188
114.3896484375,0.002134435434795787,0.002831215036539023
114.40429687499997,0.0035503422742739653,0.003143650773425022
114.4189453125,0.006378428107441682,0.0031706348404939343
114.43359375,0.0043328347392480905,0.002718250559240428
114.44824218749997,0.000385660511093209,0.002986984719860225
114.462890625,0.0023347180746970363,0.003597352646016842
114.4775390625,0.001148348195550898,0.0030350217074152103
114.49218749999997,0.0024996119380585875,0.0025618467766208653
114.5068359375,0.004876951884608047,0.0033037212735279016
114.521484375,0.005675669854578356,0.0027313468680549
114.53613281249997,0.00587144804655444,0.001607668957912969
114.55078125,0.005250955588138865,0.0018771550544948847
114.5654296875,0.003907035662601625,0.0018102490622910507
114.58007812499997,0.0029728382278940394,0.0015888374567569624
114.5947265625,0.0029281633222575,0.002542631015670733
114.609375,0.0018505855244426144,0.0030925075929252874
114.62402343749997,0.0016007097860967095,0.002285576707719121
114.638671875,0.004983986330196508,0.0024684887462345603
114.6533203125,0.0055617572440794846,0.0030766055451696027
114.66796874999997,0.0036128032781197828,0.0022358594330490612
114.6826171875,0.0031624161794198196,0.0011649927602204364
114.697265625,0.005185912646582589,0.002035373133099758
114.71191406249997,0.0053243360878117135,0.002952127739082691
114.7265625,0.003813906964672771,0.002392833455882414
114.7412109375,0.0030878588720204257,0.001934610094540026
114.75585937499997,0.004846304874514043,0.0028870758465284405
114.7705078125,0.004210573297108738,0.0024890585240811896
114.78515625,0.001828983368203048,0.0013176812374721032
114.79980468749997,0.00043481432455475644,0.0018016000197691958
114.814453125,0.0022013322258308274,0.0026536751756844256
114.8291015625,0.004663710440091684,0.0023919087641580635
114.84374999999997,0.005343699566592722,0.0017562704143734007
114.8583984375,0.003924609283587871,0.0026589688413077577
114.873046875,0.0013222864098379303,0.0031708596237851874
114.88769531249997,0.0064976182496917795,0.0021718728437361496
114.90234375,0.008712099579518132,0.0017761700217375051
114.9169921875,0.006314347973915431,0.0028578508823036528
114.93164062499997,0.002439684217106832,0.0024997273537205947
114.9462890625,0.0012691650065846825,0.0011188209528607772
114.9609375,0.0012333665090391208,0.002697186500533562
114.97558593749997,0.002913096677710122,0.0030319473426110456
114.990234375,0.005722662480608873,0.0015115751226350124
115.0048828125,0.007467433552102738,0.0028001200863791236
115.01953124999997,0.006282133419862876,0.0027589133634601526
115.0341796875,0.004960834375744142,0.0012952257354621438
115.048828125,0.004490745043698433,0.0013389569092901303
115.06347656249997,0.0023523526170193044,0.0014870545690063638
115.078125,0.0013084349384805604,0.0017452474206879696
115.0927734375,0.0032027418248111983,0.0020627872312820425
115.10742187499997,0.0034247211580548617,0.0019307541150542721
115.1220703125,0.0023062956687459443,0.0020213668747077846
115.13671875,0.0025083291136671444,0.0018847956263283788
115.15136718749997,0.0033699111798534877,0.0007951181354596331
115.166015625,0.003630319951664932,0.0004144499406519539
115.1806640625,0.003125087697599677,0.0005823169714043641
115.19531249999997,0.001958816380508659,0.000853096042001107
115.2099609375,0.001871925368109648,0.0014089905926823584
115.224609375,0.0018940708479223839,0.0026505372165112127
115.23925781249997,0.0029046265584719393,0.0026943799475582053
115.25390625,0.006164780325248437,0.004206135107757375
115.2685546875,0.008233306077504327,0.005419092721215129
115.28320312499997,0.009230625377600127,0.004743934261029985
115.2978515625,0.008570552746908341,0.00392793133710769
115.3125,0.006083879964961915,0.004501884271457717
115.32714843749997,0.006157493144142996,0.004422121172051412
115.341796875,0.006561681476340308,0.002972099694685221
115.3564453125,0.004753633296213058,0.003076127998620536
115.37109374999997,0.004527268405570244,0.004290907769301255
115.3857421875,0.0028144642108994303,0.0029261625155930227
115.400390625,0.0018648202518943913,0.00140854987108358
115.41503906249997,0.004710904414709037,0.002736822902306643
115.4296875,0.005864518761211164,0.0022360177433043017
115.4443359375,0.0058414434419586945,0.00027344422966210386
115.45898437499997,0.00610540093957442,0.001558958100057396
115.4736328125,0.006676225337810841,0.001610025154636974
115.48828125,0.0065325543089192,5.8716615499009824e-05
115.50292968749997,0.007095797882904666,0.0012956312276484517
115.517578125,0.00728335481391404,0.0010076278199768391
115.5322265625,0.005394793707656588,0.00068753268712391
115.54687499999997,0.002701092776793769,0.0011453806004400088
115.5615234375,0.003676489752693049,0.0010757163338721816
115.576171875,0.0068093879010646145,0.0015730349896100914
115.59082031249997,0.0067959002121023996,0.0015337587614177837
115.60546875,0.0029412269154690572,0.0010768018469686964
115.6201171875,0.0014170373746063018,0.0021641562613708863
115.63476562499997,0.004100664793921185,0.0021583827261674794
115.6494140625,0.004940664475477622,0.0007634529951475372
115.6640625,0.0038282407950741447,0.0019884865691877605
115.67871093749997,0.0036405420491395254,0.00200418369583694
115.693359375,0.002798211184267722,0.00016015772593044522
115.7080078125,0.0032273833483868284,0.0016707840421571797
115.72265624999997,0.005333580090406818,0.0019617367171460877
115.7373046875,0.005500987284787303,0.0006177591321663876
115.751953125,0.005256552830831407,0.002038173788358532
115.76660156249997,0.0017140385424251941,0.0025329392752462
115.78125,0.004232668883979207,0.0015123026920467867
115.7958984375,0.006224966304783494,0.0013096081600200823
115.81054687499997,0.004279392188779616,0.0018919367123329351
115.8251953125,0.0020355832449293083,0.002746557703408585
115.83984375,0.0007183678031365518,0.0029212150522345847
115.85449218749997,0.0014821469137491015,0.002794201501361659
115.869140625,0.0031916950066315382,0.004163170611355133
115.8837890625,0.0035031582576391554,0.003555016619003124
115.89843749999997,0.004957179595664734,0.0019463067548279598
115.9130859375,0.006503299324559942,0.0027038324869406603
115.927734375,0.004786418003746646,0.0017481892010964154
115.94238281249997,0.0013722833275078366,0.0001258879422991277
115.95703125,0.00260862606795613,0.0007679094904636752
115.9716796875,0.003474204290015102,0.001649268203583719
115.98632812499997,0.0031247431304675943,0.0015843466298965034
116.0009765625,0.002796173526782915,0.00153178863256281
116.015625,0.0017026206171313484,0.0026393087440782937
116.03027343749997,0.004198215345289487,0.002546268289948877
116.044921875,0.007153408375800779,0.0022857157787058604
116.0595703125,0.006386225259314924,0.0026650231615253824
116.07421874999997,0.003218145863126505,0.0021739933106301986
116.0888671875,0.00258331546087723,0.0017493176895838224
116.103515625,0.0025047506363164505,0.0016130626789586213
116.11816406249997,0.0014124024951968454,0.000874522608638296
116.1328125,0.0023370373671759443,0.0006400002945424095
116.1474609375,0.004947016089483207,0.001090426083834667
116.16210937499997,0.004801473988224897,0.0008213989670518328
116.1767578125,0.000371275517815234,0.0006811849999100873
116.19140625,0.0043347936302167624,0.0014486082753967207
116.20605468749997,0.0051998886557131415,0.001300024023369422
116.220703125,0.005643336037829129,0.0018511927103580662
116.2353515625,0.0058310320110546215,0.002638341759079013
116.24999999999997,0.00492684997966131,0.0024323329491393163
116.2646484375,0.008192936903557038,0.00247519970352714
116.279296875,0.008992223238743772,0.0022969063470740744
116.29394531249997,0.006727751867059548,0.001922498107518324
116.30859375,0.0053702892712183346,0.0015996491364228108
116.3232421875,0.004955249969819085,0.001233767640604849
116.33789062499997,0.0039024836883533786,0.0017740468297310385
116.3525390625,0.0038532025203161105,0.0016938718564060114
116.3671875,0.00381257754596672,0.001121181781219963
116.38183593749997,0.0025144882768317555,0.0022977858613256615
116.396484375,0.0018602777783312742,0.0026067938289652402
116.4111328125,0.005356565633196455,0.00207292685578772
116.42578124999997,0.009257422104644995,0.0032265624704379803
116.4404296875,0.008716126410009978,0.0032047852244678834
116.455078125,0.005617712601232476,0.002405149872108309
116.46972656249997,0.008043496594565963,0.002751359363127498
116.484375,0.010285239941916033,0.0023317841468848788
116.4990234375,0.01001217770337839,0.0016710716474682512
116.51367187499997,0.0082091707423611,0.0015706542773670817
116.5283203125,0.006316483096121169,0.0010369388814640793
116.54296875,0.004549505854761745,0.0006114387072393162
116.55761718749997,0.0030419405289280324,0.001423249749372836
116.572265625,0.002281474994148006,0.0016592568269751006
116.5869140625,0.0026253692892588376,0.0002566312660615948
116.60156249999997,0.0024586680167396234,0.0011807087974929512
116.6162109375,0.00047005092624852077,0.0006053313469277891
116.630859375,0.002006192529301627,0.0012086058976366217
116.64550781249997,0.003930731756768691,0.0018354118723339407
116.66015625,0.0052361084373371836,0.0006763967119273014
116.6748046875,0.005085523813926596,0.0008701321406973362
116.68945312499997,0.004416344206195753,0.0016873075684838384
116.7041015625,0.003173111106793684,0.0014064377803916298
116.71875,0.0018905415396343966,0.00021402247151843404
116.73339843749997,0.004036457033108936,0.0007189193969963591
116.748046875,0.007119320116919467,0.000757868803216615
116.7626953125,0.008392320542644265,0.0012318538486162742
116.77734374999997,0.006790837180874678,0.0012707171155362626
116.7919921875,0.004154853200981601,0.00045685562866756136
116.806640625,0.0039335494525425995,0.0009463525884401758
116.82128906249997,0.0035484959138658446,0.001591104117509078
116.8359375,0.002162656382734119,0.0022727549947475978
116.8505859375,0.002230631403684923,0.0022217093945125885
116.86523437499997,0.0035405760028560814,0.00342412380455847
116.8798828125,0.0041367862936737,0.004363565115362134
116.89453125,0.004804678789522553,0.003593723882263772
116.90917968749997,0.005860778667252983,0.0031471145942516643
116.923828125,0.005171282691081321,0.0028242975935600986
116.9384765625,0.0036798869348218903,0.0020952852476767386
116.95312499999997,0.0027604578604554487,0.0017929310327162633
116.9677734375,0.00162902166801234,0.0017657127016387415
116.982421875,0.0004448316729690356,0.0015740655472581493
116.99707031249997,0.00217321413122711,0.0017701381235057457
117.01171875,0.003307335842329331,0.0026620156766346535
117.0263671875,0.003426296240871639,0.002420860881850424
117.04101562499997,0.001462233544125321,0.0014324662484420162
117.0556640625,0.0010681125329075063,0.0016300414822156154
117.0703125,0.0020620570650661993,0.0006148513233220975
117.08496093749997,0.0038564764500516324,0.0018538301285961605
117.099609375,0.0049785600060590395,0.002328856053021401
117.1142578125,0.004408586274964769,0.0020525385261321127
117.12890624999997,0.003817222882879535,0.0026165105475417375
117.1435546875,0.002880061255413089,0.00320032871314255
117.158203125,0.0021023747611076254,0.0029227839564661953
117.17285156249997,0.0028291468175321525,0.0023613066408380646
117.1875,0.0007370206337040937,0.0023151558302996872
117.2021484375,0.0037997973573300568,0.0026753325637643923
117.21679687499997,0.006158981150259783,0.002870435544318248
117.2314453125,0.0068430477723500725,0.0023350694154106945
117.24609375,0.009633532930301095,0.0023225869166791624
117.26074218749997,0.011073617217942125,0.002647046361860611
117.275390625,0.008119137660820437,0.0014197834155686613
117.2900390625,0.00251309154721828,0.0010107575391908367
117.30468749999997,0.0017276587790252323,0.0018622416269487483
117.3193359375,0.00010157748658088446,0.0007946547187289354
117.333984375,0.003593805986009135,0.0013471075290575646
117.34863281249997,0.005292850821541356,0.0022269818176538386
117.36328125,0.0033948073805149,0.0012557459180914097
117.3779296875,0.0015915253818936646,0.0014253360510750551
117.39257812499997,0.006260046587095071,0.0023709267717762312
117.4072265625,0.007482248052949037,0.0017301617108667806
117.421875,0.005497815741345501,0.0013671593866452704
117.43652343749997,0.0035393386838863867,0.00205680531655278
117.451171875,0.0018006786378377444,0.0019244612115554413
117.4658203125,0.001261070839227683,0.00205989780383372
117.48046874999997,0.0036774681991999557,0.0022356500675281307
117.4951171875,0.00320614654328871,0.0023342377146244853
117.509765625,0.0007908026740789839,0.002931807917367197
117.52441406249997,0.00164140392410364,0.002313230934218217
117.5390625,0.002872261928536101,0.002023995042648271
117.5537109375,0.004060305519407986,0.0030281608694309615
117.56835937499997,0.005621025446621766,0.0026765851600315596
117.5830078125,0.005782265555217381,0.0015814695183758204
117.59765625,0.004256774668944381,0.0028886734858811027
117.61230468749997,0.0025303361362514418,0.0029400748973004986
117.626953125,0.001974965975688717,0.0012241682373192427
117.6416015625,0.001961422145244503,0.0027217535376570573
117.65624999999997,0.001534447488357803,0.0025181589748797494
117.6708984375,0.0041636463282760765,0.0013333309923902422
117.685546875,0.005894745126379692,0.002824701202319795
117.70019531249997,0.006462047334169774,0.00259327076914652
117.71484375,0.007105481097366809,0.0015206706408782778
117.7294921875,0.00527392812942633,0.0021153413364956783
117.74414062499997,0.003405069472191529,0.0027353957023097705
117.7587890625,0.005963346500989853,0.002157256989780162
117.7734375,0.00740851681790267,0.0011582547947689525
117.78808593749997,0.007962934837206209,0.0018338396780952274
117.802734375,0.007577367805509043,0.0027950391369092786
117.8173828125,0.0049857378219028674,0.0020925591660442377
117.83203124999997,0.0032503195538206584,0.0013186631004306548
117.8466796875,0.006668049375756689,0.0023567312019596824
117.861328125,0.01049000942057387,0.002060740929910486
117.87597656249997,0.010084304824269499,0.001088677253419166
117.890625,0.006116213834693217,0.002504111287505327
117.9052734375,0.003025149511190949,0.002838940888749774
117.91992187499997,0.004953768039504605,0.0023801356397849444
117.9345703125,0.00816430180738193,0.0034801933912647054
117.94921875,0.008515717823626605,0.0035042741044156206
117.96386718749997,0.005049618523832943,0.003310214626989724
117.978515625,0.0008614933662146171,0.004045130529982035
117.9931640625,0.003165786425348571,0.0038957040793641392
118.00781249999997,0.003837304234480337,0.003918755669309049
118.0224609375,0.0029121519798253207,0.004394038520505542
118.037109375,0.006846853183402448,0.003281783948138703
118.05175781249997,0.013249762763605996,0.0025324211854247736
118.06640625,0.01588698026433243,0.002549268038459701
118.0810546875,0.011988014819206421,0.001533999076766966
118.09570312499997,0.00463055496940027,0.0008010105603283433
118.1103515625,0.0018999682849044814,0.0015388488534678188
118.125,0.0012954270871419517,0.001529499628210451
118.13964843749997,0.001165412229633555,0.0012476543191556602
118.154296875,0.002291676331365299,0.0023228040004716942
118.1689453125,0.005206123292977789,0.0033839285911750248
118.18359374999997,0.005777984452002151,0.003452883334402911
118.1982421875,0.000579544653570021,0.003975217608227731
118.212890625,0.005359262048217861,0.0050915604458652355
118.22753906249997,0.005425150445661692,0.004277142539753982
118.2421875,0.0017345947492795604,0.0030248500498875224
118.2568359375,0.0027113439603411406,0.003523497890882064
118.27148437499997,0.004552341841160166,0.0028904420917198175
118.2861328125,0.007368372339065611,0.0014600095453745827
118.30078125,0.009217692171113663,0.0027539773732437756
118.31542968749997,0.007131159202501361,0.0032704693621804365
118.330078125,0.003472817526392519,0.002452519522603344
118.3447265625,0.0064479986862711345,0.00396800759375294
118.35937499999997,0.007378139592534496,0.004253299554283068
118.3740234375,0.005342713201887121,0.003381741741553316
118.388671875,0.004227363059119421,0.0040529864737081905
118.40332031249997,0.004083064821051132,0.0041053516662457
118.41796875,0.0032508080012031587,0.0034433562625415053
118.4326171875,0.004748401851929247,0.003504881031330833
118.44726562499997,0.006537062450698823,0.0026843066099942227
118.4619140625,0.006422162039784684,0.001661506499642254
118.4765625,0.0049700318308609805,0.0019109310901157981
118.49121093749997,0.0019924360727029853,0.0017546149457906895
118.505859375,0.0020203679660975842,0.0006303030162480758
118.5205078125,0.002832937165364045,0.0005110896288900262
118.53515624999997,0.0020614927627732984,0.000510855422226719
118.5498046875,0.00571979934604125,0.0007380723666130207
118.564453125,0.005645111470418119,0.0018727642621358357
118.57910156249997,0.005270787410325228,0.0020306253858467117
118.59375,0.007870942987349422,0.0018214420370111341
118.6083984375,0.008841484996376452,0.0030933796909807442
118.62304687499997,0.006225556872760651,0.003961843166255599
118.6376953125,0.002593544447251333,0.0034261902319548234
118.65234375,0.005002574664289895,0.0032536084406445146
118.66699218749997,0.005176986561975006,0.004065981470298655
118.681640625,0.0034827929813512457,0.003240678630459797
118.6962890625,0.0021322280506503475,0.0011620467879774144
118.71093749999997,0.0013244906718748394,0.001387076707214569
118.7255859375,0.0015968351822765027,0.0007678952948756497
118.740234375,0.002359600901280758,0.0018792980573010527
118.75488281249997,0.0028774946590740848,0.002331858656504139
118.76953125,0.004992318376717898,0.0011597896180065772
118.7841796875,0.00592174025500925,0.002619455311166965
118.79882812499997,0.0036447741424614198,0.0020873539246835417
118.8134765625,0.0010307016922258985,0.0007565546834309889
118.828125,0.001943381560248058,0.0004751032141283824
118.84277343749997,0.00565130630508078,0.002369653123971862
118.857421875,0.007799146016705478,0.003525032012068991
118.8720703125,0.007740047402532308,0.0024803470290400286
118.88671874999997,0.0073608158325130305,0.0027741469974569733
118.9013671875,0.005954825255075796,0.002976499928863768
118.916015625,0.0030255615982113186,0.0017601583417944495
118.93066406249997,0.0019758869053524237,0.0015523681664350475
118.9453125,0.0031613999895624516,0.0018178227025225369
118.9599609375,0.002700152852988368,0.0006435924792406036
118.97460937499997,0.001340549486094353,0.0007140339643509106
118.9892578125,0.0005363260264395107,0.0006902935841184182
119.00390625,0.0010850289174160214,0.0005986557203798873
119.01855468749997,0.001213488415712376,0.0015059069960447885
119.033203125,0.001941298797519006,0.001580239128340627
119.0478515625,0.0030537643039272406,0.0015230332594475227
119.06249999999997,0.003487951803168089,0.0019415850202491197
119.0771484375,0.0039716768260919825,0.002016396836370297
119.091796875,0.0033505448003614867,0.0016918136362000043
119.10644531249997,0.001413562222799129,0.0020024923537860497
119.12109375,0.003029483958430753,0.0024360723566523583
119.1357421875,0.0038606805352801345,0.0018764300115969843
119.15039062499997,0.0030845584381091118,0.0015338840690458423
119.1650390625,0.000994336063803124,0.0018760377720569606
119.1796875,0.0037215727048493857,0.0022737441393194144
119.19433593749997,0.0069749676195661,0.0026474196438290693
119.208984375,0.010079273811950909,0.0032348349705553277
119.2236328125,0.01119467378309246,0.0034848504971924086
119.23828124999997,0.00786305105898774,0.003348669463813996
119.2529296875,0.0022055982869923665,0.0031648950070914694
119.267578125,0.0029667414693874666,0.0031177686316613434
119.28222656249997,0.005074639639601851,0.0028300595838439842
119.296875,0.00457654132614779,0.0025343847586206192
119.3115234375,0.0047902521153895036,0.0025401687232743083
119.32617187499997,0.005039723112170456,0.001841139864919228
119.3408203125,0.0026411015761700395,0.001582282721224324
119.35546875,0.0010707874788794924,0.00208900060647525
119.37011718749997,0.003506056097215443,0.0015652033772432271
119.384765625,0.005436975571263412,0.0018340764231585959
119.3994140625,0.006675460731101258,0.002429942020993794
119.41406249999997,0.006044353634481043,0.0014148431433761792
119.4287109375,0.005795615829399983,0.001593210886651723
119.443359375,0.005993089306204553,0.002226348520247215
119.45800781249997,0.004251587902273179,0.0017528142433113705
119.47265625,0.0019176870263187097,0.001663266487432528
119.4873046875,0.00410006408056261,0.0024108727256838152
119.50195312499997,0.0043770011979367635,0.001737195378377926
119.5166015625,0.0031228108856989198,0.0012299889645174841
119.53125,0.0024404946271237415,0.0022408310220172747
119.54589843749997,0.0013153125281929069,0.0029293734385172354
119.560546875,0.0013464546768718862,0.0030140137451155962
119.5751953125,0.003109032706146385,0.003131434646804862
119.58984374999997,0.004661774585285011,0.0027728838792093853
119.6044921875,0.0053408129010419645,0.002656108193223671
119.619140625,0.004465674331081565,0.001955940383601317
119.63378906249997,0.0032848368255492385,0.0013598110267912765
119.6484375,0.002325000485476955,0.001804535629602912
119.6630859375,0.0016109206025033387,0.0009988745234831582
119.67773437499997,0.0029325943624291893,0.0016591053844963485
119.6923828125,0.001934078819168539,0.0024365538271950773
119.70703125,0.001171168434464226,0.002028065660823253
119.72167968749997,0.0023838818698857316,0.003373895845378278
119.736328125,0.0017695797224262825,0.0035882752718912844
119.7509765625,0.001280828239677503,0.002659626941095358
119.76562499999997,0.004962524771226536,0.0035039112878855784
119.7802734375,0.006429627155628459,0.0036065784443485636
119.794921875,0.005434791018554475,0.002173791061613099
119.80957031249997,0.005996074811116424,0.0024280513708491436
119.82421875,0.005191711175319788,0.0030433020365888625
119.8388671875,0.0009935243689393612,0.0020579858990632284
119.85351562499997,0.002973171832411019,0.0014211797421649504
119.8681640625,0.003718078759652976,0.0023718843707935464
119.8828125,0.0030597979495185002,0.0012962945698740214
119.89746093749997,0.0034859792749719833,0.0010352404996544391
119.912109375,0.0022662423037962897,0.0020288198275337723
119.9267578125,0.0026908831438871815,0.001222525129134292
119.94140624999997,0.004188755401163695,0.002653669423013975
119.9560546875,0.003236769490302498,0.0036194704626507906
119.970703125,0.0031221471339937497,0.0025286310276962914
119.98535156249997,0.004802234603491562,0.0029309590946351213
120.0,0.005378990947668583,0.003439268366735565
120.0146484375,0.005046364769424339,0.001963998673086932
120.02929687499997,0.005510202564736248,0.0012843102706459524
120.0439453125,0.006901454410653896,0.0016745733306701214
120.05859375,0.007295306892365047,0.0013349626290926724
120.07324218749997,0.007697730971194648,0.0007359670337247201
120.087890625,0.007463820952577686,0.0011578192127050966
120.1025390625,0.004609320921006848,0.0010362232897847092
120.11718749999997,0.0037152190737424016,0.0008096413139125837
120.1318359375,0.005748694344948793,0.0011263388780576636
120.146484375,0.003854030686567906,0.0010484679788576258
120.16113281249997,0.002192320422272488,0.0015713930630141951
120.17578125,0.004482404058804848,0.0020762801255210573
120.1904296875,0.00416534852343672,0.0023262863834352873
120.20507812499997,0.0022489801400536655,0.002896191338995765
120.2197265625,0.0015523960902633436,0.0032792508651132046
120.234375,0.0010646305577227666,0.00303058558680326
120.24902343749997,0.004083372502307607,0.002909129509450546
120.263671875,0.005947386485037383,0.0033483287278877395
120.2783203125,0.00582508033093729,0.003004928816664654
120.29296874999997,0.005043581751672979,0.0026603516984425022
120.3076171875,0.005212609436261028,0.0036266687026151132
120.322265625,0.004687287717049493,0.0036123156412047985
120.33691406249997,0.0022715465249197497,0.0028471129702110623
120.3515625,0.0009245632110855896,0.0039461232976390976
120.3662109375,0.0017147443008042498,0.004712351999810304
120.38085937499997,0.0009354870211265051,0.0036232106309354952
120.3955078125,0.0030416362806969435,0.0034731285593484775
120.41015625,0.003533384577730035,0.0041161771532936394
120.42480468749997,0.001996450839179826,0.002985204115454157
120.439453125,0.0007287112916711734,0.001722515629141945
120.4541015625,0.0024541681957736907,0.002166154452420748
120.46874999999997,0.0029630451748359123,0.0009395677632496633
120.4833984375,0.004126767384803035,0.0013426589428189894
120.498046875,0.006004253681572926,0.002091633351259044
120.51269531249997,0.006232321438213533,0.0014188161682646334
120.52734375,0.005948323450783423,0.0025376151325437355
120.5419921875,0.005724533994365644,0.0030869804610444145
120.55664062499997,0.003516876736821033,0.002353395314536593
120.5712890625,0.0022932521837341403,0.0029623235177579986
120.5859375,0.0028067893841192235,0.004357962478670548
120.60058593749997,0.0036855819823603357,0.004061707422708656
120.615234375,0.005597570345555876,0.0038044722594793817
120.6298828125,0.005730638871799675,0.004885757306556685
120.64453124999997,0.0018959598457337057,0.004304281842129643
120.6591796875,0.003856101726666704,0.002902901567695102
120.673828125,0.006139790125103395,0.0028961042328324105
120.68847656249997,0.005123415497849618,0.0024191803775741806
120.703125,0.003827945108304939,0.001184673480967563
120.7177734375,0.0020789937492794925,0.000411695284508203
120.73242187499997,0.0020750760273176103,0.0005097590194657991
120.7470703125,0.0041556731173751785,0.0009591902620100038
120.76171875,0.004654459320064298,0.0020468562085191504
120.77636718749997,0.004739075733986945,0.0024518664375369555
120.791015625,0.004665516990830812,0.0020263249440628933
120.8056640625,0.004762365227824047,0.0020242425179770023
120.82031249999997,0.0063348801249195775,0.002682502866183815
120.8349609375,0.008119659864572918,0.0030909769624152617
120.849609375,0.009119147742195454,0.0027520237836568353
120.86425781249997,0.007264442397805673,0.002766835781172102
120.87890625,0.0031524599590762314,0.0033861817308905515
120.8935546875,0.0005613357341963318,0.0026579601128193936
120.90820312499997,0.0026098241058044335,0.0016657793711517901
120.9228515625,0.004539433935262827,0.0025619189467464267
120.9375,0.004012311968916381,0.0025563278958127046
120.95214843749997,0.0008921281197522316,0.0015304261153198842
120.966796875,0.004460190823757705,0.00228142875815378
120.9814453125,0.0073128048611960095,0.0033089627766309916
120.99609374999997,0.0049109172512003755,0.0026933695755073767
121.0107421875,0.00092853145660636,0.002340709005127722
121.025390625,0.0014537023912900818,0.0029606475990810754
121.04003906249997,0.0005326453747170699,0.002507480508718707
121.0546875,0.0019442551262250668,0.0015902523406840696
121.0693359375,0.005474616735546291,0.0015306123382944766
121.08398437499997,0.007057530370866591,0.0017841959423878875
121.0986328125,0.006019719354422388,0.0014440448371628278
121.11328125,0.00505178903831219,0.0011728879401537585
121.12792968749997,0.0062096875484901675,0.002306922695279959
121.142578125,0.007595042918681849,0.002506029940164127
121.1572265625,0.005685661385164883,0.0018519368721037557
121.17187499999997,0.0015645734288671136,0.0028735803189946906
121.1865234375,0.002568308551315741,0.0031691416357047825
121.201171875,0.003124971831312393,0.001606022811733472
121.21582031249997,0.00027431727469688806,0.0011686606608078544
121.23046875,0.004200541183668058,0.0023813125071141562
121.2451171875,0.005009761036885079,0.0020608959013186023
121.25976562499997,0.0043466547711802535,0.0010658270629097001
121.2744140625,0.005861873568133372,0.0013166965793797358
121.2890625,0.007146165794590438,0.0012457930858908574
121.30371093749997,0.007565284272550079,0.0033087299185081526
121.318359375,0.006040789130180112,0.002424509102041981
121.3330078125,0.004506953894474777,0.001110549920097632
121.34765624999997,0.004585776986170148,0.002892658801108779
121.3623046875,0.0040780936572574825,0.002564322345470792
121.376953125,0.0019039517058758735,0.0011234824133323279
121.39160156249997,0.000583172108077881,0.0013176961544175453
121.40625,0.0016873180173399493,0.0012085471941144748
121.4208984375,0.003838656663246866,0.0004755467456745152
121.43554687499997,0.003964100574475003,0.0010485126233448067
121.4501953125,0.0036396824068690827,0.0012427944778355233
121.46484375,0.003400357838118234,0.0010593276529930076
121.47949218749997,0.0016509019673753957,0.0014041051203146867
121.494140625,0.0022964273000399336,0.00154070742011212
121.5087890625,0.004442810975737369,0.0014860974125820172
121.52343749999997,0.004207850386473916,0.0009499067130327186
121.5380859375,0.0028858308747181432,0.0010851817948572785
121.552734375,0.004570026902428654,0.0018140950709754093
121.56738281249997,0.007871839429187137,0.0013715233291346307
121.58203125,0.008426199499069713,0.0007077378691929973
121.5966796875,0.0053965753008883965,0.0007099913238396249
121.61132812499997,0.0013597015450875361,0.0013858579056611454
121.6259765625,0.003997044001263664,0.0018421284992136682
121.640625,0.006213640939679477,0.0014640618925164555
121.65527343749997,0.006519990033304383,0.00015047722836360446
121.669921875,0.0066739896142518785,0.00207235017878012
121.6845703125,0.005562160469828909,0.002639228994953731
121.69921874999997,0.0037090037089558383,0.001093549947412306
121.7138671875,0.004601443328179145,0.0015390612431254694
121.728515625,0.004868789687334235,0.0020385585968806783
121.74316406249997,0.002967507602115175,0.0004972324629145364
121.7578125,0.0018041975592316827,0.0013050876802218503
121.7724609375,0.0012311741869063737,0.001550897364836497
121.78710937499997,0.0013967445016064095,0.00019312501289032487
121.8017578125,0.0037970177009697304,0.0016546333184012055
121.81640625,0.004525348778202682,0.001954810438823641
121.83105468749997,0.003187254593649235,0.00028810216353783165
121.845703125,0.0015111696166285812,0.0012461782087631764
121.8603515625,0.002147826737367961,0.0006173931829227519
121.87499999999997,0.004066971059198396,0.0011621724896229038
121.8896484375,0.006806326415041564,0.0014373789263593304
121.904296875,0.008024349868229707,0.0011643149828271153
121.91894531249997,0.006740625790911534,0.0015868011121699924
121.93359375,0.006416602977720177,0.0017945441526038318
121.9482421875,0.0081444149122433,0.002114644722844478
121.96289062499997,0.008090926176474283,0.0015824882706533744
121.9775390625,0.006075942047384866,0.0015550878223598086
121.9921875,0.005851408006638442,0.002790301493318913
122.00683593749997,0.006205411744573732,0.0025748316427492723
122.021484375,0.0036906851627419245,0.0013391093903059276
122.0361328125,0.0014076942632110618,0.0033611720347853802
122.05078124999997,0.0031675118791803887,0.003564994418063723
122.0654296875,0.004050731757148598,0.0012350206533735893
122.080078125,0.004588056519681592,0.0021169900880891163
122.09472656249997,0.004004881467147405,0.0030135681426482325
122.109375,0.0018733924959496784,0.001942271368678279
122.1240234375,0.00223725472071711,0.0002392153515971969
122.13867187499997,0.0014293863498206201,0.0016638466894984398
122.1533203125,0.0017196518584725333,0.0014733279774038807
122.16796875,0.0041755257184571135,0.0008194057766079348
122.18261718749997,0.00379721235711062,0.0012911273149138003
122.197265625,0.001308959133524456,0.0012877003511839067
122.2119140625,0.0010857758924477689,0.002586820212329701
122.22656249999997,0.0029885129767813334,0.0034370218505721914
122.2412109375,0.004284688259434889,0.0036654939730042992
122.255859375,0.0039710976833799,0.0031897822722803783
122.27050781249997,0.0025306660420928787,0.002572345275952926
122.28515625,0.0015832611328914423,0.0024687288195875067
122.2998046875,0.0020239311876822782,0.0010008069158620285
122.31445312499997,0.0030052472253486034,0.001141757848774211
122.3291015625,0.0030214749502258578,0.0016444380245912553
122.34375,0.004169277113369894,0.0016401213007557194
122.35839843749997,0.0070832764955589735,0.003453945131894131
122.373046875,0.007300498630818649,0.003674710522907166
122.3876953125,0.004036419759667717,0.002204910718654779
122.40234374999997,0.0006419136706811861,0.0023057466874745504
122.4169921875,0.0015764454026087477,0.0030503193249313628
122.431640625,0.002583838544600599,0.0031778640665908755
122.44628906249997,0.0023199339051011305,0.002740132074829259
122.4609375,0.004142902601523693,0.0032523531572065754
122.4755859375,0.007181959312728164,0.003798571212396497
122.49023437499997,0.0077137308436746885,0.003422337245330384
122.5048828125,0.006399549322310291,0.0029008996113214706
122.51953125,0.004609388782044014,0.0027521007064146017
122.53417968749997,0.0033747130123753686,0.0031415954808720775
122.548828125,0.002121227467452338,0.0033124608289614105
122.5634765625,0.0015339280188756067,0.002428801445336
122.57812499999997,0.0030075929255270585,0.0013325776701214743
122.5927734375,0.0024445183858136507,0.0015419394521469835
122.607421875,0.0008135143203409376,0.001722218705288966
122.62207031249997,0.0028101971751505793,0.0011326648357116655
122.63671875,0.002116876190753607,0.000687784021673149
122.6513671875,0.00045978771032262073,0.0021812253208672357
122.66601562499997,0.00233075180859267,0.0016027072526944052
122.6806640625,0.002177303251423191,0.0012303113085326382
122.6953125,0.0011619377497981728,0.002920397031031044
122.70996093749997,0.001711506454620699,0.0025931031954512067
122.724609375,0.0032385398517054856,0.0014384596082269295
122.7392578125,0.005496040619908415,0.002627463083685955
122.75390624999997,0.00416662700016332,0.0021945596607692375
122.7685546875,0.0006545383784231576,0.000630807905267697
122.783203125,0.0009113602033148235,0.00022889189398418478
122.79785156249997,0.001359207650862352,0.0010038336737438925
122.8125,0.0028573267205149553,0.0013782515226396321
122.8271484375,0.0049071762538510305,0.0008329059102291337
122.84179687499997,0.006946447381412334,0.00043609234519975204
122.8564453125,0.00581749805219929,0.0012134885000300028
122.87109375,0.0028599012571314535,0.0005318498759830534
122.88574218749997,0.0023136696915836822,0.0017298406804668897
122.900390625,0.002710468888560317,0.002656961069968775
122.9150390625,0.0032297956440319655,0.001701741857146094
122.92968749999997,0.002762090881089515,0.0019440514859389853
122.9443359375,0.0021475590702232945,0.0022893780763121986
122.958984375,0.0032215697661830446,0.0011781415993743077
122.97363281249997,0.004738865161272152,0.0006885939652298463
122.98828125,0.0069194258466843996,0.001392432174832171
123.0029296875,0.007572995803194206,0.0010501377802028262
123.01757812499997,0.005366327270620204,0.0012819327108777485
123.0322265625,0.0011586773609678258,0.00294096673966545
123.046875,0.0028838394647228973,0.0035278661528332406
123.06152343749997,0.0033041184825163138,0.0035003280591220285
123.076171875,0.0025372461909186714,0.004447992352841727
123.0908203125,0.003595045586994995,0.004669953177390949
123.10546874999997,0.0031724374088559332,0.0035161482748614047
123.1201171875,0.0014248089183381096,0.0026277984543294185
123.134765625,0.0022631882758583164,0.003090445841587635
123.14941406249997,0.00246117229577411,0.0036588052607726637
123.1640625,0.0017912740663143286,0.0031921422644268734
123.1787109375,0.003632924846223664,0.0028901604835304823
123.19335937499997,0.003059965813374028,0.0031284225262008087
123.2080078125,0.0028539135196809094,0.0020853075657900886
123.22265625,0.003775754536243362,0.0005013061349978445
123.23730468749997,0.00382230957151065,0.0010097812549523845
123.251953125,0.0030845374209629347,0.00047965493869190013
123.2666015625,0.0016195518121523667,0.0017175718003864394
123.28124999999997,0.004465099592423749,0.0027307868436547114
123.2958984375,0.007469539006703161,0.002010093727720086
123.310546875,0.009053965573918576,0.0022861251445610675
123.32519531249997,0.009899111351185794,0.002768817665311637
123.33984375,0.010247402736575451,0.002167402889645159
123.3544921875,0.008329515907856553,0.0016648242344264891
123.36914062499997,0.003847234199575129,0.002126807932301395
123.3837890625,0.003537223654729798,0.00232188783927462
123.3984375,0.006927672780574944,0.00214832605082136
123.41308593749997,0.007080020027519189,0.0023207131365943702
123.427734375,0.0044067273547592056,0.002680271040432948
123.4423828125,0.0017891470013694163,0.0022936266255865413
123.45703124999997,0.0010649469039347987,0.0017734718204089363
123.4716796875,0.0008581748988700539,0.0015836095454707345
123.486328125,0.0008641806831334166,0.0011780290028884915
123.50097656249997,0.0022810745258965773,0.0007393561994701387
123.515625,0.003565969759221992,0.000856917851494776
123.5302734375,0.005085123268713643,0.0012192953838957787
123.54492187499997,0.006709510826876028,0.0012803867801157096
123.5595703125,0.0074985010198041725,0.001400958402187546
123.57421875,0.007492689982742238,0.001480488430231748
123.58886718749997,0.0070625822091675665,0.00141318531350454
123.603515625,0.006245483944036941,0.0015554226587062667
123.6181640625,0.004647641296698563,0.002236035792560419
123.63281249999997,0.003420470874387771,0.0024658277342097185
123.6474609375,0.004328240970542181,0.002170668780870369
123.662109375,0.004832360294096047,0.00256021039583081
123.67675781249997,0.004118779372052592,0.0028655455768045895
123.69140625,0.003885016000484302,0.002311511555743447
123.7060546875,0.0033355696462643936,0.002058081552288396
123.72070312499997,0.002716412228359847,0.0026323159656174724
123.7353515625,0.0038237837491359684,0.0029456083352796788
123.75,0.006050876683074686,0.002558733677161676
123.76464843749997,0.005384578086455026,0.0020047339417702077
123.779296875,0.003950772354779598,0.0018368708751007599
123.7939453125,0.0036363920478696,0.0016138092408437856
123.80859374999997,0.0034276169195659547,0.0008187503193594463
123.8232421875,0.003961948777535257,0.00022374569291275302
123.837890625,0.005782508609669718,0.0002667183869629709
123.85253906249997,0.007380592977285624,0.0012160908043604038
123.8671875,0.006649335924178455,0.0019883407470777264
123.8818359375,0.0046987524510866425,0.0014403001088284242
123.89648437499997,0.0029138551761712394,0.001999192723382454
123.9111328125,0.0008553546369948141,0.0029957149657260027
123.92578125,0.003302666491918256,0.0028438882586934826
123.94042968749997,0.004259472002183512,0.0028753526813844604
123.955078125,0.005131607569116962,0.0035131966521824635
123.9697265625,0.006131946526581281,0.003412845172595194
123.98437499999997,0.004829860149940695,0.0031973849345967352
123.9990234375,0.0037233806394100346,0.0029814986572170715
124.013671875,0.004622400831862441,0.0024381088537077126
124.02832031249997,0.005332800010754581,0.0023004347682885114
124.04296875,0.006785921881142465,0.0018786263428174968
124.0576171875,0.00768606006812037,0.0011963717350751857
124.07226562499997,0.007469178537211679,0.001886460389366585
124.0869140625,0.006735029533312858,0.0016600257475725656
124.1015625,0.0061891751874608054,0.0010412958218061399
124.11621093749997,0.006709107880106757,0.0021302177265446207
124.130859375,0.006725650621653498,0.0019303522286110133
124.1455078125,0.004177079766143505,0.0009617438580332588
124.16015624999997,0.002152046959749041,0.001944455666516092
124.1748046875,0.003876756258443563,0.0024368692276972837
124.189453125,0.005310602363947246,0.0016999280996338885
124.20410156249997,0.005444743268112623,0.0018388495340835502
124.21875,0.004156014398195886,0.002599070408678989
124.2333984375,0.003489018381474651,0.0020645346802325134
124.24804687499997,0.0036268963265126,0.001519593638157895
124.2626953125,0.0024635113460672597,0.0016907659776244945
124.27734375,0.0010155673157329962,0.001423223179462839
124.29199218749997,0.002007973665059351,0.0011041380780792676
124.306640625,0.0018668949705326436,0.0012641862864179556
124.3212890625,0.00019974484243918578,0.0015936846588689353
124.33593749999997,0.002288624181825346,0.0017932180643802159
124.3505859375,0.003251804214645889,0.001590237850851017
124.365234375,0.0015376523965495304,0.00163609920198907
124.37988281249997,0.0012142017809557391,0.001744141221855281
124.39453125,0.001567586390941324,0.0007108634514455437
124.4091796875,0.0008772324866498767,0.0011843375691992842
124.42382812499997,0.003350321467619619,0.0012507109638214859
124.4384765625,0.004893876796549927,0.0003172417937149618
124.453125,0.00674257865403556,0.0007725985225954834
124.46777343749997,0.009066325051298126,0.0013751364643147942
124.482421875,0.010093278805262501,0.0014204071245878093
124.4970703125,0.009385303595449744,0.0011721263407145346
124.51171874999997,0.008582146009322543,0.002259610689735433
124.5263671875,0.010071195434114985,0.003922107299816661
124.541015625,0.010637044544686447,0.00430882886401418
124.55566406249997,0.007679257363351501,0.004191631724681627
124.5703125,0.003401537961667436,0.00453198188698708
124.5849609375,0.002128437019707012,0.004141424884383394
124.59960937499997,0.0046923584634812245,0.0025924216824525915
124.6142578125,0.007277570112238805,0.0011294170783406714
124.62890625,0.007041410879951169,0.001084157845715444
124.64355468749997,0.004192922495596022,0.0018303831936899966
124.658203125,0.0012897249795979222,0.002293327661266611
124.6728515625,0.003653834313661899,0.0011621311565107994
124.68749999999997,0.005495995876436296,0.0010223161122128101
124.7021484375,0.004973021370485204,0.0016124009727711333
124.716796875,0.0037306451403133828,0.0026083845787870236
124.73144531249997,0.002679054638647369,0.0027938930453989845
124.74609375,0.002531951156459773,0.0025551570938580808
124.7607421875,0.005314616149914823,0.004144821858689716
124.77539062499997,0.00587023187167035,0.00423097726415845
124.7900390625,0.0030191814491004267,0.0031285813495651052
124.8046875,0.0027906704675202763,0.0031229769547277166
124.81933593749997,0.004664591367727596,0.003505773166480937
124.833984375,0.00478956579450781,0.0032557940212393343
124.8486328125,0.003629677034521163,0.0029946492431006345
124.86328124999997,0.0019547646978201917,0.0026067278400139933
124.8779296875,0.0036362867747661157,0.0023084950368654953
124.892578125,0.0037334418161332227,0.002533377491204348
124.90722656249997,0.0013098194439190444,0.002131692021654991
124.921875,0.0010207341845198982,0.0009751823046118722
124.9365234375,0.0024491157261023644,0.0015886899101083764
124.95117187499997,0.004097482486390474,0.0019326343595144546
124.9658203125,0.0024252824727201594,7.769427094348171e-05
124.98046875,0.0024243228934336153,0.0018726934073008516
124.99511718749997,0.0034102587106663684,0.001582986540004538
125.009765625,0.0030485000514260292,0.0013383277603362736
125.0244140625,0.0045502353873582155,0.0026869560437673655
125.03906249999997,0.004365614843793927,0.0027201137224665533
125.0537109375,0.003883034687888005,0.001579764735521278
125.068359375,0.0065337608642680135,0.002030512219608455
125.08300781249997,0.006836784129947523,0.002376168844439573
125.09765625,0.0029456703123691796,0.0011350403992906263
125.1123046875,0.004937490895629296,0.0007525915934675995
125.12695312499997,0.006560236971175082,0.001289679034724123
125.1416015625,0.003972527824429182,0.0006445219403896575
125.15625,0.0015953814063931887,0.0005100492717280858
125.17089843749997,0.0028420477555473208,0.0011991202361180827
125.185546875,0.0057783828306996335,0.001363068032813589
125.2001953125,0.008038501453340988,0.0009553867028325472
125.21484374999997,0.008047129407508628,0.0009720776484068486
125.2294921875,0.00661507767579445,0.0019644492952007463
125.244140625,0.007530714728816996,0.002035704640449691
125.25878906249997,0.008510384391677188,0.0008245009732642774
125.2734375,0.006874323745958573,0.0017291347872571868
125.2880859375,0.004544020945396784,0.0016075748986170083
125.30273437499997,0.003506009517376557,0.0003663357720277937
125.3173828125,0.003990864211668683,0.0019301512654995078
125.33203125,0.004006101076030686,0.001457329476199123
125.34667968749997,0.002536975109348669,0.001324052364135256
125.361328125,0.00417924716408215,0.0027019402971678306
125.3759765625,0.005947595417292448,0.002193464088540393
125.39062499999997,0.0049456439998558956,0.0008609791723595151
125.4052734375,0.0034372980887588025,0.0013295827388612594
125.419921875,0.003327940033364025,0.0014223846969856054
125.43457031249997,0.004063849342783213,0.0011852722506179223
125.44921875,0.0042118812845586655,0.0005727397860632955
125.4638671875,0.003625368040827545,0.0007525375647074023
125.47851562499997,0.0047439887458873,0.0013425767035740409
125.4931640625,0.006852169811416587,0.0016673709570930529
125.5078125,0.006457352908984876,0.0019520598091085956
125.52246093749997,0.0029267300556993702,0.0016983923881925221
125.537109375,0.003358458499738964,0.001014476132368531
125.5517578125,0.007008917932163057,0.0015921305168186777
125.56640624999997,0.007547672983327762,0.0024285399846057884
125.5810546875,0.004723774756645241,0.00191070932367037
125.595703125,0.0013687680288646273,0.0012306312233396788
125.61035156249997,0.0005074391061446026,0.0021296063529840275
125.625,0.001787147692723775,0.0014793429113901134
125.6396484375,0.0027900930884860544,0.0007546777452124815
125.65429687499997,0.0026392192923983893,0.000823689229195907
125.6689453125,0.004526159958224345,0.0014991070564857863
125.68359375,0.007490080638744916,0.0029722417619014972
125.69824218749997,0.008862437762683398,0.002900460485988078
125.712890625,0.008281449424002444,0.0018518567936060587
125.7275390625,0.006159357396683019,0.0022590018419571087
125.74218749999997,0.003925332033985562,0.0017983903044691402
125.7568359375,0.0031873221095953873,0.00010820711888378062
125.771484375,0.0038963880179241407,0.0010387823712780795
125.78613281249997,0.005133675386936153,0.0008015190811805957
125.80078125,0.005330578960247273,0.00047198826051036535
125.8154296875,0.0036799880763172844,0.0015516288579954312
125.83007812499997,0.001939468861970083,0.0016640383353675053
125.8447265625,0.001879920793674721,0.0010782328390319196
125.859375,0.002426668354795886,0.0012683787419208313
125.87402343749997,0.0025561645564546385,0.0022947683742201084
125.888671875,0.0038230208243464387,0.0025750032681936138
125.9033203125,0.006122628210263838,0.001941354496637244
125.91796874999997,0.007638840144764,0.0022679418481472897
125.9326171875,0.007245481672346111,0.002499950846765122
125.947265625,0.003964837858156226,0.001791385102208887
125.96191406249997,0.002647720192220324,0.0017127154696403356
125.9765625,0.004312444482992665,0.002516829991972931
125.9912109375,0.004322411501025902,0.0018465215816739547
126.00585937499997,0.00469020670847032,0.0017281346570562632
126.0205078125,0.003208984872670016,0.0021118404955443107
126.03515625,0.0009062873078506606,0.000964866359056615
126.04980468749997,0.0030115707829879534,0.002088197016490632
126.064453125,0.0005545219835897575,0.0017698739864167533
126.0791015625,0.0033797003505792104,0.001195598006312918
126.09374999999997,0.004311723327225036,0.002203434360789081
126.1083984375,0.002143764045248962,0.0012660101751165017
126.123046875,0.0011657890290042976,0.001037929124682668
126.13769531249997,0.00347934372075168,0.0014271380704035247
126.15234375,0.005765427691975339,0.0003369099156377148
126.1669921875,0.007355379533063014,0.0011415369948903297
126.18164062499997,0.005440415656613958,0.0009868518855998432
126.1962890625,0.0013914263845553768,0.00035869662116460416
126.2109375,0.002398200690122713,0.0006145614798708704
126.22558593749997,0.001907512063477055,0.0017778896897538098
126.240234375,0.001038420621162191,0.0021337447385290486
126.2548828125,0.002842584215540762,0.0020555696729401907
126.26953124999997,0.002147051624421567,0.0029123172588873124
126.2841796875,0.0028209339281178923,0.002824361873825264
126.298828125,0.00255613597051593,0.0020703763536747796
126.31347656249997,0.0007786823474951111,0.002535150668753113
126.328125,0.003988583111760534,0.002177426512661206
126.3427734375,0.004614732988652102,0.0008528359471331953
126.35742187499997,0.002145107879849099,0.0007626973638813187
126.3720703125,0.004235386297600686,0.0016229719650617382
126.38671875,0.005421044715373832,0.0020526439455179945
126.40136718749997,0.003624546295850374,0.0015341671495679504
126.416015625,0.0036663857036530207,0.0021337631227803674
126.4306640625,0.004525288823622692,0.0028860565977502496
126.44531249999997,0.0026558423183255576,0.0019429103764019998
126.4599609375,0.0017368054427840218,0.001808913757735217
126.474609375,0.0036015694549265107,0.002212548291754746
126.48925781249997,0.003773177383461401,0.0010316658811894961
126.50390625,0.0023348876873932702,0.0013778976420845948
126.5185546875,0.0033428205756177256,0.001542224976550439
126.53320312499997,0.0035344257979060077,0.0005991895574712062
126.5478515625,0.0027502265400368795,0.00038847079883046795
126.5625,0.0030457754870327754,0.0010957217732648857
126.57714843749997,0.002526714272870231,0.0008017844733278657
126.591796875,0.0021991201339927823,0.000788576467169679
126.6064453125,0.0022866152576244162,0.00193186941818451
126.62109374999997,0.0063021513484586185,0.001404332622263139
126.6357421875,0.008727112881348474,0.002403091912468916
126.650390625,0.007516380995095358,0.0031745865231756058
126.66503906249997,0.0037293311447526515,0.0021964327905386752
126.6796875,0.0009284099047799901,0.0021431639255728415
126.6943359375,0.0013085542187861428,0.002380780209813462
126.70898437499997,0.0005749688908252032,0.0015458408012044096
126.7236328125,0.002573543164955556,0.0009709365375293578
126.73828125,0.005091427114410293,0.0009912741227933993
126.75292968749997,0.0067740831664997924,0.0008061767260552098
126.767578125,0.006656020633434234,0.0006062628233217822
126.7822265625,0.005785204746914404,0.0004883593970899596
126.79687499999997,0.005980545099231905,0.000978784526288947
126.8115234375,0.007068141083995389,0.0015472100985464766
126.826171875,0.006657251789536299,0.00168373348465285
126.84082031249997,0.004427565604572025,0.0022521083464962107
126.85546875,0.005196494364621167,0.003317858278628903
126.8701171875,0.004830918942710059,0.0032798294583622233
126.88476562499997,0.0026734262743602077,0.0026736689256906076
126.8994140625,0.006288973347393826,0.0034960162057877547
126.9140625,0.008342798182346218,0.0037535511852525437
126.92871093749997,0.007101364428728267,0.002391950938410094
126.943359375,0.007166994499007773,0.002764504272410252
126.9580078125,0.007686399803164056,0.003645987847426712
126.97265624999997,0.006622980014634365,0.0026361047350004917
126.9873046875,0.007839306458522734,0.002187136375489036
127.001953125,0.009015629172821386,0.003995619880130266
127.01660156249997,0.006589373346173979,0.003724056549882788
127.03125,0.00205630760494337,0.002623060758889765
127.0458984375,0.0024784493195832086,0.003816121338382756
127.06054687499997,0.004037688021249701,0.003463190122842035
127.0751953125,0.0058434966505146214,0.002165133532741313
127.08984375,0.007037664106915171,0.0025455613193466767
127.10449218749997,0.006086085773016,0.0024488507601704373
127.119140625,0.0038523449508865394,0.0018619192410356407
127.1337890625,0.002387995229977997,0.0018510801962697255
127.14843749999997,0.004416740285814807,0.0020234097440421832
127.1630859375,0.00655216968628754,0.0022664240022881605
127.177734375,0.006460449854289854,0.002184560480364408
127.19238281249997,0.006323947204353762,0.0017740009739881256
127.20703125,0.007478410348324227,0.0025859965834266973
127.2216796875,0.007423916246150763,0.0033499157185597956
127.23632812499997,0.005860803937098779,0.0022829148606443484
127.2509765625,0.0038929468933089043,0.0020822932861281943
127.265625,0.0028971447657003655,0.002867757525948707
127.28027343749997,0.004087228124746069,0.0014736776579699147
127.294921875,0.007167729559134932,0.0008020357907243689
127.3095703125,0.008047784812537196,0.0016108725994128522
127.32421874999997,0.004177728032041737,0.00032208953849886004
127.3388671875,0.003870094528684699,0.0016317736515735577
127.353515625,0.006724044100241388,0.0024384260491094635
127.36816406249997,0.0052619320222638145,0.0016379055835820248
127.3828125,0.00267824525134491,0.0015757610127642937
127.3974609375,0.0038944185007328655,0.0028809186640116483
127.41210937499997,0.0037157330782103377,0.002764007633430935
127.4267578125,0.0016593041509391359,0.001465996658418024
127.44140625,0.0005040804566346042,0.0012653601312153779
127.45605468749997,0.0006718848846194028,0.001384306211159383
127.470703125,0.0015897965627687336,0.0015063307668664457
127.4853515625,0.0017486044558529619,0.0016246288633717102
127.49999999999997,0.0037454563576142692,0.0006595524775512692
127.5146484375,0.005669751568169118,0.0022545679829633104
127.529296875,0.005002923034676116,0.0023240173557589174
127.54394531249997,0.003402131879227255,0.000644835843828231
127.55859375,0.0038126441167897654,0.002988798652949183
127.5732421875,0.0024196655240972696,0.002712226079658925
127.58789062499997,0.0016613607691615677,0.0022528544332472413
127.6025390625,0.0034025886199304163,0.004367251818782415
127.6171875,0.002635492082730086,0.0039434985976493945
127.63183593749997,0.0018531707855040716,0.0024480149414641238
127.646484375,0.002925725343496603,0.0036985512547589956
127.6611328125,0.003384189109794615,0.00375678582877139
127.67578124999997,0.002103117032709614,0.0020036483445304036
127.6904296875,0.0011345807866558865,0.0020177958493695376
127.705078125,0.0031460567240036447,0.0027075120460383416
127.71972656249997,0.00300306685551726,0.0021550066981779604
127.734375,0.0009775851887734756,0.001453181539129922
127.7490234375,0.0017870762097996348,0.0020165885207153113
127.76367187499997,0.0033660155198409667,0.002539400251072015
127.7783203125,0.0024266192066022805,0.002051803313457792
127.79296875,0.001262249262596404,0.0014325320390780887
127.80761718749997,0.0029215808665004023,0.002269354735450187
127.822265625,0.0026436991728050058,0.002539979292309854
127.8369140625,0.001976795082568427,0.0015322644787224716
127.85156249999997,0.002749651363704167,0.0017239072182948542
127.8662109375,0.00224630192392644,0.002484050675025271
127.880859375,0.0014769532435033141,0.0013719728725961058
127.89550781249997,0.005417626710199551,0.0013980963795512072
127.91015625,0.006691500330809462,0.00260906323254281
127.9248046875,0.004427875250658214,0.001916335273293879
127.93945312499997,0.0017762994462935883,0.00128625348496779
127.9541015625,0.0033885821540244787,0.0027703700131071264
127.96875,0.005080494665279177,0.0031862935786236405
127.98339843749997,0.003542817268336823,0.0023206045267290497
127.998046875,0.0013203455985952859,0.002739338626790152
128.0126953125,0.005152963451554951,0.004629960440597041
128.02734374999997,0.005671570936798539,0.004101711353374004
128.0419921875,0.006069358877872821,0.002576815819059754
128.056640625,0.007592282678574471,0.00341542560611061
128.07128906249997,0.0073315825434215574,0.0026007738831305377
128.0859375,0.005815406400109584,0.0004176915227155919
128.1005859375,0.004613655858178037,0.0010342032124494391
128.11523437499997,0.0040613817493303,0.0005344301928462117
128.1298828125,0.0031767808999386736,0.0015592768247286333
128.14453125,0.0031121185426312495,0.002065017712223504
128.15917968749997,0.006375068354011397,0.0018736929094081867
128.173828125,0.00818075141791892,0.0021636713206389198
128.1884765625,0.006790202925868681,0.002121521078921277
128.20312499999997,0.0055861246991594365,0.0013513345436466147
128.2177734375,0.007297091138640903,0.0013389226926348995
128.232421875,0.007105055352144182,0.002265333126185761
128.24707031249997,0.0061159288138508865,0.0027605336182412424
128.26171875,0.006487375549923193,0.0024296333355080853
128.2763671875,0.006524507288317407,0.003442899584262616
128.29101562499997,0.0039897158263642735,0.003135471544636252
128.3056640625,0.0008982671809530044,0.0013710345034741054
128.3203125,0.003975082297327283,0.0007588694251966165
128.33496093749997,0.005165759218017598,0.0011362854901795086
128.349609375,0.0036408958280001098,0.0015633447673584217
128.3642578125,0.0011654927347819477,0.002250662010117957
128.37890624999997,0.0035631310705065205,0.002458196691310823
128.3935546875,0.00355414705649894,0.0032470383528157205
128.408203125,0.0025671622983900236,0.004518372219327783
128.42285156249997,0.003635555793524295,0.004391245113289541
128.4375,0.004166256196202392,0.0033405500155170107
128.4521484375,0.004809903574184818,0.003072632553749292
128.46679687499997,0.007754452612957821,0.0032167243684657846
128.4814453125,0.008150603749333803,0.00237683448595135
128.49609375,0.004989692138348606,0.000885345131617656
128.51074218749997,0.0032863022436104986,0.0008698805472422161
128.525390625,0.004370170671351084,0.0009039885551612532
128.5400390625,0.006388706666477585,0.001100542606137122
128.55468749999997,0.005466274853247749,0.0006344991097188665
128.5693359375,0.0015213625453914105,0.00012883392588209543
128.583984375,0.002313678228534435,9.977367266356704e-05
128.59863281249997,0.0037286946990073007,0.001065216966763936
128.61328125,0.0032437453759624896,0.0019302810764141043
128.6279296875,0.004476388354528457,0.0022860608142444157
128.64257812499997,0.004786529993732429,0.00248732669164534
128.6572265625,0.0024049570007645153,0.0027050805361560955
128.671875,0.003481415143157898,0.0025185873538048553
128.68652343749997,0.006714548299881977,0.002149129293559016
128.701171875,0.006742500055638322,0.0013911772399770473
128.7158203125,0.004129926235915852,0.00019304095353419706
128.73046874999997,0.002298613608866657,0.0010755557628483222
128.7451171875,0.00046870296298701184,0.0022279944208118663
128.759765625,0.003357096622613633,0.0037790716918885024
128.77441406249997,0.003663327639587998,0.0028734374989920495
128.7890625,0.0011125322554961326,0.002187302747816703
128.8037109375,0.0025541956490866824,0.0024622372947860982
128.81835937499997,0.004472227755100125,0.002233830600275105
128.8330078125,0.004602428294680326,0.0017420331503253056
128.84765625,0.003364614300624005,0.001972518026885457
128.86230468749997,0.002492749530978615,0.0032913340081317586
128.876953125,0.0031017500396345148,0.002949250921604691
128.8916015625,0.0057944407263505375,0.0015979627912869924
128.90624999999997,0.006528603869973842,0.002347179739733069
128.9208984375,0.003917531343684505,0.0018913093208465204
128.935546875,0.0030668489738883836,0.0007713310442195981
128.95019531249997,0.0036320681945927994,0.002231158476945216
128.96484375,0.00606052501456511,0.0017549513687684004
128.9794921875,0.0075781728180691205,0.002302024839877383
128.99414062499997,0.004559276340140384,0.0026692253682169043
129.0087890625,0.000978855508221287,0.002181949069452581
129.0234375,0.005047960721566539,0.0018933247636155092
129.03808593749997,0.006877970536703002,0.002059178480915212
129.052734375,0.0059170657570085826,0.002736414699887798
129.0673828125,0.004089947683418469,0.0030254156362078998
129.08203124999997,0.006127859393902786,0.0023049778124503225
129.0966796875,0.006839178840612394,0.002371047188890963
129.111328125,0.004837646168996821,0.0028608578957139245
129.12597656249997,0.0032676668672274355,0.0020048174269301283
129.140625,0.0014184920336838072,0.0011679191784415525
129.1552734375,0.0006521733881011569,0.001756658620837247
129.16992187499997,0.0027159759904182147,0.0014172824819881351
129.1845703125,0.0065266877507619185,0.0010012185690540288
129.19921875,0.005834305225955588,0.0022791777810078134
129.21386718749997,0.0023948023136919705,0.0024256191702508377
129.228515625,0.0025031973039268537,0.0023688128229109617
129.2431640625,0.0022042427364371156,0.00320981857648095
129.25781249999997,0.0020399871475253175,0.0028188236635989282
129.2724609375,0.002527082907426913,0.0019273753622533595
129.287109375,0.0023088227809036806,0.002476959200033841
129.30175781249997,0.003826564412200598,0.003129563417102296
129.31640625,0.0058343918852678265,0.0027484138331304083
129.3310546875,0.005707104391575649,0.0025991224567692033
129.34570312499997,0.004102513728385082,0.002793198266270519
129.3603515625,0.004046472614911287,0.002399127247600322
129.375,0.004897097406938893,0.0019202550790959354
129.38964843749997,0.004127675360163666,0.0022041549127399637
129.404296875,0.002985802110471444,0.0023379237090547416
129.4189453125,0.0024989173964768017,0.002213303783445046
129.43359374999997,0.004874533115773253,0.0027891256716122362
129.4482421875,0.006102144773102049,0.0033838210599730603
129.462890625,0.003564572921801845,0.003813277174085687
129.47753906249997,0.0025172836239153577,0.00406058334276306
129.4921875,0.001923330095445849,0.0037871578102800507
129.5068359375,0.002643543978955945,0.003922649120076525
129.52148437499997,0.006952453609880216,0.003238274848345141
129.5361328125,0.008205859564159377,0.0019843793932548142
129.55078125,0.006333650509212579,0.0025124415139141454
129.56542968749997,0.0035984092436322406,0.0028858658735630032
129.580078125,0.002370532469804106,0.0020054214872686563
129.5947265625,0.002992394145815832,0.0026065574659580692
129.60937499999997,0.003948206331120916,0.004266836782764951
129.6240234375,0.0031225124214192654,0.0034057814377134324
129.638671875,0.0015653541932498178,0.003137917321238797
129.65332031249997,0.0030252202450020606,0.004476890271768212
129.66796875,0.00578383179818299,0.0033053864068972707
129.6826171875,0.007163339217310361,0.0020828277487712093
129.69726562499997,0.005008562606343937,0.0028346569270588876
129.7119140625,0.0013340264338671435,0.0020671441552022832
129.7265625,0.0014464445106393007,0.0006376346224698926
129.74121093749997,0.0025923218652340553,0.0012385932330781376
129.755859375,0.0017476464206568037,0.0009612225701811877
129.7705078125,0.00022492998240240879,0.0005331826232895603
129.78515624999997,0.0012679912991661571,0.001349188111751226
129.7998046875,0.002142855959745379,0.0013600411973654165
129.814453125,0.0020189465428108668,0.0019775769995670884
129.82910156249997,0.001890204233669259,0.0031342510160212197
129.84375,0.005102992651441169,0.003487907624800408
129.8583984375,0.007863422176823452,0.004199910421317229
129.87304687499997,0.00760066510496503,0.004913586122878238
129.8876953125,0.006088790786964794,0.004356529475392884
129.90234375,0.007067700569139609,0.003916060588837657
129.91699218749997,0.007089738218388213,0.00426367948037704
129.931640625,0.004617860822376347,0.003924477384315506
129.9462890625,0.001981513021825455,0.0025942605983565463
129.96093749999997,8.298756436508522e-05,0.002086403471214035
129.9755859375,0.0020543142229419937,0.0022493092289637617
129.990234375,0.002486439494383457,0.001288686534352415
130.00488281249997,0.001424975521236454,0.0006068335485210678
130.01953125,0.0021062034839773093,0.0009744797731016982
130.0341796875,0.0032085642312163236,0.00016796611494493985
130.04882812499997,0.003218354722220185,0.0017718569751399252
130.0634765625,0.001997389959608596,0.002666736902630562
130.078125,0.0016788214885297393,0.0016053685228678012
130.09277343749997,0.0025032443593982637,0.0013313052344844309
130.107421875,0.002040814306101851,0.00237700508893561
130.1220703125,0.0015798491805974295,0.0022055306624595007
130.13671874999997,0.003919805545823447,0.0012709598701987773
130.1513671875,0.008540450768972575,0.000829907841484011
130.166015625,0.011342768677005984,0.001996118321675381
130.18066406249997,0.00942123390916643,0.002177249178973686
130.1953125,0.004760034346188545,0.0009713915165287304
130.2099609375,0.0018209962563798007,0.00015766263082139142
130.22460937499997,0.003271739312493989,0.0005532922018998606
130.2392578125,0.004833749210807341,0.002039444880145834
130.25390625,0.0059119327077756575,0.0024750548269923006
130.26855468749997,0.006160796620359898,0.0017605412263429728
130.283203125,0.004984648649043317,0.001307437677756604
130.2978515625,0.0029554911277028715,0.0013541268449478116
130.31249999999997,0.0007305168584594374,0.0016915581987392253
130.3271484375,0.001485416766084093,0.0018980399015442787
130.341796875,0.0020454458452744658,0.0015669239663669032
130.35644531249997,0.002443404018331053,0.0015103351498036504
130.37109375,0.004163472687991768,0.002140811354943119
130.3857421875,0.005245545928916678,0.001743966437512767
130.40039062499997,0.004954545105778625,0.00027265073476073423
130.4150390625,0.003633394992898357,0.0010035488465733947
130.4296875,0.003444202641631357,0.0007482447025389192
130.44433593749997,0.005083848715275529,0.0018007259528829448
130.458984375,0.005311584878733155,0.002890207424669801
130.4736328125,0.004078314492008087,0.002392629708144936
130.48828124999997,0.004960298186143848,0.001649045591672716
130.5029296875,0.007257988756797297,0.002618761720505456
130.517578125,0.008252705799818108,0.0026318955138601766
130.53222656249997,0.0077817249519532,0.0011265009148476034
130.546875,0.007464461313676707,0.001004667409209566
130.5615234375,0.005489280031815424,0.001723411983294406
130.57617187499997,0.0014295178876837745,0.0011937403503542287
130.5908203125,0.0029464513670573894,0.00021771854508219115
130.60546875,0.0033124821849021793,0.001422588530242723
130.62011718749997,0.002795394939199812,0.0015414182723501482
130.634765625,0.0022936074812559097,0.0016064432623435012
130.6494140625,0.0017789963684065018,0.003107609158721263
130.66406249999997,0.004277714963702145,0.004003110377043315
130.6787109375,0.00832908862014951,0.004226162918579677
130.693359375,0.009630245248699624,0.004434677487932177
130.70800781249997,0.006648997584870835,0.00476121014718887
130.72265625,0.002377195410990335,0.004430264737079087
130.7373046875,0.0036654589717881733,0.0031554958653706093
130.75195312499997,0.004413172431674181,0.0023564793802011252
130.7666015625,0.0030688099374369384,0.0021424246894401425
130.78125,0.0007930132530856686,0.0015473461747277568
130.79589843749997,0.0024417840952112592,0.0007705383029285542
130.810546875,0.005130130223572351,0.0004744610303029479
130.8251953125,0.006010459016650856,0.0004173744338530642
130.83984374999997,0.0058999477117048504,0.000485073786283657
130.8544921875,0.005838874201529066,0.001464510407038719
130.869140625,0.006408630042167491,0.002168900483477277
130.88378906249997,0.0059961862863110085,0.0027534099011662077
130.8984375,0.004556075345387018,0.003093218563367964
130.9130859375,0.003831014729329033,0.0035866391747593532
130.92773437499997,0.0013553664618742786,0.004118871090697623
130.9423828125,0.003125937263657863,0.0037975794790880814
130.95703125,0.005510025446281925,0.0034168404310007954
130.97167968749997,0.00522832803737502,0.0035406416687467864
130.986328125,0.0029939031279025844,0.002707845833740721
131.0009765625,0.0007227086871099209,0.0014243124613220145
131.01562499999997,0.0021851192645059516,0.0013258722370668738
131.0302734375,0.003592633860317358,0.0010876156756225927
131.044921875,0.004421834877035928,0.0005517394275764623
131.05957031249997,0.004009167573175262,0.0008673161027696514
131.07421875,0.003929856516953298,0.0005449190017036199
131.0888671875,0.004966921211601248,0.0010906446402775963
131.10351562499997,0.003124351948388503,0.0017507006387928162
131.1181640625,0.0031262514561320454,0.0016632429585374425
131.1328125,0.005052725872689948,0.0012897781685149389
131.14746093749997,0.004412987295583235,0.0019179508847203953
131.162109375,0.0046213485995374665,0.002104418067241284
131.1767578125,0.006142987968022517,0.0015584109297966903
131.19140624999997,0.007714647655675242,0.0013574061614263775
131.2060546875,0.008374222338158602,0.001898124834691773
131.220703125,0.008160150633414109,0.002496804583625752
131.23535156249997,0.00687165558491427,0.002670713382484963
131.25,0.0039256804300751074,0.0023588078103253716
131.2646484375,0.0014817740454095,0.0024218671929602106
131.27929687499997,0.0007674785148664697,0.0026100630068354065
131.2939453125,0.0018147598875276132,0.0021233686270214283
131.30859375,0.004238146698071956,0.0016225721280755587
131.32324218749997,0.00422646158872605,0.0023896347364345473
131.337890625,0.0028382280976185417,0.002703479361626243
131.3525390625,0.003356210464999022,0.0017526460482701711
131.36718749999997,0.005446166251567989,0.002299555432236569
131.3818359375,0.005886032328706366,0.0023217168506724736
131.396484375,0.0033148864739688255,0.0022335274006059684
131.41113281249997,0.0021440959966817414,0.0029615328088964704
131.42578125,0.004662846239942218,0.0029372492613167476
131.4404296875,0.00441611778483657,0.00320138550451051
131.45507812499997,0.002107184166324869,0.0032213387710777253
131.4697265625,0.0027886222633187524,0.003048406413707261
131.484375,0.004514384472514927,0.0036435864889936822
131.49902343749997,0.004673665461099098,0.0032064382272321986
131.513671875,0.005694468481307201,0.002146478169651972
131.5283203125,0.007293669088388131,0.0025038458256054904
131.54296874999997,0.006130059503147231,0.0022779436167430158
131.5576171875,0.0037312622408429076,0.001177082814558679
131.572265625,0.002169666363413925,0.0014261719496806028
131.58691406249997,0.0019729117374937197,0.0024308685267371197
131.6015625,0.0014569890510502757,0.0022434314040501112
131.6162109375,0.0022564087627157774,0.002360533369475454
131.63085937499997,0.00436888354362431,0.0037457808527822387
131.6455078125,0.002496049764982703,0.003580637906312689
131.66015625,0.0030076599346752593,0.0031582463752389107
131.67480468749997,0.005731157474987743,0.003146832970110653
131.689453125,0.0054933489501646955,0.0026006551772552893
131.7041015625,0.003865334187138725,0.0019234050533558074
131.71874999999997,0.003701891700579513,0.0011822757772918541
131.7333984375,0.005458584643784548,0.0010955661132953972
131.748046875,0.005854606305110828,0.0009985510418046512
131.76269531249997,0.004645896364731365,0.0002478941972849963
131.77734375,0.003640488774252295,0.00094930993240533
131.7919921875,0.0029334278850489206,0.0014666894606946697
131.80664062499997,0.004117880283010717,0.001250990139219629
131.8212890625,0.006266309885744723,0.001653627992588384
131.8359375,0.005427295870272002,0.0017846482435841314
131.85058593749997,0.003782731450367505,0.0015888520060418309
131.865234375,0.0049539542006899065,0.0016077543568260703
131.8798828125,0.006158843844683905,0.0019004451170765576
131.89453124999997,0.00596835950901513,0.0029100246796749576
131.9091796875,0.0070167296868122765,0.0028110714442203468
131.923828125,0.008488394189455985,0.0015414699448732827
131.93847656249997,0.00825621464715527,0.0014136546436708513
131.953125,0.00605969489877774,0.0009601304715257753
131.9677734375,0.004207544739213866,0.0003099736878221142
131.98242187499997,0.0038430268260674304,0.0009598662387951221
131.9970703125,0.0038995010581403013,0.001275354121450361
132.01171875,0.004197923779650391,0.0011131183530095098
132.02636718749997,0.0062737637246471955,0.002042335832314846
132.041015625,0.007998467675851339,0.00331048376046617
132.0556640625,0.007585602315787703,0.0029195383045449354
132.07031249999997,0.006420111286091615,0.002231665668502448
132.0849609375,0.005402542717904631,0.0031432625765325235
132.099609375,0.003205074340155166,0.003328694513393294
132.11425781249997,0.0018936082777975618,0.002418779279811204
132.12890625,0.005135443059674194,0.0021339003248437706
132.1435546875,0.006393430344288561,0.0027955527866932
132.15820312499997,0.005011790142279429,0.0020728471398493748
132.1728515625,0.002773311112940867,0.000493960438120344
132.1875,0.0012511368379566142,0.0012171993038927848
132.20214843749997,0.0011296640824870728,0.0011953269885943045
132.216796875,0.001220356690176114,0.0006320836329665885
132.2314453125,0.00043230504392029526,0.0022725757166926638
132.24609374999997,0.0021327299699585977,0.0027695533419928057
132.2607421875,0.0053840672152866975,0.002496032616663354
132.275390625,0.00800969375171105,0.003285893275009288
132.29003906249997,0.008775092626466743,0.0036138800338554483
132.3046875,0.0069323609492574784,0.0032966562365392524
132.3193359375,0.0037898755792338304,0.0032361805904349583
132.33398437499997,0.001495238631800809,0.0032790602002568223
132.3486328125,0.0014206392300865265,0.003331925850501936
132.36328125,0.0023197400603335414,0.0026905562936405253
132.37792968749997,0.002918184407744173,0.0015671955012562411
132.392578125,0.0025227538274157435,0.001514324352066095
132.4072265625,0.002762908580273622,0.001339776290435396
132.42187499999997,0.0026167824854822514,0.0006993089764099521
132.4365234375,0.0016849623895517885,0.0008026749266928052
132.451171875,0.0014655394415999425,0.0009294830902992608
132.46582031249997,0.003322944399847986,0.0006371880995698172
132.48046875,0.0038409876418793844,0.0007946896829493455
132.4951171875,0.00330967446802803,0.0009786738442437756
132.50976562499997,0.0030493563401747504,0.0008824598843472517
132.5244140625,0.0035204204048243917,0.0004963068092829618
132.5390625,0.0037292832428504675,0.0007702587296051129
132.55371093749997,0.001896333526476323,0.0011596907202426525
132.568359375,0.002604913370060857,0.0009664306539353608
132.5830078125,0.006450534359905926,0.0005027489705770497
132.59765624999997,0.00663024586355467,0.0012905020493839863
132.6123046875,0.004105951375908015,0.0018524379920658916
132.626953125,0.004872899867627968,0.0014660839304488982
132.64160156249997,0.005509117820137718,0.0015332621008664245
132.65625,0.0037682677724023496,0.0030210325983723468
132.6708984375,0.002956399086640485,0.002716031371763626
132.68554687499997,0.0038264893300976313,0.0016378802781368933
132.7001953125,0.004515161775217039,0.002533959106200642
132.71484375,0.002946533434455826,0.002182230427264151
132.72949218749997,0.0018807883866711027,0.0006637798596161426
132.744140625,0.0042361568831574365,0.00044111783474707445
132.7587890625,0.004802264861220365,0.0008447670232357544
132.77343749999997,0.0026448670754052046,0.0013795832884911767
132.7880859375,0.004178467221531019,0.001116650336323258
132.802734375,0.004954351823720766,0.0007705830942286827
132.81738281249997,0.0048863507540779436,0.0012371945505088853
132.83203125,0.008999339955789004,0.001231615458679503
132.8466796875,0.009399861374122858,0.00096614578029377
132.86132812499997,0.007380333446988636,0.0012605935209164048
132.8759765625,0.006444973723717197,0.0010250787251033162
132.890625,0.004300453055718728,0.00045130850722933913
132.90527343749997,0.0018209622126577234,0.001127240651130116
132.919921875,0.000821936850309278,0.0014819283170036082
132.9345703125,0.0011849596563973939,0.00033824818177922636
132.94921874999997,0.0009441122045238401,0.001252183367327685
132.9638671875,0.001522347577421515,0.0008850670833719183
132.978515625,0.0007774193484303633,0.001048336748020933
132.99316406249997,0.0001520330761785994,0.0020007381142770958
133.0078125,0.001980937189505763,0.0009988540291206455
133.0224609375,0.0037307539771046874,0.0013273408076209029
133.03710937499997,0.0038831101167177795,0.002711745034395943
133.0517578125,0.003936497371062117,0.002296495167999152
133.06640625,0.004920205348351385,0.0011812862662933352
133.08105468749997,0.005739867175166475,0.0023940401077136675
133.095703125,0.005729756197422925,0.002962129624816387
133.1103515625,0.004890329689208618,0.002252118850270674
133.12499999999997,0.0029917317465189205,0.0018906208471605474
133.1396484375,0.0006658949713140338,0.003192976951025175
133.154296875,0.0028168983433349963,0.0033361365140147665
133.16894531249997,0.0029963019374703455,0.0019831086744362277
133.18359375,0.0028766665224483953,0.0020646423507696987
133.1982421875,0.0041249682695916595,0.0026170210932948746
133.21289062499997,0.005448875933446626,0.0018422671200760475
133.2275390625,0.004277886381635286,0.0006903558542418118
133.2421875,0.0019996906967511066,0.0014316283703840885
133.25683593749997,0.003724604291647707,0.0017122879178527906
133.271484375,0.003587929989331285,0.0007073847881769961
133.2861328125,0.0028238955283496556,0.00031354561372046207
133.30078124999997,0.004818235495738949,0.0002488551001450622
133.3154296875,0.007014288778683815,0.0013970023410492395
133.330078125,0.006943382011676574,0.0015584793298803355
133.34472656249997,0.004704390424943533,0.0009195639612946671
133.359375,0.0022868946364385918,0.0011344449106211758
133.3740234375,0.0012130772769750819,0.0015105393766374387
133.38867187499997,0.0035087479483627104,0.0014494555233304834
133.4033203125,0.0032462603124098284,0.0015298865290014072
133.41796875,0.001005129835162593,0.0017467251559116206
133.43261718749997,0.0008651229528979261,0.0013156445584975463
133.447265625,0.0005542071049432327,0.0012197366348153165
133.4619140625,0.0012960946600657787,0.0014061306408902116
133.47656249999997,0.0026566515787067612,0.0011282669722710973
133.4912109375,0.0019240334258938765,0.0011499289596091874
133.505859375,0.0023036386381098378,0.000930877248853061
133.52050781249997,0.0037488162765288336,0.0010175787158491476
133.53515625,0.003654560120216268,0.0013238016507602372
133.5498046875,0.004193158960342573,0.0013884272595049575
133.56445312499997,0.006841455317074254,0.0018446961221358445
133.5791015625,0.008658539888899414,0.0019333013967093114
133.59375,0.006900097246827065,0.0017552920117703266
133.60839843749997,0.0022552467717584694,0.0016239422657085107
133.623046875,0.002726957168072299,0.0011974544132566242
133.6376953125,0.00350640333644731,0.0010070129027265585
133.65234374999997,0.0032109957804412168,0.0012136556306601785
133.6669921875,0.004175846753008709,0.0013846208422021579
133.681640625,0.004970973465044531,0.001966631041663478
133.69628906249997,0.006540988296034362,0.00336738653903456
133.7109375,0.0050184677522956385,0.003548798820241422
133.7255859375,0.0028736565776394003,0.003637135591785332
133.74023437499997,0.004635217698133779,0.004661026643012717
133.7548828125,0.0018946080237995742,0.0033671117018032578
133.76953125,0.0024858620011244783,0.002238152792046522
133.78417968749997,0.002416421951689665,0.002695032305147001
133.798828125,0.0016631204173031705,0.0017649546040531552
133.8134765625,0.0032227014919832013,0.0005507064938968491
133.82812499999997,0.0029471250807902817,0.0005999925965550434
133.8427734375,0.0053655874933004775,0.0014422276219441066
133.857421875,0.006456591993273254,0.0011534712598077707
133.87207031249997,0.0057437650302843354,0.0009569069200123146
133.88671875,0.004095524933004694,0.0007414888695082156
133.9013671875,0.005083238048312592,0.0010261774863345632
133.91601562499997,0.006640676138488419,0.0026201487246045505
133.9306640625,0.005853357856432186,0.0026126890463862296
133.9453125,0.003105553124503415,0.00193409613605386
133.95996093749997,0.002215122317664412,0.0032611483770634397
133.974609375,0.004068530469474281,0.003333439383856441
133.9892578125,0.003651283769510934,0.0022553116094132866
134.00390624999997,0.0020349433439043763,0.002501929364448487
134.0185546875,0.0005209531475420261,0.002397179177066629
134.033203125,0.0024318285527671992,0.0016311770940827185
134.04785156249997,0.001971242236766805,0.0014203358645835064
134.0625,0.0010646660255559516,0.0013644183057065105
134.0771484375,0.0019323797663858082,0.0015326021568934816
134.09179687499997,0.0036550804110757266,0.002128668489960073
134.1064453125,0.003093500046496465,0.002114978057349363
134.12109375,0.003145578370543796,0.0022397760162844245
134.13574218749997,0.0023747243814795215,0.0032007212493611187
134.150390625,0.0028601112089133604,0.0030812045212305576
134.1650390625,0.005302063391416765,0.002832407694735275
134.17968749999997,0.005471697117236051,0.0037283669550110454
134.1943359375,0.0032527613792113965,0.0030888322648238904
134.208984375,0.0027887254690056123,0.0021874140151881428
134.22363281249997,0.006173159167792276,0.0023387233501289506
134.23828125,0.00834167792464586,0.0017949607536925116
134.2529296875,0.00795843930559116,0.0015295302348930211
134.26757812499997,0.005007120913443435,0.0018782556432916445
134.2822265625,0.002422870407773152,0.002164744677998037
134.296875,0.0018364749611167316,0.0022396960061490867
134.31152343749997,0.0021904549065432668,0.0021085583221142888
134.326171875,0.002620498305978897,0.002175319564137423
134.3408203125,0.002527798292555922,0.002302002679572876
134.35546874999997,0.004747966433977726,0.0020124053285453854
134.3701171875,0.0074277916469888934,0.0015816026927679978
134.384765625,0.008340526157131965,0.0018179059109331996
134.39941406249997,0.006556593776186052,0.001692268659718589
134.4140625,0.0033526055925950245,0.0013209368575553648
134.4287109375,0.004262437070234173,0.0012303452475718997
134.44335937499997,0.006082863159260024,0.002163790136478331
134.4580078125,0.004975689093051015,0.0022829570287252964
134.47265625,0.0011881932329342742,0.001721437629808081
134.48730468749997,0.003877148802358489,0.0016188229681182028
134.501953125,0.007311757002804941,0.0012184761504974142
134.5166015625,0.007299734713289284,0.000736997929089178
134.53124999999997,0.004463253586394957,0.0009874006943721301
134.5458984375,0.0016701045769456043,0.0013546481835554974
134.560546875,0.0008927292613118737,0.0010595441361538238
134.57519531249997,0.0023977501244776423,0.0012271565601952147
134.58984375,0.003203881625869563,0.0012494036589656935
134.6044921875,0.002522771974019493,0.0006762533281265156
134.61914062499997,0.0021706345668684466,0.00027351742536294255
134.6337890625,0.004044508508037729,0.00010941757445881786
134.6484375,0.005214232562245123,0.0009172119436434993
134.66308593749997,0.004881899062943863,0.0010718188145971478
134.677734375,0.004438012330069005,0.00034406920303998984
134.6923828125,0.005480694705825502,0.0007620022936672782
134.70703124999997,0.007666295966206558,0.00030674493328601506
134.7216796875,0.008172166773455437,0.0015483170344439546
134.736328125,0.005620150657806915,0.0015908689659108752
134.75097656249997,0.002447339821390467,0.0008347245770912721
134.765625,0.0013991553275682284,0.0011207829223826799
134.7802734375,0.004208221800191,0.0016709874970209054
134.79492187499997,0.008217068033163421,0.0016358025026164088
134.8095703125,0.009603415906446363,0.0015492373799414585
134.82421875,0.007467329524170122,0.001316317248634974
134.83886718749997,0.005377521248578247,0.0012391993100106591
134.853515625,0.004190923991363734,0.001679027096083961
134.8681640625,0.001724263442444778,0.0014229071826378959
134.88281249999997,0.0032930842791271393,0.0007616726853900572
134.8974609375,0.005131181910802108,0.0014898178742506058
134.912109375,0.0036568407505663254,0.000980542657282147
134.92675781249997,0.004810801335816612,0.0002570130927985087
134.94140625,0.004542377647291372,0.0008743952886066713
134.9560546875,0.004421387325656831,0.0011871214359538962
134.97070312499997,0.005142524186001436,0.0006118250636404667
134.9853515625,0.004703045166745307,0.0008661240119583913
135.0,0.002639035687908126,0.0013492199516685498
135.01464843749997,0.002312457424677183,0.000802516455204327
135.029296875,0.003536374441993772,0.0002526184220480192
135.0439453125,0.0027629189520913698,0.0005658889591000643
135.05859374999997,0.002127041502901529,0.000899102131997531
135.0732421875,0.0019268538174370686,0.0007704962732416493
135.087890625,0.00187685366793725,0.0002988426690178758
135.10253906249997,0.0027062912697058406,0.00021792088681911486
135.1171875,0.004058337143971227,0.00034203348856177106
135.1318359375,0.004300676556215118,0.0003149494528849478
135.14648437499997,0.0024634877539176157,0.0012256233218174192
135.1611328125,0.0008687616266659069,0.0015003488904638607
135.17578125,0.0038681626717870267,0.001465066067919667
135.19042968749997,0.005165658729584297,0.002246671566886956
135.205078125,0.004254115521786912,0.002181402304967419
135.2197265625,0.0021386427152165904,0.001454421921559971
135.23437499999997,0.0006907613190892273,0.002017879709820324
135.2490234375,0.001985589770962821,0.002406200725079089
135.263671875,0.001888475384517716,0.001976830187160228
135.27832031249997,0.0019047767774274893,0.0024387014321846355
135.29296875,0.006234170081833724,0.0024332293678141514
135.3076171875,0.008297934371825692,0.0020220435104049556
135.32226562499997,0.0062419830463483665,0.0018989759460677914
135.3369140625,0.004924893898025373,0.0013610008981677624
135.3515625,0.0045470218455661605,0.0012932314925987616
135.36621093749997,0.0038395928412444697,0.00112896452429656
135.380859375,0.00784911132097295,0.00025829221128775034
135.3955078125,0.010216890711165971,0.0003596406822047799
135.41015624999997,0.009501364326910186,0.00022361883176493172
135.4248046875,0.00731678911735658,0.0009388779011505299
135.439453125,0.006699112707688045,0.0013946018045809991
135.45410156249997,0.006699064269392169,0.0011416253485085005
135.46875,0.0049059515835865805,0.0014975028322467459
135.4833984375,0.0027110903916010495,0.0024076539692396348
135.49804687499997,0.004164119298744596,0.0023055275878593844
135.5126953125,0.005949372983382562,0.0016673003741163044
135.52734375,0.0043649602712937195,0.0019917052301891562
135.54199218749997,0.0038513371114923837,0.00265863263712905
135.556640625,0.0073367077180162745,0.002430864607792308
135.5712890625,0.00697745386666982,0.0020212327558541414
135.58593749999997,0.004580778297607829,0.0025302932901648235
135.6005859375,0.0036509631449575704,0.0018519674239511651
135.615234375,0.003384543106359519,0.0014810357396786533
135.62988281249997,0.004120418218439673,0.0019118046591595533
135.64453125,0.0029828723273585137,0.0014208979087390716
135.6591796875,0.0024185408861944827,0.0014437351572536162
135.67382812499997,0.005404629160396359,0.001786727720980449
135.6884765625,0.0070838059860897015,0.0022024123096892837
135.703125,0.00675262220088194,0.0030212761758005584
135.71777343749997,0.0054622701543100265,0.0034473086011996843
135.732421875,0.0047111752593310885,0.0034381835964496263
135.7470703125,0.004632620335657396,0.0038405741965798616
135.76171874999997,0.004580812470868785,0.0034229509832397888
135.7763671875,0.003635683967767176,0.0025609772409698212
135.791015625,0.0019817531001417436,0.0025872945741719383
135.80566406249997,0.0015501989649536448,0.0022222502951987516
135.8203125,0.0028727095405211493,0.001284389126249209
135.8349609375,0.005430356917408191,0.0010632066312140029
135.84960937499997,0.004743312884769902,0.0017325331762122168
135.8642578125,0.0015777586458587264,0.0021410767469627117
135.87890625,0.002221475982375117,0.002178691101552031
135.89355468749997,0.004147578692282727,0.002503064801211701
135.908203125,0.005499015047655051,0.0021746281740463863
135.9228515625,0.004985925109920824,0.002059554804062737
135.93749999999997,0.005241016856957234,0.0019822697204210913
135.9521484375,0.00573455915429649,0.0013953420189835378
135.966796875,0.004997484718678641,0.0019059345184101566
135.98144531249997,0.004411107885373,0.0024139590964621163
135.99609375,0.0023921349364910594,0.0016141809888167349
136.0107421875,0.0016038123178648265,0.002093497663492789
136.02539062499997,0.002203159110756042,0.002203856288761118
136.0400390625,0.0007601677437584902,0.001009741768962982
136.0546875,0.003134576226608225,0.0017835413228406765
136.06933593749997,0.003712765472744006,0.0017993895466663272
136.083984375,0.00502823017777049,0.0013928719767146076
136.0986328125,0.00617662758565157,0.002506052322618531
136.11328124999997,0.005379586814246213,0.0025975150581792846
136.1279296875,0.0046274940352546805,0.002274286090012187
136.142578125,0.00525355111003882,0.0027473246001772414
136.15722656249997,0.004747332296016971,0.0023840173365955036
136.171875,0.0049276452335434255,0.001948134685475681
136.1865234375,0.005336546407199032,0.0022192344510579835
136.20117187499997,0.0025938993467603906,0.0018144411678122784
136.2158203125,0.00398732536920056,0.001329778928790539
136.23046875,0.007332169572032764,0.0013222121361614848
136.24511718749997,0.006161109439181347,0.0007451886892530173
136.259765625,0.0012864978109145427,0.00039095077508787435
136.2744140625,0.003348831191775528,0.000998168615647389
136.28906249999997,0.0027497318172040076,0.0011397544492863215
136.3037109375,0.0017029647890245182,0.0014383988579425053
136.318359375,0.005879790237437828,0.002436473845356988
136.33300781249997,0.006381947305909174,0.002649240130189602
136.34765625,0.004263329075196432,0.0024832612532681157
136.3623046875,0.006638458742071902,0.0031656444411161397
136.37695312499997,0.007571208059941747,0.003428521294158933
136.3916015625,0.005238636683016167,0.0027802966776191455
136.40625,0.003888299323550423,0.0028358768199612033
136.42089843749997,0.004153061595458389,0.0030408576074397566
136.435546875,0.005236276229211495,0.0019199904469926884
136.4501953125,0.006533661643272634,0.0014653819343484992
136.46484374999997,0.005672033201348706,0.0017443019175490133
136.4794921875,0.0031201493822689552,0.0008527570446521222
136.494140625,0.002320605055465097,0.00025114753429334515
136.50878906249997,0.004814438865977669,0.0006968718869503163
136.5234375,0.00653063338679492,0.0006457651548271196
136.5380859375,0.004861961102743025,4.633763431489968e-05
136.55273437499997,0.002930579333478715,0.0006985667139443464
136.5673828125,0.0024383108439185,0.0006759895712912027
136.58203125,0.0018920320239833408,0.001109456748147754
136.59667968749997,0.0006995812471824155,0.0017765936121227836
136.611328125,0.002701404634232758,0.0010569440020868227
136.6259765625,0.0032049138850386394,0.0010461384405620014
136.64062499999997,0.004870394593699831,0.0007629617529397627
136.6552734375,0.006106870603154079,0.00033169857610640526
136.669921875,0.003675592735239308,0.0006051857200874773
136.68457031249997,0.0019129301925509996,0.0008704739074757295
136.69921875,0.003230920833570854,0.0013915869625365383
136.7138671875,0.003176029808463036,0.0013827990455478236
136.72851562499997,0.001680176871553484,0.0013486691844672
136.7431640625,0.0026970460172267563,0.0012472857762607491
136.7578125,0.005836238170037711,0.000584742451739297
136.77246093749997,0.0045585079142835576,0.00013184955694249735
136.787109375,0.0009560790352990349,0.00017359006006914716
136.8017578125,0.004069867236395062,0.0006350250831799404
136.81640624999997,0.0030070106301576193,0.00044101036649269105
136.8310546875,0.0029138493143965895,0.00033103412773946334
136.845703125,0.00468304422452279,0.0005289377534267499
136.86035156249997,0.0046014092105371805,0.0009398454370130251
136.875,0.0032221707897828996,0.0015796985358817724
136.8896484375,0.004728747996083961,0.0015594883876270593
136.90429687499997,0.0049906108978382754,0.0012246813343400312
136.9189453125,0.003840624422003966,0.0018267850956722547
136.93359375,0.002562189175933551,0.0027752459199553593
136.94824218749997,0.0024335126514968526,0.0026682292625388633
136.962890625,0.005227283285520198,0.0025695141087897443
136.9775390625,0.005027759468069078,0.0027174423479849816
136.99218749999997,0.0024316063256435774,0.002032376860796989
137.0068359375,0.001534894419802183,0.0014688379264929602
137.021484375,0.0022143121064926215,0.0013574948317215923
137.03613281249997,0.0036295759707587628,0.0013348780336571223
137.05078125,0.0050965322673517275,0.0014194915614053995
137.0654296875,0.007976097116081415,0.001782620939846347
137.08007812499997,0.010397444205513088,0.002138702789344052
137.0947265625,0.00808016215565039,0.0024572318685475336
137.109375,0.001915840510113264,0.002614941481464681
137.12402343749997,0.006153392559023526,0.0024663726484387837
137.138671875,0.009069345051364074,0.002538117902651125
137.1533203125,0.006126393442840637,0.00213557330858447
137.16796874999997,0.0037788402966943877,0.0012660130499031336
137.1826171875,0.005513078575899502,0.001125713399419738
137.197265625,0.0043990924416476024,0.0013118794940635834
137.21191406249997,0.0014320551778007494,0.0008921655777267887
137.2265625,0.0021637371393960917,0.0004104737353135015
137.2412109375,0.003185273342355019,0.001288583530486364
137.25585937499997,0.003034196814029222,0.0019939019813487563
137.2705078125,0.0053296653734122325,0.002934770797888763
137.28515625,0.004644872831806448,0.003947742105592787
137.29980468749997,0.00117455670876618,0.0036891746001496855
137.314453125,0.0037022550458241346,0.0032257092281121726
137.3291015625,0.00488573534757822,0.0033750108736866177
137.34374999999997,0.00425221497518327,0.003197236321578857
137.3583984375,0.0020627162387348782,0.002554068469724716
137.373046875,0.003065135757006384,0.0020090589623030465
137.38769531249997,0.0035841863573909992,0.0019761040975115347
137.40234375,0.001278840002839557,0.0014702079900147155
137.4169921875,0.0010188835234263304,0.00027617018968588414
137.43164062499997,0.0003907777088263855,0.0006409263220624778
137.4462890625,0.0023068643417411007,0.0003178143094769081
137.4609375,0.003468812675248246,0.0010560034892976619
137.47558593749997,0.0010269739535105572,0.0012600004485659793
137.490234375,0.002650346887330252,0.0002374314093310324
137.5048828125,0.002737351308234241,0.0008572719159385337
137.51953124999997,0.0021749583280864957,0.00031351081009833864
137.5341796875,0.006004417708222231,0.0015046906285925248
137.548828125,0.005961691220406692,0.001116943152546347
137.56347656249997,0.004412254137163921,0.0008086563760137111
137.578125,0.004002868650656295,0.0014058180343524819
137.5927734375,0.0036837667233327663,0.0006979158178431012
137.60742187499997,0.002251376932477954,0.00028960821339762244
137.6220703125,0.0024937806508080803,0.0009293940386063109
137.63671875,0.004024309167597648,0.0012795836366087333
137.65136718749997,0.0028630749240803636,0.0013103679625015143
137.666015625,0.000907636551523864,0.0022463444198055
137.6806640625,0.003798324068464702,0.0020645904557546097
137.69531249999997,0.004016589069812926,0.0017976864528514473
137.7099609375,0.0036280255837936475,0.002279021733622934
137.724609375,0.003920796544296443,0.00122417563942646
137.73925781249997,0.0037671763136141174,0.0007733795330154046
137.75390625,0.0037177611627323146,0.0014349336695397852
137.7685546875,0.00284488396521248,0.0010166771214200879
137.78320312499997,0.0009882453094480523,0.0007269529659723808
137.7978515625,0.004297354631856766,0.0009617469858813594
137.8125,0.004713688949334561,0.0009470302966212041
137.82714843749997,0.002237366730495914,0.000673795018872545
137.841796875,0.0019310488570877704,0.0018491233903610855
137.8564453125,0.0027820033241412225,0.0015405143279115649
137.87109374999997,0.006654221709321349,0.0008933146270932352
137.8857421875,0.008706918280548998,0.0025491027833126423
137.900390625,0.006923894806612332,0.0029201685415107355
137.91503906249997,0.004922628194603615,0.00172700631517513
137.9296875,0.005587574195920516,0.0026173846656209862
137.9443359375,0.0048315346634682215,0.0030924733495915012
137.95898437499997,0.0016595437691877587,0.0020284014191250008
137.9736328125,0.0022587540745207108,0.002138061594934297
137.98828125,0.004707207886047353,0.003011688988375267
138.00292968749997,0.005044344894935896,0.0027644282089593812
138.017578125,0.003236431232505547,0.0026555257286162673
138.0322265625,0.0018505597243290747,0.002644706262045697
138.04687499999997,0.003989634878994951,0.0024974641157908084
138.0615234375,0.00550827514195846,0.002678489246300617
138.076171875,0.00568317786214834,0.0027530351802445775
138.09082031249997,0.005032011856995988,0.0027958446504093354
138.10546875,0.0039625156948094094,0.0030176188115375647
138.1201171875,0.002070958201259972,0.002642878835565271
138.13476562499997,0.0016157020094141317,0.0018091042708187105
138.1494140625,0.002947395706238215,0.001886842767510977
138.1640625,0.0030027125936565977,0.0015837532454810739
138.17871093749997,0.00374440312147027,0.001041839393750683
138.193359375,0.006756384913357757,0.001871648345702573
138.2080078125,0.006866905786070172,0.002216277339900305
138.22265624999997,0.0041157895948459285,0.0021423039886670926
138.2373046875,0.0022344859090540556,0.002668215908492216
138.251953125,9.657498965947807e-05,0.0028220120370406284
138.26660156249997,0.002478784645842781,0.0022382242738181925
138.28125,0.002644654230998374,0.0012961537040031943
138.2958984375,0.0015368711754320855,0.0012616841676695585
138.31054687499997,0.0012076674768364054,0.0015269307163472382
138.3251953125,0.0029542687160800957,0.0009486979730593172
138.33984375,0.002678540338616992,0.001652686133659846
138.35449218749997,0.0025019902531539756,0.0027242788743513705
138.369140625,0.001902540798606457,0.0019017087299569898
138.3837890625,0.002052761962836793,0.00348738927153155
138.39843749999997,0.005119147333174272,0.003949986396866411
138.4130859375,0.005369256484772679,0.0029001904033412753
138.427734375,0.005525537315316389,0.003860553864979922
138.44238281249997,0.00824643492443729,0.004778507406840517
138.45703125,0.009666291030877523,0.003918284270623034
138.4716796875,0.0068194825334488215,0.0038401181942565492
138.48632812499997,0.0028957554760326775,0.004370940367904257
138.5009765625,0.0018384264681280459,0.003441040406335892
138.515625,0.0011922558405964307,0.0027264765316054
138.53027343749997,0.0009265354770433073,0.002879071687595745
138.544921875,0.0013534645108541543,0.0017265096375429759
138.5595703125,0.0032970382315549805,0.001351639460247509
138.57421874999997,0.005691478517680458,0.001679203445930556
138.5888671875,0.006939807110393853,0.0008811552146556141
138.603515625,0.006553024793449062,0.001596672330778508
138.61816406249997,0.005702346013428871,0.0024756873729260723
138.6328125,0.004903007382052063,0.0021023222222366356
138.6474609375,0.006295630447944834,0.0024956166851041644
138.66210937499997,0.007237401621431882,0.0032819786512075537
138.6767578125,0.004417346477937886,0.002780640739177971
138.69140625,0.0014794923021938427,0.002513895399749263
138.70605468749997,0.0009267326551860655,0.002932920752154238
138.720703125,0.004568502592467117,0.0024140152980196804
138.7353515625,0.007796486675719289,0.001840085047365341
138.74999999999997,0.007603045651985975,0.001601288580787181
138.7646484375,0.005663487968634538,0.0015806619985417132
138.779296875,0.004903757213255337,0.0019143390572683974
138.79394531249997,0.00478407516023837,0.0019443607863942614
138.80859375,0.004274983868807119,0.0026711954212806604
138.8232421875,0.0034336585452147896,0.003745656393387124
138.83789062499997,0.0019360475933329015,0.003875110061923401
138.8525390625,0.0008792259270339681,0.003859997051194876
138.8671875,0.0019254279189193223,0.004383183570362991
138.88183593749997,0.0022095838625189193,0.003860327271834188
138.896484375,0.002308975042813639,0.002600207838863154
138.9111328125,0.002734236900100482,0.002560798661463969
138.92578124999997,0.002499691828432688,0.0033181239879712236
138.9404296875,0.00122709112345793,0.002899587098555752
138.955078125,0.003012598670404661,0.001609406708755083
138.96972656249997,0.0036481370901659546,0.0017952251471523377
138.984375,0.0020197767567675076,0.0012416073434471878
138.9990234375,0.0011651899376658931,0.0009300684758089907
139.01367187499997,0.002626375992287687,0.00202656180277939
139.0283203125,0.005819544471897105,0.0024043692289891522
139.04296875,0.007202518334886927,0.003234867804450882
139.05761718749997,0.006660912413053791,0.003560232791121442
139.072265625,0.00647256656582094,0.003559670359242297
139.0869140625,0.0067472271849101755,0.003739110725602409
139.10156249999997,0.0067845795974653,0.0038484915578031876
139.1162109375,0.006261577474267263,0.004035097989547169
139.130859375,0.005651686334215019,0.003989569938021091
139.14550781249997,0.004360301317796765,0.0027064449211869858
139.16015625,0.0017905947045285875,0.001882889905757938
139.1748046875,0.0020073344352250747,0.0019113554925928274
139.18945312499997,0.0015080763084541948,0.0006459363933826831
139.2041015625,0.00027770710341504793,0.001845769120220322
139.21875,0.0008072835398749334,0.0025574874300425404
139.23339843749997,0.0023248224903054697,0.001918432300701981
139.248046875,0.004186945890776056,0.0028141760795557377
139.2626953125,0.005110620778265852,0.003585355180645517
139.27734374999997,0.0045317253612367995,0.002902418185053583
139.2919921875,0.004247760704163218,0.0027058849814802213
139.306640625,0.005194224442932324,0.003588174329023541
139.32128906249997,0.0065755098298332275,0.0035679798013453106
139.3359375,0.006782386950210555,0.0029922384219767404
139.3505859375,0.004633932108725567,0.0029892590673569488
139.36523437499997,0.0022191701260697912,0.0025248339306544344
139.3798828125,0.0029627477384630754,0.002065993855807479
139.39453125,0.004480194957394032,0.0018943781850803063
139.40917968749997,0.006327232571609763,0.0019055013659914422
139.423828125,0.007341532841366249,0.0023825613592811405
139.4384765625,0.007362315004900567,0.002285549607635392
139.45312499999997,0.006774744353689948,0.002155637932864011
139.4677734375,0.004047720588277003,0.0025707716300748403
139.482421875,0.000750626793626448,0.001830737637060926
139.49707031249997,0.0037806287854257863,0.0009138180850341924
139.51171875,0.003351976137767833,0.0014673384206152589
139.5263671875,0.0018066278649386518,0.000668258417827249
139.54101562499997,0.005076557421239804,0.001343312226268154
139.5556640625,0.006608793366799254,0.0021929669567127834
139.5703125,0.005174281787909437,0.0016101676193377215
139.58496093749997,0.005590942205027818,0.002570889384139301
139.599609375,0.006474079802377648,0.0033078281614044138
139.6142578125,0.005945936149017112,0.002909166487627837
139.62890624999997,0.006125070534005934,0.0033088433416652544
139.6435546875,0.005801935842572543,0.004385426950185465
139.658203125,0.003471703459433003,0.004222301432407918
139.67285156249997,0.0055043174875956755,0.0037365754798688927
139.6875,0.008723014866815336,0.0038488793788932505
139.7021484375,0.0088242234479697,0.0030785000181870153
139.71679687499997,0.008542653999433209,0.0017840110692755333
139.7314453125,0.009559438991492596,0.0013043547488851136
139.74609375,0.00828120221601831,0.000991394378168861
139.76074218749997,0.004904376304125854,0.0006697058310141485
139.775390625,0.002699328074399818,0.0008220744495906122
139.7900390625,0.0020613826310685807,0.0009145374558397454
139.80468749999997,0.0013277041538542536,0.0012668719325972062
139.8193359375,0.00120871323216189,0.000927862421728286
139.833984375,0.0028159126120358754,0.00017477500780588916
139.84863281249997,0.0045533855581980495,0.001052373906812276
139.86328125,0.00573362733411377,0.0017050806617927574
139.8779296875,0.005629674607844034,0.00260018466338087
139.89257812499997,0.004203727618832435,0.003254033501765573
139.9072265625,0.004367464821173337,0.003516623534729294
139.921875,0.00704212126956425,0.003643909583318563
139.93652343749997,0.007479560335082006,0.0038570584119667233
139.951171875,0.004955552261366429,0.0034720534309846587
139.9658203125,0.0034287020735234773,0.002497741632721951
139.98046874999997,0.003330679174100531,0.002340805386778105
139.9951171875,0.001903429273741304,0.0020795797102169567
140.009765625,0.003930495641097414,0.0012415144542268837
140.02441406249997,0.0036871481728237582,0.0017362673604947737
140.0390625,0.0001318390917562601,0.0016449000328265843
140.0537109375,0.0035230216487576885,0.0014304718176405315
140.06835937499997,0.0049475609789713035,0.002238902084374973
140.0830078125,0.0042127796144168575,0.002024632071509537
140.09765625,0.00606272613495153,0.002113954724938789
140.11230468749997,0.008811550392191576,0.0026424619520798867
140.126953125,0.008172313757848501,0.0022664251456808184
140.1416015625,0.005802690406772829,0.0022693267719493017
140.15624999999997,0.003329774286478626,0.0027885181115538168
140.1708984375,0.0032054808167809234,0.0025958086362185377
140.185546875,0.004500915402621433,0.002471814076056704
140.20019531249997,0.0036456296311860163,0.002889991058603176
140.21484375,0.0020724381716552952,0.002535743519557939
140.2294921875,0.002350274097112118,0.0021106742643289622
140.24414062499997,0.004602728881350633,0.0025570847808910465
140.2587890625,0.005732473803168372,0.002468971890970873
140.2734375,0.005556588561895386,0.0020566457213682878
140.28808593749997,0.00465216119397673,0.002442581911960824
140.302734375,0.0036998738091678584,0.002410961807284868
140.3173828125,0.0035847059744552896,0.0019059781470354797
140.33203124999997,0.004300317224607795,0.0020706979156554996
140.3466796875,0.004803926765474542,0.001981921163025839
140.361328125,0.0033909560231409662,0.0011962238948774013
140.37597656249997,0.0008309124407084748,0.0013504691349817547
140.390625,0.0031193994863988493,0.0018219906267842804
140.4052734375,0.005834053535826541,0.0015478424302547886
140.41992187499997,0.007766147706747388,0.001877160016680525
140.4345703125,0.006751095769362727,0.002784616343905057
140.44921875,0.00594440797045922,0.0022835495194563175
140.46386718749997,0.0074547780153782954,0.002562229860558743
140.478515625,0.0057094317274659235,0.0029005291461428246
140.4931640625,0.002152297494311535,0.0020255659729846807
140.50781249999997,0.0038403624839443563,0.002151819730384079
140.5224609375,0.004761706328346015,0.0020533698835396097
140.537109375,0.004361611106043011,0.0012786154196709118
140.55175781249997,0.003436630678339967,0.0012989963055327735
140.56640625,0.002923337458678845,0.0017267793355294114
140.5810546875,0.004080054359187174,0.001431631533649427
140.59570312499997,0.005334220796781752,0.0009088563143458834
140.6103515625,0.005192063225210544,0.0015939096274808445
140.625,0.004065463345003877,0.001970603270149532
140.63964843749997,0.00148060203859338,0.0012625123670087285
140.654296875,0.003922763728410637,0.0016804008392482127
140.6689453125,0.005906160433158579,0.0023594794491011983
140.68359374999997,0.004439613184627527,0.0014418821640444928
140.6982421875,0.006640077443823599,0.0020113351936031395
140.712890625,0.008305663800448957,0.0027835515163202908
140.72753906249997,0.005049915769471773,0.001873834363573404
140.7421875,0.005145367952735356,0.0027161781380884253
140.7568359375,0.006837180526411861,0.003099615134685076
140.77148437499997,0.0063067109881364825,0.001955185136212401
140.7861328125,0.007263573646942945,0.0020467240128938004
140.80078125,0.0071294851828985085,0.0028858645115460535
140.81542968749997,0.005389125765386184,0.00283070623850538
140.830078125,0.006298201150760354,0.0024672665967819985
140.8447265625,0.008461566359977161,0.0033132742266705666
140.85937499999997,0.007700961166331457,0.0033465947408432913
140.8740234375,0.004830953338938612,0.002203751321534554
140.888671875,0.002756358413754739,0.002308905060329717
140.90332031249997,0.001399531440533854,0.002275290560093886
140.91796875,0.0009889096743420532,0.0012726030155943402
140.9326171875,0.0017128483124067213,0.001510113754426833
140.94726562499997,0.001350677910262372,0.0022918788909572036
140.9619140625,0.002897071246294832,0.0018379969501812535
140.9765625,0.007375501953701554,0.0025506067000712214
140.99121093749997,0.00671531317041105,0.0032598635000007973
141.005859375,0.000724732227793738,0.0027657172677224297
141.0205078125,0.00491539844350517,0.0034175698119089716
141.03515624999997,0.006309736222342969,0.003774417209419436
141.0498046875,0.006225599572043074,0.0031785453532068154
141.064453125,0.00838391750336073,0.0034825975094853207
141.07910156249997,0.007985078088727412,0.0037169363577158826
141.09375,0.005438534285137459,0.0030417997413963037
141.1083984375,0.006432763675467234,0.0027635293582115705
141.12304687499997,0.006450098804452001,0.0029461112460002245
141.1376953125,0.004387085720310028,0.0024641336481654396
141.15234375,0.0036844318291420963,0.001713623452721742
141.16699218749997,0.004987789842668705,0.0020220844602136484
141.181640625,0.005735829622889518,0.0020501542212018877
141.1962890625,0.005262821252445032,0.00119352417231026
141.21093749999997,0.003697500924785887,0.001131637367760404
141.2255859375,0.0008372129882440424,0.0013993437592056423
141.240234375,0.0014656023226449215,0.0008016102620046594
141.25488281249997,0.0009734193732134374,0.0003299774406233649
141.26953125,0.0007699094838223004,0.0005777687031683855
141.2841796875,0.0012118164304579068,0.0005863797583771437
141.29882812499997,0.0010764549850059927,0.000962339008629722
141.3134765625,0.0018579504503441974,0.0018230251295220659
141.328125,0.002598250675989952,0.002308279453358573
141.34277343749997,0.0021725681946561516,0.0026781323967677707
141.357421875,0.0029585077994734553,0.003832062764063427
141.3720703125,0.004530596110223178,0.004358893590901766
141.38671874999997,0.004791866716096456,0.004286473299974912
141.4013671875,0.003284935667677278,0.004347733343098996
141.416015625,0.0013816263349160115,0.003584454531921594
141.43066406249997,0.00210187046339374,0.002937331837276978
141.4453125,0.004200085408449644,0.002672393112470733
141.4599609375,0.004095792098479712,0.0016750802254417829
141.47460937499997,0.004052129404326505,0.001400310080612718
141.4892578125,0.0046154672503847215,0.0015401463091638619
141.50390625,0.003474292255806499,0.0003127549839865277
141.51855468749997,0.0032395638130959113,0.0017026856422011826
141.533203125,0.005652668913424065,0.0013561855786910432
141.5478515625,0.008753661164322083,0.0006104835256967816
141.56249999999997,0.008784658738102807,0.0013569573452900927
141.5771484375,0.006813390024815372,0.0009848018874801063
141.591796875,0.0056712329013687305,0.0018841461278652624
141.60644531249997,0.006178274723637612,0.0012433708351920739
141.62109375,0.008639360789147588,0.0029526003313247004
141.6357421875,0.008932775210953248,0.003890295532590336
141.65039062499997,0.006569482490875476,0.0024627602857512643
141.6650390625,0.005907644391763745,0.003246712283241932
141.6796875,0.007845601705777559,0.003987593389916193
141.69433593749997,0.006167090744607422,0.00229487245632029
141.708984375,0.003090879614581664,0.002772167708427067
141.7236328125,0.00504745293329408,0.0036174581955104807
141.73828124999997,0.0034953298901734325,0.002329402736924268
141.7529296875,0.0033524378479010686,0.0026947077797923
141.767578125,0.007061007647455702,0.0037562248586985965
141.78222656249997,0.0070226131304608344,0.0026648719769422156
141.796875,0.005074516195420783,0.002399554544247108
141.8115234375,0.004029705664134805,0.0028083470049835475
141.82617187499997,0.0030909636260715305,0.0016189386136910267
141.8408203125,0.0026024734271194215,0.0009642765883744364
141.85546875,0.0047933698409885015,0.001424490574869549
141.87011718749997,0.005108270392981457,0.0009735934448507239
141.884765625,0.0025375015598310007,0.000628001622282752
141.8994140625,0.003370357883703346,0.0012379986123109046
141.91406249999997,0.004227836402907743,0.0006807375233618747
141.9287109375,0.004319108447196667,0.0012430155066770628
141.943359375,0.00601465385760504,0.001697628764486945
141.95800781249997,0.007197917096302101,0.0012421416989337431
141.97265625,0.0037801687999267797,0.0018902504493796635
141.9873046875,0.003082622914502004,0.0028635993652663424
142.00195312499997,0.006284260184276706,0.0021596485299647705
142.0166015625,0.005793271348164936,0.001972765319830732
142.03125,0.0046028574593436405,0.002173936656750953
142.04589843749997,0.004018461653926779,0.0012911391627997957
142.060546875,0.00347896899247225,0.0005166430599931779
142.0751953125,0.002786453265829577,0.000501108239420316
142.08984374999997,0.0030748260470822414,0.00022266899331185714
142.1044921875,0.003410868518124117,0.0010384797894245424
142.119140625,0.00480656660132169,0.0016988740707689451
142.13378906249997,0.005466183054226336,0.001495966107294495
142.1484375,0.0037298481203374852,0.0012935283909332282
142.1630859375,0.0020481600444292336,0.0011512338667743708
142.17773437499997,0.001742418985105857,0.0013895778058180997
142.1923828125,0.002201349086606614,0.0017930376069267458
142.20703125,0.003941209951438401,0.0022283248024677774
142.22167968749997,0.005752978157154784,0.002918529873923335
142.236328125,0.006111944178603656,0.0028408805686457542
142.2509765625,0.005777242486304661,0.002646279565671707
142.26562499999997,0.005825692469571152,0.002925378234170105
142.2802734375,0.0063840719116628,0.0031840347404705214
142.294921875,0.005468402858571451,0.0031254676446560515
142.30957031249997,0.0028334132068452305,0.0027907458159354393
142.32421875,0.001125028347071441,0.0022561136874768985
142.3388671875,0.0007531553129121556,0.0018345646175083464
142.35351562499997,0.0010840620435927418,0.0014440384181280401
142.3681640625,0.001797930716959228,0.0008818533609917589
142.3828125,0.001698373571742851,0.0015225435484851608
142.39746093749997,0.002545912220574601,0.001565106900622084
142.412109375,0.0017188167514381434,0.0009516080530980487
142.4267578125,0.002591628008782025,0.0015891708471461369
142.44140624999997,0.006153898122296153,0.0019077310021859224
142.4560546875,0.005137132662847845,0.0012531682221903046
142.470703125,0.0013808824461909587,0.0011163232658567147
142.48535156249997,0.0033516887880924635,0.0017279871935928998
142.5,0.003007653137132611,0.0014928438319243536
142.5146484375,0.0010939592621722607,0.0007046594148850633
142.52929687499997,0.005134820587372901,0.0010303597844386998
142.5439453125,0.004920186678776609,0.001613591706661916
142.55859375,0.0011796258013266798,0.000882791492504385
142.57324218749997,0.004465812931026404,0.0019693367844947165
142.587890625,0.006125374298346702,0.0031904894961827103
142.6025390625,0.004690499319809618,0.0027408007006509165
142.61718749999997,0.00287159007954138,0.003548547113663307
142.6318359375,0.0031809659036820385,0.004858923950929482
142.646484375,0.0030887723755975804,0.00428731963630401
142.66113281249997,0.0036678534332814407,0.0036417631829033376
142.67578125,0.005145278392052195,0.0043340022803062305
142.6904296875,0.004815608939255283,0.0046160330372197736
142.70507812499997,0.002634758300742696,0.0036982853107001144
142.7197265625,0.0037941520811268885,0.0032230693218364124
142.734375,0.00451038455843647,0.003553102720214886
142.74902343749997,0.003295885661491108,0.00248620461867164
142.763671875,0.0008852886659853538,0.0011242284693523594
142.7783203125,0.0038144313679110615,0.001507759997552813
142.79296874999997,0.0068011572861059405,0.0008643022520329327
142.8076171875,0.004432946980926134,0.0003482995495218717
142.822265625,0.0017439596780830556,0.0010724459375956348
142.83691406249997,0.003501674748307822,0.0014599933600449903
142.8515625,0.0010335184099409635,0.0017416877889359103
142.8662109375,0.006650725534820085,0.002507565880871112
142.88085937499997,0.007932857860843264,0.0029220822292636726
142.8955078125,0.006264662222367027,0.0030740388891894272
142.91015625,0.006024660045412781,0.0026862718336381785
142.92480468749997,0.006663821509540785,0.0019684415239226154
142.939453125,0.006410627038353615,0.0018528114412829587
142.9541015625,0.005410320122479901,0.0016169852360175983
142.96874999999997,0.00482640884463656,0.001145405895709173
142.9833984375,0.004915589978586105,0.0011221333634710842
142.998046875,0.005687506029855114,0.00190807459806193
143.01269531249997,0.005978621451953509,0.0020436215249845925
143.02734375,0.005147886128652094,0.0015139902673095248
143.0419921875,0.004626170050445998,0.0014977455360526135
143.05664062499997,0.0038199658365515618,0.0011822195104872486
143.0712890625,0.0027380317783281425,0.001001598083152731
143.0859375,0.0023548361126722525,0.0012544187972349612
143.10058593749997,0.0020084652971015717,0.0017415525737958543
143.115234375,0.003467970348825857,0.0015925094153313051
143.1298828125,0.005771892980644468,0.001418222336320141
143.14453124999997,0.00728261182937732,0.0015410011039251018
143.1591796875,0.00831850688520968,0.0012318343648109757
143.173828125,0.009183761321040197,0.0014911110644638425
143.18847656249997,0.008899674552590291,0.0017049854855379356
143.203125,0.006294063819373365,0.0009045725692979436
143.2177734375,0.0030204360990494527,0.0010776243001018977
143.23242187499997,0.0030563242323993376,0.0014747070498881281
143.2470703125,0.004899904575172124,0.0011367623717191148
143.26171875,0.005786957707579953,0.0006047807063300154
143.27636718749997,0.0047613409617863695,0.001494817637359286
143.291015625,0.0023416646590794046,0.00181848114643061
143.3056640625,0.001018741323009863,0.0010576310498116297
143.32031249999997,0.0013578614843447708,0.0009026747904197706
143.3349609375,0.0026524205300243737,0.0016369533367756781
143.349609375,0.005238666212315652,0.0016646021592269672
143.36425781249997,0.005126922679203769,0.0009498459215173271
143.37890625,0.002839449302848803,0.0011367967073644416
143.3935546875,0.0017632386400498457,0.0016101126859904434
143.40820312499997,0.0009894806989146684,0.0011199067550556382
143.4228515625,0.0007037769217947201,0.00047695203020861376
143.4375,0.001963361157446871,0.0006616395002143605
143.45214843749997,0.0043552452906112805,0.0015576819353994552
143.466796875,0.005248525983428758,0.002006240252805984
143.4814453125,0.005048285612501477,0.0018517651570042878
143.49609374999997,0.005695469541897373,0.0018338951448302846
143.5107421875,0.006351604706497045,0.0015309951767042244
143.525390625,0.004743515459028137,0.0008937280471190078
143.54003906249997,0.0027277457396571022,0.0007364343342069544
143.5546875,0.004356226848818196,0.001180866961959074
143.5693359375,0.004185869184266649,0.0014329558660609854
143.58398437499997,0.00622155936115057,0.001170527915037405
143.5986328125,0.010171042897652149,0.001588524534785073
143.61328125,0.01059758633170853,0.0019277893476878363
143.62792968749997,0.007402800832443353,0.0011793966979779316
143.642578125,0.003889211693509362,0.0007147858666586533
143.6572265625,0.00293439333681767,0.0016286383255244325
143.67187499999997,0.004321244332717057,0.0017143952122968267
143.6865234375,0.005978595246680355,0.0005916040393992821
143.701171875,0.006469546441241986,0.0009080327598160009
143.71582031249997,0.004874316808291617,0.0010673285369096534
143.73046875,0.0026144074008061387,0.0008747189288009821
143.7451171875,0.004040088151863064,0.0005103030669979505
143.75976562499997,0.005218012526633831,0.0010202757584154185
143.7744140625,0.005646505212372755,0.0009646401897447014
143.7890625,0.005820495136721509,0.0008194015777062504
143.80371093749997,0.005130562939421754,0.0009165773607842418
143.818359375,0.005534419753664883,0.0010941325931525918
143.8330078125,0.006047362088600911,0.0010054576555092697
143.84765624999997,0.004646733337508174,0.0007881312990448834
143.8623046875,0.004746745890480375,0.0008937866302328665
143.876953125,0.005294315050926675,0.001135876145363412
143.89160156249997,0.004303539716144851,0.0009660633533354585
143.90625,0.0046976039833170995,0.0008999478532758563
143.9208984375,0.005539261735164093,0.0016411526093427094
143.93554687499997,0.006418851774055204,0.0014004250677505398
143.9501953125,0.007777120173855046,0.0007423141157849953
143.96484375,0.007578863481381582,0.001678157650591059
143.97949218749997,0.004454612313712096,0.002228724866632504
143.994140625,0.0034329139735863605,0.0016002922071896488
144.0087890625,0.007090800743586284,0.0015889099914882885
144.02343749999997,0.010108402213001308,0.0022383332619530386
144.0380859375,0.010328930466045874,0.002203771677293686
144.052734375,0.007304713728105166,0.0016942391029253511
144.06738281249997,0.005701201301831912,0.0015667661413279184
144.08203125,0.0041579230006801166,0.0014824690249336091
144.0966796875,0.005172373602249648,0.0008127342762345681
144.11132812499997,0.00411774686150205,0.00046691669180856416
144.1259765625,0.0008277955414754943,0.0006136571340877373
144.140625,0.00527316233706757,0.000419691355417208
144.15527343749997,0.006587549593067897,0.0012879556461916502
144.169921875,0.004833244384900201,0.0012073148565356225
144.1845703125,0.001963885238066657,0.0006363585078898776
144.19921874999997,0.002514396401594402,0.00035353576725523887
144.2138671875,0.002644270056884553,0.0011770058240450673
144.228515625,0.0018713743235420329,0.0025946984652581535
144.24316406249997,0.0013137790194920954,0.0023804737927248685
144.2578125,0.0012433356584827353,0.0019090060376460057
144.2724609375,0.003122748559669411,0.002927113903906191
144.28710937499997,0.0047063307999696555,0.002346490091740691
144.3017578125,0.0051405943069183,0.0014977809652732864
144.31640625,0.006342971034937605,0.0025428433162836706
144.33105468749997,0.00757996158402718,0.002470480562105382
144.345703125,0.007518471179557073,0.0024692857415908264
144.3603515625,0.006211470200806364,0.003353272378992975
144.37499999999997,0.005214289645079181,0.003159374310813191
144.3896484375,0.006009643724314686,0.0035381692990191205
144.404296875,0.006078387406837412,0.003885471885421089
144.41894531249997,0.004465671575865519,0.0029448576551650493
144.43359375,0.0026720002958719085,0.0030713651348891306
144.4482421875,0.0035501310113024275,0.00342395688186212
144.46289062499997,0.0039424458120935185,0.0025531569858528087
144.4775390625,0.002981822441293281,0.0019995044333817754
144.4921875,0.004659882979553414,0.0032696141914104644
144.50683593749997,0.00588558991671001,0.0029017706194208966
144.521484375,0.006297452831325675,0.0011849229953914684
144.5361328125,0.006024319836977158,0.0015282034320400878
144.55078124999997,0.00442767550526774,0.002109040827768888
144.5654296875,0.0017042154200192997,0.0012952603295343977
144.580078125,0.0022447621449271345,0.0013290243514838885
144.59472656249997,0.004332499758421046,0.0024142060295211246
144.609375,0.0013328592382269506,0.0021410684842722533
144.6240234375,0.005316260591466263,0.002279902676423356
144.63867187499997,0.008865680126207937,0.002802767952952122
144.6533203125,0.007330973053886422,0.0023939230568605376
144.66796875,0.004010346422857921,0.0016253287103175323
144.68261718749997,0.006151283887835319,0.0016955581600892806
144.697265625,0.009847675837283621,0.0023522293375244957
144.7119140625,0.008298395949016994,0.0020343209376599875
144.72656249999997,0.003011053629915593,0.0010919127930349353
144.7412109375,0.0011607148935746314,0.0008707678259509023
144.755859375,0.0009127606829905565,0.001577906113568896
144.77050781249997,0.003353317230737132,0.0024338702966644455
144.78515625,0.0026570656304213992,0.0027843248374239222
144.7998046875,0.0016709541032923667,0.002708895092644964
144.81445312499997,0.0016393596935959463,0.0030710153082857167
144.8291015625,0.0020714958613984977,0.0038861428443723945
144.84375,0.002993560209079705,0.003962005517291787
144.85839843749997,0.0031831324224173225,0.0033634251846671953
144.873046875,0.003492142280960887,0.0028125234117240714
144.8876953125,0.0037806010403144195,0.002549071897725659
144.90234374999997,0.004268842947847566,0.0023468176942840475
144.9169921875,0.0042704125835981484,0.001682020768045938
144.931640625,0.002702785171756803,0.0008376063021814774
144.94628906249997,0.0031149862484640186,0.0014783225638391798
144.9609375,0.0032908730875756873,0.0011250823238827452
144.9755859375,0.0011348504986519558,0.0009013374443240254
144.99023437499997,0.004245900893735043,0.0009735456566594134
145.0048828125,0.006215751002183993,0.0007251787182083958
145.01953125,0.0051517626742502085,0.0016909224114650698
145.03417968749997,0.005290630285395776,0.0010442532856108154
145.048828125,0.009431943993289888,0.0008375374690467668
145.0634765625,0.010879038890326978,0.0015854577318075995
145.07812499999997,0.007678224151529685,0.001570625900101425
145.0927734375,0.005671202998138197,0.00029472878578690686
145.107421875,0.008308178642875193,0.0014479052753397896
145.12207031249997,0.007327504827870041,0.001849656646343074
145.13671875,0.0046078126507051705,0.0008101177581600355
145.1513671875,0.004515135220508702,0.0005742839699811238
145.16601562499997,0.004405145613154658,0.0008589067030557856
145.1806640625,0.004372696432514853,0.0008770947904913903
145.1953125,0.0028820572710275523,0.0014149173732249613
145.20996093749997,0.0027547041764686498,0.0009595515489800149
145.224609375,0.0030354462638350396,0.0013645071489827446
145.2392578125,0.005580774567562461,0.0016979420409747297
145.25390624999997,0.007489654164077384,0.0009465401522296316
145.2685546875,0.005354861065069259,0.0005831790738505513
145.283203125,0.0017536067563219,0.0012152440110982793
145.29785156249997,0.002782042057351314,0.0016173604960667035
145.3125,0.00289227443881261,0.001404921886407914
145.3271484375,0.0011757590085319754,0.0018432400498356086
145.34179687499997,0.002636057105317722,0.0017749822330871247
145.3564453125,0.0033178535182725247,0.0013696213255014046
145.37109375,0.002208330993779312,0.0013974912737915596
145.38574218749997,0.0034173720792468653,0.002624731163021454
145.400390625,0.004814818283923605,0.0031421895615751884
145.4150390625,0.005308478742164689,0.0026817701736037364
145.42968749999997,0.005681808627269682,0.002752157732994223
145.4443359375,0.00557833027103109,0.0031535766858370533
145.458984375,0.004130891397196637,0.0025724471467467565
145.47363281249997,0.002238373349943597,0.0012833725821532426
145.48828125,0.003127494822468355,0.0005567922779351459
145.5029296875,0.0030615570241141372,0.0003564995466705671
145.51757812499997,0.001414373015698994,0.0008089092657114049
145.5322265625,0.0007139281690262872,0.0010484890532477236
145.546875,0.00023675727543383135,0.0011760884639146596
145.56152343749997,0.0005744470313033342,0.0011238864868228116
145.576171875,0.0005553444006891837,0.0018880090128001385
145.5908203125,0.0025647090033775457,0.002785258329879774
145.60546874999997,0.00502833364103243,0.002472437938955338
145.6201171875,0.0055195839684438475,0.002046023455052682
145.634765625,0.005060349495555581,0.0023873912964064775
145.64941406249997,0.0038212055901102673,0.00238006096386058
145.6640625,0.003933599097320204,0.0018733444115611939
145.6787109375,0.003919848812338796,0.0010882794244621628
145.69335937499997,0.0039882918545518144,0.0005258974375518134
145.7080078125,0.0032194500511886414,0.0007415874386350516
145.72265625,0.0015221141707362665,0.0009542232749519679
145.73730468749997,0.0021096638425712366,0.0009451544577341158
145.751953125,0.0032276538763657756,0.0006347443210815567
145.7666015625,0.004136455296582574,0.0005089756707413943
145.78124999999997,0.004515947873604104,0.0013179448639675888
145.7958984375,0.004504070608157967,0.002265581603252116
145.810546875,0.006561017972798789,0.002670010544224163
145.82519531249997,0.0074125072313936105,0.0026375438315372206
145.83984375,0.004309111833976005,0.003800924665635016
145.8544921875,0.0029418661084680666,0.004219969444718997
145.86914062499997,0.006375732426462234,0.003001647016773526
145.8837890625,0.008908504748340956,0.003763754599632998
145.8984375,0.009729015667846216,0.004450736487788349
145.91308593749997,0.008457061153465657,0.003163090217230584
145.927734375,0.007595699736840079,0.003268259628078525
145.9423828125,0.006935911412147617,0.00490309550103364
145.95703124999997,0.003425948833484929,0.004129765221124168
145.9716796875,0.002425842558100369,0.0026776903429055017
145.986328125,0.0030030449603800076,0.0037275563118116836
146.00097656249997,0.0029799822430170413,0.0039754711246778665
146.015625,0.004425130568164723,0.002750934490525916
146.0302734375,0.003786699360147647,0.002163990102950221
146.04492187499997,0.0033898565958267947,0.0026456250898292456
146.0595703125,0.007573699273636207,0.0022541396602282866
146.07421875,0.009810027274596077,0.00097707644847068
146.08886718749997,0.009705277936464082,0.000863729015586892
146.103515625,0.008717733434441738,0.001606091190269642
146.1181640625,0.00752466832384077,0.0006534342999515974
146.13281249999997,0.004520669426283587,0.001876186489534984
146.1474609375,0.0015172061085877142,0.0030039021121896444
146.162109375,0.002429459959132012,0.00200690567269402
146.17675781249997,0.002633222639137447,0.0020671111892950848
146.19140625,0.003764191910168933,0.0034150394134659164
146.2060546875,0.005242559391556047,0.0032250515136443723
146.22070312499997,0.007615423325783151,0.002269478007411965
146.2353515625,0.009206176273868737,0.0032628265349362424
146.25,0.007114871500890433,0.003426070693473373
146.26464843749997,0.003302784426756419,0.002195786963648249
146.279296875,0.0019643851943346785,0.0018509886159940642
146.2939453125,0.0009312548630822224,0.0015503611556819457
146.30859374999997,0.0007615972794737718,0.0008695803215155953
146.3232421875,0.0020208252703182456,0.0008246793494885225
146.337890625,0.0024942319141333068,0.0011569022940420791
146.35253906249997,0.0024373766132652496,0.0008680770884375859
146.3671875,0.0042151315732716224,0.00031175829685875576
146.3818359375,0.004246217110370718,0.00035203073119134
146.39648437499997,0.002130562587764689,0.0018517133874284954
146.4111328125,0.0007171260479668397,0.002935709955299689
146.42578125,0.003974725565547368,0.002588107402915882
146.44042968749997,0.00646979499911442,0.00362476082214767
146.455078125,0.00635188434869036,0.004719483577288414
146.4697265625,0.005052449966576339,0.0036844791744485234
146.48437499999997,0.005609839072414007,0.0032152929294706712
146.4990234375,0.006026592234616473,0.0036519742025938455
146.513671875,0.005588592408478742,0.0031838195431631135
146.52832031249997,0.005254113821417816,0.0026108938753933424
146.54296875,0.005915444186642147,0.002872574747757683
146.5576171875,0.005784009309227955,0.0031586517701398145
146.57226562499997,0.004003733671899594,0.003059837730245773
146.5869140625,0.001368740930102631,0.0028777102025552667
146.6015625,0.0016832238229680635,0.003147518247191119
146.61621093749997,0.003430873651552946,0.003647248449176055
146.630859375,0.0070190789877021004,0.0035195194749456904
146.6455078125,0.007536423203895208,0.003247371290976239
146.66015624999997,0.004427594436127171,0.0029122879728327605
146.6748046875,0.0020274421336668445,0.0021354584909441436
146.689453125,0.004371376281164696,0.0014207915974593303
146.70410156249997,0.007548008119723249,0.00046781510558254185
146.71875,0.008582474099888264,0.0010925589848561998
146.7333984375,0.007496474272826814,0.00111213339916179
146.74804687499997,0.00587412870710168,0.0018748966279339497
146.7626953125,0.0037373173226640626,0.0031144201410433785
146.77734375,0.002175783111476593,0.002859813376653899
146.79199218749997,0.00547863714769306,0.002801016197927929
146.806640625,0.008086573348990857,0.0033641561106635166
146.8212890625,0.007542271410079846,0.0031759139030150207
146.83593749999997,0.003213048789500048,0.002564811474927029
146.8505859375,0.004396482868547403,0.0022270301831124506
146.865234375,0.008101511546594003,0.002155609927956075
146.87988281249997,0.0068967357530701585,0.0016413793644992792
146.89453125,0.003095899102021786,0.0007785999019735092
146.9091796875,0.0003359138232394781,0.0001506003203872941
146.92382812499997,0.002584610088486462,0.0004732276168943857
146.9384765625,0.0038433893884091373,0.0005111948271215037
146.953125,0.003405646066492299,0.0012903472536536867
146.96777343749997,0.002571295486797064,0.0022166510331425504
146.982421875,0.002759942600977331,0.002248334412764134
146.9970703125,0.0028514684945758536,0.00316988206932999
147.01171874999997,0.003417052660879063,0.0047013560520027435
147.0263671875,0.005502464459155808,0.004715423627957697
147.041015625,0.007804016805339116,0.004189221457749849
147.05566406249997,0.008455387259728876,0.005173309819582934
147.0703125,0.008303433334318216,0.00581391233059769
147.0849609375,0.00837050708976907,0.005079409728115826
147.09960937499997,0.007135211904826477,0.004911957632958608
147.1142578125,0.005021950533282037,0.005409125130163952
147.12890625,0.004241056169417172,0.004574383678930609
147.14355468749997,0.003677477968073241,0.003446644660463487
147.158203125,0.0020399057241671874,0.0032463315765901978
147.1728515625,0.0005358414652139859,0.0027406613388566005
147.18749999999997,0.0024846629579163156,0.0021074180080258094
147.2021484375,0.0028393955931350487,0.0022237798514233567
147.216796875,0.0007827461075575654,0.002335646401533976
147.23144531249997,0.0033079931624503942,0.002007854413640361
147.24609375,0.004759930348801441,0.0023014070102492725
147.2607421875,0.0032356353580223996,0.001912583313312315
147.27539062499997,0.0006402056631402481,0.0008622904139511774
147.2900390625,0.0032291745522045395,0.0013219518515244209
147.3046875,0.0036820515420401996,0.00047578081069428343
147.31933593749997,0.004022637316169191,0.0011341297944919857
147.333984375,0.0019392882389427104,0.0006921460943192224
147.3486328125,0.0014562908318698892,0.0008513666244998955
147.36328124999997,0.0023718651268248158,0.001387433260776714
147.3779296875,0.0014828567862546656,0.001099586846916239
147.392578125,0.0010998461256944145,0.0003817098574320377
147.40722656249997,0.002202163794991046,0.0013256467198449705
147.421875,0.0037956595613706312,0.001989697129870925
147.4365234375,0.0038966948244406876,0.0009649618575569907
147.45117187499997,0.00391715507556396,0.001157268400764281
147.4658203125,0.003297825618203906,0.0016259622136172197
147.48046875,0.0022733812612970757,0.0009749470886806287
147.49511718749997,0.002742903638156769,0.0013526070828068048
147.509765625,0.004150422081450426,0.002431841981111546
147.5244140625,0.005429278718629706,0.0024292805024047994
147.53906249999997,0.005297926579439128,0.00210127768028409
147.5537109375,0.006465609348360262,0.0026449144756606462
147.568359375,0.007464955465809285,0.002834510234253094
147.58300781249997,0.005851052906112555,0.002203976915954232
147.59765625,0.0034010679031603055,0.0018079179476168108
147.6123046875,0.0026433270495235944,0.0026671703532761657
147.62695312499997,0.003475901139365003,0.003385153682554242
147.6416015625,0.0038862202333583636,0.0031969949397355098
147.65625,0.005371946492482174,0.0028838464133926598
147.67089843749997,0.007397601886472411,0.0032978454008494094
147.685546875,0.00738834176057918,0.003909999386545182
147.7001953125,0.004350547580377687,0.003467492368711969
147.71484374999997,0.0015727355772259858,0.00224477090293579
147.7294921875,0.0027862255203757093,0.0027106197446049667
147.744140625,0.0016745767950955969,0.002947248973631369
147.75878906249997,0.0020547683072339763,0.0017533933995009395
147.7734375,0.0027305312294162785,0.0005431090069852748
147.7880859375,0.004514443378585718,0.0018511741551151188
147.80273437499997,0.005895349995999426,0.0019279169554106477
147.8173828125,0.004538112037464201,0.0006866184983389418
147.83203125,0.002367972338703098,0.0013028119397460705
147.84667968749997,0.0014712898860635402,0.0017987221130671767
147.861328125,0.00047993413367345035,0.000608657436875602
147.8759765625,0.0013036459611031205,0.0030398061426373775
147.89062499999997,0.002158725746172077,0.0039773862146378755
147.9052734375,0.002378557351361821,0.0029658852433813417
147.919921875,0.0035872739518240633,0.0038460039799373276
147.93457031249997,0.007899118540358428,0.004882138652865718
147.94921875,0.01140103065546285,0.003750171067448269
147.9638671875,0.011811550333217185,0.002458627641664893
147.97851562499997,0.010717639711549164,0.0034558375372817224
147.9931640625,0.009048446280960982,0.0034546216697805055
148.0078125,0.006172201722459776,0.0017201088984396546
148.02246093749997,0.0038826596298686226,0.0012747313066698736
148.037109375,0.0038497211715417014,0.0015480833899378904
148.0517578125,0.004065383242172874,0.0004341162219425048
148.06640624999997,0.0034734472498512995,0.0011652034878159325
148.0810546875,0.0011060727436579365,0.001592364186609738
148.095703125,0.002629212817476711,0.0015407903939905522
148.11035156249997,0.005044473693525747,0.001982027128283959
148.125,0.0051933334338074505,0.003384145669095084
148.1396484375,0.005210025569554293,0.0040782027211056435
148.15429687499997,0.00472360100779601,0.0032425576672324282
148.1689453125,0.002196764367002672,0.003291302577697105
148.18359375,0.001737511569534467,0.004540636563517961
148.19824218749997,0.004911494641922703,0.004350956658871726
148.212890625,0.006358951187354001,0.0030375336562821547
148.2275390625,0.008320274174790695,0.0038196310860699203
148.24218749999997,0.011157419349498168,0.0041683354013582665
148.2568359375,0.01094296722556983,0.0022763986612385004
148.271484375,0.006439109552941997,0.001946739717288997
148.28613281249997,0.003720220058452001,0.0026828890715635888
148.30078125,0.005708181924291694,0.0016881496877869284
148.3154296875,0.004821784763438599,0.0007493426123817152
148.33007812499997,0.0026175770834145325,0.0017640125607168628
148.3447265625,0.000757462838402865,0.0018718160046821513
148.359375,0.0016570747885290165,0.0014129701194818575
148.37402343749997,0.004278622595157521,0.0006637726354124099
148.388671875,0.008516252275570804,0.0021659158319800565
148.4033203125,0.007375796325227326,0.0031940594211125484
148.41796874999997,0.0010456960332028075,0.001812835852335926
148.4326171875,0.003552054824439864,0.0011145200524133093
148.447265625,0.003631481589017517,0.0021112371822917878
148.46191406249997,0.004911074173259348,0.0011723827081729001
148.4765625,0.005361984335218603,0.0012656743739724225
148.4912109375,0.003672311315359493,0.0018170619117220729
148.50585937499997,0.0014632151636498523,0.0005522932033711636
148.5205078125,0.004000368867121387,0.001671312162325059
148.53515625,0.0049555990228653405,0.0025674137634423113
148.54980468749997,0.0029800898021522075,0.0023725036268986005
148.564453125,0.0018910415190368315,0.0014721377518341933
148.5791015625,0.005808033119705853,0.00238632995742656
148.59374999999997,0.00902319797097969,0.0038774734587072673
148.6083984375,0.008518033309880565,0.0033920608401936127
148.623046875,0.005920487698754202,0.002164024083966157
148.63769531249997,0.006484341193669186,0.0026896295919414826
148.65234375,0.007406089738930441,0.0024818765701133823
148.6669921875,0.006811401171777673,0.0010544180264115495
148.68164062499997,0.006323868041057704,0.0009815602500246913
148.6962890625,0.006270464836556755,0.0020410653390345933
148.7109375,0.006969670234467096,0.0013385054085451268
148.72558593749997,0.009224908680928028,0.0019508490986073002
148.740234375,0.010496923907404213,0.003956439133542682
148.7548828125,0.008228553422444532,0.0035475865197972817
148.76953124999997,0.00456027281195112,0.002004082158818491
148.7841796875,0.0031648717704263626,0.003544376512297855
148.798828125,0.0030542379327791686,0.004326434041018702
148.81347656249997,0.001415221194675665,0.003281391908328199
148.828125,0.002669078233881642,0.0022864380400312604
148.8427734375,0.004823131760271301,0.003724543925263201
148.85742187499997,0.0021410343674780983,0.0034491133392834774
148.8720703125,0.005018180437798187,0.0012071761601540115
148.88671875,0.008289260846401383,0.001074867532559297
148.90136718749997,0.008138129122212727,0.001878055036762138
148.916015625,0.006483516829236713,0.0014394918185674467
148.9306640625,0.004686865842648527,1.605368718667654e-05
148.94531249999997,0.006517320805154181,0.0015752252229449485
148.9599609375,0.007725960404452805,0.002195226936294439
148.974609375,0.00652398896349265,0.0016590770641091
148.98925781249997,0.00462580827479033,0.0025194303360739426
149.00390625,0.0036012351440805166,0.003262196493475511
149.0185546875,0.003899990476062252,0.0020212028966425004
149.03320312499997,0.003549322778084275,0.0011741604980658312
149.0478515625,0.0027730420345795275,0.0014577190950800032
149.0625,0.004330447137075515,0.00041634003070824195
149.07714843749997,0.006576572163839413,0.0010865315348475124
149.091796875,0.005917627063280583,0.0018224772895964055
149.1064453125,0.003425704233212491,0.0014269572794904564
149.12109374999997,0.002388122060964187,0.0015349085630200002
149.1357421875,0.005438606346811034,0.002868040991614523
149.150390625,0.008991493482095046,0.002984287411565486
149.16503906249997,0.009038821571626535,0.0018613874487063422
149.1796875,0.005491378125387598,0.0017219995477619806
149.1943359375,0.005293135632461312,0.0017652767312797692
149.20898437499997,0.007825811268121874,0.0013897230268694748
149.2236328125,0.007007997854660143,0.001273162942846092
149.23828125,0.004829053468779099,0.0009182432193682456
149.25292968749997,0.004934275769090589,0.0017847649716848967
149.267578125,0.004686398816080136,0.0016417656790075306
149.2822265625,0.002866252940798237,0.0003489958639878411
149.29687499999997,0.0019936463308648238,0.00140310935674438
149.3115234375,0.003362650194333546,0.001406734301354067
149.326171875,0.004337508372771799,0.0010085560154996687
149.34082031249997,0.0034742761211340096,0.001927307233629564
149.35546875,0.003397452987409213,0.00309561672352825
149.3701171875,0.0044498934761856845,0.0034076231945860055
149.38476562499997,0.005801871079426235,0.0035023274072269886
149.3994140625,0.005165857985900276,0.00455796955492307
149.4140625,0.002251548728005647,0.004921210491389201
149.42871093749997,0.0006718762206940307,0.004212415884263546
149.443359375,0.0019872488651328786,0.0037110184190364205
149.4580078125,0.0026518268527272746,0.003503369241584578
149.47265624999997,0.0010330309495800544,0.002699877959264139
149.4873046875,0.003139062897355425,0.0018721815650879345
149.501953125,0.004057493672119214,0.001681936240019121
149.51660156249997,0.0020959089562462723,0.0023077229286182226
149.53125,0.0007856273252558185,0.0026535293802443026
149.5458984375,0.0006248413956846035,0.0016092135045048112
149.56054687499997,0.0006835279025811676,0.0009832950006768623
149.5751953125,0.0017404290900763328,0.0012655808597056457
149.58984375,0.0024423802546389645,8.286096229258289e-05
149.60449218749997,0.00326364219998131,0.001353419967529573
149.619140625,0.004005878885342805,0.0012449426386015223
149.6337890625,0.004695031244133155,0.0001902535301795661
149.64843749999997,0.006000087922163193,0.0011673518367994245
149.6630859375,0.007107234756167318,0.0016542369202890198
149.677734375,0.007837722191226873,0.0011787968114902285
149.69238281249997,0.008877538876559916,0.0018970367787278586
149.70703125,0.00922206873545624,0.0029885256490260565
149.7216796875,0.008107560881732506,0.0022471467614631107
149.73632812499997,0.007090522942073722,0.0022339230834810264
149.7509765625,0.006304987916615421,0.0022689541907062113
149.765625,0.004924832077465728,0.0014213338879004494
149.78027343749997,0.00306193680553623,0.0009033766121466119
149.794921875,0.001200785053631296,0.000820394297004484
149.8095703125,0.00277159433989704,0.0006848818022804637
149.82421874999997,0.0025633372216075836,0.0007187943867084203
149.8388671875,0.0013812716433216784,0.0011626849048393569
149.853515625,0.005742564385312359,0.0014834619610249599
149.86816406249997,0.006330205912004725,0.0015480523088460176
149.8828125,0.00309627891149615,0.0015736839692424122
149.8974609375,0.001157225172576311,0.0020415721204552124
149.91210937499997,0.001403495676677643,0.0027403712396625608
149.9267578125,0.0026968156523741083,0.0027980042944152485
149.94140625,0.004853419755070221,0.0026783431010421123
149.95605468749997,0.007434793862915537,0.0035573507839759583
149.970703125,0.007129356035999846,0.004196308034737597
149.9853515625,0.004530130725371704,0.003605830794407992
149.99999999999997,0.003728709919485053,0.003093893659310033
150.0146484375,0.0022918626071014043,0.002753831067648011
150.029296875,0.001627593444649533,0.0018918236612489154
150.04394531249997,0.003790748404641366,0.0013385545463157384
150.05859375,0.005188783090657688,0.001542535509757587
150.0732421875,0.003898737364933596,0.001988560164765529
150.08789062499997,0.0004542852724976975,0.0018667680651296632
150.1025390625,0.003283986460723076,0.0015467578177585871
150.1171875,0.0033136473853727856,0.0013961831688734754
150.13183593749997,0.001961686204629025,0.0009777601255014528
150.146484375,0.0010264694673604434,0.0006695091732017578
150.1611328125,0.0008684902734976933,0.0007688228575291744
150.17578124999997,0.0020258180018197388,0.0002585525789984974
150.1904296875,0.0021596959299210977,0.000461966744239889
150.205078125,0.0023970285932762366,0.000419010882262348
150.21972656249997,0.0028151322629124554,0.0002667707374511109
150.234375,0.0032178693447251264,0.00028679099685881656
150.2490234375,0.003857955569775078,0.00037070549588302364
150.26367187499997,0.0042098767854159645,0.0008186567794518536
150.2783203125,0.0028577558600981633,0.0013033026962154717
150.29296875,0.0014293198509143393,0.0013100029224846503
150.30761718749997,0.0022130845783604244,0.002166466010276112
150.322265625,0.0033528316383911573,0.0027165142269589123
150.3369140625,0.004050589102967587,0.0021690031914300308
150.35156249999997,0.0032603045108435713,0.0016460661391978265
150.3662109375,0.0013580100519442967,0.0015076001422600744
150.380859375,0.0014694614519092698,0.0011974751723376933
150.39550781249997,0.003372178017897098,0.0008824178734003985
150.41015625,0.005349679584428628,0.0006626109942749772
150.4248046875,0.00754676682866814,0.0014199523189246006
150.43945312499997,0.008105001950424809,0.001673234572047929
150.4541015625,0.006770187818774496,0.001610723108114591
150.46875,0.007299442658102832,0.0029505487582990888
150.48339843749997,0.009523700177238014,0.0032313574167923886
150.498046875,0.009865703273699806,0.0025724978044812325
150.5126953125,0.008950427072493293,0.0031546965287068693
150.52734374999997,0.007533092344041752,0.003501993676429894
150.5419921875,0.004680188083682318,0.0028849343968294274
150.556640625,0.0013213713401844646,0.0025342378190157996
150.57128906249997,0.0019536558889855504,0.002931470323327428
150.5859375,0.0034198483709628924,0.002465057481606504
150.6005859375,0.005588036698421142,0.001013896859133058
150.61523437499997,0.005584606328562041,0.0006031600710447802
150.6298828125,0.0025551832769067757,0.0006606952711452345
150.64453125,0.0007465189236752534,0.000660186564286335
150.65917968749997,0.0021011035115950077,0.0012386423918974274
150.673828125,0.001955886126248099,0.0010945496524869946
150.6884765625,0.0019377812214005329,0.0007593745797631926
150.70312499999997,0.0022589485445906493,0.0017379974488029347
150.7177734375,0.0022083101592288387,0.0024334315804022083
150.732421875,0.0010025538358615258,0.0023805806386868623
150.74707031249997,0.0020976301234832706,0.0023317631748276018
150.76171875,0.006107152863641254,0.0025670217638747994
150.7763671875,0.009020679601105384,0.0025030995981015066
150.79101562499997,0.008737147282069063,0.001792613525706378
150.8056640625,0.005483888026444603,0.0014234826726449033
150.8203125,0.0012839067286833448,0.0012666028941769412
150.83496093749997,0.0024815418630577766,0.0007331566921654918
150.849609375,0.004231332480700797,0.0006381285656947513
150.8642578125,0.0020880768227740584,0.0007200489195779869
150.87890624999997,0.003172536663004119,0.0004105290295863315
150.8935546875,0.006467269601129446,0.0007191356516641583
150.908203125,0.004634529573934327,0.000903729753257606
150.92285156249997,0.0009208806708478984,0.0006522590229787494
150.9375,0.005840399578700971,0.0012138036584882288
150.9521484375,0.007241369341062928,0.001895169001283258
150.96679687499997,0.0035091940914209817,0.0012262415752542818
150.9814453125,0.0016671304531599611,0.0013298042370578286
150.99609375,0.0034639284558024373,0.0017649712942234845
151.01074218749997,0.004222801177847746,0.0004273442798330774
151.025390625,0.005935476328943152,0.0015200794738067678
151.0400390625,0.0067446730005172855,0.0015315989452342204
151.05468749999997,0.006202907076999199,0.0005358458961741274
151.0693359375,0.003764201625716441,0.0018545336140195026
151.083984375,0.000915080916039766,0.0017748517423572098
151.09863281249997,0.004567254127337228,0.0007559244573374057
151.11328125,0.006487864945716045,0.0015284238030731465
151.1279296875,0.005492424442303559,0.0014254183499534756
151.14257812499997,0.0015485869784014692,0.00046603010816902114
151.1572265625,0.003119867619470329,0.0005819111445899498
151.171875,0.004636661870056802,0.000155143237819402
151.18652343749997,0.004393776755532015,0.0012387308433380163
151.201171875,0.004769308920489869,0.0013988026397629067
151.2158203125,0.005204904843741811,0.001993198840283175
151.23046874999997,0.004006736373529122,0.002763124352989452
151.2451171875,0.0024767046682238406,0.0021541175725314477
151.259765625,0.0043231461376355826,0.001634344761150232
151.27441406249997,0.005924371788442092,0.0028245045668701496
151.2890625,0.005030798634822599,0.003368550786964637
151.3037109375,0.00385349474084822,0.002290488745305239
151.31835937499997,0.007474994669458665,0.002656242404593802
151.3330078125,0.008035477509767996,0.004215169996512749
151.34765625,0.0069721508584018104,0.0038870205215166746
151.36230468749997,0.007144029394000946,0.0029417211554430335
151.376953125,0.005378376969726771,0.004214357838134666
151.3916015625,0.0023104060197035622,0.0042509631777248825
151.40624999999997,0.006716339961700481,0.0029339958041281053
151.4208984375,0.00956061378134879,0.003066310225458711
151.435546875,0.008533193542087467,0.004141498224831313
151.45019531249997,0.0053629193795216926,0.0036396157003088826
151.46484375,0.002514469814206125,0.002430347772686345
151.4794921875,0.0012177970197358252,0.0029241306094042194
151.49414062499997,0.000709395848683477,0.003076332775532823
151.5087890625,0.002169881541105418,0.0018771164525192374
151.5234375,0.0034643858107766576,0.0015063439601749162
151.53808593749997,0.00427904156099908,0.001997330369319526
151.552734375,0.0042707331089229545,0.0012280427143314683
151.5673828125,0.003191820059354756,0.00038671075715168273
151.58203124999997,0.001096976974901735,0.0010280804172159784
151.5966796875,0.002479247064745202,0.0010788462451445046
151.611328125,0.0044094520930908565,0.0006547415881948323
151.62597656249997,0.0037611996336545197,0.0012153946479410303
151.640625,0.0009681101564875919,0.001680936509781617
151.6552734375,0.002559791532676886,0.0012336451386713721
151.66992187499997,0.0033379511663748787,0.001173896111262644
151.6845703125,0.002060528453027162,0.002076910405590773
151.69921875,0.0022836574353149626,0.0018768599898408031
151.71386718749997,0.0029778120328446,0.001208716320742712
151.728515625,0.002659290897544157,0.0019603823014080635
151.7431640625,0.005588235708350855,0.002199097317163099
151.75781249999997,0.007738965498115456,0.0016748385415570424
151.7724609375,0.005341401306574897,0.0022894819257596294
151.787109375,0.0006211661458097573,0.00235324581761652
151.80175781249997,0.0022405291708351796,0.0018812479442780715
151.81640625,0.0032326315558121555,0.001993090101946847
151.8310546875,0.0045108226261498215,0.001619906098957504
151.84570312499997,0.005435324348368881,0.001243770474157338
151.8603515625,0.004182945730119507,0.001019355498970678
151.875,0.0019743507796197023,0.0009265449643113703
151.88964843749997,0.001425193619527464,0.0010439999507562527
151.904296875,0.00213924786061147,0.0008394521604796181
151.9189453125,0.002732380589983565,0.0009861382524589096
151.93359374999997,0.003698970850342717,0.0012770176741307164
151.9482421875,0.004130570351990007,0.0011615214157027344
151.962890625,0.003872985670662645,0.001287186231410612
151.97753906249997,0.005188658144679673,0.00174643944185376
151.9921875,0.007470763585875047,0.002086680260527213
152.0068359375,0.007307532325543801,0.0022565033673099862
152.02148437499997,0.004098813505573647,0.0025937489611411305
152.0361328125,0.0023586784929004105,0.002910053819929225
152.05078125,0.005436545270300623,0.0028460104580645866
152.06542968749997,0.006427775874967603,0.0027034110671863517
152.080078125,0.005112546071098108,0.002556529661891113
152.0947265625,0.0042478751174496775,0.0020904588926940744
152.10937499999997,0.00304674835367475,0.0017136232103511471
152.1240234375,0.001490862182905416,0.0016896083227324271
152.138671875,0.0037878284569535024,0.001664160561880182
152.15332031249997,0.005993113562589012,0.0020768885207510424
152.16796875,0.005814478382664076,0.002572626290009702
152.1826171875,0.007147287569076212,0.002512910239389374
152.19726562499997,0.009237213003553563,0.0027602236765169944
152.2119140625,0.007769705393997359,0.002688483441603694
152.2265625,0.0034232829215260336,0.00167428019638761
152.24121093749997,0.0023549528537644476,0.0012483593524438624
152.255859375,0.004747071854344032,0.0012423137310861023
152.2705078125,0.005826935809432359,0.0013199690861154256
152.28515624999997,0.005418037367118042,0.0010040694222240938
152.2998046875,0.003905152706687127,0.0013896814288146871
152.314453125,0.0009429070814010007,0.002414761060230509
152.32910156249997,0.0036000365747549316,0.0016572239543290348
152.34375,0.005620678269144217,0.0018662390529454941
152.3583984375,0.0028858593967573394,0.002834550345716343
152.37304687499997,0.00246757865204755,0.001871037982257887
152.3876953125,0.005551812173423569,0.002605151607686592
152.40234375,0.006004238953213326,0.0029024642225534466
152.41699218749997,0.006767107407604018,0.0018410587011433025
152.431640625,0.00764515185392848,0.001776709472677896
152.4462890625,0.006213496023829277,0.0026269148845332103
152.46093749999997,0.0028641715175119677,0.002664779221458775
152.4755859375,0.00040819004953195146,0.0018438006885873645
152.490234375,0.0023562725026237165,0.0018313974941118055
152.50488281249997,0.003479676781649384,0.0016118859714596828
152.51953125,0.002846966297357902,0.0005421611130800459
152.5341796875,0.0022997347795092513,0.0005162229434182777
152.54882812499997,0.00510572850882733,0.0011570230270891346
152.5634765625,0.0083626710640967,0.0009259267359960896
152.578125,0.009176030350213445,0.0012546410332616887
152.59277343749997,0.007168830036836334,0.0024828478628257187
152.607421875,0.004695428078034073,0.002347759724371852
152.6220703125,0.0026901015667287714,0.0019416313275837592
152.63671874999997,0.0011546318756013294,0.003003823348451666
152.6513671875,0.0025990396420640855,0.0028186915912165075
152.666015625,0.0036809976310108804,0.0016700712274538287
152.68066406249997,0.004211168676603931,0.0021219367805602627
152.6953125,0.005080616514631189,0.001987227337708304
152.7099609375,0.005364451635936612,0.00110695513502619
152.72460937499997,0.003283167191426867,0.0013650401169647268
152.7392578125,0.000388302446572758,0.0019518902404910552
152.75390625,0.000529607324900151,0.0017296957412765892
152.76855468749997,0.002725263337438809,0.0016274111532555968
152.783203125,0.0040904807027098864,0.0019166002686453946
152.7978515625,0.002461329189038655,0.0017031858620082541
152.81249999999997,0.0022763117408529532,0.0010168589900500227
152.8271484375,0.0038455080214666823,0.0006839083771334253
152.841796875,0.0034589913989075413,0.0009725220185754044
152.85644531249997,0.0027624683264549426,0.0012063850794775696
152.87109375,0.004058337534978583,0.0006731867834544827
152.8857421875,0.00428827755888238,0.0010593084336937117
152.90039062499997,0.0024344999118076044,0.0013210606516412672
152.9150390625,0.00028896356413792706,0.0008328780421453047
152.9296875,0.0017077594624947557,0.0018343186171407852
152.94433593749997,0.0022906959692159407,0.0020491604021395287
152.958984375,0.002029156121636173,0.0018390859458944913
152.9736328125,0.0032785205725904933,0.002400579489456616
152.98828124999997,0.00477105799006173,0.0029282400423696338
153.0029296875,0.0044512566916499186,0.0026430295192307806
153.017578125,0.0029804622466538507,0.001917294517088568
153.03222656249997,0.001633713996359285,0.001842939602615004
153.046875,0.001423142521688145,0.0017667909731169872
153.0615234375,0.0033882240702257553,0.001153182349211468
153.07617187499997,0.004071642579808836,0.0003850469252983603
153.0908203125,0.002919062572050553,0.0011945235263039011
153.10546875,0.005379629121499524,0.0011998147887369037
153.12011718749997,0.007799190224249799,0.0007966138869736496
153.134765625,0.007053305762691677,0.00036465802612374105
153.1494140625,0.005118862509866347,0.0017510473224584652
153.16406249999997,0.0049026115030691726,0.0014843151478590555
153.1787109375,0.004525795955426635,0.0013738160398451128
153.193359375,0.0016515678803704556,0.002793553373047692
153.20800781249997,0.0034418698638240203,0.0020635568881352865
153.22265625,0.0075559930067792365,0.0016685275030792475
153.2373046875,0.006811653963266242,0.0021150030928200666
153.25195312499997,0.00296104095037009,0.0008414702216802898
153.2666015625,0.0026304853972621144,0.00045608550231143947
153.28125,0.002430818049480335,0.000355562804714191
153.29589843749997,0.005137594631196958,0.0006242478123071575
153.310546875,0.006979491790437134,0.001642597330093338
153.3251953125,0.005807789959828227,0.0021855352904362564
153.33984374999997,0.0038388198611859917,0.0027143141784635354
153.3544921875,0.0064839095564917,0.0038336696250864835
153.369140625,0.006687099532583192,0.004170966202419836
153.38378906249997,0.005504874382205948,0.004033766008468503
153.3984375,0.007331940169435555,0.004394652356059631
153.4130859375,0.008650602091980618,0.004132461129884505
153.42773437499997,0.006207787040723218,0.0033642745063608417
153.4423828125,0.0017688807067985394,0.0036253872089083636
153.45703125,0.003934402360211554,0.0035929933342163643
153.47167968749997,0.006434416818120015,0.002286138502891855
153.486328125,0.009528669896511853,0.0020526079934331896
153.5009765625,0.00973280395044484,0.002078476040332534
153.51562499999997,0.006688460106155094,0.000977552054032801
153.5302734375,0.00524491226017206,0.0017668588808792505
153.544921875,0.004914566523074724,0.002784303521175008
153.55957031249997,0.003875372281366478,0.0027589482491128968
153.57421875,0.005980042471769419,0.0041361341073472314
153.5888671875,0.005246554305569518,0.0049955066817308855
153.60351562499997,0.0011951721889256635,0.0044517089199834865
153.6181640625,0.003075098890281116,0.004626515220989479
153.6328125,0.003621707434972173,0.004364092201841639
153.64746093749997,0.0017278327195219664,0.0031353246283267497
153.662109375,0.0014701846857983923,0.0025438616980435944
153.6767578125,0.0024996459009726333,0.001836605110952529
153.69140624999997,0.0019650870939170615,0.0006431045513591317
153.7060546875,0.001290530434817258,0.000792144540952083
153.720703125,0.002522724873562834,0.0007382512002348775
153.73535156249997,0.0022809408330198497,0.0016588466535491831
153.75,0.005300545090228626,0.0021240982448306393
153.7646484375,0.005881993388392997,0.0016664490107564185
153.77929687499997,0.0024349660949026103,0.002147744389985009
153.7939453125,0.0032072089990783353,0.0032687218174475745
153.80859375,0.006392551158423765,0.0028593670620658315
153.82324218749997,0.005644583032915028,0.002252524070190471
153.837890625,0.004947446043084166,0.003153452179856275
153.8525390625,0.004767112478328796,0.0024887489465704768
153.86718749999997,0.004264852753179488,0.0010475560024844027
153.8818359375,0.003924627958035886,0.0018995879172456537
153.896484375,0.0018563059089548594,0.0015585498527930413
153.91113281249997,0.001012424077688277,0.00030263309103255927
153.92578125,0.0027109376600783094,0.0014351165730614262
153.9404296875,0.0020570334071511108,0.0017609870293570432
153.95507812499997,0.001336741869065754,0.0010962730934668786
153.9697265625,0.0032644347025843684,0.001609749145114491
153.984375,0.003755608298016644,0.0025617812785257914
153.99902343749997,0.004102122720765891,0.002458509399068865
154.013671875,0.004794268603355069,0.002313036857691305
154.0283203125,0.004115068811505485,0.0023350450711616187
154.04296874999997,0.005528863303572247,0.0023104479881411425
154.0576171875,0.008015517202256423,0.0020114517124109454
154.072265625,0.008063143381519883,0.0013052519322373619
154.08691406249997,0.005383474307051098,0.0017212653909743287
154.1015625,0.0027688439986065187,0.0017574427613674672
154.1162109375,0.0029053616262673435,0.0008123635280916948
154.13085937499997,0.002557074215595489,0.001264601845855927
154.1455078125,0.003514422223844627,0.0017033935525591459
154.16015625,0.0040849581650755215,0.001570465260637993
154.17480468749997,0.0041636919686983374,0.0018965551370670548
154.189453125,0.003949774811260858,0.00246928303727067
154.2041015625,0.0029938976717333943,0.0026792761343872795
154.21874999999997,0.0009419554827613952,0.002448594978315936
154.2333984375,0.0022413464971197043,0.0019185880599210078
154.248046875,0.004581714225468992,0.0021107186377952907
154.26269531249997,0.005657443066626765,0.0015438307131474757
154.27734375,0.006522321294034866,0.00015079269496137153
154.2919921875,0.006612983147023805,0.0007233622241718642
154.30664062499997,0.0048700942832597145,0.0010462121234792157
154.3212890625,0.0017644358924730345,0.0006961053407298158
154.3359375,0.0014320593644143592,0.0013003616258412776
154.35058593749997,0.0033562665943498208,0.0017308412912875365
154.365234375,0.004145779597747501,0.0006605090812866987
154.3798828125,0.003880338738950807,0.0027083902835337245
154.39453124999997,0.0023574392364457556,0.003085331756386085
154.4091796875,0.0012871591519244537,0.0015201756082970485
154.423828125,0.003914092703532973,0.002921692057473667
154.43847656249997,0.004942265592929879,0.0030616359982564324
154.453125,0.001408277354722842,0.0014179489663050165
154.4677734375,0.0038547675705826122,0.002284482140384626
154.48242187499997,0.0051247048792703595,0.0030789269989530115
154.4970703125,0.003315248384254286,0.0022655222151740616
154.51171875,0.00432350608076454,0.0028455848813841046
154.52636718749997,0.004174780331849913,0.0033924284321383085
154.541015625,0.003105576365198844,0.0027035201231373615
154.5556640625,0.004169513662313816,0.0028850816478396143
154.57031249999997,0.005005302684740563,0.0026182514469630784
154.5849609375,0.0060522381190816765,0.0018646602281739916
154.599609375,0.006767072257945914,0.0022491989977361823
154.61425781249997,0.004288513926511057,0.0021621089447683753
154.62890625,0.0021619324180015788,0.000897597458273081
154.6435546875,0.0039330686059728046,0.001028341332346287
154.65820312499997,0.003374194060970652,0.0009701445921619701
154.6728515625,0.0018025081436367743,0.0005187599202051913
154.6875,0.0032836928058167076,0.001359672560558175
154.70214843749997,0.0030960555296862566,0.0010722939438185474
154.716796875,0.001250779604366964,0.0012690096946738798
154.7314453125,0.0024814208930786174,0.0026732708223982243
154.74609374999997,0.005887846723537106,0.002508806969511883
154.7607421875,0.006600669108920857,0.0019418119355749876
154.775390625,0.006723019176279601,0.003227298203665343
154.79003906249997,0.006319327714969288,0.003025056982963195
154.8046875,0.007034487016870026,0.0017514202347834224
154.8193359375,0.007313116448568275,0.002109661068576956
154.83398437499997,0.00479871240041338,0.0011238972236554613
154.8486328125,0.0030558050561845817,0.001336378601429814
154.86328125,0.002855069025356459,0.001602786243741332
154.87792968749997,0.0024105765429453126,0.0012539973575899405
154.892578125,0.003225496731985226,0.0015406964534026542
154.9072265625,0.002943839999577963,0.0015976573980065012
154.92187499999997,0.00118553145904926,0.0016636574298393642
154.9365234375,0.001636896292505307,0.0023217529034461042
154.951171875,0.0029896983333477026,0.0022435896636103327
154.96582031249997,0.0016785378287514164,0.0015125050963374525
154.98046875,0.0006272954409917311,0.001843578933418996
154.9951171875,0.0016187789638569985,0.0023678706936126432
155.00976562499997,0.0024702167980251706,0.0019902501879845744
155.0244140625,0.0018361438674751231,0.0020238590403738954
155.0390625,0.002105582860008874,0.0026946606041998995
155.05371093749997,0.002154000449327293,0.0020612076938112773
155.068359375,0.0024992484543661774,0.0012821606731803089
155.0830078125,0.004054399362467249,0.002229112190576021
155.09765624999997,0.004660735238784061,0.0029340630840286297
155.1123046875,0.004460943691844084,0.002287921436394217
155.126953125,0.00657608991809114,0.0026454286169743514
155.14160156249997,0.008235163232404223,0.003945144954814342
155.15625,0.007534366839841466,0.003692718589878942
155.1708984375,0.003874147639484764,0.0033512517061631756
155.18554687499997,0.0012767285018428407,0.004275733647356971
155.2001953125,0.004115633726195609,0.004007537778540065
155.21484375,0.003566308670565975,0.003048185809704626
155.22949218749997,0.0015775967206369324,0.0026197945921424774
155.244140625,0.001058945377991389,0.0022495000959216983
155.2587890625,0.0010435577533010677,0.0015573982140924766
155.27343749999997,0.0025953045576770093,0.000454951209567199
155.2880859375,0.003253333271912941,0.0008395014204602676
155.302734375,0.0009425800005267257,0.0012208637502519242
155.31738281249997,0.002908034519728162,0.0020099060324556012
155.33203125,0.004051173386468287,0.0029839679605431074
155.3466796875,0.0010917147445292587,0.0027736803926093775
155.36132812499997,0.003072837455963709,0.002100360285995285
155.3759765625,0.005481198388846405,0.0021158987421382694
155.390625,0.0055092433090568015,0.0020234870574173023
155.40527343749997,0.0037050350952823902,0.0017680244351953342
155.419921875,0.00362132798346244,0.0015703741088472988
155.4345703125,0.003774486480646384,0.0015581538433602868
155.44921874999997,0.0028516065902454,0.0015679392453199045
155.4638671875,0.0013632625222653257,0.0015014928776131136
155.478515625,0.0024101728908292666,0.0010151147379003952
155.49316406249997,0.0031777675660579394,0.0008748037507154481
155.5078125,0.002771328105453013,0.0014521798854413275
155.5224609375,0.0012264202048253904,0.00011751789641279419
155.53710937499997,0.00189667211377287,0.0018312740286476842
155.5517578125,0.004157378083253083,0.0019130426556533864
155.56640625,0.003663468902026859,0.0013992543798905085
155.58105468749997,0.004411574572034986,0.0029188396595030215
155.595703125,0.0077751863844682705,0.0033521046852401865
155.6103515625,0.006562916572269327,0.0024588459761361813
155.62499999999997,0.0013965378665281802,0.0033649200879356605
155.6396484375,0.005708114805803219,0.004689469060661654
155.654296875,0.00777812758842399,0.0036816927119676067
155.66894531249997,0.007141408126385824,0.0031298721126168157
155.68359375,0.005482268136153617,0.0036168959133488316
155.6982421875,0.0022714091605882986,0.0026275717751825067
155.71289062499997,0.0025316829349248974,0.0014121635777795609
155.7275390625,0.005903947124323469,0.0013180999600607192
155.7421875,0.006260127012636973,0.0012691676532665304
155.75683593749997,0.0037685099808228337,0.0008571406541282171
155.771484375,0.0007408868601910538,0.00038299999594277554
155.7861328125,0.002974433093806284,0.0011059266119071017
155.80078124999997,0.0042571232124573215,0.00127807851944638
155.8154296875,0.003554232887685742,0.0013232635660305413
155.830078125,0.0030502840698515264,0.002270321091789975
155.84472656249997,0.0057461652834756675,0.0025197356854378306
155.859375,0.008492087022256355,0.0020811799430935246
155.8740234375,0.008800216456637451,0.002539252343437967
155.88867187499997,0.006031912904091256,0.0032426608730189983
155.9033203125,0.0009003869009356405,0.0032212397635326888
155.91796875,0.006855377003406511,0.003340275144549083
155.93261718749997,0.010775780892851927,0.003845060758442641
155.947265625,0.010256941190293578,0.0037115027322906307
155.9619140625,0.00887835433929981,0.00320652656984677
155.97656249999997,0.009312016766940361,0.0031996896413435255
155.9912109375,0.008853301176624721,0.003744866542034841
156.005859375,0.006357862064220745,0.003521916905988964
156.02050781249997,0.0064164406523101215,0.002722831260794248
156.03515625,0.007958252466621787,0.0028863136403560305
156.0498046875,0.007772299962566415,0.003112986777790861
156.06445312499997,0.007462998039737326,0.002631836729051395
156.0791015625,0.007071413173628606,0.0025500529378190517
156.09375,0.0055579942966273764,0.003121253678250977
156.10839843749997,0.0037835809896154572,0.002857814362526309
156.123046875,0.002156982915846185,0.0023070911430172086
156.1376953125,0.0008440900727552953,0.0028406800697842113
156.15234374999997,0.004012185987759435,0.003201016224622219
156.1669921875,0.006080504075163367,0.002798233442824083
156.181640625,0.0070269831304307535,0.003014737748425711
156.19628906249997,0.006272150374201109,0.0039465879920089104
156.2109375,0.004083868370853256,0.003931753466596574
156.2255859375,0.0035098985731724383,0.003465803158177595
156.24023437499997,0.004568553064337838,0.0040456781205319104
156.2548828125,0.004579820677101895,0.0038842190395757814
156.26953125,0.003312532434245596,0.0029262568085658743
156.28417968749997,0.004329941811467389,0.00318451024477708
156.298828125,0.0072615278448503375,0.0037180389433237606
156.3134765625,0.006844623691282935,0.003526222580242588
156.32812499999997,0.003527261191205131,0.0034456496186120998
156.3427734375,0.0014646744497635318,0.003664727901209589
156.357421875,0.00487432211345273,0.0036431204910691577
156.37207031249997,0.006610718954019942,0.0028891179105092367
156.38671875,0.006573111647024456,0.0023072836897499987
156.4013671875,0.00684260033195824,0.002606359134898055
156.41601562499997,0.006644096510932016,0.0018968056770283309
156.4306640625,0.005020547635677794,0.0009700931441128577
156.4453125,0.0031961792215754294,0.0015012033263602882
156.45996093749997,0.002169728149858907,0.0011682213009232877
156.474609375,0.0006446167555059756,0.0009433693567123627
156.4892578125,0.0005824784010954791,0.0019404582972247758
156.50390624999997,0.0017163923232039677,0.0027168331634298214
156.5185546875,0.00424871733093594,0.003332857733741952
156.533203125,0.005435533698516314,0.003515820299473868
156.54785156249997,0.0056377236942898624,0.004051804233605968
156.5625,0.005669871405513709,0.004094318374829365
156.5771484375,0.004099180956569679,0.002557346867678805
156.59179687499997,0.0019242111434299137,0.0026816666047541583
156.6064453125,0.0011547040047611013,0.003215016190175224
156.62109375,0.0028490223078387602,0.0020223030684705236
156.63574218749997,0.00309642867683783,0.0011443109748743537
156.650390625,0.00148489044862619,0.0029798812711905732
156.6650390625,0.0008781981270132631,0.0028763583360371316
156.67968749999997,0.0028060235616957324,0.0014325169868345169
156.6943359375,0.004577620989672756,0.0032234048196070233
156.708984375,0.0037860668702442107,0.0028661327435240435
156.72363281249997,0.0022376089338983192,0.0016628608070757718
156.73828125,0.0022721640308115266,0.0031609410527291266
156.7529296875,0.002233461707472564,0.0029885967778776183
156.76757812499997,0.004517447117808028,0.0020382873455100357
156.7822265625,0.009496492120532373,0.0029670757554846605
156.796875,0.011020627045007614,0.002899562959008261
156.81152343749997,0.008008796965045832,0.0021609101310709616
156.826171875,0.0038492339624895022,0.001846365473436015
156.8408203125,0.001997112170569581,0.001242869472265522
156.85546874999997,0.0024080119941609327,0.0011193395913908224
156.8701171875,0.002496181246265214,0.0009373502136043283
156.884765625,0.0016850123370594796,0.00041771684099054174
156.89941406249997,0.0022328418069471737,0.0005369288812173789
156.9140625,0.005399845049561457,0.001340220014236056
156.9287109375,0.009587611293058422,0.0007935849009377943
156.94335937499997,0.010938000068247898,0.0009001234146369089
156.9580078125,0.008183574146783135,0.0014329855112235395
156.97265625,0.003971657729014282,0.00019289774042472675
156.98730468749997,0.0014490766541097138,0.001786587324906573
157.001953125,0.002280079210754003,0.001696124123706088
157.0166015625,0.004473350308945631,0.0010516767443974737
157.03124999999997,0.005135697253655047,0.0020749338769955722
157.0458984375,0.005654678627357841,0.0022790032734191987
157.060546875,0.008691899967252111,0.002000891593801733
157.07519531249997,0.009139925143542098,0.0018213130096598124
157.08984375,0.006272530199206918,0.0019529960810263042
157.1044921875,0.003938382750959204,0.002371660090641705
157.11914062499997,0.0036223581031423553,0.0018223510556020705
157.1337890625,0.003673269729321676,0.0011176204393093738
157.1484375,0.004538136367443517,0.0012909600026421125
157.16308593749997,0.004999614300575901,0.0015285434398527075
157.177734375,0.004443369338321322,0.0018104021053933351
157.1923828125,0.0020713627657184186,0.001758374687295326
157.20703124999997,0.003708240605716596,0.002997444360277043
157.2216796875,0.00545861764009018,0.003086011923668261
157.236328125,0.006465655354508698,0.002083732041185032
157.25097656249997,0.006953184725871569,0.0028362877061588235
157.265625,0.005595334999292797,0.003467016807032363
157.2802734375,0.0048875464569659325,0.0026057444604381023
157.29492187499997,0.0064190396576144955,0.0027890980002026624
157.3095703125,0.005783037870742889,0.003301068593868339
157.32421875,0.004254032426948567,0.0024547394704747703
157.33886718749997,0.006081405438366703,0.0017501522624707355
157.353515625,0.006750223397055921,0.0019290426631081814
157.3681640625,0.005888603621360267,0.0018689128888962165
157.38281249999997,0.007685854261929847,0.001530855936225939
157.3974609375,0.008660641423874014,0.0013734875481252547
157.412109375,0.006000652875936981,0.0017364259577232859
157.42675781249997,0.002679221538920668,0.0019510798786210096
157.44140625,0.0025990738925434635,0.0015833290390135182
157.4560546875,0.001881594299188857,0.0009426917038712631
157.47070312499997,0.004176864517773836,0.0006687100689540278
157.4853515625,0.004353419308819239,0.0011307080735922825
157.5,0.001970399528918637,0.0018295211529401451
157.51464843749997,0.0006789728844377627,0.0019344727046426335
157.529296875,0.0025235543876630058,0.0018397813073032473
157.5439453125,0.0039828621269036215,0.0025000869850282477
157.55859374999997,0.005408847487106864,0.0022924375028364656
157.5732421875,0.006670493177597811,0.001236774295846763
157.587890625,0.007127930909240141,0.001235013595236784
157.60253906249997,0.006642792834183407,0.0010770940547346877
157.6171875,0.005820565950938186,0.0003321083493010721
157.6318359375,0.0042337905665376764,0.0007974455015210132
157.64648437499997,0.0013606111673883973,0.00117758767422923
157.6611328125,0.0019266713878807729,0.0006825183201299821
157.67578125,0.0040878185804872754,0.0004806017257473469
157.69042968749997,0.0043825223246354815,0.0010091706051404135
157.705078125,0.001748261557919097,0.001579994560493107
157.7197265625,0.0016578010336129544,0.0015445371891128984
157.73437499999997,0.003199941805375643,0.0016088643043329247
157.7490234375,0.003524154201884297,0.002285513919361129
157.763671875,0.004996744107198696,0.002264891105846854
157.77832031249997,0.006638596796727151,0.001654693027259396
157.79296875,0.005971225061742536,0.0018287187548983765
157.8076171875,0.0036101028660457286,0.002121527498556073
157.82226562499997,0.0020592532801180026,0.001533440406864557
157.8369140625,0.0005795017356779107,0.0010947900524975968
157.8515625,0.0018337788543838591,0.0018246379042451898
157.86621093749997,0.0029269718726536546,0.0019059088254315304
157.880859375,0.004054788023447538,0.0012369921979301676
157.8955078125,0.005634747849918704,0.0019775501384085192
157.91015624999997,0.004663719619963796,0.002108571745445029
157.9248046875,0.003605945925681977,0.0011324222204977476
157.939453125,0.003608863148204185,0.001364083400095084
157.95410156249997,0.00303823003476154,0.0012012279527593526
157.96875,0.0036893606203208455,0.00024856889245351404
157.9833984375,0.0026565292080885715,0.00021016352708906554
157.99804687499997,0.004366964215604727,0.0002289543122814858
158.0126953125,0.006055328066900257,0.0006340451821343845
158.02734375,0.005936011446398006,0.0005738895523875507
158.04199218749997,0.0047759699570837115,0.0008330830193145223
158.056640625,0.005096337146347498,0.001312099020992155
158.0712890625,0.006005777238589513,0.000992474644469243
158.08593749999997,0.005681426691165402,0.000782690852086511
158.1005859375,0.004665845549279465,0.0008563901955372075
158.115234375,0.0038124899274035173,0.0009539511953157121
158.12988281249997,0.0030358959712269607,0.0011415465185773072
158.14453125,0.0018733869666248976,0.0012982595617966506
158.1591796875,0.0017902869359359924,0.0021746999030080438
158.17382812499997,0.004104965728944407,0.001942849180537572
158.1884765625,0.0045345555755029795,0.0012559816589817819
158.203125,0.002169384822280392,0.0015200401493002307
158.21777343749997,0.003726659376999791,0.0014914463463608638
158.232421875,0.005857857257608264,0.000980869271142018
158.2470703125,0.006397099995803827,0.0012756506276906947
158.26171874999997,0.005930879358142982,0.00176758345195645
158.2763671875,0.004345895296937448,0.0017377391366561207
158.291015625,0.002021793769462063,0.001834166973232657
158.30566406249997,0.0011931306276448408,0.0023364227279590115
158.3203125,0.0018872035810987172,0.0021703517541053954
158.3349609375,0.0029962168834710584,0.0013359630089208733
158.34960937499997,0.0019370117829152214,0.0016469112939423015
158.3642578125,0.0022782141605833567,0.0016024922538018268
158.37890625,0.0031717008729803845,0.0007664753468938464
158.39355468749997,0.002773790471221261,0.0002721901124486938
158.408203125,0.002682000378085602,0.001233420136975184
158.4228515625,0.0022441742070672408,0.0016542330485953315
158.43749999999997,0.0013557005407596645,0.0011100262989804845
158.4521484375,0.003260921921638798,0.0012367938300047948
158.466796875,0.004068885391364712,0.0017404122590870296
158.48144531249997,0.003783898227243519,0.0014707929802107648
158.49609375,0.003764630521865667,0.0012852779064605503
158.5107421875,0.003969073379230106,0.0010169440686019035
158.52539062499997,0.005089862100213324,0.00032040083976129184
158.5400390625,0.006414163532887241,0.0002736716523258633
158.5546875,0.006371575482445956,0.0008332551659646612
158.56933593749997,0.005079542924498703,0.0011687781216448562
158.583984375,0.004824256723249899,0.0007441295788046202
158.5986328125,0.005659573207309476,0.001395513589902644
158.61328124999997,0.004097781464133154,0.0019796199143191414
158.6279296875,0.002496638275614889,0.001429378011123523
158.642578125,0.0027397623816967152,0.001296688325276622
158.65722656249997,0.0015841291114598974,0.002005126851755045
158.671875,0.0014172481878421325,0.001984302155582417
158.6865234375,0.0026874928135599816,0.001303662960424551
158.70117187499997,0.0023511692388258286,0.0013194255434141788
158.7158203125,0.0013635373053061154,0.0016329616084967402
158.73046875,0.0013597351257782274,0.0012644170635586498
158.74511718749997,0.000924647327787086,0.0006977502567805448
158.759765625,0.003545325410801438,0.0017070095066381568
158.7744140625,0.003869590228480568,0.0017412928246817354
158.78906249999997,0.0022425000048121807,0.0009273391307224665
158.8037109375,0.0015440106678556412,0.001832433377249001
158.818359375,0.002141019926668003,0.0023459220180517353
158.83300781249997,0.004069795087630704,0.0018341403200405576
158.84765625,0.004498369895645742,0.0022311052715455874
158.8623046875,0.0038268469780835083,0.0026899017385008154
158.87695312499997,0.0030993287973786615,0.0019866947605285887
158.8916015625,0.002739188330880969,0.001458932927965155
158.90625,0.0021927030368286463,0.0014665628820818676
158.92089843749997,0.000675747354822642,0.0007272753654483697
158.935546875,0.0017588999759557955,0.00018230938229007188
158.9501953125,0.003142515782550302,0.00039157898815342867
158.96484374999997,0.0019228749880000017,0.00020029518815242132
158.9794921875,0.0012492560934908102,0.0006493124568639476
158.994140625,0.00404826710323111,0.0015618544853781627
159.00878906249997,0.008235035247028715,0.0017476178814076597
159.0234375,0.009929739914071627,0.0018593938316895829
159.0380859375,0.0070471684032869875,0.0018460898070613027
159.05273437499997,0.002103834522547801,0.0012878806145033058
159.0673828125,0.0019594192022136143,0.0009851300725637643
159.08203125,0.0032022211028328255,0.0009962958492118557
159.09667968749997,0.0015400069893272887,0.0009333411261742266
159.111328125,0.003335164112164366,0.0008027081461515811
159.1259765625,0.008142205813413286,0.0005497028618484333
159.14062499999997,0.012724772935874401,0.0006154278045397971
159.1552734375,0.013861287289552562,0.0007772078777509848
159.169921875,0.010860337864521985,0.0011536537956614574
159.18457031249997,0.006772910568536481,0.0018592577156329915
159.19921875,0.004997482065729389,0.002109434263100611
159.2138671875,0.006797406704874014,0.002573659753850877
159.22851562499997,0.009009883773897108,0.0031371216152124176
159.2431640625,0.008939187671822967,0.0031697497059038843
159.2578125,0.007247211638864697,0.0033374764379267784
159.27246093749997,0.006607874454714504,0.0036329077803429434
159.287109375,0.005920757144709716,0.003476069610849224
159.3017578125,0.005949113847930296,0.003247818686442402
159.31640624999997,0.00757712327035367,0.0032507244924266346
159.3310546875,0.00652981434028815,0.0030921311634976418
159.345703125,0.0026792794129026592,0.002686892534296597
159.36035156249997,0.0008503542197784408,0.0022359139873354833
159.375,0.0022336246960935704,0.0016245377888995888
159.3896484375,0.003407603490369343,0.0011726439954392691
159.40429687499997,0.0040426942388633105,0.0008353439580342216
159.4189453125,0.0033789387287085277,0.00037899919842577156
159.43359375,0.0024506255896522677,0.00047617755061051914
159.44824218749997,0.0015874771780288505,0.0005824589442552994
159.462890625,0.000457355343762504,0.000525068763397493
159.4775390625,0.002588600376876884,0.0005895246047863698
159.49218749999997,0.0036745483943510307,0.0013024351252581686
159.5068359375,0.002052646308892957,0.0014948878418373829
159.521484375,0.004124292294104691,0.0009150447520842109
159.53613281249997,0.006439598461510987,0.0009602125993519418
159.55078125,0.0063498622251170304,0.0007040713648306104
159.5654296875,0.0053868075045071405,0.0005773848533072068
159.58007812499997,0.004837827178323859,0.0008195652390831128
159.5947265625,0.004593684778689825,0.0002560014927617564
159.609375,0.0039060316692632107,0.0008784264276313035
159.62402343749997,0.0021699339334907528,0.0016312611093916845
159.638671875,0.0006367081996518719,0.0017173541104763914
159.6533203125,0.0010726068636814376,0.0013469788021394909
159.66796874999997,0.0008634696329712219,0.0024493769617557554
159.6826171875,0.001894665198002616,0.0033010870687432
159.697265625,0.003353415749386785,0.002755540241313743
159.71191406249997,0.0030674370752512446,0.0029269514044917206
159.7265625,0.0006172841416854934,0.0038919866512898272
159.7412109375,0.0016564653922700998,0.0030960234285773098
159.75585937499997,0.0018866143382670125,0.0022361139564862735
159.7705078125,0.001510097818691893,0.003228842307054396
159.78515625,0.0009089124733650452,0.003270387756546236
159.79980468749997,0.0015199808041148199,0.00225875926773017
159.814453125,0.0047987381266121265,0.0030336245798170134
159.8291015625,0.00652788910860956,0.003582896731699655
159.84374999999997,0.006190752816511487,0.002544195588267672
159.8583984375,0.00476859135175785,0.002244466796926047
159.873046875,0.003501373459071315,0.0029555037743133937
159.88769531249997,0.00554343071532137,0.0025793150051950744
159.90234375,0.0074425613802443025,0.0017007545237452664
159.9169921875,0.006091429220741698,0.0017130997587672954
159.93164062499997,0.0034074127713232924,0.0016609931892309978
159.9462890625,0.0031359760462969094,0.0009412794855367583
159.9609375,0.004985110907612563,0.0005799876444801549
159.97558593749997,0.005282829146107392,0.0010881475697004477
159.990234375,0.0020157143483009684,0.000918918649487533
160.0048828125,0.0019553132319589266,0.000891214643231163
160.01953124999997,0.0028468739444692305,0.0017798726072824635
160.0341796875,0.0017383275797532441,0.002188131599927526
160.048828125,0.0001897446514072107,0.0017863278953943222
160.06347656249997,0.0018625588701368834,0.0019711888602081916
160.078125,0.002202846691102969,0.002358986853352786
160.0927734375,0.0008640928091843187,0.0017289370197343097
160.10742187499997,0.0007939722221070974,0.000733121220745644
160.1220703125,0.0021903436788836706,0.0008740564005431698
160.13671875,0.002712023264703269,0.0010919519233441519
160.15136718749997,0.0024886918175818892,0.0008232520556758316
160.166015625,0.001922219547019138,0.00064524115196841
160.1806640625,0.00192962594393693,0.00022120098180501387
160.19531249999997,0.006298242345726618,0.0008301006239136044
160.2099609375,0.0075829942344471145,0.0013353299664516183
160.224609375,0.00477437828940306,0.0008815993523521683
160.23925781249997,0.002836264949420327,0.00039196090706047817
160.25390625,0.006502223874767759,0.00037528079145770685
160.2685546875,0.008648791257183725,0.0015650957576786105
160.28320312499997,0.00558920181343797,0.0019607836571285827
160.2978515625,0.00045155735216588434,0.00108280724310128
160.3125,0.003909425053159223,0.0021536489503253355
160.32714843749997,0.0022609613122567536,0.0025302394948189797
160.341796875,0.0024620431073164944,0.0012355973655338306
160.3564453125,0.00625898363578102,0.00199769091259629
160.37109374999997,0.006393396312315282,0.0022499782177518527
160.3857421875,0.002972663242548826,0.0015783216800100835
160.400390625,0.003757648339493691,0.0021197506138254736
160.41503906249997,0.004874433950958993,0.002625830329924147
160.4296875,0.002382904500988062,0.0022718656488763984
160.4443359375,0.0014307968384768529,0.0019769727444740736
160.45898437499997,0.0028425804654783255,0.0018092574791975303
160.4736328125,0.004527333921042092,0.002132776726452952
160.48828125,0.003901731995306995,0.0025175854152351866
160.50292968749997,0.001026715480899707,0.0020715639987875915
160.517578125,0.0050021836651216,0.0021409490195016386
160.5322265625,0.005135622075039955,0.0024036306569113946
160.54687499999997,0.0034789206701844643,0.001415805250560181
160.5615234375,0.0031058232767803883,0.0008570928901806923
160.576171875,0.0030407524047276467,0.0014217304480087555
160.59082031249997,0.002541247883408271,0.0012144739516540192
160.60546875,0.0009313215341726793,0.0004354448794463952
160.6201171875,0.0030896124423500193,0.0008288710295727147
160.63476562499997,0.004623657983017096,0.000503137148053624
160.6494140625,0.0052860480701359255,0.00012699832081112852
160.6640625,0.004846460289946467,0.00015420593107341417
160.67871093749997,0.005293586927307655,0.0001657796668502682
160.693359375,0.005629486738032378,0.00010721250405897448
160.7080078125,0.004832049648569444,0.0002729494568700943
160.72265624999997,0.005272121961334212,0.0006562528192690608
160.7373046875,0.00547213792483916,0.001090592627087495
160.751953125,0.0048873510315464086,0.0007246524506401667
160.76660156249997,0.004678353263160053,0.001783671106526259
160.78125,0.00469794246527149,0.002634465664908483
160.7958984375,0.0035497977476389463,0.002035591833916572
160.81054687499997,0.0012569673083276376,0.0023797407390869977
160.8251953125,0.0035608561076317627,0.0031312031459104018
160.83984375,0.0036409422290045925,0.002227450314625138
160.85449218749997,0.00037470606230721666,0.001528389157229753
160.869140625,0.00396598082008455,0.0021015673439705143
160.8837890625,0.005519204473077409,0.0015815304055699507
160.89843749999997,0.004714295146163729,0.0005372444633090535
160.9130859375,0.005094126113226702,0.0010978741558259218
160.927734375,0.0054796120491692555,0.0011547044924149973
160.94238281249997,0.003461809220667575,0.0005694141763849683
160.95703125,0.0011847135980512622,0.0004787564138188543
160.9716796875,0.0013153530876946567,0.0010847227907284742
160.98632812499997,0.0026655466102641083,0.001213846573380224
161.0009765625,0.00098414896493627,0.0010026336713032588
161.015625,0.0038729290514789095,0.001100691795055278
161.03027343749997,0.005852795078213555,0.001132910518472225
161.044921875,0.004182245939316334,0.0008353455053832895
161.0595703125,0.002256694106989593,0.000558925155859865
161.07421874999997,0.0024438116155139516,0.0009495976292663097
161.0888671875,0.003209446311978364,0.0008275415643947457
161.103515625,0.004422524129334038,0.0007090218267778953
161.11816406249997,0.004671949490159535,0.0013712650812659733
161.1328125,0.002485321262363216,0.0010864180649503299
161.1474609375,0.003052892428712905,0.0007082890822159801
161.16210937499997,0.00410667028755007,0.001188117424993409
161.1767578125,0.0028221414564940685,0.001236302424435361
161.19140625,0.0031332159977890306,0.0009270923802966429
161.20605468749997,0.003284182323836284,0.001274755907317499
161.220703125,0.0024866047021821942,0.0017075099743488224
161.2353515625,0.0021716638443099717,0.0015771559119206367
161.24999999999997,0.003978112216178944,0.0017384145313940954
161.2646484375,0.0050093745941077765,0.0019632858745943548
161.279296875,0.003933950926714109,0.002270402683267559
161.29394531249997,0.0027639231411864347,0.0024997316004108966
161.30859375,0.005308226306642723,0.002797539964290175
161.3232421875,0.00701318591237466,0.003916283768709482
161.33789062499997,0.005058872102955453,0.004276318818452852
161.3525390625,0.003783995482526857,0.0036059767694943657
161.3671875,0.007271201842316223,0.003966386995609966
161.38183593749997,0.008296068078377272,0.0036107420768235494
161.396484375,0.008160775498509763,0.0022175050936514783
161.4111328125,0.008340594641880866,0.0020970610513901516
161.42578124999997,0.007355579022277489,0.0032341403104856523
161.4404296875,0.005445919538530604,0.0029756184451209446
161.455078125,0.0050206126580701945,0.0018724801062380409
161.46972656249997,0.0047014111786088855,0.0025697131076375377
161.484375,0.002692674351105592,0.0021655888554641175
161.4990234375,0.0011164458394750684,0.001107570865641913
161.51367187499997,0.0018292047163903952,0.002166958767475211
161.5283203125,0.0019530156296956329,0.002073870168206152
161.54296875,0.0010874640939644237,0.0015039018439557753
161.55761718749997,0.003014617434493802,0.0021439837039456764
161.572265625,0.005230163256317479,0.0020773704672295726
161.5869140625,0.005093186749074801,0.0016761064867201623
161.60156249999997,0.003772557422009083,0.001957198200149901
161.6162109375,0.004170370048631588,0.0022229445970900923
161.630859375,0.004271140610262168,0.002203455185513716
161.64550781249997,0.003457507059646968,0.0024858803502356597
161.66015625,0.002720108264276934,0.0029285520774053045
161.6748046875,0.001925754934663562,0.002780047598386546
161.68945312499997,0.0019001231629425194,0.002115594426378831
161.7041015625,0.0027434152464515756,0.0017030878898500693
161.71875,0.00391178029343817,0.001644156503610379
161.73339843749997,0.007379257367229585,0.0019345106272345871
161.748046875,0.008607149889271639,0.001969792948105534
161.7626953125,0.008064447081148464,0.0027435986088640654
161.77734374999997,0.0083172535714921,0.0036725185226290265
161.7919921875,0.007017612901650971,0.0034221511500351484
161.806640625,0.0024248471634904867,0.0031813519017164634
161.82128906249997,0.0034210566302229745,0.0036560141900621704
161.8359375,0.0056594139136680295,0.0030518339875760794
161.8505859375,0.003962174686928045,0.0017426117191132943
161.86523437499997,0.001820428319769526,0.0016204764514295453
161.8798828125,0.002584536447064472,0.001376910925322522
161.89453125,0.002456818954661347,0.0006551613192191623
161.90917968749997,0.0022709420319966126,0.0016500147832505063
161.923828125,0.0036920603114688733,0.001826689350096841
161.9384765625,0.004487661557778247,0.0011772546536917025
161.95312499999997,0.0019082893057324047,0.001727685201958984
161.9677734375,0.004041803619788306,0.0032665287673697037
161.982421875,0.007722492383374108,0.003292848532709136
161.99707031249997,0.005786989883506224,0.0028167695703894247
162.01171875,0.002107157248491236,0.003399370854000006
162.0263671875,0.006493504727169155,0.003158995234419078
162.04101562499997,0.007827380605535367,0.0025695931983271635
162.0556640625,0.005857293775570258,0.0025916133691045074
162.0703125,0.0046079616982342645,0.002541447426367568
162.08496093749997,0.005732269672585993,0.0023323139938663355
162.099609375,0.005718990134772688,0.001808691673808974
162.1142578125,0.005754267747312229,0.0007561058216409752
162.12890624999997,0.006043193235574555,0.0007061473160827004
162.1435546875,0.003450244885616014,0.0005382853125952018
162.158203125,0.00039060384755152126,0.0012891651482714824
162.17285156249997,0.0026059668596861573,0.0014838294941306002
162.1875,0.004333018326497964,0.0012084533240370808
162.2021484375,0.0041522424935746035,0.0014188297615796792
162.21679687499997,0.002367290396672629,0.001994646948010625
162.2314453125,0.0011982180640382415,0.0021597477540761406
162.24609375,0.0032466793301852035,0.0020834774192801425
162.26074218749997,0.004537921386054969,0.001716523325638179
162.275390625,0.0031040205741291855,0.0013643565258436394
162.2900390625,0.004272558448767966,0.0015108634671195445
162.30468749999997,0.0055440508594020955,0.001765507464693955
162.3193359375,0.0026593529057431847,0.002861993215533048
162.333984375,0.0018411972975942794,0.0025222530894478128
162.34863281249997,0.005052784700281857,0.0021515638593549162
162.36328125,0.006753340306985754,0.0029911821075215297
162.3779296875,0.0070615916928474555,0.00274348504418432
162.39257812499997,0.007300007573070123,0.0015579502956723074
162.4072265625,0.00731514812504377,0.0018686015626034982
162.421875,0.00602627708277223,0.0021879406066798225
162.43652343749997,0.00418015771705973,0.001248766389356216
162.451171875,0.002582850523508016,0.0004932913388191282
162.4658203125,0.0017141729394079678,0.0012281894443144674
162.48046874999997,0.001935642773612888,0.00035795753931792284
162.4951171875,0.0036265204513632977,0.0014266031604335363
162.509765625,0.0055967760892071785,0.00243629106136826
162.52441406249997,0.007556864183500182,0.0020726632749404933
162.5390625,0.008680307452854249,0.0025734001592964025
162.5537109375,0.007319149052215626,0.00388377922817069
162.56835937499997,0.0039233330779961575,0.003621965274049867
162.5830078125,0.003217288022381648,0.002691590382065695
162.59765625,0.004285126407663754,0.0027633929295833126
162.61230468749997,0.004163792861827478,0.0024030705938148968
162.626953125,0.0038696381233059795,0.0015868399099308662
162.6416015625,0.002958341345480148,0.0010991284025443128
162.65624999999997,0.0010371287310726124,0.0017392074712010376
162.6708984375,0.0027126013801706053,0.0016075385920765733
162.685546875,0.003520044456581668,0.0004628580821237086
162.70019531249997,0.0037225361675435487,0.0007369957427755887
162.71484375,0.0027551079381859783,0.0006319507031665612
162.7294921875,0.0011201174309618707,0.0010033343433343725
162.74414062499997,0.0010123084492616593,0.0009999693000223733
162.7587890625,0.00032879855177223185,0.0010488155787148538
162.7734375,0.0033718772110721247,0.0009378131436640813
162.78808593749997,0.006133387967645958,0.0009519785996762195
162.802734375,0.006031517118783621,0.0011400363177786626
162.8173828125,0.004570314019787268,0.0023349229354250596
162.83203124999997,0.004041979574139482,0.0019115712945684776
162.8466796875,0.00468906818758352,0.0008961159091628
162.861328125,0.005310385265623601,0.0013922287090207682
162.87597656249997,0.005609954329940674,0.0010829077726137626
162.890625,0.005182932740132587,7.936517534140399e-05
162.9052734375,0.0041625745283641125,0.0011680625757825693
162.91992187499997,0.005045377458895297,0.0014805631399955217
162.9345703125,0.003146903477184346,0.0018807078766186738
162.94921875,0.0024578072860292695,0.003008989719566377
162.96386718749997,0.006699323180367739,0.003255509177254761
162.978515625,0.008513991523910422,0.002815043092898574
162.9931640625,0.009198418539076953,0.0031266693467571108
163.00781249999997,0.010401296438544054,0.0035619691231874593
163.0224609375,0.010737643240507428,0.0031712038675594627
163.037109375,0.008395568519108545,0.002552101297905274
163.05175781249997,0.004985967641144107,0.0029176696817341244
163.06640625,0.002566645550018913,0.0032010734940501923
163.0810546875,0.0032635903862654777,0.002343334768426324
163.09570312499997,0.0019365594990678814,0.0022287343843543014
163.1103515625,0.002716777989924201,0.0028197990628474265
163.125,0.0054798264752680915,0.0020732171047505967
163.13964843749997,0.002777959588885506,0.001191824843434856
163.154296875,0.005951486922521126,0.0021826627892922
163.1689453125,0.008351990069554206,0.0026530180056286603
163.18359374999997,0.004131992882576211,0.0016451322743498513
163.1982421875,0.0017446548497492042,0.0013547046223832489
163.212890625,0.0038711703604347356,0.002259011551213306
163.22753906249997,0.002273881960417859,0.0017787551271281738
163.2421875,0.001009237125473491,0.00025261940489005566
163.2568359375,0.0013453164239223565,0.0009589200618099895
163.27148437499997,0.0008359573445460493,0.0002453363873073915
163.2861328125,0.0011531614142458238,0.0018526708235381687
163.30078125,0.002112218771173756,0.0025040341219868508
163.31542968749997,0.006683187722327903,0.0019874900861624844
163.330078125,0.007492217031776321,0.0023616832882273698
163.3447265625,0.003728110182451904,0.0031912182505926564
163.35937499999997,0.0005994620629879364,0.002959815690008691
163.3740234375,0.002693883881001845,0.002452883366503906
163.388671875,0.005869120328434249,0.0026062826155468064
163.40332031249997,0.007347650485502476,0.002282364515314663
163.41796875,0.005275111606893471,0.001580831991006849
163.4326171875,0.0026998726151001,0.0009997286287761606
163.44726562499997,0.004720379531344312,0.0007713891914519423
163.4619140625,0.003425561146538982,0.0008284288860112932
163.4765625,0.0027834395089520766,0.000527677977126962
163.49121093749997,0.00515285587484077,0.0010900640308414557
163.505859375,0.0054412195987747665,0.0017205555699484263
163.5205078125,0.003643143438756783,0.0012230464873322039
163.53515624999997,0.0017683171687781845,0.0009348085544364351
163.5498046875,0.005040602069509833,0.001920620286569706
163.564453125,0.007826087963594073,0.002614859334526273
163.57910156249997,0.008597641920711172,0.00217161662693362
163.59375,0.007428922419752503,0.0031162061698859875
163.6083984375,0.004111190886157611,0.0040945696035501345
163.62304687499997,0.003059028162630475,0.003374036874925332
163.6376953125,0.005866855153575062,0.0033276112604173577
163.65234375,0.006223787333703855,0.00409265143730998
163.66699218749997,0.004457094176630375,0.0037549061514211023
163.681640625,0.003230693834829766,0.002849901802007862
163.6962890625,0.003957962492691497,0.0030516955236408972
163.71093749999997,0.004356559402294163,0.003456102435958005
163.7255859375,0.002142289587744886,0.0029547974325265444
163.740234375,0.0033104323348118222,0.0025396456578873346
163.75488281249997,0.0038233343106552167,0.002886520369424609
163.76953125,0.0011827260617365673,0.002282766950270958
163.7841796875,0.001214970012242539,0.0011091319957868464
163.79882812499997,0.0010587333505949516,0.0007002063998428253
163.8134765625,0.002404766470264121,0.0009587496176272767
163.828125,0.00572051193896597,0.0006656833989801888
163.84277343749997,0.0071416106530723675,0.000529044547842353
163.857421875,0.006279676932306225,0.0009691733604590769
163.8720703125,0.005536794709537778,0.0008163174760356167
163.88671874999997,0.0063885492300884816,0.0014388409331786915
163.9013671875,0.006817208247953439,0.002503731600807194
163.916015625,0.005204384871548274,0.00261279887802115
163.93066406249997,0.0020779398182145946,0.002329272934957657
163.9453125,0.001252674994563936,0.002498354851742498
163.9599609375,0.0016622150765701438,0.002503467290328844
163.97460937499997,0.0043949352422198084,0.002142039817153486
163.9892578125,0.005442435102325338,0.0016306658529207047
164.00390625,0.0025683479054002035,0.0015410696097845373
164.01855468749997,0.0038386204321607153,0.001611139651772613
164.033203125,0.006163551701799604,0.0010408489246379043
164.0478515625,0.0051035871453473745,0.0017783925007205576
164.06249999999997,0.005042833430985419,0.00251011863437201
164.0771484375,0.005957684653927051,0.0018839393831324182
164.091796875,0.0060357068843693825,0.0022042363674592293
164.10644531249997,0.006407487473839201,0.003312125476175075
164.12109375,0.006038842896821915,0.0029338939869650257
164.1357421875,0.0038063965422289953,0.0021079372605506772
164.15039062499997,0.004088255481850237,0.0031752591660790634
164.1650390625,0.006465521617733103,0.003215328269054789
164.1796875,0.0073456522831114104,0.0019863759832723805
164.19433593749997,0.005381022614047415,0.0019460894862240148
164.208984375,0.0004849059690628121,0.002349157530838612
164.2236328125,0.0047775809315406875,0.0020435820623834863
164.23828124999997,0.006329108039564612,0.0015918884831349345
164.2529296875,0.004545525730550507,0.0025472798704428293
164.267578125,0.003700257762314886,0.00330697860347786
164.28222656249997,0.0021499736670338096,0.0026632653091656065
164.296875,0.004843653975940708,0.003217805458446637
164.3115234375,0.007478191875993434,0.0034424054060597183
164.32617187499997,0.006847794098334964,0.0022880365316631057
164.3408203125,0.0036131251235050534,0.0017694553697143608
164.35546875,0.0003214114455061326,0.0020053946656737754
164.37011718749997,0.0005788842686630022,0.001873203244494672
164.384765625,0.0039002092192245937,0.0012905025812546265
164.3994140625,0.004847581584877089,0.000640553572652876
164.41406249999997,0.001273751424585316,0.0007144450963033789
164.4287109375,0.0055186011209652445,0.0008472524775155181
164.443359375,0.006698102704815563,0.0010847673581128568
164.45800781249997,0.0046892220733552575,0.0016319205340733015
164.47265625,0.0026978135317344354,0.00208546502263781
164.4873046875,0.005061984197234054,0.0027752041116187016
164.50195312499997,0.004396267030794219,0.0028498483980370147
164.5166015625,0.003567286178681789,0.0026991910839931983
164.53125,0.005729891814884311,0.0023539404176839236
164.54589843749997,0.004984275492771732,0.002185594748461707
164.560546875,0.003683165275895067,0.002879534594346313
164.5751953125,0.0031831691619353428,0.0027391174468711114
164.58984374999997,0.005308695874492925,0.0015027346622382624
164.6044921875,0.006099396862771471,0.0016678412915009514
164.619140625,0.004731136190153525,0.0018673044843806321
164.63378906249997,0.005055061188401013,0.0008262521143294531
164.6484375,0.006682381337588103,0.0010960737146036602
164.6630859375,0.007222348311021556,0.0017885211070458966
164.67773437499997,0.00575515785491181,0.0012357267611327182
164.6923828125,0.004502086899190009,0.0018544460737293632
164.70703125,0.0042436674916692734,0.0030280629180108637
164.72167968749997,0.0015214939045832233,0.0027530421098480294
164.736328125,0.0025957982661827966,0.0025833432737948753
164.7509765625,0.004487256050583222,0.002620116608776917
164.76562499999997,0.005051989492630348,0.0017172247762927517
164.7802734375,0.005559334049751038,0.0005418907114325428
164.794921875,0.005807836441473392,0.0002975102887290443
164.80957031249997,0.005387495098500639,0.0011687514415517346
164.82421875,0.004884718784606715,0.002044146611744016
164.8388671875,0.004846881770126695,0.0018743484021436878
164.85351562499997,0.004051457964044502,0.0020297763300714936
164.8681640625,0.0026701218421425026,0.0025774751220099825
164.8828125,0.0020971044027738757,0.0020457604554155458
164.89746093749997,0.0023918970839044897,0.001427190630093744
164.912109375,0.00207012560285014,0.0015906082385371016
164.9267578125,0.0017831878846763021,0.0017027907961012425
164.94140624999997,0.0019462216950689244,0.0014030154684967688
164.9560546875,0.0008512414811739897,0.0012219728621689044
164.970703125,0.0030590606396823207,0.00135372975485275
164.98535156249997,0.00420111229596781,0.0013528729560548108
165.0,0.0031006102372996133,0.0013422597689482826
165.0146484375,0.0023813156917282885,0.001581766056863383
165.02929687499997,0.003462881190543897,0.001907764304468152
165.0439453125,0.0035545846659916698,0.0022295642145935125
165.05859375,0.002101656803978711,0.002902531560354047
165.07324218749997,0.0030926801835238784,0.0030869346481816056
165.087890625,0.002888291756852569,0.002107474047728826
165.1025390625,0.00044724567556016757,0.0015177089481154796
165.11718749999997,0.0018867101197648712,0.0016770869511821588
165.1318359375,0.0037537847232200906,0.0021630917484509716
165.146484375,0.004837185693106572,0.0017824683006024942
165.16113281249997,0.006151409764557469,0.0017808308414570325
165.17578125,0.00668799385753257,0.002164158327546534
165.1904296875,0.0039778827488366605,0.0016100784209849399
165.20507812499997,0.001203628771591913,0.0007019207683394653
165.2197265625,0.005726062914006847,0.0006052855058065275
165.234375,0.007920100542801532,0.0012271346589313604
165.24902343749997,0.007829402256712416,0.0018378651991043662
165.263671875,0.005523195390186613,0.002054789594065499
165.2783203125,0.002073303778461498,0.0019355341762809463
165.29296874999997,0.0011098706869210387,0.0033957596737257782
165.3076171875,0.003576960447865328,0.003904179606626408
165.322265625,0.003966994365986693,0.003105464918397955
165.33691406249997,0.0019186141328080988,0.00321555094313003
165.3515625,0.0016456373961333296,0.003517186082634851
165.3662109375,0.0010948443245507383,0.002893567146762986
165.38085937499997,0.00047248476896698347,0.0023682499041561946
165.3955078125,0.002341236303113427,0.002725989482746521
165.41015625,0.005375933242512146,0.0030783749520509394
165.42480468749997,0.006555617559645388,0.0025964075007899627
165.439453125,0.005760313184000177,0.00205158351211648
165.4541015625,0.005276604017195674,0.0021521447724094484
165.46874999999997,0.00514431572786954,0.0015087883249643877
165.4833984375,0.004092540037687503,0.0011165756682745658
165.498046875,0.0025063440227035723,0.0013936079409764064
165.51269531249997,0.0013141652916056317,0.0010737761083606649
165.52734375,0.0016379628548433864,0.001452406400538242
165.5419921875,0.002802246075929506,0.001406800309056985
165.55664062499997,0.0039862880410967685,0.0016292196425382963
165.5712890625,0.004393414403071597,0.001820957988668686
165.5859375,0.004262157846230205,0.0016285784747914396
165.60058593749997,0.005435103977652909,0.0023104622970603244
165.615234375,0.005776980983638097,0.0023894258520299953
165.6298828125,0.004045391349224354,0.001758803058526831
165.64453124999997,0.0016233730641681313,0.002504022907858991
165.6591796875,0.0025221640470175677,0.002869766364197784
165.673828125,0.005807411719492996,0.0019464530879786173
165.68847656249997,0.008893153538141851,0.002147453217156603
165.703125,0.009294263558178528,0.0029271379930252963
165.7177734375,0.006013904963743156,0.0019436910283750475
165.73242187499997,0.0058581489652462125,0.0008741094576582678
165.7470703125,0.007965435889147932,0.001849780113435686
165.76171875,0.007061022883943501,0.0017634366362060923
165.77636718749997,0.0031593549087094454,0.0005236136855107143
165.791015625,0.003412678640882643,0.000901341689142634
165.8056640625,0.003681868858703275,0.001370692175423678
165.82031249999997,0.0031748050917965154,0.0009919927276783327
165.8349609375,0.0020085038882043534,0.00027078226441568944
165.849609375,0.005614016515494894,0.0015806259396347958
165.86425781249997,0.008668154144112875,0.0014312949339775661
165.87890625,0.008422923918237714,0.0013313242177529295
165.8935546875,0.005161557500681611,0.002642614254817567
165.90820312499997,0.0006241555267665927,0.002786706098479937
165.9228515625,0.003053165685517622,0.0026517827568915803
165.9375,0.004829011573208167,0.003367137952111563
165.95214843749997,0.0043181149854698946,0.0035339418024986453
165.966796875,0.0024335897482867883,0.0026903257968420775
165.9814453125,0.001707030684447498,0.0021484402355212277
165.99609374999997,0.002822545489902155,0.0024921177417737126
166.0107421875,0.0039886899354035586,0.0023230710344668477
166.025390625,0.0024113608555059165,0.0014572723259744774
166.04003906249997,0.0028281842310950846,0.0017180085873198365
166.0546875,0.00345902364541756,0.001823037828250801
166.0693359375,0.002736443828996728,0.0008948352913356107
166.08398437499997,0.004723819040486573,0.0007642584209915268
166.0986328125,0.004682367317073991,0.001376248962261224
166.11328125,0.0010663147533852425,0.0009504745267017556
166.12792968749997,0.002712017765576677,0.0009419490252800129
166.142578125,0.002383257550899223,0.0019263420830572954
166.1572265625,0.0011397004720008124,0.0021100877673992306
166.17187499999997,0.004431333440129788,0.001988846511760728
166.1865234375,0.006538902779429975,0.002851165043319334
166.201171875,0.006289191895485137,0.0032549120643495916
166.21582031249997,0.004051516860613627,0.0028381392180140555
166.23046875,0.0038847084572596136,0.002489788873902645
166.2451171875,0.003927147583235266,0.0026183305223657543
166.25976562499997,0.002041929888402302,0.002632409556420114
166.2744140625,0.0008737226777321836,0.001850859868549039
166.2890625,0.000986721270442474,0.0019642796080700706
166.30371093749997,0.0027751843217287972,0.002582443370013351
166.318359375,0.004645772318396641,0.0016969269634292382
166.3330078125,0.005851521916547781,0.002038866559172328
166.34765624999997,0.0059878807509900255,0.002959738068023434
166.3623046875,0.005370889819333833,0.002125009217871575
166.376953125,0.0048075058881979675,0.0014913263529492153
166.39160156249997,0.0043850953561125165,0.0022515939917953282
166.40625,0.004349520124726098,0.002366446479401405
166.4208984375,0.0057344294353028685,0.0017653413661664825
166.43554687499997,0.008153116103433966,0.001667421592513508
166.4501953125,0.009394916680355542,0.00293120956674997
166.46484375,0.008321454038086816,0.0029273550663188735
166.47949218749997,0.0062503704028857065,0.0018422933220370492
166.494140625,0.005433890660428618,0.002452476102791087
166.5087890625,0.004498969112953172,0.002478208303304091
166.52343749999997,0.0030444108905340957,0.0013985124561112703
166.5380859375,0.0031072169424573174,0.001560591329243158
166.552734375,0.005153792940423764,0.0015173695426298419
166.56738281249997,0.0057209422731505566,0.0009439398767211833
166.58203125,0.003832521441645984,0.0008894678999993774
166.5966796875,0.0024428950768761956,0.0007062670898964218
166.61132812499997,0.0028587711064378164,0.0007445464080782789
166.6259765625,0.0027752883211802286,0.0013572355209512652
166.640625,0.0024633165567462196,0.001771827154637089
166.65527343749997,0.0034992265413758055,0.0012934520456086868
166.669921875,0.005835227046121318,0.001736156881645884
166.6845703125,0.006793757457276492,0.0012861916226443385
166.69921874999997,0.006575778719442053,0.0002916108272955592
166.7138671875,0.006192181110623891,0.00102904171359365
166.728515625,0.007204298546312088,8.241765840468541e-05
166.74316406249997,0.007126030865315538,0.0014784025041121819
166.7578125,0.004584780920323763,0.0015815900319340866
166.7724609375,0.001828250021223813,0.0007631181458862311
166.78710937499997,0.002364536360704951,0.0005072168664473306
166.8017578125,0.005520286482251719,0.002025021954611334
166.81640625,0.006809189074904568,0.0027865261064032665
166.83105468749997,0.006712617535787227,0.0019114892068769064
166.845703125,0.0055925844287083686,0.001859313669849855
166.8603515625,0.00396441596515891,0.0026292565460989043
166.87499999999997,0.0049639199063456615,0.0023198131322281776
166.8896484375,0.007686356902522286,0.001307053686687241
166.904296875,0.007071506232410237,0.0018125640439071574
166.91894531249997,0.0015756915212056758,0.001760388109184493
166.93359375,0.004411086411300977,0.0006771726903924925
166.9482421875,0.006171966506583335,0.0019035938464864498
166.96289062499997,0.005224856117222061,0.001962886965829775
166.9775390625,0.003492156969218494,0.0015345327642210882
166.9921875,0.0012863799699498399,0.0021831049059766183
167.00683593749997,0.0025465748447275945,0.002055274471772029
167.021484375,0.00041744692623118233,0.0014976678299821438
167.0361328125,0.003995804784645368,0.001462029237418496
167.05078124999997,0.005632123413417404,0.0016603568447923077
167.0654296875,0.0024181996653526903,0.0015681637138672687
167.080078125,0.003007953608007198,0.0011937781269468063
167.09472656249997,0.006428762732397016,0.0006130830361970942
167.109375,0.006355761839646693,0.0005749645480613946
167.1240234375,0.003831284439846951,0.0007477307925317917
167.13867187499997,0.0011980983647729342,0.0004659779093939927
167.1533203125,0.0010067123776642893,0.0006720097210970816
167.16796875,0.0011469440700443178,0.0008097797553572788
167.18261718749997,0.0017290721155894704,0.0003438808889038159
167.197265625,0.0025662866630527803,0.0008344122658723064
167.2119140625,0.0036069278122492156,0.001601149758844093
167.22656249999997,0.0035792495514273435,0.0012596186906869158
167.2412109375,0.0015262542333171396,0.00046450530295421845
167.255859375,0.0016342916075335102,0.001923903072308588
167.27050781249997,0.003186072875375143,0.0027693615582893086
167.28515625,0.00345891618442647,0.00207786925751803
167.2998046875,0.004424136953219058,0.0028145602411902546
167.31445312499997,0.004319877118286405,0.0037206791206270485
167.3291015625,0.0015339831731385114,0.002480780652791883
167.34375,0.0017987076732264365,0.002188571411806878
167.35839843749997,0.0012066598455506266,0.0025473374670241414
167.373046875,0.0029156392534936096,0.0016781047491896566
167.3876953125,0.003328085840604372,0.0008672706863120887
167.40234374999997,0.0017182290461161278,0.0014749888770240554
167.4169921875,0.005745157384528789,0.001919524339943934
167.431640625,0.008956032572573942,0.001640448346439545
167.44628906249997,0.00769895604866019,0.0014400643795195595
167.4609375,0.003770597944801855,0.0021942382730816283
167.4755859375,0.0013031202600360915,0.0023972246534969426
167.49023437499997,0.001978489851012836,0.0017933197038709735
167.5048828125,0.0030236380048935963,0.0017726174114435105
167.51953125,0.003130058058057896,0.001812686157577262
167.53417968749997,0.004494044654314419,0.0013935042250191746
167.548828125,0.005582790528973186,0.0011102804044284334
167.5634765625,0.0052009580233356775,0.0012244845104022232
167.57812499999997,0.004911200543996602,0.0012838589089671302
167.5927734375,0.005254134465797636,0.0009570523715728457
167.607421875,0.004966970407639085,0.000991263697860373
167.62207031249997,0.0025230240716220026,0.0015538323874848753
167.63671875,0.0009367361447089216,0.001599896244454714
167.6513671875,0.0021956897729970256,0.0014767575084176066
167.66601562499997,0.002777494009906234,0.0022210483461403752
167.6806640625,0.003462749243408524,0.0021660854501570834
167.6953125,0.0046749030576386475,0.0013529688942432066
167.70996093749997,0.0042849891162340835,0.001627722940926605
167.724609375,0.0017450960304825805,0.0016175525578657774
167.7392578125,0.0019938511568744046,0.0006883893897820355
167.75390624999997,0.002000051672633364,0.0011920596450235186
167.7685546875,0.0018911997926932636,0.0017339101744895831
167.783203125,0.0035411912686596596,0.0009297785474833519
167.79785156249997,0.004489148691144612,0.001735924254828901
167.8125,0.002984112622961207,0.00221536588737397
167.8271484375,0.006518662102293806,0.001118488229373003
167.84179687499997,0.01043341244457349,0.000996203437577275
167.8564453125,0.010290966027643584,0.0013700581104772321
167.87109375,0.006845931526539713,0.001687005303491458
167.88574218749997,0.004997158336105691,0.0017829336932009899
167.900390625,0.004891527152316013,0.002276185074446119
167.9150390625,0.0028444731708898888,0.002434849014942821
167.92968749999997,0.0020782899444100277,0.002218495729863741
167.9443359375,0.002585382362043448,0.0015459841921992956
167.958984375,0.0018727379067108025,0.000676873137124344
167.97363281249997,0.004619480119541804,0.0008727255607259118
167.98828125,0.00742475039195835,0.00032018167508693677
168.0029296875,0.007538202591169391,0.001413619543974782
168.01757812499997,0.005028654348581523,0.002333647684937275
168.0322265625,0.003881911679312685,0.0022207327470015778
168.046875,0.006528671735015115,0.0028773596124061674
168.06152343749997,0.008495386789380286,0.004040696390892156
168.076171875,0.009124854900981607,0.004143037752856394
168.0908203125,0.009681043234151152,0.004003166391143897
168.10546874999997,0.007881513240118721,0.00448197660031395
168.1201171875,0.004872057959426731,0.0042876412248938275
168.134765625,0.005819186319037515,0.0033269298969623136
168.14941406249997,0.006532276620861809,0.0024355381292078585
168.1640625,0.004459343316621352,0.0019480042117991565
168.1787109375,0.002145853867486017,0.002061924425130046
168.19335937499997,0.0038954622047241115,0.002351910578140013
168.2080078125,0.004362468405014322,0.0022442588644785476
168.22265625,0.0030238486016266205,0.002428899328717919
168.23730468749997,0.0019110587202781026,0.002794142383161422
168.251953125,0.0003280388313053567,0.002351623254992525
168.2666015625,0.0031080204153184888,0.0022972519189580288
168.28124999999997,0.004063151024887064,0.0030428821450636584
168.2958984375,0.002953941527767718,0.002739155509777267
168.310546875,0.0038060460105669596,0.0020579231293575305
168.32519531249997,0.005267926140688224,0.002888498617137526
168.33984375,0.005183711773395732,0.003122847168254458
168.3544921875,0.004551718884355763,0.001865343711778864
168.36914062499997,0.004267070634606892,0.0016433594840572373
168.3837890625,0.004934461747822994,0.002205658930796338
168.3984375,0.005840398589489843,0.001725125075851443
168.41308593749997,0.004116535890359739,0.0005282024518563396
168.427734375,0.0009421230089050266,0.0010224067483512057
168.4423828125,0.0014594308906642633,0.00036804357040840456
168.45703124999997,0.0024120327724790175,0.0012819438205780996
168.4716796875,0.0034818446366192755,0.002092275234859952
168.486328125,0.002876043919132275,0.002192626414381949
168.50097656249997,0.0028685914174518723,0.0030609156940641755
168.515625,0.004167136746923359,0.0037704652365888407
168.5302734375,0.005758838193090892,0.0036459976040459792
168.54492187499997,0.007545573179555127,0.003911623349037653
168.5595703125,0.006591108529871701,0.004079749592152458
168.57421875,0.0023724298045938287,0.003130145550899406
168.58886718749997,0.005847791657013887,0.002819633371714586
168.603515625,0.007472381060522413,0.00259026597389124
168.6181640625,0.004771761751933871,0.0010454852558215175
168.63281249999997,0.002493507716478078,0.001483101599635067
168.6474609375,0.00437639344911286,0.0014920167532530284
168.662109375,0.0076613385014838616,0.0016131354378280888
168.67675781249997,0.010853721954666284,0.002777839551732166
168.69140625,0.010737772774606283,0.0025801905258603366
168.7060546875,0.006271842634893935,0.001668561506302227
168.72070312499997,0.00232472128510465,0.002315966125165884
168.7353515625,0.003545640482786622,0.00258478648779876
168.75,0.004088640307676594,0.001807499192772383
168.76464843749997,0.00365244924201675,0.0015837095334839014
168.779296875,0.0042489832578576,0.0030226129486601284
168.7939453125,0.003412004365914573,0.00300782862965661
168.80859374999997,0.0020829676438668854,0.0023998394319413945
168.8232421875,0.006598388963127912,0.003408688189086459
168.837890625,0.006430849235438009,0.003080075647648283
168.85253906249997,0.0026436968037137918,0.0028264658053656017
168.8671875,0.0015099350435464841,0.003220927038585132
168.8818359375,0.002502848982112295,0.002710589852650125
168.89648437499997,0.003940268380124086,0.0024656407996965337
168.9111328125,0.006264744783603888,0.0025314328064343083
168.92578125,0.007570888631588573,0.002279891754846134
168.94042968749997,0.0073924162883932465,0.0023673091538849215
168.955078125,0.006051278725455474,0.0028526755945464982
168.9697265625,0.0038701095293056822,0.002685889456965046
168.98437499999997,0.0028276824643150337,0.0022915049093286295
168.9990234375,0.004888399333109557,0.0025932466703832233
169.013671875,0.003954516228653209,0.002229855928096339
169.02832031249997,0.0018235383042407643,0.0012530457381846824
169.04296875,0.005417850923670785,0.0015764075175491662
169.0576171875,0.006678973036284525,0.0016901449523281135
169.07226562499997,0.005881215280669838,0.0011972659670354193
169.0869140625,0.004028180591329079,0.0021611660255938443
169.1015625,0.000832650107040112,0.0030485598720911135
169.11621093749997,0.004062172460059966,0.002498665516017661
169.130859375,0.007230011630427433,0.0027081835059217406
169.1455078125,0.0065972937888438025,0.0034195396391791294
169.16015624999997,0.005199641511590262,0.0025119813822321022
169.1748046875,0.006635790934712216,0.0015676983923094015
169.189453125,0.006548921803650794,0.002569729753706994
169.20410156249997,0.004989437424021388,0.002807090054153102
169.21875,0.003395007944418437,0.001821146305284323
169.2333984375,0.0032111890301709453,0.0023324939112040555
169.24804687499997,0.0038705375812498996,0.0029550209686665563
169.2626953125,0.0025940601089988673,0.002337149122844925
169.27734375,0.00361460646576541,0.002607062993531767
169.29199218749997,0.004744590913528523,0.0027152218279663937
169.306640625,0.002921460668220351,0.0022747427353536328
169.3212890625,0.0009570508453657478,0.0020655034233250033
169.33593749999997,0.002391693438549514,0.0020269760076978955
169.3505859375,0.0046082019118825895,0.0022174621657415497
169.365234375,0.005923713991956302,0.0021536667712965117
169.37988281249997,0.004727761751955852,0.0016236444234009693
169.39453125,0.0023332092756035696,0.0013452870664630722
169.4091796875,0.002546671223046349,0.0014618815883791203
169.42382812499997,0.00485775046290201,0.0013573933841958508
169.4384765625,0.005893673193631134,0.0007197696507773513
169.453125,0.0056766510139052125,0.0004796688241852543
169.46777343749997,0.005755943732018446,0.00011891822081757716
169.482421875,0.00576602511879054,0.0007542250184711315
169.4970703125,0.0052684599262887025,0.0011429866963429478
169.51171874999997,0.004969324019841981,0.0008922235795102457
169.5263671875,0.005114390901900216,0.0007413960787166005
169.541015625,0.00436382215519115,0.0014200382804852474
169.55566406249997,0.002472906711345697,0.0021459891842870783
169.5703125,0.002016036440631354,0.001782513427756857
169.5849609375,0.00790410918453576,0.001974996487725127
169.59960937499997,0.010086831712039206,0.0025779242523510226
169.6142578125,0.00594995322913872,0.0016259217245150387
169.62890625,0.003181501634127002,0.0012281814367398592
169.64355468749997,0.008015471247882253,0.001983091879184882
169.658203125,0.008269772776327558,0.0016210988679942792
169.6728515625,0.0031304706836481158,0.0006822826746402753
169.68749999999997,0.003985493491237868,0.00131258699704244
169.7021484375,0.005615441829718526,0.001330246119959403
169.716796875,0.003751644673920969,0.0007452350979573717
169.73144531249997,0.003889754991349969,0.000590307894182966
169.74609375,0.004074309410183525,0.0013642896010554342
169.7607421875,0.003381105001391776,0.001356127151246261
169.77539062499997,0.0009858541659960758,0.0013036393886605407
169.7900390625,0.005805518812831667,0.0016943742753325114
169.8046875,0.00834609736998207,0.0018940137609360446
169.81933593749997,0.006037681400396312,0.0019181330688181832
169.833984375,0.0028418404724077344,0.0014228756529523503
169.8486328125,0.003063875553827068,0.0013951497645056867
169.86328124999997,0.004005620938255465,0.0012318381678728357
169.8779296875,0.004066579937389334,0.0011049424666226774
169.892578125,0.002628159995854742,0.0010653535119528239
169.90722656249997,0.0008666741972893979,0.0017069570821032479
169.921875,0.001248288875773348,0.001918704143703139
169.9365234375,0.0027593504157865808,0.0016274135112350702
169.95117187499997,0.0022788846355876924,0.0013673521773667258
169.9658203125,0.0007912070961481452,0.0017719654762772753
169.98046875,0.0024911547472507805,0.001994230034356994
169.99511718749997,0.0030499106127346003,0.001610795660869285
170.009765625,0.0024623517196824146,0.0011844667540865006
170.0244140625,0.001992587678144954,0.0018078507407038613
170.03906249999997,0.0020118818417709586,0.0017064980609343351
170.0537109375,0.0026162981209696392,0.000765141445060285
170.068359375,0.0028230846039202155,0.0003121385312488483
170.08300781249997,0.0027930362943415538,0.0006269171534261369
170.09765625,0.004182894377067489,0.0013341465048022064
170.1123046875,0.006080981151018723,0.0014844227500124
170.12695312499997,0.005281311859470091,0.000573001171262135
170.1416015625,0.00192664959145094,0.0005170418481782798
170.15625,0.002314070797681863,0.00021861360757587006
170.17089843749997,0.002892995039425241,0.0010926658030299637
170.185546875,0.002539485392357218,0.0019300830063090015
170.2001953125,0.0031997747570860504,0.0018795615284728988
170.21484374999997,0.0033007257986394697,0.002159505220509743
170.2294921875,0.0023721718178160277,0.0025098800875465407
170.244140625,0.001682537056453078,0.002497703865080371
170.25878906249997,0.0017212528787153981,0.002387467735263654
170.2734375,0.0012959745028602008,0.0022571546113050634
170.2880859375,0.0025421882403819226,0.0024014228346795727
170.30273437499997,0.004810268604703321,0.0027307449533473245
170.3173828125,0.006066603589230502,0.002634317255678961
170.33203125,0.006497531671221658,0.0022293716028276675
170.34667968749997,0.006468966368585176,0.002211608613809699
170.361328125,0.005543361305710525,0.0022736657797815477
170.3759765625,0.0033397681688711635,0.0016634468926433807
170.39062499999997,0.0026292597427437165,0.0009553566478716856
170.4052734375,0.00414091279856097,0.0012390902797543375
170.419921875,0.00467553024447233,0.0009642596775432596
170.43457031249997,0.005303774678605135,0.000994577112622386
170.44921875,0.0059116450458651035,0.0017104276874322663
170.4638671875,0.005238151219984843,0.0015630497976987126
170.47851562499997,0.003955489778505073,0.0010355629077103338
170.4931640625,0.0029989292431195887,0.0015637540827139066
170.5078125,0.0026234765432964057,0.0021159831883874047
170.52246093749997,0.0020531309478581477,0.0016644739432076273
170.537109375,0.0006695418082569434,0.0011857235181628157
170.5517578125,0.0016893833108252878,0.0017884433072697747
170.56640624999997,0.0009576188058582057,0.002304356762602675
170.5810546875,0.0034169091924528567,0.0020958117200091217
170.595703125,0.007572588525818283,0.0019359064561337948
170.61035156249997,0.009209903667567758,0.002617237848534932
170.625,0.007568525610388811,0.00245419157457465
170.6396484375,0.005271011105360283,0.001602392388268111
170.65429687499997,0.005382654982027388,0.0023337078352739737
170.6689453125,0.005388482461296473,0.0026916521443778514
170.68359375,0.004798331596326689,0.0019457349991023195
170.69824218749997,0.003529263389766981,0.0023953221534068745
170.712890625,0.0007437090835346921,0.0030245678038716612
170.7275390625,0.005003948776852635,0.00223983025879075
170.74218749999997,0.006837929183318124,0.0019839939102392996
170.7568359375,0.004895590027062428,0.0021776477077962487
170.771484375,0.001893209054874488,0.0012183480193723836
170.78613281249997,0.002500224096089697,0.00045887642792703115
170.80078125,0.003633858854498967,0.0006516241040978792
170.8154296875,0.0045216417012803305,0.0013548923623170864
170.83007812499997,0.005535441968471254,0.0017091971269437313
170.8447265625,0.006003834849475099,0.00149990313005888
170.859375,0.0053928997727113025,0.0024006531855345786
170.87402343749997,0.004949016030262367,0.002828698852346534
170.888671875,0.007014130660411125,0.0020540757713847415
170.9033203125,0.008296197917241663,0.002481588325177356
170.91796874999997,0.006337096913609829,0.003060351080448803
170.9326171875,0.004605504369520374,0.002191950841202318
170.947265625,0.006364905447705397,0.0018474296441220893
170.96191406249997,0.006669704541011082,0.002374992032771606
170.9765625,0.0040381489286055216,0.0020370749593050064
170.9912109375,0.0012597650664297165,0.0014029640282119992
171.00585937499997,0.002972651328172813,0.002294901105604758
171.0205078125,0.003547579333728096,0.002390540426889097
171.03515625,0.002953652420283576,0.0011232581472043492
171.04980468749997,0.0018460560432500875,0.001658003650186059
171.064453125,0.00148999802423043,0.001501032959288011
171.0791015625,0.002917615212774975,0.0006447328961678877
171.09374999999997,0.002986972752489706,0.0005560071591993754
171.1083984375,0.0020966520300703803,0.0007399340333719764
171.123046875,0.0023427682530838194,0.0009319721767315625
171.13769531249997,0.004496643005942398,0.0011227745682211364
171.15234375,0.005984919183429502,0.0008931721285353977
171.1669921875,0.005030555308788337,0.0001745091951378363
171.18164062499997,0.0025524764891070163,0.001331509088343295
171.1962890625,0.0014838163069269964,0.0017713018464307424
171.2109375,0.0025026864905675953,0.0013209218545858236
171.22558593749997,0.004267009734119836,0.001377432839208178
171.240234375,0.0071388459390392825,0.0015768797629679727
171.2548828125,0.007840383584987547,0.001751075074371705
171.26953124999997,0.00442035064585183,0.0020511665079346736
171.2841796875,0.00040227972418450307,0.002140408608037569
171.298828125,0.0029869686832591723,0.002180640740563066
171.31347656249997,0.005287884753798065,0.002222107748153792
171.328125,0.005370187662433375,0.002053035173854776
171.3427734375,0.001417900959458013,0.0017698877863792642
171.35742187499997,0.002868103501233437,0.0016320007323173968
171.3720703125,0.0039019107751863684,0.0017106092968644632
171.38671875,0.0036765394619721324,0.0011843691197730407
171.40136718749997,0.0031368510384849014,0.0011943431121764318
171.416015625,0.0032537859994029193,0.001874530257950008
171.4306640625,0.004614618570922507,0.0018823927425073606
171.44531249999997,0.0020853288494955256,0.0019078303142265123
171.4599609375,0.0024810915048581986,0.0026501670557867213
171.474609375,0.0028524965036809376,0.0024448541161736404
171.48925781249997,0.0013629886570124961,0.0018304851297206751
171.50390625,0.0037834994363756575,0.0020198553931597375
171.5185546875,0.006137754864743005,0.0023927188040703453
171.53320312499997,0.006429667218276778,0.00217222227882845
171.5478515625,0.004358888786378631,0.0018012987877609004
171.5625,0.002136844567425607,0.0018941143260955138
171.57714843749997,0.0017699951403477748,0.0019569898708151788
171.591796875,0.0028532977930473564,0.001688096672838692
171.6064453125,0.004005674294113201,0.0013076630386464091
171.62109374999997,0.004240460882544852,0.0011898405562939646
171.6357421875,0.004090574546833504,0.0016954967032173586
171.650390625,0.004686286996415601,0.0022537655632392088
171.66503906249997,0.005185698029650625,0.0020230125209282704
171.6796875,0.0042915617318092306,0.002073211286047071
171.6943359375,0.0030581822027970253,0.002168107802353097
171.70898437499997,0.002032910695319319,0.0013976269216107874
171.7236328125,0.0013671920403370422,0.0011453099047774294
171.73828125,0.0009558695962226697,0.0015274893163460359
171.75292968749997,0.0018018397548943178,0.0012119050140579068
171.767578125,0.004411034245515963,0.0007832716657338942
171.7822265625,0.004867585030482246,0.0013104478284488243
171.79687499999997,0.0037960905058014856,0.001452211764885843
171.8115234375,0.0027424169997225163,0.0008827946778217527
171.826171875,0.002624943318297178,0.0010198061101191925
171.84082031249997,0.0030767634524750845,0.0014151202071819734
171.85546875,0.0028974697577055708,0.0013825692451384013
171.8701171875,0.0034202941226799542,0.0012531387833420314
171.88476562499997,0.004943078252183553,0.0019063344509509077
171.8994140625,0.0033021839674184476,0.0012612893451672896
171.9140625,0.001118225117206688,0.0006572380174434026
171.92871093749997,0.0020233675873659825,0.0009764304047788464
171.943359375,0.00356402862404233,0.0010113354588498823
171.9580078125,0.006596338700818634,0.0022591754974923724
171.97265624999997,0.0054163580960021945,0.001778842972429521
171.9873046875,0.0026653207053896066,0.0014283470579209783
172.001953125,0.0013246305162651424,0.0022885545273533424
172.01660156249997,0.0020712196279467766,0.002353893841945463
172.03125,0.002866223668187559,0.001885953376961575
172.0458984375,0.004092783918828509,0.002425281415122293
172.06054687499997,0.0055159996640602865,0.0027549974292487103
172.0751953125,0.005854163262401597,0.002487935287561101
172.08984375,0.005338492246873156,0.0022365435255610497
172.10449218749997,0.005247623588645907,0.0019873604021704632
172.119140625,0.004823636786044952,0.002022475085394461
172.1337890625,0.0029300531325389353,0.001799797807502921
172.14843749999997,0.003814143338302674,0.000892935734181859
172.1630859375,0.005943790059089428,0.0006979623206174668
172.177734375,0.006464661390593458,0.0006403610340064866
172.19238281249997,0.007454093880643321,0.0010052855753382053
172.20703125,0.006745442363745906,0.0012360637575326956
172.2216796875,0.004480807974006298,0.0009717846248780893
172.23632812499997,0.004207601437894075,0.0016568555549593949
172.2509765625,0.002973727059629266,0.0017268554762053722
172.265625,0.0012537854365079356,0.0009364938487354188
172.28027343749997,0.004199633738164028,0.0007476011339666115
172.294921875,0.004296311965045039,0.0007580356333687319
172.3095703125,0.001595149691089224,0.00030449741078215973
172.32421874999997,0.0029439708771139316,0.0004517631018297681
172.3388671875,0.007917870044508663,0.0007587752966967005
172.353515625,0.010532848190312654,0.0010300487208730388
172.36816406249997,0.009764297463398762,0.0014354136992420557
172.3828125,0.008983656327316878,0.0015895796393379455
172.3974609375,0.01128370867821075,0.0020871185682955476
172.41210937499997,0.01097237166393134,0.0029626413923487926
172.4267578125,0.006025683483846332,0.0031173339924743526
172.44140625,0.005233858641965806,0.0030507185841419913
172.45605468749997,0.00692676312974373,0.0036538699885434894
172.470703125,0.005013410222348302,0.0035003861875991422
172.4853515625,0.0013670085792311442,0.0025800577213163757
172.49999999999997,0.00285917482308244,0.0025863101945018197
172.5146484375,0.005972654053361943,0.002903579806143289
172.529296875,0.006726325241087605,0.002225936760327856
172.54394531249997,0.005711274398002006,0.0014872101868260504
172.55859375,0.0050692711033822,0.002371441122244457
172.5732421875,0.004877712798453601,0.002329636709269953
172.58789062499997,0.0030591051705588716,0.0014334885498570725
172.6025390625,0.0010628653856980573,0.002656936473329959
172.6171875,0.0013951224396451445,0.002736436395928737
172.63183593749997,0.0028292836188607198,0.0018290067559787022
172.646484375,0.0033831110602643394,0.0024010662312965044
172.6611328125,0.001894516543221742,0.0026813433413368265
172.67578124999997,0.0025826656379949833,0.0021590541246323744
172.6904296875,0.004462552176228484,0.0019201788740712642
172.705078125,0.003698704236595356,0.0028717439780299534
172.71972656249997,0.0026199425170913993,0.002770454218684962
172.734375,0.004278770058295848,0.0019012488611867995
172.7490234375,0.004149754730424832,0.0030350073308659568
172.76367187499997,0.004108062537383587,0.002827289713827481
172.7783203125,0.005694333829235956,0.002089380038567035
172.79296875,0.0053794477449736425,0.0031771336325567036
172.80761718749997,0.002492421266389424,0.0032550760968162794
172.822265625,0.0017912011476900074,0.0023472812562186206
172.8369140625,0.005024448132067166,0.0026667187966944172
172.85156249999997,0.007052179361348155,0.003207009027209935
172.8662109375,0.004966894350932346,0.003044639609110036
172.880859375,0.0010265459931913406,0.0032344907753705902
172.89550781249997,0.0031245013288175617,0.0038026280731186823
172.91015625,0.0005960253856672561,0.003567662842380973
172.9248046875,0.004128804864815788,0.003490752755448688
172.93945312499997,0.004878247942141268,0.003067225556502918
172.9541015625,0.005291026339270214,0.002348182050430758
172.96875,0.006602570067267991,0.002586503420042472
172.98339843749997,0.005422595714035209,0.002119699617339838
172.998046875,0.0029469465628994304,0.0019258926311780367
173.0126953125,0.007431946392181449,0.002957206041304832
173.02734374999997,0.008033856451479719,0.0029311194739496307
173.0419921875,0.002740815922183385,0.002822677251012284
173.056640625,0.0018182417727883643,0.0035000010309562493
173.07128906249997,0.0013957837943042268,0.003130171600938293
173.0859375,0.004316563769476154,0.002036848744675518
173.1005859375,0.005309710457237438,0.0023617557481772785
173.11523437499997,0.0031799869333336197,0.0032104363713504266
173.1298828125,0.002046439770119413,0.0027148016203328877
173.14453125,0.0032038476223037204,0.002197779524642137
173.15917968749997,0.0033712252877377935,0.0034206696331137015
173.173828125,0.0007463392624232514,0.0030085382843371834
173.1884765625,0.0036835849042548057,0.0014325165010667946
173.20312499999997,0.006214515692957924,0.0020170302083637906
173.2177734375,0.006510748687921684,0.001628823406056067
173.232421875,0.0026764359296965654,0.0005278884452471029
173.24707031249997,0.003761578892261456,0.0007409743960816752
173.26171875,0.005765683487811665,0.0002444732916440551
173.2763671875,0.003076843875025549,0.0010405654763011004
173.29101562499997,0.00561492247427832,0.0018524904605484872
173.3056640625,0.00799597879230839,0.0021879330079573214
173.3203125,0.006441848132584701,0.0024256547652646426
173.33496093749997,0.006001839754222719,0.003359809098906582
173.349609375,0.008013017697261664,0.00419374409019054
173.3642578125,0.006872249914035184,0.004574962555438791
173.37890624999997,0.003578756504231784,0.00459095916146802
173.3935546875,0.003460951351289165,0.004330710675915787
173.408203125,0.004554278347955966,0.004586461785211895
173.42285156249997,0.0040221687600393635,0.004502730212435038
173.4375,0.0048040673953270024,0.003328367348997063
173.4521484375,0.006296154667634036,0.0028591343815564147
173.46679687499997,0.004790916371397887,0.0028433524681611266
173.4814453125,0.0036413953574103573,0.0018098559555758203
173.49609375,0.0038036076391981086,0.000614241186745378
173.51074218749997,0.002342440829013847,0.0007604662167531971
173.525390625,0.003300363444131427,0.00040555174793076396
173.5400390625,0.004553608551530877,0.0007055196426218815
173.55468749999997,0.004179786442054306,0.0007268440665079464
173.5693359375,0.0033433355823165576,0.0004135590562342439
173.583984375,0.0028691555821003514,0.0007744297397201711
173.59863281249997,0.0039788630543822435,0.000914046179577293
173.61328125,0.006661320084518703,0.0021886799130737215
173.6279296875,0.00917923231980918,0.002677771522542016
173.64257812499997,0.009982870014197434,0.001946416655111885
173.6572265625,0.007343876924475002,0.0022103897297153672
173.671875,0.002359051252222951,0.0030214099306960828
173.68652343749997,0.003181009235498007,0.002087375599080581
173.701171875,0.005539676919916461,0.0012522793700500278
173.7158203125,0.0061595338172382,0.0024517003473420213
173.73046874999997,0.005595206605994625,0.0018039456404428211
173.7451171875,0.003722443252218719,0.0002999579004934259
173.759765625,0.0031493638338859022,0.0020404399106959503
173.77441406249997,0.004297196510111707,0.0025356730648020266
173.7890625,0.00292237452470976,0.0012353171033946796
173.8037109375,0.0008138310341382323,0.002216167054917866
173.81835937499997,0.0036146939947785542,0.002840786757563186
173.8330078125,0.005139330534012458,0.0015977491330817605
173.84765625,0.005062757668723535,0.0013636594894702603
173.86230468749997,0.0031658842166211276,0.0020984388272002664
173.876953125,0.0019290762172667277,0.0011813905542022627
173.8916015625,0.0051520522485720725,0.0008839863026235319
173.90624999999997,0.005250440408014852,0.0014509723385750422
173.9208984375,0.002888759484538107,0.001053425916701981
173.935546875,0.003993313737758144,0.0022551386600480174
173.95019531249997,0.0029170096271067467,0.0023976795721280947
173.96484375,0.0034034019019842715,0.002485170520458802
173.9794921875,0.006331555883450707,0.0028682343224449413
173.99414062499997,0.004989352364144158,0.0020373502461935827
174.0087890625,0.0006132850923237528,0.0016940107049119436
174.0234375,0.0027184169576569437,0.001745857354286205
174.03808593749997,0.0033228737687658913,0.0009724157425088531
174.052734375,0.0041812024425187805,0.00040471447663395147
174.0673828125,0.004852439696200696,0.0008394775182883218
174.08203124999997,0.003180861174837381,0.0003228355514849623
174.0966796875,0.0017172719195249978,0.0007857118425375614
174.111328125,0.004348456173773577,0.0010802028646127776
174.12597656249997,0.006599029201251767,0.000882879164205176
174.140625,0.007593075428047815,0.0016143036761628337
174.1552734375,0.007727103820061384,0.0022147931597539913
174.16992187499997,0.008549336382394593,0.002378187982671002
174.1845703125,0.00830636314693144,0.002643733852842
174.19921875,0.00581392648908031,0.0030649972006916775
174.21386718749997,0.004257918919857027,0.003057425890236605
174.228515625,0.003162088144551336,0.0023969681855184055
174.2431640625,0.0007609555518774439,0.0017477482475700885
174.25781249999997,0.0017548397679142212,0.0011711838082808445
174.2724609375,0.0034982672994447917,0.0008323804206368235
174.287109375,0.004450198788846583,0.0008482107633177617
174.30175781249997,0.003735884338226238,0.0009435380334306135
174.31640625,0.0018139837776253605,0.0012104148342123523
174.3310546875,0.0024316865736237806,0.00110512646960577
174.34570312499997,0.005569013645806103,0.0014343109568030893
174.3603515625,0.005620236887197733,0.0014679533125900193
174.375,0.0026785922537688497,0.0012508064349600104
174.38964843749997,0.0027684305297940464,0.001500491313320903
174.404296875,0.0053128827337665515,0.0012136680279838728
174.4189453125,0.004644437284342376,0.0009378363276856313
174.43359374999997,0.00284374640933315,0.0011191864223199968
174.4482421875,0.0035556678787315903,0.0010120433225374083
174.462890625,0.004500589562335692,0.0009025934319153784
174.47753906249997,0.004028596842065968,0.0015258684386355692
174.4921875,0.002452203413267275,0.0018705052998667974
174.5068359375,0.0029336877057727184,0.0012218699152714183
174.52148437499997,0.004072968930050147,0.0011990945369733115
174.5361328125,0.003295202254778883,0.0008358340499548362
174.55078125,0.002701786247104693,0.00031117323161423456
174.56542968749997,0.003585245532380186,0.00041048840922963144
174.580078125,0.004423202318287877,0.0005994395688504795
174.5947265625,0.0020622354819717055,0.0010722103375975201
174.60937499999997,0.0020657031186604876,0.0005119266043103453
174.6240234375,0.003281429990744983,0.0011593516579912672
174.638671875,0.0016872667717987655,0.0014843555857043259
174.65332031249997,0.003549199372673885,0.0012419644608289999
174.66796875,0.004090719535602306,0.0021208925475955957
174.6826171875,0.0030932075969535527,0.002748283593183993
174.69726562499997,0.005219915467141295,0.002461851582974393
174.7119140625,0.006472715786833692,0.0033261207618602603
174.7265625,0.0045658969934558235,0.004133349910176513
174.74121093749997,0.004206970557150626,0.003545931397594846
174.755859375,0.007086240487352831,0.0035207555058319614
174.7705078125,0.007085416908676505,0.0035000081642504364
174.78515624999997,0.0035765543466488247,0.0026966607895605866
174.7998046875,0.0007378207688429761,0.0019509546826309515
174.814453125,0.0025515028629726506,0.0015949662132823633
174.82910156249997,0.0033269663547452195,0.0011046439330989694
174.84375,0.005405882444029952,0.00022216270805701025
174.8583984375,0.006838648428948642,0.0008148111465265543
174.87304687499997,0.006623976513606707,0.0007308229609722223
174.8876953125,0.004703400277335397,0.0009123442423028743
174.90234375,0.002087481056552672,0.0011242531506765506
174.91699218749997,0.0025706857541584797,0.0006947544957218706
174.931640625,0.001715111203809068,0.0002833108508078402
174.9462890625,0.0019353891604723338,0.00036276835898667515
174.96093749999997,0.005634731347898717,0.0006927183614064008
174.9755859375,0.007081267041675355,0.0009380554206485147
174.990234375,0.005459920290416998,0.0010347154596655817
175.00488281249997,0.0030545980115398302,0.0011068282597684169
175.01953125,0.005038922664378115,0.001678449900969381
175.0341796875,0.0066182025889992,0.002295118893909742
175.04882812499997,0.005694205447071807,0.002068224890559493
175.0634765625,0.0034734903971137105,0.0022057878825921646
175.078125,0.0027265163729969406,0.0025241796861337176
175.09277343749997,0.003096938363559512,0.001789367867769334
175.107421875,0.004196115653544385,0.0016280547287444301
175.1220703125,0.004308779666781753,0.001905088210574965
175.13671874999997,0.0030637183864558686,0.0011239595613429397
175.1513671875,0.0027632431188977804,0.0011055331752865736
175.166015625,0.0021107553185555953,0.0011498046604028257
175.18066406249997,0.0009595771530779053,0.0008180739840609816
175.1953125,0.004433211577991058,0.0016333413949578257
175.2099609375,0.005523219682585444,0.001631700781806046
175.22460937499997,0.004611934232960716,0.0020084215798790517
175.2392578125,0.0032577967349771,0.002492630359848
175.25390625,0.0014453989927322628,0.002400734256106025
175.26855468749997,0.0003681443420960913,0.0023557261993894913
175.283203125,0.002102684560109587,0.0020329030900875784
175.2978515625,0.004502406395458455,0.0016366064866790361
175.31249999999997,0.0035964178541796404,0.0015395437744763745
175.3271484375,0.00027339515996275973,0.0015445681664510917
175.341796875,0.0019326586911561233,0.0013890764068719742
175.35644531249997,0.00119602726756774,0.0010123334343653315
175.37109375,0.0013557148756205859,0.0007444422593170904
175.3857421875,0.003375574253948277,0.00026053415563354667
175.40039062499997,0.003356458671584497,0.0004156461377814096
175.4150390625,0.0029009402506846357,0.000279833639179616
175.4296875,0.0040670441663514315,0.00024720345567350743
175.44433593749997,0.004330177775043977,0.0010237651683814477
175.458984375,0.0042557799839287565,0.0013999069428251767
175.4736328125,0.004477100808074478,0.000942890274410488
175.48828124999997,0.0037979652433259357,0.0017348704556141364
175.5029296875,0.0017401012211361554,0.002230401454920671
175.517578125,0.0009220883605821328,0.0014183250738750877
175.53222656249997,0.0017737326053609537,0.0016736279347404077
175.546875,0.0020024749595321145,0.002622607113637339
175.5615234375,0.0016723519531476544,0.0019764796996705504
175.57617187499997,0.0017238277125574816,0.0016306845469917525
175.5908203125,0.001424539097069759,0.002808367435755185
175.60546875,0.0024406647250305095,0.002303942815047625
175.62011718749997,0.003583851499815646,0.0014620762646045918
175.634765625,0.0023614109574126552,0.002614880921174805
175.6494140625,0.001940731075710335,0.0026952842651661417
175.66406249999997,0.004777906915752295,0.001844406304332212
175.6787109375,0.007944773820561373,0.002685167608628429
175.693359375,0.007000255829610682,0.002310058394000951
175.70800781249997,0.003397765393023349,0.0015543228166662005
175.72265625,0.002868910303802855,0.00218770669944481
175.7373046875,0.0013333845615864112,0.0015485029913337434
175.75195312499997,0.0020291813503936548,0.001669609308089492
175.7666015625,0.004444090254702962,0.00224736142091906
175.78125,0.004215800581822958,0.0021721297411951275
175.79589843749997,0.001865978892842611,0.0024637428413188094
175.810546875,0.003248489678744141,0.0032125290011529753
175.8251953125,0.0024084515497046523,0.0030618467018896037
175.83984374999997,0.0022136180061350214,0.00275465931104488
175.8544921875,0.006215862052119997,0.002970987376488823
175.869140625,0.007952944632485826,0.0027211750069379994
175.88378906249997,0.0059362405719053405,0.0021499347780777342
175.8984375,0.0036319093108967493,0.002005524959653277
175.9130859375,0.0030280719673225044,0.0020105958982416885
175.92773437499997,0.002623635175350038,0.0017535499469490288
175.9423828125,0.0028305395671051788,0.0012241020985892792
175.95703125,0.0020476161291480216,0.0007620928708203642
175.97167968749997,0.0018005104712872275,0.000634670011569091
175.986328125,0.004345931525612476,0.0005623429046241918
176.0009765625,0.006681590558029633,0.0007103988840597768
176.01562499999997,0.00655970841185196,0.0007273642290472401
176.0302734375,0.0058730162087295215,0.0006282421486047672
176.044921875,0.0073725333918521025,0.0016296228877835154
176.05957031249997,0.0076615053419886465,0.002556285813462881
176.07421875,0.005066374148287774,0.002212034563912621
176.0888671875,0.0022246234764259367,0.0022795672257097254
176.10351562499997,0.0036365401862889697,0.003243391662479569
176.1181640625,0.003058602137798028,0.0027521960108669147
176.1328125,0.003697421008027124,0.001895670477632605
176.14746093749997,0.005087805697652819,0.0028524278203432107
176.162109375,0.004645698137750761,0.00277661407820902
176.1767578125,0.005266302473147563,0.0016911202214966504
176.19140624999997,0.007296381823129544,0.00235296034103114
176.2060546875,0.007172008345328931,0.001907962752946565
176.220703125,0.00459932161394472,0.0013292784700039038
176.23535156249997,0.0031652125975631896,0.0019119793069966211
176.25,0.002745822216969576,0.0013919953925327715
176.2646484375,0.0026019810372960293,0.002100642828409475
176.27929687499997,0.0031462967689779965,0.0021090750456776823
176.2939453125,0.0050868989212866905,0.0017691173305478933
176.30859375,0.0056313532123641276,0.002360806847748119
176.32324218749997,0.004025299066895725,0.002313097053258241
176.337890625,0.002498662608330524,0.0017254404075006575
176.3525390625,0.002393592614361957,0.0021472444131631434
176.36718749999997,0.002353110445230965,0.0026589583609762926
176.3818359375,0.0014872216678089292,0.0022473953245489625
176.396484375,0.002147023924102348,0.0023204183703611496
176.41113281249997,0.003693504706892761,0.0031639789564241742
176.42578125,0.004139470101425925,0.002882470791138748
176.4404296875,0.005586032773607133,0.0024134164859634663
176.45507812499997,0.007694550422681056,0.003363940037988727
176.4697265625,0.006403853356693985,0.0036096731604381804
176.484375,0.003925906984380056,0.0027210645449527743
176.49902343749997,0.003268276858767955,0.002731846615026781
176.513671875,0.0017264885305594783,0.003116354364158274
176.5283203125,0.0035664589251739004,0.0024679698345976882
176.54296874999997,0.00687340008116258,0.0016499915733493038
176.5576171875,0.00733078254327445,0.0019092951475222465
176.572265625,0.00569940754303982,0.0012205042248461405
176.58691406249997,0.004826301559012559,0.00011933831696685088
176.6015625,0.0049620848493927725,0.0005813506315914884
176.6162109375,0.004203015516558542,0.000296133964409066
176.63085937499997,0.002807900745049205,0.0006828627964139754
176.6455078125,0.0020229076277664773,0.0010097045692868702
176.66015625,0.0020824986982872313,0.00035326012243536826
176.67480468749997,0.002914153977497033,0.000609000988666429
176.689453125,0.004842235602989677,0.0006159818642335793
176.7041015625,0.006775017804020605,0.0005397723781669774
176.71874999999997,0.006544685161395201,0.000676396438937518
176.7333984375,0.004140134334235799,0.000632684208545948
176.748046875,0.0013041103164768086,0.0014376151816100397
176.76269531249997,0.0009035578389527686,0.0015926652004044227
176.77734375,0.00181159322220484,0.0013285285760292035
176.7919921875,0.002010028847803446,0.0016508378137610536
176.80664062499997,0.0023529918484282318,0.0015145492796489325
176.8212890625,0.0022097225605646653,0.0007995437918691747
176.8359375,0.001461965085460494,0.0007616443109162507
176.85058593749997,0.00017777876583055776,0.0009308399626283509
176.865234375,0.00045610762099563185,0.0009291190097332337
176.8798828125,0.001582658247800174,0.0008506817251943975
176.89453124999997,0.005026276803024599,0.0014087883635525952
176.9091796875,0.007036825431738976,0.0012808439480329606
176.923828125,0.006473862284475496,0.0007517936430837178
176.93847656249997,0.004465294383704882,0.0006581697119158861
176.953125,0.0018119778841770193,0.0005693698674417983
176.9677734375,0.0027752729809288473,0.0007543426645392295
176.98242187499997,0.004917826087487082,0.0009231713279117223
176.9970703125,0.004058062832468636,0.0012758213283165843
177.01171875,0.00081299985789666,0.0013255882838544637
177.02636718749997,0.002814192135176608,0.0012199394926104771
177.041015625,0.0047127142177999445,0.0013557822289724916
177.0556640625,0.004012607799331275,0.001148655195102593
177.07031249999997,0.0020515730074891366,0.0011466241286246087
177.0849609375,0.0012751499483999703,0.0012697531118617239
177.099609375,0.0028317564215763298,0.0011068413169340074
177.11425781249997,0.004377312486599721,0.00145371649623047
177.12890625,0.0029100046277108953,0.002159572724334635
177.1435546875,0.001228190302806663,0.002296325173945867
177.15820312499997,0.0032971484272864434,0.0024640684011342433
177.1728515625,0.001549962762496668,0.0028416346488081322
177.1875,0.001461112480412582,0.002634751910544077
177.20214843749997,0.0023177050849017035,0.0019233870476192223
177.216796875,0.0026180154587305045,0.00172790825643141
177.2314453125,0.0049891128070555235,0.0017147986799285787
177.24609374999997,0.007294638158526266,0.0011663238089551582
177.2607421875,0.007695117515969519,0.0006894489643773382
177.275390625,0.006793067533645483,0.0015396133085772644
177.29003906249997,0.006178406101576302,0.0015499476620541605
177.3046875,0.00496611399624393,0.0006111902918786264
177.3193359375,0.0017708345423871183,0.0012566724019687505
177.33398437499997,0.0019026576991748405,0.0014174394735410709
177.3486328125,0.003728195184940617,0.0004397582287144218
177.36328125,0.005209302438574442,0.0012522210305797772
177.37792968749997,0.00580235284523557,0.0014277470299116858
177.392578125,0.006047408573015736,0.0003105849862493412
177.4072265625,0.0063494414863170204,0.001491182737646853
177.42187499999997,0.006229703689663912,0.0015557175861733708
177.4365234375,0.0058049961210839,0.00034810330515565356
177.451171875,0.004005157414767818,0.0010719104127610304
177.46582031249997,0.0016692903882105153,0.001544919318129563
177.48046875,0.0009202517012468083,0.0013669357926663264
177.4951171875,0.003160798398860315,0.000952923715077586
177.50976562499997,0.004852233797995628,0.0022331986532583394
177.5244140625,0.005940943205208705,0.002793956377205818
177.5390625,0.005735098666904145,0.0021775851690274605
177.55371093749997,0.0037528434446754727,0.002531086799061988
177.568359375,0.0019097256761278388,0.0027676419897073694
177.5830078125,0.0019754923686158663,0.002112660267503412
177.59765624999997,0.0031830515962542835,0.0018570985947182802
177.6123046875,0.0039642175322801895,0.0014775871041657596
177.626953125,0.0045548198650407845,0.0008854843204379277
177.64160156249997,0.004791007438685648,0.0007335835332950452
177.65625,0.00396244331906391,0.0004419699055978734
177.6708984375,0.004139697473543708,0.00018806737590842517
177.68554687499997,0.005369362747496897,0.0006321389877958614
177.7001953125,0.005263524871861663,0.0005277844582851815
177.71484375,0.005323260034968261,0.001213723540302406
177.72949218749997,0.006530730335157887,0.00169013550292698
177.744140625,0.005988686678415684,0.0013310044525829193
177.7587890625,0.0041163948607583585,0.0014457347421851607
177.77343749999997,0.005096602837650399,0.0020377239556087336
177.7880859375,0.004401150272920348,0.001644240847532111
177.802734375,0.0015519191161054637,0.0013585094705435253
177.81738281249997,0.004041590990262793,0.002173399568009299
177.83203125,0.003717046588190227,0.0017714858926785877
177.8466796875,0.0007469885384080255,0.0013367121977466531
177.86132812499997,0.002829158451247625,0.0021105818231192757
177.8759765625,0.003706573572681514,0.0017304553191461551
177.890625,0.004101679666655101,0.0008308846629814958
177.90527343749997,0.008168344942810216,0.0012312962905362138
177.919921875,0.010206917703790192,0.001893358763658736
177.9345703125,0.009983006171165367,0.0019796772220807253
177.94921874999997,0.007916601457485871,0.002105113666239836
177.9638671875,0.006648095205670235,0.002896531677750195
177.978515625,0.008216635856924703,0.0030213002947088877
177.99316406249997,0.00720033322339695,0.00303012735508908
178.0078125,0.006083673666601437,0.0033098351106098504
178.0224609375,0.008523314403035201,0.0033581091842037254
178.03710937499997,0.009186852439828766,0.003625128127062903
178.0517578125,0.007946323577446351,0.0035118746235114273
178.06640625,0.0055049540283384065,0.0034320963226924235
178.08105468749997,0.0027803842985557035,0.0034599077949700133
178.095703125,0.0007109761386067621,0.0025521972091756013
178.1103515625,0.0011992120651347765,0.0019071371583797509
178.12499999999997,0.001943079274811967,0.0014278439123021765
178.1396484375,0.0034145315773976615,0.00044492801645131994
178.154296875,0.0048276743732067065,0.0008085673349308218
178.16894531249997,0.0055081446620176815,0.0011862379335004984
178.18359375,0.006411565258332946,0.0013905231291180874
178.1982421875,0.007751496757475304,0.0016214492690630588
178.21289062499997,0.008643283938974112,0.0018715249585480106
178.2275390625,0.00803335145994956,0.0015885506527144055
178.2421875,0.005834554570628026,0.0011049188316202244
178.25683593749997,0.003250354236856361,0.0014274914700148486
178.271484375,0.0032289151683978353,0.002719932342830758
178.2861328125,0.00478122572432912,0.003175775410355792
178.30078124999997,0.005222869799738093,0.002562498221664606
178.3154296875,0.005277472808491289,0.0028988903282280596
178.330078125,0.0054694855217262755,0.0033726890312180766
178.34472656249997,0.00587858869851303,0.0027409749363949128
178.359375,0.004750411425042082,0.002009966823784776
178.3740234375,0.0022383530026454726,0.0023117743193033237
178.38867187499997,0.0017302041351633039,0.0021211913019909177
178.4033203125,0.0016791866678698844,0.0012327500227989733
178.41796875,0.0023772544928679458,0.0014560716896040342
178.43261718749997,0.001401794439161536,0.001954197332119914
178.447265625,0.0015498648683642479,0.0018560968512707427
178.4619140625,0.002117534814944748,0.002358898723683651
178.47656249999997,0.001987417108850847,0.002607982872597753
178.4912109375,0.0006583524422474193,0.00213925496188117
178.505859375,0.003247272893104277,0.0019232683432195295
178.52050781249997,0.005161787520753679,0.0027091288460828152
178.53515625,0.006936209723626234,0.0038159325305535006
178.5498046875,0.006892769916979633,0.004005468758557075
178.56445312499997,0.0036870075465800472,0.003696254203555544
178.5791015625,0.004754789145151724,0.003727053657391329
178.59375,0.006448528901723614,0.003240658256641951
178.60839843749997,0.005150895239190589,0.0021226862051915664
178.623046875,0.002952494766727769,0.0012986414593107222
178.6376953125,0.0010455193221380224,0.0010393854762232213
178.65234374999997,0.0043204844260121816,0.0007617198953197334
178.6669921875,0.005753614377834886,0.0013429650039542755
178.681640625,0.005154979090725103,0.0023694102048195075
178.69628906249997,0.004126922341713315,0.002573860047256297
178.7109375,0.005655571419299662,0.0025167309651877266
178.7255859375,0.007467590711173893,0.003151989332147283
178.74023437499997,0.0070222227491306,0.0029876517287692793
178.7548828125,0.004954255031527276,0.0020068913061940786
178.76953125,0.0030190902374740342,0.0019303004825562801
178.78417968749997,0.004133533510210132,0.0024715143414947892
178.798828125,0.004662620898754027,0.0021077040007834507
178.8134765625,0.0024940783445781163,0.001378432327384132
178.82812499999997,0.0009146603090169464,0.0013409056614197047
178.8427734375,0.0024993172482597405,0.0007842894382432403
178.857421875,0.0028952810723323766,0.000722656065972767
178.87207031249997,0.002123426588926193,0.0009631133427583386
178.88671875,0.0005135320318502612,0.0011870223596418868
178.9013671875,0.004265492347770071,0.0011421863627876058
178.91601562499997,0.006248572814188615,0.0008141289385627903
178.9306640625,0.0046743931480923324,0.0011741568352764676
178.9453125,0.001988596358652828,0.0016887489116145103
178.95996093749997,0.002791391135106271,0.00144106602805298
178.974609375,0.0020603549967437075,0.0009628145868776372
178.9892578125,0.002098356640851479,0.001591138474821029
179.00390624999997,0.0014986336151559135,0.0015564493085201171
179.0185546875,0.002320070737278569,0.0005883423984362107
179.033203125,0.004294144297574004,8.88981318871541e-05
179.04785156249997,0.0034050601302897422,0.0005531843764273349
179.0625,0.0018745664060796409,0.0017053823933827618
179.0771484375,0.0010809826057607023,0.002164656195372889
179.09179687499997,0.0017509962086508,0.002184947779869826
179.1064453125,0.0037161859290283216,0.0021221487058143023
179.12109375,0.0030129301711860064,0.0019676909757560023
179.13574218749997,0.0011289711629465864,0.0019699715187016928
179.150390625,0.001905161280117554,0.001980457941838915
179.1650390625,0.002000785469017114,0.001808740716186632
179.17968749999997,0.0011870784301316957,0.0017694869616404943
179.1943359375,0.00398147582006005,0.001795588707603143
179.208984375,0.005326628113756162,0.0012012584959925085
179.22363281249997,0.003501492052960687,0.0006655994294949064
179.23828125,0.0008911122511381911,0.0011120821479767334
179.2529296875,0.002348632543932202,0.0007259729333859966
179.26757812499997,0.004122242699229226,0.0013594336719297579
179.2822265625,0.005560280120575035,0.0016946878580057388
179.296875,0.005834491289572188,0.001267739969853558
179.31152343749997,0.004767248053256225,0.0012833816385764162
179.326171875,0.0035698995761368063,0.0017887029484964974
179.3408203125,0.0025151204672474513,0.001941112723745296
179.35546874999997,0.0014262828367645702,0.0015284815339931372
179.3701171875,0.0034618658578209932,0.0009935174356271346
179.384765625,0.0044144357996875085,0.001129328280895751
179.39941406249997,0.003996637185678325,0.001303754601717216
179.4140625,0.0028264944302359343,0.0006645874669058507
179.4287109375,0.0031231962343953347,0.0002668210798450414
179.44335937499997,0.005040294952866831,0.00024300058144945016
179.4580078125,0.0057385409538106115,0.0009449812370387192
179.47265625,0.005455710772966835,0.0016212369096282888
179.48730468749997,0.0032571617394850155,0.0016072844568096236
179.501953125,0.00622320301270746,0.0014350429663189017
179.5166015625,0.009618740129471174,0.0017917685425254278
179.53124999999997,0.008748446145274313,0.0023428471997792924
179.5458984375,0.0047662306816916335,0.0018336834731706446
179.560546875,0.002002536707418786,0.0013113214011364093
179.57519531249997,0.0020301606831089566,0.0018436820477698314
179.58984375,0.002165608939437236,0.0009662202514817263
179.6044921875,0.0019929880698952014,0.0005109316157540138
179.61914062499997,0.0005741832498443314,0.001067134719697763
179.6337890625,0.0020296253101758904,0.0003021797221158966
179.6484375,0.003081246806779038,0.000991742313437769
179.66308593749997,0.0022669907784055136,0.001213337085164381
179.677734375,0.0031653906646192664,0.0006378313068857615
179.6923828125,0.004752588366370571,0.0016070868217940818
179.70703124999997,0.0032735343558476598,0.0013791709446545934
179.7216796875,0.0007533830031019277,0.0008848131330753406
179.736328125,0.003227563905584008,0.0013083671294183143
179.75097656249997,0.003913859045225053,0.0010580895687262585
179.765625,0.004130363247397896,0.0005022164230890191
179.7802734375,0.005160153410116335,0.001042911963205387
179.79492187499997,0.005469471796875328,0.0012148878129411992
179.8095703125,0.0047569254124129635,0.0008818652310250916
179.82421875,0.004296041358789688,0.0015928827510278312
179.83886718749997,0.004002232557011668,0.0017052906913833125
179.853515625,0.0022613114129792053,0.000957882813873508
179.8681640625,0.004484289351789968,0.0012777973962321343
179.88281249999997,0.005868090891413569,0.0012319513188594209
179.8974609375,0.0037060956993622144,0.00015160812855642957
179.912109375,0.00373576787939731,0.0012187303694140663
179.92675781249997,0.0036229102243406615,0.0009384097246342638
179.94140625,0.0026892620455312025,0.00105997374491687
179.9560546875,0.0030032683224241884,0.001619904857383462
179.97070312499997,0.003149211589554919,0.0011552923281185525
179.9853515625,0.0037518151291890353,0.000534950881412578
180.0,0.004697939275961302,0.0007329453284587514
180.01464843749997,0.005126190946230939,0.0017796405647450032
180.02929687499997,0.00391144696260952,0.0027104126651327476
180.0439453125,0.0022845128242311883,0.0028922711484510575
180.05859374999997,0.003232243617106088,0.002852202573211832
180.07324218749997,0.00433902314224408,0.0032963685436703275
180.087890625,0.0047196158839058104,0.0030903056798486954
180.10253906249997,0.004261171629145254,0.002085882373097736
180.11718749999997,0.0029342576539719348,0.0019987448108393035
180.1318359375,0.0032276412480097307,0.0022193299108904303
180.14648437499997,0.004869438315494122,0.0014308126465041868
180.16113281249997,0.0051795398463164955,0.001002181444264136
180.17578125,0.004379543262146538,0.0014305327632997593
180.19042968749997,0.003445271433656937,0.0013537522911607161
180.20507812499997,0.00251172879027969,0.0009908643245747622
180.2197265625,0.004233955875209318,0.0017643096715306973
180.23437499999997,0.003412877272291867,0.001779486867151171
180.24902343749997,0.0031430151626641043,0.0007464861031878287
180.263671875,0.004471472216267911,0.0009224659080528779
180.27832031249997,0.002933569661287772,0.001851425295896549
180.29296874999997,0.002735209771926407,0.0018769551498943075
180.3076171875,0.002038532474142809,0.0009959753125597295
180.32226562499997,0.0022579213945350335,0.001728617560613175
180.33691406249997,0.0021983548058456836,0.0018275811773592419
180.3515625,0.0022466964217897024,0.0009304054004179363
180.36621093749997,0.004286508408638119,0.000785971007880244
180.38085937499997,0.006855198529559037,0.0011841652652963728
180.3955078125,0.006714990825127719,0.0006855980778092707
180.41015624999997,0.004923186170839107,0.000707636090750392
180.42480468749997,0.0051877637057209545,0.0006066106679450609
180.439453125,0.006831205416711032,0.0011504474527339122
180.45410156249997,0.0060971511014196525,0.0015395481412191268
180.46874999999997,0.002452922553011091,0.0009229354958927774
180.4833984375,0.0019120071748146628,0.0007653699176771586
180.49804687499997,0.003744634476359509,0.0016609704225113747
180.51269531249997,0.004952366585031644,0.0023675696176213602
180.52734375,0.002998255661202722,0.0018653126187115222
180.54199218749997,0.005546723260433651,0.0016145215750116612
180.55664062499997,0.008821048233624737,0.0021464431846133763
180.5712890625,0.008514473299021661,0.002362333835414296
180.58593749999997,0.0067362279455093705,0.002306941205000003
180.60058593749997,0.0030691939126105136,0.002649058331727058
180.615234375,0.006148702972452979,0.004275858891875294
180.62988281249997,0.0083870424361988,0.0037946740178626233
180.64453124999997,0.006048269980134313,0.0023149999395358487
180.6591796875,0.004659096817237994,0.002454934992179313
180.67382812499997,0.004592777288717874,0.0023161990987085545
180.68847656249997,0.002530728513176073,0.0015610213437675356
180.703125,0.002750378701247016,0.001026161483550598
180.71777343749997,0.005695978850827636,0.0009007010434396624
180.73242187499997,0.004824149835621128,0.00046126895684964116
180.7470703125,0.001273725428878867,0.0005188818716447989
180.76171874999997,0.003565624116182816,0.001327175313878246
180.77636718749997,0.00399994332062568,0.0013929261706632477
180.791015625,0.002638547546455618,0.0011259101370516946
180.80566406249997,0.003378814142174207,0.0012956083862163301
180.82031249999997,0.004573215987182396,0.0008933666601755118
180.8349609375,0.0026123302805572853,0.00029739774254506826
180.84960937499997,0.0020122785372488103,0.0005372673899925935
180.86425781249997,0.005333025197072757,0.0003006900443397183
180.87890625,0.006489867277430578,0.0012517589345013025
180.89355468749997,0.007270361040864403,0.0016333782212366167
180.90820312499997,0.008273044703660302,0.0006470070221213955
180.9228515625,0.009279293599583816,0.0015230318497847172
180.93749999999997,0.008780413393308881,0.00201940849684511
180.95214843749997,0.0059246508127783525,0.0007399159080560979
180.966796875,0.0025675213631426138,0.0008215461217366473
180.98144531249997,0.0019228055837863561,0.0018194961638306865
180.99609374999997,0.0020150845087401835,0.0019279144029504445
181.0107421875,0.001236172782713973,0.000778385264495436
181.02539062499997,0.004053132372515017,0.0017929855526219894
181.04003906249997,0.005486779506965269,0.0023431801937323295
181.0546875,0.0035073648437180167,0.0011536205642571535
181.06933593749997,0.001429304442097244,0.0007741253671498008
181.08398437499997,0.002304262754304991,0.0012915588149838995
181.0986328125,0.002129306504144973,0.00041173319465136876
181.11328124999997,0.002036183125171599,0.0008509568830153986
181.12792968749997,0.0010655960664374899,0.0009222684906632489
181.142578125,0.0012980826212025335,0.0009303836804983995
181.15722656249997,0.0030802610631162344,0.0011433730179652205
181.17187499999997,0.0022268402214941176,0.0014728684419265464
181.1865234375,0.0005243352761027406,0.0019055817855010498
181.20117187499997,0.0012534247783098059,0.0014694180574076076
181.21582031249997,0.0027928665734362726,0.0010056345739851151
181.23046875,0.005128269745310578,0.001822669483828539
181.24511718749997,0.0039053108537649615,0.001892687604300486
181.25976562499997,0.00405363471631866,0.0009795657573048175
181.2744140625,0.006401401794024705,0.0010457791269336198
181.28906249999997,0.004927814645768847,0.001410977776546633
181.30371093749997,0.000542610739132591,0.0004221240636018271
181.318359375,0.004649783211755317,0.0009256681576642541
181.33300781249997,0.006534824103048022,0.001360137336907543
181.34765624999997,0.002811823334285256,0.0011175315181260219
181.3623046875,0.0041060679554949875,0.0017857444437801588
181.37695312499997,0.007637615297038878,0.001993325767426984
181.39160156249997,0.005242703032868717,0.0010663599072189374
181.40625,0.0018371821426336832,0.0006655354285600744
181.42089843749997,0.0032173860862936,0.0010395192038255411
181.43554687499997,0.0018664865776185846,0.0006237029361118331
181.4501953125,0.0021101769622591496,0.0007757744250127153
181.46484374999997,0.004123998500929086,0.0005208637557327683
181.47949218749997,0.004996078877886382,0.00038514671738312394
181.494140625,0.005978251752400937,0.0006744382035175397
181.50878906249997,0.004242693830976969,0.0006003773969700547
181.52343749999997,0.005529126628163437,0.0008419445484827517
181.5380859375,0.00714216914954638,0.000819882589244325
181.55273437499997,0.004198017444087451,0.00101391946025312
181.56738281249997,0.0027480716662846806,0.00126449713061517
181.58203125,0.0057904908945273425,0.0014958266079653077
181.59667968749997,0.006035656878221788,0.0013577003573152302
181.61132812499997,0.005458233144914989,0.0011722098270449048
181.6259765625,0.008328099889264678,0.0015573111756087533
181.64062499999997,0.009567332093416033,0.0013069687907964291
181.65527343749997,0.006097874242377864,0.0007833982806265506
181.669921875,0.0033491191132380416,0.00120627723161754
181.68457031249997,0.004449810603847345,0.0011261505246077021
181.69921874999997,0.005534773024369453,0.0013206200416156087
181.7138671875,0.006214698911623773,0.001757841511151048
181.72851562499997,0.005487949882803892,0.0021130698374760212
181.74316406249997,0.004271761064770511,0.002607989424288985
181.7578125,0.004763878536023859,0.0027664363023357616
181.77246093749997,0.005187833052763742,0.002842646047674666
181.78710937499997,0.0029600738786127005,0.0029300889736875845
181.8017578125,0.0014205474264625572,0.0021714806086761693
181.81640624999997,0.0024504473118615467,0.0014383568135307998
181.83105468749997,0.002230888686981801,0.0018209685347990946
181.845703125,0.002724604502625608,0.0021213985719646515
181.86035156249997,0.00401122245454897,0.001552069794367605
181.87499999999997,0.003794203764960846,0.0018472405588022293
181.8896484375,0.0005746548626408586,0.001863869578505116
181.90429687499997,0.0032465857449622826,0.0011985511044548525
181.91894531249997,0.004383296301204165,0.001861790112824317
181.93359375,0.00334155378017001,0.0017565995509697856
181.94824218749997,0.0021348139357260246,0.0019261410375471198
181.96289062499997,0.001552073567144574,0.0020033074067921856
181.9775390625,0.0007693213862797227,0.0014405052302650246
181.99218749999997,0.0017536596508911885,0.000976759010569297
182.00683593749997,0.0047390574806926685,0.0007425436971108275
182.021484375,0.005557269729373764,0.0009416462159943822
182.03613281249997,0.0032612367621288694,0.0010206989485502481
182.05078124999997,0.0005904180518509705,0.0009647986820426768
182.0654296875,0.0025340836793907888,0.000791371886665444
182.08007812499997,0.0025439006702148615,0.000215424738447178
182.09472656249997,0.0023742029565827203,0.0003343545007331248
182.109375,0.003550039271253877,0.0003772362784760887
182.12402343749997,0.005464242350834609,0.0007642868824446873
182.13867187499997,0.0072777292436583515,0.0012736382723438136
182.1533203125,0.006400734598452316,0.0011096764063352417
182.16796874999997,0.003940750194699137,0.0010560741953913719
182.18261718749997,0.0028243810132252242,0.0013517463946947279
182.197265625,0.0025460833836363985,0.0009885402288235838
182.21191406249997,0.001191175686956199,0.0005719964574422531
182.22656249999997,0.0015821457657965593,0.0006227240779669872
182.2412109375,0.00031542746071632367,0.0008650135316695126
182.25585937499997,0.0033633637594305795,0.0008204692212348722
182.27050781249997,0.005324386605614224,0.0013432549802980555
182.28515625,0.004530382148972219,0.0014536063673351363
182.29980468749997,0.005915885738793167,0.0005928426084225841
182.31445312499997,0.0075206105486721,0.0008311432332053392
182.3291015625,0.007920438634306805,0.0009964661129470088
182.34374999999997,0.008428934822035996,0.0005278377724925851
182.35839843749997,0.007530326767417003,0.00038732444504312977
182.373046875,0.005127199698523466,0.0005363794189338565
182.38769531249997,0.0037423099924603605,0.00041420153987979983
182.40234374999997,0.0034429577998420515,0.001034952660405485
182.4169921875,0.002361179962749835,0.0008111318889118393
182.43164062499997,0.0015290934238391088,0.00039076995498418435
182.44628906249997,0.0020449742611131734,0.001470670718565536
182.4609375,0.003130596289090198,0.0021646789553362807
182.47558593749997,0.003311564113182808,0.00191182549058835
182.49023437499997,0.004337154048441983,0.0026968141928762762
182.5048828125,0.004593813176532985,0.003027646862637024
182.51953124999997,0.006476850835580835,0.002640907336353709
182.53417968749997,0.009317383145452694,0.003088835032364796
182.548828125,0.008234353982039979,0.0027500294935120808
182.56347656249997,0.005817792226441972,0.0024060468728881114
182.57812499999997,0.005076754310962537,0.002452792732286648
182.5927734375,0.004826726253103068,0.0016355642341144673
182.60742187499997,0.003133189206835651,0.001586134135309045
182.62207031249997,0.0018404791400815767,0.0020930346307243496
182.63671875,0.0044021399069679055,0.0016290146561701128
182.65136718749997,0.00512875931370681,0.0015242822067867501
182.66601562499997,0.0038231981101760257,0.002092777968113716
182.6806640625,0.001302886039998124,0.001399589366874498
182.69531249999997,0.0021511380753195214,0.0010480086261360688
182.70996093749997,0.005021851381912083,0.0015104538737166612
182.724609375,0.0063438454607398845,0.0008417088827392541
182.73925781249997,0.006681176642601586,0.0006233419832404774
182.75390624999997,0.006312349985547779,0.0013476061736657622
182.7685546875,0.002910099257790763,0.0013292292531715802
182.78320312499997,0.0021048659957783027,0.0010350200189090902
182.79785156249997,0.004099816303844403,0.002038042966063355
182.8125,0.003380083977878253,0.0023363882701270713
182.82714843749997,0.003559293833025772,0.0019594473715430333
182.84179687499997,0.00432166408587793,0.0026805192797411705
182.8564453125,0.004567870250646532,0.003166075564812946
182.87109374999997,0.007055588038105928,0.002815437049220927
182.88574218749997,0.007969226302253083,0.0029924215819634907
182.900390625,0.007180759624251776,0.0027689692934134203
182.91503906249997,0.007399275933833337,0.0017937132009463717
182.92968749999997,0.006817276170823866,0.0011671699497725154
182.9443359375,0.005399073984888278,0.000927374596835707
182.95898437499997,0.004521633162768642,0.0012303848217064474
182.97363281249997,0.004094365913941604,0.0012302733415111514
182.98828125,0.0050890938532623,0.0012957405150744374
183.00292968749997,0.005819597098089542,0.0013285770291632
183.01757812499997,0.004279458181926457,0.0008255987749618316
183.0322265625,0.00441105923272469,0.0002822255970975763
183.04687499999997,0.006124829539592113,0.0007396521715887735
183.06152343749997,0.006305085070532121,0.00039114851053520983
183.076171875,0.0056797036746818776,0.0010019830754509304
183.09082031249997,0.0052666467924393345,0.0013683378757546494
183.10546874999997,0.0055706672729556785,0.0007827340186201001
183.1201171875,0.0046772107203129154,0.0018888888313343777
183.13476562499997,0.0014019591000966232,0.0015961331283125726
183.14941406249997,0.0027234126139427145,0.00038066854786083403
183.1640625,0.004925608598763211,0.001257543541730996
183.17871093749997,0.0037901341995139736,0.001360539335173528
183.19335937499997,0.0007435062222645131,0.00010838323455915036
183.2080078125,0.0013760010715712914,0.0009565096809820594
183.22265624999997,0.0019867685602625177,0.00064596541577579
183.23730468749997,0.0017339479121793754,0.001048313464584647
183.251953125,0.002592302235432449,0.001795116954867729
183.26660156249997,0.006307693175011313,0.0019107606048266745
183.28124999999997,0.008469699267083705,0.002004661946796586
183.2958984375,0.008247297232315716,0.002223127271131166
183.31054687499997,0.0071682066659106295,0.002528161869730139
183.32519531249997,0.005580483896431954,0.002051306478751289
183.33984375,0.004162922617714675,0.0012967553064901455
183.35449218749997,0.0030636330028752,0.0015030626989306062
183.36914062499997,0.001760292194778236,0.001165240138044211
183.3837890625,0.0022033737269450014,0.0011723236129767445
183.39843749999997,0.001198934843611256,0.0009051642730584301
183.41308593749997,0.00011759245942047219,0.00212753985423157
183.427734375,0.0005007610035503641,0.0029445363998834235
183.44238281249997,0.0017422181304692906,0.0025500340222100537
183.45703124999997,0.0024335115785366953,0.00263615838585698
183.4716796875,0.0024580904961451146,0.003798762664066931
183.48632812499997,0.002807523999283037,0.004219449805991032
183.50097656249997,0.0033901440198699493,0.003313949244904358
183.515625,0.003704030819234674,0.003239277705847235
183.53027343749997,0.0025288806255746228,0.0038887073005353717
183.54492187499997,0.00367084421495074,0.0033425228920495884
183.5595703125,0.0044108165555236615,0.0024933574158467354
183.57421874999997,0.0055638214545266325,0.0036175969792620237
183.58886718749997,0.00946268426656809,0.003998758494949042
183.603515625,0.010234224185049703,0.002475897223289934
183.61816406249997,0.0077188477113278794,0.0022934851488690786
183.63281249999997,0.006883089198674384,0.0027658228127336905
183.6474609375,0.007480547531025236,0.0015021276121054692
183.66210937499997,0.005576969821083682,0.0012954313651477747
183.67675781249997,0.0026765885854535742,0.0028266641752134896
183.69140625,0.0038919024946042916,0.002183207647736968
183.70605468749997,0.005034826777721948,0.002046649690480256
183.72070312499997,0.005685150308437299,0.0035708320024968095
183.7353515625,0.006844100077790054,0.002713332071614474
183.74999999999997,0.007520626754105708,0.0017376437714649781
183.76464843749997,0.006813231570518402,0.0027070052311666992
183.779296875,0.005135759753654933,0.001974963903419996
183.79394531249997,0.003334530740581515,0.0005181856658008444
183.80859374999997,0.0014934493378707273,0.000990211345033272
183.8232421875,0.0015169859785494203,0.0013262969958424463
183.83789062499997,0.001792822522025764,0.001075398460294013
183.85253906249997,0.0006448948115640904,0.0011631327494663521
183.8671875,0.0023275342662353884,0.0013379209594826724
183.88183593749997,0.0020102955075897134,0.0016972083797353013
183.89648437499997,0.001027368537787888,0.0020976267942703084
183.9111328125,0.003027410305770246,0.0018138520823291731
183.92578124999997,0.005810058109614254,0.0026030110585058127
183.94042968749997,0.007600786656226973,0.0029867398985836966
183.955078125,0.007229234330213967,0.002093121266879013
183.96972656249997,0.006268822364797563,0.002311112253244949
183.98437499999997,0.004909127012856011,0.002694369858359105
183.9990234375,0.003553207716037151,0.002007734375043113
184.01367187499997,0.0037602075778051082,0.0015026239825156444
184.02832031249997,0.004913788204898295,0.0020570393315182483
184.04296875,0.005616703196437146,0.0022271776353185546
184.05761718749997,0.00408351470440714,0.001668009582501174
184.07226562499997,0.001975410497798919,0.001640873651801035
184.0869140625,0.0028214851056664976,0.002259942332081174
184.10156249999997,0.005974208188262671,0.0020049096718733794
184.11621093749997,0.011102025601453616,0.0019173810836718326
184.130859375,0.012874865933755034,0.0028531690337908777
184.14550781249997,0.010051332640299927,0.0025712094159376134
184.16015624999997,0.007320069770043492,0.00208389784389094
184.1748046875,0.006331216142247178,0.002364081787125724
184.18945312499997,0.004364399508133606,0.0017614972291647504
184.20410156249997,0.003636312242717831,0.0008720200935064193
184.21875,0.0052619588845327905,0.0007887626635137571
184.23339843749997,0.0052436713806936625,0.000429412317720578
184.24804687499997,0.0025204829382701943,0.00039768673252659745
184.2626953125,0.002795220845818739,0.0010581140789039994
184.27734374999997,0.0035185483474942303,0.0008390824962697047
184.29199218749997,0.002834247648833121,0.000567830902694804
184.306640625,0.0024246957736865117,0.0007406258413364607
184.32128906249997,0.002740581439026242,0.0006164001504167889
184.33593749999997,0.004580163288172495,0.001005913685064541
184.3505859375,0.0060343549740930905,0.0005753545208640701
184.36523437499997,0.0054889085620101405,0.00126002475174306
184.37988281249997,0.005207402597682092,0.0018224840511154704
184.39453125,0.005748376534823982,0.001648383139994106
184.40917968749997,0.0063054736326550054,0.0016710770877665828
184.42382812499997,0.004800996163877318,0.00168987297052233
184.4384765625,0.0021741690315107065,0.00158568919653945
184.45312499999997,0.004011046801366318,0.0010994258837596755
184.46777343749997,0.007963887605489803,0.0005574604335562444
184.482421875,0.010284224920166849,0.0007208529288144783
184.49707031249997,0.007136046324937217,0.0021743465706413594
184.51171874999997,0.0005271228218001783,0.0025563917364568763
184.5263671875,0.004520673550253158,0.001721265003115068
184.54101562499997,0.004921699540590647,0.0026208610423684945
184.55566406249997,0.003222880944890773,0.0020950116578649547
184.5703125,0.0022437711103863263,0.0007797856534651889
184.58496093749997,0.0014781746580875088,0.0015220750720826202
184.59960937499997,0.0018437504133799474,0.0010042126550443193
184.6142578125,0.0026376599696945804,0.00024216136803969888
184.62890624999997,0.004044371639423301,0.0008261113347170236
184.64355468749997,0.003953342489325624,0.0006217772983281712
184.658203125,0.0019071967091727196,0.00018169362290032672
184.67285156249997,0.0015955425074606685,0.0003703481964777164
184.68749999999997,0.004560564544098028,0.000649442696935547
184.7021484375,0.0035408028640116387,0.00044553976985394156
184.71679687499997,0.0028678651087947005,0.00018993914003311393
184.73144531249997,0.008610827209486522,0.00016094768678074945
184.74609375,0.007869031456858997,0.0005901199185854535
184.76074218749997,0.004459993588483998,0.0004017284225365742
184.77539062499997,0.00607950742053584,0.0005414356056357938
184.7900390625,0.007613260532594212,0.0007224443383556763
184.80468749999997,0.0072013927088070626,0.00011162899197735545
184.81933593749997,0.005037256786947764,0.0008859837252592591
184.833984375,0.0037975219436996045,0.0009965944100600596
184.84863281249997,0.0041989773221782125,0.000574696410208463
184.86328124999997,0.0024345199595718066,0.0012054213899244416
184.8779296875,0.0018554594423041422,0.0014142249115347346
184.89257812499997,0.004379143574497269,0.0011054304967109854
184.90722656249997,0.005271392266358332,0.001437560237889295
184.921875,0.0049335401763154554,0.0012212613922982164
184.93652343749997,0.006663311900262432,0.0012708219846153215
184.95117187499997,0.00925933020211317,0.002203136100902644
184.9658203125,0.008237117231659699,0.0024769252509355727
184.98046874999997,0.0049191359837901715,0.0025480518015110003
184.99511718749997,0.006333423842693323,0.0037122407175507054
185.009765625,0.006545796580543318,0.0034857000367081244
185.02441406249997,0.006202826820663199,0.0023601618956601896
185.03906249999997,0.010708363106965905,0.0032932293000545866
185.0537109375,0.012706585657112805,0.0039775028853344194
185.06835937499997,0.010871160328066955,0.0029074717956396184
185.08300781249997,0.010142496527169701,0.002774507351380417
185.09765625,0.009818450230650973,0.003813312378621095
185.11230468749997,0.0070731698564982124,0.0031041375316697714
185.12695312499997,0.0034422341038197837,0.0017250049729842637
185.1416015625,0.0010306440982613529,0.0020081980541985186
185.15624999999997,0.0017261422981245658,0.0017801122349697066
185.17089843749997,0.0024719239772287836,0.00047475605099641505
185.185546875,0.001485138673945708,0.0008379638210370841
185.20019531249997,0.004393841580612985,0.0013863094242272808
185.21484374999997,0.007384052570744672,0.0025954459819022284
185.2294921875,0.008537722502939266,0.0037031060902938547
185.24414062499997,0.006316555210069821,0.004009774931084057
185.25878906249997,0.0036437329018289438,0.004423565848678247
185.2734375,0.004980762815853139,0.0041106730401989896
185.28808593749997,0.004103346810065608,0.003340156599859661
185.30273437499997,0.0037212720401620355,0.0037671957921545035
185.3173828125,0.006354647651391167,0.003789535520042638
185.33203124999997,0.007839781214817357,0.0025444896047275675
185.34667968749997,0.006364752132927993,0.0023063428375854054
185.361328125,0.0068458294048419745,0.003390618932549409
185.37597656249997,0.009109599275799298,0.0025572179883739956
185.39062499999997,0.008284448312847066,0.0006629893074172024
185.4052734375,0.005732469129752475,0.0004243601007891127
185.41992187499997,0.0037442759329762276,0.0013744145593128255
185.43457031249997,0.003370884244546003,0.0021747164256260025
185.44921875,0.00472946524029313,0.0022728287964654203
185.46386718749997,0.005872135660398917,0.0019213911495369288
185.47851562499997,0.0047380817398714045,0.0028073480456585307
185.4931640625,0.004719064662519793,0.0051147583892807635
185.50781249999997,0.0075170142789775405,0.005959706593581482
185.52246093749997,0.007026591926503935,0.005240956949269882
185.537109375,0.004269755185324494,0.005684271520688906
185.55175781249997,0.00380859427736106,0.005969415484951034
185.56640624999997,0.0042606907759100395,0.00425280945493536
185.5810546875,0.004127975596209322,0.002860684205642594
185.59570312499997,0.003975215427673656,0.0031198814280259408
185.61035156249997,0.001892721404366775,0.0018993018275384715
185.625,0.001970575105200514,0.001200897766411897
185.63964843749997,0.002546069047778893,0.0023954190674267896
185.65429687499997,0.0008498725813670155,0.0021684931076782258
185.6689453125,0.0014745762622646102,0.0022065221445098206
185.68359374999997,0.003737035515196096,0.0031460754200642975
185.69824218749997,0.005597167027096458,0.003491505813987778
185.712890625,0.006297583594991363,0.0033710383614714615
185.72753906249997,0.006584713278676801,0.003341255739575879
185.74218749999997,0.006292656565744242,0.0032787170830315825
185.7568359375,0.005403365038555408,0.003022581777803721
185.77148437499997,0.0043261695861291204,0.002330256389119905
185.78613281249997,0.0034201698905222642,0.001565645582846164
185.80078125,0.002851739324162468,0.0015823754185803611
185.81542968749997,0.00517832507975837,0.002369702626286122
185.83007812499997,0.005504503125878125,0.0022529704145214167
185.8447265625,0.0050986746880091844,0.0013004164801986408
185.85937499999997,0.006899724114816624,0.0010896422037874585
185.87402343749997,0.008770910531791711,0.0022826368594303
185.888671875,0.009369158883730971,0.0025498730258688164
185.90332031249997,0.008803834339464084,0.0011920462455448765
185.91796874999997,0.007629183313808119,0.0006226766056251845
185.9326171875,0.006719571851332089,0.0008709081627646919
185.94726562499997,0.007245086550602691,0.002114552651207284
185.96191406249997,0.006614432708110302,0.0022536706449316508
185.9765625,0.002179134466619165,0.0019784373205096366
185.99121093749997,0.003958429260454444,0.0027834556222051817
186.00585937499997,0.005004081069559583,0.0021758416109606796
186.0205078125,0.0015770693257612894,0.00128333954288456
186.03515624999997,0.002099118065707855,0.0016456627358793121
186.04980468749997,0.0037379126362487407,0.0014304920805749042
186.064453125,0.0020858880465842414,0.0016389729146910855
186.07910156249997,0.003724152186320072,0.002376064573076588
186.09374999999997,0.00705643066969722,0.0027576161640845216
186.1083984375,0.006589781766218793,0.003082739974613773
186.12304687499997,0.007241362270599557,0.003180776870439272
186.13769531249997,0.009040363780818971,0.00321800605094798
186.15234375,0.007961038482109446,0.0031768093426069607
186.16699218749997,0.00434701995895168,0.0026216109531171858
186.18164062499997,0.0015412109027009386,0.0022479559482056553
186.1962890625,0.0031399776803046147,0.00246653706393511
186.21093749999997,0.004403324769390108,0.00231744751309176
186.22558593749997,0.005209677666856031,0.0017934556240054586
186.240234375,0.005361242424057088,0.0018019197985120559
186.25488281249997,0.0035446308240402865,0.0014291623679415653
186.26953124999997,0.001417383748873612,0.0008223250512416812
186.2841796875,0.004035274656012095,0.0010342077995466445
186.29882812499997,0.0038856231037293137,0.0012881072415089731
186.31347656249997,0.001138327207278946,0.0017558621090356683
186.328125,0.0007222039802580652,0.0024839132801394003
186.34277343749997,0.002277585260443133,0.002810964710629772
186.35742187499997,0.005367176402060827,0.0027976966964225855
186.3720703125,0.006245651730456419,0.002750459814951751
186.38671874999997,0.0056981512002640755,0.0026341304075054705
186.40136718749997,0.006494064674736349,0.0025991194919965203
186.416015625,0.0077781416726533615,0.002538244387317736
186.43066406249997,0.00613837019766287,0.0019810755117068584
186.44531249999997,0.0027579593604474734,0.001386046355776341
186.4599609375,0.002169927239931798,0.0009102457845688604
186.47460937499997,0.0024244264391574924,0.0008665295326950724
186.48925781249997,0.004289690702682582,0.0009443596286598724
186.50390625,0.004310026248023812,0.0010855433930248648
186.51855468749997,0.0034366734406767003,0.0008765086422141756
186.53320312499997,0.006631536323493578,0.0005652032574250558
186.5478515625,0.009081170942314908,0.0014440675960161588
186.56249999999997,0.008040227191477413,0.0019441422540173957
186.57714843749997,0.005827151575932297,0.002044512199232348
186.591796875,0.006044435106613981,0.0023918904341146117
186.60644531249997,0.006965685782507169,0.0019244233542544526
186.62109374999997,0.006160025062688503,0.0010618151445751663
186.6357421875,0.004422088991394182,0.0012999928507162154
186.65039062499997,0.005900993457680441,0.0021727129587999334
186.66503906249997,0.007629082559329573,0.0019956779799456545
186.6796875,0.007355319443309103,0.00123488427806819
186.69433593749997,0.006454906741813284,0.0017443940839987969
186.70898437499997,0.0048212109190520006,0.0015703151151095617
186.7236328125,0.0030134109926103284,0.0005351726745425622
186.73828124999997,0.002201494129238971,0.000606201203160746
186.75292968749997,0.0007617868632219997,0.0006089009119144244
186.767578125,0.0005223782920711086,0.00032296643370666476
186.78222656249997,0.0032861296587672253,0.00027422944086668834
186.79687499999997,0.00490250470668514,0.0009429886080254787
186.8115234375,0.007226453358339978,0.0017476462886834316
186.82617187499997,0.010449021656338268,0.0021794746572240606
186.84082031249997,0.009103093312076016,0.0022268963157212975
186.85546875,0.007582388945933158,0.0026688514199450556
186.87011718749997,0.008029430447361159,0.0023587602200094786
186.88476562499997,0.008416065899733628,0.0013599503994993348
186.8994140625,0.0067642824598090874,0.0011776096768087764
186.91406249999997,0.004145550388652081,0.0019528746452435544
186.92871093749997,0.004921086433421287,0.0022666275188099935
186.943359375,0.007849236846888933,0.0018690948876986197
186.95800781249997,0.008955865075619338,0.0016697578525863958
186.97265624999997,0.006552586799956041,0.0026569957480518545
186.9873046875,0.0037386715590038053,0.0036754509284587897
187.00195312499997,0.0028092731128484443,0.003070679863509834
187.01660156249997,0.004224314533995293,0.002087869053565792
187.03125,0.006348225028776068,0.002938555248542938
187.04589843749997,0.006553327206171981,0.0027373727867266405
187.06054687499997,0.006747195594305291,0.0010142480741377768
187.0751953125,0.00719016490688204,0.0014377422928289361
187.08984374999997,0.005311712225006214,0.0017027198819558056
187.10449218749997,0.001663767537943697,0.0006279512461669231
187.119140625,0.002350514509024949,0.0017318915163843402
187.13378906249997,0.005461197906620958,0.002787700040603738
187.14843749999997,0.006377188373999758,0.002597414474521672
187.1630859375,0.004994723111464958,0.002289155911633183
187.17773437499997,0.0053460252534593975,0.003253510720790704
187.19238281249997,0.006101858047999249,0.003647606001213548
187.20703125,0.005003398246600431,0.0029990190755666613
187.22167968749997,0.00376780784284857,0.0033156906310773293
187.23632812499997,0.003196625976746145,0.004902958037268359
187.2509765625,0.0023137917267782256,0.004715315191343601
187.26562499999997,0.0008096392595984265,0.0036650169223181664
187.28027343749997,0.0031511764850500057,0.003828163516396124
187.294921875,0.004737194271612143,0.003589898631801487
187.30957031249997,0.003323752274830263,0.002161030876656557
187.32421874999997,0.0026200266085209143,0.0011791091594474743
187.3388671875,0.0027042516701888827,0.001744662718637544
187.35351562499997,0.0033886995785210464,0.001189200246935148
187.36816406249997,0.00582155465309219,0.0010255575124033594
187.3828125,0.006404607306563402,0.002443290903778042
187.39746093749997,0.005949424405913052,0.002349242616060027
187.41210937499997,0.004184319370819818,0.0012663864063760773
187.4267578125,0.0014984157209707958,0.0021177914088455025
187.44140624999997,0.001153612860231193,0.0025517375771322358
187.45605468749997,0.0018021452537728268,0.0015090789635442282
187.470703125,0.003279099975092615,0.0008992112827327279
187.48535156249997,0.0032210000403366484,0.0012063306944711542
187.49999999999997,0.0014437315233576694,0.000475858280633028
187.5146484375,0.001124696488575239,0.0006618281059699747
187.52929687499997,0.0029227426935339116,0.0007312177249474134
187.54394531249997,0.0031977984931904385,0.0009043459658716538
187.55859375,0.0021515827306821562,0.0012043515238820673
187.57324218749997,0.0006251276609833909,0.001042403627833142
187.58789062499997,0.004076717124563124,0.0015404762148439847
187.6025390625,0.0071800167988544635,0.002679372750470458
187.61718749999997,0.0069131234031001,0.0024288280732474967
187.63183593749997,0.004412056979808948,0.0018870620526103244
187.646484375,0.006994829834568585,0.0026855943639590447
187.66113281249997,0.007859602736526253,0.0019220985972376676
187.67578124999997,0.004484276582774173,0.0007684035556657735
187.6904296875,0.0010548050259581295,0.0007262155954574376
187.70507812499997,0.0032205772669180663,0.0021407318921886904
187.71972656249997,0.002697394789872243,0.0017257119053996884
187.734375,0.0037777425297653025,0.00030575304268504986
187.74902343749997,0.006925952966757478,0.0012585111726438698
187.76367187499997,0.00531834264471116,0.0006058340931003309
187.7783203125,0.0027525205530855293,0.002702607219935567
187.79296874999997,0.0038068152270055258,0.003518589300516207
187.80761718749997,0.003373537541687255,0.0029941225043499213
187.822265625,0.0035341631909222146,0.0035592845724487982
187.83691406249997,0.005796273383500754,0.003939588259708622
187.85156249999997,0.007002397725545712,0.003327296695306868
187.8662109375,0.004929317437519703,0.003100068396444546
187.88085937499997,0.0024638585911166016,0.0035625618298039466
187.89550781249997,0.002600101348007634,0.0034571650534317784
187.91015625,0.0025267128665368843,0.003065930070641061
187.92480468749997,0.002355710819297859,0.002998392610777931
187.93945312499997,0.001640860615461926,0.00237499383221647
187.9541015625,0.002746390281602534,0.0019124573882371369
187.96874999999997,0.005064037035366114,0.00229730941427988
187.98339843749997,0.0032573483664263877,0.0016912405019974533
187.998046875,0.0018750040155381248,0.0011634616439857286
188.01269531249997,0.0035844593698175983,0.0018911056950495133
188.02734374999997,0.0009868065032474784,0.0012627188896120025
188.0419921875,0.00554231684149975,0.0008247989004073529
188.05664062499997,0.006272047299016151,0.0017137634206439076
188.07128906249997,0.003500492752126251,0.0008423989863230697
188.0859375,0.0008828760677080307,0.0012811301025416814
188.10058593749997,0.002350838437154892,0.0019150541611810301
188.11523437499997,0.00474370993134525,0.0007236746331022287
188.1298828125,0.005411961754531635,0.0016139567507674048
188.14453124999997,0.0038564494538008455,0.0018675945774791185
188.15917968749997,0.003875980605344373,0.0015670906004224493
188.173828125,0.0028888884793826456,0.0012641574268457464
188.18847656249997,0.0006316559483778095,0.0030106424526034296
188.20312499999997,0.0008466561435825123,0.003947168303035089
188.2177734375,0.0023735805172463375,0.002843562073917543
188.23242187499997,0.004914157854898029,0.00297797172206651
188.24707031249997,0.005026928624003427,0.0036031524592730294
188.26171875,0.004004434470026242,0.0021997912994714324
188.27636718749997,0.0032831132613447686,0.001054672250139531
188.29101562499997,0.004697124616846804,0.0021288946253342875
188.3056640625,0.006893781254393923,0.002096959438842108
188.32031249999997,0.004842637636845035,0.0007678189551506838
188.33496093749997,0.001699197321523098,0.0017731303530133637
188.349609375,0.004398937434013178,0.0017260299059976662
188.36425781249997,0.005476724784535503,0.0006663458334944413
188.37890624999997,0.004967569448860885,0.0015416866256625717
188.3935546875,0.002949117850053786,0.0012473678365678047
188.40820312499997,0.002391571734738236,0.0011204062602725735
188.42285156249997,0.004430422446257787,0.001676567847081962
188.4375,0.003264240572741579,0.0010805602321913705
188.45214843749997,0.0028324671673834903,0.0016682950513551514
188.46679687499997,0.0029164088514022925,0.0016932815713989677
188.4814453125,0.005198772663765317,0.001417486331227235
188.49609374999997,0.009403455572701933,0.0026272828826082975
188.51074218749997,0.009223041907440074,0.0028754958736999783
188.525390625,0.005747567950083507,0.00273820327308943
188.54003906249997,0.00497904964903468,0.0034118280325753066
188.55468749999997,0.006740159890854698,0.002920964421901674
188.5693359375,0.008664562262211089,0.0020957044426724056
188.58398437499997,0.00869899606215889,0.002163669171440489
188.59863281249997,0.006506710301347095,0.0024328830237156586
188.61328125,0.003937586825479499,0.002189236395928598
188.62792968749997,0.00229379470973847,0.0017560932366546614
188.64257812499997,0.001439244175107431,0.002037002220431686
188.6572265625,0.0021102252666117525,0.0020519717683068397
188.67187499999997,0.005088046229340605,0.0015289516441780121
188.68652343749997,0.00688786966625936,0.0023814578948963467
188.701171875,0.004705665506379862,0.003115512412826772
188.71582031249997,0.0008342312238737053,0.0024583846296874325
188.73046874999997,0.005165789740137341,0.003200694342292734
188.7451171875,0.006728645395842644,0.0035065948694623047
188.75976562499997,0.008896892424539402,0.0027501372176343877
188.77441406249997,0.009390623916603004,0.0031777207247340056
188.7890625,0.007125745496470963,0.003586620544307678
188.80371093749997,0.006799513472132004,0.00284052972769803
188.81835937499997,0.007781855894513328,0.0025915580173860825
188.8330078125,0.007402855700489907,0.0029676517655230837
188.84765624999997,0.00463009994196592,0.0025569990720569775
188.86230468749997,0.0014759084491555356,0.00218465341992733
188.876953125,0.005201581802856085,0.0028946541013381926
188.89160156249997,0.007111030633207874,0.0028646546994782105
188.90624999999997,0.008839808380036831,0.0023438481052493413
188.9208984375,0.009036896505744695,0.002758788518626015
188.93554687499997,0.006798438309834055,0.002640113686882819
188.95019531249997,0.00394943364925893,0.0017034095174219093
188.96484375,0.0038615932426432522,0.0014352065521135765
188.97949218749997,0.005909027917428077,0.0011067228480666183
188.99414062499997,0.005018449948785683,0.00045027939209158385
189.0087890625,0.0019104938064726607,0.0004613614108260874
189.02343749999997,0.0033870140477708097,0.00045060447189081425
189.03808593749997,0.006325246209726664,0.0008807582144501204
189.052734375,0.007483652031657512,0.0002689606441327303
189.06738281249997,0.0065954273229020316,0.000807032676614135
189.08203124999997,0.004374793986113002,0.0010692253875292292
189.0966796875,0.0021588918578597585,0.0011372354282332725
189.11132812499997,0.0028235080602236223,0.0017379998334057611
189.12597656249997,0.0031697109379149146,0.00160281231686176
189.140625,0.0021938782278718687,0.0012798501576012618
189.15527343749997,0.0030968035788403753,0.001526224043767075
189.16992187499997,0.005038943158677306,0.001739208869134402
189.1845703125,0.00561523361149534,0.0018020533488085
189.19921874999997,0.003866526285699204,0.0018686213141009202
189.21386718749997,0.0006360924325877652,0.0021783478285468585
189.228515625,0.0027366424162797737,0.0023400483813562317
189.24316406249997,0.0044689589271683225,0.001947164855099975
189.25781249999997,0.004454531608332523,0.00200709001722589
189.2724609375,0.002980815009183497,0.002140173846729472
189.28710937499997,0.0028520938297197434,0.002209777206025757
189.30175781249997,0.004064109625538629,0.002760332712247432
189.31640625,0.005058213061592134,0.0031962555315703644
189.33105468749997,0.004854232148545857,0.0031381988858150884
189.34570312499997,0.002694042636601074,0.003128054005557306
189.3603515625,0.00032374415347223383,0.002573150603341901
189.37499999999997,0.00207197026813332,0.0021619020622186264
189.38964843749997,0.0024446152262639353,0.002556521590309031
189.404296875,0.006582985618136811,0.0022621608165323864
189.41894531249997,0.010768885209603257,0.001518088536322681
189.43359374999997,0.011014730714765043,0.0020501029930798677
189.4482421875,0.0074634563857800314,0.0019096673145701055
189.46289062499997,0.007300081448786589,0.0010688303050939286
189.47753906249997,0.011388130326518156,0.0018412416449221332
189.4921875,0.01145192968591586,0.002605346878448529
189.50683593749997,0.00825402212461718,0.0020521576293367283
189.52148437499997,0.005616157441103153,0.002259442526594353
189.5361328125,0.0049310934672590154,0.0032406208657355475
189.55078124999997,0.0039623573513015995,0.002232631482767296
189.56542968749997,0.003085538071536188,0.0007410166001225992
189.580078125,0.002331868853250535,0.0016340215468052084
189.59472656249997,0.0010823494874384362,0.0024688429692536966
189.60937499999997,0.0033654719452414746,0.0019268364109886495
189.6240234375,0.0021514404053759443,0.0009010467980866862
189.63867187499997,0.0017114777701587056,0.0018685593055071715
189.65332031249997,0.0041812677823479414,0.0019738919720528793
189.66796875,0.003907842103144806,0.0015681556645423217
189.68261718749997,0.0036361701446115105,0.001356728055919951
189.69726562499997,0.006916716708797902,0.0025088207043076774
189.7119140625,0.008419753248296134,0.0029517239302057066
189.72656249999997,0.007621796094591886,0.002595018382479332
189.74121093749997,0.009181435549826207,0.002921131842410122
189.755859375,0.011225352831323848,0.00320133471894045
189.77050781249997,0.009594663637489233,0.0026685459296540925
189.78515624999997,0.00639665433848769,0.0023957997412133074
189.7998046875,0.00534557285025197,0.0022976604527642558
189.81445312499997,0.003293191612717031,0.001731968164391261
189.82910156249997,0.0002998879907069753,0.001287502364342516
189.84375,0.0014607049039377879,0.0013504474016233499
189.85839843749997,0.00209374201533558,0.001040521498160597
189.87304687499997,0.0021781497275001798,0.00045315115498210316
189.8876953125,0.0022600050534376543,0.00022060015683846888
189.90234374999997,0.002514231365119526,0.0004446685505303434
189.91699218749997,0.004151328052898065,0.0010460237588746932
189.931640625,0.006925802099001396,0.0015439224428469873
189.94628906249997,0.007538578440244236,0.0012595984453394817
189.96093749999997,0.006876175723517054,0.0007984662348278908
189.9755859375,0.006170976008990015,0.0008431492570973149
189.99023437499997,0.005349623108331021,0.00013854100469721232
190.00488281249997,0.004822190416798179,0.0010999302723693437
190.01953125,0.004816822869717287,0.0012798478607698829
190.03417968749997,0.0056091523992012,0.000978188022014874
190.04882812499997,0.006734903429818009,0.0016297523183866993
190.0634765625,0.006574136021243699,0.001871713593220398
190.07812499999997,0.004671916869042107,0.0016007525426658317
190.09277343749997,0.0019630880405840613,0.0015596501604273057
190.107421875,0.0016070591582205448,0.0026395477248710784
190.12207031249997,0.003704655445461063,0.0026431471649861924
190.13671874999997,0.0031534466781730215,0.0015360773574576868
190.1513671875,0.001063653182339636,0.0015933507636013
190.16601562499997,0.0027339387568937365,0.002894098322849778
190.18066406249997,0.004477107537090017,0.003210220894624924
190.1953125,0.0051731333002314524,0.002418132428874993
190.20996093749997,0.0037464378039491516,0.003521776023192855
190.22460937499997,0.0011762619576359842,0.0035124964937257985
190.2392578125,0.006322659680328522,0.001954987559936816
190.25390624999997,0.009701021077118623,0.0029588308297991374
190.26855468749997,0.009168819146116645,0.0031501769856189426
190.283203125,0.009075616976209542,0.002102260452653272
190.29785156249997,0.010212366633009182,0.0034440175965583
190.31249999999997,0.00847898530812636,0.0030995860079521694
190.3271484375,0.006923228678801065,0.0019860725672933097
190.34179687499997,0.006970126868760104,0.0023411478355235835
190.35644531249997,0.007915786984100595,0.0018646073647729335
190.37109375,0.008006630835526987,0.0011360405864610061
190.38574218749997,0.006428348824005438,0.00136378002791352
190.40039062499997,0.005966041694973628,0.0011642514331807663
190.4150390625,0.005791390962685615,0.00032889112503258524
190.42968749999997,0.004989342384136446,0.0007503647313158586
190.44433593749997,0.004611935453045528,0.0013630784201564476
190.458984375,0.007160894008525627,0.001811977657738626
190.47363281249997,0.00957334621557634,0.0015570928694872222
190.48828124999997,0.009988435172432412,0.0015976054634428546
190.5029296875,0.0077089828468782035,0.0018575873828623444
190.51757812499997,0.006564208804609433,0.0021075962228780266
190.53222656249997,0.007529437362420978,0.002432108889216836
190.546875,0.005653605638210612,0.0032890311102339426
190.56152343749997,0.0028055119840766237,0.003605849029916999
190.57617187499997,0.0019788631623745196,0.0033319653445202883
190.5908203125,0.004546568048175693,0.0035365416230222373
190.60546874999997,0.004800759087671906,0.0038039391631234172
190.62011718749997,0.0014046692078837153,0.003520510061492622
190.634765625,0.0031952196528682378,0.0032449459100396647
190.64941406249997,0.004188121355883222,0.002852933085794729
190.66406249999997,0.005282825530087978,0.0022754153739936935
190.6787109375,0.00717309276385589,0.0022056984753570136
190.69335937499997,0.0071555128637250005,0.0020310378021206406
190.70800781249997,0.0037709655813179177,0.0010632897581352185
190.72265625,0.00034331401996900247,0.0005610417568506973
190.73730468749997,0.0008134138814164466,0.0014858764425754222
190.75195312499997,0.003246975858314121,0.002979895360008397
190.7666015625,0.004136966993827378,0.0029476543559193032
190.78124999999997,0.0027637070528726882,0.0022446029578290527
190.79589843749997,0.001573143481786342,0.002911669936976342
190.810546875,0.0016599267384747648,0.0033062777989914505
190.82519531249997,0.0004899912010790006,0.0026662004605074283
190.83984374999997,0.003477454451452965,0.002392668898437739
190.8544921875,0.00498811220718494,0.0025990666660304805
190.86914062499997,0.004451486505183412,0.0019352645713355107
190.88378906249997,0.003145939775562401,0.001024972918414923
190.8984375,0.002944165000169689,0.0011170332090599208
190.91308593749997,0.004445125004566081,0.001261100458037095
190.92773437499997,0.0027153333223337113,0.0006449992610942579
190.9423828125,0.00090999214004142,0.001507470362303595
190.95703124999997,0.003239714417573016,0.0017289036954509134
190.97167968749997,0.004010692017322839,0.0017777899279673832
190.986328125,0.004667939409353937,0.0023700462368703543
191.00097656249997,0.004892044500104858,0.002680951219942755
191.01562499999997,0.00361359185594065,0.00307066165090721
191.0302734375,0.0007423199731961826,0.003874358371219503
191.04492187499997,0.004318705210288382,0.004014560074848255
191.05957031249997,0.008331438658026503,0.003940434168486262
191.07421875,0.009259668739037797,0.00402940825631752
191.08886718749997,0.005670765333400896,0.002910254008098058
191.10351562499997,0.002796712985463177,0.002239263569265547
191.1181640625,0.006364199912160023,0.0020028589159594473
191.13281249999997,0.008581190661029199,0.0011004430957213735
191.14746093749997,0.008400088739632406,0.0012928100836570396
191.162109375,0.005173849012051287,0.001271728123427208
191.17675781249997,0.0024381892567454403,0.001018009203291636
191.19140624999997,0.003720482422048864,0.0012200904120455093
191.2060546875,0.004861227213953606,0.0016314299490996545
191.22070312499997,0.00429184997480764,0.002104667594523795
191.23535156249997,0.0011564070237501307,0.0022326602633810626
191.25,0.0023352855155454166,0.0014625687919498911
191.26464843749997,0.003059693339348154,0.0011448297871673257
191.27929687499997,0.0018113071038486645,0.0007275792523702126
191.2939453125,0.0011338392173681467,0.0006034532253825128
191.30859374999997,0.001252549947635625,0.0010199601325566886
191.32324218749997,0.0007256487068265386,0.00035910458889951076
191.337890625,0.0013097706384410726,0.0003518475127811919
191.35253906249997,0.0022195611983035603,0.0012995410532784387
191.36718749999997,0.003072802854920017,0.0023655917115993656
191.3818359375,0.004684037875526815,0.002290672752784511
191.39648437499997,0.006025785337646906,0.002790282971787973
191.41113281249997,0.006008873875955874,0.0036098259904765455
191.42578125,0.0047626339489827045,0.0030755203199052065
191.44042968749997,0.0038247747016105474,0.0022405889902576827
191.45507812499997,0.005682250833150134,0.002355016783330839
191.4697265625,0.006855957409891752,0.002545784839135867
191.48437499999997,0.0064132732182122735,0.001966652717741903
191.49902343749997,0.006201756009938544,0.001192203863102646
191.513671875,0.005865900725322978,0.0012857031115749292
191.52832031249997,0.006021243894209175,0.0012312910936866503
191.54296874999997,0.007560925286456415,0.000849746340917477
191.5576171875,0.00812173270117353,0.0006550516905784796
191.57226562499997,0.005373163101631101,0.0008269775244632326
191.58691406249997,0.0015229659215550665,0.0008715124777727111
191.6015625,0.002999486475441413,0.00047958267237896066
191.61621093749997,0.005329142851894866,0.00049109988171782
191.63085937499997,0.0072543694514305285,0.0011166306982488934
191.6455078125,0.00597623402113506,0.0011905248519909362
191.66015624999997,0.0020850056784309976,0.0011139440227095206
191.67480468749997,0.0022049270062097655,0.0012926623274037198
191.689453125,0.004177809331463265,0.0010013085449843552
191.70410156249997,0.005260879817863455,0.00011107366902763823
191.71874999999997,0.004656924426362279,0.0007713397692383836
191.7333984375,0.0019800325691719566,0.0006983451446880984
191.74804687499997,0.004573614008500883,0.0007055289230258566
191.76269531249997,0.004513834366844233,0.0016401469554990897
191.77734375,0.0020565917788551696,0.0009454624264989064
191.79199218749997,0.004740242186988435,0.0013336498676245988
191.80664062499997,0.006398049040223512,0.0020424781140685653
191.8212890625,0.00431702627399368,0.0011960183474870332
191.83593749999997,0.002097009974087106,0.00048756580418238423
191.85058593749997,0.0016495104849118443,0.0010186913448351292
191.865234375,0.0018180386550732284,0.0016282166914335149
191.87988281249997,0.0018081858408391053,0.0014261622579722646
191.89453124999997,0.0028920899212853614,0.001038533560341695
191.9091796875,0.002100131010691828,0.001452337762748805
191.92382812499997,0.00038933447874281527,0.00158305307303309
191.93847656249997,0.0009929316910754734,0.001498480226765654
191.953125,0.0012367650119803667,0.00191379741785378
191.96777343749997,0.0014995445541882634,0.0016144401210094735
191.98242187499997,0.0008901049332292333,0.0016159317804084997
191.9970703125,0.002503609066786765,0.0015761374405340626
192.01171875,0.001987846173657706,0.0008891727721771368
192.02636718749994,0.0009923430463482153,0.0015452032157120452
192.041015625,0.0035910689335151326,0.001996498932288266
192.0556640625,0.006059421538254746,0.0014837106798614064
192.07031249999994,0.004975410901378545,0.0020346440551278155
192.0849609375,0.0018424971916682284,0.002823324220114951
192.099609375,0.0020873328456155636,0.0020756276322321993
192.11425781249994,0.004608071913631232,0.0015051886538015862
192.12890625,0.005874712937445233,0.0024046141960136548
192.1435546875,0.004527363583567241,0.001978130937286444
192.15820312499994,0.003588468499437603,0.0005428599950097528
192.1728515625,0.0042315545484602765,0.000837978863242115
192.1875,0.005154791523842768,0.0013654943471559779
192.20214843749994,0.006209265196509814,0.001296549434239072
192.216796875,0.005720536921484097,0.0005654582225834498
192.2314453125,0.00405699808377514,0.0005188654240164441
192.24609374999994,0.0033361671914776342,0.0006743022036670425
192.2607421875,0.003997758610178448,0.0009667492554965469
192.275390625,0.0037307000124071617,0.0015590649601539624
192.29003906249994,0.0010288014173010932,0.0009801923360430744
192.3046875,0.0029779147256185586,0.001224040010527968
192.3193359375,0.004469901117378652,0.0017110555388899777
192.33398437499994,0.0043138028112340385,0.0015585673078817891
192.3486328125,0.003705440713460603,0.001161804041525419
192.36328125,0.0019194545173465128,0.0009477641997825253
192.37792968749994,0.0034392533077252214,0.001581552366085315
192.392578125,0.0033236848131562398,0.0012035674862046182
192.4072265625,0.001547327830464829,0.0008392708738222836
192.42187499999994,0.006448207359035861,0.002376114531912093
192.4365234375,0.007398852081122761,0.0020901873451912795
192.451171875,0.004419724462043536,0.0015107198770313306
192.46582031249994,0.00217513817470017,0.0031342842148331593
192.48046875,0.003554347400423747,0.0027632716825626443
192.4951171875,0.0036328549608796532,0.0009612638756330992
192.50976562499994,0.004102015439316291,0.0012862369061530802
192.5244140625,0.005848205153652595,0.0030546751975199403
192.5390625,0.004276055948612779,0.003214764637343847
192.55371093749994,0.0014433188194619049,0.0014963608069971988
192.568359375,0.003141692723871553,0.002456678548635018
192.5830078125,0.0017480691535738497,0.003065308112605829
192.59765624999994,0.0019107116723400615,0.0014595839134975397
192.6123046875,0.003944812253264497,0.0011922760039067954
192.626953125,0.002258703025897067,0.0021685031136984972
192.64160156249994,0.0022342194079403507,0.0005602886952114758
192.65625,0.003751572204422715,0.0024165243633234488
192.6708984375,0.0015599213289865007,0.0031215475414035367
192.68554687499994,0.001863790988018777,0.0016139328051743799
192.7001953125,0.0038539702943365594,0.001948109152950737
192.71484375,0.005467732807712656,0.0030622800843720832
192.72949218749994,0.005238424127208969,0.0026651931124883127
192.744140625,0.0026816676335415604,0.0016167894843780108
192.7587890625,0.004011227153230266,0.001984742283538934
192.77343749999994,0.007429320030878886,0.0023546446867136594
192.7880859375,0.007398230221544953,0.0016724966362354488
192.802734375,0.004304008560380913,0.00043677562995470123
192.81738281249994,0.004880466625020543,0.001199420458918991
192.83203125,0.005546795450359525,0.0012783997536632752
192.8466796875,0.0020251174452223237,0.0004108129964748601
192.86132812499994,0.0026886378585577104,0.002120383500562107
192.8759765625,0.003324574665882307,0.0022949962619159257
192.890625,0.0016003288787893124,0.0016443931932832942
192.90527343749994,0.002183752815915016,0.0025286438333535287
192.919921875,0.00401674644203195,0.0030776127450973384
192.9345703125,0.005195628175418914,0.0028532913933893393
192.94921874999994,0.0047943511031924195,0.002848246115346211
192.9638671875,0.005131156031486264,0.0035312743958940485
192.978515625,0.0062398615113324046,0.0038814375417709737
192.99316406249994,0.004688500325133903,0.0029549205520116263
193.0078125,0.00032012997387105904,0.0019005604302296192
193.0224609375,0.0016535137983928168,0.0020939383276225476
193.03710937499994,0.0012349583296389615,0.001473357722326085
193.0517578125,0.00433818919553444,0.00043978850804090756
193.06640625,0.0044059701783224076,0.0012553237103628643
193.08105468749994,0.003323088152763566,0.002073658827023039
193.095703125,0.0027173833435084503,0.0008563792959614005
193.1103515625,0.002912784743345943,0.0017729072380615913
193.12499999999994,0.0026554603964477025,0.002709869647574148
193.1396484375,0.002459940240232826,0.0019325570784629314
193.154296875,0.0032624938467687476,0.0021150005847699925
193.16894531249994,0.004624437042174309,0.0030273701066982042
193.18359375,0.00494543321771966,0.00224751119691726
193.1982421875,0.004061990438190132,0.001502549066869158
193.21289062499994,0.004686628752581228,0.002292591499511872
193.2275390625,0.005404090181545356,0.0022319424261317776
193.2421875,0.00290354961628367,0.0016405964336616097
193.25683593749994,0.0021030525063322945,0.0023416017462985867
193.271484375,0.0038231003274655684,0.0022700730710062955
193.2861328125,0.0046679207933779865,0.0020234171413255923
193.30078124999994,0.006261206561681584,0.0024129050803328366
193.3154296875,0.006018716056990195,0.002434779709919222
193.330078125,0.002886282195831205,0.002066428987010326
193.34472656249994,0.0014715964552607064,0.0021040355274851395
193.359375,0.003995854374656753,0.0020653259364984983
193.3740234375,0.0038467470127880195,0.0012310798382216767
193.38867187499994,0.00253468965163648,0.0007111274350818139
193.4033203125,0.0006932116231110119,0.0007479550741583799
193.41796875,0.002576188263121765,0.0006421021423770337
193.43261718749994,0.004145810813384921,0.0005651713326387159
193.447265625,0.003994252954796141,0.0003117301699051144
193.4619140625,0.0025662881919170386,0.0010375597324144518
193.47656249999994,0.0010754087633522908,0.0014685533744886597
193.4912109375,0.0035211889956418612,0.0010525699796727717
193.505859375,0.003973787961413827,0.0009281273689062422
193.52050781249994,0.003068878069308556,0.002169728107325012
193.53515625,0.0035589632656906466,0.0028010889201039034
193.5498046875,0.0023238602173605394,0.0022753050728324033
193.56445312499994,0.002077473823427316,0.002661425064901206
193.5791015625,0.0068295585213997536,0.0033298932092801505
193.59375,0.007817780189280752,0.002550730532022485
193.60839843749994,0.004366874562780478,0.0017611622459579545
193.623046875,0.0027939118302699024,0.0015067364723075824
193.6376953125,0.004745961136185663,0.00042554080931942714
193.65234374999994,0.0043842603721512925,0.0012581183454654142
193.6669921875,0.003183143230779723,0.0011552460953114878
193.681640625,0.0047176751569305096,0.001625920778893804
193.69628906249994,0.007607935971271661,0.0019376651470485303
193.7109375,0.009433407647159038,0.0018055475362967798
193.7255859375,0.007854344308298443,0.001856519714386417
193.74023437499994,0.00413192491378004,0.0020988976234559277
193.7548828125,0.0032888358661633745,0.0021275957580468604
193.76953125,0.005238362398486473,0.002137966422666589
193.78417968749994,0.005481148229646114,0.002450306661614571
193.798828125,0.004068012329905405,0.0025146705143193416
193.8134765625,0.004740605840052527,0.0019131211022456397
193.82812499999994,0.006459847462074223,0.0017477498168500098
193.8427734375,0.005057992963454133,0.0021628903867851675
193.857421875,0.002318049678552341,0.0017081758396795463
193.87207031249994,0.00547863843847663,0.0008283209783370135
193.88671875,0.007717461351937748,0.0012501441800788615
193.9013671875,0.005507589226931661,0.00044590196091437033
193.91601562499994,0.004973801904783065,0.0010503314721834074
193.9306640625,0.007179722215573511,0.0012321210660874236
193.9453125,0.0073538765098641184,0.0007525183744495394
193.95996093749994,0.008627529774374098,0.001599474847634549
193.974609375,0.008759245386027719,0.002028210924412238
193.9892578125,0.005554697653098451,0.001555691005861676
194.00390624999994,0.0025779796996281677,0.001182322919130437
194.0185546875,0.002651120906734916,0.0015202877136014524
194.033203125,0.0026684823423038496,0.0022036556109543714
194.04785156249994,0.0020290660773974573,0.002514428178944552
194.0625,0.001560208381321433,0.0021654286024240573
194.0771484375,0.003390488120891682,0.0022716929957793002
194.09179687499994,0.005522434084019659,0.002517426052815167
194.1064453125,0.006986646286915563,0.0016619162061166672
194.12109375,0.00667030494343139,0.0012054642597672078
194.13574218749994,0.0039222808463479685,0.001975844052404098
194.150390625,0.002995617644394142,0.0011771671680540334
194.1650390625,0.005465830087835775,0.002067835346167289
194.17968749999994,0.004525365324253508,0.003001198432998343
194.1943359375,0.0015397874472956965,0.0025410266441611507
194.208984375,0.00322174117658521,0.0028105720466275593
194.22363281249994,0.005737384076560198,0.0034211204660991985
194.23828125,0.005690403057667492,0.0027276556237844558
194.2529296875,0.002996397401514657,0.0015119482243481416
194.26757812499994,0.0019493390963905319,0.0011327363264457767
194.2822265625,0.0026958201696422597,0.0009313389795014449
194.296875,0.0018988832605033494,0.001179794005295797
194.31152343749994,0.001113703929804231,0.0020136926736759376
194.326171875,0.0022559106805958217,0.001960971372497315
194.3408203125,0.001956532348982044,0.002620238087449635
194.35546874999994,0.003341125608208376,0.003060528807372121
194.3701171875,0.004645541137469858,0.0023518448507651784
194.384765625,0.005255169953082435,0.001925734002718993
194.39941406249994,0.0043086901059233825,0.002766424293525829
194.4140625,0.002198682030510314,0.003458847875781275
194.4287109375,0.003786618793182585,0.002927111229788851
194.44335937499994,0.005359739196448109,0.0022449151434589328
194.4580078125,0.005285997145679837,0.0022129917187679706
194.47265625,0.004434093281719773,0.002011681580019668
194.48730468749994,0.003187465244928661,0.0013268560474724983
194.501953125,0.0013619576689465182,0.000844630346596433
194.5166015625,0.0010698656501451174,0.0008943974462783162
194.53124999999994,0.0029630918856342215,0.0008566963907478909
194.5458984375,0.00247712062475985,0.0006535039180012044
194.560546875,0.0025073649687795954,0.0011918320900720393
194.57519531249994,0.005303889916375826,0.002357267678396022
194.58984375,0.004126917813973955,0.002588943374486343
194.6044921875,0.00267671062400426,0.002791510976618972
194.61914062499994,0.005215589713361761,0.0035880349954273624
194.6337890625,0.005894101531749526,0.002495522891100525
194.6484375,0.008086643485624125,0.0009211913705339581
194.66308593749994,0.009364674834293728,0.0012798982318603014
194.677734375,0.008705709703259883,0.002145120419114808
194.6923828125,0.007042680521136949,0.0018389588676708897
194.70703124999994,0.004519214786912787,0.0007128923922883275
194.7216796875,0.0028051178643856865,0.0011262496186234714
194.736328125,0.002104188184624572,0.0007689033729612059
194.75097656249994,0.003272003583256506,0.0005282509764901935
194.765625,0.004783525929092291,0.0008047205068569815
194.7802734375,0.005464333807014423,0.0011162426383470446
194.79492187499994,0.0046732297505062146,0.0008654355124408546
194.8095703125,0.0032876751862541105,0.0018247142439004147
194.82421875,0.0034402309883710984,0.0030980735799746592
194.83886718749994,0.005947542880437102,0.0026604011779089816
194.853515625,0.00789512156701222,0.002185247161662069
194.8681640625,0.006045241685163001,0.0029443539609745255
194.88281249999994,0.001206909627212672,0.002394978808730347
194.8974609375,0.002966766705847726,0.0009226973266181794
194.912109375,0.0023590941100383425,0.000874319210023954
194.92675781249994,0.0019063102928021138,0.0002768844922840404
194.94140625,0.003679827132829664,0.0011130176645400408
194.9560546875,0.003304824464412268,0.0016026185985119346
194.97070312499994,0.0015593932964909018,0.00157309726560085
194.9853515625,0.003002379966477252,0.0022198536733117748
195.0,0.005615845312231504,0.0023900096247694443
195.01464843749994,0.00564618421576452,0.0020282634860632584
195.029296875,0.004139348750184167,0.0024835114614096343
195.0439453125,0.0035185931124541016,0.0031401939190388805
195.05859374999994,0.004642849500839797,0.002828811081806341
195.0732421875,0.005665369249881639,0.002718974609530972
195.087890625,0.004743654341853529,0.0028297285408209164
195.10253906249994,0.0028231890523884497,0.001698778740321052
195.1171875,0.0028105265229559613,0.0005201776133647618
195.1318359375,0.00439571537850692,0.001332319308773306
195.14648437499994,0.004009557270511015,0.001084942952332605
195.1611328125,0.0025625872809291357,0.0008756655591999831
195.17578125,0.004573768371575041,0.0023893196961920896
195.19042968749994,0.005359412543235694,0.0014074748112784894
195.205078125,0.00440888968346335,0.002289241803495628
195.2197265625,0.004828815891188346,0.0035488277173928028
195.23437499999994,0.0068099649168383205,0.0020053489124614438
195.2490234375,0.00822869415204073,0.0019216028193327671
195.263671875,0.00785504351553558,0.0029578866659593105
195.27832031249994,0.0050036032603819666,0.0017147360390720227
195.29296875,0.002851635407562558,0.001360696775924946
195.3076171875,0.004503096632100599,0.0020820743270483504
195.32226562499994,0.003949458653449234,0.001099173137716299
195.3369140625,0.004293130937210771,0.0016403916272483543
195.3515625,0.006796927929852967,0.002254800781088168
195.36621093749994,0.00682923936591758,0.001989303283160734
195.380859375,0.004977087941843879,0.002769729212435793
195.3955078125,0.003748161428062363,0.0033734684766049882
195.41015624999994,0.003170451109876597,0.0030044929177757106
195.4248046875,0.002313913699244147,0.0034580752053602008
195.439453125,0.0027356190179997244,0.0031235658173480543
195.45410156249994,0.0063445376384543275,0.00185493189788334
195.46875,0.01023188728046965,0.0018818236113582543
195.4833984375,0.009820364115037616,0.0012703191869628781
195.49804687499994,0.005555209621286907,0.00011230347225205738
195.5126953125,0.0036982091202323168,0.0008557429723095234
195.52734375,0.004683959677084867,0.0006706644968396074
195.54199218749994,0.004592886226797809,0.00029047342406045073
195.556640625,0.00324951522823999,0.0006062109784416676
195.5712890625,0.0030906910477821337,0.000686510628124219
195.58593749999994,0.00241559109485172,0.0010124224420110038
195.6005859375,0.00478137216806377,0.0004365359842698033
195.615234375,0.006772294252941083,0.0012141071680544034
195.62988281249994,0.003496415399014815,0.0008051055036292201
195.64453125,0.0024617430772796026,0.0005925514345389343
195.6591796875,0.004717412627761115,0.0008986177678323825
195.67382812499994,0.0028385611948083013,0.0007655591214748444
195.6884765625,0.0005515738171366916,0.0016935798005129235
195.703125,0.003288324168168577,0.0012397089648900686
195.71777343749994,0.0036854896588192805,0.0006991779276885946
195.732421875,0.0017252519564148053,0.000798889540438146
195.7470703125,0.002209657093496962,2.98192697445043e-05
195.76171874999994,0.0030014347851311787,0.0007786190300486317
195.7763671875,0.003221554051113559,0.001167463606093591
195.791015625,0.0027188659535512904,0.0018219610210175395
195.80566406249994,0.002584954359123893,0.001982384538130403
195.8203125,0.0036807107471526533,0.002105445719291093
195.8349609375,0.0022768446967047404,0.0024620317201390286
195.84960937499994,0.0020994642721646126,0.0023428624304958528
195.8642578125,0.006694981976861453,0.002018266668456875
195.87890625,0.007711881241169157,0.0019485608225164527
195.89355468749994,0.0042009418699882044,0.0018427692822195777
195.908203125,0.00029390859186976555,0.001606461969191965
195.9228515625,0.0007511707517064754,0.0013502534143739829
195.93749999999994,0.004259121156931099,0.0015460539651501438
195.9521484375,0.008082311960388298,0.0020514037540340217
195.966796875,0.006950949083110307,0.0017007440210567756
195.98144531249994,0.0027207698093989407,0.0008990661134879425
195.99609375,0.003569941305065095,0.0009665694003905762
196.0107421875,0.005003704661336214,0.0007055882313542065
196.02539062499994,0.0066590448146257916,0.0009901174039111005
196.0400390625,0.007162994980033993,0.0011085686368116408
196.0546875,0.006433107775890104,0.0012442679503498616
196.06933593749994,0.006723095305221292,0.0015249551195182123
196.083984375,0.0072034432983043555,0.001610709152554731
196.0986328125,0.005224681337672357,0.0014598300145104814
196.11328124999994,0.003557923072185199,0.0011097963356286808
196.1279296875,0.004590288391939296,0.001101025573541547
196.142578125,0.003543744830799196,0.0009951339266695022
196.15722656249994,0.004270971978578498,0.0008672614421128402
196.171875,0.005639542430294333,0.0009358182915523586
196.1865234375,0.004731727304194816,0.001335323509131031
196.20117187499994,0.0032868066590405207,0.0018765943623458355
196.2158203125,0.0034245488140832612,0.001989514620391842
196.23046875,0.00127710189685558,0.0018080228053231706
196.24511718749994,0.0033962700017070827,0.0017128445585739454
196.259765625,0.006124526394149206,0.002064917894062079
196.2744140625,0.004616822513784154,0.002352160262717173
196.28906249999994,0.0026920292021296497,0.0016674604948708227
196.3037109375,0.004394837887000202,0.0007795654462646632
196.318359375,0.003741235875201109,0.0009562246658347094
196.33300781249994,0.0023877252310912636,0.0018763055417241289
196.34765625,0.003160003067517517,0.00217798864913098
196.3623046875,0.002088869484723558,0.001923468682665728
196.37695312499994,0.0012193184725821456,0.002381517654871672
196.3916015625,0.004190074436053613,0.002390534456723253
196.40625,0.0053400507481504815,0.0015608642769035631
196.42089843749994,0.003641327785449577,0.0011426936694398445
196.435546875,0.001123086720106876,0.0016124079911629624
196.4501953125,0.00042003279188424305,0.0022104448617506246
196.46484374999994,0.00042760220920272927,0.0026143660102814813
196.4794921875,0.0004042694976047634,0.0028708059109556353
196.494140625,0.0024174417795914684,0.00291424209492073
196.50878906249994,0.004887911203020827,0.0032139370587905055
196.5234375,0.006144667894143088,0.0034993369023297947
196.5380859375,0.004484684440127729,0.002717407166150269
196.55273437499994,0.0021080061925807013,0.0017635504309739451
196.5673828125,0.002160357555823166,0.0014801506754826296
196.58203125,0.0033084608585756048,0.0007810901184563206
196.59667968749994,0.003070142379956373,0.0007695236521426899
196.611328125,0.003493626345243245,0.0007769829134517338
196.6259765625,0.003070811755604529,0.000985303818626685
196.64062499999994,0.0010640253645699271,0.001452216935546436
196.6552734375,0.003301076924279712,0.0014193236819348735
196.669921875,0.0028519613243100147,0.0011781645825769387
196.68457031249994,0.0014266402902562382,0.0012152869135672246
196.69921875,0.002336553936583681,0.0017857128936964923
196.7138671875,0.0035205323588906007,0.0023520774943047284
196.72851562499994,0.004602125172674836,0.002443176401544723
196.7431640625,0.004623892800035868,0.0025045217156406045
196.7578125,0.0027676715360862515,0.002899308035885269
196.77246093749994,0.0019490426539470018,0.0026303218505764445
196.787109375,0.0009808427445868492,0.0017969841169381193
196.8017578125,0.0031058190121221524,0.0014781394179876454
196.81640624999994,0.004695364839374073,0.0009614046633861075
196.8310546875,0.00480893978002186,0.0003607781282609815
196.845703125,0.004129435187460625,0.00035689639057426005
196.86035156249994,0.00321616826466718,0.000522744138961069
196.875,0.0028638079444659706,0.0005949073013761932
196.8896484375,0.004341461609237918,0.0007464332480675595
196.90429687499994,0.0048040193677162946,0.0005713698561099188
196.9189453125,0.002850341515916459,0.0006871580930711892
196.93359375,0.0015336574125232646,0.0014720658575744685
196.94824218749994,0.0018518794648168292,0.0015343415538881676
196.962890625,0.003948340078143748,0.0012425810380740432
196.9775390625,0.005174656996655332,0.0013716812926798426
196.99218749999994,0.003911169991669742,0.0007734414005513301
197.0068359375,0.001710822966729929,0.00047594814579951533
197.021484375,0.0026958344765426207,0.000938980965101169
197.03613281249994,0.0021450818722717297,0.0013132063357447668
197.05078125,0.0019141024036743585,0.0020814924144794515
197.0654296875,0.004963967157191801,0.0025905827759978516
197.08007812499994,0.006022595849789582,0.0025658604347641055
197.0947265625,0.005395822885464989,0.00317820513835951
197.109375,0.0031604371167417203,0.003672893902406992
197.12402343749994,0.0007398323304937336,0.00315042546710256
197.138671875,0.004553207097295464,0.0028499324388580596
197.1533203125,0.006623254622560033,0.0025330804354636314
197.16796874999994,0.005576098613561254,0.0019181754476279473
197.1826171875,0.0032554346775537546,0.001564897528977775
197.197265625,0.00308623884591513,0.001240095355345688
197.21191406249994,0.0024075172685442026,0.0012330950287258878
197.2265625,0.0052537026356752605,0.0013224307545057947
197.2412109375,0.00634929575981351,0.0009951858951343362
197.25585937499994,0.0037227783495914954,0.0012560812032749976
197.2705078125,0.0015527286059216232,0.0012763545374299917
197.28515625,0.0009957304413986073,0.00082967145973012
197.29980468749994,0.0026223762655936153,0.0008130315970447303
197.314453125,0.004233802592811802,0.0019441003619520582
197.3291015625,0.00482638875769515,0.0023974980236884024
197.34374999999994,0.004319241611772129,0.001679962262641309
197.3583984375,0.003128435823545605,0.0015690962507779937
197.373046875,0.00347323786768539,0.00168640332968884
197.38769531249994,0.0018888825716968406,0.0015193305690546248
197.40234375,0.0017604535491378386,0.0009966558324327416
197.4169921875,0.003516506871451355,0.001161553937180358
197.43164062499994,0.0022130566787737864,0.0018593200554087364
197.4462890625,0.0015397594293007036,0.001538775609209021
197.4609375,0.001499313843876064,0.0005181842451621529
197.47558593749994,0.0021006147744423785,0.0009601882431339339
197.490234375,0.003234173393939094,0.0011464195927755288
197.5048828125,0.00292483354624657,0.0011821748881648722
197.51953124999994,0.0021405761516572522,0.000911307560338011
197.5341796875,0.0016828128165454277,0.0014114321663725596
197.548828125,0.0011409638340952133,0.0013676090909358828
197.56347656249994,0.001710855804053632,0.0009420613546688779
197.578125,0.004642364144647579,0.0004660975387237862
197.5927734375,0.005905396938258398,0.00044719530749494216
197.60742187499994,0.003183301599586915,0.0004918221824492758
197.6220703125,0.0016045935310374693,0.0012045171672186686
197.63671875,0.0008616507535737097,0.0020143860618406615
197.65136718749994,0.004054626376749083,0.001370755635484282
197.666015625,0.008258885866873348,0.0012673280485608683
197.6806640625,0.008662067502135206,0.0016950601496447328
197.69531249999994,0.005380484502116513,0.0006724562282524991
197.7099609375,0.0009357223485985715,0.0006786250285581631
197.724609375,0.004190683421837792,0.000839273937771168
197.73925781249994,0.00566098912260497,0.0008650359813942277
197.75390625,0.007788411600010558,0.0020754882989718944
197.7685546875,0.008417192750636491,0.002204795003239721
197.78320312499994,0.006512608869382723,0.0014608099548631965
197.7978515625,0.005598699708983045,0.002025954400887134
197.8125,0.005025583286077613,0.0023382157124345066
197.82714843749994,0.003292865978113398,0.0016172299259613724
197.841796875,0.002198771742762217,0.0013435226791621898
197.8564453125,0.004233374681965453,0.002157359583621618
197.87109374999994,0.004837590608840963,0.002052372517733441
197.8857421875,0.003438506777211595,0.0013812855066985936
197.900390625,0.0015617920695444336,0.0014856375711808905
197.91503906249994,0.004463723426494014,0.002049011701004092
197.9296875,0.008495154044466876,0.0022574303805021523
197.9443359375,0.009772115057742184,0.001882677440437631
197.95898437499994,0.007919479658226307,0.0018763648317474573
197.9736328125,0.005683009559415087,0.002304196221059213
197.98828125,0.004702176631818535,0.002305944008914934
198.00292968749994,0.0023494374057688823,0.0018986569303043894
198.017578125,0.002461755711063601,0.0021168202496840015
198.0322265625,0.00463899907772604,0.0021832294898141754
198.04687499999994,0.004407436064797762,0.0013923734705917048
198.0615234375,0.004667083995185571,0.0005461985849209766
198.076171875,0.00465825495528545,0.0005849204723864853
198.09082031249994,0.002434769645532422,0.001580140238698026
198.10546875,0.0021250129174207157,0.00256149607766671
198.1201171875,0.0018587194803418076,0.0027881023522617412
198.13476562499994,0.0029580814460756664,0.0031790770773196036
198.1494140625,0.004853841549285197,0.003436159956791281
198.1640625,0.0036047546711344023,0.003019727685788473
198.17871093749994,0.0017839474703535009,0.0027277385089453754
198.193359375,0.0017392822542593573,0.002727750904145002
198.2080078125,0.0028471578014991083,0.003008485257695387
198.22265624999994,0.004089081476695598,0.0038370632344576264
198.2373046875,0.004912648233887985,0.00379373181473572
198.251953125,0.005133078712771502,0.002530888988744589
198.26660156249994,0.007058577542836885,0.001970102526225154
198.28125,0.008830441462270867,0.0013377668463906227
198.2958984375,0.009163621519472047,0.0007899329467100402
198.31054687499994,0.009326485516614087,0.0007986808383446459
198.3251953125,0.008452685938685768,0.0010821526720846118
198.33984375,0.0045911708545460245,0.0019710120427356495
198.35449218749994,0.0012657516690542131,0.002563201047430194
198.369140625,0.005167176357775603,0.0026845805247766303
198.3837890625,0.004878889264277847,0.0026549901409138885
198.39843749999994,0.0031381401374479707,0.0021015322686312086
198.4130859375,0.004632264860091881,0.0016191983675676123
198.427734375,0.005340881660897866,0.0013670648957698993
198.44238281249994,0.00411156825610703,0.0006595901835442084
198.45703125,0.002942236272478274,0.0006109409772050948
198.4716796875,0.0029129210366682233,0.00041867892419530635
198.48632812499994,0.003529266425563392,0.0011850326085540955
198.5009765625,0.0034569253699187866,0.002115965403274771
198.515625,0.00229201050060204,0.0019065731998267879
198.53027343749994,0.001092603302964648,0.0013768254687888022
198.544921875,0.0018038581139486949,0.002214924010398548
198.5595703125,0.0038696254917796875,0.002755464103568665
198.57421874999994,0.006813179771641014,0.002144296442555846
198.5888671875,0.009010114041990036,0.0018441848087576305
198.603515625,0.00847996801613871,0.0020082297256323466
198.61816406249994,0.006232093775410473,0.0012704355446311751
198.6328125,0.003590944916044745,0.000751527215443836
198.6474609375,0.0007200639542345498,0.0011229500028207306
198.66210937499994,0.002292703957605326,0.0014723212763671264
198.6767578125,0.002417401671336697,0.0014862159673293903
198.69140625,0.001528429754661507,0.0015685573297047975
198.70605468749994,0.00036255468490373503,0.0011834867977963599
198.720703125,0.0017490074825228601,0.001933633518529307
198.7353515625,0.0025095783176996857,0.0014615721072039635
198.74999999999994,0.002430169612816785,0.0006033749477958226
198.7646484375,0.0028498585390815145,0.0015041538345230338
198.779296875,0.0053219162055564324,0.002024997364727545
198.79394531249994,0.004432261728253961,0.0012815896502449448
198.80859375,0.0014592166333845717,0.0014136371061076478
198.8232421875,0.0017632288934904075,0.0022531010154479515
198.83789062499994,0.0010788834984371053,0.0014349824501179143
198.8525390625,0.002514662360037833,0.0003877000809151289
198.8671875,0.005351118698116111,0.001179869023828106
198.88183593749994,0.004820354296416514,0.0015718122312920572
198.896484375,0.001182865846706243,0.0007831443294556782
198.9111328125,0.0035689849832048126,0.0014430210231408704
198.92578124999994,0.004839775401986495,0.00213826854830673
198.9404296875,0.0020860803845114085,0.0016135497959577653
198.955078125,0.0024096180343317272,0.002414046972468298
198.96972656249994,0.004397253838002194,0.0024818298977789645
198.984375,0.003726490236507899,0.0008452484280135804
198.9990234375,0.0014686531014420643,0.0006893901129778714
199.01367187499994,0.0006501003945315939,0.0007633713921632255
199.0283203125,0.0032061802087230843,0.001578939078974805
199.04296875,0.005576596420789988,0.001333129928970947
199.05761718749994,0.005752227693772714,0.0008600603653670532
199.072265625,0.0038261659664894435,0.001166509097273976
199.0869140625,0.0023462912238779122,0.0009892444255248539
199.10156249999994,0.003405413346806458,0.0007665943950067428
199.1162109375,0.004582714276749009,0.000566711349058611
199.130859375,0.003675380535305455,0.0004347821647678458
199.14550781249994,0.0030497204821378467,0.0007187919185548294
199.16015625,0.0027357666138685104,0.0017456506953994206
199.1748046875,0.00198288766315229,0.002541481816436647
199.18945312499994,0.0006987308992142062,0.0021002962482153157
199.2041015625,0.0021170805798638405,0.002528623023777293
199.21875,0.0033106626478501726,0.003646440614114169
199.23339843749994,0.006090881424144699,0.0029246032745960555
199.248046875,0.009907458556764556,0.00221671169603071
199.2626953125,0.009893887275977179,0.003357810363579102
199.27734374999994,0.006107704928502331,0.0029339725016129838
199.2919921875,0.00281320503248996,0.0016916539898848568
199.306640625,0.0005703744351410074,0.002497239529824883
199.32128906249994,0.0020241085090004734,0.0026574401165608786
199.3359375,0.0019350551045252227,0.0016167649834052836
199.3505859375,0.002167592706991896,0.00156270710541067
199.36523437499994,0.0032184898786074083,0.0020028320519674056
199.3798828125,0.0054814169156422055,0.001525865831745152
199.39453125,0.007564234071183797,0.0009305357723650837
199.40917968749994,0.007444475810492686,0.001168609552378194
199.423828125,0.005868601867342451,0.0007809886228787163
199.4384765625,0.005269150334409994,0.00026272183292951875
199.45312499999994,0.005610193886940301,0.00045134164955930474
199.4677734375,0.004524911378277056,0.0005746419210449738
199.482421875,0.002471450689645216,0.0007028032841002545
199.49707031249994,0.004624433469668596,0.0007647791512648955
199.51171875,0.007257004544423105,0.0015603325980830668
199.5263671875,0.007623938708447911,0.0023976229128383265
199.54101562499994,0.00710035583142109,0.0023024580620249393
199.5556640625,0.007817384419879728,0.0030565925688860133
199.5703125,0.007497886573218727,0.0033763264267610456
199.58496093749994,0.00459391676566377,0.002377974287860877
199.599609375,0.0021739411188138684,0.002282020822300172
199.6142578125,0.0031174400891664554,0.0019958037241301677
199.62890624999994,0.0036858002851833773,0.001064553655706311
199.6435546875,0.005385008697026709,0.0007258795978820672
199.658203125,0.008333688488789152,0.0011579837038887555
199.67285156249994,0.009455972218940656,0.001555664143971712
199.6875,0.00838704308073436,0.001456114877816656
199.7021484375,0.008139644877724724,0.001232461499119957
199.71679687499994,0.007830318194754026,0.0015458590348232776
199.7314453125,0.006571511129468622,0.0015680143982914653
199.74609375,0.004601640171857154,0.0012430699132676018
199.76074218749994,0.004273840160369239,0.0019508698656173543
199.775390625,0.005785075172493352,0.0026324593967409927
199.7900390625,0.0065873802870744964,0.0021394740407669607
199.80468749999994,0.0060501691758923625,0.002401129825467494
199.8193359375,0.003668102518224455,0.0026093712622695083
199.833984375,0.0009177877421141334,0.0019520274186063341
199.84863281249994,0.0005321617645383379,0.0017400944072422386
199.86328125,0.0015670497723674285,0.0016305585121459177
199.8779296875,0.002719403631168693,0.0013727260053390683
199.89257812499994,0.0035089851039612897,0.0014657103850382544
199.9072265625,0.002856415882137183,0.0016229510619728473
199.921875,0.0010462019214344935,0.0019192278169436886
199.93652343749994,0.0013345426622023756,0.00218514764680431
199.951171875,0.002232375956574825,0.0014841242147751485
199.9658203125,0.005001815372667759,0.0016550955959828018
199.98046874999994,0.008336537761744155,0.001989269659167614
199.9951171875,0.009162796296974002,0.0011234579750161817
200.009765625,0.007728408909752088,0.0016708268773000412
200.02441406249994,0.005548033457395958,0.002473693469744097
200.0390625,0.002876908506649664,0.0013490805607454727
200.0537109375,0.0018630094247698893,0.0015934443197244575
200.06835937499994,0.0017731709344372935,0.002040005493322073
200.0830078125,0.0022437478844748956,0.001187029684706315
200.09765625,0.0027888751234032274,0.0006218354315599403
200.11230468749994,0.0031130798151073236,0.0018133315512081213
200.126953125,0.004664541396215579,0.0020907112570387313
200.1416015625,0.006660663606242328,0.0015619033817293093
200.15624999999994,0.008674412224243054,0.0017194440826612581
200.1708984375,0.010298739461358742,0.0017762315757080059
200.185546875,0.009506144916089827,0.001443427237922482
200.20019531249994,0.00703127681049279,0.0010285564006171871
200.21484375,0.004973600917683736,0.0017017732619804332
200.2294921875,0.004595752419223917,0.0016230282661091077
200.24414062499994,0.005065191075915933,0.0007737264682907161
200.2587890625,0.003876688742403512,0.001393252970026244
200.2734375,0.0016718759149636228,0.002121226822824669
200.28808593749994,0.002849748539206699,0.001996903718383919
200.302734375,0.006308888392270709,0.00175076036574175
200.3173828125,0.007231923136057545,0.003009560001149899
200.33203124999994,0.004850506101256155,0.003423044269762525
200.3466796875,0.0037057669673244645,0.002377030257743611
200.361328125,0.004999436528006224,0.0029091158274272564
200.37597656249994,0.0035617931754812963,0.003586783224740033
200.390625,0.004014703415763946,0.002284321631442401
200.4052734375,0.005932841338085508,0.001782619626241317
200.41992187499994,0.005873500492691671,0.0028563224195512407
200.4345703125,0.006145476930790983,0.0025664207975525767
200.44921875,0.00567177347575175,0.0015683956090078214
200.46386718749994,0.006208562099062583,0.002179267060853247
200.478515625,0.005133165320026731,0.0021722751090849216
200.4931640625,0.003610453090004009,0.0011755898313275369
200.50781249999994,0.004731824909023084,0.0008762840036627694
200.5224609375,0.0033156183650715253,0.001259235056292364
200.537109375,0.0029646216181211634,0.0006732533050518957
200.55175781249994,0.004389993788278892,0.001091388160226439
200.56640625,0.004482334506864619,0.0019452525982861007
200.5810546875,0.005119880745432526,0.001591844877197133
200.59570312499994,0.005763366572231196,0.0016336354983824066
200.6103515625,0.005108071455075354,0.0027113615497622473
200.625,0.003144299083005923,0.0026467255525473043
200.63964843749994,0.0022163291651618867,0.0019567248090879546
200.654296875,0.0028503812847645933,0.0021435949226339887
200.6689453125,0.002228900143266502,0.002412077935296054
200.68359374999994,0.002710997181746575,0.002526361129965606
200.6982421875,0.004584365382203023,0.0023259739450519007
200.712890625,0.0034084035266909343,0.0019899705085799487
200.72753906249994,0.0014579445087911007,0.0023496010361710876
200.7421875,0.0016324243535021747,0.0013601707567710932
200.7568359375,0.0024672947215105597,0.0010940027262780925
200.77148437499994,0.0032816505008223533,0.0018774132491652007
200.7861328125,0.0003411518153971967,0.0005623896896532754
200.80078125,0.0035413274194528114,0.0015833114756309853
200.81542968749994,0.004366381148346741,0.0015928165677749414
200.830078125,0.0034610772492353133,0.0012435416504047
200.8447265625,0.00385833203994495,0.0009805471726947199
200.85937499999994,0.005530521402067456,0.002532727380279722
200.8740234375,0.005114853245723711,0.003700208495258779
200.888671875,0.001496061563815151,0.003006782954875278
200.90332031249994,0.0016143735523532852,0.002759089192738587
200.91796875,0.002661791977681642,0.0026744418519757843
200.9326171875,0.004675042803210184,0.0017632369244321023
200.94726562499994,0.005254948517910029,0.0009441663296530341
200.9619140625,0.004533838657376736,0.0008664051129126884
200.9765625,0.004737153168643395,0.0010458303396819598
200.99121093749994,0.005441145084963599,0.0006347753002450049
201.005859375,0.004538559185004306,8.041450886450326e-05
201.0205078125,0.0021315103571715238,0.0003483561583454025
201.03515624999994,0.002800309135750569,6.49329519786121e-05
201.0498046875,0.003481803758413775,0.0005875406015658538
201.064453125,0.0026864869598896527,0.0002381758110014715
201.07910156249994,0.0016265031994353646,0.0009475197314509032
201.09375,0.0012456047236591716,0.001306628199970613
201.1083984375,0.003307158103938563,0.0007896628165006521
201.12304687499994,0.004259146829110597,0.0019793220052882997
201.1376953125,0.0024226611785368823,0.0016324478321669703
201.15234375,0.0004984675275149868,0.0011119112188408798
201.16699218749994,0.0014452225030491112,0.001516796132776023
201.181640625,0.002288383537368113,0.0013027970312047639
201.1962890625,0.004332080558578513,0.0011749503163334324
201.21093749999994,0.0055646315866905004,0.0014763551562851165
201.2255859375,0.005828818962904942,0.0023968475112352084
201.240234375,0.004767402745513318,0.002433031734586895
201.25488281249994,0.00709539690605528,0.0014480135422414216
201.26953125,0.009044145923903193,0.0010517455388434685
201.2841796875,0.007094973778978231,0.0010413142279736612
201.29882812499994,0.004311911132362747,0.001326459227772899
201.3134765625,0.002640206924598719,0.0010158752417171095
201.328125,0.0028454349472388837,0.00013106495853929212
201.34277343749994,0.0035247863161591915,0.0008749788259998103
201.357421875,0.002314384758838393,0.0018388723307749192
201.3720703125,0.00045628775921553836,0.0019174010425250753
201.38671874999994,0.0007723708705796277,0.000539747604719182
201.4013671875,0.0034146650578723184,0.0016426958282545758
201.416015625,0.005497932087364485,0.0019910132602899
201.43066406249994,0.004469077866145777,0.0017399457477060224
201.4453125,0.001557354241062375,0.0010047384637971268
201.4599609375,0.005250100606053954,0.0022613141085461573
201.47460937499994,0.006588795167946067,0.0034751598979241606
201.4892578125,0.003058209469373985,0.0024015735396957175
201.50390625,0.002063530696909023,0.0022282447329535723
201.51855468749994,0.0028858511100217847,0.0028944053907086816
201.533203125,0.0009242251526546071,0.0015111586779185835
201.5478515625,0.003202874399040784,0.0011898259782842835
201.56249999999994,0.004209209762609748,0.001976441386970455
201.5771484375,0.0035068410836885493,0.0016558754016920787
201.591796875,0.004807970694143449,0.0020102349122555945
201.60644531249994,0.004617828961525782,0.0025044018160326
201.62109375,0.002399169731311699,0.002392742761369366
201.6357421875,0.0028055249791639407,0.003005272288027885
201.65039062499994,0.0028226394756019524,0.003036810820736351
201.6650390625,0.0024481680147703305,0.0027084336284643683
201.6796875,0.0036961317227920767,0.003698566532402553
201.69433593749994,0.003998319775840743,0.003578977557509996
201.708984375,0.004056385069915056,0.0022533391004474932
201.7236328125,0.0051257867872533305,0.0028613820480751398
201.73828124999994,0.0031209200820199764,0.0021239937287266383
201.7529296875,0.002552444688590978,0.0003103419858135748
201.767578125,0.002080361644902146,0.0006558409626135347
201.78222656249994,0.0013555743694765548,0.001678869946240838
201.796875,0.0016834244800330899,0.0014171397864328136
201.8115234375,0.006815403081996816,0.001039922054547128
201.82617187499994,0.010231564778362517,0.0024394352899123565
201.8408203125,0.008501729825545215,0.00177823643549879
201.85546875,0.003717956506919565,0.001688812860752411
201.87011718749994,0.0015035633109869314,0.0030174867441769234
201.884765625,0.0034228896966372185,0.0023992030437551457
201.8994140625,0.005631809623923586,0.0018517962882025772
201.91406249999994,0.004516808150020675,0.0028883989947134942
201.9287109375,0.0005901141746314923,0.0023703183258174908
201.943359375,0.003779866903030996,0.0014132236203992126
201.95800781249994,0.004364074153054609,0.0019672147230229507
201.97265625,0.004033395909054135,0.002588829559883952
201.9873046875,0.004388276695666555,0.002399642205154563
202.00195312499994,0.0032606799862374782,0.002380260743747903
202.0166015625,0.0015562566165893109,0.0024112283915523783
202.03125,0.000671293033060104,0.0018826316040572485
202.04589843749994,0.0010717100079886204,0.0015378180089277095
202.060546875,0.0009344709898692863,0.0011672951306247769
202.0751953125,0.0010380333706802674,0.0011130906942596617
202.08984374999994,0.0021328583958437073,0.0013034358357805946
202.1044921875,0.002348304571464597,0.0012790465060425488
202.119140625,0.004182963576854921,0.002181406714292456
202.13378906249994,0.004237887966527322,0.002170784189941856
202.1484375,0.003319923440986851,0.0021717411527986392
202.1630859375,0.005313099978808309,0.0024571220486723903
202.17773437499994,0.0050237564604882785,0.0020163728865727547
202.1923828125,0.003145462164628999,0.0018637023788456567
202.20703125,0.002604224172466404,0.0021404339749158396
202.22167968749994,0.0034197025353362746,0.0019024840297670563
202.236328125,0.004378173033822579,0.0013170289531981756
202.2509765625,0.0063444704016758086,0.0008080827325113221
202.26562499999994,0.00682688191381057,0.00010802261278661478
202.2802734375,0.004417276351931511,0.0010045830031716577
202.294921875,0.003153093281369206,0.0010525010690527194
202.30957031249994,0.0017619849067833867,0.0012516744338218
202.32421875,0.005267362297790533,0.001714668502436657
202.3388671875,0.007845777348678305,0.001426684566498053
202.35351562499994,0.006890945188480449,0.0011165105740611812
202.3681640625,0.00396016765338503,0.0018409322739368138
202.3828125,0.0006906879071248424,0.0020417887620268397
202.39746093749994,0.003295855628909355,0.001718786453871801
202.412109375,0.006970345616715875,0.0025740431662642084
202.4267578125,0.007690652921289062,0.003124366172492892
202.44140624999994,0.005696463946684704,0.0024110567188919234
202.4560546875,0.0042204884003827796,0.0024200782191787845
202.470703125,0.003692884480507237,0.0019308755317696822
202.48535156249994,0.002991535469295171,0.0012717546775971842
202.5,0.002869267496962916,0.0014183141822657788
202.5146484375,0.003941248606285543,0.0014056857010680335
202.52929687499994,0.004209521654059102,0.0017978943942393876
202.5439453125,0.001954616867541197,0.002219340665575676
202.55859375,0.0036520001779927164,0.0016831697976001049
202.57324218749994,0.0055508379086087805,0.002101371366670979
202.587890625,0.003429569634768866,0.0017483252905255997
202.6025390625,0.0017023109955554875,0.0006375637252406818
202.61718749999994,0.003633982316198721,0.001145651373009412
202.6318359375,0.00387191894700747,0.0004770416258064828
202.646484375,0.004284580042246332,0.0009494294899075357
202.66113281249994,0.0049940202925467855,0.0010332130309737271
202.67578125,0.00483090697745838,0.0009583523841117401
202.6904296875,0.003516692362193418,0.0014549746999552254
202.70507812499994,0.0033008909383135817,0.00043679653475579464
202.7197265625,0.0016858423174284135,0.0005242375952798577
202.734375,0.0021843706693413824,0.0005912825110241806
202.74902343749994,0.004200933379304865,0.0017870466591963113
202.763671875,0.0029193018168189398,0.0020472731587707358
202.7783203125,0.0018987008715103423,0.0021463161406713198
202.79296874999994,0.003106602646489816,0.0028219576420465543
202.8076171875,0.0012733905257978,0.0020226691948279424
202.822265625,0.0021537635614698987,0.0016457491101036972
202.83691406249994,0.0034863386379227037,0.002112732914657956
202.8515625,0.002887629142604016,0.0009055306248587262
202.8662109375,0.003403600410946023,0.001277534758349038
202.88085937499994,0.003282069219228534,0.0018334293446231596
202.8955078125,0.0037839539959006853,0.00043270586240694677
202.91015625,0.0032236889419829775,0.0019819759880190446
202.92480468749994,0.001962771433293182,0.001621651755179229
202.939453125,0.007108432795532125,0.00048230452387956367
202.9541015625,0.006854976392585538,0.001319799893045204
202.96874999999994,0.0022786941254566047,0.0005246010772136244
202.9833984375,0.0025571051799288137,0.0022085536258449018
202.998046875,0.001828545784869251,0.0017734421192544003
203.01269531249994,0.005039605423109125,0.001147847786999726
203.02734375,0.006231996211612869,0.0026056498337399437
203.0419921875,0.0034160744682751464,0.0011311052609426558
203.05664062499994,0.0023294734627284184,0.0011706214721131638
203.0712890625,0.002463257723900309,0.001335281988747607
203.0859375,0.0015293030129774703,0.0001862205212313041
203.10058593749994,0.002154677375333518,0.0013247935546356869
203.115234375,0.002370457120982934,0.001621892949108905
203.1298828125,0.0017867447269134774,0.0013518907677744962
203.14453124999994,0.0018885959461831154,0.002043104036211543
203.1591796875,0.0014606207426829934,0.0025120246048423236
203.173828125,0.004921050614256549,0.002153874793337321
203.18847656249994,0.006836925616546973,0.001955068351890751
203.203125,0.006318875926689437,0.0014779445049019255
203.2177734375,0.005660895182996403,0.0009872761339322852
203.23242187499994,0.0061392959699575495,0.000796216477514458
203.2470703125,0.006204167471246196,0.0002823210280184185
203.26171875,0.00377459059268622,0.0008985475755025358
203.27636718749994,0.0028645244690077613,0.0008632421080113419
203.291015625,0.004756068667002838,0.00045255051291014206
203.3056640625,0.0043469902978520245,0.0004857484869600627
203.32031249999994,0.0027987608963061933,0.0021985585656583645
203.3349609375,0.0030742907376650995,0.0030594465750558592
203.349609375,0.004412393588845856,0.0024524047890691967
203.36425781249994,0.00496317181221415,0.0038309049390490004
203.37890625,0.004991094039859925,0.004632907099961155
203.3935546875,0.004734791738121152,0.003417639232442751
203.40820312499994,0.006745824721693864,0.0034002617019995495
203.4228515625,0.008560070557028331,0.004240939809172388
203.4375,0.006410129540777302,0.003377152860631523
203.45214843749994,0.002310960174397514,0.0020314896864005606
203.466796875,0.0025772376703451856,0.0018872013667186646
203.4814453125,0.0021965436080710133,0.001726906689766846
203.49609374999994,0.0011224315897776322,0.001705316677519924
203.5107421875,0.005520113674242666,0.0014077622068813939
203.525390625,0.007051569941609619,0.0016202973232528914
203.54003906249994,0.0036840215852274928,0.0011075716735543769
203.5546875,0.0011702132476967553,0.0002949106229554453
203.5693359375,0.0023100734457278433,0.0007686027822925989
203.58398437499994,0.0021345561305438398,0.001371944887249704
203.5986328125,0.002454467262409801,0.00141560978349687
203.61328125,0.0007071285467634069,0.00101357906410486
203.62792968749994,0.0023000708988752203,0.0007688079624577649
203.642578125,0.003557631832921443,0.0006994154747869935
203.6572265625,0.00394612206167799,0.0008832525919631679
203.67187499999994,0.003301933486149553,0.0009148136578184961
203.6865234375,0.0037319971863953353,0.0012895141750720374
203.701171875,0.00385157707013751,0.0014254203097377725
203.71582031249994,0.00242962959241328,0.0012931280444238333
203.73046875,0.0016793313589871127,0.0010959712846696356
203.7451171875,0.007240149439013142,0.0012986795022807975
203.75976562499994,0.009822614856022838,0.0015521669377572705
203.7744140625,0.0074948540367396664,0.0010651735164506283
203.7890625,0.0037137541123347215,0.000561706174056092
203.80371093749994,0.003130664049858074,0.0006298986075547919
203.818359375,0.004599083906356007,0.0019409557804672512
203.8330078125,0.005485566533481591,0.0026363730010368356
203.84765624999994,0.006385367474053521,0.002419548784087204
203.8623046875,0.006454729792034834,0.003281745062984356
203.876953125,0.003640593109766191,0.004006159490122396
203.89160156249994,0.004395683328147741,0.0035805725306117435
203.90625,0.007930945396234831,0.0034189674609770644
203.9208984375,0.006070980369551981,0.002748265535755748
203.93554687499994,0.0024247849806502543,0.0019187760959440605
203.9501953125,0.002225140710740992,0.002019672432374757
203.96484375,0.004428173452769329,0.002048651419441115
203.97949218749994,0.004663671652092634,0.0012317571293462678
203.994140625,0.0034183734576382838,0.001409292944073698
204.0087890625,0.003507399238901045,0.0013949966486111389
204.02343749999994,0.003328722413636526,0.0003967362233064036
204.0380859375,0.004914752147683258,0.0011168999085589422
204.052734375,0.005164342796294789,0.0010007029574383847
204.06738281249994,0.004183440345797839,0.00041175829040169555
204.08203125,0.004748892975017438,0.002125087320060315
204.0966796875,0.004023453558694898,0.0026269396101132056
204.11132812499994,0.0033169875772565967,0.001588848702023603
204.1259765625,0.003852256540795878,0.002133209475625538
204.140625,0.003284437480719952,0.0026820389686595804
204.15527343749994,0.0030430360999749826,0.0016032282899600646
204.169921875,0.0012605390074087457,0.0008559265297093352
204.1845703125,0.00305126522446806,0.0015519061283582219
204.19921874999994,0.005342649524411109,0.0007633057068434959
204.2138671875,0.003918258768602316,0.000550522932198758
204.228515625,0.001456124909015421,0.001343207341784875
204.24316406249994,0.001423973120710938,0.0014989661168266608
204.2578125,0.0012451323841275663,0.0010536681973451819
204.2724609375,0.001809268886578736,0.0020282966478388452
204.28710937499994,0.0044601668859733865,0.0027722602437069087
204.3017578125,0.006975780520649018,0.0026142567847054015
204.31640625,0.007260111379387249,0.002325189431073662
204.33105468749994,0.004375170570391848,0.0024958410080438255
204.345703125,0.0013502603912706416,0.002304040370593701
204.3603515625,0.0009220703441489847,0.0011364646421719484
204.37499999999994,0.0013193633036457598,0.0011113045432036392
204.3896484375,0.0021089190069033736,0.0016632046359204126
204.404296875,0.002886876105731777,0.0013421733642283746
204.41894531249994,0.005092693540926589,0.001916822539290698
204.43359375,0.006662925205866447,0.0035292259897398166
204.4482421875,0.0058580303674260325,0.0035469284736372045
204.46289062499994,0.005532177483426857,0.0030554927201307267
204.4775390625,0.006276585764693249,0.003925706343911549
204.4921875,0.0070388811209552435,0.0037727015554303253
204.50683593749994,0.007715961168578716,0.0023994805454169957
204.521484375,0.006993580544922666,0.0022089215314521787
204.5361328125,0.005333946522696215,0.0027254065938996444
204.55078124999994,0.00443511173749201,0.002023711372695988
204.5654296875,0.004904491535461255,0.0008600115785575226
204.580078125,0.005416500568751541,0.001065394499325718
204.59472656249994,0.004107913781992576,0.0003853797261664955
204.609375,0.002026610910380563,0.000722409388036989
204.6240234375,0.0012015119410106244,0.0010397330418165465
204.63867187499994,0.0021586665497562757,0.00038022634201237773
204.6533203125,0.003277526896194585,0.0006385930145923473
204.66796875,0.003379351141184736,0.0006283237230497571
204.68261718749994,0.002788547578566617,0.00014826696501736176
204.697265625,0.0023898066174408913,0.0009303064671050777
204.7119140625,0.002516653939019742,0.0013573019352748619
204.72656249999994,0.0042748359915559375,0.0010534690034074447
204.7412109375,0.006055972049513219,0.0011949005579283466
204.755859375,0.006024898469779903,0.0016345867916716789
204.77050781249994,0.004179422311265088,0.001013903011326649
204.78515625,0.0015137959436164893,0.00039429434788177124
204.7998046875,0.0013491404948700778,0.00045092469785706457
204.81445312499994,0.0027599469848744343,0.000899339237407382
204.8291015625,0.002578995146031572,0.001871823897980509
204.84375,0.0011302443190464395,0.0017834222543447109
204.85839843749994,0.004155021266561575,0.001315904876344887
204.873046875,0.005998801361320901,0.0021902243770111104
204.8876953125,0.0052182905205229065,0.002828803391304518
204.90234374999994,0.002830045650632318,0.0023320961261490405
204.9169921875,0.0016318917017399829,0.0020713448423281115
204.931640625,0.002625353210449843,0.001584318696236284
204.94628906249994,0.004211327236295606,0.0008817635492063935
204.9609375,0.0035433134410674276,0.0010056819520787056
204.9755859375,0.001430235286977136,0.0015527793593511805
204.99023437499994,0.0021578002998869344,0.001460006857369669
205.0048828125,0.004174666991607697,0.0008982993719512667
205.01953125,0.0029204208898737766,0.0008422961791875095
205.03417968749994,0.0032415667811865495,0.0013985369358833274
205.048828125,0.007253984546136494,0.0018096367730485756
205.0634765625,0.005616181502411246,0.0011855686623999688
205.07812499999994,0.0036251268198290434,0.0010272151403388527
205.0927734375,0.00557298327745283,0.0017990453964968603
205.107421875,0.004961541864743635,0.0017831985731682721
205.12207031249994,0.004545356690598586,0.001055603330694446
205.13671875,0.005157966160416893,0.0008907862078031027
205.1513671875,0.007155174088239525,0.002509355073584933
205.16601562499994,0.0065180911603272915,0.0024074826681847687
205.1806640625,0.0039808186559795,0.0009394268266978366
205.1953125,0.0019302416178458282,0.00210016328166058
205.20996093749994,0.0011557620882644008,0.0012800030965598543
205.224609375,0.0023284998324234,0.001171159598323926
205.2392578125,0.0027204849239111963,0.002233131649600864
205.25390624999994,0.001586283602585903,0.001539437370533396
205.2685546875,0.0013147551169899986,0.0020306446750705397
205.283203125,0.0019079462802092685,0.002665348531151369
205.29785156249994,0.0016581873110128225,0.001947353872530674
205.3125,0.0023167317154240627,0.0017999975730467808
205.3271484375,0.0017244439048989771,0.0017363314104575079
205.34179687499994,0.003912021120222928,0.0011431029484392182
205.3564453125,0.005471656290904023,0.0012199085266611238
205.37109375,0.004592568964089341,0.0013653054405854523
205.38574218749994,0.0038283737520980565,0.001593524471231535
205.400390625,0.0032760223042683856,0.0025500663037562763
205.4150390625,0.00382316605089145,0.0024649473339948226
205.42968749999994,0.004806109436727222,0.0022900675948572063
205.4443359375,0.00503535131486581,0.0030980092007602783
205.458984375,0.00457368207827555,0.002693586067187465
205.47363281249994,0.003676834553597214,0.001798773680155373
205.48828125,0.0027179389773915948,0.0021929405237856546
205.5029296875,0.0017938420045758453,0.0020418333617047172
205.51757812499994,0.0013827759526032714,0.001255628717215857
205.5322265625,0.0024282356591557434,0.0008738899449652536
205.546875,0.0028678577772276352,0.001312567360306816
205.56152343749994,0.0019392148123805045,0.0012252178530666126
205.576171875,0.003425416684590587,0.000865137594391272
205.5908203125,0.00550422427361987,0.0006887251626985054
205.60546874999994,0.0057658966507725135,0.0010923452080236833
205.6201171875,0.0034263747215350884,0.0016837186108244347
205.634765625,0.0020059798903637365,0.0012925137737098181
205.64941406249994,0.005153018775734593,0.0006307645325728288
205.6640625,0.006370844368661521,0.0013640246487023906
205.6787109375,0.005497900539699732,0.0013377277806185793
205.69335937499994,0.003372409339498609,0.0004679809197083302
205.7080078125,0.001622147046137075,0.0014015019862928684
205.72265625,0.001123799564792146,0.0013716186486302235
205.73730468749994,0.0019105208921292372,0.0003374255868000724
205.751953125,0.005643783275047418,0.0004931624713469183
205.7666015625,0.008281963955283494,0.0009521598473377418
205.78124999999994,0.0086657181119633,0.0014107778964685706
205.7958984375,0.007987946979418568,0.0011596604700000158
205.810546875,0.006691977711119558,0.0014050665401453494
205.82519531249994,0.0037266020977950163,0.001971081285079584
205.83984375,0.003770178532626234,0.0017116432477296052
205.8544921875,0.006784409676340296,0.0013946094155824738
205.86914062499994,0.0066800347241187845,0.0019435768275481722
205.8837890625,0.0028025803478408033,0.001818123579203532
205.8984375,0.004051880426253626,0.0011884312132953764
205.91308593749994,0.009118058418192555,0.000975514700231717
205.927734375,0.009488199587644765,0.0009381047922975231
205.9423828125,0.00766064308207694,0.0011554685244597272
205.95703124999994,0.007609893544103435,0.0012561759422768616
205.9716796875,0.006337080622969916,0.0013844990987248924
205.986328125,0.003170774910923053,0.0017094552199806133
206.00097656249994,0.0020355768680529987,0.0013747349637455602
206.015625,0.0037271191819584766,0.0010214642543804032
206.0302734375,0.003537704670859171,0.0013840448732794222
206.04492187499994,0.0005506949224519271,0.001776392008574513
206.0595703125,0.005083535093548136,0.0017447420721751897
206.07421875,0.007952046687461325,0.0018222923426090148
206.08886718749994,0.007072912100932764,0.0018053923499562936
206.103515625,0.00435075690062308,0.0014614325789464406
206.1181640625,0.0025245270925060292,0.0012888192603938847
206.13281249999994,0.004061838335426641,0.0010070109669842247
206.1474609375,0.0056224754639758075,0.0005904862474935515
206.162109375,0.0038828454930806998,0.00037611880650736306
206.17675781249994,0.005018789220527113,0.0004991511800544867
206.19140625,0.008399385893475666,0.001227161603314612
206.2060546875,0.008145689645115877,0.001133502695099823
206.22070312499994,0.006190439838119683,0.0016461098194787398
206.2353515625,0.005180730570138291,0.0019378714990958329
206.25,0.005086649493632515,0.0013133003926442067
206.26464843749994,0.004720046771544543,0.0012475863801247422
206.279296875,0.003181371315447429,0.0013708612455406997
206.2939453125,0.0014624516393905369,0.0007399813634583064
206.30859374999994,0.002120361493165822,0.0007963687123906323
206.3232421875,0.001115241190113796,0.0012511417780288968
206.337890625,0.0014234026445367964,0.0008270027386658322
206.35253906249994,0.003743783823104165,0.0010680913367620809
206.3671875,0.003703038754489922,0.0013213437845256864
206.3818359375,0.0007781116718980441,0.0009512885664843771
206.39648437499994,0.002324252675054738,0.0009360164140063664
206.4111328125,0.0030844811795103107,0.0008298141843812959
206.42578125,0.0026244309313369343,0.000747152701316421
206.44042968749994,0.0044607658264340265,0.0006643429692456344
206.455078125,0.007211629453156137,0.0006037609396100989
206.4697265625,0.008270327121379649,0.0012174121373855688
206.48437499999994,0.007299457073470687,0.001214063552701456
206.4990234375,0.0057158278471634094,0.0010878932301743168
206.513671875,0.004181623861514825,0.0018089550387888655
206.52832031249994,0.0023971974320310995,0.0017235454072476437
206.54296875,0.0010783921418774142,0.0011385516387178852
206.5576171875,0.0016734084188514558,0.0017150868548609936
206.57226562499994,0.0033155866348931096,0.002441387434307285
206.5869140625,0.0037891119845783073,0.0020399387527688436
206.6015625,0.0019629005796004536,0.001756269961304192
206.61621093749994,0.0012912021685234508,0.0018290564317651095
206.630859375,0.0012151465898773,0.0012295491351392485
206.6455078125,0.0029823252491242313,0.0005733128178428915
206.66015624999994,0.0055814275358853525,0.00045920430139734854
206.6748046875,0.005339124606036637,0.00022005034762100296
206.689453125,0.004309789646019017,0.00025956561832286775
206.70410156249994,0.004643903341579289,0.00039224722067166315
206.71875,0.00532594456584068,0.0004408200449854533
206.7333984375,0.004412289868627517,0.0012647271380818313
206.74804687499994,0.00389892082852007,0.0019229512839186512
206.7626953125,0.003204367082767869,0.001847650546834435
206.77734375,0.0016890225256363273,0.0026752441812237047
206.79199218749994,0.0014449772988018752,0.0027981367541183703
206.806640625,0.0049445295901552385,0.0018971121340171397
206.8212890625,0.008094467699253921,0.0021842594331169707
206.83593749999994,0.00830444295397021,0.0022522066972013545
206.8505859375,0.006204831035852151,0.001479437439484302
206.865234375,0.005732875700169258,0.001684449762136717
206.87988281249994,0.007652103056566624,0.002281376172538441
206.89453125,0.008419080226152299,0.0019137966662791243
206.9091796875,0.00692790424829469,0.001814846383456768
206.92382812499994,0.0035602194302742874,0.002697780214299752
206.9384765625,0.0023889674999096255,0.0028852556496278673
206.953125,0.003210002526461476,0.0024700838940285583
206.96777343749994,0.0026537825219118557,0.003082686845435579
206.982421875,0.004330292855492972,0.004023546684084592
206.9970703125,0.005448731681607656,0.00366864690950718
207.01171874999994,0.005234867378927064,0.003053030621027554
207.0263671875,0.006927846926759877,0.0036191919496616045
207.041015625,0.008568352829499429,0.0032412026696150603
207.05566406249994,0.007012621008956424,0.001993321654377679
207.0703125,0.0037858573917757122,0.002273529174194849
207.0849609375,0.0015435949873806192,0.0022155372756094012
207.09960937499994,0.0015905581646457308,0.0012144718901865167
207.1142578125,0.002097314565554438,0.001686184280569661
207.12890625,0.0027913740099413447,0.0018501357034085924
207.14355468749994,0.003564668596400456,0.0018643536215940772
207.158203125,0.0038596820469332517,0.002801918450332176
207.1728515625,0.006046587870258291,0.0030003749056170675
207.18749999999994,0.009462787017197192,0.003252811317997891
207.2021484375,0.010045408852644733,0.0038279057935846706
207.216796875,0.007357092794704711,0.003110784799494588
207.23144531249994,0.005726158219896045,0.0027326615375719418
207.24609375,0.006319713288306088,0.0026770804596920237
207.2607421875,0.005550127339090711,0.0013212860426642307
207.27539062499994,0.0042108098620049,0.0006655545700804601
207.2900390625,0.004983398323369911,0.0010106746363717537
207.3046875,0.0068698692410654825,0.0009906657645984735
207.31933593749994,0.005984495229598055,0.000426464849888116
207.333984375,0.0016581980878545585,0.0009761319391834017
207.3486328125,0.002658373794979023,0.0013629860020195452
207.36328124999994,0.0035111052679497384,0.001244154534045366
207.3779296875,0.001450525047226028,0.001712787169012348
207.392578125,0.0010861694139538884,0.002237397743209168
207.40722656249994,0.0013833956161615158,0.002077806567164212
207.421875,0.0016299401052030562,0.002039566450705815
207.4365234375,0.002702200519914973,0.0025689714358963743
207.45117187499994,0.0015117276630026788,0.00249800236756792
207.4658203125,0.0033611108088466893,0.002118034058221705
207.48046875,0.005713878241049706,0.002325182267130886
207.49511718749994,0.0052662315356694425,0.0021313853269345935
207.509765625,0.0060063115816099775,0.001732966891568527
207.5244140625,0.006962883680491561,0.00182960030767483
207.53906249999994,0.005023369181199531,0.001413848647403048
207.5537109375,0.0016088298406088195,0.0016430058688510231
207.568359375,0.0007745261722650344,0.001653395497650885
207.58300781249994,0.0011031397863118537,0.0015175622713917711
207.59765625,0.0009493839723831485,0.0020843246641110928
207.6123046875,0.0007299385379273989,0.0017455121543109799
207.62695312499994,0.002375224087709494,0.0014784316811496394
207.6416015625,0.0052036179687962435,0.0023385131391045998
207.65625,0.005371758368783726,0.0025806972333930604
207.67089843749994,0.0034119374846972358,0.0019052787059298222
207.685546875,0.002793161375083211,0.00208206849717589
207.7001953125,0.005635124443913666,0.002227289800121324
207.71484374999994,0.0070602254102898705,0.001579001540182756
207.7294921875,0.004808801787441761,0.0011777263367154789
207.744140625,0.001201729202739287,0.002017858004822964
207.75878906249994,0.0033472868948681953,0.0020811489819590277
207.7734375,0.0023100230937862583,0.0011359825136988896
207.7880859375,0.0023683532082228254,0.0009742219656793676
207.80273437499994,0.006471314540746803,0.0006246345168207258
207.8173828125,0.007056958074619139,0.0011040746608694382
207.83203125,0.004943838874376994,0.0016291944060456821
207.84667968749994,0.003314865541616974,0.0016890225613881463
207.861328125,0.0033476515434142902,0.0009122459179425888
207.8759765625,0.004358944603990588,0.0010019400163126886
207.89062499999994,0.004003959910356634,0.0008996259061804085
207.9052734375,0.0027763129196923817,0.0010181953681589022
207.919921875,0.0023942613194413965,0.0011194158798171643
207.93457031249994,0.0016422398495026362,0.0010858143166301978
207.94921875,0.002492025560617964,0.0027133333811321593
207.9638671875,0.0024690385044216106,0.0023179836805164006
207.97851562499994,0.003122783444029722,0.0013058463457570782
207.9931640625,0.004060354022527945,0.002635517498957554
208.0078125,0.0035377750873197243,0.0028352716569505832
208.02246093749994,0.0022191300252209097,0.0017837621262322453
208.037109375,0.005553402599488073,0.0026670835529254587
208.0517578125,0.005542924486067971,0.0034998336842412864
208.06640624999994,0.0004233374185503059,0.00288421044420904
208.0810546875,0.006909018032201024,0.003047314194870502
208.095703125,0.010696972306639232,0.004080126670926468
208.11035156249994,0.010469343661951987,0.003742361262700728
208.125,0.008371442426780383,0.0032527923959806714
208.1396484375,0.006170881441249621,0.0036853428766012394
208.15429687499994,0.00407877591465812,0.0036411988708020568
208.1689453125,0.00249479177027752,0.0034278960945522243
208.18359375,0.002148493124493551,0.003472008534635005
208.19824218749994,0.0022888269027106153,0.0029774556509669413
208.212890625,0.0032393382875909585,0.002752076813843718
208.2275390625,0.005869514558609094,0.002675972486785756
208.24218749999994,0.008932305015259663,0.0019043083594932268
208.2568359375,0.008989476885222204,0.0016026214890102553
208.271484375,0.005338633808592568,0.0020298640448193042
208.28613281249994,0.0017025325554816642,0.001622240275663157
208.30078125,0.0009780023803288222,0.0007096980721957661
208.3154296875,0.002852910512769163,0.0012014725568436455
208.33007812499994,0.003561942448201226,0.0007617045070630228
208.3447265625,0.0019670809925429232,0.0009525341429839559
208.359375,0.0012353671572398986,0.002144620074034513
208.37402343749994,0.0011218327919327292,0.0019732467209828426
208.388671875,0.0019905312262895993,0.0023100925240601942
208.4033203125,0.004648792773314693,0.003968241871174747
208.41796874999994,0.0063595381028743484,0.003870859703376346
208.4326171875,0.006007776575828666,0.003103832493854885
208.447265625,0.004268121514932947,0.004014015743248342
208.46191406249994,0.002640163677751272,0.0034287840759641562
208.4765625,0.0024898214864287047,0.0017681090487066382
208.4912109375,0.004920273460037741,0.0021367396342948934
208.50585937499994,0.006761053478703914,0.001908667067537771
208.5205078125,0.005636573688077641,0.0005114908955204086
208.53515625,0.0027634622600019097,0.001295388411929135
208.54980468749994,0.0013942390654881848,0.0010546735242272021
208.564453125,0.002181567251767628,0.0016202389890252389
208.5791015625,0.0014567814070118134,0.0022914485886264472
208.59374999999994,0.0025581345269322245,0.0019363444393334119
208.6083984375,0.004670184497541145,0.002414015351776403
208.623046875,0.006074607464910386,0.0033392345586591285
208.63769531249994,0.00666687920197896,0.0033039648288585638
208.65234375,0.008249319587844835,0.003267342236602748
208.6669921875,0.00946829953205141,0.004135444172669257
208.68164062499994,0.007499813955835705,0.0035805484942602896
208.6962890625,0.0052409677890160435,0.002136699213279908
208.7109375,0.006580502379258649,0.0030037908646548318
208.72558593749994,0.00894849043104974,0.003746739577172011
208.740234375,0.006877267725717729,0.002304445190016432
208.7548828125,0.004973790630287401,0.0029166555210903044
208.76953124999994,0.006878128071437652,0.003628433276997021
208.7841796875,0.00428316960196207,0.001910091863523634
208.798828125,0.006911300954228238,0.002507865070017299
208.81347656249994,0.009992011952074374,0.002822302285131177
208.828125,0.009548373996203533,0.0020116479712355305
208.8427734375,0.009085691641455828,0.0019637009022888748
208.85742187499994,0.011141481050865955,0.0032504948917664415
208.8720703125,0.010824887964306052,0.004143737351303507
208.88671875,0.005803838049687205,0.003938791462057486
208.90136718749994,0.003471436304241068,0.004007837532557852
208.916015625,0.005910669895505315,0.00408320239720661
208.9306640625,0.0035202412666512717,0.00326256361360552
208.94531249999994,0.005402452113168699,0.0024448484029027293
208.9599609375,0.00928151819889012,0.0015909817124460913
208.974609375,0.00895028695832552,0.0011200046533762149
208.98925781249994,0.0057178615987599395,0.0007388392451332163
209.00390625,0.0024544869965443528,0.00029070197432497593
209.0185546875,0.0016501055198872166,0.0009735330998244747
209.03320312499994,0.0034829601364244262,0.0011362591465506819
209.0478515625,0.00416538418624766,0.000617582652712067
209.0625,0.0028588338141817163,0.0017706731290041157
209.07714843749994,0.000963372491804065,0.0027135292044418525
209.091796875,0.0008724720420209832,0.002093613017282489
209.1064453125,0.00214700793247904,0.001835938348870978
209.12109374999994,0.002978113761487789,0.0027367229110972506
209.1357421875,0.0064891477124423514,0.002396757232374999
209.150390625,0.008119057316731595,0.0012827700889101233
209.16503906249994,0.006662527690277319,0.001709538048646302
209.1796875,0.0069056539263629806,0.001736231420350212
209.1943359375,0.007212003554848356,0.0011490365678752668
209.20898437499994,0.004428376344052262,0.0019122547482654892
209.2236328125,0.0005166064703631178,0.002488532766061349
209.23828125,0.0037540157658062876,0.0028554657880154157
209.25292968749994,0.0037980372306934455,0.002792200494341869
209.267578125,0.002420992315042527,0.003054895319749576
209.2822265625,0.004023853360584034,0.0033625234939194414
209.29687499999994,0.004793139487752929,0.0026548819342797274
209.3115234375,0.003478100689342263,0.002394637843568813
209.326171875,0.003054248264637379,0.003118499418982209
209.34082031249994,0.0017668643938414572,0.002262511695466235
209.35546875,0.0005502354195491552,0.0010232035611993685
209.3701171875,0.001029644206620533,0.001846783254256107
209.38476562499994,0.0017838896816469003,0.0014317797053420291
209.3994140625,0.004849322102763724,0.0013155629530293993
209.4140625,0.005256780017417236,0.003034191120944064
209.42871093749994,0.002429883408424868,0.0030929324425831156
209.443359375,0.004328111457834974,0.0027391770539184576
209.4580078125,0.005741910005521662,0.0037861137607517687
209.47265624999994,0.004078000575442772,0.0033378510641856457
209.4873046875,0.0014648001406060561,0.0020058014670233746
209.501953125,0.0020436514613266952,0.0018508595641156796
209.51660156249994,0.0036996544078140912,0.0021130851954804797
209.53125,0.004304734499296868,0.002146729127537045
209.5458984375,0.002661017356078096,0.0019094271436471643
209.56054687499994,0.003288896627103044,0.001754013713378554
209.5751953125,0.004533258899198314,0.001691922361368591
209.58984375,0.003475831764599125,0.0013525570019134866
209.60449218749994,0.0016625830412711619,0.0006293710065364325
209.619140625,0.0035700715915378102,0.00019936923889370099
209.6337890625,0.004672966721724659,0.0006329230845697027
209.64843749999994,0.0026059130444913083,0.0009688730002469473
209.6630859375,0.002019842602439462,0.0008541128160398866
209.677734375,0.004055669970889257,0.00035287479948287447
209.69238281249994,0.0052068499628901465,0.0010309682431369387
209.70703125,0.004851749599425462,0.0007493918514237001
209.7216796875,0.003490671417061068,0.0003990997199538191
209.73632812499994,0.002683914961955168,0.0009640056460258625
209.7509765625,0.0026574617812098605,0.00045779200515492905
209.765625,0.006244941630365874,0.0015833738158306675
209.78027343749994,0.008365401306043758,0.0025031003743722284
209.794921875,0.00726441132789285,0.001795470932040405
209.8095703125,0.006297796266015923,0.0020455416372453005
209.82421874999994,0.0057868465282814455,0.0035141982689623438
209.8388671875,0.00400078351495442,0.003226227540789134
209.853515625,0.0023482495080364573,0.0024505689978573265
209.86816406249994,0.0015138992272977958,0.0038412381878238397
209.8828125,0.001392297759844933,0.004122669194589107
209.8974609375,0.005491853944580068,0.002835000520549196
209.91210937499994,0.007049524456796023,0.0030208187741406402
209.9267578125,0.00522484759945689,0.003600920114617842
209.94140625,0.003414259718661282,0.0025359314863397965
209.95605468749994,0.0034466269297819562,0.0014699719405093738
209.970703125,0.003389329809728735,0.001941873948209605
209.9853515625,0.003385244335959526,0.001734158567457779
209.99999999999994,0.005559125842558535,0.0011888989866356647
210.0146484375,0.006962329744125618,0.0009433696406503916
210.029296875,0.005599157217159169,0.0017134914345081267
210.04394531249994,0.003038318506665797,0.001714592739111828
210.05859375,0.001470138134830377,0.0009653101229266123
210.0732421875,0.0005647096390586554,0.0005889396159882937
210.08789062499994,0.0005754246610434011,0.0009715476117571777
210.1025390625,0.0015725189711160094,0.0004211636568928754
210.1171875,0.002736596792135939,0.0011056842203933848
210.13183593749994,0.003284530761706664,0.0018762655698861053
210.146484375,0.0038151354415149157,0.0012514084330129485
210.1611328125,0.0043996068832995155,0.0017084294653056786
210.17578124999994,0.005594592238953549,0.0025378674997564815
210.1904296875,0.006003439211378718,0.0024122796374986847
210.205078125,0.0028576734875629148,0.002336643665070581
210.21972656249994,0.0009787532026316699,0.002738399635484952
210.234375,0.0017548378375086,0.002165172644916154
210.2490234375,0.001286122630548381,0.001463884121740604
210.26367187499994,0.002510945448803445,0.0007100188573201905
210.2783203125,0.0036041935924106634,6.84881471994638e-05
210.29296875,0.004598039787230591,8.331277715288822e-05
210.30761718749994,0.005563214238786287,0.0008774651151181537
210.322265625,0.005420446057735847,0.0012794614038618166
210.3369140625,0.005661991871583669,0.0011446774982743887
210.35156249999994,0.006499334679808264,0.0007780330258575995
210.3662109375,0.005891447863664565,0.002247936949666436
210.380859375,0.002743325306736017,0.0031012207547697866
210.39550781249994,0.0012103926936817549,0.002220130472910932
210.41015625,0.0027946993522717767,0.002432497255174118
210.4248046875,0.0015911921207517558,0.0031036349897043277
210.43945312499994,0.001748727864217269,0.0021154651117323876
210.4541015625,0.002718385988000541,0.0016362742610643631
210.46875,0.002219456415689054,0.0020508664771528994
210.48339843749994,0.0019620355888102276,0.0010509515270864767
210.498046875,0.005787225667013904,0.001513706424665691
210.5126953125,0.006452501200620859,0.0018097173249418295
210.52734374999994,0.0041255300064877995,0.0014294427033577006
210.5419921875,0.000645686158186634,0.0017823392615523724
210.556640625,0.0030909451350231445,0.0021242294192811233
210.57128906249994,0.004776152737395831,0.0020498927015974154
210.5859375,0.0030733538527833353,0.0020717769751751698
210.6005859375,0.0012010289296162273,0.0024325608424909774
210.61523437499994,0.0011883863592193847,0.002653633422788738
210.6298828125,0.001690601108681214,0.002412164654175406
210.64453125,0.0025854339941108915,0.002184609560922025
210.65917968749994,0.001834546734359052,0.002248967303409056
210.673828125,0.0020800118072497706,0.002341606748362657
210.6884765625,0.004893771663117062,0.0024379913265377656
210.70312499999994,0.008275755419689062,0.0025247123400852904
210.7177734375,0.009152320463733288,0.002493707747360428
210.732421875,0.008420899848990238,0.0017252494996016989
210.74707031249994,0.008028102451911549,0.0008125553667996736
210.76171875,0.007286665933619958,0.0013856763550735667
210.7763671875,0.004726717996189773,0.002360294768500613
210.79101562499994,0.002594778782175356,0.003323198916038975
210.8056640625,0.005802229470895765,0.0025868246923225684
210.8203125,0.0073666037215667345,0.001886301566708333
210.83496093749994,0.004967790520592349,0.0017429663181550243
210.849609375,0.0010685167663461947,0.0007909543371267902
210.8642578125,0.003506318010575417,0.0005129515535863076
210.87890624999994,0.004405883093338688,0.0009828186225432423
210.8935546875,0.00529915675985888,0.0016139495088414463
210.908203125,0.006837892925812861,0.0021750818957249926
210.92285156249994,0.007644766886479064,0.0025131538176847625
210.9375,0.006889994314747821,0.002898047963309361
210.9521484375,0.005198489166021807,0.0028264543391426917
210.96679687499994,0.005448799338841771,0.002426110753715665
210.9814453125,0.006603057841211273,0.002449771243013699
210.99609375,0.006395249794055575,0.0027183169107619625
211.01074218749994,0.004486335618347382,0.0024338298040311977
211.025390625,0.0014500826689199863,0.0017707919321090523
211.0400390625,0.0016408283767348777,0.0017133647038221765
211.05468749999994,0.0035792906363934875,0.002018697697658538
211.0693359375,0.0038363893577233665,0.0016685308620743645
211.083984375,0.002553982649904985,0.0008533538873419067
211.09863281249994,0.001503787621936654,0.0006438603489020598
211.11328125,0.0019272509347136055,0.0014987734921268932
211.1279296875,0.0031122457220407592,0.0022630731001112877
211.14257812499994,0.004365488334791499,0.001869031213190894
211.1572265625,0.003981262017112395,0.0012977638009061966
211.171875,0.0015764887604980985,0.001767635985678802
211.18652343749994,0.00047070935772149146,0.0020648917121535754
211.201171875,0.0009304637928220479,0.001824628623761241
211.2158203125,0.004241204244146867,0.001870866503495944
211.23046874999994,0.0054536801794502245,0.0024027715872063783
211.2451171875,0.0036366830155858186,0.002118804376409645
211.259765625,0.002632733273673603,0.0015949716027879833
211.27441406249994,0.0006761639917467195,0.0013999864709040098
211.2890625,0.0034183675239977044,0.0008856619071773629
211.3037109375,0.004889663145844241,0.0006220082587178306
211.31835937499994,0.0044005999974093815,0.0004558641968686543
211.3330078125,0.0040565780838442735,0.0002198578813402829
211.34765625,0.0036701924260590744,0.00030734292379809184
211.36230468749994,0.004119584162909007,0.0006880515213424839
211.376953125,0.005237388348632803,0.0007083517185018264
211.3916015625,0.004517890945469972,0.000509100115989074
211.40624999999994,0.002749914499501725,0.0004216026263525422
211.4208984375,0.0036972775546900236,0.0009049362562035141
211.435546875,0.006717669344170043,0.0015852727255701974
211.45019531249994,0.007804855315529297,0.0019445511844112739
211.46484375,0.006563230820536831,0.002674973648309463
211.4794921875,0.004783574529802505,0.0034867138942808996
211.49414062499994,0.003124511925128151,0.003786035436639064
211.5087890625,0.0008214022184282777,0.003961190103026316
211.5234375,0.002214762383113286,0.004094556199921305
211.53808593749994,0.004260871176084068,0.003834395343179828
211.552734375,0.005449591373305034,0.003547967583269266
211.5673828125,0.006718719463456149,0.003630549729923454
211.58203124999994,0.00894582315448889,0.003991039713312944
211.5966796875,0.00978855433873047,0.0039703172273266776
211.611328125,0.007586834767821146,0.0031159574134065372
211.62597656249994,0.005548132076789215,0.0022798664379477768
211.640625,0.005167258124467781,0.0015391500079201428
211.6552734375,0.0041739909133290155,0.00058855675929605
211.66992187499994,0.002668508676909279,0.0001231353114763381
211.6845703125,0.0018648210427311366,0.000167276779740372
211.69921875,0.000824159173576422,0.0008460371008944364
211.71386718749994,0.003865086798139552,0.0018539910026132932
211.728515625,0.004159433728124336,0.0017556508326494055
211.7431640625,0.003216234871353011,0.0014065180062504375
211.75781249999994,0.005294243117641555,0.00216155693152513
211.7724609375,0.00676438158442083,0.0024905769230098777
211.787109375,0.008644169685206335,0.0020333963427838823
211.80175781249994,0.010677271136036693,0.0026437468715174326
211.81640625,0.009567168884811243,0.003498210537397316
211.8310546875,0.006383337266603671,0.0022248774483779477
211.84570312499994,0.005931383302417445,0.001572793030910433
211.8603515625,0.005311164151918333,0.0016205167954146745
211.875,0.004983130558352815,0.00034386154305329964
211.88964843749994,0.005230715681960772,0.0013395834893348113
211.904296875,0.004249028254691605,0.0019085370467343276
211.9189453125,0.0030597922801423945,0.002110169415974359
211.93359374999994,0.0009756435790416654,0.0030950259224248387
211.9482421875,0.003928530524623255,0.003453266496485553
211.962890625,0.0060941562541090835,0.0029792579664852273
211.97753906249994,0.004363506120539009,0.002667250890667965
211.9921875,0.0028844076803347892,0.0024211851166605664
212.0068359375,0.0022891623223029243,0.001750502530707741
212.02148437499994,0.002333573778853968,0.0010039002472529714
212.0361328125,0.00286525816019662,0.0009102644286059527
212.05078125,0.0030045941872300537,0.0006681627359148832
212.06542968749994,0.0019040969270325361,0.0008320493771088465
212.080078125,0.0019199252185210952,0.0017244476840884496
212.0947265625,0.0029340840972226783,0.0020930174117300042
212.10937499999994,0.0013285197390553289,0.0024639819694161273
212.1240234375,0.002916226484517229,0.0032238003376407875
212.138671875,0.0037602136645841873,0.0029953073557897943
212.15332031249994,0.0023127349929625745,0.002641341549662609
212.16796875,0.0011918119423250336,0.0032320154606510503
212.1826171875,0.0016418087562098487,0.0035243832090053077
212.19726562499994,0.0026045401092406766,0.0032729944731831125
212.2119140625,0.0031069471240028883,0.003500195146122356
212.2265625,0.0018790810028306217,0.0031438558310015467
212.24121093749994,0.0016803225169095526,0.0020786689591347357
212.255859375,0.0026515224317929906,0.0013730643384747946
212.2705078125,0.0030416195729835852,0.0008123228557931238
212.28515624999994,0.00692886357279615,0.0009958218048815868
212.2998046875,0.008333701169720858,0.0011711368896113164
212.314453125,0.00463042606603919,0.001158653185014468
212.32910156249994,0.000381757563948009,0.0009034809582997254
212.34375,0.00189352643709751,0.0005602609138255027
212.3583984375,0.0013447629089499587,0.0009814301482893187
212.37304687499994,0.0025036499531396602,0.00132987360129733
212.3876953125,0.004806166066382323,0.001956479446917313
212.40234375,0.004727022486072157,0.0016089496530614954
212.41699218749994,0.0020376068113074543,0.0008639176798906492
212.431640625,0.002386684367467312,0.0008279853978885778
212.4462890625,0.0027490499958430586,0.0002796771443354486
212.46093749999994,0.0022424957441052763,0.0003496413578044695
212.4755859375,0.002292667363717778,0.0008252697996761919
212.490234375,0.0036146055946412927,0.0010260301038266394
212.50488281249994,0.004566450518971849,0.0011216951829438548
212.51953125,0.004648350690754365,0.002021136945903722
212.5341796875,0.006688269897079036,0.0024979593906835316
212.54882812499994,0.007766383821208773,0.0022637245550438784
212.5634765625,0.005700936703543109,0.0025798411098397877
212.578125,0.003628354512771314,0.002981080692231225
212.59277343749994,0.003664506168228174,0.0024163623506518687
212.607421875,0.004565774344345262,0.0018446077939233987
212.6220703125,0.005589145828556442,0.0019920561294147947
212.63671874999994,0.005193427744632425,0.001391924135631123
212.6513671875,0.0037826271032139628,0.0008448797764170952
212.666015625,0.00339507627645293,0.0014477258793447027
212.68066406249994,0.0024062232861350747,0.0015374501123624836
212.6953125,0.003510909579890162,0.00101490427331495
212.7099609375,0.006794984857180994,0.00150009965824702
212.72460937499994,0.00658800087169817,0.0018495807809093528
212.7392578125,0.0035764143346701523,0.0013615159684971956
212.75390625,0.0020018966022155144,0.0010691351359060329
212.76855468749994,0.0036353375842286947,0.0018522694654156634
212.783203125,0.005577945271028439,0.0025211922499328403
212.7978515625,0.0059136015773087166,0.0022395322362320303
212.81249999999994,0.005414595617182375,0.0018454932550124818
212.8271484375,0.004068702299107525,0.001715388939850192
212.841796875,0.0028630592031619224,0.0014264747663213237
212.85644531249994,0.003656781501720034,0.001168148749420685
212.87109375,0.0035019935211291595,0.0010059220429636869
212.8857421875,0.0013297960840988909,0.0009116781598867271
212.90039062499994,0.0031317312382899707,0.001174283462436335
212.9150390625,0.004706093315852839,0.0010649820669080953
212.9296875,0.0036403541739307463,0.0005058009280591711
212.94433593749994,0.0014957154654209367,0.00019349025087619392
212.958984375,0.0032837565669297185,0.0008542570948899381
212.9736328125,0.006419413724028104,0.0010908866647622796
212.98828124999994,0.005795089666768828,0.0005784845703034647
213.0029296875,0.004299218793088425,0.0007325734381038502
213.017578125,0.0027494991686814766,0.0011010702480004765
213.03222656249994,0.0007813995739147672,0.0009441705144208959
213.046875,0.003031197383269199,0.0011348068549831268
213.0615234375,0.004196271572092197,0.0014970627057446576
213.07617187499994,0.005171905375248524,0.0016416546693773621
213.0908203125,0.004949135934585861,0.0017298066048814134
213.10546875,0.003719582515015933,0.001445359105799571
213.12011718749994,0.0016387793502680365,0.001134572093851208
213.134765625,0.0014139817297371357,0.0005649184644861247
213.1494140625,0.0027809372043785994,0.00028802308247245957
213.16406249999994,0.002678042865165876,0.0006700150748376107
213.1787109375,0.004121998435119711,0.0009854764272608902
213.193359375,0.003921012459765082,0.001298107063225156
213.20800781249994,0.0022848197847281106,0.0009308959158709668
213.22265625,0.0011510196537992444,0.0008393396828293947
213.2373046875,0.0010273160789717108,0.0008130519585219658
213.25195312499994,0.003463486997438618,0.000609394117673256
213.2666015625,0.006453843149232676,0.0008959678456292988
213.28125,0.007092104366048597,0.0007990981627902384
213.29589843749994,0.005797009469117749,0.000514631936547983
213.310546875,0.00481272542916121,0.000740222988191246
213.3251953125,0.005162453140987198,0.0011663459686493346
213.33984374999994,0.006311859444901018,0.001131734676455819
213.3544921875,0.00749458269694745,0.001370593612227344
213.369140625,0.008028362126042996,0.0016397577679774591
213.38378906249994,0.00686174262642717,0.0006921653612791465
213.3984375,0.006159498047346223,0.0007385329750844231
213.4130859375,0.008197996675343067,0.00032909495279168186
213.42773437499994,0.007719602975166698,0.000773811189478698
213.4423828125,0.0038855003462978954,0.0011189521089775977
213.45703125,0.0011471966489536238,0.0006444122929932328
213.47167968749994,0.00305357483796005,0.0006186368753675356
213.486328125,0.002604757242828776,0.001411176975705305
213.5009765625,0.0006792857644296401,0.001512313615810186
213.51562499999994,0.0026880681144190385,0.0006566319265318176
213.5302734375,0.0035835958156712204,0.0010775497620829793
213.544921875,0.004526780034040164,0.0013970926908107092
213.55957031249994,0.007304677461880528,0.0007919331488382944
213.57421875,0.008668107916235573,0.0006498003759634198
213.5888671875,0.007509498811174217,0.0016191933115310836
213.60351562499994,0.0064647893654051665,0.00139060460053812
213.6181640625,0.005283477826917386,0.0016009669725750332
213.6328125,0.003565677232575871,0.0023476296830360743
213.64746093749994,0.0029712586816095306,0.0021188485120461663
213.662109375,0.0019381420449783148,0.0014144800289273786
213.6767578125,0.0009357586192809613,0.0015520820838703976
213.69140624999994,0.0005611522682061237,0.002171519671198705
213.7060546875,0.0038359216011392074,0.002107475994081214
213.720703125,0.006915103538570182,0.0017667134628331696
213.73535156249994,0.006893616528805922,0.002125818790340099
213.75,0.004478809193988869,0.0015051930504751483
213.7646484375,0.0025808935748202933,0.000619815090576549
213.77929687499994,0.0018982797047097774,0.000756025336014786
213.7939453125,0.0029832853039236528,0.0008132806695302408
213.80859375,0.004914758047435935,0.00044894106961498143
213.82324218749994,0.005621952321955653,0.000860439311411981
213.837890625,0.0046743463785731115,0.0018291707363003568
213.8525390625,0.005204663505361219,0.001966186926486524
213.86718749999994,0.008329207334994775,0.0014823914669267542
213.8818359375,0.009404754899231121,0.0023072296698431814
213.896484375,0.007286288884527276,0.0028882331647516564
213.91113281249994,0.005950331518380254,0.00208258620785778
213.92578125,0.008019842850141493,0.001523394651673877
213.9404296875,0.009344897287407226,0.002201767584967093
213.95507812499994,0.007010135169490758,0.0013766194966966844
213.9697265625,0.004255825344564612,0.00047966604254845056
213.984375,0.0037080561227489125,0.0006777745123602169
213.99902343749994,0.0024443527325372556,0.0011807344562130937
214.013671875,0.006487237926072259,0.002386951724408514
214.0283203125,0.01043896913907463,0.0025512370779380406
214.04296874999994,0.00925975932350478,0.002257839806855257
214.0576171875,0.0044234654309515415,0.002008286724133008
214.072265625,0.002691866109276167,0.001966102735884882
214.08691406249994,0.003206220917875336,0.001643219344517149
214.1015625,0.0032678486211867434,0.0010038992869133088
214.1162109375,0.004237279408252016,0.0006037859362289545
214.13085937499994,0.005174595071841813,0.0013720986174275492
214.1455078125,0.00628413225045856,0.0014601924513259106
214.16015625,0.007430807684389084,0.0003592357630107737
214.17480468749994,0.006388357106928462,0.0005146185283889212
214.189453125,0.0037332908012600043,0.0003637363587873997
214.2041015625,0.0030955798531900978,0.0012981862864215956
214.21874999999994,0.00477263183864981,0.0009308952217560828
214.2333984375,0.007065913040058971,0.0003273110404268869
214.248046875,0.008079413474258532,0.0007638671709027471
214.26269531249994,0.0072922108341389865,0.0015346878943562512
214.27734375,0.005599638580760504,0.0016229420618143011
214.2919921875,0.004773485041475983,0.0017966674762854484
214.30664062499994,0.0045925164376325244,0.0015710304775396768
214.3212890625,0.003930921025429718,0.0010266814221820003
214.3359375,0.0030915683585655287,0.0010514716597565922
214.35058593749994,0.002096256114749315,0.00045702983230525647
214.365234375,0.000902227637284555,0.00044664878211872613
214.3798828125,0.005409922847581861,0.0006740762272748263
214.39453124999994,0.006989300367838343,0.0004921251089220069
214.4091796875,0.003793673317846461,0.0009198340151611314
214.423828125,0.0018315024746784377,0.0012225084971661249
214.43847656249994,0.00150780407985597,0.0014175461933591238
214.453125,0.003854859922902062,0.0020955410912537305
214.4677734375,0.008638177197277315,0.0022687479061518465
214.48242187499994,0.010043321438419465,0.0021437576343736066
214.4970703125,0.008631670320363619,0.0027699953308359345
214.51171875,0.006785248525669439,0.0025708878018273805
214.52636718749994,0.006262015850080003,0.0016931311107466636
214.541015625,0.007645671046490428,0.0020620336052886434
214.5556640625,0.008246592697595896,0.0026515139669166816
214.57031249999994,0.006564081858964795,0.0019383797661074638
214.5849609375,0.004740346486889091,0.001186503067778269
214.599609375,0.004133758514028463,0.0013460469982414602
214.61425781249994,0.003674902373650589,0.00027709639631915003
214.62890625,0.002960608755852339,0.0015147714760676836
214.6435546875,0.003632200636086419,0.002224420269229148
214.65820312499994,0.005765376006227911,0.0024046206244596035
214.6728515625,0.0068876800197558916,0.0027510170904295373
214.6875,0.006013001640012146,0.0026102249746081064
214.70214843749994,0.004919250460067562,0.0021315032160991276
214.716796875,0.005369372829910263,0.0019521300565115036
214.7314453125,0.005970423345892871,0.0022754872694629178
214.74609374999994,0.005654003404461669,0.0029056557155204814
214.7607421875,0.006973197435815413,0.003500090298263056
214.775390625,0.008334342639460073,0.003121562785965992
214.79003906249994,0.007415233088275632,0.0020399196286313313
214.8046875,0.006542120082638406,0.0018832866826108768
214.8193359375,0.005856545369325594,0.0022722251951340397
214.83398437499994,0.002970744350926972,0.0019861227391083187
214.8486328125,0.0012804322269778221,0.0008447808018513447
214.86328125,0.0017880845185339,0.0007937852949201674
214.87792968749994,0.0009226776187213812,0.0016140369186417914
214.892578125,0.0007220786023644059,0.0024388361906854503
214.9072265625,0.005157115429003482,0.0018420783365899291
214.92187499999994,0.009599665298088983,0.0015810019414969937
214.9365234375,0.00895849905567152,0.0025563432311312174
214.951171875,0.004939213911637908,0.002022895224105705
214.96582031249994,0.006230865604535922,0.00044359061500297747
214.98046875,0.008243600776946615,0.0012448218016662708
214.9951171875,0.006786865683058398,0.0006081091539350982
215.00976562499994,0.002931470732094778,0.0009505268438377961
215.0244140625,0.0010773552116573777,0.0016980000558183312
215.0390625,0.0010182536368162785,0.001616885846449826
215.05371093749994,0.0023380929726128066,0.0016867356677260125
215.068359375,0.00546333561889634,0.002336678997738544
215.0830078125,0.006119177157136617,0.002920682878463155
215.09765624999994,0.004682646709428276,0.002567475701415117
215.1123046875,0.003180703083993333,0.0014576673426355239
215.126953125,0.0035400541203869313,0.001165359063254877
215.14160156249994,0.004192423386766006,0.0014822403386861437
215.15625,0.0026655256537394772,0.0017957730680338256
215.1708984375,0.000730387663014849,0.0013727812741527678
215.18554687499994,0.0020249866535683603,0.0010886949032404448
215.2001953125,0.002692013144911982,0.0021805073040589303
215.21484375,0.0024729859033493337,0.0021188235804696334
215.22949218749994,0.0020886182909151695,0.0007352300089821185
215.244140625,0.002922067024327698,0.001100159355040904
215.2587890625,0.0023555542531241832,0.0006258085345463241
215.27343749999994,0.00248377007609749,0.001204733757605347
215.2880859375,0.0061927419884853264,0.0021844752368789418
215.302734375,0.0063440146035794445,0.0023515497354721637
215.31738281249994,0.003896017714404378,0.0027514506472858377
215.33203125,0.005024160967677408,0.0032392831981787355
215.3466796875,0.0065249744124721175,0.0033370605529970537
215.36132812499994,0.005744272672582015,0.003304533090010793
215.3759765625,0.0047982756084442475,0.003158345551581977
215.390625,0.00427946983116702,0.0028896513444322237
215.40527343749994,0.0024401384717839484,0.002853430434953022
215.419921875,0.002092521726206865,0.002712649283157751
215.4345703125,0.004822759341946438,0.0021212876056050695
215.44921874999994,0.006027675115088006,0.001950995608841753
215.4638671875,0.006814811232755449,0.00270227394326403
215.478515625,0.007258018220088745,0.004005147768329192
215.49316406249994,0.006038483262975109,0.0037522317940511863
215.5078125,0.004383347083316406,0.0026561025067286964
215.5224609375,0.004507874920867344,0.0027630589173231893
215.53710937499994,0.005674175887378403,0.0035261051748829582
215.5517578125,0.00786784156708732,0.0040488383069155085
215.56640625,0.010101716794860835,0.004284625515640018
215.58105468749994,0.009585640982583637,0.004460439901022652
215.595703125,0.007095619809058227,0.004512204306941665
215.6103515625,0.006168830041770629,0.004130623198781475
215.62499999999994,0.005649069768929217,0.0029944184657281765
215.6396484375,0.005956570952577087,0.0022524918428317884
215.654296875,0.007760952007549158,0.002521145308967424
215.66894531249994,0.00830073105848146,0.0023792091887959617
215.68359375,0.005267141464260755,0.0017122570887200374
215.6982421875,0.003868451443994936,0.0017327217834849985
215.71289062499994,0.007109058986029217,0.002715666232317729
215.7275390625,0.008109315003424473,0.0027639036270487635
215.7421875,0.006361134155287736,0.0021297373809151367
215.75683593749994,0.0040923927479042475,0.0022059597722387564
215.771484375,0.004130945207792541,0.0019570299885485675
215.7861328125,0.005863308893575256,0.001381575502558409
215.80078124999994,0.007292147894075152,0.0014671823932843318
215.8154296875,0.0069435968231005545,0.0017215975615743804
215.830078125,0.007405376001191568,0.0011784455460430714
215.84472656249994,0.008724933371337075,0.0005402201082322114
215.859375,0.008120348908151675,0.0005935390733524884
215.8740234375,0.005936130161011685,0.0012920753220990947
215.88867187499994,0.0017171545396382857,0.0015937379890264846
215.9033203125,0.004525926363000609,0.001272847916451668
215.91796875,0.00523817571892937,0.001511299851779979
215.93261718749994,0.003938501820295753,0.0007985569035796157
215.947265625,0.0033667374997231243,0.0006499172317352103
215.9619140625,0.000955177037790996,0.0011587263336221719
215.97656249999994,0.0029177022967492973,0.001812027157942388
215.9912109375,0.005752845933947152,0.002981927873273775
216.005859375,0.007597809696890475,0.0030246034183858163
216.02050781249994,0.006393150687773182,0.003000304839791829
216.03515625,0.0034088526635126406,0.0035261986740382904
216.0498046875,0.006576022505387561,0.0031970971499555435
216.06445312499994,0.00830054790180117,0.002842047379725818
216.0791015625,0.005985835817346892,0.0030693819459226817
216.09375,0.004084260129344757,0.0027010162423155163
216.10839843749994,0.006251524775837489,0.0022410086616679206
216.123046875,0.006711377350462834,0.0020723421768567333
216.1376953125,0.0044876307671837794,0.0018841124443495848
216.15234374999994,0.002591706113547118,0.0019901708153718736
216.1669921875,0.006447502937233005,0.0018648493244412727
216.181640625,0.009566335124491126,0.0014276987353502503
216.19628906249994,0.008641941487422785,0.001525445543227457
216.2109375,0.004481466180689798,0.001396847608655116
216.2255859375,0.0011731719240240862,0.0010064212384628178
216.24023437499994,0.003390654241981414,0.0016101474632155236
216.2548828125,0.0034592043321127275,0.0015219812461988865
216.26953125,0.0011382598830066,0.0006838468100782934
216.28417968749994,0.0020944715450152227,0.001083193788630048
216.298828125,0.005463411833616045,0.00023793376638122455
216.3134765625,0.006955755151295008,0.0009928965961585442
216.32812499999994,0.005002430193776493,0.00032636794945114356
216.3427734375,0.004401814732819022,0.0012482176630258268
216.357421875,0.0053691864302947935,0.0010441240097409437
216.37207031249994,0.004105720739687427,0.00022192697011708278
216.38671875,0.0028772792169044084,0.0005885959323150746
216.4013671875,0.002655375553552461,0.0003849237329437571
216.41601562499994,0.003188760640204651,0.0010973624451057688
216.4306640625,0.003601459615181178,0.00083661178441166
216.4453125,0.0045416471613713835,0.0008986721924359065
216.45996093749994,0.006162845056815227,0.0012450951193414552
216.474609375,0.006549851213269316,0.0007258318108208882
216.4892578125,0.0044976087972219405,0.00018682623805152615
216.50390624999994,0.0035181658214635124,0.00027999610742913055
216.5185546875,0.0055447923007560206,0.0008314901061261936
216.533203125,0.0034483494850890647,0.0010691269968794701
216.54785156249994,0.0026179221999868153,0.0010301796817956323
216.5625,0.006588769895747512,0.0009923161449652423
216.5771484375,0.00502417433057544,0.0006592733486171673
216.59179687499994,0.0023669681272489515,0.00037783728359630134
216.6064453125,0.003431902983879509,0.000635880023322735
216.62109375,0.005764401902386265,0.001396228351200715
216.63574218749994,0.005628876118609571,0.0018087962338215681
216.650390625,0.0027953427223510272,0.0014828446139887857
216.6650390625,0.0030619422732123475,0.001753542193870592
216.67968749999994,0.004238712239677458,0.0018421951217378492
216.6943359375,0.004298590086833708,0.0011857267442232737
216.708984375,0.003764823331510437,0.0009219643796340426
216.72363281249994,0.0045757705356105766,0.0018358616938759652
216.73828125,0.005347757290528971,0.002182407369100158
216.7529296875,0.004615287376192114,0.0015581490925984938
216.76757812499994,0.0028967950410980453,0.0017687566113413645
216.7822265625,0.0023244360091557417,0.0018083577237472351
216.796875,0.0034905748316663996,0.0012364566590508863
216.81152343749994,0.003086306672724525,0.0016011376627006093
216.826171875,0.0019385562504174623,0.0020097089411478196
216.8408203125,0.0019885712249314417,0.0016613985654529038
216.85546874999994,0.0028228969344516954,0.0018194163112107186
216.8701171875,0.005606195992594857,0.002698788562976214
216.884765625,0.0058197380470390095,0.002699130288923485
216.89941406249994,0.0031436707548752724,0.0023257724811203183
216.9140625,0.005356305488641725,0.0026583243019291086
216.9287109375,0.007701635983051247,0.0023124972709387052
216.94335937499994,0.006131235500901245,0.0014754198196249505
216.9580078125,0.0020723133840500163,0.000921157839675562
216.97265625,0.0015079359366609363,0.00045864127593801693
216.98730468749994,0.0025663433243962607,0.0002482525389150284
217.001953125,0.002456238689097412,0.0011517905092869065
217.0166015625,0.003938175509797259,0.0013784550088969123
217.03124999999994,0.004439856426298812,0.0011237546969533494
217.0458984375,0.004357084876110105,0.0019551363935215397
217.060546875,0.006102844474113676,0.002560116821457166
217.07519531249994,0.006986294608847633,0.0019903254080969133
217.08984375,0.005571328470607579,0.002253874863791243
217.1044921875,0.002785762371023132,0.002479532064098879
217.11914062499994,0.002611645155244034,0.001724634196047833
217.1337890625,0.0036398758556847187,0.0019074481178956262
217.1484375,0.003324821347626739,0.0025075964825155878
217.16308593749994,0.002532119772995737,0.0018712052688644079
217.177734375,0.001651973808665431,0.002350392151820004
217.1923828125,0.003864831153389313,0.0025925271269645694
217.20703124999994,0.005155228150821847,0.0021271972049750295
217.2216796875,0.004588097481649642,0.002832852610669861
217.236328125,0.004053241210474045,0.0030837855119164284
217.25097656249994,0.004706899494870736,0.0026121670174710544
217.265625,0.0054354846651796995,0.0028113133463931288
217.2802734375,0.0031216037213751655,0.0028218910957370762
217.29492187499994,0.002981251200166595,0.002211327007368808
217.3095703125,0.006310652571913093,0.0018992683657011239
217.32421875,0.004545763161544903,0.0019866677609090286
217.33886718749994,0.0009734056357831124,0.0015900270907305896
217.353515625,0.0021465101142807605,0.0011533721952764647
217.3681640625,0.005067062487241775,0.001510359820495452
217.38281249999994,0.007454881292371048,0.0026723049515266035
217.3974609375,0.008113155953995714,0.00290379111104293
217.412109375,0.008443658094695257,0.002356299268695911
217.42675781249994,0.008969655462252616,0.0025558038845374356
217.44140625,0.00735018083123331,0.0015050092799067097
217.4560546875,0.004170751592165316,0.00041507685313136087
217.47070312499994,0.002050978623918772,0.0006519096382498773
217.4853515625,0.0028608650380702993,0.0019803483488535665
217.5,0.003978554876627888,0.002530429451357609
217.51464843749994,0.004856793696989927,0.0014635160301017718
217.529296875,0.006604437885893454,0.0014428084100007398
217.5439453125,0.00748960271321927,0.0014955133233423368
217.55859374999994,0.005670803219599672,0.0009539608413586316
217.5732421875,0.0032630978154473897,0.00030182386536922517
217.587890625,0.002371979326146854,0.0006107242548251768
217.60253906249994,0.00113884629232334,0.001440422292331899
217.6171875,0.0017349753037279466,0.0016005662006994498
217.6318359375,0.0027128538500332793,0.0012423073099906662
217.64648437499994,0.0037209582427863916,0.0012515619667332505
217.6611328125,0.004802861131870294,0.0011421219911255426
217.67578125,0.005230736910838521,0.001696091039165251
217.69042968749994,0.005891609786844996,0.0024651691996986835
217.705078125,0.007802739182655304,0.003171307060208463
217.7197265625,0.008447671596739268,0.003274114553653603
217.73437499999994,0.007566823619820119,0.0032558051672087365
217.7490234375,0.005561113575440836,0.003522065733298631
217.763671875,0.0018751267837808251,0.003545886736742386
217.77832031249994,0.0038697381105447784,0.003097079716806924
217.79296875,0.00789565102723241,0.0026839953568152043
217.8076171875,0.00668212780987089,0.0020464929531180394
217.82226562499994,0.0019460357253749292,0.0011077130269067069
217.8369140625,0.0025361133211570888,0.0008530368554935833
217.8515625,0.001403952103056511,0.0011728102792180907
217.86621093749994,0.00306212229903259,0.0008260049212316322
217.880859375,0.005043411043599067,0.0009878722750677191
217.8955078125,0.003194464439924885,0.0016326708414697532
217.91015624999994,0.0023033177318826812,0.0012388531805112837
217.9248046875,0.004683232411814615,0.0018465686111710778
217.939453125,0.005166278216909808,0.0024239134019356195
217.95410156249994,0.0037742007226926728,0.001916856946369735
217.96875,0.005367382008998695,0.002098268007639505
217.9833984375,0.005401950975885919,0.0020184391658803437
217.99804687499994,0.0027304092308979887,0.0013242218283795652
218.0126953125,0.0013917630104917937,0.0010218424917886498
218.02734375,0.003806978363399046,0.0010070344242219154
218.04199218749994,0.004861267599315657,0.0009205523931906323
218.056640625,0.005490510291355199,0.000809774036454883
218.0712890625,0.005995256334143322,0.0012543910660248155
218.08593749999994,0.006290689242950924,0.001721722096550425
218.1005859375,0.00587211674581742,0.0017570267386003658
218.115234375,0.004293158483211206,0.002189567596802032
218.12988281249994,0.003122227857996061,0.0023700413899215137
218.14453125,0.0023607599399308675,0.0016906210895833126
218.1591796875,0.0017326805815852993,0.0017047348133058349
218.17382812499994,0.0029094586119400943,0.0020439111040841517
218.1884765625,0.00367575014705591,0.0017320186426223107
218.203125,0.0032248017736402714,0.001791725377857777
218.21777343749994,0.004170977088256313,0.002169184278429747
218.232421875,0.0045491808771817716,0.001652158883524423
218.2470703125,0.0022929366002475615,0.0012974709151479123
218.26171874999994,0.00029678732990599485,0.0013499201979712777
218.2763671875,0.0007196879253253911,0.001286553917968516
218.291015625,0.003159164282347013,0.0012844280086871513
218.30566406249994,0.005424947625015084,0.0014076891196267444
218.3203125,0.0057186035790683515,0.001539276931625029
218.3349609375,0.003840786957492249,0.001608202994655974
218.34960937499994,0.004967329786266681,0.0012646213629016114
218.3642578125,0.007509435371273971,0.0010516786165487865
218.37890625,0.00702151565425688,0.00132649568729696
218.39355468749994,0.0051475529819118866,0.0012635443573443927
218.408203125,0.003999991544123596,0.0009403723495314142
218.4228515625,0.004943392842333678,0.0010778472021539596
218.43749999999994,0.0051537631406747995,0.0010118051412135625
218.4521484375,0.0030649822441810577,0.0008119743224140462
218.466796875,0.0028559597389787614,0.0007970148323436794
218.48144531249994,0.005298222735761683,0.001075806629455344
218.49609375,0.005211919722404518,0.0014339657513651612
218.5107421875,0.0035383209478816184,0.0014215653802129022
218.52539062499994,0.0022703620122333603,0.0012525107209786215
218.5400390625,0.0015760537942951568,0.0012844182730633346
218.5546875,0.002098503900615961,0.0011497695464064424
218.56933593749994,0.0036430418619640605,0.0007825205492497074
218.583984375,0.005308148663497996,0.000582967195303666
218.5986328125,0.006303278296828993,0.0008863736111332227
218.61328124999994,0.0052745006324913645,0.0014419614531172703
218.6279296875,0.004814727854725316,0.0011714909647597461
218.642578125,0.0068233876660354215,0.0007698551995726556
218.65722656249994,0.006026685939104962,0.0006224329080268962
218.671875,0.0033642760119601462,0.0002001708611462079
218.6865234375,0.0017828577314478182,0.0008824532494489303
218.70117187499994,0.0010409349321976028,0.0008708100421576449
218.7158203125,0.0033332466937782933,0.0016139053406629906
218.73046875,0.005194822515786403,0.002011742691264547
218.74511718749994,0.003984265500115453,0.0014603346605091786
218.759765625,0.0029624422037987327,0.0023657522167951934
218.7744140625,0.0040395128840779474,0.001913357384840096
218.78906249999994,0.003169307171013137,0.0012897329472133048
218.8037109375,0.0012259947280734392,0.0018786440733831533
218.818359375,0.0004565966447014721,0.0015116082890109597
218.83300781249994,0.0007847994562953843,0.0009751911298816052
218.84765625,0.0007545396421152217,0.0009687703539113853
218.8623046875,0.0005682206990632044,0.00045945952884619736
218.87695312499994,0.0028508159902157965,0.0004362521756710388
218.8916015625,0.004522236756655544,0.0011814420876353913
218.90625,0.003843085853889164,0.0017791225768245397
218.92089843749994,0.0013627366950982474,0.0016870888965930426
218.935546875,0.0047614213598475225,0.002335275659938073
218.9501953125,0.005745605906651115,0.0022950380272515835
218.96484374999994,0.0038391187451941935,0.001117974758360553
218.9794921875,0.0031082267997445162,0.001519199421552692
218.994140625,0.0033263402525986283,0.0015518756441071865
219.00878906249994,0.0030939662910600863,0.0006492566070337275
219.0234375,0.00250076065602056,0.0005308316023688257
219.0380859375,0.004133161521794219,0.0008088533015994464
219.05273437499994,0.0067171769774062124,0.0008744668539859355
219.0673828125,0.008570283720573838,0.001462564537013698
219.08203125,0.00766184169921689,0.0009007999065737645
219.09667968749994,0.0037330408646888105,0.0009598442014466848
219.111328125,0.003069684333488153,0.002025793707826583
219.1259765625,0.002690032960834676,0.0019752817838835754
219.14062499999994,0.0013592447682155393,0.0013352342905437078
219.1552734375,0.004309912904138343,0.0017916088635957443
219.169921875,0.004596506729272896,0.002427862034524836
219.18457031249994,0.0037428590911565487,0.002214594743920728
219.19921875,0.0023862939437133655,0.0015877088048730005
219.2138671875,0.0035912641286963373,0.0018391350902298663
219.22851562499994,0.005301718471744312,0.0019260470915363375
219.2431640625,0.005018697342948929,0.0011004936353673127
219.2578125,0.00425813187931793,0.0007612685149749208
219.27246093749994,0.005034147737939286,0.0015337450248552882
219.287109375,0.005835334895996649,0.0014540318913489575
219.3017578125,0.004401659788628953,0.001526716430974378
219.31640624999994,0.0025283700928838255,0.0029874773459325674
219.3310546875,0.00431206972192623,0.003414508412021087
219.345703125,0.005375972338509935,0.0031060030169663753
219.36035156249994,0.0064723659389472775,0.004254559913368964
219.375,0.008666707340532522,0.0048492303759744655
219.3896484375,0.009177248549706257,0.00388768689527468
219.40429687499994,0.006868713457989558,0.0035483368906066783
219.4189453125,0.003020849258346438,0.003473116840657391
219.43359375,0.004004408940904223,0.002391458436552956
219.44824218749994,0.0067421994920384,0.0011925472863964744
219.462890625,0.006244043693809544,0.0007079516267753626
219.4775390625,0.0028230931149119385,0.0007407629639426139
219.49218749999994,0.0027938755270004506,0.0009346528442630573
219.5068359375,0.004371439601644496,0.0008281435537836377
219.521484375,0.0027247031415066998,0.0005670055881261912
219.53613281249994,0.0005864969683858715,0.0002803785211149158
219.55078125,0.0008861968570276712,0.0006918162364866223
219.5654296875,0.0011005372611065864,0.0016275943256864461
219.58007812499994,0.003577327383751318,0.0018861956870567635
219.5947265625,0.004508594723277012,0.0011783871049774746
219.609375,0.004031425191870245,0.0017038573305118516
219.62402343749994,0.005410133996925137,0.0025220555726576392
219.638671875,0.006715822537805375,0.001884414688771076
219.6533203125,0.006704371191953356,0.000977122385859292
219.66796874999994,0.007009618602630278,0.0015840780676757635
219.6826171875,0.006662858940298615,0.0010117020098425126
219.697265625,0.005505144274352302,0.0006665029642386848
219.71191406249994,0.0040549745230827675,0.0008102559358277989
219.7265625,0.0014623330087996634,0.0009336584666976307
219.7412109375,0.0014757251236671264,0.0017440620209605447
219.75585937499994,0.0021121351443998014,0.0018148974491666535
219.7705078125,0.0011284416063210788,0.0016016639921398452
219.78515625,0.0002502818556144697,0.0018359193393249575
219.79980468749994,0.0007395228941335106,0.002085055323080326
219.814453125,0.0014952244107135763,0.0020659441799285253
219.8291015625,0.001775406010200403,0.0019057312238488725
219.84374999999994,0.001484021207628094,0.0016494177402783987
219.8583984375,0.0021739910265627196,0.0014944395607990476
219.873046875,0.004702704893376772,0.0014713585646036165
219.88769531249994,0.005923338480039592,0.0015109930472602363
219.90234375,0.003937940864687095,0.0017579796852157678
219.9169921875,0.0009823236148124128,0.001955850914564175
219.93164062499994,0.0025566266521279066,0.0018667527190101814
219.9462890625,0.0029826572437672287,0.0019274889651027505
219.9609375,0.0030981075097747074,0.0016276349834044236
219.97558593749994,0.002945701337306557,0.0013067097924084788
219.990234375,0.00235796535350395,0.001459402445261112
220.0048828125,0.0027403207963721827,0.0012576177793778805
220.01953124999994,0.0006825906495390526,0.0008641655664238283
220.0341796875,0.0023063640837962525,0.0006699466689954904
220.048828125,0.0026048238185998767,0.00022857402098356433
220.06347656249994,0.0014834500462316367,0.00046337319642261954
220.078125,0.0036915357166182813,0.0007968886411100759
220.0927734375,0.0042483058436954425,0.0007699987651007241
220.10742187499994,0.001962295998530155,0.0008189185767696771
220.1220703125,0.0013509416053229053,0.0011619072520567602
220.13671875,0.0027983175012455917,0.0009725126905174555
220.15136718749994,0.0014720066084404964,0.0004364319911759132
220.166015625,0.001969365330326784,0.00047994055429854434
220.1806640625,0.0026366137102260333,0.0011133329216439938
220.19531249999994,0.001431239481027784,0.0016838336388339747
220.2099609375,0.0019755550361025692,0.00197149575099468
220.224609375,0.0026076594718819662,0.00217782421580008
220.23925781249994,0.003228621953779964,0.00225942260994006
220.25390625,0.004086630741001936,0.002136028294505025
220.2685546875,0.004141543603967193,0.0015491199688797907
220.28320312499994,0.003178424656375346,0.000956967665841736
220.2978515625,0.0026186960413114822,0.001073818308264883
220.3125,0.003677316706392235,0.0011794559782273366
220.32714843749994,0.003723232778663547,0.0005401224534574413
220.341796875,0.0019253709488719145,0.00039892043081766603
220.3564453125,0.0006943173483292342,0.0004443682809682692
220.37109374999994,0.0027060422229981183,0.0004369815096978602
220.3857421875,0.002714319333594259,0.0006798775963314916
220.400390625,0.0016357561421095953,0.00041237474821516156
220.41503906249994,0.0025391629863677654,0.0005184816896708885
220.4296875,0.0028265809621888863,0.0005810612263917403
220.4443359375,0.003482952969570009,0.0014698255032476368
220.45898437499994,0.0044511868716743085,0.0013250724927911643
220.4736328125,0.00480334598255517,0.0012011421709226383
220.48828125,0.005866926575140481,0.0017740893869411813
220.50292968749994,0.005540016450759366,0.001603054971078978
220.517578125,0.0024277377801370267,0.0018080061918435539
220.5322265625,0.0014072195066918525,0.002251936575552424
220.54687499999994,0.000596870565184952,0.0017283266332362814
220.5615234375,0.0038938215180653727,0.001119709500336868
220.576171875,0.00742062178857227,0.0015519593282342656
220.59082031249994,0.007787258384328169,0.002433274431811773
220.60546875,0.0062947137690169954,0.0026598307946259217
220.6201171875,0.004934846893172916,0.002607307215103756
220.63476562499994,0.00485453348988776,0.0033609058219073204
220.6494140625,0.004468901241949395,0.0031358801494183633
220.6640625,0.0021853418734602676,0.0019592301522348746
220.67871093749994,0.0014363441375788684,0.0018564962688951744
220.693359375,0.0034982316162329727,0.0014770502431700366
220.7080078125,0.005021363023318822,0.000603188037495835
220.72265624999994,0.004530724601630556,0.0012724177247157267
220.7373046875,0.0015822012818984131,0.001954009786912908
220.751953125,0.0032873442881194174,0.0020422037866078663
220.76660156249994,0.007195384638016646,0.002923829438413831
220.78125,0.006955798017578007,0.0037186546689018957
220.7958984375,0.0031137823308468537,0.0031025853826216355
220.81054687499994,0.0033365911925184425,0.002672269761638678
220.8251953125,0.005048228297058932,0.0025797215962004507
220.83984375,0.005094645501414913,0.002059697778022441
220.85449218749994,0.003929533090266368,0.0017000061746732088
220.869140625,0.0030715569811914107,0.001834966240707419
220.8837890625,0.005833352169468299,0.00199506357201477
220.89843749999994,0.008753514816359333,0.001372680442512174
220.9130859375,0.008404192864812015,0.000803815621171554
220.927734375,0.005536734684852751,0.0012252648146385441
220.94238281249994,0.003228925405352598,0.0012819761651462346
220.95703125,0.0037002521199246165,0.0021962199124483384
220.9716796875,0.0046190052002646614,0.0029846690127308824
220.98632812499994,0.0052994950586201465,0.0034449323663932893
221.0009765625,0.005393715504540953,0.003982456177807303
221.015625,0.004585609768544106,0.004012743554508455
221.03027343749994,0.004653704070716297,0.004120790932118818
221.044921875,0.005821417299384544,0.004020452502866871
221.0595703125,0.006297058183060428,0.003332251843083244
221.07421874999994,0.006693405456969938,0.003381914243569068
221.0888671875,0.006607633493754996,0.003311239744287954
221.103515625,0.005728956361930024,0.002168278758039036
221.11816406249994,0.004195514251672372,0.002341624580029689
221.1328125,0.0024167854215469266,0.002385267609413687
221.1474609375,0.0013695799135030196,0.0015443182142312183
221.16210937499994,0.0007856633646329982,0.0024394708558170106
221.1767578125,0.0035828580455728974,0.002820219090692843
221.19140625,0.004604890287692017,0.0022218245324922494
221.20605468749994,0.0028148402916127885,0.0026008204080059253
221.220703125,0.0011077748108451202,0.003055361615432097
221.2353515625,0.004989714124673707,0.00291946033787886
221.24999999999994,0.006128747567542544,0.002612084928807744
221.2646484375,0.004281196633430632,0.002698067808816652
221.279296875,0.003166094311568273,0.0031238130943806257
221.29394531249994,0.0034500927059339594,0.002398430112514976
221.30859375,0.0035094143944748913,0.0012731468870504977
221.3232421875,0.003571542774878817,0.002147925537630896
221.33789062499994,0.0037493706501229088,0.0022458519398779035
221.3525390625,0.0028197835910496586,0.0008385827414827286
221.3671875,0.0022921846352528374,0.0015968980656244046
221.38183593749994,0.0022748893050430147,0.0017057910905469143
221.396484375,0.0054767800369722825,0.0005862316768231741
221.4111328125,0.00801198542995764,0.0016596581783417856
221.42578124999994,0.006171097079273678,0.0012123356665815167
221.4404296875,0.003260478253725572,0.000803995575131335
221.455078125,0.004132032068506972,0.0012070990311630087
221.46972656249994,0.005712109208106502,0.0012754092689883792
221.484375,0.004782516517187371,0.0015582117968438829
221.4990234375,0.0038524553235794257,0.0021118836145224604
221.51367187499994,0.0047905476801793035,0.0015968171281176456
221.5283203125,0.004957599090545999,0.0022132048647800426
221.54296875,0.004437799159683304,0.002218056749963147
221.55761718749994,0.003842736528802511,0.0014779732462437128
221.572265625,0.003251614990915948,0.0029144232965544648
221.5869140625,0.0012997618664664795,0.002507670753129418
221.60156249999994,0.0019278502823326545,0.0018675041238240297
221.6162109375,0.0035683295892255623,0.0030258799504622263
221.630859375,0.004062455291920041,0.002905035459060927
221.64550781249994,0.004854321260868973,0.002020262378279418
221.66015625,0.00673206066946875,0.0026209906327851716
221.6748046875,0.008336101250368122,0.0036703313870075894
221.68945312499994,0.007877404764613263,0.0033213684436792018
221.7041015625,0.005998514681803875,0.002495830745624432
221.71875,0.005121914535832965,0.0030372286255476
221.73339843749994,0.00503996280810078,0.0034192118915784895
221.748046875,0.005237884436753847,0.0026423921019337326
221.7626953125,0.005296826660761875,0.002044484126342066
221.77734374999994,0.003832547351554319,0.0020923940267660005
221.7919921875,0.0012751873871933602,0.0012343326171700567
221.806640625,0.001635070148747196,0.0005833672984028053
221.82128906249994,0.0016392629121090086,0.0014032233308008974
221.8359375,0.0015872315352107782,0.0017358166560023634
221.8505859375,0.0023660936467016086,0.0018425910642832907
221.86523437499994,0.003599948783791378,0.002894063635932321
221.8798828125,0.0038537515387755358,0.0036395034438884144
221.89453125,0.0029206532114435424,0.002765212493837787
221.90917968749994,0.0013886998490558384,0.001990176714194197
221.923828125,0.000980861444716467,0.0025113272439277125
221.9384765625,0.0021746059408463223,0.0028927342936109286
221.95312499999994,0.0027435340513867847,0.0022677974125154695
221.9677734375,0.0013350106503165753,0.001966757298936081
221.982421875,0.0032340707561138928,0.003055417167104564
221.99707031249994,0.005845741833539985,0.002792589288265132
222.01171875,0.004287662689498105,0.001348704888784973
222.0263671875,0.002535436450096506,0.0016431463593893799
222.04101562499994,0.003686820607125846,0.001345894464762626
222.0556640625,0.0050067859645513335,0.0004110344188089239
222.0703125,0.004093582556819176,0.0009689335824220132
222.08496093749994,0.0018700738286862092,0.0007196836668819501
222.099609375,0.0006220153194068789,0.00106791307249023
222.1142578125,0.0014306431593214244,0.00108050468845902
222.12890624999994,0.0025472817266231572,0.0009968366967532767
222.1435546875,0.003982064444002223,0.0010600214603421073
222.158203125,0.006053029893761267,0.000794589807118847
222.17285156249994,0.006570348338672111,0.0005254785780723935
222.1875,0.0037878420467532836,0.0005825362480774686
222.2021484375,3.6039644181129546e-05,0.0003946035760971182
222.21679687499994,0.002187074017165645,0.0004480549916326623
222.2314453125,0.003447644403964715,0.0005302704306283717
222.24609375,0.003097858507610632,0.0007592730311065084
222.26074218749994,0.002303533814246137,0.0006419887161394969
222.275390625,0.005212446924754039,0.002040505256733556
222.2900390625,0.006862089628922043,0.002936058186121895
222.30468749999994,0.007684072639566619,0.002463446074368443
222.3193359375,0.009270221832173926,0.002908412958622161
222.333984375,0.00950333380664626,0.003766090660577209
222.34863281249994,0.007803742800781666,0.0028764015702957358
222.36328125,0.007249892022886849,0.0017628253642790613
222.3779296875,0.007615280462752933,0.0021676921609571948
222.39257812499994,0.006212284232480686,0.0018472438047943936
222.4072265625,0.004829921204270689,0.0008221579440847826
222.421875,0.004780741248307777,0.00042100614414738893
222.43652343749994,0.004408253336818784,0.0010397038136571966
222.451171875,0.004453167137926787,0.0005023184302059994
222.4658203125,0.006816795043643521,0.0011586897491906623
222.48046874999994,0.008533607605052845,0.002252172102547097
222.4951171875,0.007397533490761278,0.0024532820162232963
222.509765625,0.005739910725720674,0.002981420114150157
222.52441406249994,0.00386196789107696,0.0035007408030236853
222.5390625,0.0015144641122954961,0.0035838578825675605
222.5537109375,0.0029526014915897776,0.0035030516994446308
222.56835937499994,0.005317031990889537,0.0030186969306365764
222.5830078125,0.006672569522365449,0.002738410056471068
222.59765625,0.0061448224129663385,0.0022636719743888366
222.61230468749994,0.004009165593908099,0.0008012699059443103
222.626953125,0.002581460720603292,0.00026730661484040876
222.6416015625,0.002893423777418926,0.0006758981194717779
222.65624999999994,0.003739523361570646,0.0006375997082744173
222.6708984375,0.005769031435166497,0.000669258512464497
222.685546875,0.0044307629993200455,0.0021181057401578746
222.70019531249994,0.001726906323375784,0.0025294357930126833
222.71484375,0.00518860311224619,0.0022296579140164536
222.7294921875,0.0060701274125788945,0.003358308221722995
222.74414062499994,0.006739999237347328,0.0042801779789722804
222.7587890625,0.006236623093452356,0.003174725924517066
222.7734375,0.004733041631431385,0.002874968586915872
222.78808593749994,0.00591855383259694,0.004245828726985857
222.802734375,0.005578352950942733,0.0030961664668300295
222.8173828125,0.003239841135347681,0.0007257906269010788
222.83203124999994,0.003410319706046506,0.0017820758667674384
222.8466796875,0.0023451212226450026,0.002025762013191993
222.861328125,0.0012954002534401627,0.0016202168061154286
222.87597656249994,0.004209756328659081,0.0006935376060176398
222.890625,0.00407698381030483,0.0004581747202207169
222.9052734375,0.002113110389721545,0.0013045082233994571
222.91992187499994,0.0008351891296118223,0.0019257249988630383
222.9345703125,0.0020470922258531516,0.0016238607739414014
222.94921875,0.00341212157595287,0.0008763528275596037
222.96386718749994,0.0019916285172402797,0.0017934108624599457
222.978515625,0.0007760926381825341,0.002452800045542144
222.9931640625,0.0011515481722484302,0.0017055736670770604
223.00781249999994,0.0026256699454883033,0.0012293108353376373
223.0224609375,0.0039031969941989435,0.0018060819984807273
223.037109375,0.0018952311641973784,0.0010426497203859506
223.05175781249994,0.002433316456305065,0.00024018283877007545
223.06640625,0.002567940130111985,0.0006273653617219883
223.0810546875,0.0013375375274897825,0.0013327759381405045
223.09570312499994,0.0034319764178664175,0.001681831297644084
223.1103515625,0.00352439589403328,0.0017332637273717094
223.125,0.005160363668792098,0.002494440979046574
223.13964843749994,0.008004327385157979,0.0033161060487051476
223.154296875,0.006510368187184787,0.002968186571451338
223.1689453125,0.0058244168518803326,0.0029807093781267263
223.18359374999994,0.010763493749120997,0.0036545127065053832
223.1982421875,0.010751945503083593,0.0031646474392244173
223.212890625,0.006885457565406022,0.0021138681953822595
223.22753906249994,0.004874891120842244,0.0023209567299808183
223.2421875,0.003252484787693719,0.0025673137163767686
223.2568359375,0.0015397632936553422,0.0015318837302427826
223.27148437499994,0.0017070628596656569,0.0009817792773174426
223.2861328125,0.0019013923551798443,0.0020254762701562594
223.30078125,0.0019468967722689595,0.0014360426432426508
223.31542968749994,0.005205945231427343,0.0011634714378940564
223.330078125,0.008205170144711598,0.002607006286433144
223.3447265625,0.009562304356293898,0.0024703479373792713
223.35937499999994,0.007636740443985192,0.0020030062903301014
223.3740234375,0.0028920955984979863,0.0032039136362166484
223.388671875,0.004402625857542119,0.003745213735669543
223.40332031249994,0.007304539669144561,0.0030889635097730486
223.41796875,0.006028772710311232,0.002870268938897167
223.4326171875,0.003692795065671044,0.003040621932517974
223.44726562499994,0.0038742439806350075,0.0026581495640167893
223.4619140625,0.005097875155591092,0.0021460927693653293
223.4765625,0.005932149589128055,0.0020792040535384543
223.49121093749994,0.007498631204610491,0.0025524397892324113
223.505859375,0.009721352588951609,0.0026849619426959166
223.5205078125,0.009312198951006346,0.0018553299359819692
223.53515624999994,0.006672675750510571,0.0010582312369198429
223.5498046875,0.003305631022143909,0.0009668743021217855
223.564453125,0.001766617283209095,0.0014548850520613918
223.57910156249994,0.0028492381748713392,0.001758427585007766
223.59375,0.002431022300116263,0.0019441708586095416
223.6083984375,0.0014867526084347941,0.0024014491262964043
223.62304687499994,0.002052498011914267,0.0020358119047537444
223.6376953125,0.002378885599016426,0.0015887417206147149
223.65234375,0.0022172816332684028,0.0013583605671498267
223.66699218749994,0.002709225837401103,0.0002530347544124471
223.681640625,0.0035013751976468686,0.0008698088976011008
223.6962890625,0.0022435147112387153,0.0006749724519265159
223.71093749999994,0.0016364666773291611,0.0010361283336958868
223.7255859375,0.004764218448132219,0.001574668447990305
223.740234375,0.0042600583435075095,0.0011921394658277798
223.75488281249994,0.0019141799773369768,0.0006097782788968054
223.76953125,0.0030362537482934208,0.0010187009999441407
223.7841796875,0.0044050185532033825,0.001438869298441857
223.79882812499994,0.006245292756691347,0.001834805850557696
223.8134765625,0.006787045846497593,0.0019703804434044814
223.828125,0.00282953980016502,0.0026172816113677892
223.84277343749994,0.006510632094614798,0.0035580480878760817
223.857421875,0.01099198704464325,0.003274448182383315
223.8720703125,0.010190847019945947,0.0024296654201106985
223.88671874999994,0.007523859926735623,0.002714687272825409
223.9013671875,0.005347479682665184,0.0028043945660134162
223.916015625,0.004149284505278839,0.0019950352499573318
223.93066406249994,0.003469796342869492,0.0016369574202220953
223.9453125,0.0016196267453125045,0.0019466342798041367
223.9599609375,0.000490600987238971,0.001464463843002611
223.97460937499994,0.0013878829516295926,0.0007638039338834077
223.9892578125,0.0032997141041338175,0.0008748504873559996
224.00390625,0.004605416008212382,0.0012661309935027582
224.01855468749994,0.004444974340360726,0.0010519289759942257
224.033203125,0.0033641102476101065,0.0007849815150766537
224.0478515625,0.002935148324945184,0.0008984902702078496
224.06249999999994,0.002838421910314361,0.000620412902295993
224.0771484375,0.0018726026325399212,0.0004344191858999889
224.091796875,0.001401884820267418,0.00026775822833334485
224.10644531249994,0.0030366882691302073,0.00015482705710146024
224.12109375,0.003394366792784307,0.0003437409055705025
224.1357421875,0.002180389892263904,0.0007082467529785414
224.15039062499994,0.000850714946508291,0.0009782457936157289
224.1650390625,0.00032474391231243307,0.0008859299232239999
224.1796875,0.0009095785588310927,0.0009147853515461651
224.19433593749994,0.0024976142454519704,0.0013070695855062428
224.208984375,0.004407199300487687,0.0014506456269410936
224.2236328125,0.004874272060840911,0.001011667667415679
224.23828124999994,0.0047668411295018745,0.0011349613641477008
224.2529296875,0.0041677399199590804,0.0005496049240077387
224.267578125,0.003641016265305501,0.0008330102120307726
224.28222656249994,0.004704180011662686,0.0012115876673627663
224.296875,0.005013602105602951,0.0016129088011058242
224.3115234375,0.004856603005226788,0.0023406421747865867
224.32617187499994,0.004106974359970848,0.0017521956294776217
224.3408203125,0.001868832488284029,0.001444084943825303
224.35546875,0.0002951647459356637,0.0012297694109722175
224.37011718749994,0.0011151634875498,0.0004642427299449837
224.384765625,0.0019782155545701977,0.00048447156778320944
224.3994140625,0.003276875374897344,0.000603087120361349
224.41406249999994,0.004037976298799347,0.0005567103717091116
224.4287109375,0.003073204283918058,0.0009322417571022071
224.443359375,0.0021890201748708126,0.001576750272738767
224.45800781249994,0.0039005693408459305,0.0017347088429721922
224.47265625,0.004245013855060014,0.0021152721623876164
224.4873046875,0.004325862113126559,0.002491277470852217
224.50195312499994,0.005902278907202994,0.002191484380243767
224.5166015625,0.006662248641291814,0.002262090771594707
224.53125,0.005377204694294259,0.002001275260899194
224.54589843749994,0.0034711208129920177,0.0009499831821305259
224.560546875,0.0031438850070569634,0.0006500758109646145
224.5751953125,0.004390703157035099,0.0016265806674117668
224.58984374999994,0.005005404321688463,0.0020096219649171493
224.6044921875,0.003768704810859815,0.0009031140857039977
224.619140625,0.0032554849797509725,0.0008490893783623515
224.63378906249994,0.004676965815308242,0.001000779506638255
224.6484375,0.004490537260046229,0.001444027411629443
224.6630859375,0.003278884941700305,0.0012670231781224568
224.67773437499994,0.00535844604143795,0.0005804970611901364
224.6923828125,0.007644502533734953,0.0015935130599804186
224.70703125,0.007322911609448596,0.002154788719571268
224.72167968749994,0.0054423656207615535,0.001974490334651356
224.736328125,0.004009162882357267,0.0019228247844121544
224.7509765625,0.0032186897283759497,0.002893421883262586
224.76562499999994,0.0021972987842067615,0.003421200354886661
224.7802734375,0.0006796989660601076,0.003045017527123902
224.794921875,0.0010095875955103608,0.0026044004185936396
224.80957031249994,0.0028696907229718007,0.003175859616062029
224.82421875,0.004578880655167988,0.003789280154091654
224.8388671875,0.003018483671417921,0.0031118138231561797
224.85351562499994,0.002550182333917348,0.0027792584785852415
224.8681640625,0.006098328300948071,0.0033432077820467077
224.8828125,0.004731046435388458,0.002045307669425218
224.89746093749994,0.0009640561696291545,0.0010930465474231156
224.912109375,0.001843985592847853,0.0018121175190820094
224.9267578125,0.0040158054469663675,0.0015878040910798038
224.94140624999994,0.004871764889614685,0.0007501764152366593
224.9560546875,0.004247206135234143,0.0017884709023104797
224.970703125,0.0029833640903283716,0.0026762114588982176
224.98535156249994,0.0017364609564241866,0.0020128180993211333
225.0,0.002085379141420454,0.0017093187594682496
225.0146484375,0.0021667390856806375,0.0025809383259898155
225.02929687499994,0.0015941588669101928,0.0020229076019031085
225.0439453125,0.00196256856725194,0.0005275876949884512
225.05859375,0.002378834554779628,0.0007412817257527322
225.07324218749994,0.002485479218392,0.0014481014773849098
225.087890625,0.0014374562117669425,0.001629380101255568
225.1025390625,0.0026250355827350954,0.0008568545824250803
225.11718749999994,0.00418195592558985,0.0011922482495654106
225.1318359375,0.0034381591019982576,0.0015894161419400463
225.146484375,0.004082185375847081,0.000853992014591307
225.16113281249994,0.00491327089470145,0.0003152268027849075
225.17578125,0.003018059946242739,8.22551001263988e-05
225.1904296875,0.0023817784521497315,0.0005965963536755236
225.20507812499994,0.001400519107135653,0.0009599673652574335
225.2197265625,0.0016428265454690868,0.001242980290762964
225.234375,0.003033634786640382,0.0009123537871187919
225.24902343749994,0.002095189837891183,0.0011980190296997236
225.263671875,0.00213704991084108,0.0013502715747331496
225.2783203125,0.004390591355700229,0.0006145372604379964
225.29296874999994,0.006029739725078559,0.0010708329644212279
225.3076171875,0.006842904431830578,0.002112780772036551
225.322265625,0.0065361650872366155,0.001994235579644845
225.33691406249994,0.004409958132330626,0.0019639372354584633
225.3515625,0.005591183307770545,0.0030892832254484333
225.3662109375,0.005530410301537512,0.003068575601085262
225.38085937499994,0.0020571827495868347,0.002397551952938363
225.3955078125,0.0031907986502368087,0.002984651588193309
225.41015625,0.0037116326423915036,0.003137884250927366
225.42480468749994,0.0018556299088511733,0.0019262987572913578
225.439453125,0.0007578295353529283,0.0015450276144203738
225.4541015625,0.00158110795233228,0.0019118399993916812
225.46874999999994,0.004445681928925347,0.0015945708165983126
225.4833984375,0.0049207204582835595,0.0009682855592362367
225.498046875,0.0025599105518043937,0.0021981410865926842
225.51269531249994,0.0013012991608491546,0.0018689495231174406
225.52734375,0.002746836594732853,0.0010937807479343266
225.5419921875,0.0024713388559250145,0.0020058072046250882
225.55664062499994,0.001357646034882769,0.001774414014351168
225.5712890625,0.0016707713161278213,0.0011600673439724255
225.5859375,0.0024860419561802184,0.002358167405565773
225.60058593749994,0.002406377135186023,0.003000561830346817
225.615234375,0.003949789030608867,0.0024521604041444272
225.6298828125,0.004451994016963324,0.002765653080214088
225.64453124999994,0.0020761775932305626,0.0028658163489356176
225.6591796875,0.0019312042654990706,0.0023898373686343727
225.673828125,0.0024340122097827903,0.0022587951042197445
225.68847656249994,0.0012344433304014334,0.0020255775449860808
225.703125,0.005151243564112797,0.0018731468616392665
225.7177734375,0.006621193205418318,0.002313898670651895
225.73242187499994,0.005347863432705245,0.002289488091737427
225.7470703125,0.005493554973912983,0.0015952850825190596
225.76171875,0.006436957954016978,0.001972910782770774
225.77636718749994,0.004938371859837518,0.002288092700061637
225.791015625,0.0017392612332786772,0.0016960805152513787
225.8056640625,0.0008756824688672985,0.001116855128464455
225.82031249999994,0.0013796796234877356,0.002451753430035561
225.8349609375,0.00136570650630113,0.0033994004304802932
225.849609375,0.0024022797497077262,0.002653655231313278
225.86425781249994,0.004860096109522218,0.002905390257407784
225.87890625,0.006029792055709329,0.0040232651375604065
225.8935546875,0.005491296288037414,0.0029178120345297516
225.90820312499994,0.006256256974957488,0.0019353475404098824
225.9228515625,0.005330227363383208,0.002126852175335577
225.9375,0.002666403347024366,0.001103230366690748
225.95214843749994,0.0026463213916248078,0.00016208463318505116
225.966796875,0.00465493811753144,0.0006513692310958931
225.9814453125,0.005923410714562436,0.0008762495972022405
225.99609374999994,0.004843325152658253,0.000736288413594085
226.0107421875,0.0018357831825283062,0.001602521342467856
226.025390625,0.0013719521453932782,0.002228531567077751
226.04003906249994,0.0016386851809196644,0.002285656042329946
226.0546875,0.0011309242284793025,0.0027262230787454254
226.0693359375,0.002646773676632871,0.002906091153923409
226.08398437499994,0.003958645114121288,0.002323254946871012
226.0986328125,0.0037285014464446768,0.0020781977108885177
226.11328125,0.0020812532568504458,0.0018121724881166867
226.12792968749994,0.0018441184721103595,0.0014274966632605763
226.142578125,0.0030854403563099083,0.0011775850220597762
226.1572265625,0.003502154715551537,0.0008828548575111779
226.17187499999994,0.0036063037607104464,0.0010234853158881476
226.1865234375,0.004288416551976725,0.0012868066690899307
226.201171875,0.005315283876926146,0.0011839598830793152
226.21582031249994,0.006374230021318778,0.0018606237012187548
226.23046875,0.006727319510128161,0.0026381237589401725
226.2451171875,0.006659497682165154,0.0018796832147482967
226.25976562499994,0.010417137216854859,0.0020772145846333382
226.2744140625,0.012754244694210064,0.0024929606862696
226.2890625,0.00906103889167317,0.001367601707368434
226.30371093749994,0.003223739775484315,0.0015933461448485657
226.318359375,0.00358742099297114,0.001801842267818346
226.3330078125,0.004360532807212089,0.001055300856228376
226.34765624999994,0.00607240482334888,0.001422015242579873
226.3623046875,0.006480132505043777,0.0017653197457387915
226.376953125,0.004592574173007077,0.0017494878348710665
226.39160156249994,0.0029691293670005576,0.001780070378254712
226.40625,0.004162481561196202,0.0022557501125366215
226.4208984375,0.0050461755993054065,0.002427458520552375
226.43554687499994,0.003920138211384975,0.0016779711329079757
226.4501953125,0.0012625868246503795,0.001108376430936025
226.46484375,0.001477657325796542,0.0013649077800885934
226.47949218749994,0.003808828394624438,0.0016417576826922204
226.494140625,0.004886820246825719,0.0012938338365959155
226.5087890625,0.004078838006000355,0.0009235114543095106
226.52343749999994,0.0031620595399386104,0.0012991900850180377
226.5380859375,0.003981829484137954,0.001345471195523386
226.552734375,0.005138792717250605,0.0006735294989929395
226.56738281249994,0.0043015976124437146,0.00015215396771755055
226.58203125,0.003319516894237007,0.0006929917048596235
226.5966796875,0.0010580282814541624,0.0014369899448728775
226.61132812499994,0.0042498959101312725,0.0012213654337518362
226.6259765625,0.008023170625259871,0.0007169199941467764
226.640625,0.008031833983022445,0.0011295476463192354
226.65527343749994,0.0063126586553013085,0.00137139781893734
226.669921875,0.0046988093065455,0.0007305912371880068
226.6845703125,0.003145293913183482,0.0007210233650672334
226.69921874999994,0.0018974510188937805,0.0007278031065360454
226.7138671875,0.0010206898416706956,0.0006887173018867783
226.728515625,0.000982512253108144,0.0004917953318057147
226.74316406249994,0.0007848014120065667,0.00029022855118101767
226.7578125,0.0012730162358466609,0.0009192710387385155
226.7724609375,0.003122306075039112,0.0010721761348731571
226.78710937499994,0.005349692538644278,0.0009397423223370378
226.8017578125,0.006505979634316584,0.0010209374094049305
226.81640625,0.004966291873868756,0.0023344191545827254
226.83105468749994,0.003057594899846646,0.0026956697374291194
226.845703125,0.005475000380071388,0.0022261059452797077
226.8603515625,0.007062091706187556,0.0027300290333034318
226.87499999999994,0.0070982113047683175,0.003419296740777786
226.8896484375,0.006851249526100021,0.0031925495630198
226.904296875,0.006446041236931392,0.0030116034843653537
226.91894531249994,0.006467353354932495,0.0034378011236711205
226.93359375,0.007019990428991282,0.0033623219831135135
226.9482421875,0.0065978321173996044,0.00303461306084034
226.96289062499994,0.004956859607281345,0.0032528707189363373
226.9775390625,0.005162068391616729,0.00346202085397969
226.9921875,0.006129167611823212,0.0031501369024443176
227.00683593749994,0.004242099558500024,0.0029108356067905476
227.021484375,0.0013168036079075675,0.003134025142748811
227.0361328125,0.0009044752760403266,0.0029503220234541076
227.05078124999994,0.0026783275018820484,0.0024936131740230013
227.0654296875,0.007334584560411156,0.0028527590087097576
227.080078125,0.010272525857506393,0.0031160772688178396
227.09472656249994,0.011077612329787904,0.0024644529661362
227.109375,0.01059704480266775,0.002265794233757093
227.1240234375,0.00889802157845684,0.002208471910830281
227.13867187499994,0.007509568187020121,0.0012677031620606193
227.1533203125,0.0072770743122182145,0.0008529398793593068
227.16796875,0.005359326784294014,0.001445735474870637
227.18261718749994,0.0017044247505526987,0.0012907584287914003
227.197265625,0.0021722834337498643,0.001580100523684243
227.2119140625,0.004671612664070994,0.0024850961216615008
227.22656249999994,0.005125886284658391,0.0023877825821133378
227.2412109375,0.004567675571706523,0.0027182565043915733
227.255859375,0.00434961773647316,0.0030669786895776044
227.27050781249994,0.0036077299091172017,0.002821759952987812
227.28515625,0.0040535290475101505,0.0025293716417102586
227.2998046875,0.0051132782306056055,0.002172465015100613
227.31445312499994,0.0030762830568057398,0.0018101844193289455
227.3291015625,0.001824073897785233,0.0012847135483313886
227.34375,0.0037165279632559492,0.0009545595304399704
227.35839843749994,0.0037159425612646704,0.000979326935806647
227.373046875,0.0032529962768511936,0.0007164008522677423
227.3876953125,0.00248487195824015,0.00038569974201081703
227.40234374999994,0.002493336294313945,0.0005034298782097921
227.4169921875,0.005313814575738622,0.00036624304425098567
227.431640625,0.006958561245049652,0.0003239525684604075
227.44628906249994,0.006385192837293085,0.0002980421926070893
227.4609375,0.004399024300650119,0.0006852807673726433
227.4755859375,0.0032335099990273442,0.0016965425753045294
227.49023437499994,0.004946589407101126,0.001873824807916049
227.5048828125,0.0050236999763048785,0.0022173711958096906
227.51953125,0.005190533167959746,0.00305141629717618
227.53417968749994,0.006218447414633623,0.003089975677168474
227.548828125,0.0063100777043810195,0.00258685333593597
227.5634765625,0.007036456209590048,0.002744802007832194
227.57812499999994,0.007528293103531455,0.0028118532990101595
227.5927734375,0.0060391375417995575,0.0017482763366574179
227.607421875,0.0025668648401176385,0.0012284467606928264
227.62207031249994,0.0010178244359747666,0.002053657063843542
227.63671875,0.002357170461300841,0.0018985066101747943
227.6513671875,0.003514310154479357,0.0006414705606866395
227.66601562499994,0.004365052238240461,0.0017015919584154884
227.6806640625,0.0038958268869248806,0.0022056454545760777
227.6953125,0.0022397153213800864,0.0008218695439645734
227.70996093749994,0.0027009374155673956,0.001917509074632558
227.724609375,0.0027658691806720856,0.0024127528789768945
227.7392578125,0.005422570337243511,0.0009733947093677203
227.75390624999994,0.006129640752616748,0.0020730552795939113
227.7685546875,0.0023376602207810285,0.002414053905447169
227.783203125,0.001599145633463579,0.0011755560070609323
227.79785156249994,0.004665963354631328,0.001651689925390604
227.8125,0.009333612426674595,0.0018544473340800474
227.8271484375,0.009716193900753697,0.0007580200466530401
227.84179687499994,0.0056587830271745,0.0010456975967552806
227.8564453125,0.0038162475335041268,0.0011112662493033979
227.87109375,0.006252461905463317,0.0011691505692557076
227.88574218749994,0.00769461603318715,0.0017557912028544108
227.900390625,0.0075095265333803675,0.0020031769060237137
227.9150390625,0.007268845975965514,0.0021702812095472286
227.92968749999994,0.008246312552095377,0.0026565735066247727
227.9443359375,0.011392555598645186,0.003395316583553649
227.958984375,0.013907877307937452,0.004106414014967685
227.97363281249994,0.012706268985060977,0.004464310724505631
227.98828125,0.008350508606456407,0.00427223216564188
228.0029296875,0.0047475928570249615,0.004041073343054121
228.01757812499994,0.003961010627615053,0.0038522513635126094
228.0322265625,0.004397254374375131,0.003289256346384508
228.046875,0.006653367583666257,0.002823980492437458
228.06152343749994,0.009066937645898446,0.002985288172055653
228.076171875,0.008811051140958107,0.0025372901931988447
228.0908203125,0.007400004412249528,0.001336848838325153
228.10546874999994,0.007253953351309701,0.0013245350926461708
228.1201171875,0.006954713943657661,0.0008373170647580037
228.134765625,0.005889592754348985,0.0005812432544260039
228.14941406249994,0.004808272279408091,0.0014060041268488105
228.1640625,0.004206401943537316,0.0015509145261080742
228.1787109375,0.0041243439479931865,0.0018407346323840036
228.19335937499994,0.0032371967134858506,0.002630973550939021
228.2080078125,0.002918472449169721,0.0025486914349298934
228.22265625,0.0049671772291096485,0.0025182764641487223
228.23730468749994,0.0035807388470342097,0.00237384646806467
228.251953125,0.0012121904328141386,0.0021128072763209977
228.2666015625,0.0036180245584908777,0.0021112001469899082
228.28124999999994,0.0022637416272206115,0.001576492902001566
228.2958984375,0.002539820439448222,0.0015968902815153075
228.310546875,0.0023115359260530042,0.001599753678392533
228.32519531249994,0.0019821942842287573,0.0009189184529240386
228.33984375,0.006101304974112396,0.0010981309016453342
228.3544921875,0.007675625113479361,0.001316198625445682
228.36914062499994,0.006532529216517358,0.0009388310442413258
228.3837890625,0.005662804529243798,0.0009643437779712629
228.3984375,0.005951854967672729,0.0011098405822647073
228.41308593749994,0.005583401776663967,0.0005489142672181803
228.427734375,0.004097819713356565,0.0003199779952934408
228.4423828125,0.00291391970064167,0.0006829480509060497
228.45703124999994,0.0031550737950106454,0.0013040840989726418
228.4716796875,0.004474361486337331,0.0019319370835374603
228.486328125,0.005973057125158544,0.002288812851042205
228.50097656249994,0.006358618868004147,0.002268305831349283
228.515625,0.005080044836893748,0.001992832259977547
228.5302734375,0.004267922791830001,0.0017728151726781943
228.54492187499994,0.003596849985955861,0.0014219263257224776
228.5595703125,0.00012977102819523143,0.0007080938231412419
228.57421875,0.004347090414147831,0.0006501501387295093
228.58886718749994,0.005273297337272957,0.0006203274762791978
228.603515625,0.002716516557380382,0.0003169412415874817
228.6181640625,0.0036504442837935044,0.0004737994960498607
228.63281249999994,0.0031315471606664035,0.0004594077100818283
228.6474609375,0.00389041207145985,0.0001300017555683822
228.662109375,0.009360222525505028,0.0008109070183081432
228.67675781249994,0.01299415095378113,0.0014186898121941731
228.69140625,0.012578421310564677,0.0009370675749139513
228.7060546875,0.00961446671321596,0.0011230537210645969
228.72070312499994,0.007499786310189737,0.0015949339036880079
228.7353515625,0.006026280273135,0.0008426013523504786
228.75,0.003748104014192629,0.0004909773224468276
228.76464843749994,0.002453971671682433,0.0009091684479982491
228.779296875,0.004327946057181679,0.000410516665945657
228.7939453125,0.00513541910179496,0.0005046189976486026
228.80859374999994,0.0035700834065819946,0.0008074557007287717
228.8232421875,0.002233563232242179,0.0006831831202656707
228.837890625,0.004711954516739081,0.0002586732058420116
228.85253906249994,0.007759839414010767,0.0012262087063064102
228.8671875,0.007374141903014434,0.0012314580712499842
228.8818359375,0.005705135510693435,0.0002805563997006838
228.89648437499994,0.0068451324903741305,0.0008461008919116987
228.9111328125,0.009711534799188697,0.00033636473380540947
228.92578125,0.01125653450877984,0.0013019212731892585
228.94042968749994,0.0079092852057507,0.0012154175124067775
228.955078125,0.0022528529492997426,0.00200895121881811
228.9697265625,0.0004905904994208823,0.003242681411715898
228.98437499999994,0.003262291620472383,0.0029643262671049317
228.9990234375,0.005863485142712056,0.0038989567979415447
229.013671875,0.004378256865651066,0.0045096578052753996
229.02832031249994,0.002418211279620051,0.004280454379362861
229.04296875,0.00612183999305945,0.0046621316754531855
229.0576171875,0.008393616354017386,0.004676870306811829
229.07226562499994,0.008100885511647638,0.004292358844278579
229.0869140625,0.009441426355726845,0.00401505818051157
229.1015625,0.010480318283745111,0.003244090231505689
229.11621093749994,0.008556860485311195,0.002688024042233098
229.130859375,0.004495618451496865,0.0026860764037597907
229.1455078125,0.0031340725690135627,0.0017406149807795465
229.16015624999994,0.0065620985863159955,0.0004728501703342658
229.1748046875,0.006696944909790632,0.0009815633144235644
229.189453125,0.0038260005905644246,0.00162335562120522
229.20410156249994,0.0039040190513159453,0.0006452533758398471
229.21875,0.0057185425540275244,0.0010953378367548625
229.2333984375,0.006633970640143795,0.0010803938644204142
229.24804687499994,0.005529248702663739,0.000880345913878461
229.2626953125,0.0035778910302950023,0.0018279970037542485
229.27734375,0.002515425851335638,0.0013143231105860354
229.29199218749994,0.002235184677237192,0.0007000933786375548
229.306640625,0.0032876060505057326,0.0011268450501133855
229.3212890625,0.003425205657376378,0.0010618460521490526
229.33593749999994,0.0013057548140854038,0.00024093089690319902
229.3505859375,0.001708709506055863,0.0005784234017497355
229.365234375,0.0032812472610170653,0.0006113247939071464
229.37988281249994,0.0027363582246106013,0.0006808098941777738
229.39453125,0.002149956288239175,0.0012148406642736888
229.4091796875,0.002835741852354692,0.0012247160562699861
229.42382812499994,0.0014149414666933264,0.0008357908373762843
229.4384765625,0.0036891623460419847,0.0006000323831684793
229.453125,0.0022513558674588964,0.0007696360185420927
229.46777343749994,0.005368233211719186,0.0011591579958362094
229.482421875,0.011023158526134301,0.0014966976520947293
229.4970703125,0.010140408331452085,0.0015590259759858777
229.51171874999994,0.005874552367625663,0.002099056142697505
229.5263671875,0.0085374899358531,0.002146969289751744
229.541015625,0.009513031801925562,0.0013237200129436666
229.55566406249994,0.00698766063179195,0.0010235396170375367
229.5703125,0.0052924671172535406,0.0005819839837939583
229.5849609375,0.005482930647375029,0.0003580884294494974
229.59960937499994,0.005996931232850509,0.00035873019542893196
229.6142578125,0.004166277421266904,0.0006100154627527324
229.62890625,0.0048944550171763825,0.001526315909369212
229.64355468749994,0.006188359886238618,0.0021550691470016555
229.658203125,0.0038113946821855486,0.002469547595731431
229.6728515625,0.0028375347912713445,0.003313341889280878
229.68749999999994,0.004604267894588012,0.0029478047571532716
229.7021484375,0.00418853415129758,0.0020879388308826367
229.716796875,0.0038516254882450906,0.0019752778315170237
229.73144531249994,0.005402057469919134,0.0013458996570704276
229.74609375,0.007233641852799956,0.0005812017711600933
229.7607421875,0.007552349641276894,0.000367981153120167
229.77539062499994,0.006656612827045027,0.0007102281079041209
229.7900390625,0.005742027361791289,0.0007420232509513183
229.8046875,0.004773984415525139,0.001103446622318396
229.81933593749994,0.004906725691997011,0.0022746043029365
229.833984375,0.0038834309053289696,0.002613394409770864
229.8486328125,0.0008532595838730662,0.0026289231646870856
229.86328124999994,0.004969984353392599,0.0033638689332366484
229.8779296875,0.006971512369237533,0.0033665916023483586
229.892578125,0.005561035412710054,0.00253185148296312
229.90722656249994,0.006069726020549482,0.002609830400582195
229.921875,0.007524910644677383,0.002515692553089405
229.9365234375,0.005953785123371503,0.0012758921179195064
229.95117187499994,0.0039503262480381175,0.0010769081427674325
229.9658203125,0.0013585909099079834,0.0010740298114585562
229.98046875,0.0021567952063246275,0.0005854108865175807
229.99511718749994,0.003911680865147047,0.0013122384238123366
230.009765625,0.0029649749469175895,0.001969938322807997
230.0244140625,0.0009939802426249063,0.002253443198300681
230.03906249999994,0.0020019576762962048,0.0027683294000301634
230.0537109375,0.004759518873518283,0.003358543865718105
230.068359375,0.004430801388058529,0.003027042669500164
230.08300781249994,0.0024752929171226374,0.0022745377974532637
230.09765625,0.003978150979210315,0.001959322119737213
230.1123046875,0.004774894534496444,0.001671035903847321
230.12695312499994,0.003399465935634483,0.0013070453472486597
230.1416015625,0.00017175998328631606,0.0011158209481262748
230.15625,0.002179213362196431,0.0011610111562057324
230.17089843749994,0.0016791864390718542,0.0010015754415802845
230.185546875,0.005217284596514974,0.0009584319741226515
230.2001953125,0.0066084072122867005,0.0013692267425333578
230.21484374999994,0.003573767338623523,0.0014650067974482724
230.2294921875,0.0008989747197455399,0.0012728600767772293
230.244140625,0.0011103053102296014,0.0012492778336705642
230.25878906249994,0.004797537775403383,0.0012900358926582686
230.2734375,0.005914715227562135,0.0011746366591042308
230.2880859375,0.003362686914109758,0.000809329269341501
230.30273437499994,0.00282405379825284,0.00033377220715845925
230.3173828125,0.0066918086055119605,0.0003275158829293083
230.33203125,0.008230075323635426,0.0011248348097922132
230.34667968749994,0.005634645788138992,0.0017622711213523587
230.361328125,0.0026751900052305252,0.0016585153167852635
230.3759765625,0.003260092622716224,0.001838111288059833
230.39062499999994,0.0013512854056088356,0.002394184898677024
230.4052734375,0.00502504176042961,0.0021070942872439716
230.419921875,0.009467133587950658,0.0014084371571380005
230.43457031249994,0.0106956447966712,0.0014330211129658479
230.44921875,0.009440920988662303,0.0014265198811518093
230.4638671875,0.008275980955900727,0.0014441528009399404
230.47851562499994,0.007921230606494708,0.0014397660873415867
230.4931640625,0.007698154294446008,0.0016253367179306247
230.5078125,0.007484102590425481,0.0014328743476585476
230.52246093749994,0.006104543578987142,0.0006763725467237453
230.537109375,0.005977382211813726,0.0003769245277239407
230.5517578125,0.008657127616956221,0.0010925296146551784
230.56640624999994,0.00986888381017438,0.0013006533462334615
230.5810546875,0.009356775723052612,0.0020037110314998084
230.595703125,0.008884569235623585,0.002795024103860033
230.61035156249994,0.009302127168395201,0.0031355814872365715
230.625,0.011142885737080683,0.0037485060229630073
230.6396484375,0.013119819841159014,0.004508400876690656
230.65429687499994,0.012333813801371038,0.004406738998997407
230.6689453125,0.008632525646881543,0.004010573000150323
230.68359375,0.00508334119761896,0.0034031931325658456
230.69824218749994,0.004029543825793595,0.002797343953522475
230.712890625,0.004833921682494788,0.0027961695141284957
230.7275390625,0.0050610072544984295,0.002534450525594134
230.74218749999994,0.0031772842988644955,0.001677744149573134
230.7568359375,6.752923384302152e-05,0.0015523348788847164
230.771484375,0.002354604731302157,0.001198512164797321
230.78613281249994,0.0030505372430498163,0.00039887865693429074
230.80078125,0.0026454991989385153,0.0018146035994967202
230.8154296875,0.0022664026396642203,0.002417216804657517
230.83007812499994,0.003969790075622925,0.003911870925258622
230.8447265625,0.0048613496449012115,0.004701445937935088
230.859375,0.004358125474667046,0.004291592538764045
230.87402343749994,0.005481746141167945,0.004413658827923326
230.888671875,0.005335486486263657,0.003918159107190761
230.9033203125,0.0017056127338814988,0.0025234406045762073
230.91796874999994,0.0017769545177539067,0.0018295506587488344
230.9326171875,0.0027904759012028733,0.0017232882890883781
230.947265625,0.003154011760913461,0.001981377963090121
230.96191406249994,0.003113566005707017,0.001874201250123057
230.9765625,0.0030311375490637655,0.0021230033712871057
230.9912109375,0.0046785437286996035,0.0019415534478427036
231.00585937499994,0.006968713916477251,0.000880748229123341
231.0205078125,0.007468552979442075,0.0006060353027334449
231.03515625,0.006534348928185393,0.0013894112919614233
231.04980468749994,0.0061499077643224175,0.0022896840268253667
231.064453125,0.006030632307955818,0.0022374717466241848
231.0791015625,0.006037777101426208,0.001883983635924967
231.09374999999994,0.005975102833266232,0.0015683518493361786
231.1083984375,0.004587517971105965,0.0008818326278250597
231.123046875,0.003026452148388161,0.0008518532844543781
231.13769531249994,0.0034333541482295033,0.0011293188090518995
231.15234375,0.0035196164088956913,0.0015757525946162529
231.1669921875,0.0021895696117818623,0.002129537394394325
231.18164062499994,0.0034418642147284527,0.002439750106217505
231.1962890625,0.006275329134482717,0.002799664338423697
231.2109375,0.007155940270680077,0.003624678746370104
231.22558593749994,0.006191119443322507,0.004254820568026157
231.240234375,0.0064538806093827365,0.004012217142454067
231.2548828125,0.006473621056935998,0.003918259738680984
231.26953124999994,0.0047750953305742165,0.0040810758951326485
231.2841796875,0.002215570126716501,0.003257554059503634
231.298828125,0.001744282362989838,0.0021652232119034037
231.31347656249994,0.003552313316417301,0.0017615443238248242
231.328125,0.005470896831683728,0.0011288104656921333
231.3427734375,0.006619013234220726,0.0008827941402098551
231.35742187499994,0.007531823504744785,0.0006935267795747487
231.3720703125,0.008736350213298728,0.0005156713546047851
231.38671875,0.008458170486959432,0.001054443108503255
231.40136718749994,0.005812247644347369,0.0022355379036820434
231.416015625,0.0039765130663898815,0.0030459824055068608
231.4306640625,0.007515520828953568,0.0032986279528329013
231.44531249999994,0.010971370782554344,0.0035194081562623268
231.4599609375,0.010450561923181926,0.003387023506276259
231.474609375,0.007195216199692397,0.0028344540925561257
231.48925781249994,0.006546052085897487,0.002124436992002798
231.50390625,0.005707095808234067,0.0016504010623632874
231.5185546875,0.001685696896207685,0.0016879168614706004
231.53320312499994,0.002785759779491093,0.0016689582320145392
231.5478515625,0.0038749035591351443,0.001136495599495877
231.5625,0.002825257378882841,0.0009727269149665606
231.57714843749994,0.002985318733083957,0.0007094375662841983
231.591796875,0.00491822760626645,0.0005538586695572545
231.6064453125,0.004432438226307282,0.0016870430310961758
231.62109374999994,0.003803317748662122,0.002303379467264869
231.6357421875,0.00515328025121929,0.003002156404555466
231.650390625,0.005679524065365957,0.0034565964780086506
231.66503906249994,0.0028403410913579816,0.0033342071840469665
231.6796875,0.0018179703052365755,0.002588957392436757
231.6943359375,0.0020840238977018755,0.002040696836241745
231.70898437499994,0.0022557199894492983,0.001198023397545817
231.7236328125,0.005327307854087529,0.00024138749713552505
231.73828125,0.003470765634608682,0.0008452050587523001
231.75292968749994,0.002924289671191303,0.0011068397679312495
231.767578125,0.004236920864407038,0.0018005381185704958
231.7822265625,0.0018114486334613411,0.0012375634240627462
231.79687499999994,0.0035706531730088885,0.0010812078435812355
231.8115234375,0.0035581372397694034,0.0011890559106836859
231.826171875,0.0009705433960223614,0.0009040731764151188
231.84082031249994,0.0010666272371523764,0.0016192511891356016
231.85546875,0.002389760772940768,0.0012730333657841838
231.8701171875,0.0029561688513790674,0.0009177332520554063
231.88476562499994,0.0014029779648377279,0.0006862617272146373
231.8994140625,0.001842016277474089,0.000556171968804027
231.9140625,0.0036741107879747557,0.001308362271186911
231.92871093749994,0.003486587310573585,0.0015339031295232546
231.943359375,0.0024850979151881626,0.0022191352757256113
231.9580078125,0.00321068561395573,0.0017828979864126138
231.97265624999994,0.005432110586749002,0.0012983141028911989
231.9873046875,0.006404250434040393,0.0018488782051810997
232.001953125,0.004963306243452233,0.0018473355968821993
232.01660156249994,0.004033615323928254,0.001076994392743353
232.03125,0.005914512789558165,0.0015826737596080346
232.0458984375,0.007193988518394333,0.001867086232607592
232.06054687499994,0.006173981303523103,0.001066957223108154
232.0751953125,0.004486486701106494,0.0006639691477044777
232.08984375,0.0030988519216481525,0.0013469316231462752
232.10449218749994,0.0026165528159608573,0.0012730702178509546
232.119140625,0.0037473807044687297,0.0005815272409373034
232.1337890625,0.004492533101266911,0.0008618703757222388
232.14843749999994,0.005680327570866892,0.0010079603942658199
232.1630859375,0.007278964917948588,0.0011443027070419493
232.177734375,0.005817966632823985,0.0018824900797887573
232.19238281249994,0.0015935387932545866,0.0022203539951855776
232.20703125,0.002027319201927946,0.0017884475486414004
232.2216796875,0.002658869234313204,0.002010133475454553
232.23632812499994,0.0018566613130086276,0.002275798322344511
232.2509765625,0.001924562454705683,0.0016922143647670456
232.265625,0.002039635293709095,0.0013140691048300628
232.28027343749994,0.0022152428895108336,0.002101235437487591
232.294921875,0.0022461085241834117,0.0025327434628307356
232.3095703125,0.0022617062057411655,0.00209147183601114
232.32421874999994,0.0038311309132931124,0.002648019292449662
232.3388671875,0.005629439576071488,0.0029261272513017773
232.353515625,0.0060476063698236245,0.0022536988002634403
232.36816406249994,0.004928689910872445,0.0023768238397567495
232.3828125,0.003579547530783727,0.002405960008240229
232.3974609375,0.003529588272693629,0.001945819292417805
232.41210937499994,0.00437414107247816,0.0017832343908164607
232.4267578125,0.004795458033230752,0.0017739042008117771
232.44140625,0.0044711086307413226,0.001637698537652899
232.45605468749994,0.004027240210311813,0.0015634230167720713
232.470703125,0.003763840551832294,0.0015033705632353765
232.4853515625,0.003141033631924355,0.0015743208883156976
232.49999999999994,0.002713025032870526,0.0014800726998648569
232.5146484375,0.0018773897231223803,0.0007357223965622846
232.529296875,0.0007726315917503515,0.0003979972713846807
232.54394531249994,0.0023208938438559878,0.00036152686690037335
232.55859375,0.0013108254087334564,0.0008289967117136771
232.5732421875,0.0024671314907601044,0.0010653197518156216
232.58789062499994,0.004948380231942348,0.0013670667783740346
232.6025390625,0.005223458879844074,0.002144446401448444
232.6171875,0.002303586910861908,0.001963666781225155
232.63183593749994,0.0029562060923634965,0.0012730297607822583
232.646484375,0.0049268811631581685,0.0015887765852833503
232.6611328125,0.004660228398809145,0.0014295578390121214
232.67578124999994,0.0031536185207154074,0.0006161424436712181
232.6904296875,0.0014470417365515787,0.00036379130652264274
232.705078125,0.0021840834311450895,0.0006085424432842432
232.71972656249994,0.004089560808848236,0.0010451573501266203
232.734375,0.0030396069443102817,0.001730762995676449
232.7490234375,0.003552793868636309,0.0011626904817445781
232.76367187499994,0.007282126347595384,0.0015450772819626817
232.7783203125,0.008031151463346216,0.0027379060761537955
232.79296875,0.005474780826892944,0.002649869563429217
232.80761718749994,0.0015660087512095926,0.0021767745384497195
232.822265625,0.0038437832894290596,0.003067877857529915
232.8369140625,0.0022135261101435535,0.0031146161387596476
232.85156249999994,0.0036964133356142646,0.002128809343991499
232.8662109375,0.008142430037585557,0.002205897477393114
232.880859375,0.007284170390582568,0.002301353420088904
232.89550781249994,0.002949973342991414,0.0015298796316507478
232.91015625,0.0010562591058038754,0.0016762521679081178
232.9248046875,0.0027804882783744557,0.0017544159457929004
232.93945312499994,0.003072080721496588,0.0011666701778262857
232.9541015625,0.003135946195294943,0.0018373446290578957
232.96875,0.0041836161330193735,0.0015325268890193026
232.98339843749994,0.005518862140392835,0.0013284008990258821
232.998046875,0.005201306167304934,0.0019004477277528783
233.0126953125,0.0055856316691673905,0.001530863948157283
233.02734374999994,0.008215097959027797,0.0010778116634822966
233.0419921875,0.008073484420423292,0.0013003407551586573
233.056640625,0.004330091822097647,0.0012461772801480705
233.07128906249994,0.0004629266680196217,0.0011927070354299744
233.0859375,0.003441625153667478,0.0013770688167640318
233.1005859375,0.004057221666252353,0.001798475866041516
233.11523437499994,0.003728460917578784,0.0021301771546554152
233.1298828125,0.002972745772603871,0.0018734456004109023
233.14453125,0.007507740210321781,0.0023838399264833605
233.15917968749994,0.011569186567500818,0.002927523777254512
233.173828125,0.011949438035962004,0.002589686127535469
233.1884765625,0.013154035456565814,0.003232992693467781
233.20312499999994,0.013906243689476475,0.0036533457307596864
233.2177734375,0.0109932787139773,0.00313813358313635
233.232421875,0.006956836231220461,0.0033367791824186832
233.24707031249994,0.004692924361396151,0.003169661146498424
233.26171875,0.0044684667895301755,0.002413088277275818
233.2763671875,0.0048695163600255545,0.002151067371982756
233.29101562499994,0.0036707697186464583,0.0016299494263712177
233.3056640625,0.0014174948711513698,0.0013167678031771705
233.3203125,0.0029043314654783234,0.00146393927718377
233.33496093749994,0.0037656330787722426,0.0014333577862473094
233.349609375,0.0038940814109300614,0.0015135927733894584
233.3642578125,0.003536149447650869,0.0016507941215216937
233.37890624999994,0.0022883811318870186,0.0016228494373566329
233.3935546875,0.0021775736474042035,0.0014939322586063047
233.408203125,0.005909958248667258,0.0017709054031281575
233.42285156249994,0.0074309096752022095,0.002407498245109941
233.4375,0.004488940437402615,0.0022012638107215526
233.4521484375,0.00031836628197127873,0.0015930225216453438
233.46679687499994,0.003180297552533736,0.0022712100466129492
233.4814453125,0.004173599557477013,0.002536690023931533
233.49609375,0.0022701737109360643,0.0013337054968855782
233.51074218749994,0.001561716280337374,0.0010769272282741627
233.525390625,0.002000515473835087,0.0007752078546081692
233.5400390625,0.0025825838337280747,0.0005873986258143166
233.55468749999994,0.0044227455632322565,0.0015715753521888065
233.5693359375,0.003679699709755741,0.0016581973897663253
233.583984375,0.0018986273881027294,0.0014978057588994687
233.59863281249994,0.0032147125647603984,0.0019330953726233936
233.61328125,0.0025413561831355287,0.0019304453188762716
233.6279296875,0.001707923579153572,0.001446813714706421
233.64257812499994,0.004632227572929534,0.0011537738753946663
233.6572265625,0.006847167909841311,0.002593358425714781
233.671875,0.005028533699456293,0.0033470974745574817
233.68652343749994,0.0007215540200592825,0.002023376446618094
233.701171875,0.003313364354463499,0.0024445616686979265
233.7158203125,0.001536430937482516,0.002354214955231234
233.73046874999994,0.002872947909714913,0.0009768020991309215
233.7451171875,0.004697046732911896,0.0016313450042832003
233.759765625,0.004699181471651515,0.0017752578541012998
233.77441406249994,0.004769250298404939,0.001237997420084154
233.7890625,0.0016986765668878026,0.0013154466367839971
233.8037109375,0.002665312115415368,0.0018248808290433076
233.81835937499994,0.003592187966547715,0.0020563086896121198
233.8330078125,0.00231241344050324,0.001846050381627329
233.84765625,0.0020868300555583054,0.0015655356161006534
233.86230468749994,0.0014889539124779325,0.002063763757879437
233.876953125,0.00025424342140420355,0.002402776215614996
233.8916015625,0.0024110371929788998,0.0016410636917496564
233.90624999999994,0.003540667730127924,0.0010267540993266124
233.9208984375,0.0020405724173251888,0.0015922975202971072
233.935546875,0.0012208824845306352,0.0013981453746019978
233.95019531249994,0.0018725017335518843,0.00036664129129134783
233.96484375,0.0019769149298358756,0.0010268061575545398
233.9794921875,0.002385826741646749,0.0014137036130883974
233.99414062499994,0.0008224690471394766,0.00039765605374876247
234.0087890625,0.0018715033673469457,0.0020801208914421145
234.0234375,0.004428954265596393,0.002323238190765176
234.03808593749994,0.005071177901893225,0.0012672178375638715
234.052734375,0.004438574891134507,0.002218080412867477
234.0673828125,0.005174417289503057,0.0028416605794667326
234.08203124999994,0.006232433198981302,0.002224674693801604
234.0966796875,0.006465146710183881,0.002272844215941513
234.111328125,0.00587325531606967,0.002895381106183768
234.12597656249994,0.0063979032714682115,0.002672134623376919
234.140625,0.008200869286585158,0.002080974366983088
234.1552734375,0.008117741500759078,0.0023839849035339855
234.16992187499994,0.00586098084040123,0.0028625456296834184
234.1845703125,0.004368510850319427,0.0025395391784542518
234.19921875,0.005570220822940886,0.0024308784106629876
234.21386718749994,0.005684362899210657,0.0032193339593265392
234.228515625,0.005328055113896652,0.0029427689610029627
234.2431640625,0.005648190402825172,0.0017904502407352606
234.25781249999994,0.004092593957836517,0.0017806596690903792
234.2724609375,0.0026118401259958316,0.001965007717806259
234.287109375,0.0047252578776197564,0.0013059952686845127
234.30175781249994,0.005409883933687,0.0003266044567176962
234.31640625,0.004066772744830934,0.0005976909632166534
234.3310546875,0.0029527233901059774,0.0008823887676698249
234.34570312499994,0.0036767909870846706,0.0007875481377891676
234.3603515625,0.0050176588381639145,0.0006722072973426317
234.375,0.004516181585926898,0.00046665118548855236
234.38964843749994,0.0026625784642417575,0.001013738094262086
234.404296875,0.002747758453791653,0.0014893290838795849
234.4189453125,0.0033545407128772247,0.0011975416380822126
234.43359374999994,0.0031187794593173497,0.0010734240358264157
234.4482421875,0.004857845135507918,0.0011567454272992455
234.462890625,0.0084506632122195,0.0008572055046929438
234.47753906249994,0.011291372037118311,0.0008603843829538977
234.4921875,0.012203989860051856,0.0008121295775383122
234.5068359375,0.009530519546527899,0.0005920999012241955
234.52148437499994,0.005571645804741785,0.0006546247332441245
234.5361328125,0.006050768366589881,0.0016033270179777667
234.55078125,0.00500392964974524,0.0009771332554759174
234.56542968749994,0.0016783713017841215,0.0017274850285494384
234.580078125,0.0028876130343500482,0.0024861301848472486
234.5947265625,0.0037237712462627874,0.0018178672938615383
234.60937499999994,0.004347689569547769,0.0023897715745185622
234.6240234375,0.004713634904064713,0.0027322521769293936
234.638671875,0.003197162027064196,0.001979237156861604
234.65332031249994,0.0010407482444013075,0.0016528450754140036
234.66796875,0.00036862458473102403,0.0021398069691626383
234.6826171875,0.0022467762337118114,0.002113487356476422
234.69726562499994,0.004837425196088742,0.001367885031570324
234.7119140625,0.005506556475185748,0.0014759274259432034
234.7265625,0.004147386954044091,0.002075158366996996
234.74121093749994,0.0045964023794238355,0.00155009833616708
234.755859375,0.006765950220283236,0.0015261353595846696
234.7705078125,0.006574131266899806,0.0026475833428056283
234.78515624999994,0.003118807999630754,0.0021508665445186467
234.7998046875,0.0008514111430971412,0.0017752560391316042
234.814453125,0.0021916579797181196,0.002629688457551705
234.82910156249994,0.002387946739021492,0.002593265304264287
234.84375,0.0032660885990722904,0.002383438498533832
234.8583984375,0.0029007549608042918,0.0024959119206832392
234.87304687499994,0.00046539849563285204,0.0021487387793457935
234.8876953125,0.0024571989992818134,0.0018697807414363194
234.90234375,0.0034406677240934077,0.001201185369756848
234.91699218749994,0.0033221815655585622,0.0016043660279846145
234.931640625,0.005231266393733212,0.0019719098956979646
234.9462890625,0.006874189406757315,0.0017235718381928282
234.96093749999994,0.0071383757312929235,0.002850833198732755
234.9755859375,0.006879048685234863,0.0038508217580329367
234.990234375,0.005988195368001846,0.0032243610692510244
235.00488281249994,0.004607405825891091,0.0034919033660647278
235.01953125,0.0022978622771679773,0.0038359132761475166
235.0341796875,0.0015233619253845361,0.00288263271905917
235.04882812499994,0.004251097644781454,0.0023471475643556546
235.0634765625,0.004172867653146113,0.0021925075036844225
235.078125,0.002960019328180458,0.0016689098217603177
235.09277343749994,0.0033920876693249113,0.001257798898513675
235.107421875,0.0015651816174233357,0.0009452072804997098
235.1220703125,0.00184396631641784,0.0012976897179726044
235.13671874999994,0.0038407265200291417,0.0013329856642185153
235.1513671875,0.004298388718133497,0.0014429267065799395
235.166015625,0.003692725418039846,0.0022631082637706618
235.18066406249994,0.002457284243824869,0.002172451877326634
235.1953125,0.003614626051447658,0.0019790922747098174
235.2099609375,0.006481769161205396,0.0028627404828507367
235.22460937499994,0.007895215717129705,0.003320797529222624
235.2392578125,0.007282409025277943,0.0029302272595122933
235.25390625,0.005842810740981585,0.0031910434274077383
235.26855468749994,0.003689182642628886,0.0030843779321528433
235.283203125,0.003208263695676617,0.001793767315878126
235.2978515625,0.0051606130117541485,0.0011818570797163975
235.31249999999994,0.006741027620114466,0.0006954754419658437
235.3271484375,0.007168580974037418,0.0005223637764726519
235.341796875,0.00590424612328748,0.0005494587214646468
235.35644531249994,0.0039197111300551144,0.0002422395012230329
235.37109375,0.002766807536510623,0.0006549693389445762
235.3857421875,0.002090593656844306,0.0006377134529855854
235.40039062499994,0.0011462572883714549,0.0002598741368299953
235.4150390625,0.0004275057897526237,0.0008679459479962537
235.4296875,0.001258254365862191,0.0009731837968618585
235.44433593749994,0.0015495163765847574,0.0009495674065659145
235.458984375,0.0016400630553018384,0.0012845395294034717
235.4736328125,0.002986434251325431,0.0010547599686690317
235.48828124999994,0.004509199238435777,0.0006550800125468723
235.5029296875,0.004666076187448503,0.00028447651619329447
235.517578125,0.0031469802266822938,0.00013337154688809614
235.53222656249994,0.0022143476950207495,0.0005676855040745521
235.546875,0.004720504775177632,0.0011434659908678953
235.5615234375,0.007138102548943504,0.0011290809635775142
235.57617187499994,0.007637872148209416,0.000984641073421794
235.5908203125,0.006438585523544627,0.00145422398267595
235.60546875,0.0049273538166124875,0.0010876388566664224
235.62011718749994,0.0034469760783529335,0.0004047806047588177
235.634765625,0.0022025843666720287,0.00042356862498940494
235.6494140625,0.0032555396051038876,0.0013517527316361361
235.66406249999994,0.003483483905841055,0.0017031319467093696
235.6787109375,0.002865236209009691,0.0012025531263450211
235.693359375,0.005194046550419668,0.0012527315068372254
235.70800781249994,0.007486854734714164,0.0013795336721019503
235.72265625,0.007371526225960584,0.0005179554327427073
235.7373046875,0.004681204101821335,0.0008554830382146658
235.75195312499994,0.0008405432830437116,0.001300509400538562
235.7666015625,0.0024650136488594703,0.0016549961412106566
235.78125,0.005036998295402537,0.002732217499047737
235.79589843749994,0.00832448522321111,0.003146314353229577
235.810546875,0.01054255494644101,0.0033313088457773165
235.8251953125,0.009936794445558762,0.0037981795464894687
235.83984374999994,0.007825214608465417,0.0037024529073575057
235.8544921875,0.007324861363531816,0.003416665491174545
235.869140625,0.008946941691949437,0.0029597360609529026
235.88378906249994,0.010121861935889072,0.002027017319131879
235.8984375,0.010047725560267305,0.0016508886915719766
235.9130859375,0.008780034915262035,0.002082722504596361
235.92773437499994,0.006708220307747847,0.0024036941557679927
235.9423828125,0.006090964034997903,0.0024056194846698194
235.95703125,0.007170417803093508,0.0027518378517947095
235.97167968749994,0.008333030596690523,0.0026704454159042225
235.986328125,0.006957163437930628,0.0021466839568712297
236.0009765625,0.004292506761146807,0.0017928091790071958
236.01562499999994,0.004960936559301128,0.0015903460647867544
236.0302734375,0.007113820515916214,0.0017072021732941387
236.044921875,0.007025393976988706,0.0019559564985897216
236.05957031249994,0.0025933972475813217,0.0015323176870960034
236.07421875,0.002394122859179366,0.0011046039921532268
236.0888671875,0.0013115011293168845,0.0008284402640337502
236.10351562499994,0.00545444517231945,0.0009870120196004688
236.1181640625,0.010441776258740248,0.0018107635979246078
236.1328125,0.010173057333885368,0.0018035013005645026
236.14746093749994,0.009802758513608604,0.002033978260970818
236.162109375,0.010317434905609223,0.001681949126484363
236.1767578125,0.009194385267030888,0.001321890327707686
236.19140624999994,0.007061237291241043,0.0015164033625975637
236.2060546875,0.0058717826958601055,0.0010367455914592862
236.220703125,0.006425601556269844,0.0005682839316118986
236.23535156249994,0.005813125100590586,0.000882006631997023
236.25,0.002607302661455088,0.0008229166050065664
236.2646484375,0.0014846694649503507,0.0009697407074785077
236.27929687499994,0.0021811339795533885,0.00017700162902716958
236.2939453125,0.0010188834334169065,0.0013453721801319927
236.30859375,0.0015091351513158273,0.001594652593353593
236.32324218749994,0.0007082730264892507,0.0005866570806677679
236.337890625,0.001199149686072754,0.0008760922064662506
236.3525390625,0.002387623455005248,0.001176195591915549
236.36718749999994,0.0018720078273678671,0.0006937421910611549
236.3818359375,0.0007540681299912509,0.0004919183006988515
236.396484375,0.001098715944979178,0.00020804383146282758
236.41113281249994,0.002151285024352149,0.0012241333127636634
236.42578125,0.001934230632278583,0.001420850530643022
236.4404296875,0.0010255093162595263,0.0005145304495479415
236.45507812499994,0.0025669899397389477,0.0013069457809494092
236.4697265625,0.0038944014504831634,0.001297544855054035
236.484375,0.0033818401599280345,0.0002864623914819344
236.49902343749994,0.001571218446546631,0.0006917742116675787
236.513671875,0.0017274898319838213,0.0005013406480464423
236.5283203125,0.005654518089045567,0.0011095744766063656
236.54296874999994,0.007511642885998375,0.0004314373297532705
236.5576171875,0.007018409510408284,0.0007113603503428248
236.572265625,0.006058973759257432,0.0008494019355355825
236.58691406249994,0.005522676261749992,0.00037294850212675273
236.6015625,0.005825184051152004,0.0014116411225468806
236.6162109375,0.005572670439546064,0.002002792547019764
236.63085937499994,0.005044161772004518,0.0016179413226824146
236.6455078125,0.0050042766244318025,0.0019384711025071295
236.66015625,0.003865066089428017,0.0030812370160566865
236.67480468749994,0.0011730134509486253,0.0025316882088647044
236.689453125,0.0037129934447838837,0.0012030988302004727
236.7041015625,0.006988579890471021,0.00223106756260496
236.71874999999994,0.007313795494865171,0.002720206920283648
236.7333984375,0.005558528174679206,0.001698913719332333
236.748046875,0.005825017938379011,0.0010864975555465394
236.76269531249994,0.00579870443972905,0.0023474698975435738
236.77734375,0.0038617888500361514,0.0019747589340853764
236.7919921875,0.0020078375109089707,0.00035160007736860196
236.80664062499994,0.0031515017036420033,0.001210778109225592
236.8212890625,0.006207049482254494,0.0010726893604997253
236.8359375,0.009001202989676762,0.00045838698788312456
236.85058593749994,0.010295144797261374,0.0020144400601217584
236.865234375,0.008984828126582283,0.0024030542194457866
236.8798828125,0.005510723794798689,0.001831856377373183
236.89453124999994,0.005135596301962235,0.0028824223858176334
236.9091796875,0.004956609296147195,0.0033121492696736705
236.923828125,0.0025665581591951606,0.0020725896916278775
236.93847656249994,0.0064608624270409195,0.0014606335175417332
236.953125,0.007865434670259023,0.0022235007294409102
236.9677734375,0.006465578827550504,0.0025298716012505163
236.98242187499994,0.005679247962901254,0.0016973217171407894
236.9970703125,0.007343267304229818,0.0017717188740441602
237.01171875,0.007680176983256484,0.0023854614363716165
237.02636718749994,0.004555958242451712,0.0010761595790847731
237.041015625,0.0026534888624010515,0.0017901324163367136
237.0556640625,0.002178168901556295,0.0023123691532775164
237.07031249999994,0.005037329435159767,0.0015101557418570294
237.0849609375,0.008780418379048463,0.00245423418262135
237.099609375,0.009188367184484401,0.00254438646575955
237.11425781249994,0.008007347752315673,0.0018171126917467639
237.12890625,0.006716384108568919,0.0017914127054021753
237.1435546875,0.004519500842626552,0.0020352514206057365
237.15820312499994,0.0026670331009665278,0.0022235536241241153
237.1728515625,0.0015559986479732491,0.0020108965085288027
237.1875,7.75383860934666e-05,0.0013066652300507413
237.20214843749994,0.0016060129399950414,0.002114785124591089
237.216796875,0.0029646040605924326,0.002750577074014588
237.2314453125,0.0029595601251941137,0.001401477456880094
237.24609374999994,0.0047334107743392225,0.002162791742062535
237.2607421875,0.0068376210838398165,0.002553144760805449
237.275390625,0.007337860760536005,0.0007173097687237349
237.29003906249994,0.006103106744140548,0.0011258153801533596
237.3046875,0.003153769616470121,0.0020941041910757297
237.3193359375,0.0018046005944270499,0.0018974444500393874
237.33398437499994,0.0033122919965877903,0.001356351752442587
237.3486328125,0.004995103628108313,0.0028014241234758964
237.36328125,0.005888743681490297,0.0025569990379980486
237.37792968749994,0.005269184138061278,0.0015698494140430007
237.392578125,0.0035342431669550035,0.0020831499998002407
237.4072265625,0.002366603937723231,0.0020230854012115744
237.42187499999994,0.0027373453142791543,0.0014171937813827783
237.4365234375,0.0018041259838989824,0.00142937280730025
237.451171875,0.000450021585640984,0.0014904543831313487
237.46582031249994,0.0008918038385301391,0.001580913747147133
237.48046875,0.001390975743188715,0.0019447825182603508
237.4951171875,0.002482655253157502,0.0017995248713008642
237.50976562499994,0.004053011233205385,0.002173300476303756
237.5244140625,0.004145733743895009,0.0031585397000894557
237.5390625,0.003094903315129171,0.002508447952227302
237.55371093749994,0.005568281474950812,0.0022539491316897493
237.568359375,0.006103528522677508,0.003042456903943593
237.5830078125,0.003647263426489529,0.0020343832328836775
237.59765624999994,0.002017959231211854,0.0011749993607335345
237.6123046875,0.003306409851553836,0.001462485520525653
237.626953125,0.0038853051546864224,0.00037098271144913475
237.64160156249994,0.0026359646004404077,0.0009569156163066559
237.65625,0.0012059332868436686,0.0014978355243587822
237.6708984375,0.0023038404365114105,0.001965721888456697
237.68554687499994,0.0013827882208461654,0.0023778302965644987
237.7001953125,0.0025754597584910304,0.0026948292600842156
237.71484375,0.005739266637442501,0.002771985560718902
237.72949218749994,0.006987766379569133,0.002399674792616114
237.744140625,0.0068930851654711,0.002429318238907263
237.7587890625,0.009202799907575273,0.0032426829721003557
237.77343749999994,0.012338720510915608,0.003349108921831632
237.7880859375,0.013395780493287096,0.0025881499936350584
237.802734375,0.013800561620974258,0.0029672276237278426
237.81738281249994,0.012777896511684175,0.0033045285637409005
237.83203125,0.008528034146873803,0.0020964081414600903
237.8466796875,0.0054147810579473574,0.0015638120655989945
237.86132812499994,0.005479647339631875,0.001789068046287776
237.8759765625,0.005585287945075285,0.0007634180321526662
237.890625,0.004583358281294089,0.0005078654935921349
237.90527343749994,0.0013504277980062914,0.000936367237949946
237.919921875,0.0023670547323033915,0.00047971389029900747
237.9345703125,0.0020786284484662775,0.0012969014886776234
237.94921874999994,0.0012299984607322123,0.002038469940378279
237.9638671875,0.0025764926148913727,0.0019230710629784
237.978515625,0.001869597977984067,0.0024166176658503994
237.99316406249994,0.0034537436657950914,0.002625118970455603
238.0078125,0.005375979356451249,0.002113128736852237
238.0224609375,0.005018995978817584,0.001988474764430338
238.03710937499994,0.002934260212975521,0.0017170279451564797
238.0517578125,0.00127244978590449,0.0008982681659581576
238.06640625,0.0013740412564427636,0.00025268174049501783
238.08105468749994,0.002467554065451482,0.0004689277239387299
238.095703125,0.004141902916051879,0.0009813094702827904
238.1103515625,0.00487073769762544,0.0011244226780384998
238.12499999999994,0.004058453048739826,0.0007243329093694415
238.1396484375,0.0029442860698861745,0.0002920609541213661
238.154296875,0.002110482775829681,0.0005304491341663046
238.16894531249994,0.0021911908002831514,0.001587048581223335
238.18359375,0.003096203561258821,0.002277851072858418
238.1982421875,0.001493600738192264,0.002609080353347053
238.21289062499994,0.0034126409906148516,0.003043078075179022
238.2275390625,0.0046241326136798894,0.002489715558463993
238.2421875,0.003421155125785784,0.001708756068126764
238.25683593749994,0.002814401586583926,0.0015227263927628824
238.271484375,0.003100007372125763,0.0014339586740030872
238.2861328125,0.005951137378478759,0.0012748467153684152
238.30078124999994,0.009061821220908251,0.0016776733133153114
238.3154296875,0.011103754556790737,0.0014661049863877423
238.330078125,0.010757461433514961,0.0007863187295896217
238.34472656249994,0.009057753391668252,0.0012235795380059805
238.359375,0.008395248675518692,0.0011296909435143142
238.3740234375,0.007830158084259213,0.0005820391581785123
238.38867187499994,0.006570494273771573,0.0013229386908372213
238.4033203125,0.005355302662146683,0.0010739577837799775
238.41796875,0.003822216103024375,0.0020492853770644423
238.43261718749994,0.0019460798876448178,0.0021827988927115185
238.447265625,0.002863821364033132,0.002107953257844679
238.4619140625,0.0040462961560186915,0.002600791061901302
238.47656249999994,0.0042194176306446585,0.0023597943237429224
238.4912109375,0.004207673278445733,0.0021423349352094256
238.505859375,0.00503952008947471,0.0019479715152075161
238.52050781249994,0.005117816017731217,0.00129917657894335
238.53515625,0.003566682331204425,0.0010464356570920967
238.5498046875,0.0019572328948435124,0.0008020025504181193
238.56445312499994,0.0013554338874422463,0.0008452640262228635
238.5791015625,0.0004317063649792896,0.0011325827793832025
238.59375,0.0009445098760802175,0.0012421118670287625
238.60839843749994,0.0005654445066702884,0.001592367411884922
238.623046875,0.003079024421716876,0.001935657179800915
238.6376953125,0.00767406557033104,0.0019849614464226917
238.65234374999994,0.008969724435249219,0.0021719304095979054
238.6669921875,0.0073911057641155705,0.0024743870985467972
238.681640625,0.007220082475063247,0.0022648577438820405
238.69628906249994,0.006410672884383604,0.0019599724430409476
238.7109375,0.004989295158947463,0.0021469332147243786
238.7255859375,0.005293507707397385,0.001982770045150707
238.74023437499994,0.004585281716326908,0.0016745854820505144
238.7548828125,0.002386443419061997,0.002184312138027463
238.76953125,0.003557300822318584,0.0022151195488716484
238.78417968749994,0.004906198172003802,0.001848562150049723
238.798828125,0.005664604084042173,0.0020060538792634405
238.8134765625,0.006901970791024451,0.0015387575903196874
238.82812499999994,0.006558920764116508,0.0007111160354737863
238.8427734375,0.0041087045629376465,0.00040998425455132035
238.857421875,0.0001473126406553431,0.00022212225613372935
238.87207031249994,0.0045435126334011314,0.0006714175731112236
238.88671875,0.007370169020685877,0.0006103678994428849
238.9013671875,0.006594662727265678,0.0001279095791350634
238.91601562499994,0.0032875992708621573,0.0005244351219126406
238.9306640625,0.0021520414851527317,0.00027044110141588546
238.9453125,0.0054408231336299925,0.0014114324678490906
238.95996093749994,0.008012378675156119,0.001226786733135491
238.974609375,0.008491455612451139,0.0006692458751210784
238.9892578125,0.008607053496876805,0.0015578331422617857
239.00390624999994,0.008807303227966218,0.0015147576927292243
239.0185546875,0.007850013738225695,0.0009289865913557752
239.033203125,0.005885233272350782,0.0011207905369866003
239.04785156249994,0.005125329494427395,0.0023815350712660375
239.0625,0.005813549760839584,0.001947535821749607
239.0771484375,0.005387064400752864,0.0011328901129227657
239.09179687499994,0.003732790030301497,0.0021537077787529206
239.1064453125,0.0031701236193364284,0.002649557548670604
239.12109375,0.004569567417535192,0.0020014343994871142
239.13574218749994,0.006894905555113597,0.0020691464304251075
239.150390625,0.007277168703666746,0.0024658674610805857
239.1650390625,0.00487137132729827,0.0017367150555448034
239.17968749999994,0.0035120988933551346,0.001314895106990029
239.1943359375,0.004778732812258322,0.002178057833453883
239.208984375,0.0047025064337409515,0.0020158620086799645
239.22363281249994,0.0023618845039168135,0.0013194431095518502
239.23828125,0.00225849228813543,0.002390527212986622
239.2529296875,0.003909038718252035,0.002030362349097478
239.26757812499994,0.0034433914664668166,0.00047366381657683705
239.2822265625,0.004559517336074529,0.00028426505463157874
239.296875,0.006036000613702038,0.00118533465692616
239.31152343749994,0.005689844391102707,0.002286716252055989
239.326171875,0.004405310618632108,0.0023134546367360653
239.3408203125,0.003528180019945998,0.0019951227256328257
239.35546874999994,0.002216060545103289,0.0023854509405610872
239.3701171875,0.001432315097558377,0.0022648542340672714
239.384765625,0.0022235100449598854,0.0011592736217593213
239.39941406249994,0.0036016965554048976,0.0011402836805609457
239.4140625,0.004947283040647362,0.0018256971327058039
239.4287109375,0.004888089823372278,0.0008264444084995996
239.44335937499994,0.0029815605491957183,0.0010202643731735653
239.4580078125,0.002107046862581365,0.0015035889169818042
239.47265625,0.003335082734918888,0.0005336123469565584
239.48730468749994,0.002427149860236326,0.0018878866850442445
239.501953125,0.002011964068947341,0.0018567054981973433
239.5166015625,0.003002656252368871,0.000950031358273708
239.53124999999994,0.001779850505767507,0.0013504611576475433
239.5458984375,0.0018508479478432209,0.0017533462692201078
239.560546875,0.0031611085269800704,0.0015166373753789707
239.57519531249994,0.0035358847589235616,0.0011239695422299713
239.58984375,0.004392627265103671,0.0014521785929339196
239.6044921875,0.004472755101947824,0.0020589012596347756
239.61914062499994,0.0019198696075789835,0.0017996656219519047
239.6337890625,0.002386029309241881,0.0014870262810817837
239.6484375,0.0047057518782235115,0.0021540911363572453
239.66308593749994,0.003309193915818356,0.00150135243920678
239.677734375,0.0014863211385804335,0.0007118189061586931
239.6923828125,0.003486605335720507,0.001170615395254299
239.70703124999994,0.004888265251553232,0.00047558510346641967
239.7216796875,0.003160701777884071,0.0005110277042572715
239.736328125,0.003968354540571789,0.0008737851167251096
239.75097656249994,0.003710211267239007,0.0007543067499618273
239.765625,0.0027842500165825845,0.0009325696527039559
239.7802734375,0.00614198320364452,0.002190548682492338
239.79492187499994,0.004180737363325953,0.002530593856808617
239.8095703125,0.002847069517981737,0.002220624066972711
239.82421875,0.00521940357151775,0.0024975382106462883
239.83886718749994,0.005038243089352089,0.002307570329403381
239.853515625,0.0038781045916237993,0.0016007621739493757
239.8681640625,0.0028423286913603447,0.0013614689322993037
239.88281249999994,0.0017830705705980476,0.0018470818926658251
239.8974609375,0.0029885032190256704,0.0022582888038741736
239.912109375,0.0032955536468282035,0.0022669869652840176
239.92675781249994,0.002160454854631227,0.0022330778767110896
239.94140625,0.003167272278466165,0.002308996803100292
239.9560546875,0.0005851021138865698,0.002166709234524367
239.97070312499994,0.003893482763962219,0.001499446447957059
239.9853515625,0.004474871865686439,0.001108030078834717
240.0,0.00016229820794284446,0.0012817074482845683
