Timestamp,Percentage Full (clean),Percentage Full (post-slope-cap),Percentage Full (hampel),Percentage Full,Water Volume,Auto Pump,Battery,PumpOn
2025-10-20 16:30:00,99.3,99.3,99.3,99.3,142970.88,,80.0,0
2025-10-20 16:33:00,99.4,99.4,99.4,99.4,143205.33,,80.0,0
2025-10-20 16:36:00,99.4,99.4,99.4,99.4,143205.33,,80.0,0
2025-10-20 16:39:00,99.75,99.75,99.75,99.75,143615.58000000002,,80.0,0
2025-10-20 16:42:00,99.35,99.35,99.35,99.8,143674.19,,80.0,0
2025-10-20 16:45:00,99.3,99.3,99.3,99.3,142970.88,,80.0,0
2025-10-20 16:48:00,99.6,99.6,99.6,99.6,143439.77,,80.0,0
2025-10-20 16:51:00,99.0,99.0,99.0,99.0,142619.22,,80.0,0
2025-10-20 16:54:00,99.3,99.3,99.3,99.3,142970.88,,80.0,0
2025-10-20 16:57:00,99.3,99.3,99.3,99.3,142970.88,,80.0,0
2025-10-20 17:00:00,99.15,99.15,99.15,98.55,141915.91,,80.0,0
2025-10-20 17:03:00,99.1,99.1,99.1,99.1,142677.83000000002,,80.0,0
2025-10-20 17:06:00,99.2,99.2,99.2,99.2,142853.66,,80.0,0
2025-10-20 17:09:00,99.15,99.15,99.15,99.15,142795.05,,80.0,0
2025-10-20 17:12:00,98.9,98.9,98.9,98.9,142384.78,,80.0,0
2025-10-20 17:15:00,99.0,99.0,99.0,99.0,142502.0,,80.0,0
2025-10-20 17:18:00,99.0,99.0,99.0,98.05,141212.58000000002,,80.0,0
2025-10-20 17:21:00,98.8,98.8,98.8,98.8,142267.555,,80.0,0
2025-10-20 17:24:00,99.1,99.1,99.1,99.1,142736.44,,80.0,0
2025-10-20 17:27:00,99.1,99.1,99.1,99.1,142736.44,,80.0,0
2025-10-20 17:30:00,99.0,99.0,99.0,99.0,142560.61,,80.0,0
2025-10-20 17:33:00,99.0,99.0,99.0,99.0,142502.0,,80.0,0
2025-10-20 17:36:00,98.95,98.95,98.95,98.95,142443.39,,80.0,0
2025-10-20 17:39:00,98.7,98.7,98.7,98.7,142150.33500000002,,80.0,0
2025-10-20 17:42:00,99.05,99.05,99.05,99.3,142970.88,,80.0,0
2025-10-20 17:45:00,99.05,99.05,99.05,99.05,142677.83000000002,,80.0,0
2025-10-20 17:48:00,99.05,99.05,99.05,99.05,142619.22,,80.0,0
2025-10-20 17:51:00,99.05,99.05,99.05,99.05,142619.22,,80.0,0
2025-10-20 17:54:00,98.9,98.9,98.9,98.9,142384.78,,80.0,0
2025-10-20 17:57:00,99.05,99.05,99.05,99.05,142677.83000000002,,80.0,0
2025-10-20 18:00:00,99.1,99.1,99.1,99.1,142736.44,,80.0,0
2025-10-20 18:03:00,98.7,98.7,98.7,98.7,142150.33500000002,,80.0,0
2025-10-20 18:06:00,98.55000000000001,98.55000000000001,98.55000000000001,98.55000000000001,141915.89,,80.0,0
2025-10-20 18:09:00,98.6,98.6,98.6,98.6,141974.5,,80.0,0
2025-10-20 18:12:00,98.95,98.95,98.95,98.95,142443.39,,80.0,0
2025-10-20 18:15:00,98.9,98.9,98.9,98.9,142384.78,,80.0,0
2025-10-20 18:18:00,98.8,98.8,98.8,98.8,142267.55,,80.0,0
2025-10-20 18:21:00,98.9,98.9,98.9,98.9,142384.78,,80.0,0
2025-10-20 18:24:00,98.9,98.9,98.9,98.9,142384.775,,80.0,0
2025-10-20 18:27:00,99.0,99.0,99.0,99.0,142502.0,,80.0,0
2025-10-20 18:30:00,98.9,98.9,98.9,99.4,143088.11,,80.0,0
2025-10-20 18:33:00,98.95,98.95,98.95,98.95,142502.0,,80.0,0
2025-10-20 18:36:00,99.0,99.0,99.0,99.0,142502.0,,80.0,0
2025-10-20 18:39:00,98.65,98.65,98.65,98.65,142033.115,,80.0,0
2025-10-20 18:42:00,98.8,98.8,98.8,98.8,142267.555,,80.0,0
2025-10-20 18:45:00,98.5,98.5,98.5,98.5,141798.67,,80.0,0
2025-10-20 18:48:00,98.9,98.9,98.9,98.9,142443.385,,80.0,0
2025-10-20 18:51:00,98.8,98.8,98.8,98.8,142267.55,,80.0,0
2025-10-20 18:54:00,98.9,98.9,98.9,98.9,142384.775,,80.0,0
2025-10-20 18:57:00,98.75,98.75,98.75,98.75,142208.945,,80.0,0
2025-10-20 19:00:00,99.0,99.0,99.0,99.0,142502.0,,80.0,0
2025-10-20 19:03:00,98.75,98.75,98.75,98.75,142208.945,,80.0,0
2025-10-20 19:06:00,99.0,99.0,99.0,99.0,142502.0,,80.0,0
2025-10-20 19:09:00,98.6,98.6,98.6,98.6,141974.495,,80.0,0
2025-10-20 19:12:00,98.5,98.5,98.5,98.5,141798.69,,80.0,0
2025-10-20 19:15:00,98.4,98.4,98.4,98.4,141681.44,,80.0,0
2025-10-20 19:18:00,98.65,98.65,98.65,98.65,142091.72,,80.0,0
2025-10-20 19:21:00,99.0,99.0,99.0,99.0,142502.0,,80.0,0
2025-10-20 19:24:00,98.8,98.8,98.8,98.8,142267.55,,80.0,0
2025-10-20 19:27:00,99.0,99.0,99.0,99.0,142560.61,,80.0,0
2025-10-20 19:30:00,98.85,98.85,98.85,98.85,142326.16499999998,,80.0,0
2025-10-20 19:33:00,98.9,98.9,98.9,98.9,142384.78,,80.0,0
2025-10-20 19:36:00,98.95,98.95,98.95,98.95,142443.39,,80.0,0
2025-10-20 19:39:00,98.7,98.7,98.7,98.7,142091.725,,80.0,0
2025-10-20 19:42:00,99.0,99.0,99.0,99.0,142560.61,,80.0,0
2025-10-20 19:45:00,99.0,99.0,99.0,99.0,142502.0,,80.0,0
2025-10-20 19:48:00,99.0,99.0,99.0,99.0,142502.0,,80.0,0
2025-10-20 19:51:00,98.8,98.8,98.8,98.8,142267.55,,80.0,0
2025-10-20 19:54:00,98.9,98.9,98.9,98.3,141564.23,,80.0,0
2025-10-20 19:57:00,98.85,98.85,98.85,98.85,142326.16499999998,,80.0,0
2025-10-20 20:00:00,98.9,98.9,98.9,98.9,142384.78,,80.0,0
2025-10-20 20:03:00,98.9,98.9,98.9,98.9,142384.775,,80.0,0
2025-10-20 20:06:00,99.0,99.0,99.0,99.0,142502.0,,80.0,0
2025-10-20 20:09:00,98.9,98.9,98.9,98.5,141915.89,,80.0,0
2025-10-20 20:12:00,98.9,98.9,98.9,98.9,142384.775,,80.0,0
2025-10-20 20:15:00,98.9,98.9,98.9,98.9,142384.775,,80.0,0
2025-10-20 20:18:00,98.95,98.95,98.95,98.95,142443.39,,80.0,0
2025-10-20 20:21:00,98.95,98.95,98.95,98.95,142443.39,,80.0,0
2025-10-20 20:24:00,99.0,99.0,99.0,99.0,142502.0,,80.0,0
2025-10-20 20:27:00,98.95,98.95,98.95,98.95,142443.39,,80.0,0
2025-10-20 20:30:00,98.9,98.9,98.9,98.9,142384.775,,80.0,0
2025-10-20 20:33:00,98.9,98.9,98.9,98.9,142384.775,,80.0,0
2025-10-20 20:36:00,98.95,98.95,98.95,98.95,142443.39,,80.0,0
2025-10-20 20:39:00,98.65,98.65,98.65,98.65,142091.72,,80.0,0
2025-10-20 20:42:00,99.05000000000001,99.05000000000001,99.05000000000001,99.05000000000001,142619.22,,80.0,0
2025-10-20 20:45:00,98.55,98.55,98.55,98.55,141915.89,,80.0,0
2025-10-20 20:48:00,98.9,98.9,98.9,98.9,142384.775,,80.0,0
2025-10-20 20:51:00,98.8,98.8,98.8,98.8,142267.55,,80.0,0
2025-10-20 20:54:00,98.7,98.7,98.7,98.7,142091.725,,80.0,0
2025-10-20 20:57:00,98.95,98.95,98.95,98.95,142443.39,,80.0,0
2025-10-20 21:00:00,98.5,98.5,98.5,98.5,141915.89,,80.0,0
2025-10-20 21:03:00,98.4,98.4,98.4,98.4,141681.44,,80.0,0
2025-10-20 21:06:00,98.9,98.9,98.9,98.9,142384.775,,80.0,0
2025-10-20 21:09:00,98.8,98.8,98.8,98.8,142267.55,,80.0,0
2025-10-20 21:12:00,98.8,98.8,98.8,98.8,142267.55,,80.0,0
2025-10-20 21:15:00,98.69999999999999,98.69999999999999,97.4,97.4,140274.805,,80.0,0
2025-10-20 21:18:00,98.8,98.8,98.8,98.8,142267.55,,80.0,0
2025-10-20 21:21:00,98.4,98.4,98.4,98.4,141681.45,,80.0,0
2025-10-20 21:24:00,98.25,98.25,98.25,98.25,141447.02500000002,,80.0,0
2025-10-20 21:27:00,98.5,98.5,98.5,98.5,141798.67,,80.0,0
2025-10-20 21:30:00,98.95,98.95,98.95,98.95,142443.39,,80.0,0
2025-10-20 21:33:00,98.7,98.7,98.7,98.7,142091.725,,80.0,0
2025-10-20 21:36:00,98.9,98.9,98.9,98.9,142384.78,,80.0,0
2025-10-20 21:39:00,97.8,97.8,97.8,97.8,140860.94,,80.0,0
2025-10-20 21:42:00,98.4125,98.4125,99.0,99.0,142502.0,,80.0,0
2025-10-20 21:45:00,98.8,98.8,98.8,98.8,142267.55,,80.0,0
2025-10-20 21:48:00,98.15,98.15,98.15,98.15,141329.805,,80.0,0
2025-10-20 21:51:00,98.5,98.5,98.5,98.5,141798.67,,80.0,0
2025-10-20 21:54:00,98.5,98.5,98.5,98.5,141798.67,,80.0,0
2025-10-20 21:57:00,98.5,98.5,98.5,98.5,141798.67,,80.0,0
2025-10-20 22:00:00,98.5,98.5,98.5,99.0,142502.0,,80.0,0
2025-10-20 22:03:00,98.65,98.65,98.65,98.65,142033.11,,80.0,0
2025-10-20 22:06:00,98.4,98.4,98.4,98.4,141681.44,,80.0,0
2025-10-20 22:09:00,98.3,98.3,98.3,98.3,141564.225,,80.0,0
2025-10-20 22:12:00,98.75,98.75,98.75,98.75,142208.945,,80.0,0
2025-10-20 22:15:00,98.35,98.35,98.35,98.35,141622.83500000002,,80.0,0
2025-10-20 22:18:00,98.8,98.8,98.8,98.8,142267.55,,80.0,0
2025-10-20 22:21:00,99.0,99.0,99.0,99.0,142502.0,,80.0,0
2025-10-20 22:24:00,98.7,98.7,98.7,98.7,142150.33500000002,,80.0,0
2025-10-20 22:27:00,98.5,98.5,98.5,98.5,141915.89,,80.0,0
2025-10-20 22:30:00,98.5,98.5,98.5,93.1,134062.155,,80.0,0
2025-10-20 22:33:00,98.8,98.8,98.8,98.8,142267.55,,80.0,0
2025-10-20 22:36:00,98.5,98.5,98.5,93.1,134062.15000000002,,80.0,0
2025-10-20 22:39:00,98.5,98.5,98.5,98.5,141798.67,,80.0,0
2025-10-20 22:42:00,98.5,98.5,98.5,98.5,141857.28000000003,,80.0,0
2025-10-20 22:45:00,98.45,98.45,98.45,98.45,141740.055,,80.0,0
2025-10-20 22:48:00,98.3,98.3,98.3,98.3,141564.225,,80.0,0
2025-10-20 22:51:00,98.2,98.2,98.2,98.2,141447.0,,80.0,0
2025-10-20 22:54:00,98.5,98.5,98.5,98.5,141915.89,,80.0,0
2025-10-20 22:57:00,98.65,98.65,98.65,98.65,142033.11,,80.0,0
2025-10-20 23:00:00,98.0,98.0,98.0,98.0,141095.35,,80.0,0
2025-10-20 23:03:00,98.1,98.1,98.1,98.1,141329.78,,80.0,0
2025-10-20 23:06:00,98.5,98.5,98.5,98.5,141857.28000000003,,80.0,0
2025-10-20 23:09:00,98.5,98.5,98.5,98.5,141915.89,,80.0,0
2025-10-20 23:12:00,98.8,98.8,98.8,98.8,142267.55,,80.0,0
2025-10-20 23:15:00,98.8,98.8,98.8,98.8,142267.55,,80.0,0
2025-10-20 23:18:00,98.8,98.8,98.8,98.8,142267.55,,80.0,0
2025-10-20 23:21:00,98.9,98.9,98.9,98.9,142384.78,,80.0,0
2025-10-20 23:24:00,98.35,98.35,98.35,98.35,141681.445,,80.0,0
2025-10-20 23:27:00,98.5,98.5,98.5,98.5,141798.67,,80.0,0
2025-10-20 23:30:00,98.5,98.5,98.5,98.5,141915.89,,80.0,0
2025-10-20 23:33:00,98.15,98.15,98.15,98.15,141388.415,,80.0,0
2025-10-20 23:36:00,98.5,98.5,98.5,98.25,141447.02500000002,,80.0,0
2025-10-20 23:39:00,98.25,98.25,98.25,98.25,141505.615,,80.0,0
2025-10-20 23:42:00,98.5,98.5,98.5,98.5,141798.67,,80.0,0
2025-10-20 23:45:00,98.5,98.5,98.5,98.5,141915.89,,80.0,0
2025-10-20 23:48:00,98.45,98.45,98.45,98.45,141798.665,,80.0,0
2025-10-20 23:51:00,98.5,98.5,98.5,98.5,141915.89,,80.0,0
2025-10-20 23:54:00,98.4,98.4,98.4,98.4,141740.06,,80.0,0
2025-10-20 23:57:00,98.5,98.5,98.5,98.5,141798.67,,80.0,0
2025-10-21 00:00:00,98.35,98.35,98.35,98.35,141622.83500000002,,80.0,0
2025-10-21 00:03:00,98.4,98.4,98.4,98.8,142267.55,,80.0,0
2025-10-21 00:06:00,98.1,98.1,98.1,98.1,141329.78,,80.0,0
2025-10-21 00:09:00,98.1,98.1,98.1,98.1,141329.78,,80.0,0
2025-10-21 00:12:00,98.5,98.5,98.5,98.5,141915.89,,80.0,0
2025-10-21 00:15:00,98.3,98.3,98.3,98.3,141564.23,,80.0,0
2025-10-21 00:18:00,98.25,98.25,98.25,98.25,141505.61,,80.0,0
2025-10-21 00:21:00,98.2,98.2,98.2,98.2,141447.0,,80.0,0
2025-10-21 00:24:00,98.25,98.25,98.25,98.25,141505.635,,80.0,0
2025-10-21 00:27:00,98.5,98.5,98.5,98.5,141798.67,,80.0,0
2025-10-21 00:30:00,98.5,98.5,98.5,98.5,141798.67,,80.0,0
2025-10-21 00:33:00,98.5,98.5,98.5,98.5,141798.67,,80.0,0
2025-10-21 00:36:00,98.7,98.7,98.7,98.7,142150.33500000002,,80.0,0
2025-10-21 00:39:00,98.0,98.0,98.0,98.0,141095.355,,80.0,0
2025-10-21 00:42:00,98.15,98.15,98.15,98.15,141388.39,,80.0,0
2025-10-21 00:45:00,98.65,98.65,98.65,98.65,142033.11,,80.0,0
2025-10-21 00:48:00,98.4,98.4,98.4,98.4,141681.44,,80.0,0
2025-10-21 00:51:00,98.35,98.35,98.35,98.35,141622.83500000002,,80.0,0
2025-10-21 00:54:00,98.5,98.5,98.5,98.5,141798.67,,80.0,0
2025-10-21 00:57:00,98.45,98.45,98.45,98.45,141798.665,,80.0,0
2025-10-21 01:00:00,98.4,98.4,98.4,98.4,141681.45,,80.0,0
2025-10-21 01:03:00,98.5,98.5,98.5,98.5,141857.28000000003,,80.0,0
2025-10-21 01:06:00,98.25,98.25,98.25,98.25,141447.02500000002,,80.0,0
2025-10-21 01:09:00,98.5,98.5,98.5,98.5,141857.28000000003,,80.0,0
2025-10-21 01:12:00,98.4,98.4,98.4,98.4,141681.44,,80.0,0
2025-10-21 01:15:00,98.19999999999999,98.19999999999999,98.19999999999999,98.19999999999999,141447.005,,80.0,0
2025-10-21 01:18:00,98.45,98.45,98.45,98.45,141740.055,,80.0,0
2025-10-21 01:21:00,98.5,98.5,98.5,98.5,141798.67,,80.0,0
2025-10-21 01:24:00,98.0,98.0,98.0,98.0,141095.38,,80.0,0
2025-10-21 01:27:00,98.3,98.3,98.3,98.3,141564.23,,80.0,0
2025-10-21 01:30:00,98.30000000000001,98.30000000000001,98.30000000000001,98.30000000000001,141564.22,,80.0,0
2025-10-21 01:33:00,98.15,98.15,98.15,98.15,141388.39,,80.0,0
2025-10-21 01:36:00,98.05000000000001,98.05000000000001,98.05000000000001,98.05000000000001,141212.57,,80.0,0
2025-10-21 01:39:00,98.05,98.05,98.05,98.05,141153.97,,80.0,0
2025-10-21 01:42:00,98.15,98.15,98.15,98.15,141329.805,,80.0,0
2025-10-21 01:45:00,98.1,98.1,98.1,98.1,141329.78,,80.0,0
2025-10-21 01:48:00,98.1,98.1,98.1,98.1,141329.78,,80.0,0
2025-10-21 01:51:00,98.1,98.1,98.1,98.19999999999999,141447.005,,80.0,0
2025-10-21 01:54:00,98.1,98.1,98.1,98.1,141329.78,,80.0,0
2025-10-21 01:57:00,98.1,98.1,98.1,98.1,141271.16999999998,,80.0,0
2025-10-21 02:00:00,98.1,98.1,98.1,98.1,141329.78,,80.0,0
2025-10-21 02:03:00,98.1,98.1,98.1,98.15,141329.78,,80.0,0
2025-10-21 02:06:00,98.0,98.0,98.0,98.0,141095.38,,80.0,0
2025-10-21 02:09:00,98.0,98.0,98.0,97.6,140509.27000000002,,80.0,0
2025-10-21 02:12:00,98.0,98.0,98.0,98.0,141095.38,,80.0,0
2025-10-21 02:15:00,98.0,98.0,98.0,98.0,141153.96000000002,,80.0,0
2025-10-21 02:18:00,98.0,98.0,98.0,98.0,141095.38,,80.0,0
2025-10-21 02:21:00,97.85,97.85,97.85,97.85,140919.54,,80.0,0
2025-10-21 02:24:00,97.85,97.85,97.85,97.85,140919.54,,80.0,0
2025-10-21 02:27:00,97.85,97.85,97.85,97.8,140860.94,,80.0,0
2025-10-21 02:30:00,97.85,97.85,97.85,97.9,140978.14,,80.0,0
2025-10-21 02:33:00,97.85,97.85,97.85,97.25,140040.385,,80.0,0
2025-10-21 02:36:00,97.85,97.85,97.85,97.85,140919.54,,80.0,0
2025-10-21 02:39:00,97.85,97.85,97.85,97.85,140919.54,,80.0,0
2025-10-21 02:42:00,97.7,97.7,97.7,97.7,140743.7,,80.0,0
2025-10-21 02:45:00,97.80000000000001,97.80000000000001,97.80000000000001,97.80000000000001,140860.92,,80.0,0
2025-10-21 02:48:00,97.75,97.75,97.75,97.9,140978.14,,80.0,0
2025-10-21 02:51:00,97.75,97.75,97.75,97.85,140919.54,,80.0,0
2025-10-21 02:54:00,97.75,97.75,97.75,97.75,140743.70500000002,,80.0,0
2025-10-21 02:57:00,97.75,97.75,97.75,97.75,140743.71000000002,,80.0,0
2025-10-21 03:00:00,97.7,97.7,97.7,97.7,140626.48,,80.0,0
2025-10-21 03:03:00,97.7,97.7,97.7,97.7,140685.09000000003,,80.0,0
2025-10-21 03:06:00,97.5,97.5,97.5,97.5,140392.03,,80.0,0
2025-10-21 03:09:00,97.7,97.7,97.7,97.7,140626.48,,80.0,0
2025-10-21 03:12:00,97.3,97.3,97.3,97.3,140098.985,,80.0,0
2025-10-21 03:15:00,97.4,97.4,97.4,97.4,140274.83,,80.0,0
2025-10-21 03:18:00,97.30000000000001,97.30000000000001,97.30000000000001,97.30000000000001,140098.995,,80.0,0
2025-10-21 03:21:00,97.6,97.6,97.6,97.6,140509.27,,80.0,0
2025-10-21 03:24:00,97.30000000000001,97.30000000000001,97.30000000000001,97.30000000000001,140098.98,,80.0,0
2025-10-21 03:27:00,97.6,97.6,97.6,97.6,140509.27,,80.0,0
2025-10-21 03:30:00,97.6,97.6,97.6,97.6,140509.27,,80.0,0
2025-10-21 03:33:00,97.25,97.25,97.25,97.25,140040.375,,80.0,0
2025-10-21 03:36:00,97.3,97.3,97.3,97.3,140098.985,,80.0,0
2025-10-21 03:39:00,97.05,97.05,97.05,97.05,139747.33000000002,,80.0,0
2025-10-21 03:42:00,97.4,97.4,97.4,97.4,140274.81,,80.0,0
2025-10-21 03:45:00,97.5,97.5,97.5,97.5,140392.03,,80.0,0
2025-10-21 03:48:00,97.5,97.5,97.5,97.5,140392.03,,80.0,0
2025-10-21 03:51:00,97.2,97.2,97.2,97.2,139923.16,,80.0,0
2025-10-21 03:54:00,97.45,97.45,97.45,97.45,140333.43,,80.0,0
2025-10-21 03:57:00,97.35,97.35,97.35,97.35,140216.21,,80.0,0
2025-10-21 04:00:00,97.2,97.2,97.2,97.2,139923.16,,80.0,0
2025-10-21 04:03:00,97.4,97.4,97.4,97.4,140274.83,,80.0,0
2025-10-21 04:06:00,96.85,96.85,96.85,96.85,139512.875,,80.0,0
2025-10-21 04:09:00,96.94999999999999,96.94999999999999,96.94999999999999,96.94999999999999,139630.10499999998,,80.0,0
2025-10-21 04:12:00,97.2,97.2,97.2,97.2,139923.16,,80.0,0
2025-10-21 04:15:00,97.4,97.4,97.4,97.4,140274.81,,80.0,0
2025-10-21 04:18:00,97.3,97.3,97.3,97.3,140098.985,,80.0,0
2025-10-21 04:21:00,97.05,97.05,97.05,97.05,139805.93,,80.0,0
2025-10-21 04:24:00,97.0,97.0,97.0,97.0,139688.71000000002,,80.0,0
2025-10-21 04:27:00,97.30000000000001,97.30000000000001,97.30000000000001,97.30000000000001,140098.995,,80.0,0
2025-10-21 04:30:00,97.15,97.15,97.15,97.15,139864.55,,80.0,0
2025-10-21 04:33:00,97.0,97.0,97.0,97.0,139688.72,,80.0,0
2025-10-21 04:36:00,96.85,96.85,96.85,96.85,139512.875,,80.0,0
2025-10-21 04:39:00,97.0,97.0,97.0,97.0,139688.72,,80.0,0
2025-10-21 04:42:00,97.2,97.2,97.2,97.2,139923.16,,80.0,0
2025-10-21 04:45:00,96.8,96.8,96.8,96.8,139454.27,,80.0,0
2025-10-21 04:48:00,96.94999999999999,96.94999999999999,96.94999999999999,96.94999999999999,139571.495,,80.0,0
2025-10-21 04:51:00,96.9,96.9,96.9,96.9,139571.495,,80.0,0
2025-10-21 04:54:00,96.9,96.9,96.9,96.55,139044.0,,80.0,0
2025-10-21 04:57:00,97.3,97.3,97.3,97.3,140098.985,,80.0,0
2025-10-21 05:00:00,96.9,96.9,96.9,96.9,139571.495,,80.0,0
2025-10-21 05:03:00,96.9,96.9,96.9,96.9,139512.885,,80.0,0
2025-10-21 05:06:00,96.9,96.9,96.9,96.7,139219.845,,80.0,0
2025-10-21 05:09:00,96.9,96.9,96.9,96.9,139571.495,,80.0,0
2025-10-21 05:12:00,96.9,96.9,96.9,96.75,139278.44,,80.0,0
2025-10-21 05:15:00,96.9,96.9,96.9,96.9,139571.495,,80.0,0
2025-10-21 05:18:00,96.65,96.65,96.65,96.65,139161.22,,80.0,0
2025-10-21 05:21:00,96.9,96.9,96.9,96.9,139571.48,,80.0,0
2025-10-21 05:24:00,97.0,97.0,97.0,97.0,139688.72,,80.0,0
2025-10-21 05:27:00,96.9,96.9,96.9,96.9,139512.885,,80.0,0
2025-10-21 05:30:00,97.15,97.15,97.15,97.15,139923.155,,80.0,0
2025-10-21 05:33:00,96.8,96.8,96.8,96.8,139454.27,,80.0,0
2025-10-21 05:36:00,97.0,97.0,97.0,97.0,139688.71000000002,,80.0,0
2025-10-21 05:39:00,96.7,96.7,96.7,96.7,139219.83,,80.0,0
2025-10-21 05:42:00,96.95,96.95,96.95,96.95,139630.1,,80.0,0
2025-10-21 05:45:00,96.9,96.9,96.9,96.9,139571.48,,80.0,0
2025-10-21 05:48:00,96.8,96.8,96.8,96.8,139454.27,,80.0,0
2025-10-21 05:51:00,96.75,96.75,96.75,96.75,139337.055,,80.0,0
2025-10-21 05:54:00,96.75,96.75,96.75,96.75,139337.05,,80.0,0
2025-10-21 05:57:00,96.8,96.8,96.8,96.8,139337.05,,80.0,0
2025-10-21 06:00:00,96.75,96.75,96.75,96.75,139337.05,,80.0,0
2025-10-21 06:03:00,96.9,96.9,96.9,96.9,139571.48,,80.0,0
2025-10-21 06:06:00,96.7,96.7,96.7,96.7,139219.83,,80.0,0
2025-10-21 06:09:00,96.75,96.75,96.75,96.75,139337.05,,80.0,0
2025-10-21 06:12:00,96.8,96.8,96.8,96.8,139454.27,,80.0,0
2025-10-21 06:15:00,96.85,96.85,96.85,96.85,139512.875,,80.0,0
2025-10-21 06:18:00,96.8,96.8,96.8,96.8,139395.65999999997,,80.0,0
2025-10-21 06:21:00,96.65,96.65,96.65,96.65,139161.21999999997,,80.0,0
2025-10-21 06:24:00,96.75,96.75,96.75,96.75,139278.44,,80.0,0
2025-10-21 06:27:00,96.7,96.7,96.7,96.7,139219.83,,80.0,0
2025-10-21 06:30:00,96.6,96.6,96.6,96.6,139102.61,,80.0,0
2025-10-21 06:33:00,96.8,96.8,96.8,96.8,139337.05,,80.0,0
2025-10-21 06:36:00,96.6,96.6,96.6,96.6,139102.61,,80.0,0
2025-10-21 06:39:00,96.8,96.8,96.8,96.8,139454.27,,80.0,0
2025-10-21 06:42:00,96.55,96.55,96.55,96.55,139044.0,,80.0,0
2025-10-21 06:45:00,96.7,96.7,96.7,96.7,139219.83,,80.0,0
2025-10-21 06:48:00,96.7,96.7,96.7,96.7,139219.83,,80.0,0
2025-10-21 06:51:00,96.8,96.8,96.8,96.8,139337.05,,80.0,0
2025-10-21 06:54:00,96.5,96.5,96.5,96.5,138985.39,,80.0,0
2025-10-21 06:57:00,96.6,96.6,96.6,95.9,138047.64,,80.0,0
2025-10-21 07:00:00,96.65,96.65,96.65,96.65,139161.21999999997,,80.0,0
2025-10-21 07:03:00,96.65,96.65,96.65,95.65,137754.585,,80.0,0
2025-10-21 07:06:00,96.65,96.65,96.65,96.65,139161.21999999997,,80.0,0
2025-10-21 07:09:00,96.55,96.55,96.55,96.55,139044.0,,80.0,0
2025-10-21 07:12:00,96.6,96.6,96.6,96.6,139102.61,,80.0,0
2025-10-21 07:15:00,96.65,96.65,96.65,96.65,139161.21999999997,,80.0,0
2025-10-21 07:18:00,96.7,96.7,96.7,96.7,139219.83,,80.0,0
2025-10-21 07:21:00,96.45,96.45,96.45,96.45,138926.77500000002,,80.0,0
2025-10-21 07:24:00,96.5,96.5,96.5,95.05,136934.03999999998,,80.0,0
2025-10-21 07:27:00,96.2,96.2,96.2,96.2,138516.515,,80.0,0
2025-10-21 07:30:00,96.5,96.5,96.5,96.5,138985.39,,80.0,0
2025-10-21 07:33:00,96.6,96.6,96.6,96.6,139102.61,,80.0,0
2025-10-21 07:36:00,96.5,96.5,96.5,96.5,138985.39,,80.0,0
2025-10-21 07:39:00,95.9,95.9,95.9,95.9,138047.64,,80.0,0
2025-10-21 07:42:00,96.15,96.15,96.15,96.15,138457.905,,80.0,0
2025-10-21 07:45:00,96.7,96.7,96.7,96.7,139219.83,,80.0,0
2025-10-21 07:48:00,96.7,96.7,96.7,96.7,139219.83,,80.0,0
2025-10-21 07:51:00,96.7,96.7,96.7,96.7,139219.83,,80.0,0
2025-10-21 07:54:00,96.30000000000001,96.30000000000001,96.30000000000001,96.30000000000001,138633.735,,80.0,0
2025-10-21 07:57:00,95.9,95.9,95.9,95.9,138047.64,,80.0,0
2025-10-21 08:00:00,96.7,96.7,96.7,96.7,139219.83,,80.0,0
2025-10-21 08:03:00,96.5,96.5,96.5,96.5,138985.39,,80.0,0
2025-10-21 08:06:00,96.25,96.25,96.25,96.25,138633.735,,80.0,0
2025-10-21 08:09:00,96.5,96.5,96.5,96.5,138985.39,,80.0,0
2025-10-21 08:12:00,95.95,95.95,95.95,95.95,138164.85,,80.0,0
2025-10-21 08:15:00,96.7,96.7,96.7,96.7,139219.83,,80.0,0
2025-10-21 08:18:00,96.7,96.7,96.7,96.7,139219.83,,80.0,0
2025-10-21 08:21:00,96.5,96.5,96.5,96.5,138985.39,,80.0,0
2025-10-21 08:24:00,96.2,96.2,96.2,96.2,138575.125,,80.0,0
2025-10-21 08:27:00,95.8,95.8,95.8,95.8,137930.42,,80.0,0
2025-10-21 08:30:00,96.5,96.5,96.5,96.5,138985.39,,80.0,0
2025-10-21 08:33:00,96.5,96.5,96.5,96.2,138516.515,,80.0,0
2025-10-21 08:36:00,96.5,96.5,96.5,96.5,138985.39,,80.0,0
2025-10-21 08:39:00,96.5,96.5,96.5,96.5,138985.39,,80.0,0
2025-10-21 08:42:00,96.5,96.5,96.5,96.5,138985.39,,80.0,0
2025-10-21 08:45:00,96.55,96.55,96.55,96.55,139044.0,,80.0,0
2025-10-21 08:48:00,96.5,96.5,96.5,95.80000000000001,137930.415,,80.0,0
2025-10-21 08:51:00,96.5,96.5,96.5,95.7,137813.19,,80.0,0
2025-10-21 08:54:00,96.5,96.5,96.5,96.5,138985.39,,80.0,0
2025-10-21 08:57:00,96.55,96.55,96.55,96.55,139044.0,,80.0,0
2025-10-21 09:00:00,96.2,96.2,96.2,96.2,138575.125,,80.0,0
2025-10-21 09:03:00,96.6,96.6,96.6,96.6,139102.61,,80.0,0
2025-10-21 09:06:00,96.6,96.6,96.6,96.6,139102.61,,80.0,0
2025-10-21 09:09:00,96.5,96.5,96.5,95.9,138164.86,,80.0,0
2025-10-21 09:12:00,96.2,96.2,96.2,96.2,138575.125,,80.0,0
2025-10-21 09:15:00,96.55,96.55,96.55,96.55,139044.0,,80.0,0
2025-10-21 09:18:00,96.5,96.5,96.5,96.5,138985.39,,80.0,0
2025-10-21 09:21:00,96.45,96.45,96.45,96.45,138926.77500000002,,80.0,0
2025-10-21 09:24:00,96.55,96.55,96.55,96.55,139044.0,,80.0,0
2025-10-21 09:27:00,96.5,96.5,96.5,95.4,137344.31,,80.0,0
2025-10-21 09:30:00,96.55,96.55,96.55,96.55,139044.0,,80.0,0
2025-10-21 09:33:00,96.45,96.45,96.45,96.45,138926.77500000002,,80.0,0
2025-10-21 09:36:00,96.5,96.5,96.5,96.1,138340.695,,80.0,0
2025-10-21 09:39:00,96.55,96.55,96.55,96.55,139044.0,,80.0,0
2025-10-21 09:42:00,96.65,96.65,96.65,96.65,139161.21999999997,,80.0,0
2025-10-21 09:45:00,96.5,96.5,96.5,96.5,138985.385,,80.0,0
2025-10-21 09:48:00,96.55,96.55,96.55,96.55,139044.0,,80.0,0
2025-10-21 09:51:00,96.1,96.1,96.1,96.1,138340.695,,80.0,0
2025-10-21 09:54:00,96.5,96.5,96.5,95.9,138164.86,,80.0,0
2025-10-21 09:57:00,96.55,96.55,96.55,96.55,139044.0,,80.0,0
2025-10-21 10:00:00,96.2,96.2,96.2,96.65,139161.21999999997,,80.0,0
2025-10-21 10:03:00,96.15,96.15,96.15,96.15,138516.51,,80.0,0
2025-10-21 10:06:00,96.5,96.5,96.5,96.5,138985.39,,80.0,0
2025-10-21 10:09:00,96.15,96.15,96.15,96.15,138457.90000000002,,80.0,0
2025-10-21 10:12:00,96.15,96.15,96.15,96.15,138457.90000000002,,80.0,0
2025-10-21 10:15:00,96.2,96.2,96.2,96.2,138575.125,,80.0,0
2025-10-21 10:18:00,96.5,96.5,96.5,96.5,138985.39,,80.0,0
2025-10-21 10:21:00,96.15,96.15,96.15,96.15,138457.9,,80.0,0
2025-10-21 10:24:00,96.30000000000001,96.30000000000001,96.30000000000001,95.9,138106.25,,80.0,0
2025-10-21 10:27:00,96.5,96.5,96.5,96.5,138985.385,,80.0,0
2025-10-21 10:30:00,96.30000000000001,96.30000000000001,96.30000000000001,96.30000000000001,138692.34499999997,,80.0,0
2025-10-21 10:33:00,96.55,96.55,96.55,96.55,139044.0,,80.0,0
2025-10-21 10:36:00,96.5,96.5,96.5,96.5,138985.39,,80.0,0
2025-10-21 10:39:00,96.55000000000001,96.55000000000001,96.55000000000001,96.55000000000001,138985.4,,80.0,0
2025-10-21 10:42:00,96.5,96.5,96.5,96.15,138399.305,,80.0,0
2025-10-21 10:45:00,96.45,96.45,96.45,96.45,138926.77500000002,,80.0,0
2025-10-21 10:48:00,96.5,96.5,96.5,96.5,138985.39,,80.0,0
2025-10-21 10:51:00,96.5,96.5,96.5,96.5,138985.39,,80.0,0
2025-10-21 10:54:00,96.45,96.45,96.45,95.9,138106.235,,80.0,0
2025-10-21 10:57:00,96.30000000000001,96.30000000000001,96.30000000000001,96.30000000000001,138692.34499999997,,80.0,0
2025-10-21 11:00:00,96.45,96.45,96.45,96.45,138926.77500000002,,80.0,1
2025-10-21 11:03:00,96.15,96.15,96.15,96.15,138457.90000000002,,80.0,1
2025-10-21 11:06:00,96.75,96.75,96.75,96.75,139278.44,,80.0,1
2025-10-21 11:09:00,96.6,96.6,96.6,96.6,139102.61,,80.0,1
2025-10-21 11:12:00,96.8,96.8,96.8,96.8,139454.27,,80.0,1
2025-10-21 11:15:00,96.7,96.7,96.7,96.7,139278.435,,80.0,0
2025-10-21 11:18:00,96.8,96.8,96.8,96.8,139454.27,,80.0,1
2025-10-21 11:21:00,96.9,96.9,96.9,96.9,139512.885,,80.0,1
2025-10-21 11:24:00,96.9,96.9,96.9,96.9,139571.48,,80.0,1
2025-10-21 11:27:00,97.2,97.2,97.2,97.2,139923.16,,80.0,1
2025-10-21 11:30:00,96.9,96.9,96.9,96.9,139571.48,,80.0,1
2025-10-21 11:33:00,96.5,96.5,96.5,96.5,138985.39,,80.0,1
2025-10-21 11:36:00,96.6,96.6,96.6,96.6,139102.61,,80.0,1
2025-10-21 11:39:00,96.9,96.9,96.9,94.9,136699.60499999998,,80.0,1
2025-10-21 11:42:00,96.9125,96.9125,95.65,95.65,137754.585,,80.0,1
2025-10-21 11:45:00,96.9,96.9,96.9,95.3,137227.09,,80.0,1
2025-10-21 11:48:00,97.25,97.25,97.25,97.25,140040.375,,80.0,1
2025-10-21 11:51:00,97.7,97.7,97.7,97.7,140626.48,,80.0,1
2025-10-21 11:54:00,97.6,97.6,97.6,97.6,140509.255,,80.0,1
2025-10-21 11:57:00,97.7,97.7,97.7,97.7,140626.48,,80.0,1
2025-10-21 12:00:00,97.9,97.9,97.9,97.9,140978.14,,80.0,1
2025-10-21 12:03:00,97.75,97.75,97.75,97.75,140802.32,,80.0,1
2025-10-21 12:06:00,97.7,97.7,97.7,97.7,140685.09000000003,,80.0,1
2025-10-21 12:09:00,97.85,97.85,97.85,97.85,140919.54,,80.0,1
2025-10-21 12:12:00,97.8,97.8,97.8,97.8,140860.94,,80.0,1
2025-10-21 12:15:00,97.75,97.75,97.75,97.75,140743.71000000002,,80.0,1
2025-10-21 12:18:00,97.7,97.7,97.7,97.7,140685.09000000003,,80.0,1
2025-10-21 12:21:00,97.85,97.85,97.85,96.85,139454.28000000003,,80.0,1
2025-10-21 12:24:00,98.15,98.15,98.15,98.15,141329.805,,80.0,1
2025-10-21 12:27:00,98.1,98.1,98.1,98.1,141212.56,,80.0,1
2025-10-21 12:30:00,98.0,98.0,98.0,98.0,141095.38,,80.0,1
2025-10-21 12:33:00,98.1,98.1,98.1,98.1,141271.16999999998,,80.0,1
2025-10-21 12:36:00,97.9,97.9,97.9,97.9,140978.14,,80.0,1
2025-10-21 12:39:00,97.80000000000001,97.80000000000001,97.80000000000001,97.80000000000001,140802.31,,80.0,1
2025-10-21 12:42:00,98.8,98.8,98.8,98.8,142267.55,,80.0,1
2025-10-21 12:45:00,98.15,98.15,98.15,98.15,141388.39,,80.0,1
2025-10-21 12:48:00,98.3,98.3,98.3,98.3,141564.23,,80.0,1
2025-10-21 12:51:00,98.35,98.35,98.35,98.35,141622.83500000002,,80.0,1
2025-10-21 12:54:00,98.25,98.25,98.25,98.25,141505.615,,80.0,1
2025-10-21 12:57:00,98.3,98.3,98.3,98.3,141564.23,,80.0,1
2025-10-21 13:00:00,97.8,97.8,97.8,97.8,140860.94,,80.0,1
2025-10-21 13:03:00,98.3,98.3,98.3,96.6,139102.61,,80.0,1
2025-10-21 13:06:00,98.05000000000001,98.05000000000001,98.05000000000001,98.05000000000001,141153.96000000002,,80.0,0
2025-10-21 13:09:00,98.5,98.5,98.5,98.5,141857.28000000003,,80.0,1
2025-10-21 13:12:00,98.3,98.3,98.3,98.3,141564.23,,80.0,0
2025-10-21 13:15:00,98.0,98.0,98.0,98.0,141095.38,,80.0,1
2025-10-21 13:18:00,98.35,98.35,98.35,98.35,141622.83500000002,,80.0,1
2025-10-21 13:21:00,98.9,98.9,98.9,98.9,142384.78,,80.0,0
2025-10-21 13:24:00,98.5,98.5,98.5,98.5,141798.67,,80.0,1
2025-10-21 13:27:00,98.65,98.65,98.65,98.65,142091.72,,80.0,1
2025-10-21 13:30:00,98.4,98.4,98.4,98.4,141681.45,,80.0,1
2025-10-21 13:33:00,99.05,99.05,99.05,99.05,142619.22,,80.0,1
2025-10-21 13:36:00,98.75,98.75,98.75,98.75,142208.945,,80.0,0
2025-10-21 13:39:00,98.7,98.7,98.7,98.7,142091.725,,80.0,1
2025-10-21 13:42:00,98.5,98.5,98.5,98.5,141798.67,,80.0,0
2025-10-21 13:45:00,99.05,99.05,99.05,99.05,142619.22,,80.0,0
2025-10-21 13:48:00,98.8,98.8,98.8,98.8,142267.55,,80.0,1
2025-10-21 13:51:00,99.05,99.05,99.05,99.05,142619.22,,80.0,0
2025-10-21 13:54:00,99.2,99.2,99.2,99.2,142853.66,,80.0,0
2025-10-21 13:57:00,98.9,98.9,98.9,98.9,142384.775,,80.0,0
2025-10-21 14:00:00,98.9,98.9,98.9,98.9,142384.78,,80.0,0
2025-10-21 14:03:00,99.1,99.1,99.1,99.1,142736.44,,80.0,0
2025-10-21 14:06:00,99.35,99.35,99.35,99.35,143029.495,,80.0,0
2025-10-21 14:09:00,99.1,99.1,99.1,99.1,142736.44,,80.0,0
2025-10-21 14:12:00,99.1,99.1,99.1,99.1,142736.44,,80.0,0
2025-10-21 14:15:00,99.1,99.1,99.1,99.1,142677.83000000002,,80.0,0
2025-10-21 14:18:00,99.19999999999999,99.19999999999999,99.19999999999999,99.19999999999999,142853.66,,80.0,0
2025-10-21 14:21:00,99.05,99.05,99.05,98.5,141798.67,,80.0,0
2025-10-21 14:24:00,99.0,99.0,99.0,99.0,142502.0,,80.0,0
2025-10-21 14:27:00,99.0,99.0,99.0,99.0,142502.0,,80.0,0
2025-10-21 14:30:00,99.05,99.05,99.05,99.05,142677.83000000002,,80.0,0
2025-10-21 14:33:00,98.8,98.8,98.8,98.8,142267.55,,80.0,0
2025-10-21 14:36:00,98.9,98.9,98.9,98.9,142384.78,,80.0,0
2025-10-21 14:39:00,99.1,99.1,99.1,99.1,142736.44,,80.0,0
2025-10-21 14:42:00,99.05,99.05,99.05,99.05,142677.83000000002,,80.0,0
2025-10-21 14:45:00,99.0,99.0,99.0,99.0,142560.61,,80.0,0
2025-10-21 14:48:00,99.1,99.1,99.1,99.1,142736.44,,80.0,0
2025-10-21 14:51:00,99.0,99.0,99.0,99.0,142502.0,,80.0,0
2025-10-21 14:54:00,99.0,99.0,99.0,98.35,141622.85,,80.0,0
2025-10-21 14:57:00,99.0,99.0,99.0,99.0,142560.61,,80.0,0
2025-10-21 15:00:00,98.4,98.4,98.4,98.4,141681.47,,80.0,0
2025-10-21 15:03:00,97.5,97.5,97.5,97.5,140392.035,,80.0,0
2025-10-21 15:06:00,98.14999999999999,98.14999999999999,98.7,98.7,142091.725,,80.0,0
2025-10-21 15:09:00,98.55,98.55,98.55,95.9,138106.25,,80.0,0
2025-10-21 15:12:00,99.0,99.0,99.0,99.0,142560.61,,80.0,0
2025-10-21 15:15:00,99.05,99.05,99.05,99.05,142619.22,,80.0,0
2025-10-21 15:18:00,98.55000000000001,98.55000000000001,98.55000000000001,98.55000000000001,141915.89,,80.0,0
2025-10-21 15:21:00,97.85,97.85,97.85,97.85,140860.915,,80.0,0
2025-10-21 15:24:00,98.55,98.55,98.55,98.55,141915.89,,80.0,0
2025-10-21 15:27:00,98.85,98.85,98.85,97.85,140919.54,,80.0,0
2025-10-21 15:30:00,98.85,98.85,98.85,98.85,142326.16499999998,,80.0,0
2025-10-21 15:33:00,98.35,98.35,98.35,98.35,141622.83500000002,,80.0,0
2025-10-21 15:36:00,99.05,99.05,99.05,99.05,142619.22,,80.0,0
2025-10-21 15:39:00,99.0,99.0,99.0,99.0,142502.0,,80.0,0
2025-10-21 15:42:00,99.0,99.0,99.0,99.0,142502.0,,80.0,0
2025-10-21 15:45:00,98.9,98.9,98.9,98.9,142384.775,,80.0,0
2025-10-21 15:48:00,98.75,98.75,98.75,98.75,142208.945,,80.0,0
2025-10-21 15:51:00,98.85,98.85,98.85,98.85,142326.16499999998,,80.0,0
2025-10-21 15:54:00,99.0,99.0,99.0,99.0,142502.0,,80.0,0
2025-10-21 15:57:00,99.05,99.05,99.05,99.05,142619.22,,80.0,0
2025-10-21 16:00:00,99.0,99.0,99.0,99.0,142502.0,,80.0,0
2025-10-21 16:03:00,99.0,99.0,99.0,98.45,141740.08000000002,,80.0,0
2025-10-21 16:06:00,99.15,99.15,99.15,99.15,142795.05,,80.0,0
2025-10-21 16:09:00,98.94999999999999,98.94999999999999,98.94999999999999,98.94999999999999,142501.995,,80.0,0
2025-10-21 16:12:00,99.2,99.2,99.2,99.2,142853.66,,80.0,0
2025-10-21 16:15:00,98.95,98.95,98.95,98.95,142443.39,,80.0,0
2025-10-21 16:18:00,99.0,99.0,99.0,99.0,142502.0,,80.0,0
2025-10-21 16:21:00,98.85,98.85,98.85,98.85,142326.16499999998,,80.0,0
2025-10-21 16:24:00,98.95,98.95,98.95,98.95,142443.39,,80.0,0
2025-10-21 16:27:00,99.0,99.0,99.0,99.0,142619.22,,80.0,0
2025-10-21 16:30:00,99.0,99.0,99.0,99.0,142619.22,,80.0,0
2025-10-21 16:33:00,98.9,98.9,98.9,98.9,142384.775,,80.0,0
2025-10-21 16:36:00,98.8,98.8,98.8,98.8,142267.55,,80.0,0
2025-10-21 16:39:00,99.0,99.0,99.0,99.0,142502.0,,80.0,0
2025-10-21 16:42:00,98.85,98.85,98.85,98.85,142326.16499999998,,80.0,0
2025-10-21 16:45:00,99.0,99.0,99.0,99.0,142560.61,,80.0,0
2025-10-21 16:48:00,98.9,98.9,98.9,98.9,142384.78,,80.0,0
2025-10-21 16:51:00,99.0,99.0,99.0,97.8,140860.94,,80.0,0
2025-10-21 16:54:00,99.0,99.0,99.0,99.0,142502.0,,80.0,0
2025-10-21 16:57:00,99.1,99.1,99.1,99.1,142736.44,,80.0,0
2025-10-21 17:00:00,98.75,98.75,98.75,98.75,142208.945,,80.0,0
2025-10-21 17:03:00,99.0,99.0,99.0,99.1,142736.44,,80.0,0
2025-10-21 17:06:00,99.2,99.2,99.2,99.2,142853.66,,80.0,0
2025-10-21 17:09:00,99.0,99.0,99.0,99.0,142502.0,,80.0,0
2025-10-21 17:12:00,99.0,99.0,99.0,99.0,142502.0,,80.0,0
2025-10-21 17:15:00,99.0,99.0,99.0,99.0,142560.61,,80.0,0
2025-10-21 17:18:00,99.0,99.0,99.0,99.0,142560.61,,80.0,0
2025-10-21 17:21:00,98.9,98.9,98.9,98.9,142384.78,,80.0,0
2025-10-21 17:24:00,98.9,98.9,98.9,98.9,142443.385,,80.0,0
2025-10-21 17:27:00,99.0,99.0,99.0,98.5,141857.28000000003,,80.0,0
2025-10-21 17:30:00,99.0,99.0,99.0,99.0,142502.0,,80.0,0
2025-10-21 17:33:00,99.05,99.05,99.05,99.05,142677.83000000002,,80.0,0
2025-10-21 17:36:00,99.1,99.1,99.1,99.1,142736.44,,80.0,0
2025-10-21 17:39:00,98.85,98.85,98.85,98.85,142326.16499999998,,80.0,0
2025-10-21 17:42:00,99.0,99.0,99.0,99.0,142502.0,,80.0,0
2025-10-21 17:45:00,99.05,99.05,99.05,99.05,142619.22,,80.0,0
2025-10-21 17:48:00,99.0,99.0,99.0,99.0,142560.61,,80.0,0
2025-10-21 17:51:00,99.1,99.1,99.1,99.1,142736.44,,80.0,0
2025-10-21 17:54:00,99.1,99.1,99.1,99.1,142736.44,,80.0,0
2025-10-21 17:57:00,99.0,99.0,99.0,98.75,142208.945,,80.0,0
2025-10-21 18:00:00,99.19999999999999,99.19999999999999,99.19999999999999,99.19999999999999,142853.66,,80.0,0
2025-10-21 18:03:00,98.9,98.9,98.9,98.35,141564.24,,80.0,0
2025-10-21 18:06:00,99.1,99.1,99.1,99.1,142736.44,,80.0,0
2025-10-21 18:09:00,98.9,98.9,98.9,98.9,142384.775,,80.0,0
2025-10-21 18:12:00,98.9,98.9,98.9,98.9,142384.78,,80.0,0
2025-10-21 18:15:00,98.9,98.9,98.9,98.9,142384.775,,80.0,0
2025-10-21 18:18:00,98.5,98.5,98.5,98.5,141915.89,,80.0,0
2025-10-21 18:21:00,99.0,99.0,99.0,99.0,142502.0,,80.0,0
2025-10-21 18:24:00,99.1,99.1,99.1,99.1,142736.44,,80.0,0
2025-10-21 18:27:00,98.9,98.9,98.9,98.35,141622.845,,80.0,0
2025-10-21 18:30:00,98.85,98.85,98.85,98.85,142326.16499999998,,80.0,0
2025-10-21 18:33:00,98.8,98.8,98.8,98.8,142267.55,,80.0,0
2025-10-21 18:36:00,99.0,99.0,99.0,99.0,142560.61,,80.0,0
2025-10-21 18:39:00,98.9,98.9,98.9,98.9,142384.775,,80.0,0
2025-10-21 18:42:00,99.0,99.0,99.0,99.0,142502.0,,80.0,0
2025-10-21 18:45:00,99.05,99.05,99.05,99.05,142619.22,,80.0,0
2025-10-21 18:48:00,99.0,99.0,99.0,99.0,142502.0,,80.0,0
2025-10-21 18:51:00,99.0,99.0,99.0,99.0,142502.0,,80.0,0
2025-10-21 18:54:00,99.0,99.0,99.0,99.0,142560.61,,80.0,0
2025-10-21 18:57:00,98.85,98.85,98.85,98.85,142326.16499999998,,80.0,0
2025-10-21 19:00:00,98.94999999999999,98.94999999999999,98.94999999999999,98.6,141974.495,,80.0,0
2025-10-21 19:03:00,98.94999999999999,98.94999999999999,98.94999999999999,98.94999999999999,142501.995,,80.0,0
2025-10-21 19:06:00,98.9,98.9,98.9,98.9,142384.78,,80.0,0
2025-10-21 19:09:00,98.9,98.9,98.9,98.9,142384.775,,80.0,0
2025-10-21 19:12:00,98.9,98.9,98.9,98.45,141740.055,,80.0,0
2025-10-21 19:15:00,99.05,99.05,99.05,99.05,142677.83000000002,,80.0,0
2025-10-21 19:18:00,99.0,99.0,99.0,99.0,142502.0,,80.0,0
2025-10-21 19:21:00,98.95,98.95,98.95,98.95,142443.39,,80.0,0
2025-10-21 19:24:00,99.0,99.0,99.0,99.0,142502.0,,80.0,0
2025-10-21 19:27:00,98.7,98.7,98.7,98.7,142091.725,,80.0,0
2025-10-21 19:30:00,98.7,98.7,98.7,97.8,140860.91,,80.0,0
2025-10-21 19:33:00,98.3,98.3,98.3,98.3,141564.23,,80.0,0
2025-10-21 19:36:00,99.0,99.0,99.0,99.0,142502.0,,80.0,0
2025-10-21 19:39:00,98.3,98.3,98.3,98.3,141622.83500000002,,80.0,0
2025-10-21 19:42:00,98.55000000000001,98.55000000000001,98.55000000000001,98.55000000000001,141915.89,,80.0,0
2025-10-21 19:45:00,98.3375,98.3375,97.2,97.2,139923.16,,80.0,0
2025-10-21 19:48:00,98.45,98.45,98.45,98.45,141798.665,,80.0,0
2025-10-21 19:51:00,98.05,98.05,98.05,98.05,141212.58500000002,,80.0,0
2025-10-21 19:54:00,98.45,98.45,98.45,98.45,141740.08000000002,,80.0,0
2025-10-21 19:57:00,98.75,98.75,98.75,98.75,142267.555,,80.0,0
2025-10-21 20:00:00,98.30000000000001,98.30000000000001,98.30000000000001,98.30000000000001,141564.22,,80.0,0
2025-10-21 20:03:00,98.5,98.5,98.5,98.5,141798.67,,80.0,0
2025-10-21 20:06:00,98.8,98.8,98.8,98.8,142267.55,,80.0,0
2025-10-21 20:09:00,98.65,98.65,98.65,98.65,142033.11,,80.0,0
2025-10-21 20:12:00,98.65,98.65,98.65,98.65,142091.72,,80.0,0
2025-10-21 20:15:00,98.85,98.85,98.85,98.85,142326.16499999998,,80.0,0
2025-10-21 20:18:00,98.5,98.5,98.5,98.5,141915.89,,80.0,0
2025-10-21 20:21:00,98.8,98.8,98.8,98.8,142267.55,,80.0,0
2025-10-21 20:24:00,98.65,98.65,98.65,98.65,142091.72,,80.0,0
2025-10-21 20:27:00,98.85,98.85,98.85,98.85,142326.16499999998,,80.0,0
2025-10-21 20:30:00,99.0,99.0,99.0,99.0,142560.61,,80.0,0
2025-10-21 20:33:00,98.85,98.85,98.85,98.85,142326.16499999998,,80.0,0
2025-10-21 20:36:00,98.5,98.5,98.5,98.5,141915.89,,80.0,0
2025-10-21 20:39:00,98.85,98.85,98.85,98.85,142326.16499999998,,80.0,0
2025-10-21 20:42:00,98.5,98.5,98.5,98.5,141915.89,,80.0,0
2025-10-21 20:45:00,98.3,98.3,98.3,98.3,141622.83500000002,,80.0,0
2025-10-21 20:48:00,98.45,98.45,98.45,98.45,141798.665,,80.0,0
2025-10-21 20:51:00,98.8,98.8,98.8,98.8,142267.55,,80.0,0
2025-10-21 20:54:00,98.8,98.8,98.8,98.8,142267.55,,80.0,0
2025-10-21 20:57:00,98.85,98.85,98.85,98.85,142326.16499999998,,80.0,0
2025-10-21 21:00:00,98.5,98.5,98.5,98.5,141798.67,,80.0,0
2025-10-21 21:03:00,98.85,98.85,98.85,98.85,142326.16499999998,,80.0,0
2025-10-21 21:06:00,98.9,98.9,98.9,98.9,142384.78,,80.0,0
2025-10-21 21:09:00,98.5,98.5,98.5,98.5,141798.67,,80.0,0
2025-10-21 21:12:00,99.0,99.0,99.0,99.0,142560.61,,80.0,0
2025-10-21 21:15:00,98.9,98.9,98.9,98.9,142384.78,,80.0,0
2025-10-21 21:18:00,98.8,98.8,98.8,98.8,142267.55,,80.0,0
2025-10-21 21:21:00,98.5,98.5,98.5,98.5,141798.67,,80.0,0
2025-10-21 21:24:00,98.9,98.9,98.9,98.9,142384.78,,80.0,0
2025-10-21 21:27:00,98.45,98.45,98.45,98.45,141740.055,,80.0,0
2025-10-21 21:30:00,98.5,98.5,98.5,98.5,141798.67,,80.0,0
2025-10-21 21:33:00,98.6,98.6,98.6,98.6,141974.505,,80.0,0
2025-10-21 21:36:00,98.5,98.5,98.5,98.5,141798.67,,80.0,0
2025-10-21 21:39:00,98.3,98.3,98.3,98.3,141564.225,,80.0,0
2025-10-21 21:42:00,98.8,98.8,98.8,98.8,142267.55,,80.0,0
2025-10-21 21:45:00,98.5,98.5,98.5,98.5,141798.67,,80.0,0
2025-10-21 21:48:00,98.5,98.5,98.5,98.5,141798.67,,80.0,0
2025-10-21 21:51:00,98.25,98.25,98.25,98.25,141505.615,,80.0,0
2025-10-21 21:54:00,98.3,98.3,98.3,98.3,141564.225,,80.0,0
2025-10-21 21:57:00,98.5,98.5,98.5,98.3,141564.23,,80.0,0
2025-10-21 22:00:00,98.5,98.5,98.5,98.5,141857.28000000003,,80.0,0
2025-10-21 22:03:00,98.5,98.5,98.5,98.5,141798.67,,80.0,0
2025-10-21 22:06:00,98.5,98.5,98.5,98.19999999999999,141388.39500000002,,80.0,0
2025-10-21 22:09:00,98.5,98.5,98.5,98.5,141798.67,,80.0,0
2025-10-21 22:12:00,98.5,98.5,98.5,98.5,141798.67,,80.0,0
2025-10-21 22:15:00,98.5,98.5,98.5,98.5,141798.67,,80.0,0
2025-10-21 22:18:00,98.5,98.5,98.5,98.19999999999999,141388.39500000002,,80.0,0
2025-10-21 22:21:00,98.5,98.5,98.5,98.5,141798.67,,80.0,0
2025-10-21 22:24:00,98.5,98.5,98.5,98.9,142443.385,,80.0,0
2025-10-21 22:27:00,98.5,98.5,98.5,98.5,141857.28000000003,,80.0,0
2025-10-21 22:30:00,98.5,98.5,98.5,98.45,141740.055,,80.0,0
2025-10-21 22:33:00,98.5,98.5,98.5,98.5,141857.28000000003,,80.0,0
2025-10-21 22:36:00,98.5,98.5,98.5,98.5,141915.89,,80.0,0
2025-10-21 22:39:00,98.95,98.95,98.95,98.95,142443.39,,80.0,0
2025-10-21 22:42:00,98.65,98.65,98.65,98.65,142091.72,,80.0,0
2025-10-21 22:45:00,98.5,98.5,98.5,98.5,141798.67,,80.0,0
2025-10-21 22:48:00,98.6,98.6,98.6,98.6,141974.505,,80.0,0
2025-10-21 22:51:00,98.65,98.65,98.65,98.65,142033.11,,80.0,0
2025-10-21 22:54:00,98.65,98.65,98.65,98.65,142091.72,,80.0,0
2025-10-21 22:57:00,98.44999999999999,98.44999999999999,98.44999999999999,98.44999999999999,141798.66499999998,,80.0,0
2025-10-21 23:00:00,98.5,98.5,98.5,98.5,141857.28000000003,,80.0,0
2025-10-21 23:03:00,98.45,98.45,98.45,96.8,139395.66499999998,,80.0,0
2025-10-21 23:06:00,97.85,97.85,97.85,97.85,140919.525,,80.0,0
2025-10-21 23:09:00,97.75,97.75,97.75,97.75,140743.695,,80.0,0
2025-10-21 23:12:00,98.1,98.1,98.1,98.1,141329.78,,80.0,0
2025-10-21 23:15:00,98.5,98.5,98.5,98.5,141798.67,,80.0,0
2025-10-21 23:18:00,98.45,98.45,98.45,98.45,141740.08000000002,,80.0,0
2025-10-21 23:21:00,98.05,98.05,98.05,98.05,141212.58500000002,,80.0,0
2025-10-21 23:24:00,98.5,98.5,98.5,98.5,141798.67,,80.0,0
2025-10-21 23:27:00,98.25,98.25,98.25,98.25,141505.61,,80.0,0
2025-10-21 23:30:00,99.0,99.0,99.0,99.0,142502.0,,80.0,0
2025-10-21 23:33:00,98.6,98.6,98.6,98.6,141974.495,,80.0,0
2025-10-21 23:36:00,99.25,99.25,99.25,99.25,142912.275,,80.0,0
2025-10-21 23:39:00,98.2,98.2,98.2,98.2,141447.0,,80.0,0
2025-10-21 23:42:00,99.0,99.0,99.0,99.0,142560.60499999998,,80.0,0
2025-10-21 23:45:00,98.3,98.3,98.3,98.3,141505.615,,80.0,0
2025-10-21 23:48:00,98.5,98.5,98.5,98.5,141798.67,,80.0,0
2025-10-21 23:51:00,98.8,98.8,98.8,98.8,142267.55,,80.0,0
2025-10-21 23:54:00,98.65,98.65,98.65,98.65,142033.11,,80.0,0
2025-10-21 23:57:00,98.5,98.5,98.5,98.5,141798.67,,80.0,0
2025-10-22 00:00:00,98.5,98.5,98.5,98.5,141915.89,,80.0,0
2025-10-22 00:03:00,98.80000000000001,98.80000000000001,98.80000000000001,98.80000000000001,142267.56,,80.0,0
2025-10-22 00:06:00,98.5,98.5,98.5,98.5,141798.67,,80.0,0
2025-10-22 00:09:00,98.5,98.5,98.5,98.25,141505.61,,80.0,0
2025-10-22 00:12:00,98.5,98.5,98.5,98.5,141798.67,,80.0,0
2025-10-22 00:15:00,98.5,98.5,98.5,97.25,140098.985,,80.0,0
2025-10-22 00:18:00,98.4,98.4,98.4,98.4,141681.45,,80.0,0
2025-10-22 00:21:00,98.35,98.35,98.35,98.35,141622.83500000002,,80.0,0
2025-10-22 00:24:00,98.3,98.3,98.3,98.3,141564.225,,80.0,0
2025-10-22 00:27:00,98.5,98.5,98.5,98.5,141798.67,,80.0,0
2025-10-22 00:30:00,98.4,98.4,98.4,99.19999999999999,142853.65999999997,,80.0,0
2025-10-22 00:33:00,98.7,98.7,98.7,98.7,142091.725,,80.0,0
2025-10-22 00:36:00,98.3,98.3,98.3,98.3,141564.225,,80.0,0
2025-10-22 00:39:00,98.15,98.15,98.15,98.15,141329.805,,80.0,0
2025-10-22 00:42:00,98.65,98.65,98.65,98.65,142033.11,,80.0,0
2025-10-22 00:45:00,98.5,98.5,98.5,98.5,141915.89,,80.0,0
2025-10-22 00:48:00,98.2,98.2,98.2,98.2,141388.41,,80.0,0
2025-10-22 00:51:00,98.4,98.4,98.4,98.4,141681.45,,80.0,0
2025-10-22 00:54:00,98.5,98.5,98.5,98.5,141798.67,,80.0,0
2025-10-22 00:57:00,98.5,98.5,98.5,98.5,141798.67,,80.0,0
2025-10-22 01:00:00,98.5,98.5,98.5,98.15,141329.78,,80.0,0
2025-10-22 01:03:00,98.5,98.5,98.5,98.5,141798.67,,80.0,0
2025-10-22 01:06:00,98.5,98.5,98.5,98.5,141857.28000000003,,80.0,0
2025-10-22 01:09:00,98.5,98.5,98.5,98.3,141564.23,,80.0,0
2025-10-22 01:12:00,98.5,98.5,98.5,98.9,142384.78,,80.0,0
2025-10-22 01:15:00,98.5,98.5,98.5,98.5,141798.67,,80.0,0
2025-10-22 01:18:00,98.5,98.5,98.5,98.5,141798.67,,80.0,0
2025-10-22 01:21:00,98.65,98.65,98.65,98.65,142033.11,,80.0,0
2025-10-22 01:24:00,98.35,98.35,98.35,98.35,141622.83500000002,,80.0,0
2025-10-22 01:27:00,98.5,98.5,98.5,98.5,141798.67,,80.0,0
2025-10-22 01:30:00,98.35,98.35,98.35,98.35,141622.83500000002,,80.0,0
2025-10-22 01:33:00,98.5,98.5,98.5,98.5,141857.28000000003,,80.0,0
2025-10-22 01:36:00,98.4,98.4,98.4,98.4,141681.45,,80.0,0
2025-10-22 01:39:00,98.5,98.5,98.5,98.5,141915.89,,80.0,0
2025-10-22 01:42:00,98.45,98.45,98.45,98.45,141798.665,,80.0,0
2025-10-22 01:45:00,98.5,98.5,98.5,98.5,141798.67,,80.0,0
2025-10-22 01:48:00,98.19999999999999,98.19999999999999,98.19999999999999,98.19999999999999,141447.005,,80.0,0
2025-10-22 01:51:00,98.35,98.35,98.35,98.35,141622.83500000002,,80.0,0
2025-10-22 01:54:00,98.45,98.45,98.45,97.65,140626.47,,80.0,0
2025-10-22 01:57:00,98.35,98.35,98.35,98.35,141622.83500000002,,80.0,0
2025-10-22 02:00:00,98.5,98.5,98.5,98.5,141857.28000000003,,80.0,0
2025-10-22 02:03:00,98.5,98.5,98.5,98.5,141798.67,,80.0,0
2025-10-22 02:06:00,98.45,98.45,98.45,98.45,141740.055,,80.0,0
2025-10-22 02:09:00,98.4,98.4,98.4,98.4,141681.44,,80.0,0
2025-10-22 02:12:00,98.6,98.6,98.6,98.6,141974.495,,80.0,0
2025-10-22 02:15:00,98.65,98.65,98.65,98.65,142033.11,,80.0,0
2025-10-22 02:18:00,98.5,98.5,98.5,98.5,141798.67,,80.0,0
2025-10-22 02:21:00,98.5,98.5,98.5,98.5,141798.67,,80.0,0
2025-10-22 02:24:00,98.5,98.5,98.5,98.5,141798.67,,80.0,0
2025-10-22 02:27:00,98.45,98.45,98.45,98.45,141740.055,,80.0,0
2025-10-22 02:30:00,98.55000000000001,98.55000000000001,98.55000000000001,98.55000000000001,141915.89,,80.0,0
2025-10-22 02:33:00,98.55,98.55,98.55,98.55,141915.89,,80.0,0
2025-10-22 02:36:00,98.45,98.45,98.45,98.45,141740.055,,80.0,0
2025-10-22 02:39:00,98.8,98.8,98.8,98.8,142267.55,,80.0,0
2025-10-22 02:42:00,98.15,98.15,98.15,98.15,141329.805,,80.0,0
2025-10-22 02:45:00,98.65,98.65,98.65,98.65,142033.11,,80.0,0
2025-10-22 02:48:00,98.25,98.25,98.25,98.25,141505.61,,80.0,0
2025-10-22 02:51:00,98.25,98.25,98.25,98.25,141505.61,,80.0,0
2025-10-22 02:54:00,98.5,98.5,98.5,98.5,141798.67,,80.0,0
2025-10-22 02:57:00,98.5,98.5,98.5,98.5,141857.28000000003,,80.0,0
2025-10-22 03:00:00,98.3,98.3,98.3,98.3,141564.23,,80.0,0
2025-10-22 03:03:00,98.4,98.4,98.4,98.4,141681.44,,80.0,0
2025-10-22 03:06:00,98.35,98.35,98.35,98.35,141622.83500000002,,80.0,0
2025-10-22 03:09:00,98.5,98.5,98.5,98.5,141798.67,,80.0,0
2025-10-22 03:12:00,98.5,98.5,98.5,98.5,141857.28000000003,,80.0,0
2025-10-22 03:15:00,98.4,98.4,98.4,98.4,141740.06,,80.0,0
2025-10-22 03:18:00,98.3,98.3,98.3,98.3,141564.23,,80.0,0
2025-10-22 03:21:00,98.4,98.4,98.4,98.7,142150.34,,80.0,0
2025-10-22 03:24:00,98.45,98.45,98.45,98.45,141740.055,,80.0,0
2025-10-22 03:27:00,98.4,98.4,98.4,98.4,141681.45,,80.0,0
2025-10-22 03:30:00,98.35,98.35,98.35,98.35,141622.83500000002,,80.0,0
2025-10-22 03:33:00,98.3,98.3,98.3,98.3,141564.225,,80.0,0
2025-10-22 03:36:00,98.35,98.35,98.35,98.0,141095.38,,80.0,0
2025-10-22 03:39:00,98.2,98.2,98.2,98.2,141447.0,,80.0,0
2025-10-22 03:42:00,98.30000000000001,98.30000000000001,98.30000000000001,98.30000000000001,141564.22,,80.0,0
2025-10-22 03:45:00,98.35,98.35,98.35,98.35,141622.83500000002,,80.0,0
2025-10-22 03:48:00,98.3,98.3,98.3,98.3,141564.23,,80.0,0
2025-10-22 03:51:00,98.5,98.5,98.5,98.5,141798.67,,80.0,0
2025-10-22 03:54:00,98.3,98.3,98.3,98.3,141564.225,,80.0,0
2025-10-22 03:57:00,98.5,98.5,98.5,98.5,141798.67,,80.0,0
2025-10-22 04:00:00,98.45,98.45,98.45,98.45,141740.055,,80.0,0
2025-10-22 04:03:00,98.5,98.5,98.5,98.5,141798.67,,80.0,0
2025-10-22 04:06:00,98.05,98.05,98.05,98.05,141153.97,,80.0,0
2025-10-22 04:09:00,98.15,98.15,98.15,98.15,141329.805,,80.0,0
2025-10-22 04:12:00,98.25,98.25,98.25,98.25,141505.615,,80.0,0
2025-10-22 04:15:00,98.0,98.0,98.0,98.0,141153.97,,80.0,0
2025-10-22 04:18:00,98.45,98.45,98.45,98.45,141740.055,,80.0,0
2025-10-22 04:21:00,97.7,97.7,97.7,97.7,140685.08500000002,,80.0,0
2025-10-22 04:24:00,98.19999999999999,98.19999999999999,98.19999999999999,98.19999999999999,141447.005,,80.0,0
2025-10-22 04:27:00,98.35,98.35,98.35,98.35,141622.83500000002,,80.0,0
2025-10-22 04:30:00,98.45,98.45,98.45,98.45,141740.055,,80.0,0
2025-10-22 04:33:00,98.4,98.4,98.4,98.4,141681.45,,80.0,0
2025-10-22 04:36:00,98.5,98.5,98.5,98.5,141798.67,,80.0,0
2025-10-22 04:39:00,98.5,98.5,98.5,98.5,141798.67,,80.0,0
2025-10-22 04:42:00,98.35,98.35,98.35,98.35,141622.83500000002,,80.0,0
2025-10-22 04:45:00,98.25,98.25,98.25,98.25,141505.615,,80.0,0
2025-10-22 04:48:00,98.3,98.3,98.3,98.3,141564.23,,80.0,0
2025-10-22 04:51:00,98.4,98.4,98.4,98.4,141681.45,,80.0,0
2025-10-22 04:54:00,98.35,98.35,98.35,98.35,141622.83500000002,,80.0,0
2025-10-22 04:57:00,98.45,98.45,98.45,98.45,141740.055,,80.0,0
2025-10-22 05:00:00,98.4,98.4,98.4,98.4,141681.44,,80.0,0
2025-10-22 05:03:00,98.25,98.25,98.25,98.25,141505.615,,80.0,0
2025-10-22 05:06:00,98.19999999999999,98.19999999999999,98.19999999999999,98.19999999999999,141447.005,,80.0,0
2025-10-22 05:09:00,98.15,98.15,98.15,98.15,141329.78,,80.0,0
2025-10-22 05:12:00,97.94999999999999,97.94999999999999,97.94999999999999,97.94999999999999,141095.36,,80.0,0
2025-10-22 05:15:00,98.3,98.3,98.3,98.3,141564.23,,80.0,0
2025-10-22 05:18:00,98.3,98.3,98.3,98.3,141564.23,,80.0,0
2025-10-22 05:21:00,98.3,98.3,98.3,98.3,141564.23,,80.0,0
2025-10-22 05:24:00,98.3,98.3,98.3,98.65,142033.115,,80.0,0
2025-10-22 05:27:00,98.3,98.3,98.3,98.3,141564.23,,80.0,0
2025-10-22 05:30:00,98.25,98.25,98.25,98.25,141505.615,,80.0,0
2025-10-22 05:33:00,98.25,98.25,98.25,98.25,141505.615,,80.0,0
2025-10-22 05:36:00,98.3,98.3,98.3,98.3,141564.23,,80.0,0
2025-10-22 05:39:00,98.35,98.35,98.35,98.35,141622.83500000002,,80.0,0
2025-10-22 05:42:00,98.25,98.25,98.25,98.25,141505.615,,80.0,0
2025-10-22 05:45:00,98.1,98.1,98.1,98.1,141329.78,,80.0,0
2025-10-22 05:48:00,98.19999999999999,98.19999999999999,98.19999999999999,98.19999999999999,141447.005,,80.0,0
2025-10-22 05:51:00,98.25,98.25,98.25,98.25,141505.615,,80.0,0
2025-10-22 05:54:00,98.25,98.25,98.25,98.25,141505.61,,80.0,0
2025-10-22 05:57:00,98.2,98.2,98.2,98.2,141447.0,,80.0,0
2025-10-22 06:00:00,98.3,98.3,98.3,98.3,141564.23,,80.0,0
2025-10-22 06:03:00,98.1,98.1,98.1,98.1,141212.56,,80.0,0
2025-10-22 06:06:00,98.19999999999999,98.19999999999999,98.19999999999999,98.19999999999999,141447.005,,80.0,0
2025-10-22 06:09:00,98.1,98.1,98.1,98.1,141329.78,,80.0,0
2025-10-22 06:12:00,98.25,98.25,98.25,98.25,141505.615,,80.0,0
2025-10-22 06:15:00,98.2,98.2,98.2,98.2,141447.0,,80.0,0
2025-10-22 06:18:00,98.2,98.2,98.2,98.2,141447.0,,80.0,0
2025-10-22 06:21:00,97.8,97.8,97.8,97.8,140860.94,,80.0,0
2025-10-22 06:24:00,98.1,98.1,98.1,96.5,138985.405,,80.0,0
2025-10-22 06:27:00,97.9,97.9,97.9,97.9,140919.52000000002,,80.0,0
2025-10-22 06:30:00,98.19999999999999,98.19999999999999,98.19999999999999,96.69999999999999,139278.44,,80.0,0
2025-10-22 06:33:00,98.3,98.3,98.3,98.3,141564.23,,80.0,0
2025-10-22 06:36:00,98.19999999999999,98.19999999999999,98.19999999999999,98.19999999999999,141447.005,,80.0,0
2025-10-22 06:39:00,97.65,97.65,97.65,97.65,140626.47,,80.0,0
2025-10-22 06:42:00,98.2,98.2,98.2,98.2,141447.0,,80.0,0
2025-10-22 06:45:00,98.4,98.4,98.4,98.4,141681.44,,80.0,0
2025-10-22 06:48:00,98.15,98.15,98.15,98.15,141388.39,,80.0,0
2025-10-22 06:51:00,98.35,98.35,98.35,98.35,141622.83500000002,,80.0,0
2025-10-22 06:54:00,98.0,98.0,98.0,98.0,141095.38,,80.0,0
2025-10-22 06:57:00,98.1,98.1,98.1,98.1,141329.78,,80.0,0
2025-10-22 07:00:00,98.3,98.3,98.3,98.3,141564.23,,80.0,0
2025-10-22 07:03:00,97.8,97.8,97.8,97.8,140860.94,,80.0,0
2025-10-22 07:06:00,97.65,97.65,97.65,97.65,140626.485,,80.0,0
2025-10-22 07:09:00,98.1,98.1,98.1,98.1,141329.78,,80.0,0
2025-10-22 07:12:00,98.1,98.1,98.1,97.45,140333.43,,80.0,0
2025-10-22 07:15:00,98.35,98.35,98.35,98.35,141622.83500000002,,80.0,0
2025-10-22 07:18:00,98.15,98.15,98.15,98.15,141388.39,,80.0,0
2025-10-22 07:21:00,98.2,98.2,98.2,98.2,141447.0,,80.0,0
2025-10-22 07:24:00,98.1,98.1,98.1,98.1,141329.78,,80.0,0
2025-10-22 07:27:00,98.05,98.05,98.05,98.05,141212.58000000002,,80.0,0
2025-10-22 07:30:00,98.4,98.4,98.4,98.4,141681.45,,80.0,0
2025-10-22 07:33:00,98.25,98.25,98.25,98.25,141505.615,,80.0,0
2025-10-22 07:36:00,98.1,98.1,98.1,98.1,141329.78,,80.0,0
2025-10-22 07:39:00,98.1,98.1,98.1,98.1,141329.78,,80.0,0
2025-10-22 07:42:00,98.2,98.2,98.2,98.2,141447.0,,80.0,0
2025-10-22 07:45:00,98.1,98.1,98.1,98.1,141329.78,,80.0,0
2025-10-22 07:48:00,98.1,98.1,98.1,98.1,141271.16999999998,,80.0,0
2025-10-22 07:51:00,98.1,98.1,98.1,97.95,141036.76,,80.0,0
2025-10-22 07:54:00,98.1,98.1,98.1,98.1,141271.16999999998,,80.0,0
2025-10-22 07:57:00,98.4,98.4,98.4,98.4,141681.44,,80.0,0
2025-10-22 08:00:00,98.1,98.1,98.1,98.1,141329.78,,80.0,0
2025-10-22 08:03:00,98.0,98.0,98.0,98.0,141095.38,,80.0,0
2025-10-22 08:06:00,97.9,97.9,97.9,97.9,141036.74,,80.0,0
2025-10-22 08:09:00,97.9,97.9,97.9,97.9,140978.14,,80.0,0
2025-10-22 08:12:00,98.1,98.1,98.1,98.1,141329.78,,80.0,0
2025-10-22 08:15:00,98.25,98.25,98.25,98.25,141505.615,,80.0,0
2025-10-22 08:18:00,98.15,98.15,98.15,98.15,141388.39,,80.0,0
2025-10-22 08:21:00,98.1,98.1,98.1,98.1,141271.19,,80.0,0
2025-10-22 08:24:00,98.35,98.35,98.35,98.35,141622.83500000002,,80.0,0
2025-10-22 08:27:00,98.15,98.15,98.15,98.6,142033.11,,80.0,0
2025-10-22 08:30:00,98.15,98.15,98.15,98.15,141388.39,,80.0,0
2025-10-22 08:33:00,98.5,98.5,98.5,98.5,141857.285,,80.0,0
2025-10-22 08:36:00,98.0,98.0,98.0,98.0,141095.38,,80.0,0
2025-10-22 08:39:00,98.25,98.25,98.25,98.25,141505.615,,80.0,0
2025-10-22 08:42:00,98.0,98.0,98.0,98.0,141153.96000000002,,80.0,0
2025-10-22 08:45:00,97.7,97.7,97.7,97.7,140685.08500000002,,80.0,0
2025-10-22 08:48:00,98.15,98.15,98.15,98.15,141388.39,,80.0,0
2025-10-22 08:51:00,97.94999999999999,97.94999999999999,97.94999999999999,97.94999999999999,141095.36,,80.0,0
2025-10-22 08:54:00,97.95,97.95,97.95,97.95,141036.76,,80.0,0
2025-10-22 08:57:00,97.9,97.9,97.9,97.9,140978.14,,80.0,0
2025-10-22 09:00:00,98.0,98.0,98.0,98.0,141153.96000000002,,80.0,0
2025-10-22 09:03:00,98.1,98.1,98.1,98.1,141329.78,,80.0,0
2025-10-22 09:06:00,98.1,98.1,98.1,98.1,141212.575,,80.0,0
2025-10-22 09:09:00,97.9,97.9,97.9,97.9,140978.14,,80.0,0
2025-10-22 09:12:00,98.0,98.0,98.0,98.0,141095.38,,80.0,0
2025-10-22 09:15:00,98.05,98.05,98.05,98.05,141212.58000000002,,80.0,0
2025-10-22 09:18:00,98.0,98.0,98.0,98.0,141095.38,,80.0,0
2025-10-22 09:21:00,97.85,97.85,97.85,97.85,140860.93,,80.0,0
2025-10-22 09:24:00,98.1,98.1,98.1,98.1,141329.78,,80.0,0
2025-10-22 09:27:00,98.19999999999999,98.19999999999999,98.19999999999999,98.19999999999999,141447.005,,80.0,0
2025-10-22 09:30:00,98.19999999999999,98.19999999999999,98.19999999999999,98.19999999999999,141447.005,,80.0,0
2025-10-22 09:33:00,98.1,98.1,98.1,98.1,141271.16999999998,,80.0,0
2025-10-22 09:36:00,98.1,98.1,98.1,98.1,141212.56,,80.0,0
2025-10-22 09:39:00,98.1,98.1,98.1,97.85,140860.93,,80.0,0
2025-10-22 09:42:00,98.05,98.05,98.05,98.05,141212.58500000002,,80.0,0
2025-10-22 09:45:00,98.3,98.3,98.3,98.3,141564.23,,80.0,0
2025-10-22 09:48:00,98.1,98.1,98.1,98.1,141329.78,,80.0,0
2025-10-22 09:51:00,98.1,98.1,98.1,98.1,141212.56,,80.0,0
2025-10-22 09:54:00,98.05,98.05,98.05,98.05,141153.97,,80.0,0
2025-10-22 09:57:00,98.0,98.0,98.0,98.0,141153.96000000002,,80.0,0
2025-10-22 10:00:00,98.05,98.05,98.05,98.19999999999999,141447.005,,80.0,0
2025-10-22 10:03:00,98.0,98.0,98.0,97.65,140626.47,,80.0,0
2025-10-22 10:06:00,98.0,98.0,98.0,98.1,141329.78,,80.0,0
2025-10-22 10:09:00,98.0,98.0,98.0,98.0,141095.38,,80.0,0
2025-10-22 10:12:00,98.0,98.0,98.0,98.0,141095.38,,80.0,0
2025-10-22 10:15:00,98.0,98.0,98.0,98.0,141095.38,,80.0,0
2025-10-22 10:18:00,98.0,98.0,98.0,98.0,141095.38,,80.0,0
2025-10-22 10:21:00,98.05,98.05,98.05,98.05,141212.58000000002,,80.0,0
2025-10-22 10:24:00,98.1,98.1,98.1,98.1,141271.16999999998,,80.0,0
2025-10-22 10:27:00,98.0,98.0,98.0,97.7,140626.48,,80.0,0
2025-10-22 10:30:00,98.0,98.0,98.0,97.75,140743.70500000002,,80.0,0
2025-10-22 10:33:00,97.9,97.9,97.9,97.9,140978.13,,80.0,0
2025-10-22 10:36:00,98.15,98.15,98.15,98.15,141329.805,,80.0,0
2025-10-22 10:39:00,98.1,98.1,98.1,98.1,141329.78,,80.0,0
2025-10-22 10:42:00,98.0,98.0,98.0,98.0,141095.38,,80.0,0
2025-10-22 10:45:00,98.05,98.05,98.05,98.05,141212.58000000002,,80.0,0
2025-10-22 10:48:00,98.0,98.0,98.0,98.0,141095.38,,80.0,0
2025-10-22 10:51:00,98.1,98.1,98.1,98.1,141329.78,,80.0,0
2025-10-22 10:54:00,98.05,98.05,98.05,98.05,141212.58000000002,,80.0,0
2025-10-22 10:57:00,97.8,97.8,97.8,97.8,140802.29499999998,,80.0,0
2025-10-22 11:00:00,97.94999999999999,97.94999999999999,97.94999999999999,97.94999999999999,141095.36,,80.0,1
2025-10-22 11:03:00,98.0,98.0,98.0,98.0,141095.38,,80.0,1
2025-10-22 11:06:00,98.3,98.3,98.3,98.3,141564.23,,80.0,1
2025-10-22 11:09:00,98.15,98.15,98.15,98.15,141388.39,,80.0,1
2025-10-22 11:12:00,98.4,98.4,98.4,98.4,141681.45,,80.0,1
2025-10-22 11:15:00,98.45,98.45,98.45,98.45,141740.055,,80.0,0
2025-10-22 11:18:00,98.3,98.3,98.3,98.3,141505.615,,80.0,1
2025-10-22 11:21:00,98.5,98.5,98.5,98.5,141857.28000000003,,80.0,1
2025-10-22 11:24:00,98.5,98.5,98.5,98.5,141798.67,,80.0,1
2025-10-22 11:27:00,98.65,98.65,98.65,98.65,142033.11,,80.0,0
2025-10-22 11:30:00,98.8,98.8,98.8,98.8,142267.55,,80.0,1
2025-10-22 11:33:00,98.8,98.8,98.8,98.0,141095.38,,80.0,0
2025-10-22 11:36:00,98.85,98.85,98.85,98.85,142326.16499999998,,80.0,1
2025-10-22 11:39:00,99.0,99.0,99.0,99.0,142502.0,,80.0,1
2025-10-22 11:42:00,99.05,99.05,99.05,99.05,142619.22,,80.0,0
2025-10-22 11:45:00,99.2,99.2,99.2,99.2,142853.66,,80.0,1
2025-10-22 11:48:00,99.2,99.2,99.2,99.2,142853.66,,80.0,0
2025-10-22 11:51:00,99.2,99.2,99.2,99.2,142853.66,,80.0,0
2025-10-22 11:54:00,99.05,99.05,99.05,99.05,142619.22,,80.0,1
2025-10-22 11:57:00,99.3,99.3,99.3,99.3,142970.88,,80.0,0
2025-10-22 12:00:00,99.15,99.15,99.15,99.15,142795.05,,80.0,0
2025-10-22 12:03:00,99.3,99.3,99.3,99.3,142970.88,,80.0,0
2025-10-22 12:06:00,99.2,99.2,99.2,98.55,141915.89,,80.0,0
2025-10-22 12:09:00,99.4,99.4,99.4,99.4,143146.71999999997,,80.0,0
2025-10-22 12:12:00,99.25,99.25,99.25,99.25,142912.27000000002,,80.0,1
2025-10-22 12:15:00,99.19999999999999,99.19999999999999,99.19999999999999,99.19999999999999,142853.66,,80.0,0
2025-10-22 12:18:00,99.4,99.4,99.4,99.4,143088.11,,80.0,0
2025-10-22 12:21:00,99.1,99.1,99.1,99.1,142736.44,,80.0,0
2025-10-22 12:24:00,99.45,99.45,99.45,99.45,143263.94,,80.0,0
2025-10-22 12:27:00,99.1,99.1,99.1,99.1,142736.44,,80.0,0
2025-10-22 12:30:00,99.0,99.0,99.0,99.0,142560.60499999998,,80.0,0
2025-10-22 12:33:00,99.2,99.2,99.2,99.2,142853.66,,80.0,0
2025-10-22 12:36:00,99.15,99.15,99.15,99.15,142736.44,,80.0,0
2025-10-22 12:39:00,99.15,99.15,99.15,99.15,142795.05,,80.0,0
2025-10-22 12:42:00,99.2,99.2,99.2,99.2,142853.66,,80.0,0
2025-10-22 12:45:00,99.19999999999999,99.19999999999999,99.19999999999999,99.19999999999999,142853.66,,80.0,0
2025-10-22 12:48:00,99.2,99.2,99.2,99.2,142853.66,,80.0,0
2025-10-22 12:51:00,99.35,99.35,99.35,99.35,143088.10499999998,,80.0,0
2025-10-22 12:54:00,99.35,99.35,99.35,99.35,143029.495,,80.0,1
2025-10-22 12:57:00,99.0,99.0,99.0,99.0,142502.0,,80.0,0
2025-10-22 13:00:00,99.4,99.4,99.4,99.4,143088.11,,80.0,0
2025-10-22 13:03:00,99.0,99.0,99.0,99.0,142619.22,,80.0,1
2025-10-22 13:06:00,99.2,99.2,99.2,99.2,142853.66,,80.0,1
2025-10-22 13:09:00,99.4,99.4,99.4,99.4,143205.33,,80.0,0
2025-10-22 13:12:00,99.4,99.4,99.4,99.4,143205.33,,80.0,0
2025-10-22 13:15:00,99.4,99.4,99.4,99.4,143146.71999999997,,80.0,0
2025-10-22 13:18:00,99.3,99.3,99.3,99.3,143029.495,,80.0,1
2025-10-22 13:21:00,99.5,99.5,99.5,99.5,143322.55,,80.0,0
2025-10-22 13:24:00,99.30000000000001,99.30000000000001,99.30000000000001,99.30000000000001,142970.885,,80.0,0
2025-10-22 13:27:00,99.4,99.4,99.4,99.4,143146.715,,80.0,0
2025-10-22 13:30:00,99.6,99.6,99.6,99.6,143439.77,,80.0,0
2025-10-22 13:33:00,99.45,99.45,99.45,99.45,143263.94,,80.0,0
2025-10-22 13:36:00,99.1,99.1,99.1,99.1,142736.44,,80.0,0
2025-10-22 13:39:00,99.25,99.25,99.25,99.25,142912.27000000002,,80.0,0
2025-10-22 13:42:00,99.65,99.65,99.65,99.65,143498.37,,80.0,0
2025-10-22 13:45:00,99.6,99.6,99.6,99.6,143439.77,,80.0,0
2025-10-22 13:48:00,99.5,99.5,99.5,99.5,143322.55,,80.0,0
2025-10-22 13:51:00,99.5,99.5,99.5,99.5,143322.55,,80.0,0
2025-10-22 13:54:00,99.4,99.4,99.4,99.4,143205.33,,80.0,0
2025-10-22 13:57:00,99.6,99.6,99.6,99.6,143439.77,,80.0,0
2025-10-22 14:00:00,99.45,99.45,99.45,99.45,143263.94,,80.0,0
2025-10-22 14:03:00,99.65,99.65,99.65,99.65,143498.37,,80.0,0
2025-10-22 14:06:00,99.5,99.5,99.5,99.5,143322.55,,80.0,0
2025-10-22 14:09:00,99.45,99.45,99.45,99.45,143263.94,,80.0,0
2025-10-22 14:12:00,99.6,99.6,99.6,99.6,143439.77,,80.0,0
2025-10-22 14:15:00,99.6,99.6,99.6,99.6,143439.77,,80.0,0
2025-10-22 14:18:00,99.55,99.55,99.55,99.55,143381.15999999997,,80.0,0
2025-10-22 14:21:00,99.55,99.55,99.55,99.55,143381.15999999997,,80.0,0
2025-10-22 14:24:00,99.5,99.5,99.5,99.5,143322.55,,80.0,0
2025-10-22 14:27:00,99.6,99.6,99.6,99.6,143439.77,,80.0,0
2025-10-22 14:30:00,99.4,99.4,99.4,99.4,143205.33,,80.0,0
2025-10-22 14:33:00,99.55,99.55,99.55,99.8,143674.19,,80.0,0
2025-10-22 14:36:00,99.6,99.6,99.6,99.6,143439.77,,80.0,0
2025-10-22 14:39:00,99.3,99.3,99.3,99.3,143029.495,,80.0,0
2025-10-22 14:42:00,99.6,99.6,99.6,99.6,143439.76,,80.0,0
2025-10-22 14:45:00,99.45,99.45,99.45,99.45,143263.94,,80.0,0
2025-10-22 14:48:00,99.5,99.5,99.5,99.5,143322.55,,80.0,0
2025-10-22 14:51:00,99.5,99.5,99.5,99.5,143322.55,,80.0,0
2025-10-22 14:54:00,99.4,99.4,99.4,99.4,143205.33,,80.0,0
2025-10-22 14:57:00,99.5,99.5,99.5,99.5,143322.55,,80.0,0
2025-10-22 15:00:00,99.45,99.45,99.45,99.45,143263.94,,80.0,0
2025-10-22 15:03:00,99.4,99.4,99.4,99.4,143205.33,,80.0,0
2025-10-22 15:06:00,99.4,99.4,99.4,99.4,143205.33,,80.0,0
2025-10-22 15:09:00,99.45,99.45,99.45,99.45,143263.94,,80.0,0
2025-10-22 15:12:00,99.3,99.3,99.3,99.3,142970.885,,80.0,0
2025-10-22 15:15:00,99.6,99.6,99.6,99.6,143439.77,,80.0,0
2025-10-22 15:18:00,99.6,99.6,99.6,99.6,143439.77,,80.0,0
2025-10-22 15:21:00,99.45,99.45,99.45,99.45,143263.94,,80.0,0
2025-10-22 15:24:00,99.5,99.5,99.5,99.5,143322.55,,80.0,0
2025-10-22 15:27:00,99.25,99.25,99.25,99.25,142970.885,,80.0,0
2025-10-22 15:30:00,99.4,99.4,99.4,99.4,143205.33,,80.0,0
2025-10-22 15:33:00,99.3,99.3,99.3,99.3,142970.88,,80.0,0
2025-10-22 15:36:00,99.4,99.4,99.4,99.4,143205.33,,80.0,0
2025-10-22 15:39:00,99.3,99.3,99.3,99.3,142970.88,,80.0,0
2025-10-22 15:42:00,99.6,99.6,99.6,99.6,143439.77,,80.0,0
2025-10-22 15:45:00,99.25,99.25,99.25,99.25,142912.27000000002,,80.0,0
2025-10-22 15:48:00,99.45,99.45,99.45,99.45,143263.94,,80.0,0
2025-10-22 15:51:00,99.4,99.4,99.4,99.4,143205.33,,80.0,0
2025-10-22 15:54:00,99.6,99.6,99.6,99.6,143439.77,,80.0,0
2025-10-22 15:57:00,99.6,99.6,99.6,99.6,143439.77,,80.0,0
2025-10-22 16:00:00,99.4,99.4,99.4,99.4,143205.33,,80.0,0
2025-10-22 16:03:00,99.4,99.4,99.4,99.4,143088.11,,80.0,0
2025-10-22 16:06:00,99.6,99.6,99.6,99.6,143439.77,,80.0,0
2025-10-22 16:09:00,99.4,99.4,99.4,99.4,143205.33,,80.0,0
2025-10-22 16:12:00,99.75,99.75,99.75,99.75,143615.58000000002,,80.0,0
2025-10-22 16:15:00,99.4,99.4,99.4,99.4,143205.33,,80.0,0
2025-10-22 16:18:00,99.5,99.5,99.5,98.80000000000001,142267.55,,80.0,0
2025-10-22 16:21:00,99.6,99.6,99.6,99.6,143439.76,,80.0,0
2025-10-22 16:24:00,99.4,99.4,99.4,99.4,143205.33,,80.0,0
2025-10-22 16:27:00,99.5,99.5,99.5,99.5,143322.55,,80.0,0
2025-10-22 16:30:00,99.5,99.5,99.5,99.8,143674.19,,80.0,0
2025-10-22 16:33:00,99.5,99.5,99.5,99.5,143263.94,,80.0,0
2025-10-22 16:36:00,99.3,99.3,99.3,99.3,142970.88,,80.0,0
2025-10-22 16:39:00,99.5,99.5,99.5,99.5,143322.55,,80.0,0
2025-10-22 16:42:00,99.55,99.55,99.55,99.55,143381.15999999997,,80.0,0
2025-10-22 16:45:00,99.5,99.5,99.5,99.5,143322.55,,80.0,0
2025-10-22 16:48:00,99.4,99.4,99.4,99.4,143205.33,,80.0,0
2025-10-22 16:51:00,99.55,99.55,99.55,99.55,143381.15999999997,,80.0,0
2025-10-22 16:54:00,99.3,99.3,99.3,99.3,142970.88,,80.0,0
2025-10-22 16:57:00,99.7,99.7,99.7,99.7,143556.97,,80.0,0
2025-10-22 17:00:00,99.6,99.6,99.6,99.6,143439.77,,80.0,0
2025-10-22 17:03:00,99.4,99.4,99.4,99.4,143146.71999999997,,80.0,0
2025-10-22 17:06:00,99.1,99.1,99.1,99.1,142736.44,,80.0,0
2025-10-22 17:09:00,99.45,99.45,99.45,99.45,143263.94,,80.0,0
2025-10-22 17:12:00,99.2,99.2,99.2,99.2,142853.66499999998,,80.0,0
2025-10-22 17:15:00,99.2,99.2,99.2,99.2,142853.66,,80.0,0
2025-10-22 17:18:00,99.4,99.4,99.4,99.4,143088.11,,80.0,0
2025-10-22 17:21:00,99.35,99.35,99.35,99.35,143029.495,,80.0,0
2025-10-22 17:24:00,99.19999999999999,99.19999999999999,99.19999999999999,99.19999999999999,142853.66,,80.0,0
2025-10-22 17:27:00,99.4,99.4,99.4,99.4,143205.33,,80.0,0
2025-10-22 17:30:00,99.4,99.4,99.4,99.4,143146.71999999997,,80.0,0
2025-10-22 17:33:00,99.4,99.4,99.4,99.4,143205.33,,80.0,0
2025-10-22 17:36:00,99.2,99.2,99.2,99.2,142853.66,,80.0,0
2025-10-22 17:39:00,99.0,99.0,99.0,99.0,142502.0,,80.0,0
2025-10-22 17:42:00,99.30000000000001,99.30000000000001,99.30000000000001,99.30000000000001,142970.885,,80.0,0
2025-10-22 17:45:00,99.2,99.2,99.2,98.5,141915.89,,80.0,0
2025-10-22 17:48:00,99.3,99.3,99.3,99.3,142970.88,,80.0,0
2025-10-22 17:51:00,99.15,99.15,99.15,96.05,138282.07,,80.0,0
2025-10-22 17:54:00,99.0,99.0,99.0,99.0,142502.0,,80.0,0
2025-10-22 17:57:00,99.2,99.2,99.2,99.2,142853.66,,80.0,0
2025-10-22 18:00:00,98.8,98.8,98.8,98.8,142267.55,,80.0,0
2025-10-22 18:03:00,99.3,99.3,99.3,99.3,142970.88,,80.0,0
2025-10-22 18:06:00,99.15,99.15,99.15,99.15,142795.05,,80.0,0
2025-10-22 18:09:00,99.1,99.1,99.1,99.1,142736.44,,80.0,0
2025-10-22 18:12:00,99.05,99.05,99.05,99.05,142619.22,,80.0,0
2025-10-22 18:15:00,99.05,99.05,99.05,99.05,142677.83000000002,,80.0,0
2025-10-22 18:18:00,99.3,99.3,99.3,99.3,142970.88,,80.0,0
2025-10-22 18:21:00,99.30000000000001,99.30000000000001,99.30000000000001,99.30000000000001,143029.495,,80.0,0
2025-10-22 18:24:00,99.3,99.3,99.3,99.3,142970.88,,80.0,0
2025-10-22 18:27:00,99.2,99.2,99.2,99.2,142853.66,,80.0,0
2025-10-22 18:30:00,99.0,99.0,99.0,99.0,142502.0,,80.0,0
2025-10-22 18:33:00,99.25,99.25,99.25,99.25,142912.27000000002,,80.0,0
2025-10-22 18:36:00,98.9,98.9,98.9,98.9,142384.775,,80.0,0
2025-10-22 18:39:00,99.05,99.05,99.05,99.05,142619.22,,80.0,0
2025-10-22 18:42:00,98.9,98.9,98.9,98.9,142384.78,,80.0,0
2025-10-22 18:45:00,99.0,99.0,99.0,99.0,142560.61,,80.0,0
2025-10-22 18:48:00,99.0,99.0,99.0,99.0,142502.0,,80.0,0
2025-10-22 18:51:00,99.05,99.05,99.05,99.05,142677.83000000002,,80.0,0
2025-10-22 18:54:00,98.9,98.9,98.9,98.9,142384.775,,80.0,0
2025-10-22 18:57:00,99.0,99.0,99.0,99.1,142736.44,,80.0,0
2025-10-22 19:00:00,99.0,99.0,99.0,99.0,142502.0,,80.0,0
2025-10-22 19:03:00,99.0,99.0,99.0,99.0,142502.0,,80.0,0
2025-10-22 19:06:00,99.0,99.0,99.0,99.0,142502.0,,80.0,0
2025-10-22 19:09:00,99.0,99.0,99.0,99.0,142502.0,,80.0,0
2025-10-22 19:12:00,98.95,98.95,98.95,98.95,142443.39,,80.0,0
2025-10-22 19:15:00,98.5,98.5,98.5,98.45,141798.665,,80.0,0
2025-10-22 19:18:00,98.3,98.3,98.3,98.3,141622.83500000002,,80.0,0
2025-10-22 19:21:00,98.5,98.5,98.5,98.5,141798.67,,80.0,0
2025-10-22 19:24:00,98.5,98.5,98.5,98.1,141329.78,,80.0,0
2025-10-22 19:27:00,98.5,98.5,98.5,98.25,141447.02500000002,,80.0,0
2025-10-22 19:30:00,98.5,98.5,98.5,98.5,141798.67,,80.0,0
2025-10-22 19:33:00,98.95,98.95,98.95,98.95,142443.39,,80.0,0
2025-10-22 19:36:00,98.8,98.8,98.8,98.8,142267.55,,80.0,0
2025-10-22 19:39:00,98.5,98.5,98.5,98.5,141798.67,,80.0,0
2025-10-22 19:42:00,98.5,98.5,98.5,98.5,141915.89,,80.0,0
2025-10-22 19:45:00,98.5,98.5,98.5,98.5,141798.67,,80.0,0
2025-10-22 19:48:00,98.5,98.5,98.5,98.7,142091.725,,80.0,0
2025-10-22 19:51:00,98.5,98.5,98.5,98.4,141681.45,,80.0,0
2025-10-22 19:54:00,98.5,98.5,98.5,98.5,141798.67,,80.0,0
2025-10-22 19:57:00,98.5,98.5,98.5,98.5,141798.67,,80.0,0
2025-10-22 20:00:00,98.5,98.5,98.5,98.5,141915.89,,80.0,0
2025-10-22 20:03:00,99.0,99.0,99.0,99.0,142619.22,,80.0,0
2025-10-22 20:06:00,98.35,98.35,98.35,98.35,141622.83500000002,,80.0,0
2025-10-22 20:09:00,98.1,98.1,98.1,98.1,141329.78,,80.0,0
2025-10-22 20:12:00,98.2,98.2,98.2,98.2,141388.41499999998,,80.0,0
2025-10-22 20:15:00,98.65,98.65,98.65,98.65,142033.11,,80.0,0
2025-10-22 20:18:00,99.0,99.0,99.0,99.0,142502.0,,80.0,0
2025-10-22 20:21:00,98.85,98.85,98.85,98.85,142326.16499999998,,80.0,0
2025-10-22 20:24:00,98.19999999999999,98.19999999999999,98.19999999999999,98.19999999999999,141447.005,,80.0,0
2025-10-22 20:27:00,98.45,98.45,98.45,98.45,141740.055,,80.0,0
2025-10-22 20:30:00,98.65,98.65,98.65,98.65,142033.11,,80.0,0
2025-10-22 20:33:00,98.5,98.5,98.5,98.5,141857.28000000003,,80.0,0
2025-10-22 20:36:00,98.5,98.5,98.5,98.5,141798.67,,80.0,0
2025-10-22 20:39:00,98.4,98.4,98.4,98.4,141681.44,,80.0,0
2025-10-22 20:42:00,98.65,98.65,98.65,98.65,142091.72,,80.0,0
2025-10-22 20:45:00,98.9,98.9,98.9,98.9,142384.78,,80.0,0
2025-10-22 20:48:00,98.4,98.4,98.4,98.4,141681.44,,80.0,0
2025-10-22 20:51:00,98.8,98.8,98.8,98.8,142267.55,,80.0,0
2025-10-22 20:54:00,98.5,98.5,98.5,98.5,141798.67,,80.0,0
2025-10-22 20:57:00,98.65,98.65,98.65,98.65,142033.11,,80.0,0
2025-10-22 21:00:00,98.5,98.5,98.5,98.5,141798.67,,80.0,0
2025-10-22 21:03:00,98.85,98.85,98.85,98.85,142326.16499999998,,80.0,0
2025-10-22 21:06:00,98.35,98.35,98.35,98.35,141622.83500000002,,80.0,0
2025-10-22 21:09:00,98.65,98.65,98.65,98.65,142033.11,,80.0,0
2025-10-22 21:12:00,98.5,98.5,98.5,98.5,141798.67,,80.0,0
2025-10-22 21:15:00,98.3,98.3,98.3,98.3,141564.225,,80.0,0
2025-10-22 21:18:00,98.3,98.3,98.3,98.3,141564.23,,80.0,0
2025-10-22 21:21:00,98.5,98.5,98.5,98.5,141857.28000000003,,80.0,0
2025-10-22 21:24:00,98.3,98.3,98.3,98.3,141505.615,,80.0,0
2025-10-22 21:27:00,98.5,98.5,98.5,98.5,141915.89,,80.0,0
2025-10-22 21:30:00,98.45,98.45,98.45,98.45,141798.665,,80.0,0
2025-10-22 21:33:00,98.5,98.5,98.5,96.9,139571.48,,80.0,0
2025-10-22 21:36:00,98.5,98.5,98.5,98.5,141798.67,,80.0,0
2025-10-22 21:39:00,98.3,98.3,98.3,98.3,141564.225,,80.0,0
2025-10-22 21:42:00,98.5,98.5,98.5,99.15,142736.44,,80.0,0
2025-10-22 21:45:00,98.7,98.7,98.7,98.7,142091.725,,80.0,0
2025-10-22 21:48:00,98.85,98.85,98.85,98.85,142326.16499999998,,80.0,0
2025-10-22 21:51:00,98.5,98.5,98.5,98.5,141798.67,,80.0,0
2025-10-22 21:54:00,98.65,98.65,98.65,98.65,142091.72,,80.0,0
2025-10-22 21:57:00,98.65,98.65,98.65,98.65,142033.11,,80.0,0
2025-10-22 22:00:00,98.45,98.45,98.45,98.45,141740.055,,80.0,0
2025-10-22 22:03:00,98.4,98.4,98.4,98.4,141681.45,,80.0,0
2025-10-22 22:06:00,98.5,98.5,98.5,98.5,141798.67,,80.0,0
2025-10-22 22:09:00,98.5,98.5,98.5,98.75,142150.33500000002,,80.0,0
2025-10-22 22:12:00,98.4,98.4,98.4,98.4,141681.45,,80.0,0
2025-10-22 22:15:00,98.45,98.45,98.45,98.45,141740.055,,80.0,0
2025-10-22 22:18:00,98.3,98.3,98.3,98.3,141505.615,,80.0,0
2025-10-22 22:21:00,98.5,98.5,98.5,98.5,141798.67,,80.0,0
2025-10-22 22:24:00,98.5,98.5,98.5,98.8,142267.55,,80.0,0
2025-10-22 22:27:00,98.3,98.3,98.3,98.3,141564.225,,80.0,0
2025-10-22 22:30:00,98.5,98.5,98.5,98.5,141798.67,,80.0,0
2025-10-22 22:33:00,98.3,98.3,98.3,98.3,141564.23,,80.0,0
2025-10-22 22:36:00,98.5,98.5,98.5,98.5,141798.67,,80.0,0
2025-10-22 22:39:00,98.55,98.55,98.55,98.55,141915.89,,80.0,0
2025-10-22 22:42:00,98.5,98.5,98.5,98.5,141915.89,,80.0,0
2025-10-22 22:45:00,98.3,98.3,98.3,98.3,141564.23,,80.0,0
2025-10-22 22:48:00,98.5,98.5,98.5,98.5,141798.67,,80.0,0
2025-10-22 22:51:00,98.55,98.55,98.55,98.55,141915.89,,80.0,0
2025-10-22 22:54:00,98.45,98.45,98.45,98.45,141740.055,,80.0,0
2025-10-22 22:57:00,98.4,98.4,98.4,98.4,141681.45,,80.0,0
2025-10-22 23:00:00,98.9,98.9,98.9,98.9,142384.775,,80.0,0
2025-10-22 23:03:00,98.3,98.3,98.3,98.3,141564.23,,80.0,0
2025-10-22 23:06:00,98.3,98.3,98.3,98.3,141564.23,,80.0,0
2025-10-22 23:09:00,97.94999999999999,97.94999999999999,97.94999999999999,97.94999999999999,141095.36,,80.0,0
2025-10-22 23:12:00,98.5,98.5,98.5,98.5,141798.67,,80.0,0
2025-10-22 23:15:00,98.7,98.7,98.7,98.7,142091.725,,80.0,0
2025-10-22 23:18:00,98.75,98.75,98.75,98.75,142150.33500000002,,80.0,0
2025-10-22 23:21:00,98.5,98.5,98.5,98.5,141798.67,,80.0,0
2025-10-22 23:24:00,98.1,98.1,98.1,98.1,141271.185,,80.0,0
2025-10-22 23:27:00,98.3,98.3,98.3,98.3,141564.23,,80.0,0
2025-10-22 23:30:00,98.5,98.5,98.5,98.5,141915.89,,80.0,0
2025-10-22 23:33:00,98.4,98.4,98.4,98.4,141681.45,,80.0,0
2025-10-22 23:36:00,98.30000000000001,98.30000000000001,98.30000000000001,98.30000000000001,141564.22,,80.0,0
2025-10-22 23:39:00,98.3,98.3,98.3,98.3,141564.225,,80.0,0
2025-10-22 23:42:00,98.0,98.0,98.0,98.0,141095.35,,80.0,0
2025-10-22 23:45:00,98.75,98.75,98.75,98.75,142208.945,,80.0,0
2025-10-22 23:48:00,98.5,98.5,98.5,98.5,141798.67,,80.0,0
2025-10-22 23:51:00,98.25,98.25,98.25,98.25,141505.635,,80.0,0
2025-10-22 23:54:00,98.3,98.3,98.3,98.3,141564.23,,80.0,0
2025-10-22 23:57:00,98.4,98.4,98.4,98.4,141681.44,,80.0,0
2025-10-23 00:00:00,98.5,98.5,98.5,98.5,141857.28000000003,,80.0,0
2025-10-23 00:03:00,98.4,98.4,98.4,98.4,141681.45,,80.0,0
2025-10-23 00:06:00,98.4,98.4,98.4,98.4,141681.45,,80.0,0
2025-10-23 00:09:00,98.35,98.35,98.35,98.35,141622.83500000002,,80.0,0
2025-10-23 00:12:00,98.45,98.45,98.45,98.45,141740.055,,80.0,0
2025-10-23 00:15:00,98.5,98.5,98.5,98.5,141798.67,,80.0,0
2025-10-23 00:18:00,98.5,98.5,98.5,98.5,141798.67,,80.0,0
2025-10-23 00:21:00,98.35,98.35,98.35,98.35,141622.83500000002,,80.0,0
2025-10-23 00:24:00,98.3,98.3,98.3,98.3,141564.23,,80.0,0
2025-10-23 00:27:00,98.4,98.4,98.4,98.4,141681.45,,80.0,0
2025-10-23 00:30:00,98.35,98.35,98.35,98.35,141622.83500000002,,80.0,0
2025-10-23 00:33:00,98.5,98.5,98.5,98.5,141798.67,,80.0,0
2025-10-23 00:36:00,98.8,98.8,98.8,98.8,142267.55,,80.0,0
2025-10-23 00:39:00,98.5,98.5,98.5,98.5,141857.28000000003,,80.0,0
2025-10-23 00:42:00,98.30000000000001,98.30000000000001,98.30000000000001,98.30000000000001,141564.22,,80.0,0
2025-10-23 00:45:00,98.4,98.4,98.4,98.4,141681.45,,80.0,0
2025-10-23 00:48:00,98.4,98.4,98.4,98.4,141681.44,,80.0,0
2025-10-23 00:51:00,98.5,98.5,98.5,98.5,141798.67,,80.0,0
2025-10-23 00:54:00,98.45,98.45,98.45,98.45,141740.055,,80.0,0
2025-10-23 00:57:00,98.4,98.4,98.4,98.4,141681.45,,80.0,0
2025-10-23 01:00:00,98.4,98.4,98.4,98.4,141681.44,,80.0,0
2025-10-23 01:03:00,98.4,98.4,98.4,98.4,141681.45,,80.0,0
2025-10-23 01:06:00,98.45,98.45,98.45,98.45,141740.055,,80.0,0
2025-10-23 01:09:00,98.45,98.45,98.45,98.45,141740.055,,80.0,0
2025-10-23 01:12:00,98.4,98.4,98.4,98.1,141329.78,,80.0,0
2025-10-23 01:15:00,98.5,98.5,98.5,98.5,141798.67,,80.0,0
2025-10-23 01:18:00,98.1,98.1,98.1,98.1,141271.19,,80.0,0
2025-10-23 01:21:00,98.35,98.35,98.35,98.35,141622.83500000002,,80.0,0
2025-10-23 01:24:00,98.25,98.25,98.25,98.25,141505.615,,80.0,0
2025-10-23 01:27:00,98.2,98.2,98.2,98.2,141447.0,,80.0,0
2025-10-23 01:30:00,98.19999999999999,98.19999999999999,98.19999999999999,98.19999999999999,141447.005,,80.0,0
2025-10-23 01:33:00,98.25,98.25,98.25,98.25,141505.615,,80.0,0
2025-10-23 01:36:00,98.19999999999999,98.19999999999999,98.19999999999999,98.19999999999999,141447.005,,80.0,0
2025-10-23 01:39:00,98.4,98.4,98.4,98.4,141681.45,,80.0,0
2025-10-23 01:42:00,98.3,98.3,98.3,98.3,141564.23,,80.0,0
2025-10-23 01:45:00,98.3,98.3,98.3,98.3,141564.23,,80.0,0
2025-10-23 01:48:00,98.1,98.1,98.1,98.1,141329.78,,80.0,0
2025-10-23 01:51:00,98.1,98.1,98.1,98.1,141329.78,,80.0,0
2025-10-23 01:54:00,98.1,98.1,98.1,98.1,141329.78,,80.0,0
2025-10-23 01:57:00,98.1,98.1,98.1,98.1,141329.78,,80.0,0
2025-10-23 02:00:00,98.19999999999999,98.19999999999999,98.19999999999999,98.19999999999999,141447.005,,80.0,0
2025-10-23 02:03:00,98.1,98.1,98.1,98.1,141271.16999999998,,80.0,0
2025-10-23 02:06:00,98.1,98.1,98.1,98.15,141388.39,,80.0,0
2025-10-23 02:09:00,98.1,98.1,98.1,98.1,141329.78,,80.0,0
2025-10-23 02:12:00,98.19999999999999,98.19999999999999,98.19999999999999,98.19999999999999,141388.39500000002,,80.0,0
2025-10-23 02:15:00,98.1,98.1,98.1,98.1,141329.78,,80.0,0
2025-10-23 02:18:00,98.0,98.0,98.0,98.0,141095.38,,80.0,0
2025-10-23 02:21:00,98.1,98.1,98.1,98.1,141329.78,,80.0,0
2025-10-23 02:24:00,98.1,98.1,98.1,97.65,140567.875,,80.0,0
2025-10-23 02:27:00,97.9,97.9,97.9,97.9,140978.14,,80.0,0
2025-10-23 02:30:00,98.25,98.25,98.25,98.25,141505.615,,80.0,0
2025-10-23 02:33:00,97.95,97.95,97.95,97.95,141036.76,,80.0,0
2025-10-23 02:36:00,98.1,98.1,98.1,98.1,141212.56,,80.0,0
2025-10-23 02:39:00,98.0,98.0,98.0,98.0,141095.38,,80.0,0
2025-10-23 02:42:00,97.6,97.6,97.6,97.6,140509.27000000002,,80.0,0
2025-10-23 02:45:00,98.05,98.05,98.05,98.05,141212.58000000002,,80.0,0
2025-10-23 02:48:00,98.0,98.0,98.0,98.0,141095.38,,80.0,0
2025-10-23 02:51:00,98.05,98.05,98.05,98.05,141212.58000000002,,80.0,0
2025-10-23 02:54:00,98.0,98.0,98.0,97.7,140626.48,,80.0,0
2025-10-23 02:57:00,98.0,98.0,98.0,98.0,141095.38,,80.0,0
2025-10-23 03:00:00,98.0,98.0,98.0,97.45,140333.43,,80.0,0
2025-10-23 03:03:00,98.0,98.0,98.0,98.0,141095.38,,80.0,0
2025-10-23 03:06:00,97.9,97.9,97.9,97.9,140978.16,,80.0,0
2025-10-23 03:09:00,97.9,97.9,97.9,97.9,140978.16,,80.0,0
2025-10-23 03:12:00,97.85,97.85,97.85,97.85,140919.54,,80.0,0
2025-10-23 03:15:00,98.0,98.0,98.0,98.0,141095.38,,80.0,0
2025-10-23 03:18:00,98.0,98.0,98.0,98.0,141095.38,,80.0,0
2025-10-23 03:21:00,97.9,97.9,97.9,97.9,140978.14,,80.0,0
2025-10-23 03:24:00,97.85,97.85,97.85,97.85,140919.54,,80.0,0
2025-10-23 03:27:00,98.05,98.05,98.05,98.05,141212.58000000002,,80.0,0
2025-10-23 03:30:00,97.8,97.8,97.8,97.8,140860.94,,80.0,0
2025-10-23 03:33:00,97.9,97.9,97.9,97.9,140978.14,,80.0,0
2025-10-23 03:36:00,98.0,98.0,98.0,98.0,141095.38,,80.0,0
2025-10-23 03:39:00,97.80000000000001,97.80000000000001,97.80000000000001,97.80000000000001,140860.92,,80.0,0
2025-10-23 03:42:00,97.95,97.95,97.95,97.95,141036.76,,80.0,0
2025-10-23 03:45:00,97.85,97.85,97.85,97.85,140919.54,,80.0,0
2025-10-23 03:48:00,97.6,97.6,97.6,97.6,140509.255,,80.0,0
2025-10-23 03:51:00,97.7,97.7,97.7,97.7,140743.7,,80.0,0
2025-10-23 03:54:00,97.80000000000001,97.80000000000001,97.80000000000001,97.80000000000001,140802.31,,80.0,0
2025-10-23 03:57:00,98.0,98.0,98.0,98.0,141095.38,,80.0,0
2025-10-23 04:00:00,97.7,97.7,97.7,97.7,140685.09000000003,,80.0,0
2025-10-23 04:03:00,97.85,97.85,97.85,97.85,140919.54,,80.0,0
2025-10-23 04:06:00,97.8,97.8,97.8,97.35,140157.6,,80.0,0
2025-10-23 04:09:00,97.80000000000001,97.80000000000001,97.80000000000001,97.80000000000001,140802.31,,80.0,0
2025-10-23 04:12:00,97.8,97.8,97.8,97.8,140860.94,,80.0,0
2025-10-23 04:15:00,97.85,97.85,97.85,97.85,140919.54,,80.0,0
2025-10-23 04:18:00,97.75,97.75,97.75,97.75,140743.71000000002,,80.0,0
2025-10-23 04:21:00,97.7,97.7,97.7,97.2,139981.765,,80.0,0
2025-10-23 04:24:00,97.7,97.7,97.7,97.7,140743.7,,80.0,0
2025-10-23 04:27:00,97.7,97.7,97.7,97.7,140626.48,,80.0,0
2025-10-23 04:30:00,97.7,97.7,97.7,97.45,140274.82,,80.0,0
2025-10-23 04:33:00,97.5,97.5,97.5,97.5,140392.035,,80.0,0
2025-10-23 04:36:00,97.7,97.7,97.7,97.7,140685.09000000003,,80.0,0
2025-10-23 04:39:00,97.85,97.85,97.85,97.85,140919.54,,80.0,0
2025-10-23 04:42:00,97.75,97.75,97.75,97.75,140743.71000000002,,80.0,0
2025-10-23 04:45:00,97.7,97.7,97.7,97.7,140626.48,,80.0,0
2025-10-23 04:48:00,97.55000000000001,97.55000000000001,97.55000000000001,97.55000000000001,140450.655,,80.0,0
2025-10-23 04:51:00,97.65,97.65,97.65,97.65,140626.485,,80.0,0
2025-10-23 04:54:00,97.7,97.7,97.7,97.7,140685.09000000003,,80.0,0
2025-10-23 04:57:00,97.75,97.75,97.75,97.75,140802.32,,80.0,0
2025-10-23 05:00:00,97.8,97.8,97.8,97.8,140860.94,,80.0,0
2025-10-23 05:03:00,97.75,97.75,97.75,97.25,140040.375,,80.0,0
2025-10-23 05:06:00,97.8,97.8,97.8,97.8,140860.94,,80.0,0
2025-10-23 05:09:00,97.9,97.9,97.9,97.9,140978.16,,80.0,0
2025-10-23 05:12:00,97.8,97.8,97.8,97.8,140860.94,,80.0,0
2025-10-23 05:15:00,97.75,97.75,97.75,97.75,140802.32,,80.0,0
2025-10-23 05:18:00,97.65,97.65,97.65,97.65,140626.485,,80.0,0
2025-10-23 05:21:00,97.7,97.7,97.7,97.7,140685.09000000003,,80.0,0
2025-10-23 05:24:00,97.8,97.8,97.8,97.8,140860.94,,80.0,0
2025-10-23 05:27:00,97.7,97.7,97.7,97.7,140626.48,,80.0,0
2025-10-23 05:30:00,97.9,97.9,97.9,97.9,140978.16,,80.0,0
2025-10-23 05:33:00,97.6,97.6,97.6,97.6,140509.255,,80.0,0
2025-10-23 05:36:00,97.7,97.7,97.7,97.7,140626.48,,80.0,0
2025-10-23 05:39:00,97.7,97.7,97.7,97.75,140743.71000000002,,80.0,0
2025-10-23 05:42:00,97.7,97.7,97.7,97.7,140685.09000000003,,80.0,0
2025-10-23 05:45:00,97.7,97.7,97.7,97.7,140685.09000000003,,80.0,0
2025-10-23 05:48:00,97.7,97.7,97.7,97.7,140626.48,,80.0,0
2025-10-23 05:51:00,97.7,97.7,97.7,97.7,140626.48,,80.0,0
2025-10-23 05:54:00,97.7,97.7,97.7,97.7,140743.7,,80.0,0
2025-10-23 05:57:00,97.7,97.7,97.7,97.65,140626.485,,80.0,0
2025-10-23 06:00:00,97.7,97.7,97.7,95.15,137051.255,,80.0,0
2025-10-23 06:03:00,97.7,97.7,97.7,97.2,139923.16,,80.0,0
2025-10-23 06:06:00,97.75,97.75,97.75,97.75,140743.71000000002,,80.0,0
2025-10-23 06:09:00,97.7,97.7,97.7,97.7,140626.48,,80.0,0
2025-10-23 06:12:00,97.6,97.6,97.6,97.6,140509.27,,80.0,0
2025-10-23 06:15:00,97.8,97.8,97.8,97.8,140860.94,,80.0,0
2025-10-23 06:18:00,97.44999999999999,97.44999999999999,96.45,96.45,138868.175,,80.0,0
2025-10-23 06:21:00,97.19999999999999,97.19999999999999,97.19999999999999,97.19999999999999,139981.77,,80.0,0
2025-10-23 06:24:00,97.2,97.2,97.2,97.2,139923.155,,80.0,0
2025-10-23 06:27:00,97.7,97.7,97.7,97.7,140626.48,,80.0,0
2025-10-23 06:30:00,97.45,97.45,97.45,97.45,140333.43,,80.0,0
2025-10-23 06:33:00,97.85,97.85,97.85,97.85,140860.93,,80.0,0
2025-10-23 06:36:00,97.7,97.7,97.7,97.7,140626.48,,80.0,0
2025-10-23 06:39:00,97.7,97.7,97.7,97.7,140626.48,,80.0,0
2025-10-23 06:42:00,97.45,97.45,97.45,97.45,140333.43,,80.0,0
2025-10-23 06:45:00,97.65,97.65,97.65,97.65,140626.485,,80.0,0
2025-10-23 06:48:00,97.55,97.55,97.55,97.55,140450.65,,80.0,0
2025-10-23 06:51:00,97.9,97.9,97.9,97.9,140978.14,,80.0,0
2025-10-23 06:54:00,97.55,97.55,97.55,97.55,140450.65,,80.0,0
2025-10-23 06:57:00,97.7,97.7,97.7,97.7,140626.48,,80.0,0
2025-10-23 07:00:00,97.5,97.5,97.5,97.5,140392.03,,80.0,0
2025-10-23 07:03:00,97.7,97.7,97.7,97.7,140685.09000000003,,80.0,0
2025-10-23 07:06:00,97.75,97.75,97.75,97.75,140743.71000000002,,80.0,0
2025-10-23 07:09:00,97.5,97.5,97.5,96.30000000000001,138692.33500000002,,80.0,0
2025-10-23 07:12:00,97.5,97.5,97.5,95.75,137871.815,,80.0,0
2025-10-23 07:15:00,97.5,97.5,97.5,97.5,140392.03,,80.0,0
2025-10-23 07:18:00,97.2,97.2,97.2,95.2,137109.87,,80.0,0
2025-10-23 07:21:00,97.2,97.2,97.2,97.2,139923.16,,80.0,0
2025-10-23 07:24:00,97.7,97.7,97.7,97.7,140626.48,,80.0,0
2025-10-23 07:27:00,96.8,96.8,96.8,96.8,139337.05,,80.0,0
2025-10-23 07:30:00,97.7,97.7,97.7,97.7,140626.48,,80.0,0
2025-10-23 07:33:00,97.2,97.2,97.2,97.2,139923.155,,80.0,0
2025-10-23 07:36:00,97.2,97.2,97.2,97.2,139923.155,,80.0,0
2025-10-23 07:39:00,97.85,97.85,97.85,97.85,140919.54,,80.0,0
2025-10-23 07:42:00,97.75,97.75,97.75,97.75,140802.32,,80.0,0
2025-10-23 07:45:00,97.25,97.25,97.25,97.25,140040.375,,80.0,0
2025-10-23 07:48:00,97.8,97.8,97.8,97.8,140860.94,,80.0,0
2025-10-23 07:51:00,97.75,97.75,97.75,97.75,140743.71000000002,,80.0,0
2025-10-23 07:54:00,97.75,97.75,97.75,97.75,140743.71000000002,,80.0,0
2025-10-23 07:57:00,97.3,97.3,97.3,97.3,140098.985,,80.0,0
2025-10-23 08:00:00,97.65,97.65,97.65,97.65,140626.485,,80.0,0
2025-10-23 08:03:00,97.5,97.5,97.5,97.5,140392.05,,80.0,0
2025-10-23 08:06:00,97.65,97.65,97.65,97.65,140626.485,,80.0,0
2025-10-23 08:09:00,97.5,97.5,97.5,97.0,139688.72,,80.0,0
2025-10-23 08:12:00,97.5,97.5,97.5,97.5,140392.03,,80.0,0
2025-10-23 08:15:00,97.6,97.6,97.6,97.6,140509.27,,80.0,0
2025-10-23 08:18:00,97.69999999999999,97.69999999999999,97.69999999999999,97.69999999999999,140685.10499999998,,80.0,0
2025-10-23 08:21:00,97.45,97.45,97.45,97.45,140274.82,,80.0,0
2025-10-23 08:24:00,97.5,97.5,97.5,97.0,139688.72,,80.0,0
2025-10-23 08:27:00,97.5,97.5,97.5,97.5,140392.03,,80.0,0
2025-10-23 08:30:00,97.7,97.7,97.7,97.7,140626.48,,80.0,0
2025-10-23 08:33:00,97.55,97.55,97.55,97.55,140450.65,,80.0,0
2025-10-23 08:36:00,97.7,97.7,97.7,97.7,140685.09000000003,,80.0,0
2025-10-23 08:39:00,97.5,97.5,97.5,97.5,140392.05,,80.0,0
2025-10-23 08:42:00,97.4,97.4,97.4,97.4,140216.215,,80.0,0
2025-10-23 08:45:00,97.45,97.45,97.45,97.45,140333.43,,80.0,0
2025-10-23 08:48:00,97.35,97.35,97.35,97.35,140216.20500000002,,80.0,0
2025-10-23 08:51:00,97.5,97.5,97.5,97.5,140392.03,,80.0,0
2025-10-23 08:54:00,97.6,97.6,97.6,97.6,140509.255,,80.0,0
2025-10-23 08:57:00,97.45,97.45,97.45,97.45,140274.82,,80.0,0
2025-10-23 09:00:00,97.6,97.6,97.6,97.6,140509.27,,80.0,0
2025-10-23 09:03:00,97.69999999999999,97.69999999999999,97.69999999999999,97.69999999999999,140685.10499999998,,80.0,0
2025-10-23 09:06:00,97.2,97.2,97.2,97.2,139981.755,,80.0,0
2025-10-23 09:09:00,97.6,97.6,97.6,97.6,140509.255,,80.0,0
2025-10-23 09:12:00,97.3,97.3,97.3,97.3,140157.59,,80.0,0
2025-10-23 09:15:00,97.15,97.15,97.15,97.15,139864.55,,80.0,0
2025-10-23 09:18:00,97.05,97.05,97.05,97.05,139805.93,,80.0,0
2025-10-23 09:21:00,96.9,96.9,96.9,96.9,139571.495,,80.0,0
2025-10-23 09:24:00,97.5,97.5,97.5,97.5,140392.03,,80.0,0
2025-10-23 09:27:00,97.3,97.3,97.3,97.3,140098.985,,80.0,0
2025-10-23 09:30:00,97.25,97.25,97.25,97.25,140040.385,,80.0,0
2025-10-23 09:33:00,97.1,97.1,97.1,97.1,139805.94,,80.0,0
2025-10-23 09:36:00,96.95,96.95,96.95,96.95,139630.1,,80.0,0
2025-10-23 09:39:00,96.7,96.7,96.7,96.7,139219.83,,80.0,0
2025-10-23 09:42:00,96.75,96.75,96.75,96.75,139337.055,,80.0,0
2025-10-23 09:45:00,96.9,96.9,96.9,96.9,139571.495,,80.0,0
2025-10-23 09:48:00,96.8,96.8,96.8,96.8,139454.27,,80.0,0
2025-10-23 09:51:00,96.75,96.75,96.75,96.75,139337.05,,80.0,0
2025-10-23 09:54:00,96.7,96.7,96.7,96.7,139219.83,,80.0,0
2025-10-23 09:57:00,96.65,96.65,96.65,96.65,139161.21999999997,,80.0,0
2025-10-23 10:00:00,96.2,96.2,96.2,96.2,138516.515,,80.0,0
2025-10-23 10:03:00,96.55,96.55,96.55,96.55,139044.0,,80.0,0
2025-10-23 10:06:00,96.4,96.4,96.4,96.4,138868.16,,80.0,0
2025-10-23 10:09:00,95.9,95.9,95.9,95.9,138047.64,,80.0,0
2025-10-23 10:12:00,96.1,96.1,96.1,96.1,138399.29,,80.0,0
2025-10-23 10:15:00,95.6,95.6,95.6,95.6,137695.97,,80.0,0
2025-10-23 10:18:00,96.45,96.45,96.45,96.45,138926.77500000002,,80.0,0
2025-10-23 10:21:00,96.65,96.65,96.65,96.65,139161.21999999997,,80.0,0
2025-10-23 10:24:00,96.4,96.4,96.4,96.4,138868.16,,80.0,0
2025-10-23 10:27:00,95.9,95.9,95.9,95.9,138047.64,,80.0,0
2025-10-23 10:30:00,96.15,96.15,96.15,96.15,138399.305,,80.0,0
2025-10-23 10:33:00,96.15,96.15,96.15,96.15,138399.305,,80.0,0
2025-10-23 10:36:00,95.80000000000001,95.80000000000001,95.80000000000001,95.80000000000001,137930.415,,80.0,0
2025-10-23 10:39:00,95.85,95.85,95.85,95.85,137989.03000000003,,80.0,0
2025-10-23 10:42:00,95.6,95.6,95.6,95.6,137695.97,,80.0,0
2025-10-23 10:45:00,95.5,95.5,95.5,95.5,137520.14,,80.0,0
2025-10-23 10:48:00,95.85,95.85,95.85,95.85,137989.03000000003,,80.0,0
2025-10-23 10:51:00,95.7,95.7,95.7,95.7,137813.19,,80.0,0
2025-10-23 10:54:00,95.6,95.6,95.6,95.6,137695.98,,80.0,0
2025-10-23 10:57:00,95.6,95.6,95.6,95.6,137637.365,,80.0,0
2025-10-23 11:00:00,95.2,95.2,95.2,95.2,137109.87,,80.0,1
2025-10-23 11:03:00,95.4,95.4,95.4,95.4,137344.31,,80.0,1
2025-10-23 11:06:00,95.5,95.5,95.5,95.5,137578.75,,80.0,1
2025-10-23 11:09:00,95.55,95.55,95.55,95.55,137637.365,,80.0,1
2025-10-23 11:12:00,95.6,95.6,95.6,95.6,137637.36,,80.0,1
2025-10-23 11:15:00,95.5,95.5,95.5,95.5,137578.75,,80.0,1
2025-10-23 11:18:00,95.5,95.5,95.5,95.5,137578.75,,80.0,1
2025-10-23 11:21:00,95.6,95.6,95.6,95.6,137695.98,,80.0,1
2025-10-23 11:24:00,95.45,95.45,95.45,95.45,137402.91999999998,,80.0,1
2025-10-23 11:27:00,95.45,95.45,95.45,95.45,137402.91999999998,,80.0,1
2025-10-23 11:30:00,95.3,95.3,95.3,95.3,137227.09,,80.0,1
2025-10-23 11:33:00,95.5,95.5,95.5,95.5,137578.75,,80.0,1
2025-10-23 11:36:00,95.45,95.45,95.45,95.45,137402.91999999998,,80.0,1
2025-10-23 11:39:00,95.65,95.65,95.65,95.65,137754.58500000002,,80.0,1
2025-10-23 11:42:00,95.5,95.5,95.5,95.5,137520.14,,80.0,1
2025-10-23 11:45:00,95.6,95.6,95.6,95.6,137695.98,,80.0,1
2025-10-23 11:48:00,95.7,95.7,95.7,95.7,137813.19,,80.0,1
2025-10-23 11:51:00,95.9,95.9,95.9,95.9,138047.64,,80.0,1
2025-10-23 11:54:00,95.7,95.7,95.7,95.7,137813.195,,80.0,1
2025-10-23 11:57:00,95.6,95.6,95.6,95.6,137695.97,,80.0,1
2025-10-23 12:00:00,95.3,95.3,95.3,95.3,137285.695,,80.0,1
2025-10-23 12:03:00,95.45,95.45,95.45,93.6,134765.47,,80.0,1
2025-10-23 12:06:00,95.05000000000001,95.05000000000001,95.05000000000001,95.05000000000001,136875.44,,80.0,1
2025-10-23 12:09:00,95.55,95.55,95.55,95.55,137578.755,,80.0,1
2025-10-23 12:12:00,95.45,95.45,95.45,94.85,136582.39,,80.0,1
2025-10-23 12:15:00,95.45,95.45,95.45,95.45,137461.53,,80.0,1
2025-10-23 12:18:00,95.15,95.15,95.15,95.15,136992.66,,80.0,1
2025-10-23 12:21:00,95.7,95.7,95.7,95.7,137813.195,,80.0,1
2025-10-23 12:24:00,95.80000000000001,95.80000000000001,95.80000000000001,95.80000000000001,137930.415,,80.0,1
2025-10-23 12:27:00,95.7,95.7,95.7,95.7,137813.19,,80.0,1
2025-10-23 12:30:00,95.9,95.9,95.9,95.9,138106.25,,80.0,1
2025-10-23 12:33:00,95.85,95.85,95.85,95.85,137989.03000000003,,80.0,1
2025-10-23 12:36:00,95.9,95.9,95.9,95.9,138047.64,,80.0,1
2025-10-23 12:39:00,95.9,95.9,95.9,96.5,138985.39,,80.0,1
2025-10-23 12:42:00,95.80000000000001,95.80000000000001,95.80000000000001,95.80000000000001,137930.415,,80.0,1
2025-10-23 12:45:00,95.9,95.9,95.9,94.6,136230.72499999998,,80.0,1
2025-10-23 12:48:00,96.7,96.7,96.7,96.7,139219.83,,80.0,1
2025-10-23 12:51:00,96.45,96.45,96.45,95.9,138047.64,,80.0,1
2025-10-23 12:54:00,96.55,96.55,96.55,96.55,139044.0,,80.0,1
2025-10-23 12:57:00,96.45,96.45,96.45,96.45,138926.77500000002,,80.0,1
2025-10-23 13:00:00,96.45,96.45,96.45,96.45,138926.77500000002,,80.0,1
2025-10-23 13:03:00,96.8,96.8,96.8,96.8,139454.27,,80.0,1
2025-10-23 13:06:00,96.55,96.55,96.55,96.55,139044.0,,80.0,1
2025-10-23 13:09:00,96.69999999999999,96.69999999999999,96.69999999999999,95.9,138106.25,,80.0,1
2025-10-23 13:12:00,96.8,96.8,96.8,96.8,139454.27,,80.0,1
2025-10-23 13:15:00,96.75,96.75,96.75,96.75,139337.05,,80.0,1
2025-10-23 13:18:00,96.7,96.7,96.7,96.7,139219.83,,80.0,1
2025-10-23 13:21:00,96.69999999999999,96.69999999999999,96.69999999999999,96.69999999999999,139278.44,,80.0,1
2025-10-23 13:24:00,96.85,96.85,96.85,96.85,139454.275,,80.0,1
2025-10-23 13:27:00,96.85,96.85,96.85,96.85,139454.265,,80.0,1
2025-10-23 13:30:00,96.85,96.85,96.85,96.85,139512.875,,80.0,1
2025-10-23 13:33:00,96.75,96.75,96.75,96.75,139337.05,,80.0,1
2025-10-23 13:36:00,96.94999999999999,96.94999999999999,96.94999999999999,96.94999999999999,139630.10499999998,,80.0,1
2025-10-23 13:39:00,97.0,97.0,97.0,97.0,139688.72,,80.0,1
2025-10-23 13:42:00,97.2,97.2,97.2,97.2,139923.16,,80.0,1
2025-10-23 13:45:00,97.45,97.45,97.45,97.45,140333.43,,80.0,1
2025-10-23 13:48:00,96.9,96.9,96.9,96.9,139512.885,,80.0,1
2025-10-23 13:51:00,97.25,97.25,97.25,97.25,140040.375,,80.0,1
2025-10-23 13:54:00,97.25,97.25,97.25,97.25,140040.375,,80.0,1
2025-10-23 13:57:00,97.7,97.7,97.7,97.7,140626.48,,80.0,1
2025-10-23 14:00:00,97.6,97.6,97.6,97.6,140509.255,,80.0,0
2025-10-23 14:03:00,97.25,97.25,97.25,97.25,140040.375,,80.0,0
2025-10-23 14:06:00,97.6,97.6,97.6,97.6,140509.27,,80.0,0
2025-10-23 14:09:00,97.7,97.7,97.7,97.7,140626.48,,80.0,0
2025-10-23 14:12:00,97.7,97.7,97.7,97.7,140743.7,,80.0,0
2025-10-23 14:15:00,97.25,97.25,97.25,97.25,140040.375,,80.0,0
2025-10-23 14:18:00,97.3,97.3,97.3,97.3,140098.985,,80.0,0
2025-10-23 14:21:00,97.55,97.55,97.55,97.55,140450.65,,80.0,0
2025-10-23 14:24:00,97.7,97.7,97.7,97.7,140626.48,,80.0,0
2025-10-23 14:27:00,97.95,97.95,97.95,97.95,141036.76,,80.0,0
2025-10-23 14:30:00,97.15,97.15,97.15,97.15,139923.155,,80.0,0
2025-10-23 14:33:00,97.7,97.7,97.7,97.7,140685.08500000002,,80.0,0
2025-10-23 14:36:00,97.65,97.65,97.65,97.65,140567.875,,80.0,0
2025-10-23 14:39:00,97.5,97.5,97.5,97.5,140392.03,,80.0,0
2025-10-23 14:42:00,97.7,97.7,97.7,97.7,140743.7,,80.0,0
2025-10-23 14:45:00,97.5,97.5,97.5,97.5,140392.03,,80.0,0
2025-10-23 14:48:00,97.5,97.5,97.5,97.5,140392.03,,80.0,0
2025-10-23 14:51:00,97.4,97.4,97.4,97.4,140274.83000000002,,80.0,0
2025-10-23 14:54:00,97.65,97.65,97.65,97.65,140567.875,,80.0,0
2025-10-23 14:57:00,97.85,97.85,97.85,97.85,140919.54,,80.0,0
2025-10-23 15:00:00,97.75,97.75,97.75,97.75,140802.32,,80.0,0
2025-10-23 15:03:00,97.65,97.65,97.65,97.65,140567.875,,80.0,0
2025-10-23 15:06:00,97.45,97.45,97.45,97.45,140333.43,,80.0,0
2025-10-23 15:09:00,97.45,97.45,97.45,97.45,140333.43,,80.0,0
2025-10-23 15:12:00,97.7,97.7,97.7,97.7,140626.48,,80.0,0
2025-10-23 15:15:00,97.7,97.7,97.7,97.7,140626.48,,80.0,0
2025-10-23 15:18:00,97.6,97.6,97.6,97.6,140509.255,,80.0,0
2025-10-23 15:21:00,97.5,97.5,97.5,97.5,140392.03,,80.0,0
2025-10-23 15:24:00,97.7,97.7,97.7,97.7,140626.48,,80.0,0
2025-10-23 15:27:00,97.6,97.6,97.6,97.3,140098.995,,80.0,0
2025-10-23 15:30:00,97.65,97.65,97.65,97.65,140626.485,,80.0,0
2025-10-23 15:33:00,97.7,97.7,97.7,97.7,140743.7,,80.0,0
2025-10-23 15:36:00,97.6,97.6,97.6,97.6,140509.255,,80.0,0
2025-10-23 15:39:00,97.35,97.35,97.35,97.35,140157.6,,80.0,0
2025-10-23 15:42:00,97.5,97.5,97.5,97.5,140392.03,,80.0,0
2025-10-23 15:45:00,97.55,97.55,97.55,97.55,140450.65,,80.0,0
2025-10-23 15:48:00,97.7,97.7,97.7,97.7,140626.48,,80.0,0
2025-10-23 15:51:00,97.55,97.55,97.55,97.55,140450.65,,80.0,0
2025-10-23 15:54:00,97.4,97.4,97.4,97.4,140216.215,,80.0,0
2025-10-23 15:57:00,97.65,97.65,97.65,97.65,140567.875,,80.0,0
2025-10-23 16:00:00,97.5,97.5,97.5,97.5,140392.03,,80.0,0
2025-10-23 16:03:00,97.55,97.55,97.55,97.55,140450.65,,80.0,0
2025-10-23 16:06:00,97.7,97.7,97.7,97.7,140626.48,,80.0,0
2025-10-23 16:09:00,97.7,97.7,97.7,97.7,140626.48,,80.0,0
2025-10-23 16:12:00,97.6,97.6,97.6,97.6,140509.255,,80.0,0
2025-10-23 16:15:00,97.55,97.55,97.55,97.55,140450.65,,80.0,0
2025-10-23 16:18:00,97.2,97.2,97.2,97.2,139923.16,,80.0,0
2025-10-23 16:21:00,97.75,97.75,97.75,97.75,140743.71000000002,,80.0,0
2025-10-23 16:24:00,97.6,97.6,97.6,97.6,140509.255,,80.0,0
2025-10-23 16:27:00,97.5,97.5,97.5,97.5,140392.03,,80.0,0
2025-10-23 16:30:00,97.5,97.5,97.5,97.1,139805.94,,80.0,0
2025-10-23 16:33:00,97.45,97.45,97.45,97.45,140333.43,,80.0,0
2025-10-23 16:36:00,97.44999999999999,97.44999999999999,97.44999999999999,97.44999999999999,140333.43,,80.0,0
2025-10-23 16:39:00,97.5,97.5,97.5,97.5,140392.03,,80.0,0
2025-10-23 16:42:00,97.6,97.6,97.6,97.6,140509.27,,80.0,0
2025-10-23 16:45:00,97.55,97.55,97.55,97.55,140450.65,,80.0,0
2025-10-23 16:48:00,97.7,97.7,97.7,97.7,140626.48,,80.0,0
2025-10-23 16:51:00,97.6,97.6,97.6,97.3,140098.985,,80.0,0
2025-10-23 16:54:00,97.7,97.7,97.7,97.7,140626.48,,80.0,0
2025-10-23 16:57:00,97.7,97.7,97.7,97.7,140626.48,,80.0,0
2025-10-23 17:00:00,97.7,97.7,97.7,97.6,140509.27,,80.0,0
2025-10-23 17:03:00,97.7,97.7,97.7,97.7,140626.48,,80.0,0
2025-10-23 17:06:00,97.7,97.7,97.7,97.7,140626.48,,80.0,0
2025-10-23 17:09:00,97.7,97.7,97.7,97.55,140450.65,,80.0,0
2025-10-23 17:12:00,97.7,97.7,97.7,97.7,140626.48,,80.0,0
2025-10-23 17:15:00,97.7,97.7,97.7,97.7,140626.48,,80.0,0
2025-10-23 17:18:00,97.7,97.7,97.7,97.9,140978.14,,80.0,0
2025-10-23 17:21:00,97.6,97.6,97.6,97.6,140509.255,,80.0,0
2025-10-23 17:24:00,97.7,97.7,97.7,97.7,140626.48,,80.0,0
2025-10-23 17:27:00,97.5,97.5,97.5,97.5,140392.03,,80.0,0
2025-10-23 17:30:00,97.6,97.6,97.6,97.6,140509.255,,80.0,0
2025-10-23 17:33:00,97.7,97.7,97.7,97.7,140626.48,,80.0,0
2025-10-23 17:36:00,97.7,97.7,97.7,97.7,140626.48,,80.0,0
2025-10-23 17:39:00,97.45,97.45,97.45,97.45,140333.43,,80.0,0
2025-10-23 17:42:00,97.7,97.7,97.7,97.7,140626.48,,80.0,0
2025-10-23 17:45:00,97.5,97.5,97.5,97.5,140392.03,,80.0,0
2025-10-23 17:48:00,97.7,97.7,97.7,97.7,140626.48,,80.0,0
2025-10-23 17:51:00,97.44999999999999,97.44999999999999,97.44999999999999,97.44999999999999,140333.43,,80.0,0
2025-10-23 17:54:00,97.7,97.7,97.7,97.7,140626.48,,80.0,0
2025-10-23 17:57:00,97.55,97.55,97.55,97.55,140450.65,,80.0,0
2025-10-23 18:00:00,97.65,97.65,97.65,97.65,140567.875,,80.0,0
2025-10-23 18:03:00,97.7,97.7,97.7,97.7,140685.09000000003,,80.0,0
2025-10-23 18:06:00,97.65,97.65,97.65,97.65,140567.875,,80.0,0
2025-10-23 18:09:00,97.45,97.45,97.45,97.45,140274.82,,80.0,0
2025-10-23 18:12:00,97.7,97.7,97.7,97.7,140626.48,,80.0,0
2025-10-23 18:15:00,97.7,97.7,97.7,97.7,140626.48,,80.0,0
2025-10-23 18:18:00,97.7,97.7,97.7,97.7,140626.48,,80.0,0
2025-10-23 18:21:00,97.65,97.65,97.65,97.65,140626.485,,80.0,0
2025-10-23 18:24:00,97.7,97.7,97.7,97.1,139805.94,,80.0,0
2025-10-23 18:27:00,97.55,97.55,97.55,97.55,140450.65,,80.0,0
2025-10-23 18:30:00,97.85,97.85,97.85,97.85,140919.54,,80.0,0
2025-10-23 18:33:00,97.6,97.6,97.6,97.6,140509.27,,80.0,0
2025-10-23 18:36:00,97.85,97.85,97.85,97.85,140919.54,,80.0,0
2025-10-23 18:39:00,97.7,97.7,97.7,97.7,140626.48,,80.0,0
2025-10-23 18:42:00,97.7,97.7,97.7,97.7,140626.48,,80.0,0
2025-10-23 18:45:00,97.6,97.6,97.6,97.6,140567.865,,80.0,0
2025-10-23 18:48:00,97.5,97.5,97.5,97.5,140392.03,,80.0,0
2025-10-23 18:51:00,97.45,97.45,97.45,97.45,140333.43,,80.0,0
2025-10-23 18:54:00,97.55000000000001,97.55000000000001,97.55000000000001,97.55000000000001,140450.655,,80.0,0
2025-10-23 18:57:00,97.55,97.55,97.55,97.55,140450.65,,80.0,0
2025-10-23 19:00:00,97.65,97.65,97.65,97.65,140567.875,,80.0,0
2025-10-23 19:03:00,97.35,97.35,97.35,97.35,140157.595,,80.0,0
2025-10-23 19:06:00,97.69999999999999,97.69999999999999,97.69999999999999,97.69999999999999,140685.10499999998,,80.0,0
2025-10-23 19:09:00,97.55,97.55,97.55,97.55,140450.65,,80.0,0
2025-10-23 19:12:00,97.35,97.35,97.35,97.35,140216.20500000002,,80.0,0
2025-10-23 19:15:00,97.7,97.7,97.7,97.7,140626.48,,80.0,0
2025-10-23 19:18:00,97.55,97.55,97.55,97.55,140450.65,,80.0,0
2025-10-23 19:21:00,97.7,97.7,97.7,97.7,140626.48,,80.0,0
2025-10-23 19:24:00,97.44999999999999,97.44999999999999,97.44999999999999,97.44999999999999,140333.43,,80.0,0
2025-10-23 19:27:00,97.65,97.65,97.65,97.65,140567.875,,80.0,0
2025-10-23 19:30:00,97.30000000000001,97.30000000000001,97.30000000000001,97.30000000000001,140098.995,,80.0,0
2025-10-23 19:33:00,97.35,97.35,97.35,97.35,140157.595,,80.0,0
2025-10-23 19:36:00,97.45,97.45,97.45,97.45,140274.82,,80.0,0
2025-10-23 19:39:00,97.45,97.45,97.45,97.45,140274.82,,80.0,0
2025-10-23 19:42:00,97.6,97.6,97.6,97.6,140509.27,,80.0,0
2025-10-23 19:45:00,97.7,97.7,97.7,97.7,140626.48,,80.0,0
2025-10-23 19:48:00,97.7,97.7,97.7,97.7,140685.09000000003,,80.0,0
2025-10-23 19:51:00,97.55000000000001,97.55000000000001,97.55000000000001,97.55000000000001,140450.655,,80.0,0
2025-10-23 19:54:00,97.6,97.6,97.6,97.6,140509.27,,80.0,0
2025-10-23 19:57:00,97.4,97.4,97.4,97.4,140274.81,,80.0,0
2025-10-23 20:00:00,97.80000000000001,97.80000000000001,97.80000000000001,97.80000000000001,140802.31,,80.0,0
2025-10-23 20:03:00,97.55,97.55,97.55,97.55,140450.65,,80.0,0
2025-10-23 20:06:00,97.6,97.6,97.6,97.6,140509.255,,80.0,0
2025-10-23 20:09:00,97.6,97.6,97.6,97.15,139923.155,,80.0,0
2025-10-23 20:12:00,97.4,97.4,97.4,97.4,140274.83000000002,,80.0,0
2025-10-23 20:15:00,97.6,97.6,97.6,97.6,140509.255,,80.0,0
2025-10-23 20:18:00,97.6,97.6,97.6,97.6,140509.27,,80.0,0
2025-10-23 20:21:00,97.45,97.45,97.45,97.45,140333.43,,80.0,0
2025-10-23 20:24:00,97.6,97.6,97.6,97.6,140509.27,,80.0,0
2025-10-23 20:27:00,97.6,97.6,97.6,97.1,139805.94,,80.0,0
2025-10-23 20:30:00,97.6,97.6,97.6,97.6,140509.255,,80.0,0
2025-10-23 20:33:00,97.65,97.65,97.65,97.65,140567.875,,80.0,0
2025-10-23 20:36:00,97.6,97.6,97.6,97.6,140509.255,,80.0,0
2025-10-23 20:39:00,97.7,97.7,97.7,97.7,140626.48,,80.0,0
2025-10-23 20:42:00,97.45,97.45,97.45,97.45,140274.82,,80.0,0
2025-10-23 20:45:00,97.65,97.65,97.65,97.65,140626.485,,80.0,0
2025-10-23 20:48:00,97.35,97.35,97.35,97.35,140157.595,,80.0,0
2025-10-23 20:51:00,97.45,97.45,97.45,97.45,140333.43,,80.0,0
2025-10-23 20:54:00,97.6,97.6,97.6,97.6,140509.255,,80.0,0
2025-10-23 20:57:00,97.6,97.6,97.6,97.6,140509.255,,80.0,0
2025-10-23 21:00:00,97.5,97.5,97.5,97.5,140392.03,,80.0,0
2025-10-23 21:03:00,97.6,97.6,97.6,97.6,140509.27,,80.0,0
2025-10-23 21:06:00,97.5,97.5,97.5,97.5,140392.03,,80.0,0
2025-10-23 21:09:00,97.45,97.45,97.45,97.45,140333.43,,80.0,0
2025-10-23 21:12:00,97.55,97.55,97.55,97.55,140450.65,,80.0,0
2025-10-23 21:15:00,97.6,97.6,97.6,97.6,140509.255,,80.0,0
2025-10-23 21:18:00,97.6,97.6,97.6,97.6,140509.255,,80.0,0
2025-10-23 21:21:00,97.7,97.7,97.7,97.7,140626.48,,80.0,0
2025-10-23 21:24:00,97.6,97.6,97.6,97.1,139805.94,,80.0,0
2025-10-23 21:27:00,97.6,97.6,97.6,97.6,140509.27,,80.0,0
2025-10-23 21:30:00,97.7,97.7,97.7,97.7,140626.48,,80.0,0
2025-10-23 21:33:00,97.35,97.35,97.35,97.35,140157.595,,80.0,0
2025-10-23 21:36:00,97.6,97.6,97.6,97.6,140567.865,,80.0,0
2025-10-23 21:39:00,97.5,97.5,97.5,97.5,140392.03,,80.0,0
2025-10-23 21:42:00,97.5,97.5,97.5,97.0,139688.71000000002,,80.0,0
2025-10-23 21:45:00,97.6,97.6,97.6,97.6,140509.255,,80.0,0
2025-10-23 21:48:00,97.5,97.5,97.5,97.5,140392.03,,80.0,0
2025-10-23 21:51:00,97.5,97.5,97.5,97.5,140392.03,,80.0,0
2025-10-23 21:54:00,97.8,97.8,97.8,97.8,140860.94,,80.0,0
2025-10-23 21:57:00,97.5,97.5,97.5,97.5,140392.03,,80.0,0
2025-10-23 22:00:00,97.6,97.6,97.6,97.6,140509.27,,80.0,0
2025-10-23 22:03:00,97.7,97.7,97.7,97.7,140685.09000000003,,80.0,0
2025-10-23 22:06:00,97.5,97.5,97.5,97.5,140392.03,,80.0,0
2025-10-23 22:09:00,97.35,97.35,97.35,97.35,140157.595,,80.0,0
2025-10-23 22:12:00,97.5,97.5,97.5,96.8,139454.27,,80.0,0
2025-10-23 22:15:00,97.55,97.55,97.55,97.55,140450.65,,80.0,0
2025-10-23 22:18:00,97.5,97.5,97.5,97.5,140392.03,,80.0,0
2025-10-23 22:21:00,97.5,97.5,97.5,97.5,140392.03,,80.0,0
2025-10-23 22:24:00,97.6,97.6,97.6,97.6,140509.27,,80.0,0
2025-10-23 22:27:00,97.45,97.45,97.45,97.45,140333.43,,80.0,0
2025-10-23 22:30:00,97.65,97.65,97.65,97.65,140567.875,,80.0,0
2025-10-23 22:33:00,97.55,97.55,97.55,97.5,140392.03,,80.0,0
2025-10-23 22:36:00,97.55,97.55,97.55,97.55,140450.65,,80.0,0
2025-10-23 22:39:00,97.55,97.55,97.55,97.55,140450.65,,80.0,0
2025-10-23 22:42:00,97.6,97.6,97.6,97.6,140509.255,,80.0,0
2025-10-23 22:45:00,97.55,97.55,97.55,97.55,140450.65,,80.0,0
2025-10-23 22:48:00,97.55,97.55,97.55,97.55,140450.65,,80.0,0
2025-10-23 22:51:00,97.65,97.65,97.65,97.65,140567.875,,80.0,0
2025-10-23 22:54:00,97.55,97.55,97.55,97.55,140450.65,,80.0,0
2025-10-23 22:57:00,97.5,97.5,97.5,97.5,140392.03,,80.0,0
2025-10-23 23:00:00,97.5,97.5,97.5,97.5,140392.03,,80.0,0
2025-10-23 23:03:00,97.4,97.4,97.4,97.4,140274.81,,80.0,0
2025-10-23 23:06:00,97.5,97.5,97.5,97.0,139688.715,,80.0,0
2025-10-23 23:09:00,97.55,97.55,97.55,97.55,140450.65,,80.0,0
2025-10-23 23:12:00,97.45,97.45,97.45,97.45,140333.43,,80.0,0
2025-10-23 23:15:00,97.7,97.7,97.7,97.7,140626.48,,80.0,0
2025-10-23 23:18:00,97.5,97.5,97.5,97.2,139923.16,,80.0,0
2025-10-23 23:21:00,97.5,97.5,97.5,97.5,140392.03,,80.0,0
2025-10-23 23:24:00,97.5,97.5,97.5,97.5,140392.03,,80.0,0
2025-10-23 23:27:00,97.55000000000001,97.55000000000001,97.55000000000001,97.55000000000001,140450.655,,80.0,0
2025-10-23 23:30:00,97.55,97.55,97.55,97.55,140450.65,,80.0,0
2025-10-23 23:33:00,97.5,97.5,97.5,97.2,139923.16,,80.0,0
2025-10-23 23:36:00,97.45,97.45,97.45,97.45,140333.43,,80.0,0
2025-10-23 23:39:00,97.55,97.55,97.55,97.55,140450.65,,80.0,0
2025-10-23 23:42:00,97.30000000000001,97.30000000000001,97.30000000000001,97.30000000000001,140098.995,,80.0,0
2025-10-23 23:45:00,97.5,97.5,97.5,97.5,140392.03,,80.0,0
2025-10-23 23:48:00,97.2,97.2,97.2,97.2,139923.16,,80.0,0
2025-10-23 23:51:00,97.75,97.75,97.75,97.75,140743.70500000002,,80.0,0
2025-10-23 23:54:00,97.6,97.6,97.6,97.6,140567.865,,80.0,0
2025-10-23 23:57:00,97.5,97.5,97.5,97.5,140392.03,,80.0,0
2025-10-24 00:00:00,97.5,97.5,97.5,97.5,140392.03,,80.0,0
2025-10-24 00:03:00,97.2,97.2,97.2,97.2,139981.77000000002,,80.0,0
2025-10-24 00:06:00,97.4,97.4,97.4,97.4,140274.83,,80.0,0
2025-10-24 00:09:00,97.3,97.3,97.3,97.3,140098.985,,80.0,0
2025-10-24 00:12:00,97.6,97.6,97.6,97.6,140509.255,,80.0,0
2025-10-24 00:15:00,97.5,97.5,97.5,97.5,140392.03,,80.0,0
2025-10-24 00:18:00,97.5,97.5,97.5,97.5,140392.05,,80.0,0
2025-10-24 00:21:00,97.5,97.5,97.5,97.5,140392.03,,80.0,0
2025-10-24 00:24:00,97.45,97.45,97.45,97.45,140333.43,,80.0,0
2025-10-24 00:27:00,97.45,97.45,97.45,97.45,140274.82,,80.0,0
2025-10-24 00:30:00,97.5,97.5,97.5,97.5,140392.03,,80.0,0
2025-10-24 00:33:00,97.35,97.35,97.35,97.35,140216.21,,80.0,0
2025-10-24 00:36:00,97.65,97.65,97.65,97.65,140626.485,,80.0,0
2025-10-24 00:39:00,97.35,97.35,97.35,97.35,140157.595,,80.0,0
2025-10-24 00:42:00,97.55,97.55,97.55,97.55,140450.65,,80.0,0
2025-10-24 00:45:00,97.35,97.35,97.35,97.35,140157.595,,80.0,0
2025-10-24 00:48:00,97.4,97.4,97.4,97.4,140274.83,,80.0,0
2025-10-24 00:51:00,97.45,97.45,97.45,97.45,140333.43,,80.0,0
2025-10-24 00:54:00,97.5,97.5,97.5,97.5,140392.03,,80.0,0
2025-10-24 00:57:00,97.30000000000001,97.30000000000001,97.30000000000001,97.30000000000001,140098.995,,80.0,0
2025-10-24 01:00:00,97.45,97.45,97.45,97.45,140333.43,,80.0,0
2025-10-24 01:03:00,96.80000000000001,96.80000000000001,96.80000000000001,96.80000000000001,139337.065,,80.0,0
2025-10-24 01:06:00,97.30000000000001,97.30000000000001,97.30000000000001,97.30000000000001,140098.995,,80.0,0
2025-10-24 01:09:00,97.0,97.0,97.0,97.0,139688.715,,80.0,0
2025-10-24 01:12:00,96.9,96.9,96.9,96.9,139512.885,,80.0,0
2025-10-24 01:15:00,97.5,97.5,97.5,97.5,140392.03,,80.0,0
2025-10-24 01:18:00,97.35,97.35,97.35,97.35,140216.20500000002,,80.0,0
2025-10-24 01:21:00,97.1,97.1,97.1,97.1,139805.94,,80.0,0
2025-10-24 01:24:00,97.2,97.2,97.2,97.2,139923.16,,80.0,0
2025-10-24 01:27:00,97.1,97.1,97.1,97.1,139805.94,,80.0,0
2025-10-24 01:30:00,97.30000000000001,97.30000000000001,97.30000000000001,97.30000000000001,140098.995,,80.0,0
2025-10-24 01:33:00,97.2,97.2,97.2,97.2,139923.16,,80.0,0
2025-10-24 01:36:00,97.1,97.1,97.1,97.1,139805.94,,80.0,0
2025-10-24 01:39:00,96.8,96.8,96.8,96.8,139454.27,,80.0,0
2025-10-24 01:42:00,97.15,97.15,97.15,97.15,139864.55,,80.0,0
2025-10-24 01:45:00,97.1,97.1,97.1,97.1,139805.94,,80.0,0
2025-10-24 01:48:00,97.0,97.0,97.0,97.0,139688.72,,80.0,0
2025-10-24 01:51:00,96.9,96.9,96.9,96.9,139571.495,,80.0,0
2025-10-24 01:54:00,97.0,97.0,97.0,97.0,139688.72,,80.0,0
2025-10-24 01:57:00,97.0,97.0,97.0,97.0,139688.72,,80.0,0
2025-10-24 02:00:00,97.0,97.0,97.0,97.0,139688.72,,80.0,0
2025-10-24 02:03:00,97.0,97.0,97.0,96.85,139512.875,,80.0,0
2025-10-24 02:06:00,96.8,96.8,96.8,96.8,139454.27,,80.0,0
2025-10-24 02:09:00,97.15,97.15,97.15,97.15,139864.55,,80.0,0
2025-10-24 02:12:00,97.0,97.0,97.0,97.0,139688.72,,80.0,0
2025-10-24 02:15:00,96.9,96.9,96.9,96.9,139571.495,,80.0,0
2025-10-24 02:18:00,96.9,96.9,96.9,96.9,139571.48,,80.0,0
2025-10-24 02:21:00,97.0,97.0,97.0,97.0,139688.72,,80.0,0
2025-10-24 02:24:00,96.75,96.75,96.75,96.75,139337.05,,80.0,0
2025-10-24 02:27:00,96.95,96.95,96.95,96.95,139630.1,,80.0,0
2025-10-24 02:30:00,96.7,96.7,96.7,96.7,139219.83,,80.0,0
2025-10-24 02:33:00,96.8,96.8,96.8,96.8,139454.27,,80.0,0
2025-10-24 02:36:00,96.8,96.8,96.8,96.8,139454.27,,80.0,0
2025-10-24 02:39:00,96.7,96.7,96.7,95.3,137227.09,,80.0,0
2025-10-24 02:42:00,96.7,96.7,96.7,95.45,137461.53000000003,,80.0,0
2025-10-24 02:45:00,96.65,96.65,96.65,96.65,139161.21999999997,,80.0,0
2025-10-24 02:48:00,96.75,96.75,96.75,96.75,139337.05,,80.0,0
2025-10-24 02:51:00,96.65,96.65,96.65,95.4,137344.31,,80.0,0
2025-10-24 02:54:00,96.55000000000001,96.55000000000001,96.55000000000001,96.55000000000001,139043.995,,80.0,0
2025-10-24 02:57:00,96.8,96.8,96.8,96.8,139454.27,,80.0,0
2025-10-24 03:00:00,96.9,96.9,96.9,96.9,139512.885,,80.0,0
2025-10-24 03:03:00,96.6,96.6,96.6,96.6,139102.61,,80.0,0
2025-10-24 03:06:00,96.8,96.8,96.8,96.8,139337.05,,80.0,0
2025-10-24 03:09:00,96.5,96.5,96.5,96.5,138985.39,,80.0,0
2025-10-24 03:12:00,96.7,96.7,96.7,96.7,139219.83,,80.0,0
2025-10-24 03:15:00,96.75,96.75,96.75,96.75,139278.44,,80.0,0
2025-10-24 03:18:00,96.30000000000001,96.30000000000001,96.30000000000001,96.30000000000001,138692.34499999997,,80.0,0
2025-10-24 03:21:00,96.7,96.7,96.7,96.7,139219.83,,80.0,0
2025-10-24 03:24:00,96.5,96.5,96.5,96.5,138985.39,,80.0,0
2025-10-24 03:27:00,96.65,96.65,96.65,96.65,139219.83000000002,,80.0,0
2025-10-24 03:30:00,96.45,96.45,96.45,96.45,138926.77500000002,,80.0,0
2025-10-24 03:33:00,96.4,96.4,96.4,96.4,138868.16,,80.0,0
2025-10-24 03:36:00,96.55,96.55,96.55,96.55,139044.0,,80.0,0
2025-10-24 03:39:00,96.4,96.4,96.4,96.4,138868.16,,80.0,0
2025-10-24 03:42:00,96.65,96.65,96.65,96.65,139161.22,,80.0,0
2025-10-24 03:45:00,96.6,96.6,96.6,96.6,139102.61,,80.0,0
2025-10-24 03:48:00,96.25,96.25,96.25,96.25,138575.125,,80.0,0
2025-10-24 03:51:00,96.4,96.4,96.4,96.4,138809.565,,80.0,0
2025-10-24 03:54:00,95.85,95.85,95.85,95.85,137989.03000000003,,80.0,0
2025-10-24 03:57:00,96.4,96.4,96.4,96.4,138750.97,,80.0,0
2025-10-24 04:00:00,95.9,95.9,95.9,96.4,138750.97,,80.0,0
2025-10-24 04:03:00,95.80000000000001,95.80000000000001,95.80000000000001,95.80000000000001,137930.415,,80.0,0
2025-10-24 04:06:00,95.80000000000001,95.80000000000001,95.80000000000001,95.80000000000001,137930.415,,80.0,0
2025-10-24 04:09:00,95.9,95.9,95.9,95.9,138047.64,,80.0,0
2025-10-24 04:12:00,95.85,95.85,95.85,95.85,137989.03000000003,,80.0,0
2025-10-24 04:15:00,95.80000000000001,95.80000000000001,95.80000000000001,95.80000000000001,137930.415,,80.0,0
2025-10-24 04:18:00,95.9,95.9,95.9,95.9,138047.64,,80.0,0
2025-10-24 04:21:00,95.85,95.85,95.85,95.85,137989.03000000003,,80.0,0
2025-10-24 04:24:00,95.9,95.9,95.9,95.9,138106.25,,80.0,0
2025-10-24 04:27:00,95.9,95.9,95.9,95.9,138047.64,,80.0,0
2025-10-24 04:30:00,95.85,95.85,95.85,95.85,138047.64,,80.0,0
2025-10-24 04:33:00,95.9,95.9,95.9,95.9,138047.64,,80.0,0
2025-10-24 04:36:00,95.85,95.85,95.85,95.85,137989.03000000003,,80.0,0
2025-10-24 04:39:00,95.65,95.65,95.65,95.65,137754.58500000002,,80.0,0
2025-10-24 04:42:00,95.7,95.7,95.7,95.7,137813.19,,80.0,0
2025-10-24 04:45:00,95.7,95.7,95.7,95.7,137813.19,,80.0,0
2025-10-24 04:48:00,95.7,95.7,95.7,95.7,137813.19,,80.0,0
2025-10-24 04:51:00,95.7,95.7,95.7,95.85,137989.03000000003,,80.0,0
2025-10-24 04:54:00,95.80000000000001,95.80000000000001,95.80000000000001,95.80000000000001,137930.415,,80.0,0
2025-10-24 04:57:00,95.7,95.7,95.7,95.7,137813.19,,80.0,0
2025-10-24 05:00:00,95.75,95.75,95.75,95.45,137461.53,,80.0,0
2025-10-24 05:03:00,95.75,95.75,95.75,95.75,137871.805,,80.0,0
2025-10-24 05:06:00,95.75,95.75,95.75,95.75,137871.805,,80.0,0
2025-10-24 05:09:00,95.80000000000001,95.80000000000001,95.80000000000001,95.80000000000001,137930.415,,80.0,0
2025-10-24 05:12:00,95.75,95.75,95.75,95.5,137520.14,,80.0,0
2025-10-24 05:15:00,95.9,95.9,95.9,95.9,138047.64,,80.0,0
2025-10-24 05:18:00,95.80000000000001,95.80000000000001,95.80000000000001,95.80000000000001,137930.415,,80.0,0
2025-10-24 05:21:00,95.75,95.75,95.75,95.75,137871.81,,80.0,0
2025-10-24 05:24:00,95.5,95.5,95.5,95.5,137578.75,,80.0,0
2025-10-24 05:27:00,95.55000000000001,95.55000000000001,95.55000000000001,95.55000000000001,137578.75,,80.0,0
2025-10-24 05:30:00,95.7,95.7,95.7,95.7,137813.19,,80.0,0
2025-10-24 05:33:00,95.4,95.4,95.4,95.4,137402.91999999998,,80.0,0
2025-10-24 05:36:00,95.5,95.5,95.5,95.5,137578.75,,80.0,0
2025-10-24 05:39:00,95.7,95.7,95.7,95.7,137813.19,,80.0,0
2025-10-24 05:42:00,95.65,95.65,95.65,95.65,137754.58500000002,,80.0,0
2025-10-24 05:45:00,95.6,95.6,95.6,95.6,137637.36,,80.0,0
2025-10-24 05:48:00,95.80000000000001,95.80000000000001,95.80000000000001,95.80000000000001,137930.415,,80.0,0
2025-10-24 05:51:00,95.45,95.45,95.45,95.45,137461.53,,80.0,0
2025-10-24 05:54:00,95.5,95.5,95.5,95.5,137578.75,,80.0,0
2025-10-24 05:57:00,95.55,95.55,95.55,95.8,137930.42,,80.0,0
2025-10-24 06:00:00,95.7,95.7,95.7,95.7,137813.19,,80.0,0
2025-10-24 06:03:00,95.5,95.5,95.5,95.5,137520.14,,80.0,0
2025-10-24 06:06:00,95.5,95.5,95.5,95.5,137578.75,,80.0,0
2025-10-24 06:09:00,95.5,95.5,95.5,95.5,137578.75,,80.0,0
2025-10-24 06:12:00,95.55,95.55,95.55,95.55,137637.365,,80.0,0
2025-10-24 06:15:00,95.65,95.65,95.65,95.65,137754.58500000002,,80.0,0
2025-10-24 06:18:00,95.55,95.55,95.55,95.55,137637.365,,80.0,0
2025-10-24 06:21:00,95.5,95.5,95.5,95.5,137461.53,,80.0,0
2025-10-24 06:24:00,95.55,95.55,95.55,95.55,137637.365,,80.0,0
2025-10-24 06:27:00,95.35,95.35,95.35,95.35,137285.7,,80.0,0
2025-10-24 06:30:00,95.45,95.45,95.45,95.45,137402.91999999998,,80.0,0
2025-10-24 06:33:00,95.5,95.5,95.5,95.5,137578.75,,80.0,0
2025-10-24 06:36:00,95.7,95.7,95.7,95.7,137813.195,,80.0,0
2025-10-24 06:39:00,95.5,95.5,95.5,95.5,137520.14,,80.0,0
2025-10-24 06:42:00,95.2,95.2,95.2,95.2,137109.865,,80.0,0
2025-10-24 06:45:00,95.45,95.45,95.45,95.45,137461.53,,80.0,0
2025-10-24 06:48:00,95.35,95.35,95.35,95.35,137285.7,,80.0,0
2025-10-24 06:51:00,95.7,95.7,95.7,95.7,137813.19,,80.0,0
2025-10-24 06:54:00,95.55,95.55,95.55,95.55,137637.365,,80.0,0
2025-10-24 06:57:00,95.6,95.6,95.6,95.6,137695.97,,80.0,0
2025-10-24 07:00:00,95.5,95.5,95.5,95.5,137461.53,,80.0,0
2025-10-24 07:03:00,95.45,95.45,95.45,95.45,137402.91999999998,,80.0,0
2025-10-24 07:06:00,95.35,95.35,95.35,95.35,137285.7,,80.0,0
2025-10-24 07:09:00,95.4,95.4,95.4,95.4,137344.31,,80.0,0
2025-10-24 07:12:00,95.35,95.35,95.35,95.35,137285.7,,80.0,0
2025-10-24 07:15:00,95.55,95.55,95.55,95.55,137637.365,,80.0,0
2025-10-24 07:18:00,95.6,95.6,95.6,95.6,137695.98,,80.0,0
2025-10-24 07:21:00,95.15,95.15,95.15,95.15,137051.255,,80.0,0
2025-10-24 07:24:00,95.5,95.5,95.5,95.5,137578.75,,80.0,0
2025-10-24 07:27:00,95.4,95.4,95.4,95.4,137344.31,,80.0,0
2025-10-24 07:30:00,95.5,95.5,95.5,95.5,137578.75,,80.0,0
2025-10-24 07:33:00,95.45,95.45,95.45,95.2,137109.865,,80.0,0
2025-10-24 07:36:00,95.45,95.45,95.45,95.45,137461.53,,80.0,0
2025-10-24 07:39:00,95.5,95.5,95.5,95.5,137520.14500000002,,80.0,0
2025-10-24 07:42:00,95.45,95.45,95.45,95.45,137461.53,,80.0,0
2025-10-24 07:45:00,95.45,95.45,95.45,95.45,137461.53,,80.0,0
2025-10-24 07:48:00,95.35,95.35,95.35,95.35,137285.7,,80.0,0
2025-10-24 07:51:00,95.3,95.3,95.3,95.3,137227.09,,80.0,0
2025-10-24 07:54:00,95.6,95.6,95.6,95.6,137695.98,,80.0,0
2025-10-24 07:57:00,95.35,95.35,95.35,95.35,137344.31,,80.0,0
2025-10-24 08:00:00,95.6,95.6,95.6,95.6,137695.97,,80.0,0
2025-10-24 08:03:00,95.25,95.25,95.25,95.25,137227.08500000002,,80.0,0
2025-10-24 08:06:00,95.35,95.35,95.35,95.35,137285.7,,80.0,0
2025-10-24 08:09:00,95.5,95.5,95.5,95.5,137520.14,,80.0,0
2025-10-24 08:12:00,95.5,95.5,95.5,95.5,137461.53,,80.0,0
2025-10-24 08:15:00,95.45,95.45,95.45,95.0,136875.42,,80.0,0
2025-10-24 08:18:00,95.45,95.45,95.45,95.45,137402.91999999998,,80.0,0
2025-10-24 08:21:00,95.5,95.5,95.5,95.5,137578.75,,80.0,0
2025-10-24 08:24:00,95.4,95.4,95.4,95.4,137344.31,,80.0,0
2025-10-24 08:27:00,95.30000000000001,95.30000000000001,95.30000000000001,95.30000000000001,137227.09,,80.0,0
2025-10-24 08:30:00,95.5,95.5,95.5,95.5,137578.75,,80.0,0
2025-10-24 08:33:00,95.4,95.4,95.4,95.4,137402.91999999998,,80.0,0
2025-10-24 08:36:00,95.5,95.5,95.5,95.5,137578.75,,80.0,0
2025-10-24 08:39:00,95.55,95.55,95.55,95.55,137637.365,,80.0,0
2025-10-24 08:42:00,95.4,95.4,95.4,95.75,137871.81,,80.0,0
2025-10-24 08:45:00,95.4,95.4,95.4,95.4,137344.31,,80.0,0
2025-10-24 08:48:00,95.35,95.35,95.35,95.0,136875.42,,80.0,0
2025-10-24 08:51:00,95.25,95.25,95.25,95.25,137168.47999999998,,80.0,0
2025-10-24 08:54:00,95.30000000000001,95.30000000000001,95.30000000000001,95.30000000000001,137227.09,,80.0,0
2025-10-24 08:57:00,95.35,95.35,95.35,95.35,137285.7,,80.0,0
2025-10-24 09:00:00,95.25,95.25,95.25,95.25,137168.47999999998,,80.0,0
2025-10-24 09:03:00,95.25,95.25,95.25,95.25,137168.47999999998,,80.0,0
2025-10-24 09:06:00,95.19999999999999,95.19999999999999,95.19999999999999,95.19999999999999,137109.865,,80.0,0
2025-10-24 09:09:00,95.45,95.45,95.45,95.45,137461.53,,80.0,0
2025-10-24 09:12:00,95.3,95.3,95.3,95.3,137227.09,,80.0,0
2025-10-24 09:15:00,95.30000000000001,95.30000000000001,95.30000000000001,95.30000000000001,137227.09,,80.0,0
2025-10-24 09:18:00,95.25,95.25,95.25,95.25,137168.47999999998,,80.0,0
2025-10-24 09:21:00,95.3,95.3,95.3,94.8,136465.165,,80.0,0
2025-10-24 09:24:00,95.5,95.5,95.5,95.5,137578.75,,80.0,0
2025-10-24 09:27:00,95.30000000000001,95.30000000000001,95.30000000000001,95.30000000000001,137227.09,,80.0,0
2025-10-24 09:30:00,95.30000000000001,95.30000000000001,95.30000000000001,95.30000000000001,137227.09,,80.0,0
2025-10-24 09:33:00,95.2,95.2,95.2,95.2,137109.87,,80.0,0
2025-10-24 09:36:00,95.1,95.1,95.1,95.1,136992.64500000002,,80.0,0
2025-10-24 09:39:00,95.3,95.3,95.3,95.3,137227.09,,80.0,0
2025-10-24 09:42:00,95.35,95.35,95.35,95.35,137285.7,,80.0,0
2025-10-24 09:45:00,95.3,95.3,95.3,95.05,136934.03000000003,,80.0,0
2025-10-24 09:48:00,95.25,95.25,95.25,95.25,137168.47999999998,,80.0,0
2025-10-24 09:51:00,95.5,95.5,95.5,95.5,137520.14,,80.0,0
2025-10-24 09:54:00,95.35,95.35,95.35,95.05,136934.03000000003,,80.0,0
2025-10-24 09:57:00,95.45,95.45,95.45,95.45,137402.91999999998,,80.0,0
2025-10-24 10:00:00,95.5,95.5,95.5,95.5,137578.75,,80.0,0
2025-10-24 10:03:00,95.4,95.4,95.4,95.4,137344.31,,80.0,0
2025-10-24 10:06:00,95.45,95.45,95.45,95.45,137402.91999999998,,80.0,0
2025-10-24 10:09:00,95.25,95.25,95.25,95.25,137168.475,,80.0,0
2025-10-24 10:12:00,95.4,95.4,95.4,95.4,137344.31,,80.0,0
2025-10-24 10:15:00,95.19999999999999,95.19999999999999,95.19999999999999,95.19999999999999,137109.865,,80.0,0
2025-10-24 10:18:00,95.30000000000001,95.30000000000001,95.30000000000001,95.30000000000001,137227.09,,80.0,0
2025-10-24 10:21:00,95.35,95.35,95.35,95.35,137344.31,,80.0,0
2025-10-24 10:24:00,95.25,95.25,95.25,95.25,137168.47999999998,,80.0,0
2025-10-24 10:27:00,95.5,95.5,95.5,95.5,137461.53,,80.0,0
2025-10-24 10:30:00,95.35,95.35,95.35,95.35,137285.7,,80.0,0
2025-10-24 10:33:00,95.55,95.55,95.55,95.55,137637.365,,80.0,0
2025-10-24 10:36:00,95.5,95.5,95.5,95.5,137578.75,,80.0,0
2025-10-24 10:39:00,95.45,95.45,95.45,95.2,137109.87,,80.0,0
2025-10-24 10:42:00,95.5,95.5,95.5,95.5,137520.14,,80.0,0
2025-10-24 10:45:00,95.45,95.45,95.45,95.2,137109.87,,80.0,0
2025-10-24 10:48:00,95.45,95.45,95.45,95.45,137402.91999999998,,80.0,0
2025-10-24 10:51:00,95.45,95.45,95.45,95.45,137402.91999999998,,80.0,0
2025-10-24 10:54:00,95.4,95.4,95.4,95.4,137344.31,,80.0,0
2025-10-24 10:57:00,95.5,95.5,95.5,95.5,137578.75,,80.0,0
2025-10-24 11:00:00,95.30000000000001,95.30000000000001,95.30000000000001,95.30000000000001,137227.09,,80.0,1
2025-10-24 11:03:00,95.45,95.45,95.45,95.45,137402.91999999998,,80.0,1
2025-10-24 11:06:00,95.45,95.45,95.45,94.85,136582.385,,80.0,1
2025-10-24 11:09:00,95.45,95.45,95.45,95.0,136758.22,,80.0,1
2025-10-24 11:12:00,95.5,95.5,95.5,94.75,136406.555,,80.0,1
2025-10-24 11:15:00,95.80000000000001,95.80000000000001,95.80000000000001,95.80000000000001,137930.415,,80.0,1
2025-10-24 11:18:00,95.7,95.7,95.7,95.7,137813.19,,80.0,1
2025-10-24 11:21:00,95.9,95.9,95.9,95.9,138047.64,,80.0,1
2025-10-24 11:24:00,95.8,95.8,95.8,95.8,137930.42,,80.0,1
2025-10-24 11:27:00,95.9,95.9,95.9,95.9,138047.64,,80.0,1
2025-10-24 11:30:00,95.80000000000001,95.80000000000001,95.80000000000001,95.80000000000001,137930.415,,80.0,1
2025-10-24 11:33:00,96.15,96.15,96.15,96.4,138868.16,,80.0,1
2025-10-24 11:36:00,96.4,96.4,96.4,96.15,138457.91499999998,,80.0,1
2025-10-24 11:39:00,96.55,96.55,96.55,96.55,139044.0,,80.0,1
2025-10-24 11:42:00,96.65,96.65,96.65,96.65,139161.22,,80.0,1
2025-10-24 11:45:00,96.7,96.7,96.7,96.7,139219.83,,80.0,1
2025-10-24 11:48:00,96.65,96.65,96.65,96.65,139161.21999999997,,80.0,1
2025-10-24 11:51:00,96.8,96.8,96.8,96.8,139395.65999999997,,80.0,1
2025-10-24 11:54:00,96.7,96.7,96.7,96.7,139219.83,,80.0,1
2025-10-24 11:57:00,96.95,96.95,96.95,97.2,139923.16,,80.0,1
2025-10-24 12:00:00,97.05000000000001,97.05000000000001,97.05000000000001,97.05000000000001,139747.32,,80.0,1
2025-10-24 12:03:00,97.05,97.05,97.05,97.05,139747.33000000002,,80.0,1
2025-10-24 12:06:00,96.95,96.95,96.95,96.95,139630.1,,80.0,1
2025-10-24 12:09:00,97.1,97.1,97.1,97.1,139805.94,,80.0,1
2025-10-24 12:12:00,97.0,97.0,97.0,97.0,139688.715,,80.0,1
2025-10-24 12:15:00,97.05,97.05,97.05,95.95,138164.85,,80.0,1
2025-10-24 12:18:00,97.05,97.05,97.05,97.05,139747.33000000002,,80.0,1
2025-10-24 12:21:00,97.0,97.0,97.0,97.0,139688.72,,80.0,1
2025-10-24 12:24:00,97.05,97.05,97.05,96.7,139219.83,,80.0,1
2025-10-24 12:27:00,97.05,97.05,97.05,97.05,139747.33000000002,,80.0,1
2025-10-24 12:30:00,97.25,97.25,97.25,97.25,140040.375,,80.0,1
2025-10-24 12:33:00,97.35,97.35,97.35,97.35,140157.595,,80.0,1
2025-10-24 12:36:00,97.2,97.2,97.2,97.2,139923.16,,80.0,1
2025-10-24 12:39:00,97.2,97.2,97.2,97.2,140040.38,,80.0,1
2025-10-24 12:42:00,97.35,97.35,97.35,96.7,139219.83,,80.0,1
2025-10-24 12:45:00,97.6,97.6,97.6,97.6,140509.27,,80.0,1
2025-10-24 12:48:00,97.5,97.5,97.5,97.5,140392.03,,80.0,1
2025-10-24 12:51:00,97.5,97.5,97.5,97.5,140392.03,,80.0,1
2025-10-24 12:54:00,97.5,97.5,97.5,97.5,140392.03,,80.0,1
2025-10-24 12:57:00,97.6,97.6,97.6,97.65,140626.485,,80.0,1
2025-10-24 13:00:00,97.65,97.65,97.65,97.85,140919.54,,80.0,1
2025-10-24 13:03:00,97.75,97.75,97.75,97.45,140333.43,,80.0,1
2025-10-24 13:06:00,97.75,97.75,97.75,97.75,140802.32,,80.0,1
2025-10-24 13:09:00,97.75,97.75,97.75,97.75,140743.71000000002,,80.0,1
2025-10-24 13:12:00,97.75,97.75,97.75,97.75,140743.71000000002,,80.0,1
2025-10-24 13:15:00,97.75,97.75,97.75,97.75,140802.32,,80.0,1
2025-10-24 13:18:00,98.0,98.0,98.0,98.0,141095.35,,80.0,1
2025-10-24 13:21:00,98.0,98.0,98.0,98.0,141095.38,,80.0,1
2025-10-24 13:24:00,97.85,97.85,97.85,97.85,140919.54,,80.0,1
2025-10-24 13:27:00,98.1,98.1,98.1,98.1,141271.16999999998,,80.0,1
2025-10-24 13:30:00,97.80000000000001,97.80000000000001,97.80000000000001,97.80000000000001,140802.31,,80.0,1
2025-10-24 13:33:00,98.1,98.1,98.1,98.1,141271.16999999998,,80.0,1
2025-10-24 13:36:00,98.1,98.1,98.1,98.1,141329.78,,80.0,0
2025-10-24 13:39:00,98.2,98.2,98.2,98.2,141447.0,,80.0,1
2025-10-24 13:42:00,98.35,98.35,98.35,98.35,141622.83500000002,,80.0,1
2025-10-24 13:45:00,98.2,98.2,98.2,97.95,141036.76,,80.0,1
2025-10-24 13:48:00,98.2,98.2,98.2,98.2,141447.0,,80.0,1
2025-10-24 13:51:00,98.3,98.3,98.3,98.3,141564.23,,80.0,1
2025-10-24 13:54:00,98.4,98.4,98.4,98.4,141681.44,,80.0,1
2025-10-24 13:57:00,98.35,98.35,98.35,98.35,141622.83500000002,,80.0,1
2025-10-24 14:00:00,98.35,98.35,98.35,98.35,141622.83500000002,,80.0,0
2025-10-24 14:03:00,98.5,98.5,98.5,98.5,141798.67,,80.0,0
2025-10-24 14:06:00,98.5,98.5,98.5,98.5,141798.67,,80.0,0
2025-10-24 14:09:00,98.35,98.35,98.35,98.35,141622.83500000002,,80.0,0
2025-10-24 14:12:00,98.65,98.65,98.65,98.65,142033.11,,80.0,0
2025-10-24 14:15:00,98.4,98.4,98.4,98.4,141681.44,,80.0,0
2025-10-24 14:18:00,98.15,98.15,98.15,98.15,141388.39,,80.0,0
2025-10-24 14:21:00,98.19999999999999,98.19999999999999,98.19999999999999,98.19999999999999,141447.005,,80.0,0
2025-10-24 14:24:00,98.3,98.3,98.3,98.3,141564.23,,80.0,0
2025-10-24 14:27:00,98.4,98.4,98.4,99.0,142502.0,,80.0,0
2025-10-24 14:30:00,98.5,98.5,98.5,98.5,141798.67,,80.0,0
2025-10-24 14:33:00,98.5,98.5,98.5,98.5,141798.67,,80.0,0
2025-10-24 14:36:00,98.4,98.4,98.4,98.4,141681.45,,80.0,0
2025-10-24 14:39:00,98.45,98.45,98.45,98.45,141740.055,,80.0,0
2025-10-24 14:42:00,98.4,98.4,98.4,98.4,141681.45,,80.0,0
2025-10-24 14:45:00,98.5,98.5,98.5,98.5,141857.28000000003,,80.0,0
2025-10-24 14:48:00,98.35,98.35,98.35,98.35,141622.83500000002,,80.0,0
2025-10-24 14:51:00,98.05,98.05,98.05,98.05,141212.58000000002,,80.0,0
2025-10-24 14:54:00,98.2,98.2,98.2,98.2,141447.0,,80.0,0
2025-10-24 14:57:00,98.4,98.4,98.4,98.4,141681.45,,80.0,0
2025-10-24 15:00:00,98.19999999999999,98.19999999999999,98.19999999999999,98.19999999999999,141447.005,,80.0,0
2025-10-24 15:03:00,98.5,98.5,98.5,98.5,141798.67,,80.0,0
2025-10-24 15:06:00,98.15,98.15,98.15,98.15,141388.39,,80.0,0
2025-10-24 15:09:00,98.3,98.3,98.3,98.3,141564.225,,80.0,0
2025-10-24 15:12:00,98.25,98.25,98.25,98.25,141505.615,,80.0,0
2025-10-24 15:15:00,98.45,98.45,98.45,98.45,141740.055,,80.0,0
2025-10-24 15:18:00,98.19999999999999,98.19999999999999,98.19999999999999,98.19999999999999,141447.005,,80.0,0
2025-10-24 15:21:00,98.3,98.3,98.3,98.3,141564.23,,80.0,0
2025-10-24 15:24:00,98.3,98.3,98.3,98.3,141564.23,,80.0,0
2025-10-24 15:27:00,98.2,98.2,98.2,98.2,141447.0,,80.0,0
2025-10-24 15:30:00,98.35,98.35,98.35,98.35,141622.83500000002,,80.0,0
2025-10-24 15:33:00,98.15,98.15,98.15,98.15,141329.805,,80.0,0
2025-10-24 15:36:00,98.15,98.15,98.15,98.15,141388.39,,80.0,0
2025-10-24 15:39:00,98.4,98.4,98.4,98.4,141681.45,,80.0,0
2025-10-24 15:42:00,98.30000000000001,98.30000000000001,98.30000000000001,98.30000000000001,141564.22,,80.0,0
2025-10-24 15:45:00,98.25,98.25,98.25,98.25,141505.615,,80.0,0
2025-10-24 15:48:00,98.5,98.5,98.5,98.5,141798.67,,80.0,0
2025-10-24 15:51:00,98.5,98.5,98.5,98.5,141798.67,,80.0,0
2025-10-24 15:54:00,98.3,98.3,98.3,98.3,141564.23,,80.0,0
2025-10-24 15:57:00,98.05,98.05,98.05,98.05,141212.58500000002,,80.0,0
2025-10-24 16:00:00,98.1,98.1,98.1,98.1,141329.78,,80.0,0
2025-10-24 16:03:00,98.3,98.3,98.3,98.3,141564.23,,80.0,0
2025-10-24 16:06:00,98.4,98.4,98.4,98.4,141681.44,,80.0,0
2025-10-24 16:09:00,98.3,98.3,98.3,98.3,141564.23,,80.0,0
2025-10-24 16:12:00,98.6,98.6,98.6,98.6,141974.495,,80.0,0
2025-10-24 16:15:00,98.35,98.35,98.35,98.35,141622.83500000002,,80.0,0
2025-10-24 16:18:00,98.15,98.15,98.15,98.15,141329.805,,80.0,0
2025-10-24 16:21:00,98.5,98.5,98.5,98.5,141798.67,,80.0,0
2025-10-24 16:24:00,98.3,98.3,98.3,98.3,141564.23,,80.0,0
2025-10-24 16:27:00,98.1,98.1,98.1,98.1,141271.16999999998,,80.0,0
2025-10-24 16:30:00,98.5,98.5,98.5,98.5,141798.67,,80.0,0
2025-10-24 16:33:00,98.05,98.05,98.05,98.05,141212.58000000002,,80.0,0
2025-10-24 16:36:00,98.05000000000001,98.05000000000001,98.05000000000001,98.05000000000001,141212.57,,80.0,0
2025-10-24 16:39:00,98.15,98.15,98.15,98.15,141329.78,,80.0,0
2025-10-24 16:42:00,98.19999999999999,98.19999999999999,98.19999999999999,98.19999999999999,141447.005,,80.0,0
2025-10-24 16:45:00,98.3,98.3,98.3,98.3,141564.23,,80.0,0
2025-10-24 16:48:00,98.30000000000001,98.30000000000001,98.30000000000001,98.30000000000001,141564.22,,80.0,0
2025-10-24 16:51:00,98.25,98.25,98.25,98.25,141505.615,,80.0,0
2025-10-24 16:54:00,98.4,98.4,98.4,98.4,141681.45,,80.0,0
2025-10-24 16:57:00,98.25,98.25,98.25,98.25,141505.615,,80.0,0
2025-10-24 17:00:00,98.3,98.3,98.3,97.15,139923.15,,80.0,0
2025-10-24 17:03:00,98.35,98.35,98.35,98.35,141622.83500000002,,80.0,0
2025-10-24 17:06:00,98.4,98.4,98.4,98.4,141681.44,,80.0,0
2025-10-24 17:09:00,98.15,98.15,98.15,98.15,141329.805,,80.0,0
2025-10-24 17:12:00,98.05,98.05,98.05,98.05,141212.58500000002,,80.0,0
2025-10-24 17:15:00,98.55,98.55,98.55,98.55,141915.89,,80.0,0
2025-10-24 17:18:00,98.65,98.65,98.65,98.65,142033.11,,80.0,0
2025-10-24 17:21:00,98.75,98.75,98.75,98.75,142150.33500000002,,80.0,0
2025-10-24 17:24:00,99.15,99.15,99.15,99.15,142795.05,,80.0,0
2025-10-24 17:27:00,98.5,98.5,98.5,98.5,141915.89,,80.0,0
2025-10-24 17:30:00,98.3,98.3,98.3,98.3,141564.23,,80.0,0
2025-10-24 17:33:00,98.5,98.5,98.5,98.5,141857.28000000003,,80.0,0
2025-10-24 17:36:00,99.4,99.4,99.4,99.4,143205.33,,80.0,0
2025-10-24 17:39:00,99.4,99.4,99.4,99.4,143205.33,,80.0,0
2025-10-24 17:42:00,99.4,99.4,99.4,99.4,143205.33,,80.0,0
2025-10-24 17:45:00,99.18181818181819,99.18181818181819,,,,,,0
2025-10-24 17:48:00,98.96363636363637,98.96363636363637,,,,,,0
2025-10-24 17:51:00,98.74545454545455,98.74545454545455,,,,,,0
2025-10-24 17:54:00,98.52727272727273,98.52727272727273,,,,,,0
2025-10-24 17:57:00,98.30909090909091,98.30909090909091,,,,,,0
2025-10-24 18:00:00,98.0909090909091,98.0909090909091,,,,,,0
2025-10-24 18:03:00,97.87272727272727,97.87272727272727,,,,,,0
2025-10-24 18:06:00,97.65454545454546,97.65454545454546,,,,,,0
2025-10-24 18:09:00,97.43636363636364,97.43636363636364,,,,,,0
2025-10-24 18:12:00,97.21818181818182,97.21818181818182,,,,,,0
2025-10-24 18:15:00,97.0,97.0,97.0,93.1,140626.48,,80.0,0
2025-10-24 18:18:00,97.75,97.75,97.75,97.75,140802.32,,80.0,0
2025-10-24 18:21:00,97.95,97.95,97.95,97.95,141036.74,,80.0,0
2025-10-24 18:24:00,97.0,97.0,97.0,97.0,139688.715,,80.0,0
2025-10-24 18:27:00,97.0,97.0,97.0,97.0,139688.72,,80.0,0
2025-10-24 18:30:00,96.9,96.9,96.9,94.30000000000001,135761.85,,80.0,0
2025-10-24 18:33:00,96.65,96.65,96.65,96.65,139161.22999999998,,80.0,0
2025-10-24 18:36:00,97.35,97.35,97.35,97.35,140157.595,,80.0,0
2025-10-24 18:39:00,96.9,96.9,96.9,96.9,139571.48,,80.0,0
2025-10-24 18:42:00,96.85,96.85,96.85,96.85,139512.875,,80.0,0
2025-10-24 18:45:00,96.30000000000001,96.30000000000001,96.30000000000001,96.30000000000001,138633.735,,80.0,0
2025-10-24 18:48:00,97.5,97.5,97.5,97.5,140392.03,,80.0,0
2025-10-24 18:51:00,97.7,97.7,97.7,97.7,140685.08500000002,,80.0,0
2025-10-24 18:54:00,97.35,97.35,97.35,97.35,140157.60499999998,,80.0,0
2025-10-24 18:57:00,97.15,97.15,97.15,97.15,139864.55,,80.0,0
2025-10-24 19:00:00,97.45,97.45,97.45,97.45,140333.43,,80.0,0
2025-10-24 19:03:00,97.35,97.35,97.35,97.35,140157.595,,80.0,0
2025-10-24 19:06:00,97.5,97.5,97.5,97.5,140392.03,,80.0,0
2025-10-24 19:09:00,97.5,97.5,97.5,97.5,140392.03,,80.0,0
2025-10-24 19:12:00,97.3,97.3,97.3,97.3,140098.985,,80.0,0
2025-10-24 19:15:00,97.45,97.45,97.45,97.45,140333.43,,80.0,0
2025-10-24 19:18:00,96.95,96.95,96.95,96.95,139630.1,,80.0,0
2025-10-24 19:21:00,96.8,96.8,96.8,96.8,139454.27,,80.0,0
2025-10-24 19:24:00,96.9,96.9,96.9,96.9,139571.495,,80.0,0
2025-10-24 19:27:00,97.1,97.1,97.1,97.1,139805.94,,80.0,0
2025-10-24 19:30:00,97.0,97.0,97.0,97.0,139688.72,,80.0,0
2025-10-24 19:33:00,97.6,97.6,97.6,97.6,140509.27,,80.0,0
2025-10-24 19:36:00,96.8,96.8,96.8,96.8,139454.27,,80.0,0
2025-10-24 19:39:00,96.65,96.65,96.65,96.65,139219.83000000002,,80.0,0
2025-10-24 19:42:00,96.95,96.95,96.95,96.95,139630.1,,80.0,0
2025-10-24 19:45:00,96.75,96.75,96.75,96.75,139337.05,,80.0,0
2025-10-24 19:48:00,97.0,97.0,97.0,97.0,139688.72,,80.0,0
2025-10-24 19:51:00,96.8,96.8,96.8,96.8,139395.65999999997,,80.0,0
2025-10-24 19:54:00,96.8,96.8,96.8,96.8,139454.27,,80.0,0
2025-10-24 19:57:00,96.65,96.65,96.65,96.65,139161.21999999997,,80.0,0
2025-10-24 20:00:00,96.69999999999999,96.69999999999999,96.69999999999999,96.69999999999999,139219.83,,80.0,0
2025-10-24 20:03:00,96.69999999999999,96.69999999999999,96.69999999999999,95.5,137461.53,,80.0,0
2025-10-24 20:06:00,96.8,96.8,96.8,96.8,139454.27,,80.0,0
2025-10-24 20:09:00,96.8,96.8,96.8,96.8,139337.05,,80.0,0
2025-10-24 20:12:00,96.55,96.55,96.55,96.55,139044.0,,80.0,0
2025-10-24 20:15:00,96.45,96.45,96.45,96.45,138868.18,,80.0,0
2025-10-24 20:18:00,96.45,96.45,96.45,96.69999999999999,139219.83,,80.0,0
2025-10-24 20:21:00,96.45,96.45,96.45,96.2,138516.515,,80.0,0
2025-10-24 20:24:00,96.4,96.4,96.4,96.4,138750.97,,80.0,0
2025-10-24 20:27:00,96.45,96.45,96.45,96.45,138926.77500000002,,80.0,0
2025-10-24 20:30:00,96.45,96.45,96.45,96.45,138868.18,,80.0,0
2025-10-24 20:33:00,96.45,96.45,96.45,96.45,138926.77500000002,,80.0,0
2025-10-24 20:36:00,96.55,96.55,96.55,96.55,139044.0,,80.0,0
2025-10-24 20:39:00,96.4,96.4,96.4,95.9,138106.25,,80.0,0
2025-10-24 20:42:00,96.2,96.2,96.2,95.85,137989.03000000003,,80.0,0
2025-10-24 20:45:00,96.2,96.2,96.2,96.2,138516.515,,80.0,0
2025-10-24 20:48:00,96.45,96.45,96.45,96.45,138926.77500000002,,80.0,0
2025-10-24 20:51:00,95.55,95.55,95.55,95.55,137637.365,,80.0,0
2025-10-24 20:54:00,95.9,95.9,95.9,95.9,138047.64,,80.0,0
2025-10-24 20:57:00,95.9,95.9,95.9,95.9,138047.64,,80.0,0
2025-10-24 21:00:00,96.15,96.15,96.15,96.15,138399.305,,80.0,0
2025-10-24 21:03:00,96.2,96.2,96.2,96.2,138516.515,,80.0,0
2025-10-24 21:06:00,95.80000000000001,95.80000000000001,95.80000000000001,95.80000000000001,137930.415,,80.0,0
2025-10-24 21:09:00,95.7,95.7,95.7,95.7,137813.195,,80.0,0
2025-10-24 21:12:00,95.75,95.75,95.75,95.25,137227.08500000002,,80.0,0
2025-10-24 21:15:00,95.7,95.7,95.7,95.7,137813.19,,80.0,0
2025-10-24 21:18:00,95.65,95.65,95.65,95.65,137754.58500000002,,80.0,0
2025-10-24 21:21:00,96.05000000000001,96.05000000000001,96.05000000000001,96.05000000000001,138282.08000000002,,80.0,0
2025-10-24 21:24:00,95.7,95.7,95.7,95.7,137813.19,,80.0,0
2025-10-24 21:27:00,95.75,95.75,95.75,95.75,137871.81,,80.0,0
2025-10-24 21:30:00,95.6,95.6,95.6,95.6,137695.97,,80.0,0
2025-10-24 21:33:00,95.5,95.5,95.5,95.5,137461.53,,80.0,0
2025-10-24 21:36:00,95.8,95.8,95.8,95.8,137930.42,,80.0,0
2025-10-24 21:39:00,94.9,94.9,94.9,94.9,136641.0,,80.0,0
2025-10-24 21:42:00,95.0,95.0,95.0,95.0,136875.42,,80.0,0
2025-10-24 21:45:00,95.55000000000001,95.55000000000001,95.55000000000001,95.55000000000001,137578.75,,80.0,0
2025-10-24 21:48:00,95.9,95.9,95.9,95.9,138047.64,,80.0,0
2025-10-24 21:51:00,95.0,95.0,95.0,95.0,136875.42,,80.0,0
2025-10-24 21:54:00,95.8,95.8,95.8,95.8,137930.42,,80.0,0
2025-10-24 21:57:00,95.15,95.15,95.15,95.15,136992.66,,80.0,0
2025-10-24 22:00:00,95.5,95.5,95.5,95.5,137520.14,,80.0,0
2025-10-24 22:03:00,95.25,95.25,95.25,93.6,134765.47,,80.0,0
2025-10-24 22:06:00,95.25,95.25,95.25,95.25,137227.08500000002,,80.0,0
2025-10-24 22:09:00,95.2,95.2,95.2,95.2,137109.87,,80.0,0
2025-10-24 22:12:00,95.25,95.25,95.25,94.3,135820.47,,80.0,0
2025-10-24 22:15:00,95.35,95.35,95.35,95.35,137285.7,,80.0,0
2025-10-24 22:18:00,95.30000000000001,95.30000000000001,95.30000000000001,95.30000000000001,137227.09,,80.0,0
2025-10-24 22:21:00,95.55,95.55,95.55,95.55,137578.755,,80.0,0
2025-10-24 22:24:00,95.55,95.55,95.55,95.55,137637.365,,80.0,0
2025-10-24 22:27:00,95.35,95.35,95.35,94.15,135586.02000000002,,80.0,0
2025-10-24 22:30:00,95.5,95.5,95.5,95.5,137578.75,,80.0,0
2025-10-24 22:33:00,95.4,95.4,95.4,95.4,137344.31,,80.0,0
2025-10-24 22:36:00,95.25,95.25,95.25,95.25,137168.47999999998,,80.0,0
2025-10-24 22:39:00,95.65,95.65,95.65,95.65,137754.58500000002,,80.0,0
2025-10-24 22:42:00,95.35,95.35,95.35,95.35,137285.7,,80.0,0
2025-10-24 22:45:00,95.35,95.35,95.35,95.35,137285.7,,80.0,0
2025-10-24 22:48:00,95.45,95.45,95.45,95.45,137461.53,,80.0,0
2025-10-24 22:51:00,95.45,95.45,95.45,95.45,137461.53,,80.0,0
2025-10-24 22:54:00,95.6,95.6,95.6,95.6,137695.97,,80.0,0
2025-10-24 22:57:00,95.4,95.4,95.4,95.4,137402.91999999998,,80.0,0
2025-10-24 23:00:00,95.35,95.35,95.35,95.35,137285.7,,80.0,0
2025-10-24 23:03:00,95.3,95.3,95.3,95.3,137227.09,,80.0,0
2025-10-24 23:06:00,95.4,95.4,95.4,95.4,137344.31,,80.0,0
2025-10-24 23:09:00,95.35,95.35,95.35,95.35,137285.7,,80.0,0
2025-10-24 23:12:00,95.4,95.4,95.4,93.7,134941.305,,80.0,0
2025-10-24 23:15:00,95.4,95.4,95.4,94.6,136172.13,,80.0,0
2025-10-24 23:18:00,95.5,95.5,95.5,95.5,137578.75,,80.0,0
2025-10-24 23:21:00,95.6,95.6,95.6,95.6,137695.97,,80.0,0
2025-10-24 23:24:00,95.5,95.5,95.5,95.5,137520.14,,80.0,0
2025-10-24 23:27:00,95.69999999999999,95.69999999999999,95.69999999999999,95.69999999999999,137813.2,,80.0,0
2025-10-24 23:30:00,95.5,95.5,95.5,95.5,137578.75,,80.0,0
2025-10-24 23:33:00,95.3,95.3,95.3,95.3,137227.09,,80.0,0
2025-10-24 23:36:00,95.4,95.4,95.4,95.4,137344.31,,80.0,0
2025-10-24 23:39:00,95.30000000000001,95.30000000000001,95.30000000000001,95.30000000000001,137227.09,,80.0,0
2025-10-24 23:42:00,95.3,95.3,95.3,95.3,137227.09,,80.0,0
2025-10-24 23:45:00,95.25,95.25,95.25,95.25,137168.475,,80.0,0
2025-10-24 23:48:00,95.4,95.4,95.4,95.4,137344.31,,80.0,0
2025-10-24 23:51:00,95.45,95.45,95.45,95.45,137461.53,,80.0,0
2025-10-24 23:54:00,95.45,95.45,95.45,95.45,137461.53,,80.0,0
2025-10-24 23:57:00,95.25,95.25,95.25,95.25,137168.47999999998,,80.0,0
2025-10-25 00:00:00,95.5,95.5,95.5,95.5,137461.53,,80.0,0
2025-10-25 00:03:00,95.45,95.45,95.45,95.45,137461.53,,80.0,0
2025-10-25 00:06:00,95.4,95.4,95.4,95.4,137344.31,,80.0,0
2025-10-25 00:09:00,95.4,95.4,95.4,95.1,136992.64500000002,,80.0,0
2025-10-25 00:12:00,95.25,95.25,95.25,95.25,137168.475,,80.0,0
2025-10-25 00:15:00,95.4,95.4,95.4,95.4,137344.31,,80.0,0
2025-10-25 00:18:00,95.45,95.45,95.45,95.45,137402.91999999998,,80.0,0
2025-10-25 00:21:00,95.4,95.4,95.4,95.4,137344.31,,80.0,0
2025-10-25 00:24:00,95.45,95.45,95.45,95.45,137402.91999999998,,80.0,0
2025-10-25 00:27:00,95.4,95.4,95.4,94.9,136641.0,,80.0,0
2025-10-25 00:30:00,95.4,95.4,95.4,95.05,136875.42,,80.0,0
2025-10-25 00:33:00,95.2,95.2,95.2,95.2,137109.865,,80.0,0
2025-10-25 00:36:00,95.5,95.5,95.5,95.5,137461.53,,80.0,0
2025-10-25 00:39:00,95.5,95.5,95.5,95.5,137578.75,,80.0,0
2025-10-25 00:42:00,95.4,95.4,95.4,95.4,137402.91999999998,,80.0,0
2025-10-25 00:45:00,95.4,95.4,95.4,95.4,137344.31,,80.0,0
2025-10-25 00:48:00,95.5,95.5,95.5,95.5,137520.14,,80.0,0
2025-10-25 00:51:00,95.4,95.4,95.4,95.4,137344.31,,80.0,0
2025-10-25 00:54:00,95.4,95.4,95.4,95.4,137344.31,,80.0,0
2025-10-25 00:57:00,95.4,95.4,95.4,95.3,137227.09,,80.0,0
2025-10-25 01:00:00,95.4,95.4,95.4,95.30000000000001,137227.09,,80.0,0
2025-10-25 01:03:00,95.4,95.4,95.4,95.4,137344.31,,80.0,0
2025-10-25 01:06:00,95.4,95.4,95.4,95.4,137344.31,,80.0,0
2025-10-25 01:09:00,95.45,95.45,95.45,95.45,137461.53,,80.0,0
2025-10-25 01:12:00,95.35,95.35,95.35,95.35,137285.7,,80.0,0
2025-10-25 01:15:00,95.5,95.5,95.5,95.5,137578.75,,80.0,0
2025-10-25 01:18:00,95.30000000000001,95.30000000000001,95.30000000000001,95.30000000000001,137227.09,,80.0,0
2025-10-25 01:21:00,95.3,95.3,95.3,95.3,137227.09,,80.0,0
2025-10-25 01:24:00,95.0,95.0,95.0,95.0,136875.42,,80.0,0
2025-10-25 01:27:00,95.5,95.5,95.5,95.5,137578.75,,80.0,0
2025-10-25 01:30:00,95.25,95.25,95.25,95.25,137168.47999999998,,80.0,0
2025-10-25 01:33:00,95.5,95.5,95.5,95.5,137520.14,,80.0,0
2025-10-25 01:36:00,95.4,95.4,95.4,95.4,137344.31,,80.0,0
2025-10-25 01:39:00,95.15,95.15,95.15,95.15,137051.255,,80.0,0
2025-10-25 01:42:00,95.5,95.5,95.5,95.5,137520.14,,80.0,0
2025-10-25 01:45:00,95.55,95.55,95.55,95.55,137578.755,,80.0,0
2025-10-25 01:48:00,95.4,95.4,95.4,95.4,137344.31,,80.0,0
2025-10-25 01:51:00,95.05,95.05,95.05,95.05,136934.03000000003,,80.0,0
2025-10-25 01:54:00,95.25,95.25,95.25,95.25,137168.47999999998,,80.0,0
2025-10-25 01:57:00,95.55,95.55,95.55,95.55,137637.365,,80.0,0
2025-10-25 02:00:00,95.5,95.5,95.5,95.5,137461.53,,80.0,0
2025-10-25 02:03:00,95.15,95.15,95.15,95.15,136992.64500000002,,80.0,0
2025-10-25 02:06:00,95.30000000000001,95.30000000000001,95.30000000000001,95.30000000000001,137227.09,,80.0,0
2025-10-25 02:09:00,95.5,95.5,95.5,95.5,137461.53,,80.0,0
2025-10-25 02:12:00,95.4,95.4,95.4,95.4,137344.31,,80.0,0
2025-10-25 02:15:00,95.4,95.4,95.4,95.4,137344.31,,80.0,0
2025-10-25 02:18:00,95.3,95.3,95.3,95.3,137227.09,,80.0,0
2025-10-25 02:21:00,95.2,95.2,95.2,95.2,137109.87,,80.0,0
2025-10-25 02:24:00,95.6,95.6,95.6,95.6,137695.97,,80.0,0
2025-10-25 02:27:00,95.4,95.4,95.4,95.4,137344.31,,80.0,0
2025-10-25 02:30:00,95.25,95.25,95.25,95.25,137168.47999999998,,80.0,0
2025-10-25 02:33:00,95.5,95.5,95.5,95.5,137520.14,,80.0,0
2025-10-25 02:36:00,95.5,95.5,95.5,95.5,137578.75,,80.0,0
2025-10-25 02:39:00,95.35,95.35,95.35,95.35,137285.7,,80.0,0
2025-10-25 02:42:00,95.45,95.45,95.45,95.45,137461.53,,80.0,0
2025-10-25 02:45:00,95.30000000000001,95.30000000000001,95.30000000000001,95.30000000000001,137227.09,,80.0,0
2025-10-25 02:48:00,95.35,95.35,95.35,95.35,137285.7,,80.0,0
2025-10-25 02:51:00,95.3,95.3,95.3,95.3,137227.09,,80.0,0
2025-10-25 02:54:00,95.2,95.2,95.2,95.2,137109.87,,80.0,0
2025-10-25 02:57:00,95.25,95.25,95.25,95.25,137168.47999999998,,80.0,0
2025-10-25 03:00:00,95.15,95.15,95.15,95.15,137051.255,,80.0,0
2025-10-25 03:03:00,95.1,95.1,95.1,95.1,136992.64500000002,,80.0,0
2025-10-25 03:06:00,95.30000000000001,95.30000000000001,95.30000000000001,95.30000000000001,137227.09,,80.0,0
2025-10-25 03:09:00,95.1,95.1,95.1,95.1,136934.035,,80.0,0
2025-10-25 03:12:00,95.25,95.25,95.25,95.25,137168.47999999998,,80.0,0
2025-10-25 03:15:00,95.15,95.15,95.15,95.15,137051.255,,80.0,0
2025-10-25 03:18:00,95.15,95.15,95.15,95.4,137344.31,,80.0,0
2025-10-25 03:21:00,95.0,95.0,95.0,95.0,136816.82,,80.0,0
2025-10-25 03:24:00,95.15,95.15,95.15,95.15,137051.255,,80.0,0
2025-10-25 03:27:00,95.1,95.1,95.1,95.1,136992.64500000002,,80.0,0
2025-10-25 03:30:00,95.2,95.2,95.2,95.2,137109.87,,80.0,0
2025-10-25 03:33:00,95.2,95.2,95.2,95.2,137109.87,,80.0,0
2025-10-25 03:36:00,95.15,95.15,95.15,95.15,137051.255,,80.0,0
2025-10-25 03:39:00,95.35,95.35,95.35,95.35,137285.7,,80.0,0
2025-10-25 03:42:00,95.15,95.15,95.15,95.15,137051.255,,80.0,0
2025-10-25 03:45:00,95.15,95.15,95.15,93.9,135234.36,,80.0,0
2025-10-25 03:48:00,95.15,95.15,95.15,94.05000000000001,135410.185,,80.0,0
2025-10-25 03:51:00,95.15,95.15,95.15,95.15,136992.64500000002,,80.0,0
2025-10-25 03:54:00,95.15,95.15,95.15,95.15,137051.255,,80.0,0
2025-10-25 03:57:00,95.3,95.3,95.3,95.3,137227.08500000002,,80.0,0
2025-10-25 04:00:00,95.3,95.3,95.3,95.3,137227.09,,80.0,0
2025-10-25 04:03:00,95.35,95.35,95.35,95.35,137285.7,,80.0,0
2025-10-25 04:06:00,95.19999999999999,95.19999999999999,95.19999999999999,95.19999999999999,137109.865,,80.0,0
2025-10-25 04:09:00,95.2,95.2,95.2,95.2,137109.87,,80.0,0
2025-10-25 04:12:00,95.3,95.3,95.3,95.3,137227.09,,80.0,0
2025-10-25 04:15:00,95.2,95.2,95.2,95.2,137109.87,,80.0,0
2025-10-25 04:18:00,95.30000000000001,95.30000000000001,95.30000000000001,95.30000000000001,137227.09,,80.0,0
2025-10-25 04:21:00,95.30000000000001,95.30000000000001,95.30000000000001,95.30000000000001,137227.09,,80.0,0
2025-10-25 04:24:00,94.8,94.8,94.8,94.8,136523.77500000002,,80.0,0
2025-10-25 04:27:00,95.15,95.15,95.15,95.15,137051.255,,80.0,0
2025-10-25 04:30:00,95.1,95.1,95.1,95.1,136992.64,,80.0,0
2025-10-25 04:33:00,95.30000000000001,95.30000000000001,95.30000000000001,95.30000000000001,137227.09,,80.0,0
2025-10-25 04:36:00,95.05,95.05,95.05,95.05,136934.03000000003,,80.0,0
2025-10-25 04:39:00,94.8,94.8,94.8,94.8,136523.77500000002,,80.0,0
2025-10-25 04:42:00,95.35,95.35,95.35,95.35,137344.31,,80.0,0
2025-10-25 04:45:00,95.19999999999999,95.19999999999999,95.19999999999999,95.19999999999999,137109.865,,80.0,0
2025-10-25 04:48:00,95.0,95.0,95.0,95.0,136816.81,,80.0,0
2025-10-25 04:51:00,95.2,95.2,95.2,95.2,137109.87,,80.0,0
2025-10-25 04:54:00,95.30000000000001,95.30000000000001,95.30000000000001,95.30000000000001,137227.09,,80.0,0
2025-10-25 04:57:00,95.0,95.0,95.0,95.0,136875.42,,80.0,0
2025-10-25 05:00:00,95.15,95.15,95.15,95.15,137051.255,,80.0,0
2025-10-25 05:03:00,95.3,95.3,95.3,95.3,137227.09,,80.0,0
2025-10-25 05:06:00,95.25,95.25,95.25,95.25,137168.47999999998,,80.0,0
2025-10-25 05:09:00,95.2,95.2,95.2,95.85,138047.63,,80.0,0
2025-10-25 05:12:00,95.15,95.15,95.15,94.25,135761.84499999997,,80.0,0
2025-10-25 05:15:00,95.2,95.2,95.2,95.2,137109.87,,80.0,0
2025-10-25 05:18:00,95.2,95.2,95.2,95.2,137109.865,,80.0,0
2025-10-25 05:21:00,95.0,95.0,95.0,95.0,136875.42,,80.0,0
2025-10-25 05:24:00,95.1,95.1,95.1,95.1,136934.035,,80.0,0
2025-10-25 05:27:00,95.15,95.15,95.15,95.15,137051.255,,80.0,0
2025-10-25 05:30:00,94.95,94.95,94.95,94.95,136758.2,,80.0,0
2025-10-25 05:33:00,95.2,95.2,95.2,95.2,137109.865,,80.0,0
2025-10-25 05:36:00,95.1,95.1,95.1,95.1,136992.64500000002,,80.0,0
2025-10-25 05:39:00,95.25,95.25,95.25,95.25,137168.47999999998,,80.0,0
2025-10-25 05:42:00,95.2,95.2,95.2,95.2,137109.87,,80.0,0
2025-10-25 05:45:00,95.0,95.0,95.0,95.0,136758.2,,80.0,0
2025-10-25 05:48:00,95.15,95.15,95.15,95.15,137051.255,,80.0,0
2025-10-25 05:51:00,95.1,95.1,95.1,95.1,136992.64500000002,,80.0,0
2025-10-25 05:54:00,95.2,95.2,95.2,95.2,137109.87,,80.0,0
2025-10-25 05:57:00,95.3,95.3,95.3,95.3,137227.08500000002,,80.0,0
2025-10-25 06:00:00,95.25,95.25,95.25,95.25,137168.47999999998,,80.0,0
2025-10-25 06:03:00,95.1,95.1,95.1,95.1,136992.64500000002,,80.0,0
2025-10-25 06:06:00,95.2,95.2,95.2,95.2,137109.87,,80.0,0
2025-10-25 06:09:00,95.25,95.25,95.25,95.25,137168.47999999998,,80.0,0
2025-10-25 06:12:00,95.3,95.3,95.3,95.3,137227.09,,80.0,0
2025-10-25 06:15:00,95.05,95.05,95.05,95.05,136934.03000000003,,80.0,0
2025-10-25 06:18:00,95.15,95.15,95.15,95.15,137051.255,,80.0,0
2025-10-25 06:21:00,94.75,94.75,94.75,94.75,136465.165,,80.0,0
2025-10-25 06:24:00,95.1,95.1,95.1,95.1,136992.64500000002,,80.0,0
2025-10-25 06:27:00,95.0,95.0,95.0,95.0,136875.42,,80.0,0
2025-10-25 06:30:00,95.0,95.0,95.0,95.0,136816.81,,80.0,0
2025-10-25 06:33:00,95.2,95.2,95.2,95.2,137109.87,,80.0,0
2025-10-25 06:36:00,94.85,94.85,94.85,94.85,136582.385,,80.0,0
2025-10-25 06:39:00,95.1,95.1,95.1,95.1,136992.64500000002,,80.0,0
2025-10-25 06:42:00,95.19999999999999,95.19999999999999,95.19999999999999,95.19999999999999,137109.865,,80.0,0
2025-10-25 06:45:00,95.25,95.25,95.25,95.25,137168.47999999998,,80.0,0
2025-10-25 06:48:00,95.2,95.2,95.2,95.2,137109.87,,80.0,0
2025-10-25 06:51:00,95.0,95.0,95.0,95.0,136875.42,,80.0,0
2025-10-25 06:54:00,95.0,95.0,95.0,95.0,136875.42,,80.0,0
2025-10-25 06:57:00,95.0,95.0,95.0,95.0,136816.81,,80.0,0
2025-10-25 07:00:00,94.65,94.65,94.65,94.65,136347.945,,80.0,0
2025-10-25 07:03:00,95.0,95.0,95.0,94.5,136054.91,,80.0,0
2025-10-25 07:06:00,95.1,95.1,95.1,95.1,136992.64500000002,,80.0,0
2025-10-25 07:09:00,95.15,95.15,95.15,95.15,137051.255,,80.0,0
2025-10-25 07:12:00,95.25,95.25,95.25,95.25,137168.47999999998,,80.0,0
2025-10-25 07:15:00,95.0,95.0,95.0,95.0,136875.42,,80.0,0
2025-10-25 07:18:00,95.25,95.25,95.25,95.25,137168.47999999998,,80.0,0
2025-10-25 07:21:00,95.05,95.05,95.05,95.05,136934.03000000003,,80.0,0
2025-10-25 07:24:00,95.25,95.25,95.25,95.25,137168.47999999998,,80.0,0
2025-10-25 07:27:00,95.15,95.15,95.15,95.15,137051.255,,80.0,0
2025-10-25 07:30:00,95.25,95.25,95.25,95.25,137168.47999999998,,80.0,0
2025-10-25 07:33:00,94.9,94.9,94.9,94.9,136641.0,,80.0,0
2025-10-25 07:36:00,95.0,95.0,95.0,95.0,136875.42,,80.0,0
2025-10-25 07:39:00,95.15,95.15,95.15,95.15,137051.255,,80.0,0
2025-10-25 07:42:00,95.0,95.0,95.0,95.0,136816.81,,80.0,0
2025-10-25 07:45:00,95.0,95.0,95.0,95.0,136875.42,,80.0,0
2025-10-25 07:48:00,94.95,94.95,94.95,94.95,136699.59000000003,,80.0,0
2025-10-25 07:51:00,95.0,95.0,95.0,95.0,136875.42,,80.0,0
2025-10-25 07:54:00,95.05,95.05,95.05,95.05,136934.03000000003,,80.0,0
2025-10-25 07:57:00,95.2,95.2,95.2,95.2,137109.87,,80.0,0
2025-10-25 08:00:00,95.05,95.05,95.05,95.05,136934.03000000003,,80.0,0
2025-10-25 08:03:00,94.9,94.9,94.9,94.9,136640.98,,80.0,0
2025-10-25 08:06:00,95.0,95.0,95.0,91.9,132303.87,,80.0,0
2025-10-25 08:09:00,95.30000000000001,95.30000000000001,95.30000000000001,95.30000000000001,137227.09,,80.0,0
2025-10-25 08:12:00,94.9,94.9,94.9,94.9,136640.98,,80.0,0
2025-10-25 08:15:00,95.0,95.0,95.0,95.0,136816.81,,80.0,0
2025-10-25 08:18:00,94.65,94.65,94.65,94.65,136289.33500000002,,80.0,0
2025-10-25 08:21:00,95.0,95.0,95.0,95.0,136816.81,,80.0,0
2025-10-25 08:24:00,95.2,95.2,95.2,95.2,137109.87,,80.0,0
2025-10-25 08:27:00,95.0,95.0,95.0,95.0,136875.42,,80.0,0
2025-10-25 08:30:00,94.75,94.75,94.75,94.75,136406.555,,80.0,0
2025-10-25 08:33:00,95.0,95.0,95.0,95.0,136816.81,,80.0,0
2025-10-25 08:36:00,95.15,95.15,95.15,95.15,137051.255,,80.0,0
2025-10-25 08:39:00,94.7,94.7,94.7,94.7,136406.56,,80.0,0
2025-10-25 08:42:00,94.85,94.85,94.85,94.85,136582.375,,80.0,0
2025-10-25 08:45:00,95.1,95.1,95.1,95.1,136934.035,,80.0,0
2025-10-25 08:48:00,94.6,94.6,94.6,94.6,136172.13,,80.0,0
2025-10-25 08:51:00,94.95,94.95,94.95,94.95,136699.59000000003,,80.0,0
2025-10-25 08:54:00,94.95,94.95,94.95,94.95,136699.59000000003,,80.0,0
2025-10-25 08:57:00,94.55,94.55,94.55,94.55,136113.52000000002,,80.0,0
2025-10-25 09:00:00,94.95,94.95,94.95,94.95,136758.2,,80.0,0
2025-10-25 09:03:00,94.8,94.8,94.8,94.8,136465.165,,80.0,0
2025-10-25 09:06:00,94.75,94.75,94.75,94.75,136406.555,,80.0,0
2025-10-25 09:09:00,94.6,94.6,94.6,94.6,136172.13,,80.0,0
2025-10-25 09:12:00,94.8,94.8,94.8,94.8,136465.165,,80.0,0
2025-10-25 09:15:00,94.95,94.95,94.95,94.95,136699.59000000003,,80.0,0
2025-10-25 09:18:00,95.0,95.0,95.0,95.0,136758.2,,80.0,0
2025-10-25 09:21:00,95.0,95.0,95.0,95.0,136875.42,,80.0,0
2025-10-25 09:24:00,94.6,94.6,94.6,94.6,136172.13,,80.0,0
2025-10-25 09:27:00,94.9,94.9,94.9,94.9,136640.98,,80.0,0
2025-10-25 09:30:00,94.6,94.6,94.6,94.6,136230.725,,80.0,0
2025-10-25 09:33:00,94.75,94.75,94.75,94.75,136406.555,,80.0,0
2025-10-25 09:36:00,94.95,94.95,94.95,94.95,136699.59000000003,,80.0,0
2025-10-25 09:39:00,94.75,94.75,94.75,94.75,136465.155,,80.0,0
2025-10-25 09:42:00,94.6,94.6,94.6,94.6,136230.72999999998,,80.0,0
2025-10-25 09:45:00,94.9,94.9,94.9,94.9,136640.98,,80.0,0
2025-10-25 09:48:00,94.8,94.8,94.8,94.8,136523.77500000002,,80.0,0
2025-10-25 09:51:00,95.0,95.0,95.0,95.0,136875.42,,80.0,0
2025-10-25 09:54:00,94.6,94.6,94.6,94.6,136172.13,,80.0,0
2025-10-25 09:57:00,94.7,94.7,94.7,94.7,136347.945,,80.0,0
2025-10-25 10:00:00,94.5,94.5,94.5,94.5,136113.51,,80.0,0
2025-10-25 10:03:00,94.95,94.95,94.95,94.95,136758.2,,80.0,0
2025-10-25 10:06:00,94.75,94.75,94.75,94.75,136406.555,,80.0,0
2025-10-25 10:09:00,94.4,94.4,94.4,94.4,135937.69,,80.0,0
2025-10-25 10:12:00,94.6,94.6,94.6,94.6,136289.33,,80.0,0
2025-10-25 10:15:00,94.6,94.6,94.6,94.6,136172.13,,80.0,0
2025-10-25 10:18:00,94.3,94.3,94.3,94.3,135820.47,,80.0,0
2025-10-25 10:21:00,94.25,94.25,94.25,94.25,135761.86,,80.0,0
2025-10-25 10:24:00,94.5,94.5,94.5,94.5,136054.91,,80.0,0
2025-10-25 10:27:00,95.1,95.1,95.1,95.1,136992.64500000002,,80.0,0
2025-10-25 10:30:00,94.5,94.5,94.5,94.5,136054.91,,80.0,0
2025-10-25 10:33:00,94.25,94.25,94.25,94.25,135703.245,,80.0,0
2025-10-25 10:36:00,94.5,94.5,94.5,94.5,136054.91,,80.0,0
2025-10-25 10:39:00,93.75,93.75,93.75,93.75,134999.91999999998,,80.0,0
2025-10-25 10:42:00,94.25,94.25,94.25,94.25,135761.86,,80.0,0
2025-10-25 10:45:00,94.2,94.2,94.2,94.2,135703.25,,80.0,0
2025-10-25 10:48:00,93.9,93.9,93.9,93.9,135234.36,,80.0,0
2025-10-25 10:51:00,94.0,94.0,94.0,94.0,135351.58,,80.0,0
2025-10-25 10:54:00,94.30000000000001,94.30000000000001,94.30000000000001,94.30000000000001,135820.47,,80.0,0
2025-10-25 10:57:00,94.3,94.3,94.3,94.3,135820.47,,80.0,0
2025-10-25 11:00:00,94.2,94.2,94.2,94.2,135644.635,,80.0,1
2025-10-25 11:03:00,94.25,94.25,94.25,94.25,135761.86,,80.0,1
2025-10-25 11:06:00,94.1,94.1,94.1,94.1,135527.41499999998,,80.0,1
2025-10-25 11:09:00,94.45,94.45,94.45,94.45,135996.3,,80.0,1
2025-10-25 11:12:00,94.19999999999999,94.19999999999999,94.19999999999999,94.19999999999999,135644.635,,80.0,1
2025-10-25 11:15:00,94.2,94.2,94.2,94.2,135703.25,,80.0,1
2025-10-25 11:18:00,94.15,94.15,94.15,94.15,135586.025,,80.0,1
2025-10-25 11:21:00,94.2,94.2,94.2,94.44999999999999,135996.3,,80.0,1
2025-10-25 11:24:00,94.35,94.35,94.35,94.35,135879.08000000002,,80.0,1
2025-10-25 11:27:00,94.19999999999999,94.19999999999999,94.19999999999999,94.19999999999999,135644.635,,80.0,1
2025-10-25 11:30:00,94.25,94.25,94.25,94.25,135761.86,,80.0,1
2025-10-25 11:33:00,94.2,94.2,94.2,94.2,135703.25,,80.0,1
2025-10-25 11:36:00,94.2,94.2,94.2,94.2,135703.25,,80.0,1
2025-10-25 11:39:00,94.25,94.25,94.25,94.25,135761.86,,80.0,1
2025-10-25 11:42:00,94.4,94.4,94.4,94.4,135937.69,,80.0,1
2025-10-25 11:45:00,94.25,94.25,94.25,93.9,135234.35499999998,,80.0,1
2025-10-25 11:48:00,94.5,94.5,94.5,94.5,136054.91,,80.0,1
2025-10-25 11:51:00,94.25,94.25,94.25,94.25,135761.86,,80.0,1
2025-10-25 11:54:00,94.5,94.5,94.5,94.5,136054.91,,80.0,1
2025-10-25 11:57:00,94.55,94.55,94.55,94.55,136113.52000000002,,80.0,1
2025-10-25 12:00:00,94.6,94.6,94.6,94.6,136172.13,,80.0,1
2025-10-25 12:03:00,94.5,94.5,94.5,94.5,136054.91,,80.0,1
2025-10-25 12:06:00,94.45,94.45,94.45,94.45,135996.3,,80.0,1
2025-10-25 12:09:00,94.6,94.6,94.6,94.6,136172.13,,80.0,1
2025-10-25 12:12:00,94.3,94.3,94.3,94.3,135761.85499999998,,80.0,1
2025-10-25 12:15:00,94.9,94.9,94.9,94.9,136640.98,,80.0,1
2025-10-25 12:18:00,94.9,94.9,94.9,94.25,135703.245,,80.0,1
2025-10-25 12:21:00,95.0,95.0,95.0,95.0,136816.81,,80.0,1
2025-10-25 12:24:00,95.15,95.15,95.15,95.15,137051.255,,80.0,1
2025-10-25 12:27:00,94.95,94.95,94.95,94.95,136699.59000000003,,80.0,1
2025-10-25 12:30:00,94.9,94.9,94.9,94.9,136640.98,,80.0,1
2025-10-25 12:33:00,95.0,95.0,95.0,95.0,136875.42,,80.0,1
2025-10-25 12:36:00,95.1,95.1,95.1,95.1,136992.64500000002,,80.0,1
2025-10-25 12:39:00,95.0,95.0,95.0,95.0,136875.42,,80.0,1
2025-10-25 12:42:00,94.7,94.7,94.7,94.7,136347.945,,80.0,1
2025-10-25 12:45:00,94.5,94.5,94.5,94.5,136054.91,,80.0,1
2025-10-25 12:48:00,94.8,94.8,94.8,94.8,136523.77,,80.0,1
2025-10-25 12:51:00,94.5,94.5,94.5,94.5,136113.51,,80.0,1
2025-10-25 12:54:00,94.75,94.75,94.75,94.75,136406.555,,80.0,1
2025-10-25 12:57:00,94.8,94.8,94.8,94.8,136523.77500000002,,80.0,1
2025-10-25 13:00:00,95.05,95.05,95.05,95.5,137461.53,,80.0,1
2025-10-25 13:03:00,95.05,95.05,95.05,95.05,136934.03000000003,,80.0,1
2025-10-25 13:06:00,95.5,95.5,95.5,95.5,137461.53,,80.0,1
2025-10-25 13:09:00,95.30000000000001,95.30000000000001,95.30000000000001,95.30000000000001,137227.09,,80.0,1
2025-10-25 13:12:00,95.2,95.2,95.2,95.2,137109.87,,80.0,1
2025-10-25 13:15:00,95.45,95.45,95.45,95.45,137402.91999999998,,80.0,1
2025-10-25 13:18:00,95.45,95.45,95.45,95.45,137402.91999999998,,80.0,1
2025-10-25 13:21:00,95.45,95.45,95.45,95.05,136934.03000000003,,80.0,1
2025-10-25 13:24:00,95.30000000000001,95.30000000000001,95.30000000000001,95.30000000000001,137227.09,,80.0,1
2025-10-25 13:27:00,95.4,95.4,95.4,95.4,137344.31,,80.0,1
2025-10-25 13:30:00,95.5,95.5,95.5,95.5,137520.14,,80.0,1
2025-10-25 13:33:00,95.45,95.45,95.45,95.45,137461.53,,80.0,1
2025-10-25 13:36:00,95.45,95.45,95.45,95.45,137461.53,,80.0,1
2025-10-25 13:39:00,95.6,95.6,95.6,95.6,137695.97,,80.0,1
2025-10-25 13:42:00,95.45,95.45,95.45,95.0,136875.42,,80.0,1
2025-10-25 13:45:00,95.4,95.4,95.4,95.4,137402.91999999998,,80.0,1
2025-10-25 13:48:00,95.6,95.6,95.6,95.6,137695.97,,80.0,1
2025-10-25 13:51:00,95.65,95.65,95.65,95.65,137754.58500000002,,80.0,1
2025-10-25 13:54:00,95.45,95.45,95.45,95.45,137461.53,,80.0,1
2025-10-25 13:57:00,95.45,95.45,95.45,95.45,137461.53,,80.0,1
2025-10-25 14:00:00,95.8,95.8,95.8,95.8,137930.42,,80.0,0
2025-10-25 14:03:00,95.4,95.4,95.4,95.4,137344.31,,80.0,0
2025-10-25 14:06:00,95.55,95.55,95.55,95.55,137578.755,,80.0,0
2025-10-25 14:09:00,95.6,95.6,95.6,95.6,137695.97,,80.0,0
2025-10-25 14:12:00,95.6,95.6,95.6,95.6,137695.97,,80.0,0
2025-10-25 14:15:00,95.65,95.65,95.65,95.65,137754.58500000002,,80.0,0
2025-10-25 14:18:00,95.4,95.4,95.4,95.4,137344.31,,80.0,0
2025-10-25 14:21:00,95.6,95.6,95.6,95.6,137695.97,,80.0,0
2025-10-25 14:24:00,95.45,95.45,95.45,95.1,136992.64,,80.0,0
2025-10-25 14:27:00,95.35,95.35,95.35,95.35,137285.7,,80.0,0
2025-10-25 14:30:00,95.30000000000001,95.30000000000001,95.30000000000001,95.30000000000001,137227.09,,80.0,0
2025-10-25 14:33:00,95.45,95.45,95.45,95.45,137402.91999999998,,80.0,0
2025-10-25 14:36:00,95.45,95.45,95.45,95.45,137461.53,,80.0,0
2025-10-25 14:39:00,95.35,95.35,95.35,95.35,137285.7,,80.0,0
2025-10-25 14:42:00,94.95,94.95,94.95,94.95,136699.61,,80.0,0
2025-10-25 14:45:00,95.35,95.35,95.35,95.35,137285.7,,80.0,0
2025-10-25 14:48:00,95.35,95.35,95.35,95.35,137285.7,,80.0,0
2025-10-25 14:51:00,95.19999999999999,95.19999999999999,95.19999999999999,95.19999999999999,137109.865,,80.0,0
2025-10-25 14:54:00,95.15,95.15,95.15,95.15,137051.255,,80.0,0
2025-10-25 14:57:00,95.30000000000001,95.30000000000001,95.30000000000001,95.30000000000001,137227.09,,80.0,0
2025-10-25 15:00:00,95.2,95.2,95.2,95.2,137109.87,,80.0,0
2025-10-25 15:03:00,95.25,95.25,95.25,95.25,137168.47999999998,,80.0,0
2025-10-25 15:06:00,95.3,95.3,95.3,95.3,137227.09,,80.0,0
2025-10-25 15:09:00,95.1,95.1,95.1,95.1,136992.64500000002,,80.0,0
2025-10-25 15:12:00,95.19999999999999,95.19999999999999,95.19999999999999,95.19999999999999,137109.865,,80.0,0
2025-10-25 15:15:00,95.2,95.2,95.2,95.5,137578.75,,80.0,0
2025-10-25 15:18:00,95.30000000000001,95.30000000000001,95.30000000000001,95.30000000000001,137227.09,,80.0,0
2025-10-25 15:21:00,94.80000000000001,94.80000000000001,94.80000000000001,94.80000000000001,136523.78,,80.0,0
2025-10-25 15:24:00,95.30000000000001,95.30000000000001,95.30000000000001,95.30000000000001,137227.09,,80.0,0
2025-10-25 15:27:00,95.2,95.2,95.2,95.2,137109.87,,80.0,0
2025-10-25 15:30:00,95.2,95.2,95.2,95.2,137109.87,,80.0,0
2025-10-25 15:33:00,95.4,95.4,95.4,95.4,137344.31,,80.0,0
2025-10-25 15:36:00,95.1,95.1,95.1,95.1,136992.64500000002,,80.0,0
2025-10-25 15:39:00,95.30000000000001,95.30000000000001,95.30000000000001,95.30000000000001,137227.09,,80.0,0
2025-10-25 15:42:00,95.25,95.25,95.25,95.25,137168.47999999998,,80.0,0
2025-10-25 15:45:00,95.1,95.1,95.1,95.1,136934.035,,80.0,0
2025-10-25 15:48:00,95.3,95.3,95.3,95.3,137227.09,,80.0,0
2025-10-25 15:51:00,95.45,95.45,95.45,95.45,137461.53,,80.0,0
2025-10-25 15:54:00,95.2,95.2,95.2,95.2,137109.87,,80.0,0
2025-10-25 15:57:00,95.1,95.1,95.1,95.1,136992.64500000002,,80.0,0
2025-10-25 16:00:00,95.25,95.25,95.25,95.25,137168.47999999998,,80.0,0
2025-10-25 16:03:00,95.1,95.1,95.1,95.1,136992.64,,80.0,0
2025-10-25 16:06:00,95.25,95.25,95.25,95.25,137168.47999999998,,80.0,0
2025-10-25 16:09:00,95.25,95.25,95.25,95.25,137168.47999999998,,80.0,0
2025-10-25 16:12:00,95.15,95.15,95.15,95.15,137051.255,,80.0,0
2025-10-25 16:15:00,95.25,95.25,95.25,95.25,137168.47999999998,,80.0,0
2025-10-25 16:18:00,95.0,95.0,95.0,95.0,136875.42,,80.0,0
2025-10-25 16:21:00,95.1,95.1,95.1,95.1,136934.035,,80.0,0
2025-10-25 16:24:00,95.1,95.1,95.1,94.8,136523.77500000002,,80.0,0
2025-10-25 16:27:00,95.05,95.05,95.05,95.05,136934.03000000003,,80.0,0
2025-10-25 16:30:00,95.1,95.1,95.1,95.1,136992.64500000002,,80.0,0
2025-10-25 16:33:00,95.1,95.1,95.1,95.1,136992.64,,80.0,0
2025-10-25 16:36:00,95.0,95.0,95.0,95.0,136816.81,,80.0,0
2025-10-25 16:39:00,95.15,95.15,95.15,95.15,137051.255,,80.0,0
2025-10-25 16:42:00,95.15,95.15,95.15,95.15,137051.255,,80.0,0
2025-10-25 16:45:00,95.2,95.2,95.2,95.2,137109.87,,80.0,0
2025-10-25 16:48:00,95.1,95.1,95.1,95.1,136992.64,,80.0,0
2025-10-25 16:51:00,94.9,94.9,94.9,94.9,136641.0,,80.0,0
2025-10-25 16:54:00,95.3,95.3,95.3,95.3,137227.09,,80.0,0
2025-10-25 16:57:00,94.95,94.95,94.95,94.95,136758.2,,80.0,0
2025-10-25 17:00:00,94.75,94.75,94.75,94.75,136406.555,,80.0,0
2025-10-25 17:03:00,94.7,94.7,94.7,94.7,136347.945,,80.0,0
2025-10-25 17:06:00,95.0,95.0,95.0,95.0,136875.42,,80.0,0
2025-10-25 17:09:00,95.2,95.2,95.2,95.2,137109.87,,80.0,0
2025-10-25 17:12:00,95.1,95.1,95.1,95.1,136992.64,,80.0,0
2025-10-25 17:15:00,95.2,95.2,95.2,95.2,137109.87,,80.0,0
2025-10-25 17:18:00,95.4,95.4,95.4,95.4,137344.31,,80.0,0
2025-10-25 17:21:00,95.05,95.05,95.05,95.05,136934.03000000003,,80.0,0
2025-10-25 17:24:00,95.15,95.15,95.15,95.15,137051.255,,80.0,0
2025-10-25 17:27:00,95.0,95.0,95.0,95.0,136816.81,,80.0,0
2025-10-25 17:30:00,95.0,95.0,95.0,95.0,136875.42,,80.0,0
2025-10-25 17:33:00,95.1,95.1,95.1,95.1,136992.64500000002,,80.0,0
2025-10-25 17:36:00,95.05,95.05,95.05,94.5,136054.89,,80.0,0
2025-10-25 17:39:00,95.1,95.1,95.1,95.1,136992.64500000002,,80.0,0
2025-10-25 17:42:00,95.0,95.0,95.0,95.0,136875.42,,80.0,0
2025-10-25 17:45:00,95.1,95.1,95.1,95.1,136992.64500000002,,80.0,0
2025-10-25 17:48:00,95.0,95.0,95.0,95.0,136816.81,,80.0,0
2025-10-25 17:51:00,95.1,95.1,95.1,95.1,136992.64,,80.0,0
2025-10-25 17:54:00,95.1,95.1,95.1,95.1,136992.64500000002,,80.0,0
2025-10-25 17:57:00,95.15,95.15,95.15,95.15,137051.255,,80.0,0
2025-10-25 18:00:00,94.85,94.85,94.85,94.85,136582.385,,80.0,0
2025-10-25 18:03:00,95.05,95.05,95.05,95.05,136934.03000000003,,80.0,0
2025-10-25 18:06:00,95.0,95.0,95.0,95.0,136816.81,,80.0,0
2025-10-25 18:09:00,94.95,94.95,94.95,94.95,136758.2,,80.0,0
2025-10-25 18:12:00,95.0,95.0,95.0,95.0,136816.81,,80.0,0
2025-10-25 18:15:00,94.8,94.8,94.8,94.8,136582.375,,80.0,0
2025-10-25 18:18:00,95.05,95.05,95.05,95.05,136934.03000000003,,80.0,0
2025-10-25 18:21:00,95.1,95.1,95.1,95.1,136992.64500000002,,80.0,0
2025-10-25 18:24:00,95.2,95.2,95.2,95.2,137109.87,,80.0,0
2025-10-25 18:27:00,95.0,95.0,95.0,95.0,136816.81,,80.0,0
2025-10-25 18:30:00,94.9,94.9,94.9,94.9,136699.59999999998,,80.0,0
2025-10-25 18:33:00,94.6,94.6,94.6,94.6,136172.13,,80.0,0
2025-10-25 18:36:00,95.1,95.1,95.1,95.1,136992.64500000002,,80.0,0
2025-10-25 18:39:00,95.0,95.0,95.0,95.0,136875.42,,80.0,0
2025-10-25 18:42:00,95.15,95.15,95.15,95.15,137051.255,,80.0,0
2025-10-25 18:45:00,94.95,94.95,94.95,94.95,136758.2,,80.0,0
2025-10-25 18:48:00,94.8,94.8,94.8,94.8,136523.77500000002,,80.0,0
2025-10-25 18:51:00,94.75,94.75,94.75,94.75,136406.555,,80.0,0
2025-10-25 18:54:00,95.15,95.15,95.15,95.15,137051.255,,80.0,0
2025-10-25 18:57:00,95.05,95.05,95.05,95.05,136934.03000000003,,80.0,0
2025-10-25 19:00:00,95.25,95.25,95.25,95.25,137168.47999999998,,80.0,0
2025-10-25 19:03:00,95.0,95.0,95.0,95.0,136875.42,,80.0,0
2025-10-25 19:06:00,95.1,95.1,95.1,95.1,136992.64,,80.0,0
2025-10-25 19:09:00,95.1,95.1,95.1,95.1,136934.035,,80.0,0
2025-10-25 19:12:00,94.95,94.95,94.95,94.95,136699.59000000003,,80.0,0
2025-10-25 19:15:00,95.2,95.2,95.2,95.2,137109.87,,80.0,0
2025-10-25 19:18:00,94.95,94.95,94.95,94.95,136758.2,,80.0,0
2025-10-25 19:21:00,94.8,94.8,94.8,94.8,136465.165,,80.0,0
2025-10-25 19:24:00,95.15,95.15,95.15,95.15,137051.255,,80.0,0
2025-10-25 19:27:00,95.1,95.1,95.1,95.1,136992.64,,80.0,0
2025-10-25 19:30:00,94.95,94.95,94.95,94.95,136758.2,,80.0,0
2025-10-25 19:33:00,94.95,94.95,94.95,94.95,136758.2,,80.0,0
2025-10-25 19:36:00,95.0,95.0,95.0,94.8,136523.765,,80.0,0
2025-10-25 19:39:00,95.0,95.0,95.0,95.0,136816.81,,80.0,0
2025-10-25 19:42:00,95.0,95.0,95.0,95.0,136875.42,,80.0,0
2025-10-25 19:45:00,95.0,95.0,95.0,94.9,136640.98,,80.0,0
2025-10-25 19:48:00,95.0,95.0,95.0,95.0,136875.42,,80.0,0
2025-10-25 19:51:00,95.0,95.0,95.0,95.0,136816.81,,80.0,0
2025-10-25 19:54:00,95.0,95.0,95.0,95.0,136816.81,,80.0,0
2025-10-25 19:57:00,95.0,95.0,95.0,95.0,136816.81,,80.0,0
2025-10-25 20:00:00,95.0,95.0,95.0,95.2,137109.865,,80.0,0
2025-10-25 20:03:00,95.0,95.0,95.0,95.0,136758.2,,80.0,0
2025-10-25 20:06:00,95.0,95.0,95.0,94.45,136054.89,,80.0,0
2025-10-25 20:09:00,95.0,95.0,95.0,95.0,136816.81,,80.0,0
2025-10-25 20:12:00,95.0,95.0,95.0,95.0,136875.42,,80.0,0
2025-10-25 20:15:00,95.0,95.0,95.0,95.2,137109.87,,80.0,0
2025-10-25 20:18:00,95.0,95.0,95.0,95.05,136934.03000000003,,80.0,0
2025-10-25 20:21:00,95.0,95.0,95.0,95.0,136816.81,,80.0,0
2025-10-25 20:24:00,95.0,95.0,95.0,95.0,136875.42,,80.0,0
2025-10-25 20:27:00,95.0,95.0,95.0,95.0,136875.42,,80.0,0
2025-10-25 20:30:00,95.0,95.0,95.0,95.0,136816.81,,80.0,0
2025-10-25 20:33:00,95.0,95.0,95.0,94.8,136582.375,,80.0,0
2025-10-25 20:36:00,95.0,95.0,95.0,95.05000000000001,136875.425,,80.0,0
2025-10-25 20:39:00,95.0,95.0,95.0,95.0,136816.81,,80.0,0
2025-10-25 20:42:00,95.0,95.0,95.0,95.0,136875.42,,80.0,0
2025-10-25 20:45:00,95.05,95.05,95.05,95.05,136875.42,,80.0,0
2025-10-25 20:48:00,94.95,94.95,94.95,94.95,136758.2,,80.0,0
2025-10-25 20:51:00,95.0,95.0,95.0,95.0,136875.42,,80.0,0
2025-10-25 20:54:00,94.95,94.95,94.95,94.95,136758.2,,80.0,0
2025-10-25 20:57:00,95.0,95.0,95.0,95.0,136875.42,,80.0,0
2025-10-25 21:00:00,94.75,94.75,94.75,94.75,136465.155,,80.0,0
2025-10-25 21:03:00,94.95,94.95,94.95,94.95,136758.2,,80.0,0
2025-10-25 21:06:00,95.0,95.0,95.0,95.0,136875.42,,80.0,0
2025-10-25 21:09:00,94.95,94.95,94.95,94.95,136699.59000000003,,80.0,0
2025-10-25 21:12:00,94.95,94.95,94.95,94.65,136289.33500000002,,80.0,0
2025-10-25 21:15:00,94.8,94.8,94.8,94.8,136523.77500000002,,80.0,0
2025-10-25 21:18:00,95.0,95.0,95.0,95.0,136875.42,,80.0,0
2025-10-25 21:21:00,95.0,95.0,95.0,95.0,136758.2,,80.0,0
2025-10-25 21:24:00,94.9,94.9,94.9,94.9,136699.595,,80.0,0
2025-10-25 21:27:00,94.95,94.95,94.95,94.95,136758.2,,80.0,0
2025-10-25 21:30:00,94.95,94.95,94.95,94.95,136699.59000000003,,80.0,0
2025-10-25 21:33:00,94.75,94.75,94.75,94.75,136406.555,,80.0,0
2025-10-25 21:36:00,95.0,95.0,95.0,95.0,136875.42,,80.0,0
2025-10-25 21:39:00,94.8,94.8,94.8,94.8,136582.375,,80.0,0
2025-10-25 21:42:00,94.95,94.95,94.95,94.95,136699.59000000003,,80.0,0
2025-10-25 21:45:00,95.0,95.0,95.0,95.0,136875.42,,80.0,0
2025-10-25 21:48:00,95.0,95.0,95.0,95.0,136758.2,,80.0,0
2025-10-25 21:51:00,95.0,95.0,95.0,95.0,136875.42,,80.0,0
2025-10-25 21:54:00,94.75,94.75,94.75,94.75,136465.155,,80.0,0
2025-10-25 21:57:00,94.95,94.95,94.95,95.35,137344.305,,80.0,0
2025-10-25 22:00:00,95.0,95.0,95.0,94.75,136406.555,,80.0,0
2025-10-25 22:03:00,95.05000000000001,95.05000000000001,95.05000000000001,95.05000000000001,136875.425,,80.0,0
2025-10-25 22:06:00,94.95,94.95,94.95,94.95,136699.59000000003,,80.0,0
2025-10-25 22:09:00,94.7,94.7,94.7,94.7,136347.945,,80.0,0
2025-10-25 22:12:00,94.9,94.9,94.9,94.9,136640.98,,80.0,0
2025-10-25 22:15:00,95.0,95.0,95.0,95.0,136875.42,,80.0,0
2025-10-25 22:18:00,94.95,94.95,94.95,94.95,136699.59000000003,,80.0,0
2025-10-25 22:21:00,94.75,94.75,94.75,94.75,136406.555,,80.0,0
2025-10-25 22:24:00,94.9,94.9,94.9,94.9,136640.98,,80.0,0
2025-10-25 22:27:00,95.0,95.0,95.0,95.0,136875.42,,80.0,0
2025-10-25 22:30:00,95.0,95.0,95.0,95.0,136816.81,,80.0,0
2025-10-25 22:33:00,95.0,95.0,95.0,95.0,136875.42,,80.0,0
2025-10-25 22:36:00,94.95,94.95,94.95,94.6,136172.13,,80.0,0
2025-10-25 22:39:00,94.95,94.95,94.95,94.95,136699.59000000003,,80.0,0
2025-10-25 22:42:00,94.95,94.95,94.95,94.95,136699.59000000003,,80.0,0
2025-10-25 22:45:00,94.9,94.9,94.9,94.9,136640.98,,80.0,0
2025-10-25 22:48:00,95.0,95.0,95.0,95.0,136875.42,,80.0,0
2025-10-25 22:51:00,94.75,94.75,94.75,94.75,136406.555,,80.0,0
2025-10-25 22:54:00,94.95,94.95,94.95,94.95,136699.59000000003,,80.0,0
2025-10-25 22:57:00,95.0,95.0,95.0,95.0,136875.42,,80.0,0
2025-10-25 23:00:00,94.9,94.9,94.9,94.9,136640.98,,80.0,0
2025-10-25 23:03:00,94.9,94.9,94.9,94.9,136640.98,,80.0,0
2025-10-25 23:06:00,94.6,94.6,94.6,94.6,136289.33,,80.0,0
2025-10-25 23:09:00,94.6,94.6,94.6,94.6,136289.33,,80.0,0
2025-10-25 23:12:00,94.5,94.5,94.5,94.5,136113.51,,80.0,0
2025-10-25 23:15:00,94.6,94.6,94.6,94.6,136230.72999999998,,80.0,0
2025-10-25 23:18:00,94.75,94.75,94.75,94.75,136406.555,,80.0,0
2025-10-25 23:21:00,94.6,94.6,94.6,94.6,136172.13,,80.0,0
2025-10-25 23:24:00,94.75,94.75,94.75,94.75,136465.155,,80.0,0
2025-10-25 23:27:00,95.0,95.0,95.0,95.0,136875.42,,80.0,0
2025-10-25 23:30:00,94.8,94.8,94.8,94.8,136465.165,,80.0,0
2025-10-25 23:33:00,94.95,94.95,94.95,94.95,136699.59000000003,,80.0,0
2025-10-25 23:36:00,94.6,94.6,94.6,94.6,136289.33,,80.0,0
2025-10-25 23:39:00,94.5,94.5,94.5,94.5,136054.91,,80.0,0
2025-10-25 23:42:00,94.9,94.9,94.9,94.9,136640.98,,80.0,0
2025-10-25 23:45:00,94.2,94.2,94.2,94.2,135586.02,,80.0,0
2025-10-25 23:48:00,95.05000000000001,95.05000000000001,95.05000000000001,95.05000000000001,136875.425,,80.0,0
2025-10-25 23:51:00,94.9,94.9,94.9,94.9,136640.985,,80.0,0
2025-10-25 23:54:00,94.9,94.9,94.9,94.9,136640.98,,80.0,0
2025-10-25 23:57:00,94.75,94.75,94.75,94.75,136465.155,,80.0,0
2025-10-26 00:00:00,94.0,94.0,94.0,94.0,135410.195,,80.0,0
2025-10-26 00:03:00,93.8,93.8,93.8,93.8,135058.525,,80.0,0
2025-10-26 00:06:00,94.5,94.5,94.5,94.5,136113.5,,80.0,0
2025-10-26 00:09:00,94.6,94.6,94.6,94.6,136172.13,,80.0,0
2025-10-26 00:12:00,94.30000000000001,94.30000000000001,94.30000000000001,94.30000000000001,135820.47,,80.0,0
2025-10-26 00:15:00,94.75,94.75,94.75,94.75,136406.555,,80.0,0
2025-10-26 00:18:00,94.4,94.4,94.4,94.4,135937.69,,80.0,0
2025-10-26 00:21:00,94.55,94.55,94.55,94.55,136172.11,,80.0,0
2025-10-26 00:24:00,94.75,94.75,94.75,94.75,136465.155,,80.0,0
2025-10-26 00:27:00,94.75,94.75,94.75,94.75,136465.155,,80.0,0
2025-10-26 00:30:00,94.6,94.6,94.6,94.6,136289.33,,80.0,0
2025-10-26 00:33:00,95.05000000000001,95.05000000000001,95.05000000000001,95.05000000000001,136875.425,,80.0,0
2025-10-26 00:36:00,94.9,94.9,94.9,94.9,136640.98,,80.0,0
2025-10-26 00:39:00,94.75,94.75,94.75,94.75,136465.155,,80.0,0
2025-10-26 00:42:00,94.6,94.6,94.6,94.6,136172.13,,80.0,0
2025-10-26 00:45:00,94.30000000000001,94.30000000000001,94.30000000000001,94.30000000000001,135820.47,,80.0,0
2025-10-26 00:48:00,94.30000000000001,94.30000000000001,94.30000000000001,94.30000000000001,135761.85499999998,,80.0,0
2025-10-26 00:51:00,95.1,95.1,95.1,95.1,136992.64500000002,,80.0,0
2025-10-26 00:54:00,94.44999999999999,94.44999999999999,94.44999999999999,94.44999999999999,135996.3,,80.0,0
2025-10-26 00:57:00,94.75,94.75,94.75,94.75,136465.155,,80.0,0
2025-10-26 01:00:00,94.45,94.45,94.45,94.45,135996.3,,80.0,0
2025-10-26 01:03:00,94.69999999999999,94.69999999999999,94.69999999999999,94.69999999999999,136347.95,,80.0,0
2025-10-26 01:06:00,94.65,94.65,94.65,94.65,136347.945,,80.0,0
2025-10-26 01:09:00,94.6,94.6,94.6,94.6,136172.13,,80.0,0
2025-10-26 01:12:00,94.6,94.6,94.6,94.6,136172.13,,80.0,0
2025-10-26 01:15:00,94.6,94.6,94.6,94.6,136172.13,,80.0,0
2025-10-26 01:18:00,94.6,94.6,94.6,94.6,136172.13,,80.0,0
2025-10-26 01:21:00,94.6,94.6,94.6,94.6,136172.13,,80.0,0
2025-10-26 01:24:00,94.6,94.6,94.6,94.55,136113.52000000002,,80.0,0
2025-10-26 01:27:00,94.6,94.6,94.6,94.55,136113.52000000002,,80.0,0
2025-10-26 01:30:00,94.6,94.6,94.6,94.6,136172.13,,80.0,0
2025-10-26 01:33:00,94.6,94.6,94.6,94.6,136172.13,,80.0,0
2025-10-26 01:36:00,94.6,94.6,94.6,94.75,136406.555,,80.0,0
2025-10-26 01:39:00,94.6,94.6,94.6,94.6,136289.33,,80.0,0
2025-10-26 01:42:00,94.6,94.6,94.6,94.55,136113.52000000002,,80.0,0
2025-10-26 01:45:00,94.6,94.6,94.6,94.6,136172.13,,80.0,0
2025-10-26 01:48:00,94.6,94.6,94.6,94.6,136172.13,,80.0,0
2025-10-26 01:51:00,94.6,94.6,94.6,94.6,136172.13,,80.0,0
2025-10-26 01:54:00,94.6,94.6,94.6,94.4,135937.69,,80.0,0
2025-10-26 01:57:00,94.6,94.6,94.6,94.75,136465.155,,80.0,0
2025-10-26 02:00:00,94.6,94.6,94.6,94.6,136172.13,,80.0,0
2025-10-26 02:03:00,94.6,94.6,94.6,94.6,136172.13,,80.0,0
2025-10-26 02:06:00,94.6,94.6,94.6,94.6,136172.13,,80.0,0
2025-10-26 02:09:00,94.6,94.6,94.6,94.6,136172.13,,80.0,0
2025-10-26 02:12:00,94.6,94.6,94.6,94.15,135586.025,,80.0,0
2025-10-26 02:15:00,94.6,94.6,94.6,94.6,136172.13,,80.0,0
2025-10-26 02:18:00,94.6,94.6,94.6,94.6,136172.13,,80.0,0
2025-10-26 02:21:00,94.55,94.55,94.55,94.55,136113.52000000002,,80.0,0
2025-10-26 02:24:00,94.55,94.55,94.55,94.5,136054.91,,80.0,0
2025-10-26 02:27:00,94.55,94.55,94.55,94.55,136113.52000000002,,80.0,0
2025-10-26 02:30:00,94.55,94.55,94.55,94.6,136172.13,,80.0,0
2025-10-26 02:33:00,94.45,94.45,94.45,94.45,135996.3,,80.0,0
2025-10-26 02:36:00,94.55,94.55,94.55,94.55,136113.52000000002,,80.0,0
2025-10-26 02:39:00,94.55,94.55,94.55,94.55,136113.52000000002,,80.0,0
2025-10-26 02:42:00,94.30000000000001,94.30000000000001,94.30000000000001,94.30000000000001,135820.47,,80.0,0
2025-10-26 02:45:00,94.5,94.5,94.5,94.5,136054.91,,80.0,0
2025-10-26 02:48:00,94.45,94.45,94.45,93.80000000000001,135117.135,,80.0,0
2025-10-26 02:51:00,94.6,94.6,94.6,94.6,136172.13,,80.0,0
2025-10-26 02:54:00,94.15,94.15,94.15,94.15,135586.025,,80.0,0
2025-10-26 02:57:00,94.35,94.35,94.35,94.35,135879.08000000002,,80.0,0
2025-10-26 03:00:00,94.6,94.6,94.6,94.6,136172.13,,80.0,0
2025-10-26 03:03:00,94.2,94.2,94.2,94.2,135644.635,,80.0,0
2025-10-26 03:06:00,94.9,94.9,94.9,94.9,136640.98,,80.0,0
2025-10-26 03:09:00,94.4,94.4,94.4,94.4,135937.69,,80.0,0
2025-10-26 03:12:00,94.6,94.6,94.6,94.6,136172.13,,80.0,0
2025-10-26 03:15:00,94.30000000000001,94.30000000000001,94.30000000000001,94.30000000000001,135820.47,,80.0,0
2025-10-26 03:18:00,94.2,94.2,94.2,94.2,135586.02,,80.0,0
2025-10-26 03:21:00,94.4,94.4,94.4,94.4,135937.69,,80.0,0
2025-10-26 03:24:00,94.45,94.45,94.45,94.45,135996.3,,80.0,0
2025-10-26 03:27:00,94.25,94.25,94.25,94.25,135761.86,,80.0,0
2025-10-26 03:30:00,94.4,94.4,94.4,94.4,135937.69,,80.0,0
2025-10-26 03:33:00,94.4,94.4,94.4,94.4,135937.69,,80.0,0
2025-10-26 03:36:00,94.44999999999999,94.44999999999999,94.44999999999999,94.44999999999999,135996.3,,80.0,0
2025-10-26 03:39:00,94.35,94.35,94.35,94.35,135879.08000000002,,80.0,0
2025-10-26 03:42:00,94.19999999999999,94.19999999999999,94.19999999999999,94.19999999999999,135644.635,,80.0,0
2025-10-26 03:45:00,94.4,94.4,94.4,94.65,136289.33500000002,,80.0,0
2025-10-26 03:48:00,94.25,94.25,94.25,94.25,135703.245,,80.0,0
2025-10-26 03:51:00,94.4,94.4,94.4,94.4,135937.69,,80.0,0
2025-10-26 03:54:00,94.6,94.6,94.6,94.6,136172.13,,80.0,0
2025-10-26 03:57:00,94.55,94.55,94.55,94.55,136113.52000000002,,80.0,0
2025-10-26 04:00:00,94.4,94.4,94.4,94.4,135937.69,,80.0,0
2025-10-26 04:03:00,94.30000000000001,94.30000000000001,94.30000000000001,94.30000000000001,135820.47,,80.0,0
2025-10-26 04:06:00,94.35,94.35,94.35,94.35,135820.465,,80.0,0
2025-10-26 04:09:00,93.5,93.5,93.5,93.5,134648.265,,80.0,0
2025-10-26 04:12:00,93.95,93.95,93.95,93.95,135292.965,,80.0,0
2025-10-26 04:15:00,93.95,93.95,93.95,93.4,134531.05,,80.0,0
2025-10-26 04:18:00,93.95,93.95,93.95,93.95,135292.96999999997,,80.0,0
2025-10-26 04:21:00,93.25,93.25,93.25,93.25,134296.59,,80.0,0
2025-10-26 04:24:00,93.875,93.875,94.5,94.5,136054.91,,80.0,0
2025-10-26 04:27:00,93.95,93.95,93.95,93.95,135351.58000000002,,80.0,0
2025-10-26 04:30:00,94.35,94.35,94.35,94.35,135879.08000000002,,80.0,0
2025-10-26 04:33:00,94.5,94.5,94.5,94.5,136054.91,,80.0,0
2025-10-26 04:36:00,94.25,94.25,94.25,94.25,135761.86,,80.0,0
2025-10-26 04:39:00,94.35,94.35,94.35,94.35,135879.08000000002,,80.0,0
2025-10-26 04:42:00,94.19999999999999,94.19999999999999,94.19999999999999,94.19999999999999,135644.635,,80.0,0
2025-10-26 04:45:00,94.45,94.45,94.45,94.45,135996.3,,80.0,0
2025-10-26 04:48:00,94.1,94.1,94.1,94.1,135527.415,,80.0,0
2025-10-26 04:51:00,94.15,94.15,94.15,94.15,135586.025,,80.0,0
2025-10-26 04:54:00,94.3,94.3,94.3,94.3,135820.47,,80.0,0
2025-10-26 04:57:00,94.30000000000001,94.30000000000001,94.30000000000001,94.30000000000001,135820.47,,80.0,0
2025-10-26 05:00:00,94.4,94.4,94.4,94.4,135937.69,,80.0,0
2025-10-26 05:03:00,94.2,94.2,94.2,94.2,135586.02,,80.0,0
2025-10-26 05:06:00,94.15,94.15,94.15,94.15,135586.025,,80.0,0
2025-10-26 05:09:00,94.30000000000001,94.30000000000001,94.30000000000001,94.30000000000001,135820.47,,80.0,0
2025-10-26 05:12:00,94.4,94.4,94.4,94.4,135937.69,,80.0,0
2025-10-26 05:15:00,94.2,94.2,94.2,94.2,135644.635,,80.0,0
2025-10-26 05:18:00,94.45,94.45,94.45,94.45,135996.3,,80.0,0
2025-10-26 05:21:00,94.4,94.4,94.4,94.4,135937.69,,80.0,0
2025-10-26 05:24:00,94.25,94.25,94.25,94.25,135703.245,,80.0,0
2025-10-26 05:27:00,94.2,94.2,94.2,94.2,135703.25,,80.0,0
2025-10-26 05:30:00,94.2,94.2,94.2,94.2,135703.25,,80.0,0
2025-10-26 05:33:00,94.3,94.3,94.3,94.3,135820.47,,80.0,0
2025-10-26 05:36:00,94.30000000000001,94.30000000000001,94.30000000000001,94.30000000000001,135820.47,,80.0,0
2025-10-26 05:39:00,94.2,94.2,94.2,94.2,135644.635,,80.0,0
2025-10-26 05:42:00,94.2,94.2,94.2,94.2,135703.25,,80.0,0
2025-10-26 05:45:00,94.45,94.45,94.45,94.45,135996.3,,80.0,0
2025-10-26 05:48:00,94.25,94.25,94.25,94.25,135761.86,,80.0,0
2025-10-26 05:51:00,94.25,94.25,94.25,94.25,135761.86,,80.0,0
2025-10-26 05:54:00,94.4,94.4,94.4,94.4,135937.69,,80.0,0
2025-10-26 05:57:00,94.2,94.2,94.2,94.2,135644.635,,80.0,0
2025-10-26 06:00:00,94.4,94.4,94.4,94.4,135937.69,,80.0,0
2025-10-26 06:03:00,94.30000000000001,94.30000000000001,94.30000000000001,94.30000000000001,135820.47,,80.0,0
2025-10-26 06:06:00,94.4,94.4,94.4,94.4,135937.69,,80.0,0
2025-10-26 06:09:00,94.15,94.15,94.15,94.15,135586.025,,80.0,0
2025-10-26 06:12:00,94.2,94.2,94.2,94.2,135703.25,,80.0,0
2025-10-26 06:15:00,94.30000000000001,94.30000000000001,94.30000000000001,94.30000000000001,135820.47,,80.0,0
2025-10-26 06:18:00,94.30000000000001,94.30000000000001,94.30000000000001,94.75,136406.555,,80.0,0
2025-10-26 06:21:00,94.2,94.2,94.2,94.2,135644.635,,80.0,0
2025-10-26 06:24:00,94.3,94.3,94.3,94.3,135820.47,,80.0,0
2025-10-26 06:27:00,94.30000000000001,94.30000000000001,94.30000000000001,94.30000000000001,135820.47,,80.0,0
2025-10-26 06:30:00,94.30000000000001,94.30000000000001,94.30000000000001,93.75,135058.52500000002,,80.0,0
2025-10-26 06:33:00,94.35,94.35,94.35,94.35,135879.08000000002,,80.0,0
2025-10-26 06:36:00,94.35,94.35,94.35,94.35,135879.08000000002,,80.0,0
2025-10-26 06:39:00,94.4,94.4,94.4,94.4,135937.69,,80.0,0
2025-10-26 06:42:00,94.2,94.2,94.2,94.2,135703.25,,80.0,0
2025-10-26 06:45:00,94.30000000000001,94.30000000000001,94.30000000000001,94.30000000000001,135820.47,,80.0,0
2025-10-26 06:48:00,94.2,94.2,94.2,94.2,135644.635,,80.0,0
2025-10-26 06:51:00,94.35,94.35,94.35,94.35,135879.08000000002,,80.0,0
2025-10-26 06:54:00,94.15,94.15,94.15,94.15,135586.025,,80.0,0
2025-10-26 06:57:00,94.2,94.2,94.2,94.55,136172.12,,80.0,0
2025-10-26 07:00:00,94.25,94.25,94.25,94.25,135761.86,,80.0,0
2025-10-26 07:03:00,94.2,94.2,94.2,94.2,135703.25,,80.0,0
2025-10-26 07:06:00,94.1,94.1,94.1,94.1,135468.8,,80.0,0
2025-10-26 07:09:00,94.2,94.2,94.2,94.2,135703.25,,80.0,0
2025-10-26 07:12:00,94.2,94.2,94.2,94.2,135586.02,,80.0,0
2025-10-26 07:15:00,94.15,94.15,94.15,94.15,135527.40999999997,,80.0,0
2025-10-26 07:18:00,94.0,94.0,94.0,94.0,135351.58,,80.0,0
2025-10-26 07:21:00,94.2,94.2,94.2,94.2,135703.25,,80.0,0
2025-10-26 07:24:00,94.2,94.2,94.2,94.2,135703.25,,80.0,0
2025-10-26 07:27:00,94.2,94.2,94.2,94.45,135996.3,,80.0,0
2025-10-26 07:30:00,94.2,94.2,94.2,94.2,135644.635,,80.0,0
2025-10-26 07:33:00,94.15,94.15,94.15,94.15,135586.025,,80.0,0
2025-10-26 07:36:00,94.2,94.2,94.2,94.45,135996.3,,80.0,0
2025-10-26 07:39:00,94.15,94.15,94.15,94.15,135586.025,,80.0,0
2025-10-26 07:42:00,94.1,94.1,94.1,94.1,135468.8,,80.0,0
2025-10-26 07:45:00,94.15,94.15,94.15,94.15,135586.025,,80.0,0
2025-10-26 07:48:00,94.2,94.2,94.2,94.2,135703.25,,80.0,0
2025-10-26 07:51:00,94.3,94.3,94.3,94.3,135820.47,,80.0,0
2025-10-26 07:54:00,94.1,94.1,94.1,94.1,135468.8,,80.0,0
2025-10-26 07:57:00,94.30000000000001,94.30000000000001,94.30000000000001,94.30000000000001,135820.47,,80.0,0
2025-10-26 08:00:00,94.05,94.05,94.05,94.05,135410.19,,80.0,0
2025-10-26 08:03:00,94.2,94.2,94.2,94.2,135703.25,,80.0,0
2025-10-26 08:06:00,94.25,94.25,94.25,94.25,135703.245,,80.0,0
2025-10-26 08:09:00,94.30000000000001,94.30000000000001,94.30000000000001,94.30000000000001,135820.47,,80.0,0
2025-10-26 08:12:00,94.2,94.2,94.2,94.2,135586.02,,80.0,0
2025-10-26 08:15:00,94.25,94.25,94.25,94.25,135761.86,,80.0,0
2025-10-26 08:18:00,94.35,94.35,94.35,94.35,135879.08000000002,,80.0,0
2025-10-26 08:21:00,94.2,94.2,94.2,93.95,135234.36,,80.0,0
2025-10-26 08:24:00,94.2,94.2,94.2,94.2,135644.635,,80.0,0
2025-10-26 08:27:00,94.2,94.2,94.2,93.9,135234.36,,80.0,0
2025-10-26 08:30:00,94.2,94.2,94.2,94.2,135703.25,,80.0,0
2025-10-26 08:33:00,94.15,94.15,94.15,94.15,135586.025,,80.0,0
2025-10-26 08:36:00,94.15,94.15,94.15,93.9,135234.36,,80.0,0
2025-10-26 08:39:00,94.15,94.15,94.15,94.15,135586.025,,80.0,0
2025-10-26 08:42:00,94.2,94.2,94.2,94.2,135703.25,,80.0,0
2025-10-26 08:45:00,94.30000000000001,94.30000000000001,94.30000000000001,94.30000000000001,135761.85499999998,,80.0,0
2025-10-26 08:48:00,94.15,94.15,94.15,94.15,135527.40999999997,,80.0,0
2025-10-26 08:51:00,94.15,94.15,94.15,93.9,135234.36,,80.0,0
2025-10-26 08:54:00,94.15,94.15,94.15,94.4,135937.69,,80.0,0
2025-10-26 08:57:00,94.35,94.35,94.35,94.35,135879.08000000002,,80.0,0
2025-10-26 09:00:00,94.15,94.15,94.15,94.15,135586.025,,80.0,0
2025-10-26 09:03:00,94.15,94.15,94.15,94.15,135527.40999999997,,80.0,0
2025-10-26 09:06:00,94.15,94.15,94.15,94.15,135586.025,,80.0,0
2025-10-26 09:09:00,94.05,94.05,94.05,94.05,135410.19,,80.0,0
2025-10-26 09:12:00,94.2,94.2,94.2,94.2,135703.25,,80.0,0
2025-10-26 09:15:00,93.7,93.7,93.7,93.7,134882.7,,80.0,0
2025-10-26 09:18:00,93.7,93.7,93.7,93.7,134999.91,,80.0,0
2025-10-26 09:21:00,93.7,93.7,93.7,93.7,134999.91,,80.0,0
2025-10-26 09:24:00,93.9,93.9,93.9,93.9,135234.36,,80.0,0
2025-10-26 09:27:00,93.85,93.85,93.85,93.85,135175.75,,80.0,0
2025-10-26 09:30:00,93.9,93.9,93.9,93.9,135234.36,,80.0,0
2025-10-26 09:33:00,93.6,93.6,93.6,93.6,134824.08000000002,,80.0,0
2025-10-26 09:36:00,93.85,93.85,93.85,93.85,135175.75,,80.0,0
2025-10-26 09:39:00,93.80000000000001,93.80000000000001,93.80000000000001,93.80000000000001,135117.135,,80.0,0
2025-10-26 09:42:00,93.7,93.7,93.7,93.7,134999.91,,80.0,0
2025-10-26 09:45:00,93.75,93.75,93.75,93.75,134999.92,,80.0,0
2025-10-26 09:48:00,93.75,93.75,93.75,93.75,135058.52500000002,,80.0,0
2025-10-26 09:51:00,93.3,93.3,93.3,93.3,134355.20500000002,,80.0,0
2025-10-26 09:54:00,93.65,93.65,93.65,93.65,134824.08500000002,,80.0,0
2025-10-26 09:57:00,93.4,93.4,93.4,93.4,134472.41499999998,,80.0,0
2025-10-26 10:00:00,92.69999999999999,92.69999999999999,92.69999999999999,92.69999999999999,133476.055,,80.0,1
2025-10-26 10:03:00,93.65,93.65,93.65,93.65,134824.08500000002,,80.0,1
2025-10-26 10:06:00,92.55000000000001,92.55000000000001,92.55000000000001,92.55000000000001,133300.225,,80.0,1
2025-10-26 10:09:00,93.7,93.7,93.7,93.7,134941.305,,80.0,1
2025-10-26 10:12:00,92.8,92.8,92.8,92.8,133593.275,,80.0,1
2025-10-26 10:15:00,93.65,93.65,93.65,92.0,132479.68,,80.0,1
2025-10-26 10:18:00,93.35,93.35,93.35,93.35,134472.425,,80.0,1
2025-10-26 10:21:00,94.0,94.0,94.0,94.0,135351.58,,80.0,1
2025-10-26 10:24:00,94.0,94.0,94.0,94.0,135351.58,,80.0,1
2025-10-26 10:27:00,93.9,93.9,93.9,93.9,135234.35499999998,,80.0,1
2025-10-26 10:30:00,93.85,93.85,93.85,93.85,135175.75,,80.0,1
2025-10-26 10:33:00,93.65,93.65,93.65,93.65,134882.69,,80.0,1
2025-10-26 10:36:00,93.6,93.6,93.6,93.6,134765.47,,80.0,1
2025-10-26 10:39:00,93.9,93.9,93.9,93.9,135234.36,,80.0,1
2025-10-26 10:42:00,93.85,93.85,93.85,86.15,124039.84,,80.0,0
2025-10-26 10:45:00,93.95,93.95,93.95,93.95,135292.96999999997,,80.0,0
2025-10-26 10:48:00,93.9,93.9,93.9,93.9,135234.36,,80.0,0
2025-10-26 10:51:00,93.7,93.7,93.7,93.7,134882.7,,80.0,0
2025-10-26 10:54:00,94.0,94.0,94.0,94.0,135351.58,,80.0,0
2025-10-26 10:57:00,93.69999999999999,93.69999999999999,93.69999999999999,93.69999999999999,134941.305,,80.0,0
2025-10-26 11:00:00,93.6,93.6,93.6,93.6,134824.08000000002,,80.0,0
2025-10-26 11:03:00,93.6,93.6,93.6,92.15,132655.515,,80.0,0
2025-10-26 11:06:00,93.15,93.15,93.15,93.15,134120.76,,80.0,0
2025-10-26 11:09:00,93.6,93.6,93.6,93.6,134765.47,,80.0,0
2025-10-26 11:12:00,93.6,93.6,93.6,93.6,134765.47,,80.0,0
2025-10-26 11:15:00,93.65,93.65,93.65,93.65,134824.08500000002,,80.0,0
2025-10-26 11:18:00,93.55000000000001,93.55000000000001,93.55000000000001,93.55000000000001,134706.865,,80.0,0
2025-10-26 11:21:00,93.5,93.5,93.5,93.5,134648.25,,80.0,0
2025-10-26 11:24:00,93.25,93.25,93.25,93.25,134296.59,,80.0,0
2025-10-26 11:27:00,93.15,93.15,93.15,93.15,134120.76,,80.0,0
2025-10-26 11:30:00,93.25,93.25,93.25,93.25,134237.97499999998,,80.0,0
2025-10-26 11:33:00,93.15,93.15,93.15,93.15,134120.76,,80.0,0
2025-10-26 11:36:00,93.1,93.1,93.1,93.1,134062.155,,80.0,0
2025-10-26 11:39:00,92.85,92.85,92.85,92.85,133710.495,,80.0,0
2025-10-26 11:42:00,92.7,92.7,92.7,92.7,133476.06,,80.0,0
2025-10-26 11:45:00,92.8,92.8,92.8,92.8,133593.27,,80.0,0
2025-10-26 11:48:00,92.75,92.75,92.75,92.85,133710.495,,80.0,0
2025-10-26 11:51:00,92.75,92.75,92.75,92.75,133534.66499999998,,80.0,0
2025-10-26 11:54:00,92.75,92.75,92.75,92.75,133534.66499999998,,80.0,0
2025-10-26 11:57:00,92.35,92.35,92.35,92.35,133007.18,,80.0,0
2025-10-26 12:00:00,92.35,92.35,92.35,92.35,133007.18,,80.0,0
2025-10-26 12:03:00,92.5,92.5,92.5,92.5,133183.015,,80.0,0
2025-10-26 12:06:00,92.5,92.5,92.5,92.5,133241.625,,80.0,0
2025-10-26 12:09:00,92.44999999999999,92.44999999999999,92.44999999999999,92.44999999999999,133124.39500000002,,80.0,0
2025-10-26 12:12:00,92.1,92.1,92.1,92.1,132596.905,,80.0,0
2025-10-26 12:15:00,92.6,92.6,92.6,92.6,133358.84,,80.0,0
2025-10-26 12:18:00,92.2,92.2,92.2,92.2,132772.73,,80.0,0
2025-10-26 12:21:00,92.1,92.1,92.1,92.1,132596.905,,80.0,0
2025-10-26 12:24:00,91.9,91.9,91.9,91.9,132303.84999999998,,80.0,0
2025-10-26 12:27:00,91.75,91.75,91.75,91.75,132128.015,,80.0,0
2025-10-26 12:30:00,91.85,91.85,91.85,91.85,132245.24,,80.0,0
2025-10-26 12:33:00,91.8,91.8,91.8,91.8,132186.62,,80.0,0
2025-10-26 12:36:00,91.75,91.75,91.75,91.75,132128.015,,80.0,0
2025-10-26 12:39:00,91.55,91.55,91.55,91.55,131893.58000000002,,80.0,0
2025-10-26 12:42:00,91.85,91.85,91.85,91.85,132303.85499999998,,80.0,0
2025-10-26 12:45:00,91.75,91.75,91.75,92.5,133241.62,,80.0,0
2025-10-26 12:48:00,91.6,91.6,91.6,91.6,131893.59,,80.0,0
2025-10-26 12:51:00,91.85,91.85,91.85,91.85,132245.24,,80.0,0
2025-10-26 12:54:00,91.55,91.55,91.55,91.55,131893.58000000002,,80.0,0
2025-10-26 12:57:00,91.45,91.45,91.45,91.45,131659.15,,80.0,0
2025-10-26 13:00:00,91.6,91.6,91.6,91.6,131952.19,,80.0,0
2025-10-26 13:03:00,91.5,91.5,91.5,91.5,131717.77,,80.0,0
2025-10-26 13:06:00,91.55,91.55,91.55,91.55,131834.97999999998,,80.0,0
2025-10-26 13:09:00,91.35,91.35,91.35,91.35,131541.93,,80.0,0
2025-10-26 13:12:00,91.6,91.6,91.6,91.6,131893.59,,80.0,0
2025-10-26 13:15:00,91.5,91.5,91.5,91.5,131717.77,,80.0,0
2025-10-26 13:18:00,91.19999999999999,91.19999999999999,91.19999999999999,91.19999999999999,131366.10499999998,,80.0,0
2025-10-26 13:21:00,91.4,91.4,91.4,91.4,131600.55,,80.0,0
2025-10-26 13:24:00,91.5,91.5,91.5,91.5,131776.37,,80.0,0
2025-10-26 13:27:00,91.19999999999999,91.19999999999999,91.19999999999999,91.19999999999999,131366.10499999998,,80.0,0
2025-10-26 13:30:00,90.7,90.7,90.7,90.7,130545.56,,80.0,0
2025-10-26 13:33:00,91.15,91.15,91.15,91.15,131307.485,,80.0,0
2025-10-26 13:36:00,90.7,90.7,90.7,90.7,130545.56,,80.0,0
2025-10-26 13:39:00,90.95,90.95,90.95,90.95,130955.825,,80.0,0
2025-10-26 13:42:00,90.9,90.9,90.9,90.9,130897.22,,80.0,0
2025-10-26 13:45:00,90.9,90.9,90.9,90.9,130897.215,,80.0,0
2025-10-26 13:48:00,90.95,90.95,90.95,90.95,130955.825,,80.0,0
2025-10-26 13:51:00,90.6,90.6,90.6,90.6,130428.33499999999,,80.0,0
2025-10-26 13:54:00,90.65,90.65,90.65,90.65,130486.95,,80.0,0
2025-10-26 13:57:00,90.7,90.7,90.7,90.7,130545.56,,80.0,0
2025-10-26 14:00:00,90.4,90.4,90.4,90.4,130193.89,,80.0,0
2025-10-26 14:03:00,90.65,90.65,90.65,90.65,130486.95,,80.0,0
2025-10-26 14:06:00,90.9,90.9,90.9,90.9,130897.22,,80.0,0
2025-10-26 14:09:00,90.2,90.2,90.2,90.2,129900.85,,80.0,0
2025-10-26 14:12:00,90.5,90.5,90.5,90.5,130311.11499999999,,80.0,0
2025-10-26 14:15:00,90.4,90.4,90.4,90.4,130193.89,,80.0,0
2025-10-26 14:18:00,90.0,90.0,90.0,90.0,129607.79500000001,,80.0,0
2025-10-26 14:21:00,90.3,90.3,90.3,89.05,128259.76000000001,,80.0,0
2025-10-26 14:24:00,90.30000000000001,90.30000000000001,90.30000000000001,90.30000000000001,130076.685,,80.0,0
2025-10-26 14:27:00,90.3,90.3,90.3,90.3,130076.67,,80.0,0
2025-10-26 14:30:00,89.8,89.8,89.8,89.8,129373.35,,80.0,0
2025-10-26 14:33:00,90.05,90.05,90.05,90.05,129666.405,,80.0,0
2025-10-26 14:36:00,90.55,90.55,90.55,90.55,130369.725,,80.0,0
2025-10-26 14:39:00,90.2,90.2,90.2,90.2,129959.46,,80.0,0
2025-10-26 14:42:00,90.25,90.25,90.25,90.25,130018.065,,80.0,0
2025-10-26 14:45:00,90.25,90.25,90.25,90.5,130311.11,,80.0,0
2025-10-26 14:48:00,90.25,90.25,90.25,90.25,129959.455,,80.0,0
2025-10-26 14:51:00,90.25,90.25,90.25,90.25,130018.065,,80.0,0
2025-10-26 14:54:00,90.2,90.2,90.2,90.2,129900.85,,80.0,0
2025-10-26 14:57:00,90.4,90.4,90.4,90.4,130193.91,,80.0,0
2025-10-26 15:00:00,90.2,90.2,90.2,90.2,129842.24,,80.0,0
2025-10-26 15:03:00,90.25,90.25,90.25,90.25,129959.455,,80.0,0
2025-10-26 15:06:00,90.2,90.2,90.2,90.2,129959.46,,80.0,0
2025-10-26 15:09:00,90.05,90.05,90.05,90.05,129666.405,,80.0,0
2025-10-26 15:12:00,90.25,90.25,90.25,90.25,129959.455,,80.0,0
2025-10-26 15:15:00,90.30000000000001,90.30000000000001,90.30000000000001,90.30000000000001,130076.685,,80.0,0
2025-10-26 15:18:00,90.2,90.2,90.2,90.2,129842.24,,80.0,0
2025-10-26 15:21:00,90.3,90.3,90.3,90.3,130076.67,,80.0,0
2025-10-26 15:24:00,90.2,90.2,90.2,89.6,129021.705,,80.0,0
2025-10-26 15:27:00,90.2,90.2,90.2,90.2,129900.85,,80.0,0
2025-10-26 15:30:00,90.35,90.35,90.35,90.35,130135.29000000001,,80.0,0
2025-10-26 15:33:00,90.2,90.2,90.2,90.2,129900.85,,80.0,0
2025-10-26 15:36:00,90.2,90.2,90.2,89.8,129314.73499999999,,80.0,0
2025-10-26 15:39:00,90.1,90.1,90.1,90.1,129725.02,,80.0,0
2025-10-26 15:42:00,90.15,90.15,90.15,90.15,129783.63,,80.0,0
2025-10-26 15:45:00,90.2,90.2,90.2,90.2,129842.24,,80.0,0
2025-10-26 15:48:00,90.05,90.05,90.05,90.05,129666.405,,80.0,0
2025-10-26 15:51:00,90.2,90.2,90.2,90.2,129842.24,,80.0,0
2025-10-26 15:54:00,90.15,90.15,90.15,90.15,129842.23,,80.0,0
2025-10-26 15:57:00,90.25,90.25,90.25,90.25,130018.065,,80.0,0
2025-10-26 16:00:00,90.1,90.1,90.1,90.1,129725.015,,80.0,0
2025-10-26 16:03:00,89.75,89.75,89.75,89.75,129256.13,,80.0,0
2025-10-26 16:06:00,90.30000000000001,90.30000000000001,90.30000000000001,90.30000000000001,130018.07500000001,,80.0,0
2025-10-26 16:09:00,90.1,90.1,90.1,90.1,129725.015,,80.0,0
2025-10-26 16:12:00,90.2,90.2,90.2,90.2,129900.85,,80.0,0
2025-10-26 16:15:00,90.2,90.2,90.2,89.9,129431.965,,80.0,0
2025-10-26 16:18:00,90.19999999999999,90.19999999999999,90.19999999999999,90.19999999999999,129900.845,,80.0,0
2025-10-26 16:21:00,90.2,90.2,90.2,90.2,129842.24,,80.0,0
2025-10-26 16:24:00,90.35,90.35,90.35,90.35,130135.29000000001,,80.0,0
2025-10-26 16:27:00,90.25,90.25,90.25,90.25,130018.065,,80.0,0
2025-10-26 16:30:00,90.2,90.2,90.2,90.2,129900.85,,80.0,0
2025-10-26 16:33:00,90.35,90.35,90.35,90.35,130076.675,,80.0,0
2025-10-26 16:36:00,90.25,90.25,90.25,90.25,130018.065,,80.0,0
2025-10-26 16:39:00,90.1,90.1,90.1,90.1,129725.015,,80.0,0
2025-10-26 16:42:00,90.15,90.15,90.15,90.15,129842.23000000001,,80.0,0
2025-10-26 16:45:00,90.35,90.35,90.35,90.35,130135.29000000001,,80.0,0
2025-10-26 16:48:00,90.2,90.2,90.2,90.2,129842.24,,80.0,0
2025-10-26 16:51:00,90.2,90.2,90.2,90.2,129959.46,,80.0,0
2025-10-26 16:54:00,90.2,90.2,90.2,90.4,130193.91,,80.0,0
2025-10-26 16:57:00,90.2,90.2,90.2,90.2,129842.24,,80.0,0
2025-10-26 17:00:00,90.2,90.2,90.2,90.2,129842.24,,80.0,0
2025-10-26 17:03:00,90.2,90.2,90.2,89.85,129431.95999999999,,80.0,0
2025-10-26 17:06:00,90.2,90.2,90.2,90.2,129842.24,,80.0,0
2025-10-26 17:09:00,90.2,90.2,90.2,90.2,129842.24,,80.0,0
2025-10-26 17:12:00,90.2,90.2,90.2,89.85,129373.35,,80.0,0
2025-10-26 17:15:00,90.2,90.2,90.2,90.2,129842.24,,80.0,0
2025-10-26 17:18:00,90.3,90.3,90.3,90.3,130076.67,,80.0,0
2025-10-26 17:21:00,90.15,90.15,90.15,90.15,129783.63,,80.0,0
2025-10-26 17:24:00,90.3,90.3,90.3,90.3,130076.67,,80.0,0
2025-10-26 17:27:00,89.7,89.7,89.7,89.7,129138.91,,80.0,0
2025-10-26 17:30:00,89.95,89.95,89.95,89.95,129549.18,,80.0,0
2025-10-26 17:33:00,90.05000000000001,90.05000000000001,90.05000000000001,90.05000000000001,129666.405,,80.0,0
2025-10-26 17:36:00,90.1,90.1,90.1,90.1,129725.015,,80.0,0
2025-10-26 17:39:00,89.85,89.85,89.85,89.85,129373.35,,80.0,0
2025-10-26 17:42:00,90.15,90.15,90.15,90.15,129842.23,,80.0,0
2025-10-26 17:45:00,90.1,90.1,90.1,89.1,128259.765,,80.0,0
2025-10-26 17:48:00,90.15,90.15,90.15,90.15,129783.63,,80.0,0
2025-10-26 17:51:00,90.35,90.35,90.35,90.35,130135.29000000001,,80.0,0
2025-10-26 17:54:00,90.15,90.15,90.15,90.15,129783.63,,80.0,0
2025-10-26 17:57:00,90.25,90.25,90.25,90.25,129959.455,,80.0,0
2025-10-26 18:00:00,90.05,90.05,90.05,90.05,129666.405,,80.0,0
2025-10-26 18:03:00,89.25,89.25,89.25,89.25,128494.20499999999,,80.0,0
2025-10-26 18:06:00,89.30000000000001,89.30000000000001,89.30000000000001,89.30000000000001,128611.425,,80.0,0
2025-10-26 18:09:00,89.69999999999999,89.69999999999999,89.69999999999999,89.69999999999999,129138.91500000001,,80.0,0
2025-10-26 18:12:00,90.0,90.0,90.0,90.0,129607.79500000001,,80.0,0
2025-10-26 18:15:00,89.25,89.25,89.25,89.25,128494.2,,80.0,0
2025-10-26 18:18:00,89.8,89.8,89.8,89.8,129373.35,,80.0,0
2025-10-26 18:21:00,89.15,89.15,89.15,89.15,128376.985,,80.0,0
2025-10-26 18:24:00,89.15,89.15,89.15,89.15,128318.375,,80.0,0
2025-10-26 18:27:00,90.05,90.05,90.05,90.05,129725.01000000001,,80.0,0
2025-10-26 18:30:00,90.25,90.25,90.25,90.25,130018.065,,80.0,0
2025-10-26 18:33:00,90.05,90.05,90.05,90.05,129666.405,,80.0,0
2025-10-26 18:36:00,89.8,89.8,89.8,89.8,129373.35,,80.0,0
2025-10-26 18:39:00,90.2,90.2,90.2,90.2,129959.46,,80.0,0
2025-10-26 18:42:00,90.05,90.05,90.05,90.05,129725.01000000001,,80.0,0
2025-10-26 18:45:00,90.1,90.1,90.1,90.1,129783.625,,80.0,0
2025-10-26 18:48:00,89.94999999999999,89.94999999999999,89.94999999999999,89.94999999999999,129549.185,,80.0,0
2025-10-26 18:51:00,89.85,89.85,89.85,89.85,129373.35,,80.0,0
2025-10-26 18:54:00,90.15,90.15,90.15,90.15,129783.63,,80.0,0
2025-10-26 18:57:00,90.2,90.2,90.2,90.2,129842.24,,80.0,0
2025-10-26 19:00:00,90.3,90.3,90.3,90.3,130076.67,,80.0,0
2025-10-26 19:03:00,90.2,90.2,90.2,90.2,129842.24,,80.0,0
2025-10-26 19:06:00,90.05,90.05,90.05,90.05,129666.405,,80.0,0
2025-10-26 19:09:00,90.25,90.25,90.25,90.25,129959.455,,80.0,0
2025-10-26 19:12:00,90.0,90.0,90.0,90.0,129666.405,,80.0,0
2025-10-26 19:15:00,90.3,90.3,90.3,90.3,130076.67,,80.0,0
2025-10-26 19:18:00,90.4,90.4,90.4,90.4,130193.89,,80.0,0
2025-10-26 19:21:00,90.4,90.4,90.4,90.4,130193.89,,80.0,0
2025-10-26 19:24:00,90.25,90.25,90.25,90.25,130018.065,,80.0,0
2025-10-26 19:27:00,90.15,90.15,90.15,90.15,129783.63,,80.0,0
2025-10-26 19:30:00,90.15,90.15,90.15,90.15,129842.23,,80.0,0
2025-10-26 19:33:00,90.2,90.2,90.2,90.2,129842.24,,80.0,0
2025-10-26 19:36:00,90.2,90.2,90.2,90.2,129842.24,,80.0,0
2025-10-26 19:39:00,90.3,90.3,90.3,90.3,130076.67,,80.0,0
2025-10-26 19:42:00,90.4,90.4,90.4,90.4,130193.89,,80.0,0
2025-10-26 19:45:00,90.2,90.2,90.2,90.2,129842.24,,80.0,0
2025-10-26 19:48:00,90.25,90.25,90.25,90.25,129959.455,,80.0,0
2025-10-26 19:51:00,90.05,90.05,90.05,90.05,129666.405,,80.0,0
2025-10-26 19:54:00,90.1,90.1,90.1,90.1,129725.02,,80.0,0
2025-10-26 19:57:00,90.3,90.3,90.3,90.3,130076.67,,80.0,0
2025-10-26 20:00:00,90.2,90.2,90.2,90.2,129842.24,,80.0,0
2025-10-26 20:03:00,90.2,90.2,90.2,90.2,129900.85,,80.0,0
2025-10-26 20:06:00,90.2,90.2,90.2,90.2,129842.24,,80.0,0
2025-10-26 20:09:00,90.1,90.1,90.1,90.1,129725.015,,80.0,0
2025-10-26 20:12:00,90.05,90.05,90.05,90.05,129666.405,,80.0,0
2025-10-26 20:15:00,90.1,90.1,90.1,90.1,129725.015,,80.0,0
2025-10-26 20:18:00,90.15,90.15,90.15,90.15,129783.63,,80.0,0
2025-10-26 20:21:00,90.2,90.2,90.2,90.2,129842.24,,80.0,0
2025-10-26 20:24:00,90.2,90.2,90.2,90.2,129900.85,,80.0,0
2025-10-26 20:27:00,90.3,90.3,90.3,90.3,130076.67,,80.0,0
2025-10-26 20:30:00,90.4,90.4,90.4,90.4,130193.89,,80.0,0
2025-10-26 20:33:00,90.1,90.1,90.1,90.1,129725.02,,80.0,0
2025-10-26 20:36:00,90.3,90.3,90.3,90.3,130076.67,,80.0,0
2025-10-26 20:39:00,90.1,90.1,90.1,89.0,128142.54,,80.0,0
2025-10-26 20:42:00,90.1,90.1,90.1,88.80000000000001,127849.505,,80.0,0
2025-10-26 20:45:00,90.2,90.2,90.2,90.2,129900.85,,80.0,0
2025-10-26 20:48:00,90.1,90.1,90.1,90.1,129725.015,,80.0,0
2025-10-26 20:51:00,89.6,89.6,89.6,89.6,129021.7,,80.0,0
2025-10-26 20:54:00,89.75,89.75,89.75,89.75,129197.525,,80.0,0
2025-10-26 20:57:00,90.2,90.2,90.2,90.2,129842.24,,80.0,0
2025-10-26 21:00:00,90.2,90.2,90.2,90.2,129900.85,,80.0,0
2025-10-26 21:03:00,90.05,90.05,90.05,90.85,130838.62,,80.0,0
2025-10-26 21:06:00,90.05,90.05,90.05,90.05,129666.405,,80.0,0
2025-10-26 21:09:00,89.9,89.9,89.9,89.9,129490.57,,80.0,0
2025-10-26 21:12:00,89.94999999999999,89.94999999999999,89.94999999999999,89.94999999999999,129549.185,,80.0,0
2025-10-26 21:15:00,90.1,90.1,90.1,90.1,129725.02,,80.0,0
2025-10-26 21:18:00,89.94999999999999,89.94999999999999,89.94999999999999,89.94999999999999,129549.185,,80.0,0
2025-10-26 21:21:00,90.2,90.2,90.2,90.2,129842.24,,80.0,0
2025-10-26 21:24:00,90.0,90.0,90.0,90.0,129549.185,,80.0,0
2025-10-26 21:27:00,90.25,90.25,90.25,90.25,129959.45,,80.0,0
2025-10-26 21:30:00,90.25,90.25,90.25,90.25,130018.065,,80.0,0
2025-10-26 21:33:00,90.2,90.2,90.2,90.2,129842.24,,80.0,0
2025-10-26 21:36:00,89.95,89.95,89.95,89.95,129490.57500000001,,80.0,0
2025-10-26 21:39:00,90.35,90.35,90.35,90.35,130076.675,,80.0,0
2025-10-26 21:42:00,90.05,90.05,90.05,90.05,129666.405,,80.0,0
2025-10-26 21:45:00,90.05,90.05,90.05,90.05,129666.405,,80.0,0
2025-10-26 21:48:00,89.95,89.95,89.95,89.95,129490.57500000001,,80.0,0
2025-10-26 21:51:00,89.95,89.95,89.95,89.95,129549.18,,80.0,0
2025-10-26 21:54:00,90.19999999999999,90.19999999999999,90.19999999999999,90.19999999999999,129900.845,,80.0,0
2025-10-26 21:57:00,89.8,89.8,89.8,89.8,129314.73999999999,,80.0,0
2025-10-26 22:00:00,90.2,90.2,90.2,90.2,129842.24,,80.0,0
2025-10-26 22:03:00,90.1,90.1,90.1,90.1,129725.02,,80.0,0
2025-10-26 22:06:00,89.55000000000001,89.55000000000001,89.55000000000001,89.55000000000001,128904.47,,80.0,0
2025-10-26 22:09:00,89.4,89.4,89.4,89.4,128670.03,,80.0,0
2025-10-26 22:12:00,89.75,89.75,89.75,89.75,129256.13,,80.0,0
2025-10-26 22:15:00,89.85,89.85,89.85,89.85,129373.35,,80.0,0
2025-10-26 22:18:00,90.05,90.05,90.05,90.05,129666.405,,80.0,0
2025-10-26 22:21:00,89.8,89.8,89.8,89.8,129256.13,,80.0,0
2025-10-26 22:24:00,89.6,89.6,89.6,89.6,128963.08,,80.0,0
2025-10-26 22:27:00,89.6,89.6,89.6,89.6,129021.69,,80.0,0
2025-10-26 22:30:00,89.80000000000001,89.80000000000001,89.80000000000001,89.80000000000001,129256.13500000001,,80.0,0
2025-10-26 22:33:00,89.45,89.45,89.45,89.45,128787.26000000001,,80.0,0
2025-10-26 22:36:00,89.85,89.85,89.85,89.85,129373.35,,80.0,0
2025-10-26 22:39:00,89.5,89.5,89.5,89.5,128904.48000000001,,80.0,0
2025-10-26 22:42:00,90.0,90.0,90.0,90.0,129607.79,,80.0,0
2025-10-26 22:45:00,90.2,90.2,90.2,90.2,129842.24,,80.0,0
2025-10-26 22:48:00,90.1,90.1,90.1,90.1,129725.02,,80.0,0
2025-10-26 22:51:00,90.2,90.2,90.2,90.2,129842.24,,80.0,0
2025-10-26 22:54:00,89.9,89.9,89.9,89.9,129431.95999999999,,80.0,0
2025-10-26 22:57:00,89.95,89.95,89.95,89.95,129549.18,,80.0,0
2025-10-26 23:00:00,89.75,89.75,89.75,89.75,129197.525,,80.0,0
2025-10-26 23:03:00,89.4,89.4,89.4,89.4,128728.64499999999,,80.0,0
2025-10-26 23:06:00,89.15,89.15,89.15,89.15,128435.595,,80.0,0
2025-10-26 23:09:00,89.25,89.25,89.25,89.25,128494.20999999999,,80.0,0
2025-10-26 23:12:00,90.1,90.1,90.1,90.1,129725.02,,80.0,0
2025-10-26 23:15:00,89.8,89.8,89.8,89.8,129373.35,,80.0,0
2025-10-26 23:18:00,90.05,90.05,90.05,90.05,129666.405,,80.0,0
2025-10-26 23:21:00,89.75,89.75,89.75,89.75,129197.525,,80.0,0
2025-10-26 23:24:00,90.15,90.15,90.15,90.15,129783.63,,80.0,0
2025-10-26 23:27:00,90.15,90.15,90.15,90.15,129783.63,,80.0,0
2025-10-26 23:30:00,89.55000000000001,89.55000000000001,89.55000000000001,89.55000000000001,128904.47,,80.0,0
2025-10-26 23:33:00,90.05,90.05,90.05,90.05,129666.405,,80.0,0
2025-10-26 23:36:00,90.0,90.0,90.0,90.0,129607.79,,80.0,0
2025-10-26 23:39:00,90.0,90.0,90.0,90.0,129607.79,,80.0,0
2025-10-26 23:42:00,90.0,90.0,90.0,90.0,129607.79,,80.0,0
2025-10-26 23:45:00,90.0,90.0,90.0,89.65,129138.91,,80.0,0
2025-10-26 23:48:00,89.95,89.95,89.95,89.95,129549.18,,80.0,0
2025-10-26 23:51:00,89.8,89.8,89.8,89.8,129314.74,,80.0,0
2025-10-26 23:54:00,90.0,90.0,90.0,90.0,129607.79,,80.0,0
2025-10-26 23:57:00,90.0,90.0,90.0,90.0,129607.79,,80.0,0
2025-10-27 00:00:00,89.0,89.0,89.0,89.0,128201.17,,80.0,0
2025-10-27 00:03:00,89.80000000000001,89.80000000000001,89.80000000000001,89.80000000000001,129314.74,,80.0,0
2025-10-27 00:06:00,89.80000000000001,89.80000000000001,89.80000000000001,89.1,128318.39,,80.0,0
2025-10-27 00:09:00,90.15,90.15,90.15,90.15,129783.63,,80.0,0
2025-10-27 00:12:00,89.8,89.8,89.8,89.8,129373.35,,80.0,0
2025-10-27 00:15:00,90.0,90.0,90.0,90.0,129607.79,,80.0,0
2025-10-27 00:18:00,89.8,89.8,89.8,89.8,129256.13,,80.0,0
2025-10-27 00:21:00,90.0,90.0,90.0,90.0,129607.79,,80.0,0
2025-10-27 00:24:00,89.8,89.8,89.8,89.8,129373.35,,80.0,0
2025-10-27 00:27:00,89.95,89.95,89.95,89.95,129549.18,,80.0,0
2025-10-27 00:30:00,89.85,89.85,89.85,89.85,129431.96,,80.0,0
2025-10-27 00:33:00,89.35,89.35,89.35,89.35,128611.42,,80.0,0
2025-10-27 00:36:00,89.85,89.85,89.85,89.85,129431.96,,80.0,0
2025-10-27 00:39:00,89.55000000000001,89.55000000000001,89.55000000000001,89.55000000000001,128904.47,,80.0,0
2025-10-27 00:42:00,89.35,89.35,89.35,89.35,128670.04000000001,,80.0,0
2025-10-27 00:45:00,89.75,89.75,89.75,89.75,129256.13,,80.0,0
2025-10-27 00:48:00,89.8,89.8,89.8,89.8,129373.35,,80.0,0
2025-10-27 00:51:00,89.8,89.8,89.8,89.8,129373.35,,80.0,0
2025-10-27 00:54:00,89.55000000000001,89.55000000000001,89.55000000000001,89.55000000000001,128963.08,,80.0,0
2025-10-27 00:57:00,89.55000000000001,89.55000000000001,89.55000000000001,89.55000000000001,128963.08,,80.0,0
2025-10-27 01:00:00,89.55000000000001,89.55000000000001,89.55000000000001,89.55000000000001,128904.47,,80.0,0
2025-10-27 01:03:00,89.55000000000001,89.55000000000001,89.55000000000001,89.4,128670.03,,80.0,0
2025-10-27 01:06:00,89.55000000000001,89.55000000000001,89.55000000000001,89.55000000000001,128904.47,,80.0,0
2025-10-27 01:09:00,89.5,89.5,89.5,89.5,128904.465,,80.0,0
2025-10-27 01:12:00,89.5,89.5,89.5,89.5,128845.855,,80.0,0
2025-10-27 01:15:00,89.4,89.4,89.4,89.4,128728.64,,80.0,0
2025-10-27 01:18:00,89.4,89.4,89.4,89.4,128670.03,,80.0,0
2025-10-27 01:21:00,89.4,89.4,89.4,89.7,129138.91,,80.0,0
2025-10-27 01:24:00,89.4,89.4,89.4,89.4,128670.03,,80.0,0
2025-10-27 01:27:00,89.4,89.4,89.4,89.4,128670.03,,80.0,0
2025-10-27 01:30:00,89.4,89.4,89.4,89.35,128670.03,,80.0,0
2025-10-27 01:33:00,89.55000000000001,89.55000000000001,89.55000000000001,89.55000000000001,128904.47,,80.0,0
2025-10-27 01:36:00,89.4,89.4,89.4,89.4,128787.25,,80.0,0
2025-10-27 01:39:00,89.4,89.4,89.4,89.4,128670.03,,80.0,0
2025-10-27 01:42:00,89.35,89.35,89.35,89.35,128611.42,,80.0,0
2025-10-27 01:45:00,89.30000000000001,89.30000000000001,89.30000000000001,89.30000000000001,128552.82,,80.0,0
2025-10-27 01:48:00,89.55000000000001,89.55000000000001,89.55000000000001,89.55000000000001,128963.08,,80.0,0
2025-10-27 01:51:00,89.6,89.6,89.6,89.6,128963.08,,80.0,0
2025-10-27 01:54:00,89.4,89.4,89.4,89.4,128670.03,,80.0,0
2025-10-27 01:57:00,88.9,88.9,88.9,88.9,128025.32500000001,,80.0,0
2025-10-27 02:00:00,88.9,88.9,88.9,88.9,127966.71,,80.0,0
2025-10-27 02:03:00,89.1,89.1,89.1,89.1,128318.39,,80.0,0
2025-10-27 02:06:00,88.9,88.9,88.9,88.9,128025.33499999999,,80.0,0
2025-10-27 02:09:00,89.1,89.1,89.1,89.1,128318.39,,80.0,0
2025-10-27 02:12:00,89.2,89.2,89.2,89.2,128435.61,,80.0,0
2025-10-27 02:15:00,88.95,88.95,88.95,88.95,128083.94,,80.0,0
2025-10-27 02:18:00,89.1,89.1,89.1,89.1,128318.375,,80.0,0
2025-10-27 02:21:00,89.0,89.0,89.0,89.0,128201.17,,80.0,0
2025-10-27 02:24:00,88.8,88.8,88.8,88.8,127849.5,,80.0,0
2025-10-27 02:27:00,88.4,88.4,88.4,88.4,127322.005,,80.0,0
2025-10-27 02:30:00,89.15,89.15,89.15,89.15,128376.98999999999,,80.0,0
2025-10-27 02:33:00,89.2,89.2,89.2,89.2,128435.61,,80.0,0
2025-10-27 02:36:00,89.1,89.1,89.1,89.1,128318.37,,80.0,0
2025-10-27 02:39:00,89.0,89.0,89.0,89.0,128201.17,,80.0,0
2025-10-27 02:42:00,88.7,88.7,88.7,88.7,127732.27,,80.0,0
2025-10-27 02:45:00,89.1,89.1,89.1,89.1,128318.39,,80.0,0
2025-10-27 02:48:00,88.7,88.7,88.7,88.7,127732.275,,80.0,0
2025-10-27 02:51:00,88.8,88.8,88.8,88.8,127908.11499999999,,80.0,0
2025-10-27 02:54:00,89.0,89.0,89.0,89.0,128201.17,,80.0,0
2025-10-27 02:57:00,88.95,88.95,88.95,88.95,128083.94,,80.0,0
2025-10-27 03:00:00,88.7,88.7,88.7,88.7,127732.27,,80.0,0
2025-10-27 03:03:00,88.4,88.4,88.4,88.4,127322.0,,80.0,0
2025-10-27 03:06:00,89.0,89.0,89.0,89.0,128201.17,,80.0,0
2025-10-27 03:09:00,88.9,88.9,88.9,88.9,128083.94,,80.0,0
2025-10-27 03:12:00,88.9,88.9,88.9,88.9,128025.32500000001,,80.0,0
2025-10-27 03:15:00,88.9,88.9,88.9,87.95,126677.305,,80.0,0
2025-10-27 03:18:00,88.7,88.7,88.7,88.7,127732.27,,80.0,0
2025-10-27 03:21:00,88.9,88.9,88.9,88.9,127966.71,,80.0,0
2025-10-27 03:24:00,88.9,88.9,88.9,88.9,127966.71,,80.0,0
2025-10-27 03:27:00,88.75,88.75,88.75,88.75,127849.5,,80.0,0
2025-10-27 03:30:00,89.1,89.1,89.1,89.1,128318.37,,80.0,0
2025-10-27 03:33:00,88.9,88.9,88.9,88.9,127966.71,,80.0,0
2025-10-27 03:36:00,88.8,88.8,88.8,88.8,127849.5,,80.0,0
2025-10-27 03:39:00,88.9,88.9,88.9,88.9,128025.32500000001,,80.0,0
2025-10-27 03:42:00,88.9,88.9,88.9,88.9,127966.71,,80.0,0
2025-10-27 03:45:00,88.5,88.5,88.5,88.5,127497.84,,80.0,0
2025-10-27 03:48:00,88.6,88.6,88.6,88.6,127615.06,,80.0,0
2025-10-27 03:51:00,89.15,89.15,89.15,89.15,128318.37,,80.0,0
2025-10-27 03:54:00,88.75,88.75,88.75,88.75,127790.88500000001,,80.0,0
2025-10-27 03:57:00,88.85,88.85,88.85,88.85,127966.725,,80.0,0
2025-10-27 04:00:00,88.3,88.3,88.3,88.3,127146.17499999999,,80.0,0
2025-10-27 04:03:00,88.05,88.05,88.05,88.05,126794.515,,80.0,0
2025-10-27 04:06:00,88.55000000000001,88.55000000000001,88.55000000000001,88.55000000000001,127497.83499999999,,80.0,0
2025-10-27 04:09:00,88.94999999999999,88.94999999999999,88.94999999999999,88.94999999999999,128083.935,,80.0,0
2025-10-27 04:12:00,88.55000000000001,88.55000000000001,88.55000000000001,88.1,126911.73,,80.0,0
2025-10-27 04:15:00,88.5,88.5,88.5,88.5,127439.23,,80.0,0
2025-10-27 04:18:00,88.65,88.65,88.65,88.65,127673.66500000001,,80.0,0
2025-10-27 04:21:00,88.6,88.6,88.6,88.6,127556.445,,80.0,0
2025-10-27 04:24:00,88.5,88.5,88.5,88.5,127439.23,,80.0,0
2025-10-27 04:27:00,88.55000000000001,88.55000000000001,88.55000000000001,88.55000000000001,127497.83499999999,,80.0,0
2025-10-27 04:30:00,88.7,88.7,88.7,88.7,127732.27,,80.0,0
2025-10-27 04:33:00,88.5,88.5,88.5,88.5,127439.23,,80.0,0
2025-10-27 04:36:00,88.6,88.6,88.6,88.6,127615.055,,80.0,0
2025-10-27 04:39:00,88.5,88.5,88.5,88.5,127497.84,,80.0,0
2025-10-27 04:42:00,88.55,88.55,88.55,88.55,127497.84,,80.0,0
2025-10-27 04:45:00,88.5,88.5,88.5,88.5,127380.62,,80.0,0
2025-10-27 04:48:00,88.55,88.55,88.55,88.55,127556.45,,80.0,0
2025-10-27 04:51:00,88.45,88.45,88.45,88.45,127322.01,,80.0,0
2025-10-27 04:54:00,88.4,88.4,88.4,88.4,127263.4,,80.0,0
2025-10-27 04:57:00,88.25,88.25,88.25,88.25,127087.57,,80.0,0
2025-10-27 05:00:00,88.0,88.0,88.0,88.0,126794.52,,80.0,0
2025-10-27 05:03:00,88.05,88.05,88.05,88.05,126853.125,,80.0,0
2025-10-27 05:06:00,88.0,88.0,88.0,88.0,126735.905,,80.0,0
2025-10-27 05:09:00,88.0,88.0,88.0,88.0,126794.52,,80.0,0
2025-10-27 05:12:00,88.5,88.5,88.5,88.5,127380.62,,80.0,0
2025-10-27 05:15:00,88.4,88.4,88.4,88.4,127263.4,,80.0,0
2025-10-27 05:18:00,87.9,87.9,87.9,87.9,126560.07,,80.0,0
2025-10-27 05:21:00,88.25,88.25,88.25,88.25,127087.565,,80.0,0
2025-10-27 05:24:00,88.0,88.0,88.0,88.0,126735.9,,80.0,0
2025-10-27 05:27:00,87.75,87.75,87.75,87.75,126384.24,,80.0,0
2025-10-27 05:30:00,87.95,87.95,87.95,87.95,126677.29500000001,,80.0,0
2025-10-27 05:33:00,87.9,87.9,87.9,87.9,126618.685,,80.0,0
2025-10-27 05:36:00,87.85,87.85,87.85,87.85,126560.08,,80.0,0
2025-10-27 05:39:00,88.05,88.05,88.05,88.05,126853.125,,80.0,0
2025-10-27 05:42:00,88.25,88.25,88.25,88.25,127087.565,,80.0,0
2025-10-27 05:45:00,88.65,88.65,88.65,88.65,127673.66500000001,,80.0,0
2025-10-27 05:48:00,88.2,88.2,88.2,88.2,127028.95999999999,,80.0,0
2025-10-27 05:51:00,88.0,88.0,88.0,88.0,126677.29,,80.0,0
2025-10-27 05:54:00,88.25,88.25,88.25,88.25,127146.18,,80.0,0
2025-10-27 05:57:00,88.0,88.0,88.0,88.0,126794.52,,80.0,0
2025-10-27 06:00:00,88.15,88.15,88.15,88.15,126911.735,,80.0,0
2025-10-27 06:03:00,88.0,88.0,88.0,88.0,126735.905,,80.0,0
2025-10-27 06:06:00,87.95,87.95,87.95,87.95,126618.68,,80.0,0
2025-10-27 06:09:00,88.0,88.0,88.0,87.6,126149.805,,80.0,0
2025-10-27 06:12:00,88.0,88.0,88.0,88.0,126794.52,,80.0,0
2025-10-27 06:15:00,87.9,87.9,87.9,87.9,126560.07,,80.0,0
2025-10-27 06:18:00,87.95,87.95,87.95,87.6,126091.19,,80.0,0
2025-10-27 06:21:00,87.95,87.95,87.95,87.95,126618.68,,80.0,0
2025-10-27 06:24:00,88.0,88.0,88.0,88.0,126677.29,,80.0,0
2025-10-27 06:27:00,88.15,88.15,88.15,88.15,126911.735,,80.0,0
2025-10-27 06:30:00,87.9,87.9,87.9,87.9,126560.07,,80.0,0
2025-10-27 06:33:00,87.8,87.8,87.8,87.8,126442.85,,80.0,0
2025-10-27 06:36:00,87.95,87.95,87.95,87.95,126677.29500000001,,80.0,0
2025-10-27 06:39:00,87.65,87.65,87.65,87.65,126208.41500000001,,80.0,0
2025-10-27 06:42:00,87.9,87.9,87.9,87.55,126032.58,,80.0,0
2025-10-27 06:45:00,87.9,87.9,87.9,87.9,126560.07,,80.0,0
2025-10-27 06:48:00,87.95,87.95,87.95,87.95,126618.68,,80.0,0
2025-10-27 06:51:00,87.9,87.9,87.9,87.9,126560.07,,80.0,0
2025-10-27 06:54:00,88.0,88.0,88.0,88.0,126794.52,,80.0,0
2025-10-27 06:57:00,87.85,87.85,87.85,87.85,126501.46,,80.0,0
2025-10-27 07:00:00,87.9,87.9,87.9,87.9,126560.07,,80.0,0
2025-10-27 07:03:00,87.75,87.75,87.75,87.75,126325.63,,80.0,0
2025-10-27 07:06:00,88.05,88.05,88.05,88.05,126853.125,,80.0,0
2025-10-27 07:09:00,87.9,87.9,87.9,87.5,125973.98000000001,,80.0,0
2025-10-27 07:12:00,87.9,87.9,87.9,87.9,126618.685,,80.0,0
2025-10-27 07:15:00,87.9,87.9,87.9,87.9,126560.07,,80.0,0
2025-10-27 07:18:00,87.80000000000001,87.80000000000001,87.80000000000001,87.80000000000001,126442.85500000001,,80.0,0
2025-10-27 07:21:00,87.9,87.9,87.9,87.9,126560.07,,80.0,0
2025-10-27 07:24:00,87.9,87.9,87.9,87.9,126560.07,,80.0,0
2025-10-27 07:27:00,87.9,87.9,87.9,86.9,125153.435,,80.0,0
2025-10-27 07:30:00,87.75,87.75,87.75,87.75,126384.245,,80.0,0
2025-10-27 07:33:00,87.9,87.9,87.9,87.9,126560.07,,80.0,0
2025-10-27 07:36:00,87.9,87.9,87.9,87.6,126208.41,,80.0,0
2025-10-27 07:39:00,87.9,87.9,87.9,87.9,126560.07,,80.0,0
2025-10-27 07:42:00,87.85,87.85,87.85,87.85,126501.465,,80.0,0
2025-10-27 07:45:00,88.0,88.0,88.0,88.0,126735.905,,80.0,0
2025-10-27 07:48:00,87.85,87.85,87.85,87.85,126501.46,,80.0,0
2025-10-27 07:51:00,87.95,87.95,87.95,87.95,126618.68,,80.0,0
2025-10-27 07:54:00,87.85,87.85,87.85,87.2,125622.33,,80.0,0
2025-10-27 07:57:00,87.55,87.55,87.55,87.55,126032.58,,80.0,0
2025-10-27 08:00:00,87.9,87.9,87.9,87.9,126560.07,,80.0,0
2025-10-27 08:03:00,87.4,87.4,87.4,87.4,125856.77,,80.0,0
2025-10-27 08:06:00,87.80000000000001,87.80000000000001,87.80000000000001,87.80000000000001,126442.85500000001,,80.0,0
2025-10-27 08:09:00,87.75,87.75,87.75,87.75,126384.245,,80.0,0
2025-10-27 08:12:00,88.0,88.0,88.0,88.0,126735.905,,80.0,0
2025-10-27 08:15:00,87.85,87.85,87.85,87.85,126501.465,,80.0,0
2025-10-27 08:18:00,87.8,87.8,87.8,87.55000000000001,126091.205,,80.0,0
2025-10-27 08:21:00,87.9,87.9,87.9,87.9,126560.07,,80.0,0
2025-10-27 08:24:00,87.80000000000001,87.80000000000001,87.80000000000001,87.80000000000001,126442.85500000001,,80.0,0
2025-10-27 08:27:00,87.8,87.8,87.8,87.8,126442.85,,80.0,0
2025-10-27 08:30:00,87.75,87.75,87.75,87.75,126384.245,,80.0,0
2025-10-27 08:33:00,87.7,87.7,87.7,87.7,126325.64,,80.0,0
2025-10-27 08:36:00,87.7,87.7,87.7,87.7,126325.64,,80.0,0
2025-10-27 08:39:00,87.8,87.8,87.8,87.8,126442.85,,80.0,0
2025-10-27 08:42:00,87.85,87.85,87.85,87.85,126501.46,,80.0,0
2025-10-27 08:45:00,87.80000000000001,87.80000000000001,87.80000000000001,87.80000000000001,126442.85500000001,,80.0,0
2025-10-27 08:48:00,87.7,87.7,87.7,87.7,126325.64,,80.0,0
2025-10-27 08:51:00,87.9,87.9,87.9,87.9,126560.07,,80.0,0
2025-10-27 08:54:00,87.9,87.9,87.9,87.9,126560.07,,80.0,0
2025-10-27 08:57:00,88.0,88.0,88.0,88.0,126677.29,,80.0,0
2025-10-27 09:00:00,87.7,87.7,87.7,87.7,126325.64,,80.0,0
2025-10-27 09:03:00,87.6,87.6,87.6,87.6,126149.805,,80.0,0
2025-10-27 09:06:00,87.5,87.5,87.5,87.5,125973.97,,80.0,0
2025-10-27 09:09:00,87.9,87.9,87.9,87.9,126560.07,,80.0,0
2025-10-27 09:12:00,87.25,87.25,87.25,87.25,125622.32500000001,,80.0,0
2025-10-27 09:15:00,87.4,87.4,87.4,87.4,125856.76000000001,,80.0,0
2025-10-27 09:18:00,87.35,87.35,87.35,87.35,125798.155,,80.0,0
2025-10-27 09:21:00,87.4,87.4,87.4,87.4,125856.76000000001,,80.0,0
2025-10-27 09:24:00,87.05000000000001,87.05000000000001,87.05000000000001,87.05000000000001,125387.88500000001,,80.0,0
2025-10-27 09:27:00,86.80000000000001,86.80000000000001,86.80000000000001,86.80000000000001,125036.22,,80.0,0
2025-10-27 09:30:00,87.9,87.9,87.9,87.9,126560.07,,80.0,0
2025-10-27 09:33:00,87.65,87.65,87.65,87.65,126267.025,,80.0,0
2025-10-27 09:36:00,87.95,87.95,87.95,87.95,126618.68,,80.0,0
2025-10-27 09:39:00,87.65,87.65,87.65,87.65,126208.41,,80.0,0
2025-10-27 09:42:00,87.6,87.6,87.6,87.6,126091.19,,80.0,0
2025-10-27 09:45:00,87.2,87.2,87.2,87.2,125622.33,,80.0,0
2025-10-27 09:48:00,87.5,87.5,87.5,87.5,125973.98000000001,,80.0,0
2025-10-27 09:51:00,87.5,87.5,87.5,87.5,125973.98000000001,,80.0,0
2025-10-27 09:54:00,87.6,87.6,87.6,87.6,126149.8,,80.0,0
2025-10-27 09:57:00,87.55,87.55,87.55,87.55,126091.19,,80.0,0
2025-10-27 10:00:00,87.6,87.6,87.6,87.6,126149.8,,80.0,1
2025-10-27 10:03:00,87.80000000000001,87.80000000000001,87.80000000000001,87.80000000000001,126442.85500000001,,80.0,1
2025-10-27 10:06:00,87.6,87.6,87.6,86.4,124391.505,,80.0,1
2025-10-27 10:09:00,87.85,87.85,87.85,87.85,126501.46,,80.0,1
2025-10-27 10:12:00,87.6,87.6,87.6,87.6,126091.19,,80.0,1
2025-10-27 10:15:00,88.15,88.15,88.15,88.15,126911.735,,80.0,1
2025-10-27 10:18:00,87.9,87.9,87.9,87.9,126560.07,,80.0,1
2025-10-27 10:21:00,88.0,88.0,88.0,88.0,126794.52,,80.0,1
2025-10-27 10:24:00,88.5,88.5,88.5,88.5,127439.23,,80.0,1
2025-10-27 10:27:00,88.5,88.5,88.5,88.5,127497.84,,80.0,1
2025-10-27 10:30:00,88.65,88.65,88.65,88.65,127673.66500000001,,80.0,1
2025-10-27 10:33:00,88.2,88.2,88.2,88.2,127028.95999999999,,80.0,1
2025-10-27 10:36:00,88.75,88.75,88.75,88.75,127790.88500000001,,80.0,1
2025-10-27 10:39:00,88.5,88.5,88.5,88.5,127497.84,,80.0,1
2025-10-27 10:42:00,88.55,88.55,88.55,88.55,127556.45,,80.0,1
2025-10-27 10:45:00,88.8,88.8,88.8,88.8,127849.5,,80.0,1
2025-10-27 10:48:00,88.95,88.95,88.95,88.95,128142.555,,80.0,1
2025-10-27 10:51:00,89.0,89.0,89.0,89.0,128201.17,,80.0,1
2025-10-27 10:54:00,88.85,88.85,88.85,88.85,127966.72,,80.0,1
2025-10-27 10:57:00,89.15,89.15,89.15,89.15,128376.98999999999,,80.0,1
2025-10-27 11:00:00,89.1,89.1,89.1,89.1,128318.39,,80.0,1
2025-10-27 11:03:00,88.9,88.9,88.9,88.9,128025.33499999999,,80.0,1
2025-10-27 11:06:00,89.25,89.25,89.25,89.25,128494.20999999999,,80.0,1
2025-10-27 11:09:00,89.35,89.35,89.35,89.35,128611.42,,80.0,1
2025-10-27 11:12:00,89.1,89.1,89.1,89.1,128318.37,,80.0,1
2025-10-27 11:15:00,89.4,89.4,89.4,89.4,128670.03,,80.0,1
2025-10-27 11:18:00,89.4,89.4,89.4,89.4,128670.03,,80.0,1
2025-10-27 11:21:00,89.30000000000001,89.30000000000001,89.30000000000001,89.30000000000001,128552.82,,80.0,1
2025-10-27 11:24:00,89.30000000000001,89.30000000000001,89.30000000000001,89.30000000000001,128611.43,,80.0,1
2025-10-27 11:27:00,89.2,89.2,89.2,89.2,128435.6,,80.0,1
2025-10-27 11:30:00,89.55000000000001,89.55000000000001,89.55000000000001,89.55000000000001,128904.47,,80.0,1
2025-10-27 11:33:00,89.55000000000001,89.55000000000001,89.55000000000001,89.55000000000001,128904.47,,80.0,1
2025-10-27 11:36:00,89.55000000000001,89.55000000000001,89.55000000000001,89.55000000000001,128904.47,,80.0,1
2025-10-27 11:39:00,89.55000000000001,89.55000000000001,89.55000000000001,89.55000000000001,128904.47,,80.0,1
2025-10-27 11:42:00,89.65,89.65,89.65,89.65,129080.315,,80.0,0
2025-10-27 11:45:00,89.9,89.9,89.9,89.9,129431.95999999999,,80.0,0
2025-10-27 11:48:00,89.7,89.7,89.7,89.95,129549.18,,80.0,0
2025-10-27 11:51:00,89.8,89.8,89.8,89.8,129373.35,,80.0,0
2025-10-27 11:54:00,89.8,89.8,89.8,89.8,129373.35,,80.0,0
2025-10-27 11:57:00,89.8,89.8,89.8,89.8,129314.74,,80.0,0
2025-10-27 12:00:00,89.7,89.7,89.7,89.7,129138.91,,80.0,0
2025-10-27 12:03:00,89.4,89.4,89.4,89.4,128670.03,,80.0,0
2025-10-27 12:06:00,89.75,89.75,89.75,89.75,129256.13,,80.0,0
2025-10-27 12:09:00,89.30000000000001,89.30000000000001,89.30000000000001,89.30000000000001,128611.43,,80.0,0
2025-10-27 12:12:00,89.55000000000001,89.55000000000001,89.55000000000001,89.55000000000001,128904.47,,80.0,0
2025-10-27 12:15:00,89.95,89.95,89.95,89.95,129549.18,,80.0,0
2025-10-27 12:18:00,89.7,89.7,89.7,89.7,129138.91,,80.0,0
2025-10-27 12:21:00,89.4,89.4,89.4,89.4,128670.03,,80.0,0
2025-10-27 12:24:00,89.65,89.65,89.65,89.65,129080.295,,80.0,0
2025-10-27 12:27:00,89.4,89.4,89.4,89.4,128670.03,,80.0,0
2025-10-27 12:30:00,89.55000000000001,89.55000000000001,89.55000000000001,89.55000000000001,128904.47,,80.0,0
2025-10-27 12:33:00,89.55000000000001,89.55000000000001,89.55000000000001,89.55000000000001,128904.47,,80.0,0
2025-10-27 12:36:00,89.4,89.4,89.4,89.4,128728.64,,80.0,0
2025-10-27 12:39:00,89.5,89.5,89.5,89.5,128845.855,,80.0,0
2025-10-27 12:42:00,89.4,89.4,89.4,89.7,129138.91,,80.0,0
2025-10-27 12:45:00,89.4,89.4,89.4,89.4,128670.03,,80.0,0
2025-10-27 12:48:00,89.35,89.35,89.35,89.35,128611.42,,80.0,0
2025-10-27 12:51:00,89.4,89.4,89.4,89.4,128670.03,,80.0,0
2025-10-27 12:54:00,89.25,89.25,89.25,89.25,128494.2,,80.0,0
2025-10-27 12:57:00,89.55000000000001,89.55000000000001,89.55000000000001,89.55000000000001,128904.47,,80.0,0
2025-10-27 13:00:00,89.25,89.25,89.25,89.25,128494.20999999999,,80.0,0
2025-10-27 13:03:00,89.3,89.3,89.3,89.3,128552.81,,80.0,0
2025-10-27 13:06:00,89.4,89.4,89.4,89.4,128670.03,,80.0,0
2025-10-27 13:09:00,89.30000000000001,89.30000000000001,89.30000000000001,89.30000000000001,128552.82,,80.0,0
2025-10-27 13:12:00,89.30000000000001,89.30000000000001,89.30000000000001,89.30000000000001,128552.82,,80.0,0
2025-10-27 13:15:00,89.4,89.4,89.4,89.4,128670.03,,80.0,0
2025-10-27 13:18:00,89.4,89.4,89.4,89.4,128670.03,,80.0,0
2025-10-27 13:21:00,89.4,89.4,89.4,89.4,128670.03,,80.0,0
2025-10-27 13:24:00,89.4,89.4,89.4,89.30000000000001,128611.43,,80.0,0
2025-10-27 13:27:00,89.4,89.4,89.4,89.55000000000001,128904.47,,80.0,0
2025-10-27 13:30:00,89.4,89.4,89.4,89.4,128670.03,,80.0,0
2025-10-27 13:33:00,89.4,89.4,89.4,89.4,128728.64,,80.0,0
2025-10-27 13:36:00,89.4,89.4,89.4,89.4,128728.64,,80.0,0
2025-10-27 13:39:00,89.1,89.1,89.1,89.1,128318.39,,80.0,0
2025-10-27 13:42:00,89.2,89.2,89.2,89.2,128435.61,,80.0,0
2025-10-27 13:45:00,89.15,89.15,89.15,89.15,128376.985,,80.0,0
2025-10-27 13:48:00,89.25,89.25,89.25,89.25,128494.20999999999,,80.0,0
2025-10-27 13:51:00,89.5,89.5,89.5,89.5,128845.855,,80.0,0
2025-10-27 13:54:00,89.4,89.4,89.4,89.4,128670.03,,80.0,0
2025-10-27 13:57:00,89.30000000000001,89.30000000000001,89.30000000000001,89.30000000000001,128552.82,,80.0,0
2025-10-27 14:00:00,89.5,89.5,89.5,89.5,128845.86,,80.0,0
2025-10-27 14:03:00,89.35,89.35,89.35,89.35,128611.42,,80.0,0
2025-10-27 14:06:00,89.05,89.05,89.05,89.05,128259.76999999999,,80.0,0
2025-10-27 14:09:00,89.15,89.15,89.15,89.15,128376.98999999999,,80.0,0
2025-10-27 14:12:00,89.2,89.2,89.2,89.2,128435.61,,80.0,0
2025-10-27 14:15:00,89.4,89.4,89.4,89.4,128670.03,,80.0,0
2025-10-27 14:18:00,89.25,89.25,89.25,89.25,128494.20999999999,,80.0,0
2025-10-27 14:21:00,89.1,89.1,89.1,89.1,128318.375,,80.0,0
2025-10-27 14:24:00,89.2,89.2,89.2,89.2,128435.6,,80.0,0
2025-10-27 14:27:00,89.35,89.35,89.35,89.35,128611.42,,80.0,0
2025-10-27 14:30:00,89.2,89.2,89.2,89.2,128435.61,,80.0,0
2025-10-27 14:33:00,89.30000000000001,89.30000000000001,89.30000000000001,89.30000000000001,128552.82,,80.0,0
2025-10-27 14:36:00,89.4,89.4,89.4,89.4,128670.03,,80.0,0
2025-10-27 14:39:00,89.1,89.1,89.1,89.1,128318.39,,80.0,0
2025-10-27 14:42:00,89.2,89.2,89.2,89.2,128435.61,,80.0,0
2025-10-27 14:45:00,89.4,89.4,89.4,89.4,128728.64,,80.0,0
2025-10-27 14:48:00,89.2,89.2,89.2,89.2,128435.61,,80.0,0
2025-10-27 14:51:00,89.35,89.35,89.35,89.35,128611.42,,80.0,0
2025-10-27 14:54:00,89.2,89.2,89.2,89.2,128435.61,,80.0,0
2025-10-27 14:57:00,89.30000000000001,89.30000000000001,89.30000000000001,89.30000000000001,128611.43,,80.0,0
2025-10-27 15:00:00,89.3,89.3,89.3,89.3,128552.81,,80.0,0
2025-10-27 15:03:00,89.0,89.0,89.0,89.0,128201.17,,80.0,0
2025-10-27 15:06:00,89.1,89.1,89.1,89.1,128318.39,,80.0,0
2025-10-27 15:09:00,89.2,89.2,89.2,89.2,128435.61,,80.0,0
2025-10-27 15:12:00,89.05,89.05,89.05,89.05,128259.76999999999,,80.0,0
2025-10-27 15:15:00,89.2,89.2,89.2,89.2,128435.61,,80.0,0
2025-10-27 15:18:00,89.30000000000001,89.30000000000001,89.30000000000001,89.75,129197.52,,80.0,0
2025-10-27 15:21:00,89.30000000000001,89.30000000000001,89.30000000000001,89.30000000000001,128552.82,,80.0,0
2025-10-27 15:24:00,89.35,89.35,89.35,89.35,128611.42,,80.0,0
2025-10-27 15:27:00,89.35,89.35,89.35,89.35,128611.42,,80.0,0
2025-10-27 15:30:00,89.35,89.35,89.35,89.8,129256.13,,80.0,0
2025-10-27 15:33:00,89.35,89.35,89.35,89.35,128611.42,,80.0,0
2025-10-27 15:36:00,89.55000000000001,89.55000000000001,89.55000000000001,89.55000000000001,128963.08,,80.0,0
2025-10-27 15:39:00,89.3,89.3,89.3,89.3,128552.81,,80.0,0
2025-10-27 15:42:00,88.65,88.65,88.65,88.65,127673.66500000001,,80.0,0
2025-10-27 15:45:00,88.94999999999999,88.94999999999999,88.94999999999999,88.94999999999999,128083.935,,80.0,0
2025-10-27 15:48:00,89.4,89.4,89.4,89.4,128670.03,,80.0,0
2025-10-27 15:51:00,89.1,89.1,89.1,89.1,128259.76000000001,,80.0,0
2025-10-27 15:54:00,89.2,89.2,89.2,88.4,127322.0,,80.0,0
2025-10-27 15:57:00,88.95,88.95,88.95,88.95,128083.94,,80.0,0
2025-10-27 16:00:00,89.25,89.25,89.25,89.25,128494.20999999999,,80.0,0
2025-10-27 16:03:00,89.30000000000001,89.30000000000001,89.30000000000001,89.30000000000001,128552.82,,80.0,0
2025-10-27 16:06:00,89.2,89.2,89.2,89.2,128435.61,,80.0,0
2025-10-27 16:09:00,89.2,89.2,89.2,89.2,128435.61,,80.0,0
2025-10-27 16:12:00,89.5,89.5,89.5,89.5,128904.465,,80.0,0
2025-10-27 16:15:00,89.2,89.2,89.2,89.2,128435.61,,80.0,0
2025-10-27 16:18:00,88.9,88.9,88.9,88.9,127966.71,,80.0,0
2025-10-27 16:21:00,89.7,89.7,89.7,89.7,129138.91,,80.0,0
2025-10-27 16:24:00,89.4,89.4,89.4,89.4,128670.03,,80.0,0
2025-10-27 16:27:00,89.30000000000001,89.30000000000001,89.30000000000001,89.30000000000001,128552.82,,80.0,0
2025-10-27 16:30:00,89.30000000000001,89.30000000000001,89.30000000000001,89.30000000000001,128552.82,,80.0,0
2025-10-27 16:33:00,89.2,89.2,89.2,89.2,128435.61,,80.0,0
2025-10-27 16:36:00,89.4,89.4,89.4,89.4,128670.03,,80.0,0
2025-10-27 16:39:00,89.25,89.25,89.25,89.25,128494.20999999999,,80.0,0
2025-10-27 16:42:00,89.2,89.2,89.2,89.2,128435.61,,80.0,0
2025-10-27 16:45:00,89.35,89.35,89.35,89.35,128611.42,,80.0,0
2025-10-27 16:48:00,89.1,89.1,89.1,89.1,128318.39,,80.0,0
2025-10-27 16:51:00,89.4,89.4,89.4,89.4,128670.03,,80.0,0
2025-10-27 16:54:00,89.2,89.2,89.2,89.2,128435.61,,80.0,0
2025-10-27 16:57:00,89.2,89.2,89.2,89.2,128435.61,,80.0,0
2025-10-27 17:00:00,89.30000000000001,89.30000000000001,89.30000000000001,89.30000000000001,128552.82,,80.0,0
2025-10-27 17:03:00,89.25,89.25,89.25,89.25,128494.20999999999,,80.0,0
2025-10-27 17:06:00,89.3,89.3,89.3,89.3,128552.81,,80.0,0
2025-10-27 17:09:00,89.30000000000001,89.30000000000001,89.30000000000001,89.30000000000001,128552.82,,80.0,0
2025-10-27 17:12:00,89.15,89.15,89.15,89.15,128376.98999999999,,80.0,0
2025-10-27 17:15:00,89.30000000000001,89.30000000000001,89.30000000000001,89.30000000000001,128611.43,,80.0,0
2025-10-27 17:18:00,89.15,89.15,89.15,89.15,128318.37,,80.0,0
2025-10-27 17:21:00,89.35,89.35,89.35,89.35,128611.42,,80.0,0
2025-10-27 17:24:00,89.4,89.4,89.4,89.4,128670.03,,80.0,0
2025-10-27 17:27:00,89.05,89.05,89.05,89.05,128259.76999999999,,80.0,0
2025-10-27 17:30:00,89.05000000000001,89.05000000000001,89.05000000000001,89.05000000000001,128259.775,,80.0,0
2025-10-27 17:33:00,89.0,89.0,89.0,89.0,128142.54000000001,,80.0,0
2025-10-27 17:36:00,89.25,89.25,89.25,89.25,128494.20999999999,,80.0,0
2025-10-27 17:39:00,89.30000000000001,89.30000000000001,89.30000000000001,89.30000000000001,128552.82,,80.0,0
2025-10-27 17:42:00,89.2,89.2,89.2,89.2,128435.61,,80.0,0
2025-10-27 17:45:00,89.30000000000001,89.30000000000001,89.30000000000001,89.30000000000001,128552.82,,80.0,0
2025-10-27 17:48:00,89.1,89.1,89.1,89.1,128259.76000000001,,80.0,0
2025-10-27 17:51:00,89.3,89.3,89.3,89.3,128552.81,,80.0,0
2025-10-27 17:54:00,89.2,89.2,89.2,89.2,128435.61,,80.0,0
2025-10-27 17:57:00,89.05000000000001,89.05000000000001,89.05000000000001,89.05000000000001,128201.16,,80.0,0
2025-10-27 18:00:00,89.2,89.2,89.2,89.2,128435.6,,80.0,0
2025-10-27 18:03:00,89.1,89.1,89.1,89.1,128318.37,,80.0,0
2025-10-27 18:06:00,89.25,89.25,89.25,89.25,128494.20999999999,,80.0,0
2025-10-27 18:09:00,89.15,89.15,89.15,89.15,128376.98999999999,,80.0,0
2025-10-27 18:12:00,89.2,89.2,89.2,89.2,128435.61,,80.0,0
2025-10-27 18:15:00,89.1,89.1,89.1,89.1,128318.39,,80.0,0
2025-10-27 18:18:00,89.2,89.2,89.2,89.2,128435.61,,80.0,0
2025-10-27 18:21:00,89.15,89.15,89.15,89.15,128376.98999999999,,80.0,0
2025-10-27 18:24:00,89.30000000000001,89.30000000000001,89.30000000000001,89.30000000000001,128552.82,,80.0,0
2025-10-27 18:27:00,89.15,89.15,89.15,89.15,128376.98999999999,,80.0,0
2025-10-27 18:30:00,89.0,89.0,89.0,89.0,128201.17,,80.0,0
2025-10-27 18:33:00,89.15,89.15,89.15,89.15,128376.98999999999,,80.0,0
2025-10-27 18:36:00,89.35,89.35,89.35,89.35,128611.42,,80.0,0
2025-10-27 18:39:00,89.25,89.25,89.25,89.25,128494.20999999999,,80.0,0
2025-10-27 18:42:00,89.15,89.15,89.15,89.15,128376.98999999999,,80.0,0
2025-10-27 18:45:00,89.0,89.0,89.0,89.0,128201.17,,80.0,0
2025-10-27 18:48:00,89.2,89.2,89.2,89.2,128435.61,,80.0,0
2025-10-27 18:51:00,89.30000000000001,89.30000000000001,89.30000000000001,89.30000000000001,128552.82,,80.0,0
2025-10-27 18:54:00,89.15,89.15,89.15,89.15,128376.98999999999,,80.0,0
2025-10-27 18:57:00,89.15,89.15,89.15,89.15,128376.98999999999,,80.0,0
2025-10-27 19:00:00,89.2,89.2,89.2,89.2,128435.61,,80.0,0
2025-10-27 19:03:00,89.1,89.1,89.1,89.1,128318.39,,80.0,0
2025-10-27 19:06:00,89.1,89.1,89.1,89.1,128318.39,,80.0,0
2025-10-27 19:09:00,89.0,89.0,89.0,89.0,128201.155,,80.0,0
2025-10-27 19:12:00,88.95,88.95,88.95,88.95,128083.94,,80.0,0
2025-10-27 19:15:00,89.15,89.15,89.15,89.15,128376.98999999999,,80.0,0
2025-10-27 19:18:00,89.15,89.15,89.15,89.15,128376.98999999999,,80.0,0
2025-10-27 19:21:00,89.30000000000001,89.30000000000001,89.30000000000001,89.30000000000001,128552.82,,80.0,0
2025-10-27 19:24:00,89.15,89.15,89.15,89.15,128376.98999999999,,80.0,0
2025-10-27 19:27:00,89.15,89.15,89.15,88.9,128025.33499999999,,80.0,0
2025-10-27 19:30:00,89.15,89.15,89.15,88.9,128025.33499999999,,80.0,0
2025-10-27 19:33:00,89.2,89.2,89.2,89.2,128435.61,,80.0,0
2025-10-27 19:36:00,89.15,89.15,89.15,89.15,128376.98999999999,,80.0,0
2025-10-27 19:39:00,89.0,89.0,89.0,89.0,128201.17,,80.0,0
2025-10-27 19:42:00,89.1,89.1,89.1,89.1,128318.39,,80.0,0
2025-10-27 19:45:00,89.15,89.15,89.15,89.15,128376.98999999999,,80.0,0
2025-10-27 19:48:00,89.05,89.05,89.05,89.05,128259.76999999999,,80.0,0
2025-10-27 19:51:00,89.0,89.0,89.0,89.0,128201.17,,80.0,0
2025-10-27 19:54:00,89.0,89.0,89.0,89.0,128201.17,,80.0,0
2025-10-27 19:57:00,89.1,89.1,89.1,89.1,128318.37,,80.0,0
2025-10-27 20:00:00,88.95,88.95,88.95,88.95,128142.555,,80.0,0
2025-10-27 20:03:00,89.15,89.15,89.15,89.15,128376.98999999999,,80.0,0
2025-10-27 20:06:00,88.95,88.95,88.95,88.7,127790.89,,80.0,0
2025-10-27 20:09:00,88.95,88.95,88.95,88.95,128083.94,,80.0,0
2025-10-27 20:12:00,88.85,88.85,88.85,88.85,127908.10500000001,,80.0,0
2025-10-27 20:15:00,88.80000000000001,88.80000000000001,88.80000000000001,88.80000000000001,127849.49,,80.0,0
2025-10-27 20:18:00,88.95,88.95,88.95,88.95,128142.555,,80.0,0
2025-10-27 20:21:00,89.0,89.0,89.0,89.0,128201.17,,80.0,0
2025-10-27 20:24:00,88.95,88.95,88.95,88.95,128142.555,,80.0,0
2025-10-27 20:27:00,89.0,89.0,89.0,89.0,128201.17,,80.0,0
2025-10-27 20:30:00,89.0,89.0,89.0,89.0,128201.17,,80.0,0
2025-10-27 20:33:00,88.95,88.95,88.95,88.95,128142.555,,80.0,0
2025-10-27 20:36:00,89.1,89.1,89.1,89.1,128318.39,,80.0,0
2025-10-27 20:39:00,89.0,89.0,89.0,89.0,128201.17,,80.0,0
2025-10-27 20:42:00,88.9,88.9,88.9,88.9,127966.71,,80.0,0
2025-10-27 20:45:00,88.95,88.95,88.95,88.95,128142.555,,80.0,0
2025-10-27 20:48:00,89.0,89.0,89.0,89.0,128201.155,,80.0,0
2025-10-27 20:51:00,89.0,89.0,89.0,89.0,128201.17,,80.0,0
2025-10-27 20:54:00,88.5,88.5,88.5,88.5,127439.22,,80.0,0
2025-10-27 20:57:00,88.80000000000001,88.80000000000001,88.80000000000001,88.80000000000001,127849.49,,80.0,0
2025-10-27 21:00:00,88.95,88.95,88.95,88.95,128083.94,,80.0,0
2025-10-27 21:03:00,88.80000000000001,88.80000000000001,88.80000000000001,88.80000000000001,127849.49,,80.0,0
2025-10-27 21:06:00,88.75,88.75,88.75,88.75,127790.88500000001,,80.0,0
2025-10-27 21:09:00,88.7,88.7,88.7,88.7,127673.66500000001,,80.0,0
2025-10-27 21:12:00,89.0,89.0,89.0,89.0,128201.17,,80.0,0
2025-10-27 21:15:00,89.0,89.0,89.0,89.0,128201.17,,80.0,0
2025-10-27 21:18:00,88.95,88.95,88.95,88.95,128083.94,,80.0,0
2025-10-27 21:21:00,88.85,88.85,88.85,88.85,127908.10500000001,,80.0,0
2025-10-27 21:24:00,88.9,88.9,88.9,88.9,127966.71,,80.0,0
2025-10-27 21:27:00,88.65,88.65,88.65,88.65,127673.67,,80.0,0
2025-10-27 21:30:00,88.9,88.9,88.9,88.9,128025.32500000001,,80.0,0
2025-10-27 21:33:00,88.65,88.65,88.65,88.65,127673.67,,80.0,0
2025-10-27 21:36:00,88.80000000000001,88.80000000000001,88.80000000000001,88.80000000000001,127908.10500000001,,80.0,0
2025-10-27 21:39:00,88.75,88.75,88.75,88.75,127790.88500000001,,80.0,0
2025-10-27 21:42:00,88.95,88.95,88.95,88.95,128083.94,,80.0,0
2025-10-27 21:45:00,88.9,88.9,88.9,88.9,127966.71,,80.0,0
2025-10-27 21:48:00,88.9,88.9,88.9,88.9,128025.32500000001,,80.0,0
2025-10-27 21:51:00,88.9,88.9,88.9,88.9,127966.71,,80.0,0
2025-10-27 21:54:00,88.9,88.9,88.9,88.9,127966.71,,80.0,0
2025-10-27 21:57:00,88.75,88.75,88.75,88.75,127790.88500000001,,80.0,0
2025-10-27 22:00:00,88.75,88.75,88.75,88.75,127790.88500000001,,80.0,0
2025-10-27 22:03:00,88.80000000000001,88.80000000000001,88.80000000000001,88.80000000000001,127908.10500000001,,80.0,0
2025-10-27 22:06:00,88.9,88.9,88.9,88.9,127966.71,,80.0,0
2025-10-27 22:09:00,89.05,89.05,89.05,89.05,128259.76999999999,,80.0,0
2025-10-27 22:12:00,89.05000000000001,89.05000000000001,89.05000000000001,89.05000000000001,128201.16,,80.0,0
2025-10-27 22:15:00,88.9,88.9,88.9,88.9,128025.32500000001,,80.0,0
2025-10-27 22:18:00,88.9,88.9,88.9,88.9,128083.94,,80.0,0
2025-10-27 22:21:00,88.95,88.95,88.95,88.95,128083.94,,80.0,0
2025-10-27 22:24:00,88.95,88.95,88.95,88.95,128142.555,,80.0,0
2025-10-27 22:27:00,88.9,88.9,88.9,88.9,128025.32500000001,,80.0,0
2025-10-27 22:30:00,88.9,88.9,88.9,88.7,127732.27,,80.0,0
2025-10-27 22:33:00,88.9,88.9,88.9,88.9,127966.71,,80.0,0
2025-10-27 22:36:00,88.9,88.9,88.9,88.65,127673.67,,80.0,0
2025-10-27 22:39:00,88.85,88.85,88.85,88.85,127908.10500000001,,80.0,0
2025-10-27 22:42:00,88.85,88.85,88.85,88.85,127908.10500000001,,80.0,0
2025-10-27 22:45:00,88.9,88.9,88.9,88.9,127966.71,,80.0,0
2025-10-27 22:48:00,88.9,88.9,88.9,88.9,128025.32500000001,,80.0,0
2025-10-27 22:51:00,88.85,88.85,88.85,88.85,127966.72,,80.0,0
2025-10-27 22:54:00,88.85,88.85,88.85,88.85,127908.10500000001,,80.0,0
2025-10-27 22:57:00,88.75,88.75,88.75,88.75,127790.88500000001,,80.0,0
2025-10-27 23:00:00,88.75,88.75,88.75,88.75,127790.88500000001,,80.0,0
2025-10-27 23:03:00,88.9,88.9,88.9,88.9,127966.71,,80.0,0
2025-10-27 23:06:00,88.80000000000001,88.80000000000001,88.80000000000001,88.80000000000001,127849.49,,80.0,0
2025-10-27 23:09:00,88.85,88.85,88.85,88.85,127908.10500000001,,80.0,0
2025-10-27 23:12:00,88.8,88.8,88.8,88.8,127849.5,,80.0,0
2025-10-27 23:15:00,88.95,88.95,88.95,88.95,128083.94,,80.0,0
2025-10-27 23:18:00,88.95,88.95,88.95,88.95,128083.94,,80.0,0
2025-10-27 23:21:00,88.95,88.95,88.95,88.95,128083.94,,80.0,0
2025-10-27 23:24:00,88.9,88.9,88.9,88.9,127966.71,,80.0,0
2025-10-27 23:27:00,88.75,88.75,88.75,88.75,127790.88500000001,,80.0,0
2025-10-27 23:30:00,89.0,89.0,89.0,89.0,128142.54000000001,,80.0,0
2025-10-27 23:33:00,88.80000000000001,88.80000000000001,88.80000000000001,88.80000000000001,127849.49,,80.0,0
2025-10-27 23:36:00,88.9,88.9,88.9,88.9,127966.71,,80.0,0
2025-10-27 23:39:00,88.9,88.9,88.9,88.9,128025.32500000001,,80.0,0
2025-10-27 23:42:00,88.9,88.9,88.9,88.9,127966.71,,80.0,0
2025-10-27 23:45:00,88.65,88.65,88.65,88.65,127673.67,,80.0,0
2025-10-27 23:48:00,88.80000000000001,88.80000000000001,88.80000000000001,88.80000000000001,127849.49,,80.0,0
2025-10-27 23:51:00,88.80000000000001,88.80000000000001,88.80000000000001,88.80000000000001,127849.49,,80.0,0
2025-10-27 23:54:00,88.80000000000001,88.80000000000001,88.80000000000001,88.80000000000001,127849.49,,80.0,0
2025-10-27 23:57:00,88.8,88.8,88.8,88.8,127849.5,,80.0,0
2025-10-28 00:00:00,88.9,88.9,88.9,88.9,127966.71,,80.0,0
2025-10-28 00:03:00,88.95,88.95,88.95,88.95,128142.555,,80.0,0
2025-10-28 00:06:00,88.9,88.9,88.9,88.9,127966.71,,80.0,0
2025-10-28 00:09:00,88.85,88.85,88.85,88.85,127908.10500000001,,80.0,0
2025-10-28 00:12:00,88.80000000000001,88.80000000000001,88.80000000000001,88.80000000000001,127849.49,,80.0,0
2025-10-28 00:15:00,88.65,88.65,88.65,88.65,127673.66500000001,,80.0,0
2025-10-28 00:18:00,88.85,88.85,88.85,88.85,127908.10500000001,,80.0,0
2025-10-28 00:21:00,88.7,88.7,88.7,88.7,127732.275,,80.0,0
2025-10-28 00:24:00,88.8,88.8,88.8,88.8,127849.5,,80.0,0
2025-10-28 00:27:00,88.7,88.7,88.7,88.7,127732.27,,80.0,0
2025-10-28 00:30:00,88.7,88.7,88.7,88.7,127732.27,,80.0,0
2025-10-28 00:33:00,88.8,88.8,88.8,88.8,127849.5,,80.0,0
2025-10-28 00:36:00,88.9,88.9,88.9,88.9,127966.71,,80.0,0
2025-10-28 00:39:00,88.9,88.9,88.9,88.9,128025.32500000001,,80.0,0
2025-10-28 00:42:00,88.95,88.95,88.95,88.95,128083.94,,80.0,0
2025-10-28 00:45:00,88.65,88.65,88.65,88.65,127673.67,,80.0,0
2025-10-28 00:48:00,88.85,88.85,88.85,88.85,127908.10500000001,,80.0,0
2025-10-28 00:51:00,88.95,88.95,88.95,88.95,128083.94,,80.0,0
2025-10-28 00:54:00,88.8,88.8,88.8,88.8,127849.5,,80.0,0
2025-10-28 00:57:00,88.8,88.8,88.8,88.8,127849.5,,80.0,0
2025-10-28 01:00:00,88.4,88.4,88.4,88.4,127322.0,,80.0,0
2025-10-28 01:03:00,88.25,88.25,88.25,88.25,127146.175,,80.0,0
2025-10-28 01:06:00,89.0,89.0,89.0,89.0,128201.17,,80.0,0
2025-10-28 01:09:00,88.5,88.5,88.5,88.5,127380.62,,80.0,0
2025-10-28 01:12:00,88.35,88.35,88.35,87.1,125387.88,,80.0,0
2025-10-28 01:15:00,88.35,88.35,88.35,88.35,127263.395,,80.0,0
2025-10-28 01:18:00,87.9,87.9,87.9,87.9,126560.07,,80.0,0
2025-10-28 01:21:00,87.55000000000001,87.55000000000001,87.55000000000001,87.55000000000001,126091.195,,80.0,0
2025-10-28 01:24:00,88.5,88.5,88.5,88.5,127497.84,,80.0,0
2025-10-28 01:27:00,88.0,88.0,88.0,88.0,126794.52,,80.0,0
2025-10-28 01:30:00,88.6,88.6,88.6,88.6,127615.055,,80.0,0
2025-10-28 01:33:00,88.95,88.95,88.95,88.95,128083.94,,80.0,0
2025-10-28 01:36:00,88.25,88.25,88.25,88.25,127146.18,,80.0,0
2025-10-28 01:39:00,88.9,88.9,88.9,88.9,127966.71,,80.0,0
2025-10-28 01:42:00,88.7,88.7,88.7,88.7,127732.27,,80.0,0
2025-10-28 01:45:00,88.9,88.9,88.9,88.9,128025.32500000001,,80.0,0
2025-10-28 01:48:00,88.6,88.6,88.6,88.6,127615.055,,80.0,0
2025-10-28 01:51:00,88.6,88.6,88.6,88.6,127556.445,,80.0,0
2025-10-28 01:54:00,88.80000000000001,88.80000000000001,88.80000000000001,88.80000000000001,127849.49,,80.0,0
2025-10-28 01:57:00,88.9,88.9,88.9,88.9,127966.71,,80.0,0
2025-10-28 02:00:00,88.75,88.75,88.75,88.75,127790.88500000001,,80.0,0
2025-10-28 02:03:00,88.55,88.55,88.55,88.55,127556.45,,80.0,0
2025-10-28 02:06:00,88.95,88.95,88.95,88.95,128142.555,,80.0,0
2025-10-28 02:09:00,88.9,88.9,88.9,88.9,127966.71,,80.0,0
2025-10-28 02:12:00,88.6,88.6,88.6,88.6,127615.055,,80.0,0
2025-10-28 02:15:00,88.9,88.9,88.9,88.9,128025.32500000001,,80.0,0
2025-10-28 02:18:00,88.6,88.6,88.6,88.6,127556.445,,80.0,0
2025-10-28 02:21:00,88.7,88.7,88.7,88.7,127732.27,,80.0,0
2025-10-28 02:24:00,88.9,88.9,88.9,88.9,128025.32500000001,,80.0,0
2025-10-28 02:27:00,88.75,88.75,88.75,88.75,127790.88500000001,,80.0,0
2025-10-28 02:30:00,88.8,88.8,88.8,88.8,127849.5,,80.0,0
2025-10-28 02:33:00,88.75,88.75,88.75,88.75,127790.88500000001,,80.0,0
2025-10-28 02:36:00,88.75,88.75,88.75,88.75,127790.88500000001,,80.0,0
2025-10-28 02:39:00,88.85,88.85,88.85,88.85,127908.10500000001,,80.0,0
2025-10-28 02:42:00,88.65,88.65,88.65,88.65,127673.66500000001,,80.0,0
2025-10-28 02:45:00,88.85,88.85,88.85,88.85,127908.10500000001,,80.0,0
2025-10-28 02:48:00,88.7,88.7,88.7,88.7,127732.27,,80.0,0
2025-10-28 02:51:00,88.9,88.9,88.9,88.9,128025.33499999999,,80.0,0
2025-10-28 02:54:00,88.95,88.95,88.95,88.95,128083.94,,80.0,0
2025-10-28 02:57:00,88.75,88.75,88.75,88.75,127790.88500000001,,80.0,0
2025-10-28 03:00:00,88.9,88.9,88.9,88.9,128025.32500000001,,80.0,0
2025-10-28 03:03:00,88.7,88.7,88.7,88.7,127732.27,,80.0,0
2025-10-28 03:06:00,88.80000000000001,88.80000000000001,88.80000000000001,88.80000000000001,127849.49,,80.0,0
2025-10-28 03:09:00,88.7,88.7,88.7,88.7,127732.27,,80.0,0
2025-10-28 03:12:00,88.80000000000001,88.80000000000001,88.80000000000001,88.80000000000001,127849.49,,80.0,0
2025-10-28 03:15:00,88.5,88.5,88.5,88.5,127439.23,,80.0,0
2025-10-28 03:18:00,88.75,88.75,88.75,88.75,127790.88500000001,,80.0,0
2025-10-28 03:21:00,88.85,88.85,88.85,88.85,127908.10500000001,,80.0,0
2025-10-28 03:24:00,88.7,88.7,88.7,88.7,127732.27,,80.0,0
2025-10-28 03:27:00,88.6,88.6,88.6,88.6,127615.06,,80.0,0
2025-10-28 03:30:00,88.6,88.6,88.6,88.6,127615.06,,80.0,0
2025-10-28 03:33:00,88.5,88.5,88.5,88.5,127380.62,,80.0,0
2025-10-28 03:36:00,88.6,88.6,88.6,88.85,127966.72,,80.0,0
2025-10-28 03:39:00,88.55,88.55,88.55,88.55,127556.45,,80.0,0
2025-10-28 03:42:00,88.55000000000001,88.55000000000001,88.55000000000001,88.55000000000001,127497.83499999999,,80.0,0
2025-10-28 03:45:00,88.65,88.65,88.65,88.65,127673.66500000001,,80.0,0
2025-10-28 03:48:00,88.69999999999999,88.69999999999999,88.69999999999999,88.69999999999999,127732.28,,80.0,0
2025-10-28 03:51:00,88.6,88.6,88.6,88.6,127615.06,,80.0,0
2025-10-28 03:54:00,88.5,88.5,88.5,88.5,127439.23,,80.0,0
2025-10-28 03:57:00,88.5,88.5,88.5,88.5,127497.84,,80.0,0
2025-10-28 04:00:00,88.5,88.5,88.5,88.5,127497.84,,80.0,0
2025-10-28 04:03:00,88.5,88.5,88.5,88.5,127497.84,,80.0,0
2025-10-28 04:06:00,88.3,88.3,88.3,88.3,127204.785,,80.0,0
2025-10-28 04:09:00,88.5,88.5,88.5,88.5,127497.84,,80.0,0
2025-10-28 04:12:00,88.3,88.3,88.3,88.3,127146.17499999999,,80.0,0
2025-10-28 04:15:00,88.2,88.2,88.2,88.2,127028.95999999999,,80.0,0
2025-10-28 04:18:00,88.5,88.5,88.5,88.5,127439.23,,80.0,0
2025-10-28 04:21:00,88.45,88.45,88.45,88.45,127322.01,,80.0,0
2025-10-28 04:24:00,88.1,88.1,88.1,88.1,126911.73,,80.0,0
2025-10-28 04:27:00,88.45,88.45,88.45,88.45,127380.62,,80.0,0
2025-10-28 04:30:00,88.4,88.4,88.4,88.4,127263.4,,80.0,0
2025-10-28 04:33:00,87.95,87.95,87.95,87.95,126618.68,,80.0,0
2025-10-28 04:36:00,88.0,88.0,88.0,88.0,126794.52,,80.0,0
2025-10-28 04:39:00,88.45,88.45,88.45,88.45,127322.01,,80.0,0
2025-10-28 04:42:00,87.9,87.9,87.9,87.9,126560.07,,80.0,0
2025-10-28 04:45:00,88.0,88.0,88.0,88.0,126735.905,,80.0,0
2025-10-28 04:48:00,87.85,87.85,87.85,87.85,126501.465,,80.0,0
2025-10-28 04:51:00,88.0,88.0,88.0,88.0,126794.52,,80.0,0
2025-10-28 04:54:00,87.95,87.95,87.95,87.95,126677.29500000001,,80.0,0
2025-10-28 04:57:00,87.95,87.95,87.95,88.0,126735.905,,80.0,0
2025-10-28 05:00:00,87.95,87.95,87.95,88.0,126794.52,,80.0,0
2025-10-28 05:03:00,87.95,87.95,87.95,87.95,126677.29500000001,,80.0,0
2025-10-28 05:06:00,87.95,87.95,87.95,87.95,126677.29500000001,,80.0,0
2025-10-28 05:09:00,87.95,87.95,87.95,87.95,126618.68,,80.0,0
2025-10-28 05:12:00,88.0,88.0,88.0,88.0,126794.52,,80.0,0
2025-10-28 05:15:00,87.95,87.95,87.95,87.95,126618.68,,80.0,0
2025-10-28 05:18:00,87.9,87.9,87.9,87.55,126091.195,,80.0,0
2025-10-28 05:21:00,87.75,87.75,87.75,87.75,126325.63,,80.0,0
2025-10-28 05:24:00,87.85,87.85,87.85,87.85,126501.46,,80.0,0
2025-10-28 05:27:00,87.9,87.9,87.9,87.9,126560.07,,80.0,0
2025-10-28 05:30:00,87.75,87.75,87.75,86.0,123864.025,,80.0,0
2025-10-28 05:33:00,87.7,87.7,87.7,87.7,126325.64,,80.0,0
2025-10-28 05:36:00,87.7,87.7,87.7,87.7,126325.64,,80.0,0
2025-10-28 05:39:00,87.75,87.75,87.75,87.75,126325.63,,80.0,0
2025-10-28 05:42:00,87.8,87.8,87.8,87.8,126442.85,,80.0,0
2025-10-28 05:45:00,87.75,87.75,87.75,87.75,126384.245,,80.0,0
2025-10-28 05:48:00,87.7,87.7,87.7,87.7,126325.64,,80.0,0
2025-10-28 05:51:00,87.7,87.7,87.7,87.35,125798.15,,80.0,0
2025-10-28 05:54:00,87.7,87.7,87.7,87.7,126325.64,,80.0,0
2025-10-28 05:57:00,87.7,87.7,87.7,87.7,126325.64,,80.0,0
2025-10-28 06:00:00,87.65,87.65,87.65,87.65,126267.025,,80.0,0
2025-10-28 06:03:00,87.6,87.6,87.6,87.6,126091.19,,80.0,0
2025-10-28 06:06:00,87.55,87.55,87.55,87.55,126091.19,,80.0,0
2025-10-28 06:09:00,87.6,87.6,87.6,87.75,126384.245,,80.0,0
2025-10-28 06:12:00,87.6,87.6,87.6,87.6,126149.8,,80.0,0
2025-10-28 06:15:00,87.80000000000001,87.80000000000001,87.80000000000001,87.80000000000001,126442.85500000001,,80.0,0
2025-10-28 06:18:00,87.6,87.6,87.6,87.6,126149.8,,80.0,0
2025-10-28 06:21:00,87.6,87.6,87.6,87.6,126149.805,,80.0,0
2025-10-28 06:24:00,87.6,87.6,87.6,87.6,126149.8,,80.0,0
2025-10-28 06:27:00,87.55,87.55,87.55,87.55,126032.58,,80.0,0
2025-10-28 06:30:00,87.65,87.65,87.65,87.65,126208.41500000001,,80.0,0
2025-10-28 06:33:00,87.4,87.4,87.4,87.4,125798.145,,80.0,0
2025-10-28 06:36:00,87.5,87.5,87.5,87.5,125973.97,,80.0,0
2025-10-28 06:39:00,87.6,87.6,87.6,87.6,126091.19,,80.0,0
2025-10-28 06:42:00,87.6,87.6,87.6,87.6,126149.8,,80.0,0
2025-10-28 06:45:00,87.5,87.5,87.5,87.5,125973.97,,80.0,0
2025-10-28 06:48:00,87.6,87.6,87.6,87.6,126091.19,,80.0,0
2025-10-28 06:51:00,87.55,87.55,87.55,87.55,126032.58,,80.0,0
2025-10-28 06:54:00,87.30000000000001,87.30000000000001,87.30000000000001,87.30000000000001,125739.55,,80.0,0
2025-10-28 06:57:00,87.6,87.6,87.6,87.6,126149.8,,80.0,0
2025-10-28 07:00:00,87.45,87.45,87.45,87.45,125915.37,,80.0,0
2025-10-28 07:03:00,87.5,87.5,87.5,87.25,125622.315,,80.0,0
2025-10-28 07:06:00,87.5,87.5,87.5,87.5,125973.97,,80.0,0
2025-10-28 07:09:00,87.5,87.5,87.5,87.5,125973.98000000001,,80.0,0
2025-10-28 07:12:00,87.55,87.55,87.55,87.55,126032.58,,80.0,0
2025-10-28 07:15:00,87.4,87.4,87.4,87.4,125856.755,,80.0,0
2025-10-28 07:18:00,87.45,87.45,87.45,87.45,125915.37,,80.0,0
2025-10-28 07:21:00,87.55,87.55,87.55,87.55,126032.58,,80.0,0
2025-10-28 07:24:00,87.5,87.5,87.5,87.5,125973.97,,80.0,0
2025-10-28 07:27:00,87.55,87.55,87.55,87.55,126032.58,,80.0,0
2025-10-28 07:30:00,87.35,87.35,87.35,87.35,125739.535,,80.0,0
2025-10-28 07:33:00,87.25,87.25,87.25,87.25,125680.935,,80.0,0
2025-10-28 07:36:00,87.45,87.45,87.45,87.45,125915.37,,80.0,0
2025-10-28 07:39:00,87.5,87.5,87.5,87.5,125973.97,,80.0,0
2025-10-28 07:42:00,87.30000000000001,87.30000000000001,87.30000000000001,87.30000000000001,125739.55,,80.0,0
2025-10-28 07:45:00,86.8,86.8,85.94999999999999,85.94999999999999,123746.8,,80.0,0
2025-10-28 07:48:00,86.2,86.2,86.2,84.85,122222.93,,80.0,0
2025-10-28 07:51:00,86.2,86.2,86.2,86.2,124098.465,,80.0,0
2025-10-28 07:54:00,86.35,86.35,86.35,86.35,124391.51,,80.0,0
2025-10-28 07:57:00,85.94999999999999,85.94999999999999,85.94999999999999,84.95,122281.555,,80.0,0
2025-10-28 08:00:00,85.9,85.9,85.9,85.9,123688.19,,80.0,0
2025-10-28 08:03:00,86.15,86.15,86.15,84.95,122281.555,,80.0,0
2025-10-28 08:06:00,86.35,86.35,86.35,86.35,124332.9,,80.0,0
2025-10-28 08:09:00,86.15,86.15,86.15,86.15,124098.465,,80.0,0
2025-10-28 08:12:00,85.94999999999999,85.94999999999999,85.94999999999999,85.94999999999999,123746.8,,80.0,0
2025-10-28 08:15:00,86.25,86.25,86.25,86.25,124215.685,,80.0,0
2025-10-28 08:18:00,86.25,86.25,86.25,86.25,124215.68,,80.0,0
2025-10-28 08:21:00,86.1,86.1,86.1,86.1,123981.245,,80.0,0
2025-10-28 08:24:00,86.1,86.1,86.1,86.1,123981.245,,80.0,0
2025-10-28 08:27:00,86.30000000000001,86.30000000000001,86.30000000000001,86.30000000000001,124332.905,,80.0,0
2025-10-28 08:30:00,86.1,86.1,86.1,87.15,125505.10500000001,,80.0,0
2025-10-28 08:33:00,86.1,86.1,86.1,86.1,123981.245,,80.0,0
2025-10-28 08:36:00,86.1,86.1,86.1,86.1,123981.245,,80.0,0
2025-10-28 08:39:00,86.25,86.25,86.25,86.25,124215.68,,80.0,0
2025-10-28 08:42:00,86.1,86.1,86.1,86.1,123981.245,,80.0,0
2025-10-28 08:45:00,86.1,86.1,86.1,86.1,123981.245,,80.0,0
2025-10-28 08:48:00,86.25,86.25,86.25,85.45,123043.48000000001,,80.0,0
2025-10-28 08:51:00,87.3,87.3,87.3,87.3,125680.925,,80.0,0
2025-10-28 08:54:00,87.4,87.4,87.4,87.4,125856.755,,80.0,0
2025-10-28 08:57:00,87.30000000000001,87.30000000000001,87.30000000000001,87.30000000000001,125680.935,,80.0,0
2025-10-28 09:00:00,87.3,87.3,87.3,87.3,125739.54,,80.0,0
2025-10-28 09:03:00,87.45,87.45,87.45,87.45,125915.37,,80.0,0
2025-10-28 09:06:00,87.05,87.05,87.05,87.05,125329.26000000001,,80.0,0
2025-10-28 09:09:00,87.35,87.35,87.35,87.35,125798.15,,80.0,0
2025-10-28 09:12:00,87.30000000000001,87.30000000000001,87.30000000000001,87.30000000000001,125739.55,,80.0,0
2025-10-28 09:15:00,87.2,87.2,87.2,87.2,125622.33,,80.0,0
2025-10-28 09:18:00,87.45,87.45,87.45,87.45,125915.37,,80.0,0
2025-10-28 09:21:00,87.4,87.4,87.4,87.4,125856.77,,80.0,0
2025-10-28 09:24:00,87.6,87.6,87.6,87.6,126091.19,,80.0,0
2025-10-28 09:27:00,87.25,87.25,87.25,87.25,125680.935,,80.0,0
2025-10-28 09:30:00,87.35,87.35,87.35,87.35,125798.155,,80.0,0
2025-10-28 09:33:00,87.55,87.55,87.55,87.55,126032.58,,80.0,0
2025-10-28 09:36:00,87.4,87.4,87.4,87.4,125856.755,,80.0,0
2025-10-28 09:39:00,87.4,87.4,87.4,87.4,125856.77,,80.0,0
2025-10-28 09:42:00,87.55,87.55,87.55,87.55,126032.58,,80.0,0
2025-10-28 09:45:00,87.45,87.45,87.45,87.45,125915.37,,80.0,0
2025-10-28 09:48:00,87.45,87.45,87.45,87.45,125915.37,,80.0,0
2025-10-28 09:51:00,87.4,87.4,87.4,86.9,125153.44,,80.0,0
2025-10-28 09:54:00,87.5,87.5,87.5,87.5,125973.97,,80.0,0
2025-10-28 09:57:00,87.2,87.2,87.2,87.2,125622.33,,80.0,0
2025-10-28 10:00:00,87.4,87.4,87.4,87.4,125856.77,,80.0,0
2025-10-28 10:03:00,87.35,87.35,87.35,87.35,125798.155,,80.0,0
2025-10-28 10:06:00,87.35,87.35,87.35,87.35,125798.15,,80.0,0
2025-10-28 10:09:00,87.35,87.35,87.35,87.35,125739.535,,80.0,0
2025-10-28 10:12:00,87.5,87.5,87.5,87.5,125973.97,,80.0,0
2025-10-28 10:15:00,87.35,87.35,87.35,87.35,125798.155,,80.0,0
2025-10-28 10:18:00,87.19999999999999,87.19999999999999,87.19999999999999,87.19999999999999,125563.70999999999,,80.0,0
2025-10-28 10:21:00,87.4,87.4,87.4,87.4,125856.76000000001,,80.0,0
2025-10-28 10:24:00,87.35,87.35,87.35,87.35,125798.155,,80.0,0
2025-10-28 10:27:00,87.4,87.4,87.4,87.4,125856.77,,80.0,0
2025-10-28 10:30:00,87.45,87.45,87.45,87.45,125915.37,,80.0,0
2025-10-28 10:33:00,87.25,87.25,87.25,87.25,125680.935,,80.0,0
2025-10-28 10:36:00,87.45,87.45,87.45,87.45,125915.37,,80.0,0
2025-10-28 10:39:00,87.35,87.35,87.35,86.9,125153.44,,80.0,0
2025-10-28 10:42:00,87.30000000000001,87.30000000000001,87.30000000000001,87.30000000000001,125739.55,,80.0,0
2025-10-28 10:45:00,87.4,87.4,87.4,87.4,125856.77,,80.0,0
2025-10-28 10:48:00,87.35,87.35,87.35,87.35,125798.155,,80.0,0
2025-10-28 10:51:00,87.5,87.5,87.5,87.5,125973.97,,80.0,0
2025-10-28 10:54:00,87.30000000000001,87.30000000000001,87.30000000000001,87.30000000000001,125739.55,,80.0,0
2025-10-28 10:57:00,87.4,87.4,87.4,87.4,125856.77,,80.0,0
2025-10-28 11:00:00,87.4,87.4,87.4,87.4,125856.77,,80.0,0
2025-10-28 11:03:00,87.30000000000001,87.30000000000001,87.30000000000001,87.30000000000001,125739.55,,80.0,0
2025-10-28 11:06:00,87.4,87.4,87.4,87.4,125856.77,,80.0,0
2025-10-28 11:09:00,87.45,87.45,87.45,87.45,125915.37,,80.0,0
2025-10-28 11:12:00,87.5,87.5,87.5,87.5,125973.97,,80.0,0
2025-10-28 11:15:00,87.25,87.25,87.25,87.25,125680.935,,80.0,0
2025-10-28 11:18:00,87.35,87.35,87.35,87.35,125798.155,,80.0,0
2025-10-28 11:21:00,87.35,87.35,87.35,86.9,125153.44,,80.0,0
2025-10-28 11:24:00,87.25,87.25,87.25,87.25,125680.935,,80.0,0
2025-10-28 11:27:00,87.35,87.35,87.35,87.35,125798.155,,80.0,0
2025-10-28 11:30:00,87.45,87.45,87.45,87.45,125915.37,,80.0,0
2025-10-28 11:33:00,86.55,86.55,86.55,86.55,124625.95000000001,,80.0,0
2025-10-28 11:36:00,87.05000000000001,87.05000000000001,87.05000000000001,87.05000000000001,125329.275,,80.0,0
2025-10-28 11:39:00,86.95,86.95,86.95,86.95,125270.66500000001,,80.0,0
2025-10-28 11:42:00,86.9,86.9,86.9,86.9,125153.435,,80.0,0
2025-10-28 11:45:00,87.2,87.2,87.2,87.2,125622.33,,80.0,0
2025-10-28 11:48:00,87.30000000000001,87.30000000000001,87.30000000000001,87.30000000000001,125739.55,,80.0,0
2025-10-28 11:51:00,87.2,87.2,87.2,87.2,125563.715,,80.0,0
2025-10-28 11:54:00,87.2,87.2,87.2,87.2,125563.715,,80.0,0
2025-10-28 11:57:00,87.15,87.15,87.15,87.15,125505.10500000001,,80.0,0
2025-10-28 12:00:00,87.30000000000001,87.30000000000001,87.30000000000001,87.30000000000001,125739.55,,80.0,0
2025-10-28 12:03:00,87.15,87.15,87.15,87.15,125505.10500000001,,80.0,0
2025-10-28 12:06:00,87.45,87.45,87.45,87.45,125915.37,,80.0,0
2025-10-28 12:09:00,87.4,87.4,87.4,87.4,125798.145,,80.0,0
2025-10-28 12:12:00,87.30000000000001,87.30000000000001,87.30000000000001,87.55,126032.58,,80.0,0
2025-10-28 12:15:00,87.55,87.55,87.55,87.55,126032.58,,80.0,0
2025-10-28 12:18:00,87.30000000000001,87.30000000000001,87.30000000000001,87.30000000000001,125680.935,,80.0,0
2025-10-28 12:21:00,87.30000000000001,87.30000000000001,87.30000000000001,87.30000000000001,125739.55,,80.0,0
2025-10-28 12:24:00,87.25,87.25,87.25,87.25,125680.935,,80.0,0
2025-10-28 12:27:00,87.30000000000001,87.30000000000001,87.30000000000001,87.30000000000001,125739.55,,80.0,0
2025-10-28 12:30:00,87.44999999999999,87.44999999999999,87.44999999999999,87.44999999999999,125915.36499999999,,80.0,0
2025-10-28 12:33:00,87.25,87.25,87.25,87.25,125622.32,,80.0,0
2025-10-28 12:36:00,87.19999999999999,87.19999999999999,87.19999999999999,87.19999999999999,125563.70999999999,,80.0,0
2025-10-28 12:39:00,87.30000000000001,87.30000000000001,87.30000000000001,87.30000000000001,125739.55,,80.0,0
2025-10-28 12:42:00,87.5,87.5,87.5,87.5,125973.98000000001,,80.0,0
2025-10-28 12:45:00,87.15,87.15,87.15,87.15,125446.49,,80.0,0
2025-10-28 12:48:00,87.3,87.3,87.3,86.55,124625.95000000001,,80.0,0
2025-10-28 12:51:00,87.4,87.4,87.4,87.4,125856.77,,80.0,0
2025-10-28 12:54:00,87.3,87.3,87.3,87.3,125739.54,,80.0,0
2025-10-28 12:57:00,87.1,87.1,87.1,87.1,125387.88,,80.0,0
2025-10-28 13:00:00,87.30000000000001,87.30000000000001,87.30000000000001,87.30000000000001,125739.55,,80.0,0
2025-10-28 13:03:00,87.55,87.55,87.55,87.55,126032.58,,80.0,0
2025-10-28 13:06:00,87.25,87.25,87.25,87.25,125680.935,,80.0,0
2025-10-28 13:09:00,87.2,87.2,87.2,87.2,125622.33,,80.0,0
2025-10-28 13:12:00,87.35,87.35,87.35,87.35,125798.155,,80.0,0
2025-10-28 13:15:00,87.2,87.2,87.2,87.2,125622.33,,80.0,0
2025-10-28 13:18:00,87.2,87.2,87.2,87.2,125622.33,,80.0,0
2025-10-28 13:21:00,87.35,87.35,87.35,87.35,125798.155,,80.0,0
2025-10-28 13:24:00,87.35,87.35,87.35,87.35,125798.15,,80.0,0
2025-10-28 13:27:00,87.05000000000001,87.05000000000001,87.05000000000001,87.05000000000001,125329.275,,80.0,0
2025-10-28 13:30:00,86.95,86.95,86.95,86.95,125270.66500000001,,80.0,0
2025-10-28 13:33:00,87.30000000000001,87.30000000000001,87.30000000000001,87.30000000000001,125739.55,,80.0,0
2025-10-28 13:36:00,87.2,87.2,87.2,87.2,125622.33,,80.0,0
2025-10-28 13:39:00,87.30000000000001,87.30000000000001,87.30000000000001,87.30000000000001,125739.55,,80.0,0
2025-10-28 13:42:00,87.4,87.4,87.4,87.4,125856.77,,80.0,0
2025-10-28 13:45:00,87.4,87.4,87.4,87.4,125856.77,,80.0,0
2025-10-28 13:48:00,87.30000000000001,87.30000000000001,87.30000000000001,87.30000000000001,125739.55,,80.0,0
2025-10-28 13:51:00,87.3,87.3,87.3,87.3,125739.54,,80.0,0
2025-10-28 13:54:00,87.4,87.4,87.4,87.4,125856.77,,80.0,0
2025-10-28 13:57:00,87.35,87.35,87.35,87.35,125798.155,,80.0,0
2025-10-28 14:00:00,87.25,87.25,87.25,87.25,125680.935,,80.0,0
2025-10-28 14:03:00,87.3,87.3,87.3,87.3,125739.54,,80.0,0
2025-10-28 14:06:00,87.2,87.2,87.2,87.2,125505.1,,80.0,0
2025-10-28 14:09:00,87.15,87.15,87.15,87.15,125505.10500000001,,80.0,0
2025-10-28 14:12:00,87.25,87.25,87.25,87.25,125680.935,,80.0,0
2025-10-28 14:15:00,87.25,87.25,87.25,87.5,125973.98000000001,,80.0,0
2025-10-28 14:18:00,87.4,87.4,87.4,87.4,125856.77,,80.0,0
2025-10-28 14:21:00,87.15,87.15,87.15,87.15,125505.10500000001,,80.0,0
2025-10-28 14:24:00,87.2,87.2,87.2,87.4,125856.755,,80.0,0
2025-10-28 14:27:00,87.2,87.2,87.2,87.2,125622.33,,80.0,0
2025-10-28 14:30:00,87.2,87.2,87.2,87.2,125505.1,,80.0,0
2025-10-28 14:33:00,87.19999999999999,87.19999999999999,87.19999999999999,87.19999999999999,125563.70999999999,,80.0,0
2025-10-28 14:36:00,87.2,87.2,87.2,87.2,125563.715,,80.0,0
2025-10-28 14:39:00,87.2,87.2,87.2,87.2,125622.33,,80.0,0
2025-10-28 14:42:00,87.2,87.2,87.2,87.25,125680.935,,80.0,0
2025-10-28 14:45:00,87.25,87.25,87.25,87.25,125680.935,,80.0,0
2025-10-28 14:48:00,87.45,87.45,87.45,87.45,125915.37,,80.0,0
2025-10-28 14:51:00,87.2,87.2,87.2,87.2,125563.715,,80.0,0
2025-10-28 14:54:00,87.25,87.25,87.25,87.25,125680.935,,80.0,0
2025-10-28 14:57:00,87.45,87.45,87.45,87.45,125915.37,,80.0,0
2025-10-28 15:00:00,87.2,87.2,87.2,87.2,125563.715,,80.0,0
2025-10-28 15:03:00,87.3,87.3,87.3,87.3,125739.54,,80.0,0
2025-10-28 15:06:00,87.30000000000001,87.30000000000001,87.30000000000001,87.30000000000001,125680.935,,80.0,0
2025-10-28 15:09:00,87.15,87.15,87.15,87.15,125505.10500000001,,80.0,0
2025-10-28 15:12:00,87.15,87.15,87.15,87.15,125505.10500000001,,80.0,0
2025-10-28 15:15:00,87.2,87.2,87.2,86.95,125270.66500000001,,80.0,0
2025-10-28 15:18:00,87.25,87.25,87.25,87.25,125680.935,,80.0,0
2025-10-28 15:21:00,87.2,87.2,87.2,87.2,125563.715,,80.0,0
2025-10-28 15:24:00,87.15,87.15,87.15,87.15,125446.49,,80.0,0
2025-10-28 15:27:00,87.2,87.2,87.2,87.2,125563.715,,80.0,0
2025-10-28 15:30:00,87.2,87.2,87.2,87.2,125563.715,,80.0,0
2025-10-28 15:33:00,87.15,87.15,87.15,87.15,125446.49,,80.0,0
2025-10-28 15:36:00,87.15,87.15,87.15,87.15,125505.10500000001,,80.0,0
2025-10-28 15:39:00,87.30000000000001,87.30000000000001,87.30000000000001,87.30000000000001,125739.55,,80.0,0
2025-10-28 15:42:00,87.2,87.2,87.2,87.2,125505.1,,80.0,0
2025-10-28 15:45:00,87.05,87.05,87.05,87.05,125329.27,,80.0,0
2025-10-28 15:48:00,87.4,87.4,87.4,87.4,125856.77,,80.0,0
2025-10-28 15:51:00,87.1,87.1,87.1,87.1,125387.88,,80.0,0
2025-10-28 15:54:00,87.5,87.5,87.5,87.5,125973.98000000001,,80.0,0
2025-10-28 15:57:00,87.4,87.4,87.4,87.4,125798.145,,80.0,0
2025-10-28 16:00:00,87.4,87.4,87.4,87.4,125856.755,,80.0,0
2025-10-28 16:03:00,87.15,87.15,87.15,87.15,125505.1,,80.0,0
2025-10-28 16:06:00,87.05000000000001,87.05000000000001,87.05000000000001,87.05000000000001,125387.88500000001,,80.0,0
2025-10-28 16:09:00,87.25,87.25,87.25,87.25,125622.32,,80.0,0
2025-10-28 16:12:00,87.15,87.15,87.15,87.15,125446.49,,80.0,0
2025-10-28 16:15:00,87.25,87.25,87.25,87.25,125680.935,,80.0,0
2025-10-28 16:18:00,87.15,87.15,87.15,87.4,125856.77,,80.0,0
2025-10-28 16:21:00,87.2,87.2,87.2,87.2,125563.715,,80.0,0
2025-10-28 16:24:00,87.1,87.1,87.1,87.1,125387.88,,80.0,0
2025-10-28 16:27:00,87.15,87.15,87.15,87.15,125505.10500000001,,80.0,0
2025-10-28 16:30:00,87.2,87.2,87.2,87.2,125622.33,,80.0,0
2025-10-28 16:33:00,87.15,87.15,87.15,87.15,125505.10500000001,,80.0,0
2025-10-28 16:36:00,87.4,87.4,87.4,87.4,125856.77,,80.0,0
2025-10-28 16:39:00,87.2,87.2,87.2,87.2,125622.33,,80.0,0
2025-10-28 16:42:00,87.25,87.25,87.25,87.25,125680.935,,80.0,0
2025-10-28 16:45:00,87.2,87.2,87.2,87.2,125622.33,,80.0,0
2025-10-28 16:48:00,87.2,87.2,87.2,87.2,125505.1,,80.0,0
2025-10-28 16:51:00,87.1,87.1,87.1,87.1,125387.88,,80.0,0
2025-10-28 16:54:00,87.1,87.1,87.1,87.1,125387.88,,80.0,0
2025-10-28 16:57:00,87.2,87.2,87.2,87.2,125622.33,,80.0,0
2025-10-28 17:00:00,87.15,87.15,87.15,87.15,125505.10500000001,,80.0,0
2025-10-28 17:03:00,87.1,87.1,87.1,87.1,125387.88,,80.0,0
2025-10-28 17:06:00,87.05,87.05,87.05,87.05,125329.27,,80.0,0
2025-10-28 17:09:00,87.2,87.2,87.2,87.2,125622.33,,80.0,0
2025-10-28 17:12:00,87.2,87.2,87.2,87.30000000000001,125739.55,,80.0,0
2025-10-28 17:15:00,87.2,87.2,87.2,87.2,125505.1,,80.0,0
2025-10-28 17:18:00,87.2,87.2,87.2,87.2,125563.715,,80.0,0
2025-10-28 17:21:00,87.2,87.2,87.2,87.2,125622.33,,80.0,0
2025-10-28 17:24:00,87.2,87.2,87.2,87.1,125387.88,,80.0,0
2025-10-28 17:27:00,87.2,87.2,87.2,87.2,125563.715,,80.0,0
2025-10-28 17:30:00,87.2,87.2,87.2,87.2,125622.33,,80.0,0
2025-10-28 17:33:00,87.4,87.4,87.4,87.4,125856.755,,80.0,0
2025-10-28 17:36:00,87.2,87.2,87.2,87.2,125622.33,,80.0,0
2025-10-28 17:39:00,87.1,87.1,87.1,87.1,125387.88,,80.0,0
2025-10-28 17:42:00,87.15,87.15,87.15,86.9,125153.44,,80.0,0
2025-10-28 17:45:00,87.15,87.15,87.15,87.15,125505.10500000001,,80.0,0
2025-10-28 17:48:00,87.0,87.0,87.0,87.0,125270.66,,80.0,0
2025-10-28 17:51:00,87.0,87.0,87.0,87.0,125270.66,,80.0,0
2025-10-28 17:54:00,87.25,87.25,87.25,87.25,125680.935,,80.0,0
2025-10-28 17:57:00,87.05,87.05,87.05,87.05,125329.27,,80.0,0
2025-10-28 18:00:00,87.2,87.2,87.2,87.2,125563.715,,80.0,0
2025-10-28 18:03:00,87.1,87.1,87.1,87.1,125387.88,,80.0,0
2025-10-28 18:06:00,87.35,87.35,87.35,87.35,125798.155,,80.0,0
2025-10-28 18:09:00,87.2,87.2,87.2,86.95,125212.05,,80.0,0
2025-10-28 18:12:00,87.2,87.2,87.2,87.2,125563.715,,80.0,0
2025-10-28 18:15:00,87.2,87.2,87.2,87.2,125622.33,,80.0,0
2025-10-28 18:18:00,87.2,87.2,87.2,87.2,125505.1,,80.0,0
2025-10-28 18:21:00,87.05000000000001,87.05000000000001,87.05000000000001,87.05000000000001,125387.88500000001,,80.0,0
2025-10-28 18:24:00,87.2,87.2,87.2,87.2,125563.715,,80.0,0
2025-10-28 18:27:00,87.15,87.15,87.15,87.15,125505.10500000001,,80.0,0
2025-10-28 18:30:00,87.2,87.2,87.2,87.2,125622.33,,80.0,0
2025-10-28 18:33:00,87.1,87.1,87.1,87.1,125387.88,,80.0,0
2025-10-28 18:36:00,87.2,87.2,87.2,87.2,125505.1,,80.0,0
2025-10-28 18:39:00,87.15,87.15,87.15,87.15,125505.10500000001,,80.0,0
2025-10-28 18:42:00,87.1,87.1,87.1,87.1,125387.88,,80.0,0
2025-10-28 18:45:00,87.15,87.15,87.15,87.15,125446.49,,80.0,0
2025-10-28 18:48:00,87.15,87.15,87.15,87.15,125505.10500000001,,80.0,0
2025-10-28 18:51:00,87.1,87.1,87.1,87.1,125446.495,,80.0,0
2025-10-28 18:54:00,87.2,87.2,87.2,87.2,125622.33,,80.0,0
2025-10-28 18:57:00,87.2,87.2,87.2,87.2,125563.715,,80.0,0
2025-10-28 19:00:00,87.2,87.2,87.2,86.7,124919.0,,80.0,0
2025-10-28 19:03:00,87.2,87.2,87.2,87.2,125505.1,,80.0,0
2025-10-28 19:06:00,87.2,87.2,87.2,87.2,125505.1,,80.0,0
2025-10-28 19:09:00,87.15,87.15,87.15,87.15,125505.10500000001,,80.0,0
2025-10-28 19:12:00,87.2,87.2,87.2,87.2,125505.1,,80.0,0
2025-10-28 19:15:00,87.2,87.2,87.2,87.2,125505.1,,80.0,0
2025-10-28 19:18:00,87.15,87.15,87.15,87.15,125505.10500000001,,80.0,0
2025-10-28 19:21:00,87.2,87.2,87.2,87.2,125563.715,,80.0,0
2025-10-28 19:24:00,87.1,87.1,87.1,87.1,125387.88,,80.0,0
2025-10-28 19:27:00,87.1,87.1,87.1,87.1,125387.88,,80.0,0
2025-10-28 19:30:00,87.2,87.2,87.2,87.2,125563.715,,80.0,0
2025-10-28 19:33:00,87.2,87.2,87.2,87.2,125505.1,,80.0,0
2025-10-28 19:36:00,86.9,86.9,86.9,86.9,125153.44,,80.0,0
2025-10-28 19:39:00,87.1,87.1,87.1,87.1,125387.88,,80.0,0
2025-10-28 19:42:00,87.1,87.1,87.1,87.1,125387.88,,80.0,0
2025-10-28 19:45:00,87.15,87.15,87.15,87.15,125505.10500000001,,80.0,0
2025-10-28 19:48:00,87.1,87.1,87.1,87.1,125387.88,,80.0,0
2025-10-28 19:51:00,87.1,87.1,87.1,86.9,125153.44,,80.0,0
2025-10-28 19:54:00,87.1,87.1,87.1,87.1,125387.88,,80.0,0
2025-10-28 19:57:00,87.15,87.15,87.15,87.2,125505.1,,80.0,0
2025-10-28 20:00:00,87.15,87.15,87.15,87.15,125505.10500000001,,80.0,0
2025-10-28 20:03:00,87.15,87.15,87.15,87.15,125505.10500000001,,80.0,0
2025-10-28 20:06:00,87.1,87.1,87.1,87.1,125387.88,,80.0,0
2025-10-28 20:09:00,87.15,87.15,87.15,87.15,125446.49,,80.0,0
2025-10-28 20:12:00,87.15,87.15,87.15,87.15,125446.49,,80.0,0
2025-10-28 20:15:00,86.9,86.9,86.9,86.9,125153.44,,80.0,0
2025-10-28 20:18:00,86.8,86.8,86.8,86.8,124977.60500000001,,80.0,0
2025-10-28 20:21:00,86.80000000000001,86.80000000000001,86.80000000000001,86.80000000000001,125036.22,,80.0,0
2025-10-28 20:24:00,87.0,87.0,87.0,87.0,125270.66,,80.0,0
2025-10-28 20:27:00,87.15,87.15,87.15,87.15,125446.49,,80.0,0
2025-10-28 20:30:00,86.7,86.7,86.7,86.7,124919.0,,80.0,0
2025-10-28 20:33:00,86.6,86.6,86.6,86.6,124684.55,,80.0,0
2025-10-28 20:36:00,86.7,86.7,86.7,86.7,124919.0,,80.0,0
2025-10-28 20:39:00,87.05,87.05,87.05,87.05,125329.27,,80.0,0
2025-10-28 20:42:00,87.1,87.1,87.1,87.1,125387.88,,80.0,0
2025-10-28 20:45:00,86.6,86.6,86.6,86.6,124684.55,,80.0,0
2025-10-28 20:48:00,86.9,86.9,86.9,86.9,125153.44,,80.0,0
2025-10-28 20:51:00,87.1,87.1,87.1,87.1,125387.88,,80.0,0
2025-10-28 20:54:00,86.85,86.85,86.85,86.85,125036.22,,80.0,0
2025-10-28 20:57:00,86.9,86.9,86.9,86.9,125094.83,,80.0,0
2025-10-28 21:00:00,87.1,87.1,87.1,87.1,125387.88,,80.0,0
2025-10-28 21:03:00,86.85,86.85,86.85,86.85,125036.22,,80.0,0
2025-10-28 21:06:00,87.1,87.1,87.1,87.1,125387.88,,80.0,0
2025-10-28 21:09:00,87.1,87.1,87.1,87.1,125387.88,,80.0,0
2025-10-28 21:12:00,87.15,87.15,87.15,87.15,125446.49,,80.0,0
2025-10-28 21:15:00,87.05,87.05,87.05,86.5,124567.33499999999,,80.0,0
2025-10-28 21:18:00,87.15,87.15,87.15,87.15,125505.10500000001,,80.0,0
2025-10-28 21:21:00,87.05,87.05,87.05,87.05,125329.27,,80.0,0
2025-10-28 21:24:00,86.75,86.75,86.75,86.75,124919.0,,80.0,0
2025-10-28 21:27:00,86.7,86.7,86.7,86.7,124919.0,,80.0,0
2025-10-28 21:30:00,86.80000000000001,86.80000000000001,86.80000000000001,86.80000000000001,125036.225,,80.0,0
2025-10-28 21:33:00,87.05,87.05,87.05,87.05,125329.27,,80.0,0
2025-10-28 21:36:00,87.15,87.15,87.15,87.15,125505.10500000001,,80.0,0
2025-10-28 21:39:00,86.9,86.9,86.9,86.44999999999999,124508.72,,80.0,0
2025-10-28 21:42:00,86.6,86.6,86.6,86.6,124684.55,,80.0,0
2025-10-28 21:45:00,87.15,87.15,87.15,87.15,125505.10500000001,,80.0,0
2025-10-28 21:48:00,87.1,87.1,87.1,87.1,125387.88,,80.0,0
2025-10-28 21:51:00,87.1,87.1,87.1,87.1,125387.88,,80.0,0
2025-10-28 21:54:00,86.9,86.9,86.9,86.9,125094.83,,80.0,0
2025-10-28 21:57:00,86.80000000000001,86.80000000000001,86.80000000000001,86.80000000000001,124977.61,,80.0,0
2025-10-28 22:00:00,87.05,87.05,87.05,87.05,125329.27,,80.0,0
2025-10-28 22:03:00,86.9,86.9,86.9,86.9,125153.44,,80.0,0
2025-10-28 22:06:00,86.7,86.7,86.7,86.7,124919.0,,80.0,0
2025-10-28 22:09:00,87.1,87.1,87.1,87.1,125387.88,,80.0,0
2025-10-28 22:12:00,86.75,86.75,86.75,86.75,124918.995,,80.0,0
2025-10-28 22:15:00,87.1,87.1,87.1,87.1,125387.88,,80.0,0
2025-10-28 22:18:00,87.1,87.1,87.1,87.1,125387.88,,80.0,0
2025-10-28 22:21:00,86.80000000000001,86.80000000000001,86.80000000000001,86.80000000000001,124977.61,,80.0,0
2025-10-28 22:24:00,86.7,86.7,86.7,86.7,124919.0,,80.0,0
2025-10-28 22:27:00,86.94999999999999,86.94999999999999,86.94999999999999,86.94999999999999,125212.055,,80.0,0
2025-10-28 22:30:00,86.7,86.7,86.7,86.7,124919.0,,80.0,0
2025-10-28 22:33:00,86.7,86.7,86.7,86.7,124919.0,,80.0,0
2025-10-28 22:36:00,86.6,86.6,86.6,86.6,124684.55,,80.0,0
2025-10-28 22:39:00,86.9,86.9,86.9,86.9,125153.44,,80.0,0
2025-10-28 22:42:00,86.75,86.75,86.75,86.75,124918.995,,80.0,0
2025-10-28 22:45:00,86.6,86.6,86.6,86.6,124684.55,,80.0,0
2025-10-28 22:48:00,86.55000000000001,86.55000000000001,86.55000000000001,86.55000000000001,124625.95,,80.0,0
2025-10-28 22:51:00,86.85,86.85,86.85,86.85,125094.83,,80.0,0
2025-10-28 22:54:00,87.15,87.15,87.15,87.15,125446.49,,80.0,0
2025-10-28 22:57:00,86.80000000000001,86.80000000000001,86.80000000000001,85.85,123688.185,,80.0,0
2025-10-28 23:00:00,87.1,87.1,87.1,87.1,125387.88,,80.0,0
2025-10-28 23:03:00,86.85,86.85,86.85,86.85,125094.83,,80.0,0
2025-10-28 23:06:00,86.80000000000001,86.80000000000001,86.80000000000001,86.80000000000001,125036.22,,80.0,0
2025-10-28 23:09:00,86.85,86.85,86.85,86.85,125094.83,,80.0,0
2025-10-28 23:12:00,86.65,86.65,86.65,86.65,124743.16500000001,,80.0,0
2025-10-28 23:15:00,87.1,87.1,87.1,87.1,125387.88,,80.0,0
2025-10-28 23:18:00,86.65,86.65,86.65,86.65,124743.16500000001,,80.0,0
2025-10-28 23:21:00,87.05,87.05,87.05,87.05,125329.27,,80.0,0
2025-10-28 23:24:00,86.5,86.5,86.5,86.5,124567.33499999999,,80.0,0
2025-10-28 23:27:00,86.65,86.65,86.65,86.65,124801.775,,80.0,0
2025-10-28 23:30:00,86.9,86.9,86.9,86.9,125153.44,,80.0,0
2025-10-28 23:33:00,86.7,86.7,86.7,86.7,124801.78,,80.0,0
2025-10-28 23:36:00,86.7,86.7,86.7,85.1,122515.985,,80.0,0
2025-10-28 23:39:00,86.7,86.7,86.7,86.7,124919.0,,80.0,0
2025-10-28 23:42:00,86.7,86.7,86.7,86.7,124919.0,,80.0,0
2025-10-28 23:45:00,86.7,86.7,86.7,86.7,124860.39,,80.0,0
2025-10-28 23:48:00,86.7,86.7,86.7,87.1,125387.88,,80.0,0
2025-10-28 23:51:00,86.7,86.7,86.7,86.7,124919.0,,80.0,0
2025-10-28 23:54:00,86.7,86.7,86.7,86.80000000000001,125036.22,,80.0,0
2025-10-28 23:57:00,86.7,86.7,86.7,86.7,124801.78,,80.0,0
2025-10-29 00:00:00,86.7,86.7,86.7,86.35,124332.895,,80.0,0
2025-10-29 00:03:00,86.7,86.7,86.7,86.7,124919.0,,80.0,0
2025-10-29 00:06:00,86.65,86.65,86.65,86.65,124743.16500000001,,80.0,0
2025-10-29 00:09:00,86.80000000000001,86.80000000000001,86.80000000000001,86.80000000000001,125036.22,,80.0,0
2025-10-29 00:12:00,86.80000000000001,86.80000000000001,86.80000000000001,86.80000000000001,125036.22,,80.0,0
2025-10-29 00:15:00,86.7,86.7,86.7,86.7,124919.0,,80.0,0
2025-10-29 00:18:00,86.7,86.7,86.7,86.7,124801.78,,80.0,0
2025-10-29 00:21:00,86.65,86.65,86.65,86.65,124801.775,,80.0,0
2025-10-29 00:24:00,86.85,86.85,86.85,86.85,125094.83,,80.0,0
2025-10-29 00:27:00,86.85,86.85,86.85,86.85,125036.22,,80.0,0
2025-10-29 00:30:00,86.65,86.65,86.65,86.65,124801.775,,80.0,0
2025-10-29 00:33:00,87.0,87.0,87.0,87.0,125270.66,,80.0,0
2025-10-29 00:36:00,86.65,86.65,86.65,86.65,124801.775,,80.0,0
2025-10-29 00:39:00,86.94999999999999,86.94999999999999,86.94999999999999,86.94999999999999,125212.055,,80.0,0
2025-10-29 00:42:00,86.65,86.65,86.65,86.65,124801.775,,80.0,0
2025-10-29 00:45:00,86.55000000000001,86.55000000000001,86.55000000000001,86.55000000000001,124625.95,,80.0,0
2025-10-29 00:48:00,87.0,87.0,87.0,87.0,125270.66,,80.0,0
2025-10-29 00:51:00,86.9,86.9,86.9,86.9,125153.44,,80.0,0
2025-10-29 00:54:00,86.6,86.6,86.6,86.6,124743.16500000001,,80.0,0
2025-10-29 00:57:00,86.65,86.65,86.65,86.65,124801.775,,80.0,0
2025-10-29 01:00:00,87.0,87.0,87.0,87.0,125270.66,,80.0,0
2025-10-29 01:03:00,87.05,87.05,87.05,87.05,125329.27,,80.0,0
2025-10-29 01:06:00,86.65,86.65,86.65,86.65,124801.775,,80.0,0
2025-10-29 01:09:00,86.65,86.65,86.65,86.65,124801.775,,80.0,0
2025-10-29 01:12:00,87.1,87.1,87.1,87.1,125387.88,,80.0,0
2025-10-29 01:15:00,86.9,86.9,86.9,86.9,125153.44,,80.0,0
2025-10-29 01:18:00,86.6,86.6,86.6,86.6,124684.55,,80.0,0
2025-10-29 01:21:00,86.85,86.85,86.85,86.85,125094.83,,80.0,0
2025-10-29 01:24:00,86.7,86.7,86.7,86.7,124919.0,,80.0,0
2025-10-29 01:27:00,86.85,86.85,86.85,86.85,125036.22,,80.0,0
2025-10-29 01:30:00,86.7,86.7,86.7,86.7,124801.78,,80.0,0
2025-10-29 01:33:00,86.7,86.7,86.7,87.0,125270.66,,80.0,0
2025-10-29 01:36:00,86.65,86.65,86.65,86.65,124801.775,,80.0,0
2025-10-29 01:39:00,86.65,86.65,86.65,86.65,124743.16500000001,,80.0,0
2025-10-29 01:42:00,86.65,86.65,86.65,87.0,125270.66,,80.0,0
2025-10-29 01:45:00,86.55000000000001,86.55000000000001,86.55000000000001,86.55000000000001,124625.95,,80.0,0
2025-10-29 01:48:00,86.7,86.7,86.7,86.7,124919.0,,80.0,0
2025-10-29 01:51:00,86.6,86.6,86.6,86.6,124684.55,,80.0,0
2025-10-29 01:54:00,86.55000000000001,86.55000000000001,86.55000000000001,86.55000000000001,124684.56,,80.0,0
2025-10-29 01:57:00,86.6,86.6,86.6,86.6,124684.55,,80.0,0
2025-10-29 02:00:00,86.6,86.6,86.6,87.1,125387.88,,80.0,0
2025-10-29 02:03:00,86.6,86.6,86.6,87.1,125387.88,,80.0,0
2025-10-29 02:06:00,86.6,86.6,86.6,86.6,124743.16500000001,,80.0,0
2025-10-29 02:09:00,86.55000000000001,86.55000000000001,86.55000000000001,86.55000000000001,124625.95,,80.0,0
2025-10-29 02:12:00,86.65,86.65,86.65,86.65,124743.16500000001,,80.0,0
2025-10-29 02:15:00,86.7,86.7,86.7,86.7,124860.39,,80.0,0
2025-10-29 02:18:00,86.6,86.6,86.6,86.6,124684.55,,80.0,0
2025-10-29 02:21:00,86.65,86.65,86.65,86.65,124801.775,,80.0,0
2025-10-29 02:24:00,86.8,86.8,86.8,86.8,124977.60500000001,,80.0,0
2025-10-29 02:27:00,86.7,86.7,86.7,86.7,124919.0,,80.0,0
2025-10-29 02:30:00,86.6,86.6,86.6,86.6,124684.55,,80.0,0
2025-10-29 02:33:00,86.7,86.7,86.7,86.7,124919.0,,80.0,0
2025-10-29 02:36:00,86.6,86.6,86.6,86.6,124684.55,,80.0,0
2025-10-29 02:39:00,86.44999999999999,86.44999999999999,86.44999999999999,86.44999999999999,124450.11,,80.0,0
2025-10-29 02:42:00,86.7,86.7,86.7,86.7,124919.0,,80.0,0
2025-10-29 02:45:00,86.65,86.65,86.65,86.65,124801.775,,80.0,0
2025-10-29 02:48:00,86.7,86.7,86.7,86.7,124860.39,,80.0,0
2025-10-29 02:51:00,86.55000000000001,86.55000000000001,86.55000000000001,86.55000000000001,124625.95,,80.0,0
2025-10-29 02:54:00,86.6,86.6,86.6,86.6,124684.55,,80.0,0
2025-10-29 02:57:00,86.6,86.6,86.6,86.6,124684.55,,80.0,0
2025-10-29 03:00:00,86.6,86.6,86.6,87.05,125329.27,,80.0,0
2025-10-29 03:03:00,86.6,86.6,86.6,86.6,124684.55,,80.0,0
2025-10-29 03:06:00,86.6,86.6,86.6,86.6,124684.55,,80.0,0
2025-10-29 03:09:00,86.5,86.5,86.5,86.5,124567.33499999999,,80.0,0
2025-10-29 03:12:00,86.65,86.65,86.65,86.65,124801.775,,80.0,0
2025-10-29 03:15:00,86.55,86.55,86.55,86.55,124625.94,,80.0,0
2025-10-29 03:18:00,86.5,86.5,86.5,86.5,124567.33499999999,,80.0,0
2025-10-29 03:21:00,86.75,86.75,86.75,86.75,124918.995,,80.0,0
2025-10-29 03:24:00,86.4,86.4,86.4,86.4,124450.12,,80.0,0
2025-10-29 03:27:00,86.44999999999999,86.44999999999999,86.44999999999999,86.44999999999999,124450.11,,80.0,0
2025-10-29 03:30:00,86.65,86.65,86.65,86.65,124801.775,,80.0,0
2025-10-29 03:33:00,86.55000000000001,86.55000000000001,86.55000000000001,86.55000000000001,124684.56,,80.0,0
2025-10-29 03:36:00,86.65,86.65,86.65,86.65,124801.775,,80.0,0
2025-10-29 03:39:00,86.6,86.6,86.6,86.6,124743.16500000001,,80.0,0
2025-10-29 03:42:00,86.6,86.6,86.6,86.6,124684.55,,80.0,0
2025-10-29 03:45:00,86.5,86.5,86.5,86.5,124567.33499999999,,80.0,0
2025-10-29 03:48:00,86.65,86.65,86.65,86.65,124743.16500000001,,80.0,0
2025-10-29 03:51:00,86.4,86.4,86.4,86.4,124391.5,,80.0,0
2025-10-29 03:54:00,86.65,86.65,86.65,86.65,124743.16500000001,,80.0,0
2025-10-29 03:57:00,86.35,86.35,86.35,86.35,124391.505,,80.0,0
2025-10-29 04:00:00,86.69999999999999,86.69999999999999,86.69999999999999,86.69999999999999,124860.38500000001,,80.0,0
2025-10-29 04:03:00,86.45,86.45,86.45,86.45,124508.725,,80.0,0
2025-10-29 04:06:00,86.6,86.6,86.6,86.6,124684.55,,80.0,0
2025-10-29 04:09:00,86.4,86.4,86.4,86.4,124450.12,,80.0,0
2025-10-29 04:12:00,86.8,86.8,86.8,86.8,124977.60500000001,,80.0,0
2025-10-29 04:15:00,86.6,86.6,86.6,86.6,124684.55,,80.0,0
2025-10-29 04:18:00,86.4,86.4,86.4,85.6,123219.305,,80.0,0
2025-10-29 04:21:00,85.9,85.9,85.9,85.9,123746.79999999999,,80.0,0
2025-10-29 04:24:00,86.4,86.4,86.4,86.4,124450.12,,80.0,0
2025-10-29 04:27:00,86.3,86.3,86.3,86.3,124215.67,,80.0,0
2025-10-29 04:30:00,86.4,86.4,86.4,86.7,124801.78,,80.0,0
2025-10-29 04:33:00,86.4,86.4,86.4,86.4,124450.12,,80.0,0
2025-10-29 04:36:00,86.45,86.45,86.45,86.45,124508.725,,80.0,0
2025-10-29 04:39:00,86.4,86.4,86.4,86.4,124450.12,,80.0,0
2025-10-29 04:42:00,86.45,86.45,86.45,86.45,124508.725,,80.0,0
2025-10-29 04:45:00,86.5,86.5,86.5,86.5,124567.33499999999,,80.0,0
2025-10-29 04:48:00,86.4,86.4,86.4,86.4,124450.12,,80.0,0
2025-10-29 04:51:00,86.55,86.55,86.55,86.55,124625.94,,80.0,0
2025-10-29 04:54:00,86.45,86.45,86.45,86.45,124508.725,,80.0,0
2025-10-29 04:57:00,86.4,86.4,86.4,86.4,124450.12,,80.0,0
2025-10-29 05:00:00,86.4,86.4,86.4,86.4,124450.12,,80.0,0
2025-10-29 05:03:00,86.2,86.2,86.2,86.2,124098.45,,80.0,0
2025-10-29 05:06:00,86.19999999999999,86.19999999999999,86.19999999999999,86.19999999999999,124098.455,,80.0,0
2025-10-29 05:09:00,86.4,86.4,86.4,86.4,124450.12,,80.0,0
2025-10-29 05:12:00,86.3,86.3,86.3,86.6,124684.55,,80.0,0
2025-10-29 05:15:00,86.3,86.3,86.3,85.85,123688.185,,80.0,0
2025-10-29 05:18:00,86.35,86.35,86.35,86.35,124391.505,,80.0,0
2025-10-29 05:21:00,86.3,86.3,86.3,86.3,124215.67,,80.0,0
2025-10-29 05:24:00,86.3,86.3,86.3,86.3,124332.89,,80.0,0
2025-10-29 05:27:00,86.25,86.25,86.25,86.25,124157.06,,80.0,0
2025-10-29 05:30:00,86.15,86.15,86.15,86.15,124039.845,,80.0,0
2025-10-29 05:33:00,86.35,86.35,86.35,86.35,124332.89499999999,,80.0,0
2025-10-29 05:36:00,86.19999999999999,86.19999999999999,86.19999999999999,86.19999999999999,124157.065,,80.0,0
2025-10-29 05:39:00,86.35,86.35,86.35,86.35,124391.505,,80.0,0
2025-10-29 05:42:00,86.3,86.3,86.3,85.9,123746.8,,80.0,0
2025-10-29 05:45:00,86.3,86.3,86.3,86.3,124332.89,,80.0,0
2025-10-29 05:48:00,86.30000000000001,86.30000000000001,86.30000000000001,86.30000000000001,124274.285,,80.0,0
2025-10-29 05:51:00,86.4,86.4,86.4,86.4,124450.12,,80.0,0
2025-10-29 05:54:00,86.3,86.3,86.3,86.3,124332.89,,80.0,0
2025-10-29 05:57:00,86.3,86.3,86.3,86.3,124332.89,,80.0,0
2025-10-29 06:00:00,86.45,86.45,86.45,86.45,124508.725,,80.0,0
2025-10-29 06:03:00,86.3,86.3,86.3,85.3,122809.04,,80.0,0
2025-10-29 06:06:00,86.1,86.1,86.1,86.1,123981.235,,80.0,0
2025-10-29 06:09:00,86.3,86.3,86.3,86.3,124215.67,,80.0,0
2025-10-29 06:12:00,86.1,86.1,86.1,86.1,123922.62,,80.0,0
2025-10-29 06:15:00,86.0,86.0,86.0,86.0,123864.02,,80.0,0
2025-10-29 06:18:00,86.15,86.15,86.15,86.15,124039.845,,80.0,0
2025-10-29 06:21:00,86.1,86.1,86.1,86.1,123981.24,,80.0,0
2025-10-29 06:24:00,86.19999999999999,86.19999999999999,86.19999999999999,86.19999999999999,124098.455,,80.0,0
2025-10-29 06:27:00,86.19999999999999,86.19999999999999,86.19999999999999,86.19999999999999,124098.455,,80.0,0
2025-10-29 06:30:00,86.3,86.3,86.3,86.3,124215.67,,80.0,0
2025-10-29 06:33:00,86.4,86.4,86.4,86.4,124391.5,,80.0,0
2025-10-29 06:36:00,86.15,86.15,86.15,86.15,124039.845,,80.0,0
2025-10-29 06:39:00,86.2,86.2,86.2,85.85,123629.575,,80.0,0
2025-10-29 06:42:00,86.15,86.15,86.15,86.15,124039.845,,80.0,0
2025-10-29 06:45:00,86.3,86.3,86.3,86.3,124215.67,,80.0,0
2025-10-29 06:48:00,86.3,86.3,86.3,86.3,124274.28,,80.0,0
2025-10-29 06:51:00,86.2,86.2,86.2,86.2,124098.45,,80.0,0
2025-10-29 06:54:00,86.35,86.35,86.35,86.35,124391.505,,80.0,0
2025-10-29 06:57:00,86.25,86.25,86.25,86.25,124215.67,,80.0,0
2025-10-29 07:00:00,86.3,86.3,86.3,86.3,124274.28,,80.0,0
2025-10-29 07:03:00,86.0,86.0,86.0,86.0,123864.02,,80.0,0
2025-10-29 07:06:00,86.2,86.2,86.2,85.0,122398.76999999999,,80.0,0
2025-10-29 07:09:00,86.25,86.25,86.25,85.35,122926.26,,80.0,0
2025-10-29 07:12:00,86.25,86.25,86.25,86.25,124157.06,,80.0,0
2025-10-29 07:15:00,86.15,86.15,86.15,86.15,124039.845,,80.0,0
2025-10-29 07:18:00,86.15,86.15,86.15,86.15,124039.845,,80.0,0
2025-10-29 07:21:00,86.3,86.3,86.3,86.3,124215.67,,80.0,0
2025-10-29 07:24:00,86.15,86.15,86.15,86.25,124215.67,,80.0,0
2025-10-29 07:27:00,86.15,86.15,86.15,86.15,124039.845,,80.0,0
2025-10-29 07:30:00,86.15,86.15,86.15,86.15,124039.845,,80.0,0
2025-10-29 07:33:00,86.15,86.15,86.15,86.15,124039.845,,80.0,0
2025-10-29 07:36:00,86.35,86.35,86.35,86.35,124332.89499999999,,80.0,0
2025-10-29 07:39:00,86.15,86.15,86.15,86.15,124039.845,,80.0,0
2025-10-29 07:42:00,86.15,86.15,86.15,85.7,123453.75,,80.0,0
2025-10-29 07:45:00,86.25,86.25,86.25,86.25,124157.06,,80.0,0
2025-10-29 07:48:00,86.15,86.15,86.15,86.15,124039.845,,80.0,0
2025-10-29 07:51:00,86.25,86.25,86.25,86.25,124157.06,,80.0,0
2025-10-29 07:54:00,86.25,86.25,86.25,86.25,124157.06,,80.0,0
2025-10-29 07:57:00,86.15,86.15,86.15,85.69999999999999,123453.745,,80.0,0
2025-10-29 08:00:00,86.05000000000001,86.05000000000001,86.05000000000001,86.05000000000001,123922.625,,80.0,0
2025-10-29 08:03:00,86.1,86.1,86.1,86.1,123981.235,,80.0,0
2025-10-29 08:06:00,86.05000000000001,86.05000000000001,86.05000000000001,86.05000000000001,123922.625,,80.0,0
2025-10-29 08:09:00,86.35,86.35,86.35,86.35,124391.505,,80.0,0
2025-10-29 08:12:00,86.15,86.15,86.15,86.15,124039.845,,80.0,0
2025-10-29 08:15:00,86.1,86.1,86.1,86.1,123981.24,,80.0,0
2025-10-29 08:18:00,86.15,86.15,86.15,86.15,124039.845,,80.0,0
2025-10-29 08:21:00,86.3,86.3,86.3,86.3,124215.67,,80.0,0
2025-10-29 08:24:00,86.25,86.25,86.25,86.25,124157.06,,80.0,0
2025-10-29 08:27:00,86.15,86.15,86.15,85.4,122984.875,,80.0,0
2025-10-29 08:30:00,86.3,86.3,86.3,86.3,124215.67,,80.0,0
2025-10-29 08:33:00,86.15,86.15,86.15,86.15,124039.845,,80.0,0
2025-10-29 08:36:00,86.1,86.1,86.1,86.1,123981.24,,80.0,0
2025-10-29 08:39:00,86.1,86.1,86.1,85.7,123395.145,,80.0,0
2025-10-29 08:42:00,86.15,86.15,86.15,86.15,124039.845,,80.0,0
2025-10-29 08:45:00,86.1,86.1,86.1,86.1,123981.24,,80.0,0
2025-10-29 08:48:00,86.05,86.05,86.05,86.05,123922.63,,80.0,0
2025-10-29 08:51:00,86.0,86.0,86.0,86.0,123864.02,,80.0,0
2025-10-29 08:54:00,85.65,85.65,85.65,85.65,123277.91500000001,,80.0,0
2025-10-29 08:57:00,86.15,86.15,86.15,86.15,124039.845,,80.0,0
2025-10-29 09:00:00,86.05,86.05,86.05,85.4,123043.48,,80.0,0
2025-10-29 09:03:00,86.1,86.1,86.1,86.1,123981.24,,80.0,0
2025-10-29 09:06:00,85.75,85.75,85.75,85.75,123453.745,,80.0,0
2025-10-29 09:09:00,85.75,85.75,85.75,85.75,123453.75,,80.0,0
2025-10-29 09:12:00,86.15,86.15,86.15,86.15,124039.845,,80.0,0
2025-10-29 09:15:00,86.1,86.1,86.1,86.1,123981.24,,80.0,0
2025-10-29 09:18:00,86.30000000000001,86.30000000000001,86.30000000000001,86.30000000000001,124274.285,,80.0,0
2025-10-29 09:21:00,86.25,86.25,86.25,86.25,124157.06,,80.0,0
2025-10-29 09:24:00,86.45,86.45,86.45,86.45,124508.725,,80.0,0
2025-10-29 09:27:00,86.25,86.25,86.25,85.4,123043.48,,80.0,0
2025-10-29 09:30:00,86.1,86.1,86.1,86.1,124039.845,,80.0,0
2025-10-29 09:33:00,86.3,86.3,86.3,86.3,124215.67,,80.0,0
2025-10-29 09:36:00,86.35,86.35,86.35,86.35,124332.89,,80.0,0
2025-10-29 09:39:00,86.19999999999999,86.19999999999999,86.19999999999999,86.19999999999999,124098.455,,80.0,0
2025-10-29 09:42:00,86.30000000000001,86.30000000000001,86.30000000000001,86.30000000000001,124274.285,,80.0,0
2025-10-29 09:45:00,86.35,86.35,86.35,86.35,124391.505,,80.0,0
2025-10-29 09:48:00,86.3,86.3,86.3,86.3,124274.28,,80.0,0
2025-10-29 09:51:00,86.35,86.35,86.35,86.35,124332.89499999999,,80.0,0
2025-10-29 09:54:00,86.19999999999999,86.19999999999999,86.19999999999999,86.19999999999999,124098.455,,80.0,0
2025-10-29 09:57:00,86.25,86.25,86.25,86.25,124157.06,,80.0,0
2025-10-29 10:00:00,86.05000000000001,86.05000000000001,86.05000000000001,86.05000000000001,123922.625,,80.0,1
2025-10-29 10:03:00,86.19999999999999,86.19999999999999,86.19999999999999,86.19999999999999,124098.455,,80.0,1
2025-10-29 10:06:00,86.1,86.1,86.1,86.1,123981.24,,80.0,1
2025-10-29 10:09:00,86.4,86.4,86.4,86.4,124450.12,,80.0,1
2025-10-29 10:12:00,86.3,86.3,86.3,86.3,124215.67,,80.0,1
2025-10-29 10:15:00,86.19999999999999,86.19999999999999,86.19999999999999,86.19999999999999,124098.455,,80.0,1
2025-10-29 10:18:00,86.3,86.3,86.3,86.3,124332.89,,80.0,1
2025-10-29 10:21:00,86.35,86.35,86.35,86.35,124391.505,,80.0,1
2025-10-29 10:24:00,86.5,86.5,86.5,86.5,124567.33499999999,,80.0,1
2025-10-29 10:27:00,86.5,86.5,86.5,86.5,124567.33499999999,,80.0,1
2025-10-29 10:30:00,86.5,86.5,86.5,86.8,124977.60500000001,,80.0,1
2025-10-29 10:33:00,86.95,86.95,86.95,86.95,125212.05,,80.0,1
2025-10-29 10:36:00,86.95,86.95,86.95,86.25,124215.68,,80.0,1
2025-10-29 10:39:00,87.05000000000001,87.05000000000001,87.05000000000001,87.05000000000001,125329.27,,80.0,1
2025-10-29 10:42:00,87.2,87.2,87.2,87.2,125563.715,,80.0,1
2025-10-29 10:45:00,87.2,87.2,87.2,87.2,125505.1,,80.0,1
2025-10-29 10:48:00,87.2,87.2,87.2,87.2,125622.33,,80.0,1
2025-10-29 10:51:00,87.15,87.15,87.15,87.15,125505.10500000001,,80.0,1
2025-10-29 10:54:00,87.25,87.25,87.25,87.25,125680.935,,80.0,1
2025-10-29 10:57:00,87.25,87.25,87.25,87.55,126032.58,,80.0,1
2025-10-29 11:00:00,87.4,87.4,87.4,87.4,125856.76000000001,,80.0,1
2025-10-29 11:03:00,87.3,87.3,87.3,87.3,125739.54,,80.0,1
2025-10-29 11:06:00,87.35,87.35,87.35,87.35,125798.15,,80.0,1
2025-10-29 11:09:00,87.4,87.4,87.4,86.95,125212.055,,80.0,1
2025-10-29 11:12:00,87.6,87.6,87.6,87.6,126149.8,,80.0,1
2025-10-29 11:15:00,87.44999999999999,87.44999999999999,87.44999999999999,87.44999999999999,125973.975,,80.0,1
2025-10-29 11:18:00,87.4,87.4,87.4,87.4,125856.755,,80.0,1
2025-10-29 11:21:00,87.69999999999999,87.69999999999999,87.69999999999999,87.69999999999999,126267.02,,80.0,1
2025-10-29 11:24:00,87.5,87.5,87.5,87.5,125973.98000000001,,80.0,1
2025-10-29 11:27:00,87.7,87.7,87.7,87.7,126325.64,,80.0,1
2025-10-29 11:30:00,87.9,87.9,87.9,87.9,126560.07,,80.0,1
2025-10-29 11:33:00,87.9,87.9,87.9,87.9,126560.07,,80.0,1
2025-10-29 11:36:00,88.0,88.0,88.0,88.0,126735.905,,80.0,1
2025-10-29 11:39:00,87.5,87.5,87.5,87.5,126032.59,,80.0,1
2025-10-29 11:42:00,88.0,88.0,88.0,88.0,126735.9,,80.0,1
2025-10-29 11:45:00,87.95,87.95,87.95,87.95,126677.29500000001,,80.0,1
2025-10-29 11:48:00,87.9,87.9,87.9,87.9,126618.685,,80.0,1
2025-10-29 11:51:00,88.45,88.45,88.45,88.45,127380.62,,80.0,1
2025-10-29 11:54:00,88.4,88.4,88.4,88.4,127263.4,,80.0,1
2025-10-29 11:57:00,88.65,88.65,88.65,88.65,127673.66500000001,,80.0,1
2025-10-29 12:00:00,88.25,88.25,88.25,88.25,127146.18,,80.0,1
2025-10-29 12:03:00,88.6,88.6,88.6,87.8,126442.85500000001,,80.0,1
2025-10-29 12:06:00,88.6,88.6,88.6,88.6,127615.055,,80.0,1
2025-10-29 12:09:00,88.7,88.7,88.7,88.7,127732.27,,80.0,1
2025-10-29 12:12:00,88.65,88.65,88.65,88.65,127615.06,,80.0,1
2025-10-29 12:15:00,88.85,88.85,88.85,88.85,127908.10500000001,,80.0,1
2025-10-29 12:18:00,88.9,88.9,88.9,88.9,128025.32500000001,,80.0,1
2025-10-29 12:21:00,88.95,88.95,88.95,88.95,128142.555,,80.0,1
2025-10-29 12:24:00,88.9,88.9,88.9,88.55,127556.45,,80.0,1
2025-10-29 12:27:00,88.9,88.9,88.9,88.9,128083.94,,80.0,1
2025-10-29 12:30:00,89.1,89.1,89.1,89.1,128318.39,,80.0,1
2025-10-29 12:33:00,89.30000000000001,89.30000000000001,89.30000000000001,89.30000000000001,128552.82,,80.0,1
2025-10-29 12:36:00,89.19999999999999,89.19999999999999,89.19999999999999,89.19999999999999,128435.59,,80.0,1
2025-10-29 12:39:00,89.1,89.1,89.1,89.1,128318.39,,80.0,1
2025-10-29 12:42:00,89.25,89.25,89.25,89.55000000000001,128904.47,,80.0,1
2025-10-29 12:45:00,89.25,89.25,89.25,89.25,128494.20999999999,,80.0,1
2025-10-29 12:48:00,89.25,89.25,89.25,89.25,128494.20999999999,,80.0,1
2025-10-29 12:51:00,89.35,89.35,89.35,89.35,128611.42,,80.0,1
2025-10-29 12:54:00,89.30000000000001,89.30000000000001,89.30000000000001,89.30000000000001,128552.82,,80.0,1
2025-10-29 12:57:00,89.4,89.4,89.4,89.4,128670.03,,80.0,1
2025-10-29 13:00:00,89.4,89.4,89.4,89.4,128787.25,,80.0,0
2025-10-29 13:03:00,89.4,89.4,89.4,89.75,129197.52,,80.0,0
2025-10-29 13:06:00,89.4,89.4,89.4,89.4,128670.03,,80.0,0
2025-10-29 13:09:00,89.6,89.6,89.6,89.6,128963.08,,80.0,0
2025-10-29 13:12:00,89.2,89.2,89.2,89.2,128435.6,,80.0,0
2025-10-29 13:15:00,89.4,89.4,89.4,89.4,128670.03,,80.0,0
2025-10-29 13:18:00,89.4,89.4,89.4,89.05,128259.76999999999,,80.0,0
2025-10-29 13:21:00,89.30000000000001,89.30000000000001,89.30000000000001,89.30000000000001,128611.43,,80.0,0
2025-10-29 13:24:00,89.35,89.35,89.35,89.35,128611.42,,80.0,0
2025-10-29 13:27:00,89.4,89.4,89.4,89.4,128670.03,,80.0,0
2025-10-29 13:30:00,89.4,89.4,89.4,89.4,128787.25,,80.0,0
2025-10-29 13:33:00,89.4,89.4,89.4,89.4,128728.64,,80.0,0
2025-10-29 13:36:00,89.55000000000001,89.55000000000001,89.55000000000001,89.55000000000001,128963.08,,80.0,0
2025-10-29 13:39:00,89.4,89.4,89.4,89.30000000000001,128552.82,,80.0,0
2025-10-29 13:42:00,89.4,89.4,89.4,89.4,128728.64,,80.0,0
2025-10-29 13:45:00,89.4,89.4,89.4,89.1,128318.39,,80.0,0
2025-10-29 13:48:00,89.4,89.4,89.4,89.4,128670.03,,80.0,0
2025-10-29 13:51:00,89.30000000000001,89.30000000000001,89.30000000000001,89.30000000000001,128552.82,,80.0,0
2025-10-29 13:54:00,89.4,89.4,89.4,89.4,128728.64499999999,,80.0,0
2025-10-29 13:57:00,89.55000000000001,89.55000000000001,89.55000000000001,89.55000000000001,128904.47,,80.0,0
2025-10-29 14:00:00,89.4,89.4,89.4,89.4,128728.64,,80.0,0
2025-10-29 14:03:00,89.35,89.35,89.35,89.35,128611.42,,80.0,0
2025-10-29 14:06:00,89.55000000000001,89.55000000000001,89.55000000000001,89.55000000000001,128904.47,,80.0,0
2025-10-29 14:09:00,89.4,89.4,89.4,89.4,128787.25,,80.0,0
2025-10-29 14:12:00,89.7,89.7,89.7,89.7,129138.91,,80.0,0
2025-10-29 14:15:00,89.5,89.5,89.5,89.5,128845.86,,80.0,0
2025-10-29 14:18:00,89.55000000000001,89.55000000000001,89.55000000000001,89.1,128318.375,,80.0,0
2025-10-29 14:21:00,89.55000000000001,89.55000000000001,89.55000000000001,89.55000000000001,128904.47,,80.0,0
2025-10-29 14:24:00,89.55000000000001,89.55000000000001,89.55000000000001,89.55000000000001,128904.47,,80.0,0
2025-10-29 14:27:00,89.4,89.4,89.4,89.4,128670.03,,80.0,0
2025-10-29 14:30:00,89.7,89.7,89.7,89.7,129138.91,,80.0,0
2025-10-29 14:33:00,89.55000000000001,89.55000000000001,89.55000000000001,89.55000000000001,128904.47,,80.0,0
2025-10-29 14:36:00,89.4,89.4,89.4,89.4,128670.03,,80.0,0
2025-10-29 14:39:00,89.7,89.7,89.7,89.7,129138.91,,80.0,0
2025-10-29 14:42:00,89.7,89.7,89.7,89.7,129138.91,,80.0,0
2025-10-29 14:45:00,89.2,89.2,89.2,89.2,128435.61,,80.0,0
2025-10-29 14:48:00,89.75,89.75,89.75,89.75,129197.52,,80.0,0
2025-10-29 14:51:00,89.4,89.4,89.4,89.4,128670.03,,80.0,0
2025-10-29 14:54:00,89.4,89.4,89.4,87.5,126032.59,,80.0,0
2025-10-29 14:57:00,89.3,89.3,89.3,89.3,128552.81,,80.0,0
2025-10-29 15:00:00,89.25,89.25,89.25,89.25,128552.81,,80.0,0
2025-10-29 15:03:00,89.4,89.4,89.4,89.4,128670.03,,80.0,0
2025-10-29 15:06:00,89.35,89.35,89.35,88.7,127732.275,,80.0,0
2025-10-29 15:09:00,89.4,89.4,89.4,89.4,128670.03,,80.0,0
2025-10-29 15:12:00,89.35,89.35,89.35,89.35,128611.42,,80.0,0
2025-10-29 15:15:00,89.19999999999999,89.19999999999999,89.19999999999999,89.19999999999999,128435.59,,80.0,0
2025-10-29 15:18:00,89.65,89.65,89.65,89.65,129080.295,,80.0,0
2025-10-29 15:21:00,89.5,89.5,89.5,89.5,128904.48000000001,,80.0,0
2025-10-29 15:24:00,89.55000000000001,89.55000000000001,89.55000000000001,89.55000000000001,128963.08,,80.0,0
2025-10-29 15:27:00,89.1,89.1,89.1,89.1,128318.39,,80.0,0
2025-10-29 15:30:00,89.35,89.35,89.35,89.35,128611.42,,80.0,0
2025-10-29 15:33:00,89.4,89.4,89.4,89.1,128318.37,,80.0,0
2025-10-29 15:36:00,89.4,89.4,89.4,89.4,128670.03,,80.0,0
2025-10-29 15:39:00,89.4,89.4,89.4,89.4,128670.03,,80.0,0
2025-10-29 15:42:00,89.4,89.4,89.4,89.4,128670.03,,80.0,0
2025-10-29 15:45:00,89.4,89.4,89.4,89.4,128728.64,,80.0,0
2025-10-29 15:48:00,89.4,89.4,89.4,89.35,128611.42,,80.0,0
2025-10-29 15:51:00,89.4,89.4,89.4,89.55000000000001,128904.47,,80.0,0
2025-10-29 15:54:00,89.4,89.4,89.4,89.4,128670.03,,80.0,0
2025-10-29 15:57:00,89.4,89.4,89.4,89.4,128728.64,,80.0,0
2025-10-29 16:00:00,89.4,89.4,89.4,88.2,127028.955,,80.0,0
2025-10-29 16:03:00,89.4,89.4,89.4,89.4,128670.03,,80.0,0
2025-10-29 16:06:00,89.05000000000001,89.05000000000001,89.05000000000001,89.05000000000001,128259.775,,80.0,0
2025-10-29 16:09:00,89.4,89.4,89.4,89.4,128670.03,,80.0,0
2025-10-29 16:12:00,89.15,89.15,89.15,89.15,128376.98999999999,,80.0,0
2025-10-29 16:15:00,89.4,89.4,89.4,89.4,128670.03,,80.0,0
2025-10-29 16:18:00,89.2,89.2,89.2,89.2,128435.61,,80.0,0
2025-10-29 16:21:00,88.3,88.3,88.3,88.3,127146.18,,80.0,0
2025-10-29 16:24:00,89.4,89.4,89.4,89.4,128670.03,,80.0,0
2025-10-29 16:27:00,89.7,89.7,89.7,89.7,129138.91,,80.0,0
2025-10-29 16:30:00,89.55000000000001,89.55000000000001,89.55000000000001,89.55000000000001,128904.47,,80.0,0
2025-10-29 16:33:00,89.2,89.2,89.2,89.2,128435.61,,80.0,0
2025-10-29 16:36:00,89.2,89.2,89.2,87.85,126501.465,,80.0,0
2025-10-29 16:39:00,89.25,89.25,89.25,88.25,127087.56,,80.0,0
2025-10-29 16:42:00,89.2,89.2,89.2,89.2,128435.61,,80.0,0
2025-10-29 16:45:00,89.1,89.1,89.1,89.1,128318.37,,80.0,0
2025-10-29 16:48:00,89.35,89.35,89.35,89.35,128611.42,,80.0,0
2025-10-29 16:51:00,89.35,89.35,89.35,89.35,128611.42,,80.0,0
2025-10-29 16:54:00,89.25,89.25,89.25,89.25,128494.2,,80.0,0
2025-10-29 16:57:00,89.05,89.05,89.05,89.05,128259.76999999999,,80.0,0
2025-10-29 17:00:00,89.2,89.2,89.2,89.2,128435.61,,80.0,0
2025-10-29 17:03:00,89.1,89.1,89.1,89.1,128318.39,,80.0,0
2025-10-29 17:06:00,89.15,89.15,89.15,89.15,128376.98999999999,,80.0,0
2025-10-29 17:09:00,89.4,89.4,89.4,89.4,128728.64,,80.0,0
2025-10-29 17:12:00,89.1,89.1,89.1,89.1,128318.39,,80.0,0
2025-10-29 17:15:00,89.25,89.25,89.25,89.25,128494.20999999999,,80.0,0
2025-10-29 17:18:00,88.9,88.9,88.9,88.9,128025.32500000001,,80.0,0
2025-10-29 17:21:00,88.75,88.75,88.75,88.75,127790.88500000001,,80.0,0
2025-10-29 17:24:00,88.6,88.6,88.6,88.6,127556.44,,80.0,0
2025-10-29 17:27:00,89.0,89.0,89.0,89.0,128142.54000000001,,80.0,0
2025-10-29 17:30:00,89.2,89.2,89.2,89.2,128435.61,,80.0,0
2025-10-29 17:33:00,89.25,89.25,89.25,89.25,128494.2,,80.0,0
2025-10-29 17:36:00,89.30000000000001,89.30000000000001,89.30000000000001,89.30000000000001,128552.82,,80.0,0
2025-10-29 17:39:00,89.2,89.2,89.2,89.2,128435.61,,80.0,0
2025-10-29 17:42:00,89.30000000000001,89.30000000000001,89.30000000000001,89.30000000000001,128552.82,,80.0,0
2025-10-29 17:45:00,89.2,89.2,89.2,87.95,126677.305,,80.0,0
2025-10-29 17:48:00,89.2,89.2,89.2,89.2,128435.61,,80.0,0
2025-10-29 17:51:00,89.15,89.15,89.15,89.15,128376.98999999999,,80.0,0
2025-10-29 17:54:00,89.4,89.4,89.4,89.4,128728.64,,80.0,0
2025-10-29 17:57:00,89.1,89.1,89.1,89.1,128318.39,,80.0,0
2025-10-29 18:00:00,89.30000000000001,89.30000000000001,89.30000000000001,89.30000000000001,128552.82,,80.0,0
2025-10-29 18:03:00,89.0,89.0,89.0,89.0,128201.17,,80.0,0
2025-10-29 18:06:00,89.1,89.1,89.1,89.1,128318.37,,80.0,0
2025-10-29 18:09:00,89.4,89.4,89.4,89.4,128670.03,,80.0,0
2025-10-29 18:12:00,89.4,89.4,89.4,89.4,128670.03,,80.0,0
2025-10-29 18:15:00,89.1,89.1,89.1,89.1,128318.39,,80.0,0
2025-10-29 18:18:00,89.15,89.15,89.15,89.15,128376.98999999999,,80.0,0
2025-10-29 18:21:00,89.1,89.1,89.1,89.1,128318.39,,80.0,0
2025-10-29 18:24:00,89.2,89.2,89.2,89.2,128435.61,,80.0,0
2025-10-29 18:27:00,89.25,89.25,89.25,89.25,128494.20999999999,,80.0,0
2025-10-29 18:30:00,89.15,89.15,89.15,88.7,127732.27,,80.0,0
2025-10-29 18:33:00,89.30000000000001,89.30000000000001,89.30000000000001,89.30000000000001,128552.82,,80.0,0
2025-10-29 18:36:00,89.55000000000001,89.55000000000001,89.55000000000001,89.55000000000001,128904.47,,80.0,0
2025-10-29 18:39:00,89.05,89.05,89.05,89.05,128259.76999999999,,80.0,0
2025-10-29 18:42:00,89.2,89.2,89.2,89.2,128435.61,,80.0,0
2025-10-29 18:45:00,89.15,89.15,89.15,89.15,128376.98999999999,,80.0,0
2025-10-29 18:48:00,89.4,89.4,89.4,89.4,128670.03,,80.0,0
2025-10-29 18:51:00,89.19999999999999,89.19999999999999,89.19999999999999,89.19999999999999,128435.59,,80.0,0
2025-10-29 18:54:00,89.2,89.2,89.2,89.2,128435.61,,80.0,0
2025-10-29 18:57:00,89.15,89.15,89.15,89.15,128376.98999999999,,80.0,0
2025-10-29 19:00:00,89.25,89.25,89.25,89.25,128494.20999999999,,80.0,0
2025-10-29 19:03:00,89.2,89.2,89.2,88.95,128083.94,,80.0,0
2025-10-29 19:06:00,89.4,89.4,89.4,89.4,128670.03,,80.0,0
2025-10-29 19:09:00,89.2,89.2,89.2,89.2,128435.61,,80.0,0
2025-10-29 19:12:00,89.15,89.15,89.15,89.4,128670.03,,80.0,0
2025-10-29 19:15:00,88.9,88.9,88.9,88.9,128025.32500000001,,80.0,0
2025-10-29 19:18:00,89.1,89.1,89.1,89.1,128318.37,,80.0,0
2025-10-29 19:21:00,88.95,88.95,88.95,88.95,128083.94,,80.0,0
2025-10-29 19:24:00,89.2,89.2,89.2,89.2,128435.61,,80.0,0
2025-10-29 19:27:00,89.15,89.15,89.15,89.15,128376.98999999999,,80.0,0
2025-10-29 19:30:00,89.35,89.35,89.35,89.35,128611.42,,80.0,0
2025-10-29 19:33:00,89.15,89.15,89.15,89.15,128376.98999999999,,80.0,0
2025-10-29 19:36:00,89.25,89.25,89.25,89.25,128494.20999999999,,80.0,0
2025-10-29 19:39:00,89.0,89.0,89.0,89.0,128201.17,,80.0,0
2025-10-29 19:42:00,89.15,89.15,89.15,89.15,128376.98999999999,,80.0,0
2025-10-29 19:45:00,88.9,88.9,88.9,88.9,128083.94,,80.0,0
2025-10-29 19:48:00,89.2,89.2,89.2,89.2,128435.61,,80.0,0
2025-10-29 19:51:00,88.94999999999999,88.94999999999999,88.94999999999999,88.94999999999999,128083.935,,80.0,0
2025-10-29 19:54:00,89.0,89.0,89.0,89.0,128201.17,,80.0,0
2025-10-29 19:57:00,89.0,89.0,89.0,89.0,128201.17,,80.0,0
2025-10-29 20:00:00,89.05,89.05,89.05,89.05,128259.76999999999,,80.0,0
2025-10-29 20:03:00,89.15,89.15,89.15,89.15,128376.98999999999,,80.0,0
2025-10-29 20:06:00,89.1,89.1,89.1,89.1,128318.37,,80.0,0
2025-10-29 20:09:00,89.2,89.2,89.2,89.2,128435.61,,80.0,0
2025-10-29 20:12:00,89.1,89.1,89.1,89.1,128318.39,,80.0,0
2025-10-29 20:15:00,89.0,89.0,89.0,89.0,128201.155,,80.0,0
2025-10-29 20:18:00,88.95,88.95,88.95,88.95,128083.94,,80.0,0
2025-10-29 20:21:00,88.75,88.75,88.75,88.75,127790.88500000001,,80.0,0
2025-10-29 20:24:00,89.2,89.2,89.2,89.2,128435.61,,80.0,0
2025-10-29 20:27:00,88.85,88.85,88.85,88.85,127966.72,,80.0,0
2025-10-29 20:30:00,89.0,89.0,89.0,88.30000000000001,127204.79000000001,,80.0,0
2025-10-29 20:33:00,89.05,89.05,89.05,89.05,128259.76999999999,,80.0,0
2025-10-29 20:36:00,89.2,89.2,89.2,89.2,128435.61,,80.0,0
2025-10-29 20:39:00,89.35,89.35,89.35,89.35,128670.04000000001,,80.0,0
2025-10-29 20:42:00,89.0,89.0,89.0,89.0,128201.17,,80.0,0
2025-10-29 20:45:00,88.95,88.95,88.95,88.95,128083.94,,80.0,0
2025-10-29 20:48:00,89.1,89.1,89.1,89.1,128318.39,,80.0,0
2025-10-29 20:51:00,88.95,88.95,88.95,88.95,128142.555,,80.0,0
2025-10-29 20:54:00,89.05,89.05,89.05,89.05,128259.76999999999,,80.0,0
2025-10-29 20:57:00,89.15,89.15,89.15,89.15,128376.98999999999,,80.0,0
2025-10-29 21:00:00,89.1,89.1,89.1,89.1,128318.39,,80.0,0
2025-10-29 21:03:00,89.0,89.0,89.0,89.0,128201.17,,80.0,0
2025-10-29 21:06:00,88.95,88.95,88.95,88.95,128142.555,,80.0,0
2025-10-29 21:09:00,89.05000000000001,89.05000000000001,89.05000000000001,89.05000000000001,128259.775,,80.0,0
2025-10-29 21:12:00,89.1,89.1,89.1,89.1,128318.39,,80.0,0
2025-10-29 21:15:00,89.0,89.0,89.0,89.0,128201.17,,80.0,0
2025-10-29 21:18:00,89.0,89.0,89.0,89.0,128201.17,,80.0,0
2025-10-29 21:21:00,89.0,89.0,89.0,89.0,128201.17,,80.0,0
2025-10-29 21:24:00,89.0,89.0,89.0,89.0,128201.17,,80.0,0
2025-10-29 21:27:00,89.0,89.0,89.0,89.0,128142.54000000001,,80.0,0
2025-10-29 21:30:00,89.0,89.0,89.0,89.05,128259.76999999999,,80.0,0
2025-10-29 21:33:00,88.9,88.9,88.9,88.9,128025.32500000001,,80.0,0
2025-10-29 21:36:00,89.1,89.1,89.1,89.1,128318.39,,80.0,0
2025-10-29 21:39:00,88.95,88.95,88.95,88.95,128083.94,,80.0,0
2025-10-29 21:42:00,89.0,89.0,89.0,89.0,128201.17,,80.0,0
2025-10-29 21:45:00,88.95,88.95,88.95,88.95,128083.94,,80.0,0
2025-10-29 21:48:00,88.95,88.95,88.95,88.95,128142.555,,80.0,0
2025-10-29 21:51:00,89.1,89.1,89.1,89.1,128318.39,,80.0,0
2025-10-29 21:54:00,89.1,89.1,89.1,89.1,128318.39,,80.0,0
2025-10-29 21:57:00,89.0,89.0,89.0,89.0,128201.17,,80.0,0
2025-10-29 22:00:00,89.2,89.2,89.2,89.2,128435.61,,80.0,0
2025-10-29 22:03:00,88.95,88.95,88.95,88.95,128142.555,,80.0,0
2025-10-29 22:06:00,89.1,89.1,89.1,89.1,128318.37,,80.0,0
2025-10-29 22:09:00,88.9,88.9,88.9,88.9,128025.32500000001,,80.0,0
2025-10-29 22:12:00,89.0,89.0,89.0,89.0,128201.17,,80.0,0
2025-10-29 22:15:00,88.80000000000001,88.80000000000001,88.80000000000001,88.80000000000001,127849.49,,80.0,0
2025-10-29 22:18:00,88.95,88.95,88.95,88.7,127732.27,,80.0,0
2025-10-29 22:21:00,89.0,89.0,89.0,89.0,128201.17,,80.0,0
2025-10-29 22:24:00,89.0,89.0,89.0,89.0,128201.17,,80.0,0
2025-10-29 22:27:00,88.95,88.95,88.95,88.95,128142.555,,80.0,0
2025-10-29 22:30:00,88.95,88.95,88.95,88.95,128083.94,,80.0,0
2025-10-29 22:33:00,88.85,88.85,88.85,88.85,127966.72,,80.0,0
2025-10-29 22:36:00,89.0,89.0,89.0,89.0,128201.17,,80.0,0
2025-10-29 22:39:00,88.95,88.95,88.95,89.0,128201.17,,80.0,0
2025-10-29 22:42:00,88.95,88.95,88.95,88.95,128142.555,,80.0,0
2025-10-29 22:45:00,88.95,88.95,88.95,88.95,128142.555,,80.0,0
2025-10-29 22:48:00,88.95,88.95,88.95,88.95,128083.94,,80.0,0
2025-10-29 22:51:00,88.95,88.95,88.95,89.0,128142.54000000001,,80.0,0
2025-10-29 22:54:00,88.95,88.95,88.95,88.95,128142.555,,80.0,0
2025-10-29 22:57:00,88.95,88.95,88.95,89.0,128201.17,,80.0,0
2025-10-29 23:00:00,88.95,88.95,88.95,88.95,128083.94,,80.0,0
2025-10-29 23:03:00,89.1,89.1,89.1,89.1,128318.37,,80.0,0
2025-10-29 23:06:00,88.95,88.95,88.95,88.95,128142.555,,80.0,0
2025-10-29 23:09:00,89.05,89.05,89.05,89.05,128259.76999999999,,80.0,0
2025-10-29 23:12:00,88.85,88.85,88.85,88.85,127966.72,,80.0,0
2025-10-29 23:15:00,88.9,88.9,88.9,88.9,128025.32500000001,,80.0,0
2025-10-29 23:18:00,88.95,88.95,88.95,88.95,128083.94,,80.0,0
2025-10-29 23:21:00,88.9,88.9,88.9,88.9,128025.32500000001,,80.0,0
2025-10-29 23:24:00,89.0,89.0,89.0,89.0,128201.17,,80.0,0
2025-10-29 23:27:00,89.0,89.0,89.0,89.0,128201.17,,80.0,0
2025-10-29 23:30:00,88.95,88.95,88.95,88.4,127322.01000000001,,80.0,0
2025-10-29 23:33:00,89.15,89.15,89.15,89.15,128376.98999999999,,80.0,0
2025-10-29 23:36:00,88.95,88.95,88.95,88.95,128142.555,,80.0,0
2025-10-29 23:39:00,88.9,88.9,88.9,88.9,127966.71,,80.0,0
2025-10-29 23:42:00,88.80000000000001,88.80000000000001,88.80000000000001,88.80000000000001,127849.49,,80.0,0
2025-10-29 23:45:00,89.05000000000001,89.05000000000001,89.05000000000001,89.05000000000001,128201.16,,80.0,0
2025-10-29 23:48:00,89.05000000000001,89.05000000000001,89.05000000000001,89.05000000000001,128201.16,,80.0,0
2025-10-29 23:51:00,88.9,88.9,88.9,88.9,128025.33499999999,,80.0,0
2025-10-29 23:54:00,88.9,88.9,88.9,88.9,128083.94,,80.0,0
2025-10-29 23:57:00,89.0,89.0,89.0,89.0,128201.17,,80.0,0
2025-10-30 00:00:00,88.9,88.9,88.9,88.9,127966.71,,80.0,0
2025-10-30 00:03:00,88.9,88.9,88.9,89.05,128259.76999999999,,80.0,0
2025-10-30 00:06:00,88.9,88.9,88.9,88.9,128025.32500000001,,80.0,0
2025-10-30 00:09:00,88.9,88.9,88.9,88.9,128025.32500000001,,80.0,0
2025-10-30 00:12:00,88.80000000000001,88.80000000000001,88.80000000000001,88.80000000000001,127849.49,,80.0,0
2025-10-30 00:15:00,88.9,88.9,88.9,88.9,127966.71,,80.0,0
2025-10-30 00:18:00,88.7,88.7,88.7,88.7,127732.27,,80.0,0
2025-10-30 00:21:00,88.80000000000001,88.80000000000001,88.80000000000001,88.9,128025.32500000001,,80.0,0
2025-10-30 00:24:00,89.0,89.0,89.0,89.0,128201.17,,80.0,0
2025-10-30 00:27:00,88.8,88.8,88.8,88.8,127849.5,,80.0,0
2025-10-30 00:30:00,88.80000000000001,88.80000000000001,88.80000000000001,88.80000000000001,127849.49,,80.0,0
2025-10-30 00:33:00,88.7,88.7,88.7,88.7,127732.27,,80.0,0
2025-10-30 00:36:00,88.8,88.8,88.8,88.8,127849.5,,80.0,0
2025-10-30 00:39:00,88.9,88.9,88.9,88.9,128025.32500000001,,80.0,0
2025-10-30 00:42:00,88.75,88.75,88.75,88.75,127790.88500000001,,80.0,0
2025-10-30 00:45:00,88.9,88.9,88.9,88.9,127966.71,,80.0,0
2025-10-30 00:48:00,88.65,88.65,88.65,88.65,127673.67,,80.0,0
2025-10-30 00:51:00,88.75,88.75,88.75,88.75,127790.88500000001,,80.0,0
2025-10-30 00:54:00,88.6,88.6,88.6,88.2,127028.95999999999,,80.0,0
2025-10-30 00:57:00,88.55,88.55,88.55,88.55,127497.84,,80.0,0
2025-10-30 01:00:00,88.6,88.6,88.6,88.6,127615.055,,80.0,0
2025-10-30 01:03:00,88.6,88.6,88.6,88.6,127615.055,,80.0,0
2025-10-30 01:06:00,88.5,88.5,88.5,88.5,127497.84,,80.0,0
2025-10-30 01:09:00,88.5,88.5,88.5,87.4,125856.755,,80.0,0
2025-10-30 01:12:00,88.5,88.5,88.5,88.5,127497.84,,80.0,0
2025-10-30 01:15:00,88.1,88.1,88.1,88.6,127615.055,,80.0,0
2025-10-30 01:18:00,88.05,88.05,88.05,88.05,126794.515,,80.0,0
2025-10-30 01:21:00,87.9,87.9,87.9,87.9,126560.07,,80.0,0
2025-10-30 01:24:00,88.1,88.1,88.1,88.1,126911.735,,80.0,0
2025-10-30 01:27:00,87.9,87.9,87.9,87.9,126560.07,,80.0,0
2025-10-30 01:30:00,88.0,88.0,88.0,88.0,126794.52,,80.0,0
2025-10-30 01:33:00,88.05,88.05,88.05,88.05,126794.51,,80.0,0
2025-10-30 01:36:00,88.5,88.5,88.5,88.5,127497.84,,80.0,0
2025-10-30 01:39:00,87.5,87.5,87.5,87.5,126032.59,,80.0,0
2025-10-30 01:42:00,87.9,87.9,87.9,87.9,126618.695,,80.0,0
2025-10-30 01:45:00,87.65,87.65,87.65,87.65,126208.41,,80.0,0
2025-10-30 01:48:00,87.1,87.1,87.1,87.1,125387.87,,80.0,0
2025-10-30 01:51:00,87.46249999999999,87.46249999999999,88.4,88.4,127263.4,,80.0,0
2025-10-30 01:54:00,87.4,87.4,87.4,87.4,125856.76000000001,,80.0,0
2025-10-30 01:57:00,87.7,87.7,87.7,87.7,126267.02,,80.0,0
2025-10-30 02:00:00,87.2,87.2,87.2,87.2,125563.70999999999,,80.0,0
2025-10-30 02:03:00,87.19999999999999,87.19999999999999,87.19999999999999,87.19999999999999,125563.70000000001,,80.0,0
2025-10-30 02:06:00,86.9,86.9,86.9,86.9,125153.44,,80.0,0
2025-10-30 02:09:00,87.5,87.5,87.5,87.5,126032.59,,80.0,0
2025-10-30 02:12:00,87.5,87.5,87.5,87.5,125973.975,,80.0,0
2025-10-30 02:15:00,87.95,87.95,87.95,87.95,126618.68,,80.0,0
2025-10-30 02:18:00,87.0,87.0,87.0,87.0,125270.655,,80.0,0
2025-10-30 02:21:00,87.95,87.95,87.95,87.45,125915.37,,80.0,0
2025-10-30 02:24:00,88.0,88.0,88.0,88.0,126735.9,,80.0,0
2025-10-30 02:27:00,88.1,88.1,88.1,88.1,126911.73,,80.0,0
2025-10-30 02:30:00,88.0,88.0,88.0,88.45,127322.01,,80.0,0
2025-10-30 02:33:00,88.05,88.05,88.05,88.05,126853.125,,80.0,0
2025-10-30 02:36:00,88.0,88.0,88.0,88.0,126794.52,,80.0,0
2025-10-30 02:39:00,88.05,88.05,88.05,88.05,126853.125,,80.0,0
2025-10-30 02:42:00,87.8,87.8,87.8,87.8,126442.85,,80.0,0
2025-10-30 02:45:00,88.0,88.0,88.0,88.0,126794.52,,80.0,0
2025-10-30 02:48:00,87.95,87.95,87.95,87.95,126677.29500000001,,80.0,0
2025-10-30 02:51:00,87.9,87.9,87.9,87.9,126618.685,,80.0,0
2025-10-30 02:54:00,88.25,88.25,88.25,88.25,127087.57,,80.0,0
2025-10-30 02:57:00,87.75,87.75,87.75,87.75,126325.63,,80.0,0
2025-10-30 03:00:00,87.8,87.8,87.8,87.8,126442.85500000001,,80.0,0
2025-10-30 03:03:00,87.75,87.75,87.75,87.75,126325.63,,80.0,0
2025-10-30 03:06:00,87.75,87.75,87.75,87.75,126325.63,,80.0,0
2025-10-30 03:09:00,87.9,87.9,87.9,87.9,126560.07,,80.0,0
2025-10-30 03:12:00,88.0,88.0,88.0,88.0,126677.29,,80.0,0
2025-10-30 03:15:00,87.80000000000001,87.80000000000001,87.80000000000001,87.80000000000001,126442.85500000001,,80.0,0
2025-10-30 03:18:00,87.9,87.9,87.9,87.9,126560.07,,80.0,0
2025-10-30 03:21:00,87.85,87.85,87.85,87.85,126501.46,,80.0,0
2025-10-30 03:24:00,87.9,87.9,87.9,87.9,126560.07,,80.0,0
2025-10-30 03:27:00,87.6,87.6,87.6,87.6,126091.19,,80.0,0
2025-10-30 03:30:00,87.75,87.75,87.75,87.75,126384.245,,80.0,0
2025-10-30 03:33:00,87.8,87.8,87.8,87.8,126442.85,,80.0,0
2025-10-30 03:36:00,87.75,87.75,87.75,87.75,126384.245,,80.0,0
2025-10-30 03:39:00,87.7,87.7,87.7,87.7,126325.64,,80.0,0
2025-10-30 03:42:00,87.65,87.65,87.65,87.65,126267.025,,80.0,0
2025-10-30 03:45:00,87.6,87.6,87.6,87.6,126149.8,,80.0,0
2025-10-30 03:48:00,87.6,87.6,87.6,87.6,126091.19,,80.0,0
2025-10-30 03:51:00,87.6,87.6,87.6,87.6,126149.805,,80.0,0
2025-10-30 03:54:00,87.6,87.6,87.6,87.6,126149.8,,80.0,0
2025-10-30 03:57:00,87.7,87.7,87.7,87.7,126325.64,,80.0,0
2025-10-30 04:00:00,87.65,87.65,87.65,87.65,126267.025,,80.0,0
2025-10-30 04:03:00,87.65,87.65,87.65,87.65,126208.41500000001,,80.0,0
2025-10-30 04:06:00,87.6,87.6,87.6,87.35,125739.535,,80.0,0
2025-10-30 04:09:00,87.6,87.6,87.6,87.6,126208.41,,80.0,0
2025-10-30 04:12:00,87.6,87.6,87.6,87.85,126560.08,,80.0,0
2025-10-30 04:15:00,87.65,87.65,87.65,87.65,126267.025,,80.0,0
2025-10-30 04:18:00,87.6,87.6,87.6,87.6,126091.19,,80.0,0
2025-10-30 04:21:00,87.30000000000001,87.30000000000001,87.30000000000001,87.30000000000001,125739.55,,80.0,0
2025-10-30 04:24:00,87.55,87.55,87.55,87.55,126032.58,,80.0,0
2025-10-30 04:27:00,87.5,87.5,87.5,87.5,125973.97,,80.0,0
2025-10-30 04:30:00,87.35,87.35,87.35,87.35,125798.155,,80.0,0
2025-10-30 04:33:00,87.45,87.45,87.45,87.45,125915.37,,80.0,0
2025-10-30 04:36:00,87.5,87.5,87.5,87.5,125973.97,,80.0,0
2025-10-30 04:39:00,87.6,87.6,87.6,87.6,126208.41,,80.0,0
2025-10-30 04:42:00,87.45,87.45,87.45,87.45,125915.37,,80.0,0
2025-10-30 04:45:00,87.45,87.45,87.45,87.45,125915.37,,80.0,0
2025-10-30 04:48:00,87.30000000000001,87.30000000000001,87.30000000000001,87.30000000000001,125739.55,,80.0,0
2025-10-30 04:51:00,87.2,87.2,87.2,87.2,125505.1,,80.0,0
2025-10-30 04:54:00,87.45,87.45,87.45,87.45,125915.37,,80.0,0
2025-10-30 04:57:00,87.2,87.2,87.2,87.2,125622.33,,80.0,0
2025-10-30 05:00:00,87.4,87.4,87.4,87.4,125856.77,,80.0,0
2025-10-30 05:03:00,87.4,87.4,87.4,87.4,125856.77,,80.0,0
2025-10-30 05:06:00,87.2,87.2,87.2,87.2,125622.33,,80.0,0
2025-10-30 05:09:00,87.4,87.4,87.4,87.4,125856.77,,80.0,0
2025-10-30 05:12:00,87.2,87.2,87.2,87.2,125622.33,,80.0,0
2025-10-30 05:15:00,87.45,87.45,87.45,87.45,125915.37,,80.0,0
2025-10-30 05:18:00,87.30000000000001,87.30000000000001,87.30000000000001,87.30000000000001,125739.55,,80.0,0
2025-10-30 05:21:00,87.0,87.0,87.0,87.0,125329.26999999999,,80.0,0
2025-10-30 05:24:00,85.94999999999999,85.94999999999999,85.94999999999999,85.94999999999999,123746.795,,80.0,0
2025-10-30 05:27:00,86.8,86.8,86.8,86.8,124977.605,,80.0,0
2025-10-30 05:30:00,86.05000000000001,86.05000000000001,86.05000000000001,86.05000000000001,123922.63,,80.0,0
2025-10-30 05:33:00,86.35,86.35,86.35,86.35,124332.89,,80.0,0
2025-10-30 05:36:00,85.80000000000001,85.80000000000001,85.80000000000001,85.80000000000001,123570.975,,80.0,0
2025-10-30 05:39:00,86.05,86.05,86.05,86.05,123922.63,,80.0,0
2025-10-30 05:42:00,86.25,86.25,86.25,86.25,124157.07,,80.0,0
2025-10-30 05:45:00,86.05,86.05,86.05,86.05,123922.625,,80.0,0
2025-10-30 05:48:00,86.25,86.25,86.25,86.25,124157.07,,80.0,0
2025-10-30 05:51:00,87.2,87.2,87.2,87.2,125622.33,,80.0,0
2025-10-30 05:54:00,86.7,86.7,86.7,86.7,124860.39,,80.0,0
2025-10-30 05:57:00,87.15,87.15,87.15,87.15,125446.49,,80.0,0
2025-10-30 06:00:00,86.95,86.95,86.95,86.95,125212.05,,80.0,0
2025-10-30 06:03:00,87.1,87.1,87.1,87.1,125387.88,,80.0,0
2025-10-30 06:06:00,87.0,87.0,87.0,87.0,125270.66,,80.0,0
2025-10-30 06:09:00,87.05,87.05,87.05,87.05,125329.27,,80.0,0
2025-10-30 06:12:00,87.2,87.2,87.2,87.2,125622.33,,80.0,0
2025-10-30 06:15:00,87.1,87.1,87.1,87.1,125387.88,,80.0,0
2025-10-30 06:18:00,86.9,86.9,86.9,86.5,124625.945,,80.0,0
2025-10-30 06:21:00,86.9,86.9,86.9,86.9,125153.44,,80.0,0
2025-10-30 06:24:00,86.7,86.7,86.7,86.7,124860.39,,80.0,0
2025-10-30 06:27:00,86.85,86.85,86.85,86.85,125094.83,,80.0,0
2025-10-30 06:30:00,86.7,86.7,86.7,86.7,124860.39,,80.0,0
2025-10-30 06:33:00,86.75,86.75,86.75,86.75,124918.995,,80.0,0
2025-10-30 06:36:00,86.7,86.7,86.7,86.55,124625.94,,80.0,0
2025-10-30 06:39:00,86.7,86.7,86.7,86.7,124860.39,,80.0,0
2025-10-30 06:42:00,86.7,86.7,86.7,86.7,124919.0,,80.0,0
2025-10-30 06:45:00,86.7,86.7,86.7,86.7,124919.0,,80.0,0
2025-10-30 06:48:00,86.7,86.7,86.7,86.7,124860.39,,80.0,0
2025-10-30 06:51:00,86.7,86.7,86.7,86.7,124860.39,,80.0,0
2025-10-30 06:54:00,86.7,86.7,86.7,87.05,125329.27,,80.0,0
2025-10-30 06:57:00,86.5,86.5,86.5,86.5,124567.33499999999,,80.0,0
2025-10-30 07:00:00,86.6,86.6,86.6,86.6,124743.16500000001,,80.0,0
2025-10-30 07:03:00,86.85,86.85,86.85,86.85,125036.22,,80.0,0
2025-10-30 07:06:00,87.1,87.1,87.1,87.1,125387.88,,80.0,0
2025-10-30 07:09:00,87.1,87.1,87.1,87.1,125387.88,,80.0,0
2025-10-30 07:12:00,86.7,86.7,86.7,86.7,124919.0,,80.0,0
2025-10-30 07:15:00,87.2,87.2,87.2,87.2,125505.1,,80.0,0
2025-10-30 07:18:00,86.85,86.85,86.85,86.85,125036.215,,80.0,0
2025-10-30 07:21:00,87.1,87.1,87.1,87.1,125387.88,,80.0,0
2025-10-30 07:24:00,86.7,86.7,86.7,86.7,124860.39,,80.0,0
2025-10-30 07:27:00,86.7,86.7,86.7,86.7,124860.39,,80.0,0
2025-10-30 07:30:00,86.7,86.7,86.7,86.7,124919.0,,80.0,0
2025-10-30 07:33:00,86.7,86.7,86.7,86.7,124919.0,,80.0,0
2025-10-30 07:36:00,86.7,86.7,86.7,86.5,124625.945,,80.0,0
2025-10-30 07:39:00,86.65,86.65,86.65,86.7,124919.0,,80.0,0
2025-10-30 07:42:00,86.6,86.6,86.6,86.6,124684.55,,80.0,0
2025-10-30 07:45:00,86.6,86.6,86.6,86.6,124684.55,,80.0,0
2025-10-30 07:48:00,86.6,86.6,86.6,86.6,124684.555,,80.0,0
2025-10-30 07:51:00,86.6,86.6,86.6,86.6,124684.55,,80.0,0
2025-10-30 07:54:00,86.6,86.6,86.6,86.65,124801.775,,80.0,0
2025-10-30 07:57:00,86.6,86.6,86.6,86.4,124450.12,,80.0,0
2025-10-30 08:00:00,86.65,86.65,86.65,86.65,124801.775,,80.0,0
2025-10-30 08:03:00,86.6,86.6,86.6,86.6,124684.555,,80.0,0
2025-10-30 08:06:00,86.6,86.6,86.6,86.6,124684.555,,80.0,0
2025-10-30 08:09:00,86.55000000000001,86.55000000000001,86.55000000000001,86.55000000000001,124684.56,,80.0,0
2025-10-30 08:12:00,86.7,86.7,86.7,86.7,124801.78,,80.0,0
2025-10-30 08:15:00,86.6,86.6,86.6,85.1,122574.595,,80.0,0
2025-10-30 08:18:00,86.7,86.7,86.7,86.7,124860.39,,80.0,0
2025-10-30 08:21:00,86.7,86.7,86.7,86.7,124860.39,,80.0,0
2025-10-30 08:24:00,86.7,86.7,86.7,86.7,124919.0,,80.0,0
2025-10-30 08:27:00,86.5,86.5,86.5,86.5,124567.33499999999,,80.0,0
2025-10-30 08:30:00,86.55,86.55,86.55,86.55,124625.94,,80.0,0
2025-10-30 08:33:00,86.45,86.45,86.45,86.45,124508.725,,80.0,0
2025-10-30 08:36:00,86.65,86.65,86.65,86.65,124801.775,,80.0,0
2025-10-30 08:39:00,86.65,86.65,86.65,86.65,124801.775,,80.0,0
2025-10-30 08:42:00,86.65,86.65,86.65,86.65,124743.16500000001,,80.0,0
2025-10-30 08:45:00,86.65,86.65,86.65,86.65,124801.775,,80.0,0
2025-10-30 08:48:00,86.65,86.65,86.65,86.3,124215.67,,80.0,0
2025-10-30 08:51:00,86.65,86.65,86.65,86.4,124450.12,,80.0,0
2025-10-30 08:54:00,86.6,86.6,86.6,86.6,124684.55,,80.0,0
2025-10-30 08:57:00,86.65,86.65,86.65,86.65,124743.16500000001,,80.0,0
2025-10-30 09:00:00,86.80000000000001,86.80000000000001,86.80000000000001,86.80000000000001,125036.22,,80.0,0
2025-10-30 09:03:00,86.6,86.6,86.6,86.6,124684.55,,80.0,0
2025-10-30 09:06:00,86.65,86.65,86.65,86.65,124743.16500000001,,80.0,0
2025-10-30 09:09:00,86.6,86.6,86.6,86.6,124684.55,,80.0,0
2025-10-30 09:12:00,86.44999999999999,86.44999999999999,86.44999999999999,86.44999999999999,124450.11,,80.0,0
2025-10-30 09:15:00,86.5,86.5,86.5,86.5,124567.33499999999,,80.0,0
2025-10-30 09:18:00,86.75,86.75,86.75,86.75,124918.995,,80.0,0
2025-10-30 09:21:00,86.65,86.65,86.65,86.65,124801.775,,80.0,0
2025-10-30 09:24:00,87.2,87.2,87.2,87.2,125563.715,,80.0,0
2025-10-30 09:27:00,86.94999999999999,86.94999999999999,86.94999999999999,86.94999999999999,125212.055,,80.0,0
2025-10-30 09:30:00,86.65,86.65,86.65,86.65,124743.16500000001,,80.0,0
2025-10-30 09:33:00,85.85,85.85,85.85,85.85,123629.58,,80.0,0
2025-10-30 09:36:00,86.6,86.6,86.6,86.6,124743.16500000001,,80.0,0
2025-10-30 09:39:00,85.96666666666665,85.96666666666665,85.0,85.0,122340.16,,80.0,0
2025-10-30 09:42:00,84.85,84.85,84.85,84.85,122222.93,,80.0,0
2025-10-30 09:45:00,85.45,85.45,85.45,85.45,122984.865,,80.0,0
2025-10-30 09:48:00,85.7,85.7,85.7,85.7,123395.14,,80.0,0
2025-10-30 09:51:00,86.6,86.6,86.6,86.6,124743.16500000001,,80.0,0
2025-10-30 09:54:00,86.26666666666667,86.26666666666667,84.9,84.9,122281.55,,80.0,0
2025-10-30 09:57:00,85.1,85.1,85.1,85.1,122574.6,,80.0,0
2025-10-30 10:00:00,85.68333333333334,85.68333333333334,86.5,85.7,123453.75,,80.0,1
2025-10-30 10:03:00,86.5,86.5,86.5,86.5,124567.33499999999,,80.0,1
2025-10-30 10:06:00,86.6,86.6,86.6,86.6,124684.55,,80.0,1
2025-10-30 10:09:00,86.95,86.95,86.95,86.95,125212.05,,80.0,1
2025-10-30 10:12:00,86.85,86.85,86.85,86.85,125094.83,,80.0,1
2025-10-30 10:15:00,87.1,87.1,87.1,87.1,125387.88,,80.0,1
2025-10-30 10:18:00,87.15,87.15,87.15,87.15,125446.49,,80.0,1
2025-10-30 10:21:00,87.2,87.2,87.2,87.2,125563.715,,80.0,1
2025-10-30 10:24:00,87.15,87.15,87.15,87.15,125505.10500000001,,80.0,1
2025-10-30 10:27:00,87.4,87.4,87.4,87.4,125856.77,,80.0,1
2025-10-30 10:30:00,87.4,87.4,87.4,87.4,125856.755,,80.0,1
2025-10-30 10:33:00,87.30000000000001,87.30000000000001,87.30000000000001,87.30000000000001,125739.55,,80.0,1
2025-10-30 10:36:00,87.35,87.35,87.35,87.35,125798.15,,80.0,1
2025-10-30 10:39:00,87.45,87.45,87.45,87.45,125915.37,,80.0,1
2025-10-30 10:42:00,87.45,87.45,87.45,87.7,126325.64,,80.0,1
2025-10-30 10:45:00,87.45,87.45,87.45,87.45,125915.37,,80.0,1
2025-10-30 10:48:00,87.65,87.65,87.65,87.65,126267.025,,80.0,1
2025-10-30 10:51:00,87.80000000000001,87.80000000000001,87.80000000000001,87.80000000000001,126442.85500000001,,80.0,1
2025-10-30 10:54:00,87.85,87.85,87.85,87.85,126501.465,,80.0,1
2025-10-30 10:57:00,88.0,88.0,88.0,88.0,126794.52,,80.0,1
2025-10-30 11:00:00,87.85,87.85,87.85,87.85,126501.46,,80.0,1
2025-10-30 11:03:00,87.9,87.9,87.9,87.9,126560.07,,80.0,1
2025-10-30 11:06:00,87.9,87.9,87.9,88.65,127615.055,,80.0,1
2025-10-30 11:09:00,87.95,87.95,87.95,87.95,126618.68,,80.0,1
2025-10-30 11:12:00,87.85,87.85,87.85,87.85,126560.08,,80.0,1
2025-10-30 11:15:00,87.9,87.9,87.9,88.4,127263.4,,80.0,1
2025-10-30 11:18:00,87.8,87.8,87.8,87.8,126442.85,,80.0,1
2025-10-30 11:21:00,87.9,87.9,87.9,87.9,126618.685,,80.0,1
2025-10-30 11:24:00,87.85,87.85,87.85,87.85,126501.46,,80.0,1
2025-10-30 11:27:00,88.0,88.0,88.0,88.0,126794.52,,80.0,1
2025-10-30 11:30:00,87.55000000000001,87.55000000000001,87.55000000000001,87.55000000000001,126091.205,,80.0,1
2025-10-30 11:33:00,88.0,88.0,88.0,88.0,126794.52,,80.0,1
2025-10-30 11:36:00,88.5,88.5,88.5,88.5,127497.84,,80.0,1
2025-10-30 11:39:00,88.2,88.2,88.2,88.2,127028.95999999999,,80.0,1
2025-10-30 11:42:00,88.0,88.0,88.0,88.0,126794.52,,80.0,1
2025-10-30 11:45:00,88.0,88.0,88.0,88.0,126794.52,,80.0,1
2025-10-30 11:48:00,88.25,88.25,88.25,88.25,127087.565,,80.0,1
2025-10-30 11:51:00,88.55,88.55,88.55,88.55,127556.45,,80.0,1
2025-10-30 11:54:00,88.6,88.6,88.6,88.6,127615.055,,80.0,1
2025-10-30 11:57:00,88.9,88.9,88.9,88.9,127966.71,,80.0,1
2025-10-30 12:00:00,88.6,88.6,88.6,88.6,127615.055,,80.0,1
2025-10-30 12:03:00,88.75,88.75,88.75,88.75,127790.88500000001,,80.0,1
2025-10-30 12:06:00,88.65,88.65,88.65,88.65,127673.67,,80.0,1
2025-10-30 12:09:00,88.85,88.85,88.85,88.85,127908.10500000001,,80.0,1
2025-10-30 12:12:00,88.69999999999999,88.69999999999999,88.69999999999999,88.69999999999999,127732.28,,80.0,1
2025-10-30 12:15:00,88.8,88.8,88.8,88.8,127849.5,,80.0,1
2025-10-30 12:18:00,88.9,88.9,88.9,88.9,128025.32500000001,,80.0,1
2025-10-30 12:21:00,89.05,89.05,89.05,89.05,128259.76999999999,,80.0,1
2025-10-30 12:24:00,88.95,88.95,88.95,88.95,128083.94,,80.0,1
2025-10-30 12:27:00,89.0,89.0,89.0,89.0,128201.155,,80.0,1
2025-10-30 12:30:00,88.9,88.9,88.9,88.9,128025.33499999999,,80.0,1
2025-10-30 12:33:00,89.0,89.0,89.0,88.75,127790.88500000001,,80.0,1
2025-10-30 12:36:00,89.0,89.0,89.0,89.0,128201.155,,80.0,1
2025-10-30 12:39:00,89.0,89.0,89.0,89.0,128201.17,,80.0,1
2025-10-30 12:42:00,89.30000000000001,89.30000000000001,89.30000000000001,89.30000000000001,128611.43,,80.0,1
2025-10-30 12:45:00,89.2,89.2,89.2,89.2,128435.61,,80.0,1
2025-10-30 12:48:00,89.15,89.15,89.15,89.15,128376.98999999999,,80.0,1
2025-10-30 12:51:00,89.19999999999999,89.19999999999999,89.19999999999999,89.19999999999999,128435.59,,80.0,1
2025-10-30 12:54:00,89.4,89.4,89.4,89.4,128728.64,,80.0,1
2025-10-30 12:57:00,89.75,89.75,89.75,89.75,129256.13,,80.0,1
2025-10-30 13:00:00,89.45,89.45,89.45,89.45,128787.26000000001,,80.0,0
2025-10-30 13:03:00,89.7,89.7,89.7,89.7,129138.91,,80.0,0
2025-10-30 13:06:00,89.8,89.8,89.8,89.8,129373.35,,80.0,0
2025-10-30 13:09:00,89.55000000000001,89.55000000000001,89.55000000000001,89.55000000000001,128904.47,,80.0,0
2025-10-30 13:12:00,89.9,89.9,89.9,89.9,129431.95999999999,,80.0,0
2025-10-30 13:15:00,89.8,89.8,89.8,89.8,129256.13,,80.0,0
2025-10-30 13:18:00,89.75,89.75,89.75,89.75,129197.52,,80.0,0
2025-10-30 13:21:00,89.55000000000001,89.55000000000001,89.55000000000001,89.55000000000001,128963.08,,80.0,0
2025-10-30 13:24:00,89.85,89.85,89.85,89.85,129431.96,,80.0,0
2025-10-30 13:27:00,89.75,89.75,89.75,89.75,129197.52,,80.0,0
2025-10-30 13:30:00,89.85,89.85,89.85,89.85,129373.35,,80.0,0
2025-10-30 13:33:00,89.75,89.75,89.75,89.30000000000001,128552.82,,80.0,0
2025-10-30 13:36:00,89.8,89.8,89.8,89.8,129314.74,,80.0,0
2025-10-30 13:39:00,89.75,89.75,89.75,89.75,129256.13,,80.0,0
2025-10-30 13:42:00,89.75,89.75,89.75,89.25,128494.20999999999,,80.0,0
2025-10-30 13:45:00,89.8,89.8,89.8,89.8,129373.35,,80.0,0
2025-10-30 13:48:00,89.4,89.4,89.4,89.4,128670.03,,80.0,0
2025-10-30 13:51:00,90.0,90.0,90.0,90.0,129607.79,,80.0,0
2025-10-30 13:54:00,89.6,89.6,89.6,89.6,129080.3,,80.0,0
2025-10-30 13:57:00,89.80000000000001,89.80000000000001,89.80000000000001,89.80000000000001,129314.74,,80.0,0
2025-10-30 14:00:00,89.55000000000001,89.55000000000001,89.55000000000001,89.55000000000001,128904.47,,80.0,0
2025-10-30 14:03:00,89.55000000000001,89.55000000000001,89.55000000000001,89.55000000000001,128904.47,,80.0,0
2025-10-30 14:06:00,89.7,89.7,89.7,89.7,129138.91,,80.0,0
2025-10-30 14:09:00,89.9,89.9,89.9,89.9,129490.57,,80.0,0
2025-10-30 14:12:00,89.4,89.4,89.4,89.4,128670.03,,80.0,0
2025-10-30 14:15:00,89.8,89.8,89.8,89.8,129256.13,,80.0,0
2025-10-30 14:18:00,89.75,89.75,89.75,89.4,128728.64,,80.0,0
2025-10-30 14:21:00,89.8,89.8,89.8,89.8,129314.74,,80.0,0
2025-10-30 14:24:00,89.8,89.8,89.8,89.8,129373.35,,80.0,0
2025-10-30 14:27:00,89.75,89.75,89.75,89.15,128318.37,,80.0,0
2025-10-30 14:30:00,89.8,89.8,89.8,89.8,129373.35,,80.0,0
2025-10-30 14:33:00,89.75,89.75,89.75,89.75,129256.13,,80.0,0
2025-10-30 14:36:00,89.80000000000001,89.80000000000001,89.80000000000001,89.80000000000001,129314.74,,80.0,0
2025-10-30 14:39:00,89.7,89.7,89.7,89.35,128670.04000000001,,80.0,0
2025-10-30 14:42:00,89.7,89.7,89.7,89.7,129138.91,,80.0,0
2025-10-30 14:45:00,89.75,89.75,89.75,89.75,129256.13,,80.0,0
2025-10-30 14:48:00,89.35,89.35,89.35,89.35,128670.04000000001,,80.0,0
2025-10-30 14:51:00,89.4,89.4,89.4,89.4,128728.64,,80.0,0
2025-10-30 14:54:00,89.6,89.6,89.6,89.6,128963.08,,80.0,0
2025-10-30 14:57:00,89.7,89.7,89.7,89.7,129138.91,,80.0,0
2025-10-30 15:00:00,89.4,89.4,89.4,89.4,128728.64,,80.0,0
2025-10-30 15:03:00,89.4,89.4,89.4,89.4,128670.03,,80.0,0
2025-10-30 15:06:00,89.55000000000001,89.55000000000001,89.55000000000001,89.55000000000001,128963.08,,80.0,0
2025-10-30 15:09:00,89.45,89.45,89.45,89.45,128787.26000000001,,80.0,0
2025-10-30 15:12:00,89.75,89.75,89.75,89.75,129197.52,,80.0,0
2025-10-30 15:15:00,89.55000000000001,89.55000000000001,89.55000000000001,89.55000000000001,128963.08,,80.0,0
2025-10-30 15:18:00,89.4,89.4,89.4,89.4,128728.64,,80.0,0
2025-10-30 15:21:00,89.6,89.6,89.6,89.6,129021.69,,80.0,0
2025-10-30 15:24:00,89.55000000000001,89.55000000000001,89.55000000000001,89.55000000000001,128963.08,,80.0,0
2025-10-30 15:27:00,89.8,89.8,89.8,89.8,129373.35,,80.0,0
2025-10-30 15:30:00,89.65,89.65,89.65,89.35,128611.42,,80.0,0
2025-10-30 15:33:00,89.75,89.75,89.75,89.75,129197.52,,80.0,0
2025-10-30 15:36:00,89.7,89.7,89.7,89.7,129138.91,,80.0,0
2025-10-30 15:39:00,89.7,89.7,89.7,89.7,129138.91,,80.0,0
2025-10-30 15:42:00,89.65,89.65,89.65,89.65,129080.295,,80.0,0
2025-10-30 15:45:00,89.75,89.75,89.75,89.75,129256.13,,80.0,0
2025-10-30 15:48:00,89.7,89.7,89.7,89.25,128494.20999999999,,80.0,0
2025-10-30 15:51:00,89.7,89.7,89.7,89.7,129138.91,,80.0,0
2025-10-30 15:54:00,89.55000000000001,89.55000000000001,89.55000000000001,89.55000000000001,128963.08,,80.0,0
2025-10-30 15:57:00,89.4,89.4,89.4,89.4,128670.03,,80.0,0
2025-10-30 16:00:00,89.55000000000001,89.55000000000001,89.55000000000001,89.8,129256.13,,80.0,0
2025-10-30 16:03:00,89.55000000000001,89.55000000000001,89.55000000000001,89.55000000000001,128904.47,,80.0,0
2025-10-30 16:06:00,89.5,89.5,89.5,89.5,128845.87,,80.0,0
2025-10-30 16:09:00,89.6,89.6,89.6,89.6,128963.08,,80.0,0
2025-10-30 16:12:00,89.7,89.7,89.7,89.7,129138.91,,80.0,0
2025-10-30 16:15:00,89.4,89.4,89.4,89.4,128728.64,,80.0,0
2025-10-30 16:18:00,89.2,89.2,89.2,89.2,128435.61,,80.0,0
2025-10-30 16:21:00,89.4,89.4,89.4,88.3,127146.18,,80.0,0
2025-10-30 16:24:00,89.55000000000001,89.55000000000001,89.55000000000001,89.55000000000001,128904.47,,80.0,0
2025-10-30 16:27:00,89.55000000000001,89.55000000000001,89.55000000000001,89.55000000000001,128904.47,,80.0,0
2025-10-30 16:30:00,89.4,89.4,89.4,89.4,128728.64,,80.0,0
2025-10-30 16:33:00,89.4,89.4,89.4,89.4,128728.64,,80.0,0
2025-10-30 16:36:00,89.05,89.05,89.05,89.05,128259.76999999999,,80.0,0
2025-10-30 16:39:00,89.25,89.25,89.25,89.25,128494.20999999999,,80.0,0
2025-10-30 16:42:00,89.2,89.2,89.2,89.2,128435.61,,80.0,0
2025-10-30 16:45:00,89.4,89.4,89.4,89.4,128670.03,,80.0,0
2025-10-30 16:48:00,89.4,89.4,89.4,89.4,128787.25,,80.0,0
2025-10-30 16:51:00,89.3,89.3,89.3,89.3,128552.81,,80.0,0
2025-10-30 16:54:00,89.30000000000001,89.30000000000001,89.30000000000001,89.30000000000001,128552.82,,80.0,0
2025-10-30 16:57:00,89.4,89.4,89.4,89.4,128670.03,,80.0,0
2025-10-30 17:00:00,89.4,89.4,89.4,89.2,128435.61,,80.0,0
2025-10-30 17:03:00,89.4,89.4,89.4,89.4,128670.03,,80.0,0
2025-10-30 17:06:00,89.4,89.4,89.4,89.4,128670.03,,80.0,0
2025-10-30 17:09:00,89.4,89.4,89.4,89.2,128435.61,,80.0,0
2025-10-30 17:12:00,89.4,89.4,89.4,89.4,128670.03,,80.0,0
2025-10-30 17:15:00,89.6,89.6,89.6,89.6,128963.08,,80.0,0
2025-10-30 17:18:00,89.4,89.4,89.4,89.4,128670.03,,80.0,0
2025-10-30 17:21:00,89.4,89.4,89.4,89.30000000000001,128552.82,,80.0,0
2025-10-30 17:24:00,89.35,89.35,89.35,89.35,128611.42,,80.0,0
2025-10-30 17:27:00,89.4,89.4,89.4,89.4,128787.25,,80.0,0
2025-10-30 17:30:00,89.4,89.4,89.4,89.35,128611.42,,80.0,0
2025-10-30 17:33:00,89.4,89.4,89.4,89.4,128728.64,,80.0,0
2025-10-30 17:36:00,89.4,89.4,89.4,89.4,128670.03,,80.0,0
2025-10-30 17:39:00,89.4,89.4,89.4,89.30000000000001,128552.82,,80.0,0
2025-10-30 17:42:00,89.4,89.4,89.4,89.4,128670.03,,80.0,0
2025-10-30 17:45:00,89.4,89.4,89.4,89.4,128670.03,,80.0,0
2025-10-30 17:48:00,89.4,89.4,89.4,89.30000000000001,128552.82,,80.0,0
2025-10-30 17:51:00,89.4,89.4,89.4,89.4,128728.64,,80.0,0
2025-10-30 17:54:00,89.4,89.4,89.4,89.4,128670.03,,80.0,0
2025-10-30 17:57:00,89.4,89.4,89.4,89.4,128670.03,,80.0,0
2025-10-30 18:00:00,89.4,89.4,89.4,89.25,128494.20999999999,,80.0,0
2025-10-30 18:03:00,89.4,89.4,89.4,89.4,128728.64499999999,,80.0,0
2025-10-30 18:06:00,89.4,89.4,89.4,89.4,128670.03,,80.0,0
2025-10-30 18:09:00,89.4,89.4,89.4,89.4,128728.64,,80.0,0
2025-10-30 18:12:00,89.30000000000001,89.30000000000001,89.30000000000001,89.30000000000001,128552.82,,80.0,0
2025-10-30 18:15:00,89.05000000000001,89.05000000000001,89.05000000000001,89.05000000000001,128259.775,,80.0,0
2025-10-30 18:18:00,89.4,89.4,89.4,89.65,129080.295,,80.0,0
2025-10-30 18:21:00,89.35,89.35,89.35,89.35,128670.03,,80.0,0
2025-10-30 18:24:00,89.4,89.4,89.4,89.4,128670.03,,80.0,0
2025-10-30 18:27:00,89.4,89.4,89.4,89.4,128670.03,,80.0,0
2025-10-30 18:30:00,89.25,89.25,89.25,89.55000000000001,128904.47,,80.0,0
2025-10-30 18:33:00,89.2,89.2,89.2,89.2,128435.61,,80.0,0
2025-10-30 18:36:00,89.19999999999999,89.19999999999999,89.19999999999999,89.19999999999999,128435.59,,80.0,0
2025-10-30 18:39:00,89.19999999999999,89.19999999999999,89.19999999999999,89.19999999999999,128435.59,,80.0,0
2025-10-30 18:42:00,89.2,89.2,89.2,89.2,128435.61,,80.0,0
2025-10-30 18:45:00,89.25,89.25,89.25,89.25,128494.20999999999,,80.0,0
2025-10-30 18:48:00,89.2,89.2,89.2,89.2,128435.61,,80.0,0
2025-10-30 18:51:00,89.25,89.25,89.25,89.25,128494.20999999999,,80.0,0
2025-10-30 18:54:00,89.3,89.3,89.3,89.3,128552.81,,80.0,0
2025-10-30 18:57:00,89.35,89.35,89.35,89.35,128611.42,,80.0,0
2025-10-30 19:00:00,89.35,89.35,89.35,89.35,128611.42,,80.0,0
2025-10-30 19:03:00,89.25,89.25,89.25,89.25,128494.20999999999,,80.0,0
2025-10-30 19:06:00,89.35,89.35,89.35,89.35,128670.03,,80.0,0
2025-10-30 19:09:00,89.30000000000001,89.30000000000001,89.30000000000001,89.30000000000001,128552.82,,80.0,0
2025-10-30 19:12:00,89.4,89.4,89.4,89.4,128670.03,,80.0,0
2025-10-30 19:15:00,89.15,89.15,89.15,89.15,128376.98999999999,,80.0,0
2025-10-30 19:18:00,89.2,89.2,89.2,89.2,128435.61,,80.0,0
2025-10-30 19:21:00,89.4,89.4,89.4,89.4,128670.03,,80.0,0
2025-10-30 19:24:00,89.3,89.3,89.3,89.3,128552.81,,80.0,0
2025-10-30 19:27:00,89.05000000000001,89.05000000000001,89.05000000000001,89.05000000000001,128201.16,,80.0,0
2025-10-30 19:30:00,89.15,89.15,89.15,89.15,128376.98999999999,,80.0,0
2025-10-30 19:33:00,89.30000000000001,89.30000000000001,89.30000000000001,89.30000000000001,128552.82,,80.0,0
2025-10-30 19:36:00,89.25,89.25,89.25,89.25,128494.20999999999,,80.0,0
2025-10-30 19:39:00,89.2,89.2,89.2,89.2,128435.61,,80.0,0
2025-10-30 19:42:00,89.25,89.25,89.25,89.25,128494.20999999999,,80.0,0
2025-10-30 19:45:00,89.15,89.15,89.15,89.15,128376.98999999999,,80.0,0
2025-10-30 19:48:00,89.25,89.25,89.25,89.25,128494.20999999999,,80.0,0
2025-10-30 19:51:00,89.35,89.35,89.35,89.35,128611.42,,80.0,0
2025-10-30 19:54:00,89.1,89.1,89.1,89.1,128318.39,,80.0,0
2025-10-30 19:57:00,89.1,89.1,89.1,89.1,128318.39,,80.0,0
2025-10-30 20:00:00,89.15,89.15,89.15,88.9,128025.33499999999,,80.0,0
2025-10-30 20:03:00,89.2,89.2,89.2,89.2,128435.61,,80.0,0
2025-10-30 20:06:00,89.05000000000001,89.05000000000001,89.05000000000001,89.05000000000001,128259.775,,80.0,0
2025-10-30 20:09:00,89.05000000000001,89.05000000000001,89.05000000000001,89.05000000000001,128259.775,,80.0,0
2025-10-30 20:12:00,89.25,89.25,89.25,89.25,128494.20999999999,,80.0,0
2025-10-30 20:15:00,89.25,89.25,89.25,89.25,128494.20999999999,,80.0,0
2025-10-30 20:18:00,89.15,89.15,89.15,89.15,128376.98999999999,,80.0,0
2025-10-30 20:21:00,89.35,89.35,89.35,89.35,128670.04000000001,,80.0,0
2025-10-30 20:24:00,89.15,89.15,89.15,89.15,128376.98999999999,,80.0,0
2025-10-30 20:27:00,89.4,89.4,89.4,89.4,128670.03,,80.0,0
2025-10-30 20:30:00,89.4,89.4,89.4,89.4,128670.03,,80.0,0
2025-10-30 20:33:00,89.25,89.25,89.25,89.25,128494.2,,80.0,0
2025-10-30 20:36:00,89.25,89.25,89.25,89.25,128494.20999999999,,80.0,0
2025-10-30 20:39:00,89.25,89.25,89.25,89.25,128494.20999999999,,80.0,0
2025-10-30 20:42:00,88.6,88.6,88.6,88.6,127615.065,,80.0,0
2025-10-30 20:45:00,88.9,88.9,88.9,88.9,127966.71,,80.0,0
2025-10-30 20:48:00,89.3,89.3,89.3,89.3,128552.81,,80.0,0
2025-10-30 20:51:00,89.2,89.2,89.2,89.2,128435.61,,80.0,0
2025-10-30 20:54:00,89.30000000000001,89.30000000000001,89.30000000000001,89.30000000000001,128552.82,,80.0,0
2025-10-30 20:57:00,89.0,89.0,89.0,89.0,128201.17,,80.0,0
2025-10-30 21:00:00,89.2,89.2,89.2,89.2,128435.61,,80.0,0
2025-10-30 21:03:00,89.15,89.15,89.15,89.15,128376.98999999999,,80.0,0
2025-10-30 21:06:00,89.15,89.15,89.15,89.15,128376.98999999999,,80.0,0
2025-10-30 21:09:00,89.05,89.05,89.05,89.05,128259.76999999999,,80.0,0
2025-10-30 21:12:00,88.95,88.95,88.95,88.95,128142.555,,80.0,0
2025-10-30 21:15:00,89.2,89.2,89.2,89.2,128435.61,,80.0,0
2025-10-30 21:18:00,89.25,89.25,89.25,89.25,128494.20999999999,,80.0,0
2025-10-30 21:21:00,89.2,89.2,89.2,89.2,128435.61,,80.0,0
2025-10-30 21:24:00,89.19999999999999,89.19999999999999,89.19999999999999,89.19999999999999,128435.59,,80.0,0
2025-10-30 21:27:00,89.1,89.1,89.1,89.1,128318.39,,80.0,0
2025-10-30 21:30:00,89.35,89.35,89.35,89.35,128611.42,,80.0,0
2025-10-30 21:33:00,89.2,89.2,89.2,89.2,128435.61,,80.0,0
2025-10-30 21:36:00,89.2,89.2,89.2,89.2,128435.61,,80.0,0
2025-10-30 21:39:00,88.80000000000001,88.80000000000001,88.80000000000001,88.80000000000001,127849.49,,80.0,0
2025-10-30 21:42:00,89.1,89.1,89.1,89.1,128318.37,,80.0,0
2025-10-30 21:45:00,88.95,88.95,88.95,88.95,128083.94,,80.0,0
2025-10-30 21:48:00,89.1,89.1,89.1,89.1,128318.37,,80.0,0
2025-10-30 21:51:00,89.0,89.0,89.0,89.0,128201.17,,80.0,0
2025-10-30 21:54:00,88.94999999999999,88.94999999999999,88.94999999999999,88.94999999999999,128083.935,,80.0,0
2025-10-30 21:57:00,88.75,88.75,88.75,88.75,127849.505,,80.0,0
2025-10-30 22:00:00,89.2,89.2,89.2,89.2,128435.61,,80.0,0
2025-10-30 22:03:00,89.0,89.0,89.0,89.0,128201.17,,80.0,0
2025-10-30 22:06:00,89.2,89.2,89.2,89.2,128435.61,,80.0,0
2025-10-30 22:09:00,88.9,88.9,88.9,88.9,127966.71,,80.0,0
2025-10-30 22:12:00,89.2,89.2,89.2,89.2,128435.61,,80.0,0
2025-10-30 22:15:00,88.8,88.8,88.8,88.8,127849.495,,80.0,0
2025-10-30 22:18:00,89.05000000000001,89.05000000000001,89.05000000000001,89.05000000000001,128201.16,,80.0,0
2025-10-30 22:21:00,89.15,89.15,89.15,89.15,128376.98999999999,,80.0,0
2025-10-30 22:24:00,89.0,89.0,89.0,89.0,128201.17,,80.0,0
2025-10-30 22:27:00,89.15,89.15,89.15,89.15,128376.98999999999,,80.0,0
2025-10-30 22:30:00,89.0,89.0,89.0,89.0,128201.17,,80.0,0
2025-10-30 22:33:00,88.9,88.9,88.9,88.9,128083.94,,80.0,0
2025-10-30 22:36:00,89.0,89.0,89.0,89.0,128201.17,,80.0,0
2025-10-30 22:39:00,89.1,89.1,89.1,89.1,128318.37,,80.0,0
2025-10-30 22:42:00,89.05,89.05,89.05,89.05,128259.76999999999,,80.0,0
2025-10-30 22:45:00,88.95,88.95,88.95,88.95,128083.94,,80.0,0
2025-10-30 22:48:00,89.2,89.2,89.2,89.2,128435.61,,80.0,0
2025-10-30 22:51:00,89.1,89.1,89.1,89.1,128318.39,,80.0,0
2025-10-30 22:54:00,89.15,89.15,89.15,89.15,128376.98999999999,,80.0,0
2025-10-30 22:57:00,89.1,89.1,89.1,89.1,128318.37,,80.0,0
2025-10-30 23:00:00,89.05,89.05,89.05,89.05,128259.76999999999,,80.0,0
2025-10-30 23:03:00,89.1,89.1,89.1,89.1,128318.37,,80.0,0
2025-10-30 23:06:00,89.0,89.0,89.0,89.0,128201.17,,80.0,0
2025-10-30 23:09:00,89.05,89.05,89.05,89.05,128259.76999999999,,80.0,0
2025-10-30 23:12:00,89.0,89.0,89.0,89.0,128201.17,,80.0,0
2025-10-30 23:15:00,89.0,89.0,89.0,89.0,128201.17,,80.0,0
2025-10-30 23:18:00,89.05,89.05,89.05,89.30000000000001,128552.82,,80.0,0
2025-10-30 23:21:00,89.0,89.0,89.0,89.0,128201.17,,80.0,0
2025-10-30 23:24:00,89.15,89.15,89.15,89.15,128376.98999999999,,80.0,0
2025-10-30 23:27:00,89.2,89.2,89.2,89.2,128435.61,,80.0,0
2025-10-30 23:30:00,89.2,89.2,89.2,89.2,128435.61,,80.0,0
2025-10-30 23:33:00,89.0,89.0,89.0,89.0,128201.17,,80.0,0
2025-10-30 23:36:00,89.0,89.0,89.0,88.9,128083.94,,80.0,0
2025-10-30 23:39:00,89.0,89.0,89.0,89.0,128201.17,,80.0,0
2025-10-30 23:42:00,89.0,89.0,89.0,89.0,128201.17,,80.0,0
2025-10-30 23:45:00,89.0,89.0,89.0,89.0,128201.17,,80.0,0
2025-10-30 23:48:00,89.0,89.0,89.0,89.0,128201.17,,80.0,0
2025-10-30 23:51:00,89.0,89.0,89.0,88.95,128142.555,,80.0,0
2025-10-30 23:54:00,89.0,89.0,89.0,89.0,128201.17,,80.0,0
2025-10-30 23:57:00,89.05,89.05,89.05,89.05,128259.76999999999,,80.0,0
2025-10-31 00:00:00,88.9,88.9,88.9,88.9,127966.71,,80.0,0
2025-10-31 00:03:00,89.0,89.0,89.0,89.0,128201.17,,80.0,0
2025-10-31 00:06:00,89.0,89.0,89.0,88.7,127732.27,,80.0,0
2025-10-31 00:09:00,89.2,89.2,89.2,89.2,128435.61,,80.0,0
2025-10-31 00:12:00,89.1,89.1,89.1,89.1,128318.37,,80.0,0
2025-10-31 00:15:00,89.0,89.0,89.0,89.0,128201.17,,80.0,0
2025-10-31 00:18:00,89.0,89.0,89.0,89.0,128201.17,,80.0,0
2025-10-31 00:21:00,89.05,89.05,89.05,89.05,128259.76999999999,,80.0,0
2025-10-31 00:24:00,89.0,89.0,89.0,89.0,128201.17,,80.0,0
2025-10-31 00:27:00,88.95,88.95,88.95,88.95,128083.94,,80.0,0
2025-10-31 00:30:00,88.85,88.85,88.85,88.85,127908.10500000001,,80.0,0
2025-10-31 00:33:00,88.95,88.95,88.95,88.7,127732.275,,80.0,0
2025-10-31 00:36:00,88.9,88.9,88.9,88.9,128083.94,,80.0,0
2025-10-31 00:39:00,88.9,88.9,88.9,88.9,127966.71,,80.0,0
2025-10-31 00:42:00,89.19999999999999,89.19999999999999,89.19999999999999,89.19999999999999,128435.59,,80.0,0
2025-10-31 00:45:00,89.1,89.1,89.1,89.1,128318.37,,80.0,0
2025-10-31 00:48:00,88.9,88.9,88.9,88.9,127966.71,,80.0,0
2025-10-31 00:51:00,88.7,88.7,88.7,88.7,127790.89,,80.0,0
2025-10-31 00:54:00,89.0,89.0,89.0,89.0,128201.17,,80.0,0
2025-10-31 00:57:00,88.5,88.5,88.5,88.5,127497.84,,80.0,0
2025-10-31 01:00:00,88.9,88.9,88.9,87.7,126325.645,,80.0,0
2025-10-31 01:03:00,88.9,88.9,88.9,88.9,128083.94,,80.0,0
2025-10-31 01:06:00,88.7,88.7,88.7,87.25,125622.32500000001,,80.0,0
2025-10-31 01:09:00,88.80000000000001,88.80000000000001,88.80000000000001,88.80000000000001,127849.49,,80.0,0
2025-10-31 01:12:00,88.95,88.95,88.95,88.95,128142.555,,80.0,0
2025-10-31 01:15:00,89.1,89.1,89.1,89.1,128318.39,,80.0,0
2025-10-31 01:18:00,88.65,88.65,88.65,88.65,127615.055,,80.0,0
2025-10-31 01:21:00,88.9,88.9,88.9,88.1,126853.125,,80.0,0
2025-10-31 01:24:00,88.9,88.9,88.9,88.9,128025.32500000001,,80.0,0
2025-10-31 01:27:00,89.0,89.0,89.0,89.0,128201.17,,80.0,0
2025-10-31 01:30:00,88.95,88.95,88.95,88.95,128142.555,,80.0,0
2025-10-31 01:33:00,89.0,89.0,89.0,89.0,128201.17,,80.0,0
2025-10-31 01:36:00,88.9,88.9,88.9,88.9,128025.32500000001,,80.0,0
2025-10-31 01:39:00,88.8,88.8,88.8,87.9,126560.08499999999,,80.0,0
2025-10-31 01:42:00,88.25,88.25,88.25,88.25,127087.565,,80.0,0
2025-10-31 01:45:00,88.25,88.25,88.25,88.25,127087.57,,80.0,0
2025-10-31 01:48:00,88.45,88.45,88.45,88.45,127380.62,,80.0,0
2025-10-31 01:51:00,88.8,88.8,88.8,88.8,127849.5,,80.0,0
2025-10-31 01:54:00,87.65,87.65,87.65,87.65,126208.42000000001,,80.0,0
2025-10-31 01:57:00,88.4,88.4,88.4,88.4,127263.39000000001,,80.0,0
2025-10-31 02:00:00,87.95,87.95,87.95,87.95,126618.68,,80.0,0
2025-10-31 02:03:00,88.8,88.8,88.8,88.8,127908.11499999999,,80.0,0
2025-10-31 02:06:00,89.05,89.05,89.05,89.05,128259.76999999999,,80.0,0
2025-10-31 02:09:00,88.05000000000001,88.05000000000001,88.05000000000001,88.05000000000001,126794.52,,80.0,0
2025-10-31 02:12:00,87.5,87.5,87.5,87.5,126032.59,,80.0,0
2025-10-31 02:15:00,87.71666666666665,87.71666666666665,88.7,88.7,127732.275,,80.0,0
2025-10-31 02:18:00,87.6,87.6,87.6,87.6,126149.81,,80.0,0
2025-10-31 02:21:00,88.75,88.75,88.75,88.75,127849.505,,80.0,0
2025-10-31 02:24:00,88.95,88.95,88.95,88.95,128083.94,,80.0,0
2025-10-31 02:27:00,88.6,88.6,88.6,88.1,126853.13500000001,,80.0,0
2025-10-31 02:30:00,88.6,88.6,88.6,88.6,127615.055,,80.0,0
2025-10-31 02:33:00,88.95,88.95,88.95,88.95,128083.94,,80.0,0
2025-10-31 02:36:00,88.7,88.7,88.7,88.7,127732.27,,80.0,0
2025-10-31 02:39:00,88.6,88.6,88.6,88.6,127556.45,,80.0,0
2025-10-31 02:42:00,88.35,88.35,88.35,88.35,127263.395,,80.0,0
2025-10-31 02:45:00,88.2,88.2,88.2,88.2,126970.34,,80.0,0
2025-10-31 02:48:00,87.8,87.8,87.8,87.8,126442.85,,80.0,0
2025-10-31 02:51:00,88.8,88.8,88.8,88.8,127908.11499999999,,80.0,0
2025-10-31 02:54:00,88.25,88.25,88.25,88.25,127146.18,,80.0,0
2025-10-31 02:57:00,87.6,87.6,87.6,87.6,126208.425,,80.0,0
2025-10-31 03:00:00,87.6,87.6,87.6,87.6,126091.19,,80.0,0
2025-10-31 03:03:00,88.3,88.3,88.3,88.3,127204.785,,80.0,0
2025-10-31 03:06:00,88.9,88.9,88.9,88.9,127966.71,,80.0,0
2025-10-31 03:09:00,88.85,88.85,88.85,88.85,127908.10500000001,,80.0,0
2025-10-31 03:12:00,88.6,88.6,88.6,88.6,127615.055,,80.0,0
2025-10-31 03:15:00,88.0,88.0,88.0,88.0,126735.91,,80.0,0
2025-10-31 03:18:00,88.7,88.7,88.7,88.7,127732.275,,80.0,0
2025-10-31 03:21:00,87.95,87.95,87.95,87.95,126677.29500000001,,80.0,0
2025-10-31 03:24:00,87.44999999999999,87.44999999999999,87.44999999999999,87.44999999999999,125915.36499999999,,80.0,0
2025-10-31 03:27:00,87.80000000000001,87.80000000000001,87.80000000000001,87.80000000000001,126442.86499999999,,80.0,0
2025-10-31 03:30:00,88.3,88.3,88.3,88.3,127204.79000000001,,80.0,0
2025-10-31 03:33:00,88.25,88.25,88.25,88.25,127087.56,,80.0,0
2025-10-31 03:36:00,87.4,87.4,87.4,87.4,125856.755,,80.0,0
2025-10-31 03:39:00,87.65,87.65,87.65,87.65,126267.025,,80.0,0
2025-10-31 03:42:00,88.25,88.25,88.25,88.25,127087.565,,80.0,0
2025-10-31 03:45:00,88.85,88.85,88.85,88.85,127908.10500000001,,80.0,0
2025-10-31 03:48:00,88.6,88.6,88.6,88.6,127615.055,,80.0,0
2025-10-31 03:51:00,88.2,88.2,88.2,88.2,127028.955,,80.0,0
2025-10-31 03:54:00,87.80000000000001,87.80000000000001,87.80000000000001,87.80000000000001,126442.85500000001,,80.0,0
2025-10-31 03:57:00,87.15,87.15,87.15,87.15,125446.49,,80.0,0
2025-10-31 04:00:00,87.6,87.6,87.6,87.6,126149.8,,80.0,0
2025-10-31 04:03:00,88.65,88.65,88.65,88.65,127673.66500000001,,80.0,0
2025-10-31 04:06:00,88.25,88.25,88.25,88.25,127087.56,,80.0,0
2025-10-31 04:09:00,87.30000000000001,87.30000000000001,87.30000000000001,87.30000000000001,125739.535,,80.0,0
2025-10-31 04:12:00,87.6,87.6,87.6,87.6,126208.425,,80.0,0
2025-10-31 04:15:00,87.8,87.8,87.8,87.8,126442.85,,80.0,0
2025-10-31 04:18:00,88.05000000000001,88.05000000000001,88.05000000000001,88.05000000000001,126794.51999999999,,80.0,0
2025-10-31 04:21:00,88.5,88.5,88.5,88.5,127497.84,,80.0,0
2025-10-31 04:24:00,88.5,88.5,88.5,88.5,127497.84,,80.0,0
2025-10-31 04:27:00,88.1,88.1,88.1,88.1,126853.125,,80.0,0
2025-10-31 04:30:00,87.05000000000001,87.05000000000001,87.05000000000001,87.05000000000001,125387.88,,80.0,0
2025-10-31 04:33:00,87.85,87.85,87.85,87.85,126560.08,,80.0,0
2025-10-31 04:36:00,87.95,87.95,87.95,87.95,126618.695,,80.0,0
2025-10-31 04:39:00,87.25,87.25,87.25,87.25,125680.92499999999,,80.0,0
2025-10-31 04:42:00,87.80000000000001,87.80000000000001,87.80000000000001,87.80000000000001,126384.25,,80.0,0
2025-10-31 04:45:00,87.80000000000001,87.80000000000001,87.80000000000001,88.30000000000001,127204.79000000001,,80.0,0
2025-10-31 04:48:00,87.80000000000001,87.80000000000001,87.80000000000001,87.15,125446.485,,80.0,0
2025-10-31 04:51:00,88.19999999999999,88.19999999999999,88.19999999999999,88.19999999999999,127028.95499999999,,80.0,0
2025-10-31 04:54:00,87.85,87.85,87.85,87.85,126501.45999999999,,80.0,0
2025-10-31 04:57:00,87.7,87.7,87.7,87.7,126325.645,,80.0,0
2025-10-31 05:00:00,87.65,87.65,87.65,87.65,126208.41500000001,,80.0,0
2025-10-31 05:03:00,87.05,87.05,87.05,87.05,125329.26000000001,,80.0,0
2025-10-31 05:06:00,87.8,87.8,87.8,87.8,126501.465,,80.0,0
2025-10-31 05:09:00,87.9,87.9,87.9,87.9,126560.07,,80.0,0
2025-10-31 05:12:00,87.75,87.75,87.75,87.30000000000001,125739.55,,80.0,0
2025-10-31 05:15:00,87.8,87.8,87.8,87.55,126091.20000000001,,80.0,0
2025-10-31 05:18:00,87.75,87.75,87.75,87.75,126325.63,,80.0,0
2025-10-31 05:21:00,87.95,87.95,87.95,87.95,126618.68,,80.0,0
2025-10-31 05:24:00,88.0,88.0,88.0,88.0,126735.905,,80.0,0
2025-10-31 05:27:00,87.9,87.9,87.9,87.9,126560.07,,80.0,0
2025-10-31 05:30:00,87.95,87.95,87.95,87.95,126677.29500000001,,80.0,0
2025-10-31 05:33:00,88.15,88.15,88.15,88.15,126911.735,,80.0,0
2025-10-31 05:36:00,87.95,87.95,87.95,87.95,126677.29500000001,,80.0,0
2025-10-31 05:39:00,87.95,87.95,87.95,87.95,126618.68,,80.0,0
2025-10-31 05:42:00,87.9,87.9,87.9,87.9,126560.07,,80.0,0
2025-10-31 05:45:00,87.85,87.85,87.85,87.55000000000001,126091.205,,80.0,0
2025-10-31 05:48:00,87.7,87.7,87.7,87.7,126267.02,,80.0,0
2025-10-31 05:51:00,87.65,87.65,87.65,87.65,126267.025,,80.0,0
2025-10-31 05:54:00,87.75,87.75,87.75,87.75,126384.245,,80.0,0
2025-10-31 05:57:00,87.7,87.7,87.7,87.7,126325.64,,80.0,0
2025-10-31 06:00:00,87.85,87.85,87.85,87.85,126501.46,,80.0,0
2025-10-31 06:03:00,87.5,87.5,87.5,87.5,126032.59,,80.0,0
2025-10-31 06:06:00,87.65,87.65,87.65,87.65,126208.41500000001,,80.0,0
2025-10-31 06:09:00,88.0,88.0,88.0,88.0,126794.52,,80.0,0
2025-10-31 06:12:00,87.7,87.7,87.7,87.7,126325.64,,80.0,0
2025-10-31 06:15:00,87.7,87.7,87.7,87.7,126325.64,,80.0,0
2025-10-31 06:18:00,87.6,87.6,87.6,87.6,126091.19,,80.0,0
2025-10-31 06:21:00,87.80000000000001,87.80000000000001,87.80000000000001,87.80000000000001,126442.85500000001,,80.0,0
2025-10-31 06:24:00,87.80000000000001,87.80000000000001,87.80000000000001,87.80000000000001,126442.85500000001,,80.0,0
2025-10-31 06:27:00,87.7,87.7,87.7,87.95,126618.68,,80.0,0
2025-10-31 06:30:00,87.7,87.7,87.7,87.35,125798.145,,80.0,0
2025-10-31 06:33:00,87.65,87.65,87.65,87.65,126267.025,,80.0,0
2025-10-31 06:36:00,87.7,87.7,87.7,87.7,126325.64,,80.0,0
2025-10-31 06:39:00,87.65,87.65,87.65,87.65,126267.025,,80.0,0
2025-10-31 06:42:00,87.6,87.6,87.6,87.6,126149.8,,80.0,0
2025-10-31 06:45:00,87.7,87.7,87.7,87.7,126325.64,,80.0,0
2025-10-31 06:48:00,87.6,87.6,87.6,87.6,126091.19,,80.0,0
2025-10-31 06:51:00,87.7,87.7,87.7,87.7,126325.64,,80.0,0
2025-10-31 06:54:00,87.75,87.75,87.75,87.75,126384.245,,80.0,0
2025-10-31 06:57:00,87.55,87.55,87.55,87.55,126032.58,,80.0,0
2025-10-31 07:00:00,87.7,87.7,87.7,87.7,126325.64,,80.0,0
2025-10-31 07:03:00,87.55,87.55,87.55,87.55,126032.58,,80.0,0
2025-10-31 07:06:00,87.6,87.6,87.6,87.6,126091.19,,80.0,0
2025-10-31 07:09:00,87.5,87.5,87.5,87.5,125973.97,,80.0,0
2025-10-31 07:12:00,87.6,87.6,87.6,87.6,126149.8,,80.0,0
2025-10-31 07:15:00,87.6,87.6,87.6,87.6,126208.41,,80.0,0
2025-10-31 07:18:00,87.65,87.65,87.65,87.65,126267.025,,80.0,0
2025-10-31 07:21:00,87.7,87.7,87.7,87.7,126267.02,,80.0,0
2025-10-31 07:24:00,87.6,87.6,87.6,87.6,126091.19,,80.0,0
2025-10-31 07:27:00,87.69999999999999,87.69999999999999,87.69999999999999,87.69999999999999,126325.63,,80.0,0
2025-10-31 07:30:00,87.7,87.7,87.7,87.7,126325.64,,80.0,0
2025-10-31 07:33:00,87.5,87.5,87.5,87.5,125973.98000000001,,80.0,0
2025-10-31 07:36:00,87.7,87.7,87.7,87.7,126325.64,,80.0,0
2025-10-31 07:39:00,87.6,87.6,87.6,87.6,126149.8,,80.0,0
2025-10-31 07:42:00,87.3,87.3,87.3,87.3,125739.54,,80.0,0
2025-10-31 07:45:00,87.55,87.55,87.55,87.55,126032.58,,80.0,0
2025-10-31 07:48:00,87.55,87.55,87.55,87.55,126091.19,,80.0,0
2025-10-31 07:51:00,87.6,87.6,87.6,87.6,126091.19,,80.0,0
2025-10-31 07:54:00,87.6,87.6,87.6,87.6,126149.805,,80.0,0
2025-10-31 07:57:00,87.55,87.55,87.55,87.80000000000001,126442.85500000001,,80.0,0
2025-10-31 08:00:00,87.55,87.55,87.55,87.55,126032.58,,80.0,0
2025-10-31 08:03:00,87.55,87.55,87.55,87.55,126032.58,,80.0,0
2025-10-31 08:06:00,87.85,87.85,87.85,87.85,126501.465,,80.0,0
2025-10-31 08:09:00,87.4,87.4,87.4,87.4,125856.755,,80.0,0
2025-10-31 08:12:00,87.6,87.6,87.6,87.6,126208.41,,80.0,0
2025-10-31 08:15:00,87.45,87.45,87.45,87.45,125915.37,,80.0,0
2025-10-31 08:18:00,87.45,87.45,87.45,87.45,125915.37,,80.0,0
2025-10-31 08:21:00,87.6,87.6,87.6,87.6,126091.19,,80.0,0
2025-10-31 08:24:00,87.35,87.35,87.35,87.35,125798.155,,80.0,0
2025-10-31 08:27:00,87.45,87.45,87.45,87.45,125915.37,,80.0,0
2025-10-31 08:30:00,87.55,87.55,87.55,87.55,126032.58,,80.0,0
2025-10-31 08:33:00,87.6,87.6,87.6,87.6,126149.8,,80.0,0
2025-10-31 08:36:00,87.45,87.45,87.45,87.45,125915.37,,80.0,0
2025-10-31 08:39:00,87.55000000000001,87.55000000000001,87.55000000000001,87.55000000000001,126091.205,,80.0,0
2025-10-31 08:42:00,87.7,87.7,87.7,87.7,126325.64,,80.0,0
2025-10-31 08:45:00,87.6,87.6,87.6,87.6,126091.19,,80.0,0
2025-10-31 08:48:00,87.4,87.4,87.4,87.4,125856.77,,80.0,0
2025-10-31 08:51:00,87.35,87.35,87.35,87.35,125798.155,,80.0,0
2025-10-31 08:54:00,87.6,87.6,87.6,87.1,125446.495,,80.0,0
2025-10-31 08:57:00,87.6,87.6,87.6,87.35,125739.535,,80.0,0
2025-10-31 09:00:00,87.65,87.65,87.65,87.65,126208.41,,80.0,0
2025-10-31 09:03:00,87.6,87.6,87.6,87.6,126091.19,,80.0,0
2025-10-31 09:06:00,87.6,87.6,87.6,87.6,126091.19,,80.0,0
2025-10-31 09:09:00,87.7,87.7,87.7,87.7,126325.64,,80.0,0
2025-10-31 09:12:00,87.65,87.65,87.65,87.65,126267.025,,80.0,0
2025-10-31 09:15:00,87.85,87.85,87.85,87.85,126501.46,,80.0,0
2025-10-31 09:18:00,87.65,87.65,87.65,87.65,126208.41500000001,,80.0,0
2025-10-31 09:21:00,87.65,87.65,87.65,87.65,126208.41500000001,,80.0,0
2025-10-31 09:24:00,87.45,87.45,87.45,87.45,125915.37,,80.0,0
2025-10-31 09:27:00,87.8,87.8,87.8,87.8,126442.85,,80.0,0
2025-10-31 09:30:00,87.6,87.6,87.6,87.6,126091.19,,80.0,0
2025-10-31 09:33:00,87.69999999999999,87.69999999999999,87.69999999999999,87.69999999999999,126325.63,,80.0,0
2025-10-31 09:36:00,87.65,87.65,87.65,87.65,126208.41500000001,,80.0,0
2025-10-31 09:39:00,87.65,87.65,87.65,87.65,126208.41500000001,,80.0,0
2025-10-31 09:42:00,87.6,87.6,87.6,87.6,126149.8,,80.0,0
2025-10-31 09:45:00,87.7,87.7,87.7,87.7,126325.64,,80.0,0
2025-10-31 09:48:00,87.6,87.6,87.6,87.6,126091.19,,80.0,0
2025-10-31 09:51:00,87.7,87.7,87.7,87.7,126325.64,,80.0,0
2025-10-31 09:54:00,87.7,87.7,87.7,87.7,126325.64,,80.0,0
2025-10-31 09:57:00,87.75,87.75,87.75,87.75,126384.245,,80.0,0
2025-10-31 10:00:00,87.55,87.55,87.55,87.55,126032.58,,80.0,1
2025-10-31 10:03:00,87.7,87.7,87.7,86.30000000000001,124274.3,,80.0,1
2025-10-31 10:06:00,87.6,87.6,87.6,87.6,126091.19,,80.0,1
2025-10-31 10:09:00,87.9,87.9,87.9,87.9,126560.07,,80.0,1
2025-10-31 10:12:00,87.5,87.5,87.5,87.5,125973.98000000001,,80.0,1
2025-10-31 10:15:00,87.80000000000001,87.80000000000001,87.80000000000001,87.80000000000001,126442.85500000001,,80.0,1
2025-10-31 10:18:00,87.9,87.9,87.9,87.9,126560.07,,80.0,1
2025-10-31 10:21:00,88.0,88.0,88.0,88.0,126794.52,,80.0,1
2025-10-31 10:24:00,88.0,88.0,88.0,88.0,126794.52,,80.0,1
2025-10-31 10:27:00,88.0,88.0,88.0,88.0,126794.52,,80.0,1
2025-10-31 10:30:00,88.0,88.0,88.0,88.45,127322.01,,80.0,1
2025-10-31 10:33:00,88.0,88.0,88.0,88.5,127439.23,,80.0,1
2025-10-31 10:36:00,88.0,88.0,88.0,88.0,126794.52,,80.0,1
2025-10-31 10:39:00,88.45,88.45,88.45,88.0,126735.905,,80.0,1
2025-10-31 10:42:00,88.3,88.3,88.3,88.3,127146.17499999999,,80.0,1
2025-10-31 10:45:00,88.5,88.5,88.5,88.5,127497.84,,80.0,1
2025-10-31 10:48:00,88.80000000000001,88.80000000000001,88.80000000000001,88.80000000000001,127849.49,,80.0,1
2025-10-31 10:51:00,88.80000000000001,88.80000000000001,88.80000000000001,88.80000000000001,127849.49,,80.0,1
2025-10-31 10:54:00,88.7,88.7,88.7,88.7,127732.27,,80.0,1
2025-10-31 10:57:00,88.9,88.9,88.9,88.9,127966.71,,80.0,1
2025-10-31 11:00:00,88.8,88.8,88.8,88.8,127849.5,,80.0,1
2025-10-31 11:03:00,88.9,88.9,88.9,88.9,128083.94,,80.0,1
2025-10-31 11:06:00,88.85,88.85,88.85,88.85,127908.10500000001,,80.0,1
2025-10-31 11:09:00,88.95,88.95,88.95,88.95,128083.94,,80.0,1
2025-10-31 11:12:00,88.80000000000001,88.80000000000001,88.80000000000001,88.80000000000001,127849.49,,80.0,1
2025-10-31 11:15:00,88.9,88.9,88.9,88.6,127615.055,,80.0,1
2025-10-31 11:18:00,88.9,88.9,88.9,88.9,127966.71,,80.0,1
2025-10-31 11:21:00,89.0,89.0,89.0,89.0,128201.17,,80.0,1
2025-10-31 11:24:00,89.0,89.0,89.0,89.0,128201.155,,80.0,1
2025-10-31 11:27:00,88.95,88.95,88.95,88.95,128083.94,,80.0,1
2025-10-31 11:30:00,89.1,89.1,89.1,89.4,128728.64,,80.0,1
2025-10-31 11:33:00,89.2,89.2,89.2,89.2,128435.6,,80.0,1
2025-10-31 11:36:00,89.25,89.25,89.25,89.25,128494.20999999999,,80.0,1
2025-10-31 11:39:00,89.25,89.25,89.25,89.1,128318.39,,80.0,1
2025-10-31 11:42:00,89.25,89.25,89.25,89.25,128494.20999999999,,80.0,1
2025-10-31 11:45:00,89.4,89.4,89.4,89.4,128670.03,,80.0,1
2025-10-31 11:48:00,89.4,89.4,89.4,89.4,128670.03,,80.0,1
2025-10-31 11:51:00,89.5,89.5,89.5,89.5,128845.855,,80.0,1
2025-10-31 11:54:00,89.75,89.75,89.75,89.75,129256.13,,80.0,1
2025-10-31 11:57:00,89.75,89.75,89.75,89.5,128904.48000000001,,80.0,1
2025-10-31 12:00:00,89.75,89.75,89.75,89.8,129256.13,,80.0,1
2025-10-31 12:03:00,89.8,89.8,89.8,89.9,129490.57,,80.0,1
2025-10-31 12:06:00,89.75,89.75,89.75,89.75,129256.13,,80.0,1
2025-10-31 12:09:00,89.9,89.9,89.9,89.9,129490.57,,80.0,1
2025-10-31 12:12:00,89.9,89.9,89.9,89.9,129490.57,,80.0,1
2025-10-31 12:15:00,90.0,90.0,90.0,90.0,129607.79,,80.0,1
2025-10-31 12:18:00,90.05,90.05,90.05,90.05,129666.405,,80.0,1
2025-10-31 12:21:00,90.2,90.2,90.2,90.2,129959.46,,80.0,1
2025-10-31 12:24:00,90.25,90.25,90.25,90.25,129959.455,,80.0,1
2025-10-31 12:27:00,90.15,90.15,90.15,90.15,129783.63,,80.0,1
2025-10-31 12:30:00,90.25,90.25,90.25,90.25,129959.455,,80.0,1
2025-10-31 12:33:00,90.5,90.5,90.5,90.5,130311.11,,80.0,1
2025-10-31 12:36:00,90.4,90.4,90.4,90.4,130193.89,,80.0,1
2025-10-31 12:39:00,90.3,90.3,90.3,90.3,130076.67,,80.0,1
2025-10-31 12:42:00,90.35,90.35,90.35,90.35,130135.29000000001,,80.0,1
2025-10-31 12:45:00,90.2,90.2,90.2,90.2,129842.24,,80.0,1
2025-10-31 12:48:00,90.3,90.3,90.3,89.15,128376.98999999999,,80.0,1
2025-10-31 12:51:00,90.05,90.05,90.05,90.05,129666.39499999999,,80.0,1
2025-10-31 12:54:00,89.6,89.6,89.6,89.6,129021.705,,80.0,1
2025-10-31 12:57:00,90.7,90.7,90.7,90.7,130662.775,,80.0,1
2025-10-31 13:00:00,90.6,90.6,90.6,90.6,130428.33499999999,,80.0,0
2025-10-31 13:03:00,89.65,89.65,89.65,89.65,129138.92,,80.0,0
2025-10-31 13:06:00,89.55000000000001,89.55000000000001,89.55000000000001,89.55000000000001,128963.09,,80.0,0
2025-10-31 13:09:00,90.15,90.15,90.15,90.15,129783.62,,80.0,0
2025-10-31 13:12:00,89.85,89.85,89.85,89.85,129373.35,,80.0,0
2025-10-31 13:15:00,90.1,90.1,90.1,90.1,129783.63,,80.0,0
2025-10-31 13:18:00,89.9,89.9,89.9,89.9,129490.57,,80.0,0
2025-10-31 13:21:00,90.1,90.1,90.1,90.1,129725.02,,80.0,0
2025-10-31 13:24:00,90.3,90.3,90.3,90.3,130076.67,,80.0,0
2025-10-31 13:27:00,90.7,90.7,90.7,91.35,131541.93,,80.0,0
2025-10-31 13:30:00,91.19999999999999,91.19999999999999,91.19999999999999,91.19999999999999,131307.495,,80.0,0
2025-10-31 13:33:00,91.4,91.4,91.4,91.4,131659.15,,80.0,0
2025-10-31 13:36:00,91.3,91.3,91.3,91.3,131483.33,,80.0,0
2025-10-31 13:39:00,90.7,90.7,90.7,90.7,130662.78,,80.0,0
2025-10-31 13:42:00,91.35,91.35,91.35,91.35,131541.93,,80.0,0
2025-10-31 13:45:00,91.2,91.2,91.2,91.2,131366.09,,80.0,0
2025-10-31 13:48:00,91.5,91.5,91.5,91.5,131717.77,,80.0,0
2025-10-31 13:51:00,90.7,90.7,90.7,90.7,130545.56,,80.0,0
2025-10-31 13:54:00,91.4,91.4,91.4,91.4,131600.53,,80.0,0
2025-10-31 13:57:00,91.4,91.4,91.4,91.4,131600.53,,80.0,0
2025-10-31 14:00:00,91.2,91.2,91.2,89.9,129490.57,,80.0,0
2025-10-31 14:03:00,91.6,91.6,91.6,91.6,131952.19,,80.0,0
2025-10-31 14:06:00,91.25,91.25,91.25,91.25,131424.71,,80.0,0
2025-10-31 14:09:00,90.7,90.7,90.7,90.7,130545.56,,80.0,0
2025-10-31 14:12:00,91.0,91.0,91.0,91.0,131014.44499999999,,80.0,0
2025-10-31 14:15:00,90.7,90.7,90.7,90.7,130545.56,,80.0,0
2025-10-31 14:18:00,91.1,91.1,91.1,91.1,131248.88,,80.0,0
2025-10-31 14:21:00,91.3,91.3,91.3,91.3,131483.33,,80.0,0
2025-10-31 14:24:00,91.25,91.25,91.25,91.25,131424.71,,80.0,0
2025-10-31 14:27:00,91.45,91.45,91.45,91.45,131659.15,,80.0,0
2025-10-31 14:30:00,91.1,91.1,91.1,91.1,131248.88,,80.0,0
2025-10-31 14:33:00,91.19999999999999,91.19999999999999,91.19999999999999,91.19999999999999,131366.10499999998,,80.0,0
2025-10-31 14:36:00,90.7,90.7,90.7,90.7,130545.56,,80.0,0
2025-10-31 14:39:00,90.7,90.7,90.7,90.7,130545.56,,80.0,0
2025-10-31 14:42:00,91.3,91.3,91.3,91.3,131483.33,,80.0,0
2025-10-31 14:45:00,91.0,91.0,91.0,91.0,131014.44499999999,,80.0,0
2025-10-31 14:48:00,91.19999999999999,91.19999999999999,91.19999999999999,91.19999999999999,131366.10499999998,,80.0,0
2025-10-31 14:51:00,90.5,90.5,90.5,90.5,130311.11,,80.0,0
2025-10-31 14:54:00,90.75,90.75,90.75,90.75,130721.38,,80.0,0
2025-10-31 14:57:00,90.9,90.9,90.9,90.9,130897.22,,80.0,0
2025-10-31 15:00:00,90.7,90.7,90.7,90.7,130545.56,,80.0,0
2025-10-31 15:03:00,90.5,90.5,90.5,90.5,130311.11,,80.0,0
2025-10-31 15:06:00,91.5,91.5,91.5,91.5,131717.77,,80.0,0
2025-10-31 15:09:00,91.19999999999999,91.19999999999999,91.19999999999999,91.19999999999999,131366.10499999998,,80.0,0
2025-10-31 15:12:00,91.1,91.1,91.1,91.1,131248.88,,80.0,0
2025-10-31 15:15:00,90.7,90.7,90.7,90.7,130545.56,,80.0,0
2025-10-31 15:18:00,91.3,91.3,91.3,91.3,131483.33,,80.0,0
2025-10-31 15:21:00,91.19999999999999,91.19999999999999,91.19999999999999,91.19999999999999,131366.10499999998,,80.0,0
2025-10-31 15:24:00,90.4,90.4,90.4,90.4,130193.91,,80.0,0
2025-10-31 15:27:00,90.9,90.9,90.9,90.9,130897.22,,80.0,0
2025-10-31 15:30:00,91.35,91.35,91.35,91.35,131541.93,,80.0,0
2025-10-31 15:33:00,90.95,90.95,90.95,90.95,130955.825,,80.0,0
2025-10-31 15:36:00,91.1,91.1,91.1,91.1,131248.88,,80.0,0
2025-10-31 15:39:00,90.7,90.7,90.7,90.7,130545.56,,80.0,0
2025-10-31 15:42:00,91.0,91.0,91.0,91.0,131014.44499999999,,80.0,0
2025-10-31 15:45:00,91.0,91.0,91.0,91.0,131014.44499999999,,80.0,0
2025-10-31 15:48:00,90.8,90.8,90.8,90.8,130779.995,,80.0,0
2025-10-31 15:51:00,90.5,90.5,90.5,90.5,130311.11,,80.0,0
2025-10-31 15:54:00,90.7,90.7,90.7,90.7,130545.56,,80.0,0
2025-10-31 15:57:00,90.5,90.5,90.5,90.5,130311.125,,80.0,0
2025-10-31 16:00:00,91.3,91.3,91.3,91.3,131483.33,,80.0,0
2025-10-31 16:03:00,90.9,90.9,90.9,90.9,130897.22,,80.0,0
2025-10-31 16:06:00,91.19999999999999,91.19999999999999,91.19999999999999,91.19999999999999,131366.10499999998,,80.0,0
2025-10-31 16:09:00,91.1,91.1,91.1,91.1,131248.88,,80.0,0
2025-10-31 16:12:00,91.2,91.2,91.2,91.2,131366.09,,80.0,0
2025-10-31 16:15:00,90.7,90.7,90.7,90.7,130545.56,,80.0,0
2025-10-31 16:18:00,90.9,90.9,90.9,90.9,130897.22,,80.0,0
2025-10-31 16:21:00,90.85,90.85,90.85,90.85,130838.61,,80.0,0
2025-10-31 16:24:00,90.7,90.7,90.7,90.7,130604.17,,80.0,0
2025-10-31 16:27:00,91.15,91.15,91.15,91.15,131307.485,,80.0,0
2025-10-31 16:30:00,91.15,91.15,91.15,91.15,131307.485,,80.0,0
2025-10-31 16:33:00,90.95,90.95,90.95,90.95,130955.825,,80.0,0
2025-10-31 16:36:00,90.45,90.45,90.45,90.45,130252.51000000001,,80.0,0
2025-10-31 16:39:00,90.7,90.7,90.7,90.7,130545.56,,80.0,0
2025-10-31 16:42:00,91.1,91.1,91.1,91.1,131248.88,,80.0,0
2025-10-31 16:45:00,90.6,90.6,90.6,90.6,130428.33499999999,,80.0,0
2025-10-31 16:48:00,90.55,90.55,90.55,90.55,130369.725,,80.0,0
2025-10-31 16:51:00,90.75,90.75,90.75,90.75,130662.785,,80.0,0
2025-10-31 16:54:00,90.6,90.6,90.6,90.6,130428.33499999999,,80.0,0
2025-10-31 16:57:00,91.1,91.1,91.1,91.1,131248.88,,80.0,0
2025-10-31 17:00:00,91.1,91.1,91.1,91.1,131248.88,,80.0,0
2025-10-31 17:03:00,91.1,91.1,91.1,91.1,131248.88,,80.0,0
2025-10-31 17:06:00,90.5,90.5,90.5,90.5,130311.11499999999,,80.0,0
2025-10-31 17:09:00,90.6,90.6,90.6,90.6,130428.33499999999,,80.0,0
2025-10-31 17:12:00,90.7,90.7,90.7,90.7,130604.17,,80.0,0
2025-10-31 17:15:00,90.5,90.5,90.5,90.5,130311.11,,80.0,0
2025-10-31 17:18:00,90.7,90.7,90.7,90.7,130545.56,,80.0,0
2025-10-31 17:21:00,90.65,90.65,90.65,90.65,130486.95,,80.0,0
2025-10-31 17:24:00,90.6,90.6,90.6,90.6,130428.34,,80.0,0
2025-10-31 17:27:00,90.65,90.65,90.65,91.19999999999999,131366.10499999998,,80.0,0
2025-10-31 17:30:00,90.7,90.7,90.7,90.7,130545.56,,80.0,0
2025-10-31 17:33:00,90.6,90.6,90.6,90.6,130486.945,,80.0,0
2025-10-31 17:36:00,90.5,90.5,90.5,90.5,130311.11,,80.0,0
2025-10-31 17:39:00,90.6,90.6,90.6,90.6,130428.33499999999,,80.0,0
2025-10-31 17:42:00,90.6,90.6,90.6,90.9,130897.22,,80.0,0
2025-10-31 17:45:00,90.7,90.7,90.7,90.7,130545.56,,80.0,0
2025-10-31 17:48:00,90.55,90.55,90.55,90.55,130369.725,,80.0,0
2025-10-31 17:51:00,90.45,90.45,90.45,90.45,130252.51000000001,,80.0,0
2025-10-31 17:54:00,90.5,90.5,90.5,90.5,130311.11,,80.0,0
2025-10-31 17:57:00,90.55000000000001,90.55000000000001,90.55000000000001,90.55000000000001,130369.735,,80.0,0
2025-10-31 18:00:00,90.7,90.7,90.7,90.7,130545.56,,80.0,0
2025-10-31 18:03:00,90.5,90.5,90.5,90.5,130311.11,,80.0,0
2025-10-31 18:06:00,90.6,90.6,90.6,90.6,130428.33499999999,,80.0,0
2025-10-31 18:09:00,90.5,90.5,90.5,90.5,130311.11,,80.0,0
2025-10-31 18:12:00,90.7,90.7,90.7,90.7,130545.56,,80.0,0
2025-10-31 18:15:00,90.6,90.6,90.6,90.6,130428.33499999999,,80.0,0
2025-10-31 18:18:00,90.6,90.6,90.6,90.6,130428.33499999999,,80.0,0
2025-10-31 18:21:00,90.6,90.6,90.6,90.25,130018.065,,80.0,0
2025-10-31 18:24:00,90.55,90.55,90.55,90.55,130369.725,,80.0,0
2025-10-31 18:27:00,90.65,90.65,90.65,90.65,130486.95,,80.0,0
2025-10-31 18:30:00,90.65,90.65,90.65,90.65,130486.95,,80.0,0
2025-10-31 18:33:00,90.7,90.7,90.7,90.7,130604.17,,80.0,0
2025-10-31 18:36:00,90.45,90.45,90.45,90.45,130252.51000000001,,80.0,0
2025-10-31 18:39:00,90.5,90.5,90.5,90.5,130311.11,,80.0,0
2025-10-31 18:42:00,90.5,90.5,90.5,90.5,130311.11,,80.0,0
2025-10-31 18:45:00,90.55,90.55,90.55,90.55,130369.725,,80.0,0
2025-10-31 18:48:00,90.5,90.5,90.5,90.5,130311.11,,80.0,0
2025-10-31 18:51:00,90.7,90.7,90.7,90.7,130545.56,,80.0,0
2025-10-31 18:54:00,90.7,90.7,90.7,90.7,130545.56,,80.0,0
2025-10-31 18:57:00,90.45,90.45,90.45,90.45,130252.51000000001,,80.0,0
2025-10-31 19:00:00,90.5,90.5,90.5,90.5,130311.11,,80.0,0
2025-10-31 19:03:00,90.45,90.45,90.45,90.45,130252.51000000001,,80.0,0
2025-10-31 19:06:00,90.6,90.6,90.6,90.6,130428.33499999999,,80.0,0
2025-10-31 19:09:00,90.7,90.7,90.7,90.7,130545.56,,80.0,0
2025-10-31 19:12:00,90.6,90.6,90.6,90.6,130428.33499999999,,80.0,0
2025-10-31 19:15:00,90.5,90.5,90.5,90.5,130311.11,,80.0,0
2025-10-31 19:18:00,90.5,90.5,90.5,90.5,130311.11,,80.0,0
2025-10-31 19:21:00,90.55,90.55,90.55,90.55,130369.725,,80.0,0
2025-10-31 19:24:00,90.7,90.7,90.7,90.7,130545.56,,80.0,0
2025-10-31 19:27:00,90.6,90.6,90.6,90.6,130428.33499999999,,80.0,0
2025-10-31 19:30:00,90.7,90.7,90.7,90.7,130545.56,,80.0,0
2025-10-31 19:33:00,90.6,90.6,90.6,90.6,130428.33499999999,,80.0,0
2025-10-31 19:36:00,90.45,90.45,90.45,90.45,130252.51000000001,,80.0,0
2025-10-31 19:39:00,90.9,90.9,90.9,90.9,130955.83,,80.0,0
2025-10-31 19:42:00,90.6,90.6,90.6,90.6,130428.33499999999,,80.0,0
2025-10-31 19:45:00,90.45,90.45,90.45,90.45,130252.51000000001,,80.0,0
2025-10-31 19:48:00,90.25,90.25,90.25,90.25,129959.455,,80.0,0
2025-10-31 19:51:00,90.25,90.25,90.25,90.25,129959.45,,80.0,0
2025-10-31 19:54:00,90.5,90.5,90.5,90.5,130311.11,,80.0,0
2025-10-31 19:57:00,90.45,90.45,90.45,90.45,130252.51000000001,,80.0,0
2025-10-31 20:00:00,90.5,90.5,90.5,90.5,130311.11,,80.0,0
2025-10-31 20:03:00,90.35,90.35,90.35,90.35,130135.29000000001,,80.0,0
2025-10-31 20:06:00,90.45,90.45,90.45,90.45,130252.51000000001,,80.0,0
2025-10-31 20:09:00,90.5,90.5,90.5,90.5,130311.11,,80.0,0
2025-10-31 20:12:00,89.85,89.85,89.85,89.85,129373.35,,80.0,0
2025-10-31 20:15:00,90.05000000000001,90.05000000000001,90.05000000000001,90.05000000000001,129725.01500000001,,80.0,0
2025-10-31 20:18:00,90.6,90.6,90.6,90.6,130486.945,,80.0,0
2025-10-31 20:21:00,90.08749999999999,90.08749999999999,88.75,88.75,127849.505,,80.0,0
2025-10-31 20:24:00,89.5,89.5,89.5,89.5,128904.48000000001,,80.0,0
2025-10-31 20:27:00,90.2,90.2,90.2,90.2,129900.85,,80.0,0
2025-10-31 20:30:00,90.19999999999999,90.19999999999999,90.19999999999999,90.19999999999999,129900.845,,80.0,0
2025-10-31 20:33:00,89.3,89.3,89.3,89.3,128611.43,,80.0,0
2025-10-31 20:36:00,89.51249999999999,89.51249999999999,88.0,88.0,126735.905,,80.0,0
2025-10-31 20:39:00,89.65,89.65,89.65,89.65,129080.29999999999,,80.0,0
2025-10-31 20:42:00,88.9,88.9,88.9,88.9,128025.32500000001,,80.0,0
2025-10-31 20:45:00,89.45,89.45,90.55,90.55,130369.725,,80.0,0
2025-10-31 20:48:00,89.80000000000001,89.80000000000001,89.80000000000001,89.80000000000001,129314.76000000001,,80.0,0
2025-10-31 20:51:00,90.5,90.5,90.5,90.5,130311.11,,80.0,0
2025-10-31 20:54:00,90.3,90.3,90.3,90.3,130076.67,,80.0,0
2025-10-31 20:57:00,90.5,90.5,90.5,90.5,130311.125,,80.0,0
2025-10-31 21:00:00,90.45,90.45,90.45,89.35,128670.03,,80.0,0
2025-10-31 21:03:00,90.25,90.25,90.25,90.25,129959.455,,80.0,0
2025-10-31 21:06:00,90.45,90.45,90.45,90.45,130252.51000000001,,80.0,0
2025-10-31 21:09:00,90.30000000000001,90.30000000000001,90.30000000000001,90.30000000000001,130018.07500000001,,80.0,0
2025-10-31 21:12:00,90.8,90.8,90.8,90.8,130779.995,,80.0,0
2025-10-31 21:15:00,90.55,90.55,90.55,90.55,130369.725,,80.0,0
2025-10-31 21:18:00,90.35,90.35,90.35,90.35,130135.29000000001,,80.0,0
2025-10-31 21:21:00,90.25,90.25,90.25,90.25,130018.065,,80.0,0
2025-10-31 21:24:00,90.4,90.4,90.4,90.4,130193.89,,80.0,0
2025-10-31 21:27:00,90.5,90.5,90.5,90.5,130311.11,,80.0,0
2025-10-31 21:30:00,90.4,90.4,90.4,90.4,130193.89,,80.0,0
2025-10-31 21:33:00,90.25,90.25,90.25,90.25,130018.065,,80.0,0
2025-10-31 21:36:00,90.05,90.05,90.05,90.05,129725.01000000001,,80.0,0
2025-10-31 21:39:00,90.5,90.5,90.5,90.5,130311.11,,80.0,0
2025-10-31 21:42:00,90.55,90.55,90.55,90.55,130369.725,,80.0,0
2025-10-31 21:45:00,90.3,90.3,90.3,90.3,130076.67,,80.0,0
2025-10-31 21:48:00,90.35,90.35,90.35,90.35,130135.29000000001,,80.0,0
2025-10-31 21:51:00,90.35,90.35,90.35,90.35,130135.29000000001,,80.0,0
2025-10-31 21:54:00,90.3,90.3,90.3,90.3,130076.67,,80.0,0
2025-10-31 21:57:00,90.45,90.45,90.45,90.45,130252.51000000001,,80.0,0
2025-10-31 22:00:00,90.45,90.45,90.45,90.45,130252.51000000001,,80.0,0
2025-10-31 22:03:00,90.25,90.25,90.25,90.25,130018.065,,80.0,0
2025-10-31 22:06:00,90.3,90.3,90.3,90.3,130076.67,,80.0,0
2025-10-31 22:09:00,90.55,90.55,90.55,90.55,130369.725,,80.0,0
2025-10-31 22:12:00,90.4,90.4,90.4,90.4,130193.89,,80.0,0
2025-10-31 22:15:00,90.45,90.45,90.45,90.45,130252.51000000001,,80.0,0
2025-10-31 22:18:00,90.1,90.1,90.1,90.1,129725.015,,80.0,0
2025-10-31 22:21:00,90.3,90.3,90.3,89.7,129138.91,,80.0,0
2025-10-31 22:24:00,90.3,90.3,90.3,90.3,130076.67,,80.0,0
2025-10-31 22:27:00,90.2,90.2,90.2,90.2,129842.24,,80.0,0
2025-10-31 22:30:00,90.35,90.35,90.35,90.35,130076.675,,80.0,0
2025-10-31 22:33:00,90.3,90.3,90.3,89.55000000000001,128904.47,,80.0,0
2025-10-31 22:36:00,90.4,90.4,90.4,90.4,130193.89,,80.0,0
2025-10-31 22:39:00,90.25,90.25,90.25,90.25,129959.455,,80.0,0
2025-10-31 22:42:00,90.3,90.3,90.3,90.3,130076.67,,80.0,0
2025-10-31 22:45:00,90.6,90.6,90.6,90.6,130428.33499999999,,80.0,0
2025-10-31 22:48:00,90.4,90.4,90.4,90.4,130193.89,,80.0,0
2025-10-31 22:51:00,90.5,90.5,90.5,90.5,130311.11,,80.0,0
2025-10-31 22:54:00,90.55,90.55,90.55,90.55,130369.725,,80.0,0
2025-10-31 22:57:00,90.35,90.35,90.35,90.35,130135.29000000001,,80.0,0
2025-10-31 23:00:00,90.3,90.3,90.3,90.3,130076.67,,80.0,0
2025-10-31 23:03:00,90.15,90.15,90.15,90.15,129842.23,,80.0,0
2025-10-31 23:06:00,90.5,90.5,90.5,90.5,130311.11,,80.0,0
2025-10-31 23:09:00,90.35,90.35,90.35,90.35,130135.29000000001,,80.0,0
2025-10-31 23:12:00,90.25,90.25,90.25,90.25,130018.065,,80.0,0
2025-10-31 23:15:00,90.3,90.3,90.3,90.3,130076.67,,80.0,0
2025-10-31 23:18:00,90.25,90.25,90.25,90.25,130018.065,,80.0,0
2025-10-31 23:21:00,90.4,90.4,90.4,90.4,130193.91,,80.0,0
2025-10-31 23:24:00,90.25,90.25,90.25,90.0,129607.79500000001,,80.0,0
2025-10-31 23:27:00,90.05,90.05,90.05,90.05,129666.405,,80.0,0
2025-10-31 23:30:00,90.0,90.0,90.0,90.0,129607.79,,80.0,0
2025-10-31 23:33:00,90.25,90.25,90.25,90.25,129959.455,,80.0,0
2025-10-31 23:36:00,90.05000000000001,90.05000000000001,90.05000000000001,90.05000000000001,129725.01500000001,,80.0,0
2025-10-31 23:39:00,90.19999999999999,90.19999999999999,90.19999999999999,90.19999999999999,129900.845,,80.0,0
2025-10-31 23:42:00,89.94999999999999,89.94999999999999,89.94999999999999,89.94999999999999,129549.185,,80.0,0
2025-10-31 23:45:00,90.2,90.2,90.2,90.2,129900.85,,80.0,0
2025-10-31 23:48:00,90.3,90.3,90.3,90.3,130076.67,,80.0,0
2025-10-31 23:51:00,90.3,90.3,90.3,90.3,130076.67,,80.0,0
2025-10-31 23:54:00,90.30000000000001,90.30000000000001,90.30000000000001,90.30000000000001,130076.685,,80.0,0
2025-10-31 23:57:00,90.05,90.05,90.05,90.05,129666.4,,80.0,0
2025-11-01 00:00:00,90.2,90.2,90.2,90.2,129900.85,,80.0,0
2025-11-01 00:03:00,90.2,90.2,90.2,89.30000000000001,128611.42000000001,,80.0,0
2025-11-01 00:06:00,89.25,89.25,89.25,89.25,128552.815,,80.0,0
2025-11-01 00:09:00,88.65,88.65,88.65,88.65,127673.66500000001,,80.0,0
2025-11-01 00:12:00,89.10000000000001,89.10000000000001,90.3,90.3,130076.67,,80.0,0
2025-11-01 00:15:00,89.4,89.4,89.4,89.4,128728.65,,80.0,0
2025-11-01 00:18:00,90.25,90.25,90.25,90.25,129959.455,,80.0,0
2025-11-01 00:21:00,89.89999999999999,89.89999999999999,88.94999999999999,88.94999999999999,128083.935,,80.0,0
2025-11-01 00:24:00,90.05,90.05,90.05,90.05,129725.01000000001,,80.0,0
2025-11-01 00:27:00,89.0,89.0,89.0,89.0,128201.155,,80.0,0
2025-11-01 00:30:00,88.5,88.5,88.5,88.5,127497.84,,80.0,0
2025-11-01 00:33:00,89.69999999999999,89.69999999999999,89.69999999999999,89.69999999999999,129138.91500000001,,80.0,0
2025-11-01 00:36:00,90.30000000000001,90.30000000000001,90.30000000000001,90.30000000000001,130076.685,,80.0,0
2025-11-01 00:39:00,90.2,90.2,90.2,90.2,129900.85,,80.0,0
2025-11-01 00:42:00,90.2,90.2,90.2,90.2,129959.46,,80.0,0
2025-11-01 00:45:00,90.30000000000001,90.30000000000001,90.30000000000001,90.30000000000001,130018.07500000001,,80.0,0
2025-11-01 00:48:00,90.25,90.25,90.25,90.25,129959.455,,80.0,0
2025-11-01 00:51:00,90.1,90.1,90.1,90.1,129783.62,,80.0,0
2025-11-01 00:54:00,89.5,89.5,89.5,89.5,128904.48000000001,,80.0,0
2025-11-01 00:57:00,89.30000000000001,89.30000000000001,89.30000000000001,89.30000000000001,128611.43,,80.0,0
2025-11-01 01:00:00,89.15,89.15,89.15,89.15,128376.985,,80.0,0
2025-11-01 01:03:00,89.15,89.15,89.15,89.15,128435.595,,80.0,0
2025-11-01 01:06:00,89.35,89.35,89.35,89.35,128611.42,,80.0,0
2025-11-01 01:09:00,89.9,89.9,89.9,89.9,129431.95999999999,,80.0,0
2025-11-01 01:12:00,90.15,90.15,90.15,90.15,129842.24,,80.0,0
2025-11-01 01:15:00,89.25,89.25,89.25,89.25,128494.20000000001,,80.0,0
2025-11-01 01:18:00,88.6,88.6,88.6,88.6,127615.06,,80.0,0
2025-11-01 01:21:00,88.30000000000001,88.30000000000001,88.30000000000001,88.30000000000001,127146.19,,80.0,0
2025-11-01 01:24:00,89.5,89.5,89.5,89.5,128904.48000000001,,80.0,0
2025-11-01 01:27:00,89.35,89.35,89.35,89.35,128670.04000000001,,80.0,0
2025-11-01 01:30:00,90.25,90.25,90.25,90.25,129959.455,,80.0,0
2025-11-01 01:33:00,90.15,90.15,90.15,90.15,129842.24,,80.0,0
2025-11-01 01:36:00,89.65,89.65,89.65,89.65,129080.3,,80.0,0
2025-11-01 01:39:00,90.15,90.15,90.15,90.15,129783.63,,80.0,0
2025-11-01 01:42:00,90.25,90.25,90.25,90.25,129959.455,,80.0,0
2025-11-01 01:45:00,90.25,90.25,90.25,90.25,129959.455,,80.0,0
2025-11-01 01:48:00,90.05,90.05,90.05,90.05,129666.405,,80.0,0
2025-11-01 01:51:00,90.25,90.25,90.25,90.25,130018.065,,80.0,0
2025-11-01 01:54:00,90.19999999999999,90.19999999999999,90.19999999999999,90.19999999999999,129900.845,,80.0,0
2025-11-01 01:57:00,90.2,90.2,90.2,90.2,129959.46,,80.0,0
2025-11-01 02:00:00,90.2,90.2,90.2,90.2,129900.85,,80.0,0
2025-11-01 02:03:00,90.2,90.2,90.2,90.2,129900.85,,80.0,0
2025-11-01 02:06:00,90.2,90.2,90.2,90.1,129725.015,,80.0,0
2025-11-01 02:09:00,90.2,90.2,90.2,90.05,129666.405,,80.0,0
2025-11-01 02:12:00,90.2,90.2,90.2,90.2,129900.85,,80.0,0
2025-11-01 02:15:00,90.2,90.2,90.2,90.15,129783.63,,80.0,0
2025-11-01 02:18:00,90.2,90.2,90.2,90.2,129900.85,,80.0,0
2025-11-01 02:21:00,90.1,90.1,90.1,90.1,129725.015,,80.0,0
2025-11-01 02:24:00,90.2,90.2,90.2,90.2,129842.24,,80.0,0
2025-11-01 02:27:00,90.2,90.2,90.2,90.2,129959.46,,80.0,0
2025-11-01 02:30:00,90.15,90.15,90.15,90.15,129783.63,,80.0,0
2025-11-01 02:33:00,90.2,90.2,90.2,90.2,129959.46,,80.0,0
2025-11-01 02:36:00,90.0,90.0,90.0,90.0,129607.79500000001,,80.0,0
2025-11-01 02:39:00,90.15,90.15,90.15,89.80000000000001,129314.745,,80.0,0
2025-11-01 02:42:00,90.2,90.2,90.2,90.2,129900.85,,80.0,0
2025-11-01 02:45:00,89.94999999999999,89.94999999999999,89.94999999999999,89.94999999999999,129549.185,,80.0,0
2025-11-01 02:48:00,90.15,90.15,90.15,90.15,129783.63,,80.0,0
2025-11-01 02:51:00,90.2,90.2,90.2,90.2,129842.24,,80.0,0
2025-11-01 02:54:00,90.0,90.0,90.0,90.0,129607.79,,80.0,0
2025-11-01 02:57:00,90.2,90.2,90.2,90.2,129842.24,,80.0,0
2025-11-01 03:00:00,90.2,90.2,90.2,90.2,129900.85,,80.0,0
2025-11-01 03:03:00,90.35,90.35,90.35,90.35,130135.285,,80.0,0
2025-11-01 03:06:00,90.15,90.15,90.15,90.15,129842.23,,80.0,0
2025-11-01 03:09:00,90.2,90.2,90.2,90.2,129842.24,,80.0,0
2025-11-01 03:12:00,90.2,90.2,90.2,90.2,129900.85,,80.0,0
2025-11-01 03:15:00,90.2,90.2,90.2,90.2,129842.24,,80.0,0
2025-11-01 03:18:00,90.1,90.1,90.1,90.1,129725.02,,80.0,0
2025-11-01 03:21:00,90.0,90.0,90.0,90.0,129607.79,,80.0,0
2025-11-01 03:24:00,90.1,90.1,90.1,89.8,129314.74,,80.0,0
2025-11-01 03:27:00,90.05,90.05,90.05,90.05,129666.405,,80.0,0
2025-11-01 03:30:00,90.2,90.2,90.2,90.2,129900.85,,80.0,0
2025-11-01 03:33:00,89.85,89.85,89.85,89.85,129373.35,,80.0,0
2025-11-01 03:36:00,90.1,90.1,90.1,90.1,129725.015,,80.0,0
2025-11-01 03:39:00,90.2,90.2,90.2,90.2,129959.46,,80.0,0
2025-11-01 03:42:00,90.05,90.05,90.05,90.05,129666.405,,80.0,0
2025-11-01 03:45:00,90.2,90.2,90.2,90.2,129900.85,,80.0,0
2025-11-01 03:48:00,89.95,89.95,89.95,89.95,129549.18,,80.0,0
2025-11-01 03:51:00,90.05000000000001,90.05000000000001,90.05000000000001,90.05000000000001,129666.405,,80.0,0
2025-11-01 03:54:00,90.15,90.15,90.15,90.15,129783.63,,80.0,0
2025-11-01 03:57:00,89.8,89.8,89.8,89.8,129314.73499999999,,80.0,0
2025-11-01 04:00:00,90.2,90.2,90.2,90.2,129842.24,,80.0,0
2025-11-01 04:03:00,90.0,90.0,90.0,90.0,129607.79,,80.0,0
2025-11-01 04:06:00,90.0,90.0,90.0,90.0,129607.79,,80.0,0
2025-11-01 04:09:00,90.05,90.05,90.05,90.05,129666.405,,80.0,0
2025-11-01 04:12:00,90.19999999999999,90.19999999999999,90.19999999999999,90.19999999999999,129900.845,,80.0,0
2025-11-01 04:15:00,90.0,90.0,90.0,90.0,129607.79,,80.0,0
2025-11-01 04:18:00,89.9,89.9,89.9,89.9,129490.57,,80.0,0
2025-11-01 04:21:00,89.85,89.85,89.85,89.85,129431.96,,80.0,0
2025-11-01 04:24:00,90.0,90.0,90.0,90.0,129607.79,,80.0,0
2025-11-01 04:27:00,90.0,90.0,90.0,90.0,129607.79,,80.0,0
2025-11-01 04:30:00,89.5,89.5,89.5,89.5,128904.48000000001,,80.0,0
2025-11-01 04:33:00,89.6,89.6,89.6,89.6,128963.08,,80.0,0
2025-11-01 04:36:00,89.85,89.85,89.85,89.85,129431.96,,80.0,0
2025-11-01 04:39:00,90.0,90.0,90.0,90.0,129607.79,,80.0,0
2025-11-01 04:42:00,89.85,89.85,89.85,89.85,129431.96,,80.0,0
2025-11-01 04:45:00,89.95,89.95,89.95,89.95,129549.18,,80.0,0
2025-11-01 04:48:00,89.5,89.5,89.5,89.5,128904.48000000001,,80.0,0
2025-11-01 04:51:00,89.8,89.8,89.8,89.8,129314.74,,80.0,0
2025-11-01 04:54:00,89.9,89.9,89.9,89.9,129490.57,,80.0,0
2025-11-01 04:57:00,89.8,89.8,89.8,89.6,129021.69,,80.0,0
2025-11-01 05:00:00,89.8,89.8,89.8,89.8,129373.35,,80.0,0
2025-11-01 05:03:00,89.8,89.8,89.8,89.8,129373.35,,80.0,0
2025-11-01 05:06:00,89.8,89.8,89.8,89.8,129373.35,,80.0,0
2025-11-01 05:09:00,89.8,89.8,89.8,89.9,129490.57,,80.0,0
2025-11-01 05:12:00,89.8,89.8,89.8,89.8,129373.35,,80.0,0
2025-11-01 05:15:00,89.8,89.8,89.8,89.8,129373.35,,80.0,0
2025-11-01 05:18:00,89.8,89.8,89.8,89.75,129197.52,,80.0,0
2025-11-01 05:21:00,89.8,89.8,89.8,89.8,129373.35,,80.0,0
2025-11-01 05:24:00,89.75,89.75,89.75,89.75,129256.13,,80.0,0
2025-11-01 05:27:00,89.8,89.8,89.8,89.8,129314.74,,80.0,0
2025-11-01 05:30:00,89.8,89.8,89.8,89.8,129314.74,,80.0,0
2025-11-01 05:33:00,89.75,89.75,89.75,89.75,129197.52,,80.0,0
2025-11-01 05:36:00,89.85,89.85,89.85,89.85,129431.96,,80.0,0
2025-11-01 05:39:00,89.85,89.85,89.85,89.85,129431.96,,80.0,0
2025-11-01 05:42:00,89.75,89.75,89.75,89.75,129256.13,,80.0,0
2025-11-01 05:45:00,89.8,89.8,89.8,89.8,129256.13,,80.0,0
2025-11-01 05:48:00,89.8,89.8,89.8,89.8,129373.35,,80.0,0
2025-11-01 05:51:00,89.6,89.6,89.6,89.6,129021.69,,80.0,0
2025-11-01 05:54:00,89.85,89.85,89.85,89.85,129431.96,,80.0,0
2025-11-01 05:57:00,89.6,89.6,89.6,89.6,128963.08,,80.0,0
2025-11-01 06:00:00,89.7,89.7,89.7,89.7,129138.91,,80.0,0
2025-11-01 06:03:00,89.75,89.75,89.75,89.75,129197.52,,80.0,0
2025-11-01 06:06:00,89.6,89.6,89.6,88.85,127966.72,,80.0,0
2025-11-01 06:09:00,89.8,89.8,89.8,89.8,129373.35,,80.0,0
2025-11-01 06:12:00,89.4,89.4,89.4,89.4,128787.25,,80.0,0
2025-11-01 06:15:00,89.4,89.4,89.4,89.4,128728.64499999999,,80.0,0
2025-11-01 06:18:00,89.4,89.4,89.4,89.4,128670.03,,80.0,0
2025-11-01 06:21:00,89.55000000000001,89.55000000000001,89.55000000000001,89.55000000000001,128904.47,,80.0,0
2025-11-01 06:24:00,89.5,89.5,89.5,89.5,128845.86,,80.0,0
2025-11-01 06:27:00,89.7,89.7,89.7,89.7,129138.91,,80.0,0
2025-11-01 06:30:00,89.30000000000001,89.30000000000001,89.30000000000001,89.30000000000001,128611.43,,80.0,0
2025-11-01 06:33:00,89.4,89.4,89.4,89.4,128728.64,,80.0,0
2025-11-01 06:36:00,89.55000000000001,89.55000000000001,89.55000000000001,89.55000000000001,128904.47,,80.0,0
2025-11-01 06:39:00,89.55000000000001,89.55000000000001,89.55000000000001,89.55000000000001,128963.08,,80.0,0
2025-11-01 06:42:00,89.35,89.35,89.35,89.35,128611.42,,80.0,0
2025-11-01 06:45:00,89.25,89.25,89.25,89.25,128494.2,,80.0,0
2025-11-01 06:48:00,89.55000000000001,89.55000000000001,89.55000000000001,89.55000000000001,128904.47,,80.0,0
2025-11-01 06:51:00,89.30000000000001,89.30000000000001,89.30000000000001,89.30000000000001,128552.82,,80.0,0
2025-11-01 06:54:00,89.7,89.7,89.7,89.7,129138.91,,80.0,0
2025-11-01 06:57:00,89.5,89.5,89.5,89.5,128845.855,,80.0,0
2025-11-01 07:00:00,89.35,89.35,89.35,89.35,128670.04000000001,,80.0,0
2025-11-01 07:03:00,89.4,89.4,89.4,89.4,128728.64,,80.0,0
2025-11-01 07:06:00,89.45,89.45,89.45,89.45,128787.26000000001,,80.0,0
2025-11-01 07:09:00,89.55000000000001,89.55000000000001,89.55000000000001,89.55000000000001,128904.47,,80.0,0
2025-11-01 07:12:00,89.55000000000001,89.55000000000001,89.55000000000001,89.55000000000001,128963.08,,80.0,0
2025-11-01 07:15:00,89.4,89.4,89.4,89.4,128787.25,,80.0,0
2025-11-01 07:18:00,89.45,89.45,89.45,89.75,129197.52,,80.0,0
2025-11-01 07:21:00,89.55000000000001,89.55000000000001,89.55000000000001,89.30000000000001,128552.82,,80.0,0
2025-11-01 07:24:00,89.55000000000001,89.55000000000001,89.55000000000001,89.55000000000001,128904.47,,80.0,0
2025-11-01 07:27:00,89.7,89.7,89.7,89.7,129138.91,,80.0,0
2025-11-01 07:30:00,89.2,89.2,89.2,89.2,128435.6,,80.0,0
2025-11-01 07:33:00,89.4,89.4,89.4,89.4,128670.03,,80.0,0
2025-11-01 07:36:00,89.7,89.7,89.7,89.7,129138.91,,80.0,0
2025-11-01 07:39:00,89.6,89.6,89.6,89.6,129021.695,,80.0,0
2025-11-01 07:42:00,89.4,89.4,89.4,89.4,128670.03,,80.0,0
2025-11-01 07:45:00,89.25,89.25,89.25,89.25,128494.2,,80.0,0
2025-11-01 07:48:00,89.35,89.35,89.35,89.35,128611.42,,80.0,0
2025-11-01 07:51:00,89.30000000000001,89.30000000000001,89.30000000000001,89.30000000000001,128552.82,,80.0,0
2025-11-01 07:54:00,89.5,89.5,89.5,89.5,128845.855,,80.0,0
2025-11-01 07:57:00,89.55000000000001,89.55000000000001,89.55000000000001,89.55000000000001,128904.47,,80.0,0
2025-11-01 08:00:00,89.4,89.4,89.4,89.4,128728.64,,80.0,0
2025-11-01 08:03:00,89.5,89.5,89.5,89.5,128845.855,,80.0,0
2025-11-01 08:06:00,89.30000000000001,89.30000000000001,89.30000000000001,88.15,126970.34,,80.0,0
2025-11-01 08:09:00,89.05,89.05,89.05,89.05,128259.76999999999,,80.0,0
2025-11-01 08:12:00,89.0,89.0,89.0,89.0,128201.17,,80.0,0
2025-11-01 08:15:00,88.15,88.15,88.15,88.15,126911.73000000001,,80.0,0
2025-11-01 08:18:00,88.88750000000002,88.88750000000002,89.5,89.5,128845.855,,80.0,0
2025-11-01 08:21:00,89.05000000000001,89.05000000000001,89.05000000000001,89.05000000000001,128201.16,,80.0,0
2025-11-01 08:24:00,89.35,89.35,89.35,89.35,128670.03,,80.0,0
2025-11-01 08:27:00,89.05000000000001,89.05000000000001,88.1,88.1,126853.13500000001,,80.0,0
2025-11-01 08:30:00,88.7,88.7,88.7,88.7,127732.285,,80.0,0
2025-11-01 08:33:00,89.1,89.1,89.1,89.1,128318.39,,80.0,0
2025-11-01 08:36:00,88.35,88.35,88.35,88.35,127263.405,,80.0,0
2025-11-01 08:39:00,89.4,89.4,89.4,89.4,128670.03,,80.0,0
2025-11-01 08:42:00,88.65,88.65,88.65,88.65,127615.05,,80.0,0
2025-11-01 08:45:00,89.30000000000001,89.30000000000001,89.30000000000001,89.30000000000001,128552.82,,80.0,0
2025-11-01 08:48:00,89.25,89.25,89.25,89.25,128494.2,,80.0,0
2025-11-01 08:51:00,88.85,88.85,88.85,88.85,127908.10500000001,,80.0,0
2025-11-01 08:54:00,88.9,88.9,88.9,88.9,128025.33499999999,,80.0,0
2025-11-01 08:57:00,88.45,88.45,88.45,88.45,127380.625,,80.0,0
2025-11-01 09:00:00,89.30000000000001,89.30000000000001,89.30000000000001,89.30000000000001,128552.81,,80.0,0
2025-11-01 09:03:00,88.30000000000001,88.30000000000001,88.30000000000001,88.30000000000001,127146.175,,80.0,0
2025-11-01 09:06:00,88.7,88.7,88.7,88.7,127732.28,,80.0,0
2025-11-01 09:09:00,89.25,89.25,89.25,89.25,128494.20999999999,,80.0,0
2025-11-01 09:12:00,88.65,88.65,88.65,88.65,127615.05,,80.0,0
2025-11-01 09:15:00,89.05000000000001,89.05000000000001,89.05000000000001,89.05000000000001,128201.16,,80.0,0
2025-11-01 09:18:00,88.30000000000001,88.30000000000001,88.30000000000001,88.30000000000001,127146.175,,80.0,0
2025-11-01 09:21:00,89.25,89.25,89.25,89.25,128494.195,,80.0,0
2025-11-01 09:24:00,88.30000000000001,88.30000000000001,88.30000000000001,88.30000000000001,127204.79000000001,,80.0,0
2025-11-01 09:27:00,88.30000000000001,88.30000000000001,88.30000000000001,88.30000000000001,127146.19,,80.0,0
2025-11-01 09:30:00,88.65,88.65,88.65,88.65,127673.66500000001,,80.0,0
2025-11-01 09:33:00,88.45,88.45,88.45,88.45,127380.625,,80.0,0
2025-11-01 09:36:00,88.7,88.7,88.7,88.7,127673.66,,80.0,0
2025-11-01 09:39:00,88.65,88.65,88.65,87.95,126677.29500000001,,80.0,0
2025-11-01 09:42:00,88.25,88.25,88.25,88.25,127028.95000000001,,80.0,0
2025-11-01 09:45:00,88.65,88.65,88.65,89.6,128963.08,,80.0,0
2025-11-01 09:48:00,88.80000000000001,88.80000000000001,88.80000000000001,88.80000000000001,127908.10500000001,,80.0,0
2025-11-01 09:51:00,88.75,88.75,88.75,88.75,127790.88,,80.0,0
2025-11-01 09:54:00,88.7,88.7,88.7,88.7,127673.66,,80.0,0
2025-11-01 09:57:00,88.25,88.25,88.25,88.25,127087.57,,80.0,0
2025-11-01 10:00:00,88.0,88.0,88.0,88.0,126735.91,,80.0,1
2025-11-01 10:03:00,88.125,88.125,89.30000000000001,89.30000000000001,128611.43,,80.0,1
2025-11-01 10:06:00,88.47500000000001,88.47500000000001,89.4,89.4,128787.25,,80.0,0
2025-11-01 10:09:00,89.30000000000001,89.30000000000001,89.30000000000001,89.30000000000001,128552.82,,80.0,1
2025-11-01 10:12:00,89.35,89.35,89.35,89.35,128670.04000000001,,80.0,1
2025-11-01 10:15:00,88.2,88.2,88.2,88.2,127028.955,,80.0,1
2025-11-01 10:18:00,88.83333333333333,88.83333333333333,89.8,89.8,129373.35,,80.0,1
2025-11-01 10:21:00,88.95,88.95,88.95,88.95,128083.935,,80.0,1
2025-11-01 10:24:00,89.8,89.8,89.8,89.8,129373.35,,80.0,1
2025-11-01 10:27:00,89.575,89.575,88.5,88.5,127439.23000000001,,80.0,1
2025-11-01 10:30:00,89.5,89.5,89.5,89.5,128904.48000000001,,80.0,1
2025-11-01 10:33:00,90.05,90.05,90.05,90.05,129666.405,,80.0,1
2025-11-01 10:36:00,89.1,89.1,89.1,89.1,128259.765,,80.0,1
2025-11-01 10:39:00,90.05,90.05,90.05,89.55000000000001,128963.085,,80.0,1
2025-11-01 10:42:00,90.44999999999999,90.44999999999999,90.44999999999999,90.44999999999999,130252.505,,80.0,1
2025-11-01 10:45:00,90.5,90.5,90.5,90.5,130311.11499999999,,80.0,1
2025-11-01 10:48:00,90.4,90.4,90.4,90.4,130193.89,,80.0,1
2025-11-01 10:51:00,90.45,90.45,90.45,90.45,130252.51000000001,,80.0,1
2025-11-01 10:54:00,90.5,90.5,90.5,90.5,130311.11,,80.0,1
2025-11-01 10:57:00,90.9,90.9,90.9,90.9,130897.22,,80.0,1
2025-11-01 11:00:00,90.9,90.9,90.9,90.9,130955.83,,80.0,1
2025-11-01 11:03:00,90.95,90.95,90.95,90.95,130955.825,,80.0,1
2025-11-01 11:06:00,90.7,90.7,90.7,90.7,130545.56,,80.0,1
2025-11-01 11:09:00,91.3,91.3,91.3,91.3,131483.33,,80.0,1
2025-11-01 11:12:00,91.35,91.35,91.35,91.35,131541.93,,80.0,1
2025-11-01 11:15:00,90.7,90.7,90.7,90.7,130545.56,,80.0,1
2025-11-01 11:18:00,90.6,90.6,90.6,90.6,130428.34,,80.0,1
2025-11-01 11:21:00,91.19999999999999,91.19999999999999,91.19999999999999,91.19999999999999,131366.10499999998,,80.0,1
2025-11-01 11:24:00,91.35,91.35,91.35,91.35,131541.93,,80.0,1
2025-11-01 11:27:00,91.35,91.35,91.35,91.35,131541.93,,80.0,1
2025-11-01 11:30:00,91.6,91.6,91.6,91.6,131952.19,,80.0,1
2025-11-01 11:33:00,91.5,91.5,91.5,91.5,131717.77,,80.0,1
2025-11-01 11:36:00,91.5,91.5,91.5,91.5,131834.97,,80.0,1
2025-11-01 11:39:00,91.55,91.55,91.55,91.5,131834.97,,80.0,1
2025-11-01 11:42:00,91.55,91.55,91.55,91.55,131834.97999999998,,80.0,1
2025-11-01 11:45:00,91.55,91.55,91.55,91.55,131893.58000000002,,80.0,1
2025-11-01 11:48:00,91.6,91.6,91.6,91.6,131952.19,,80.0,1
2025-11-01 11:51:00,91.8,91.8,91.8,91.8,132186.62,,80.0,1
2025-11-01 11:54:00,91.6,91.6,91.6,91.6,131952.19,,80.0,1
2025-11-01 11:57:00,91.8,91.8,91.8,91.8,132186.62,,80.0,1
2025-11-01 12:00:00,92.35,92.35,92.35,92.35,132948.57,,80.0,1
2025-11-01 12:03:00,91.85,91.85,91.85,91.85,132303.85499999998,,80.0,1
2025-11-01 12:06:00,92.2,92.2,92.2,92.2,132772.73,,80.0,1
2025-11-01 12:09:00,91.8,91.8,91.8,91.8,132186.635,,80.0,1
2025-11-01 12:12:00,92.2,92.2,92.2,90.7,130604.16500000001,,80.0,1
2025-11-01 12:15:00,92.35,92.35,92.35,90.69999999999999,130662.77,,80.0,1
2025-11-01 12:18:00,92.5,92.5,92.5,92.5,133183.015,,80.0,1
2025-11-01 12:21:00,92.5,92.5,92.5,92.5,133241.62,,80.0,1
2025-11-01 12:24:00,92.4,92.4,92.4,92.4,133124.41,,80.0,1
2025-11-01 12:27:00,92.6,92.6,92.6,92.6,133358.84,,80.0,1
2025-11-01 12:30:00,92.4,92.4,92.4,92.4,133124.41,,80.0,1
2025-11-01 12:33:00,92.85,92.85,92.85,92.85,133710.495,,80.0,1
2025-11-01 12:36:00,92.5,92.5,92.5,92.5,133241.625,,80.0,1
2025-11-01 12:39:00,92.7,92.7,92.7,92.7,133476.06,,80.0,1
2025-11-01 12:42:00,92.8,92.8,92.8,92.8,133593.27,,80.0,1
2025-11-01 12:45:00,92.8,92.8,92.8,92.8,133593.27,,80.0,1
2025-11-01 12:48:00,92.75,92.75,92.75,92.75,133534.66499999998,,80.0,1
2025-11-01 12:51:00,92.9,92.9,92.9,92.9,133769.11,,80.0,1
2025-11-01 12:54:00,92.9,92.9,92.9,92.6,133358.84,,80.0,1
2025-11-01 12:57:00,92.9,92.9,92.9,92.9,133827.72,,80.0,1
2025-11-01 13:00:00,92.9,92.9,92.9,93.1,134062.16,,80.0,0
2025-11-01 13:03:00,92.95,92.95,92.95,92.95,133886.33000000002,,80.0,0
2025-11-01 13:06:00,92.9,92.9,92.9,92.9,133827.72,,80.0,0
2025-11-01 13:09:00,92.9,92.9,92.9,92.9,133769.10499999998,,80.0,0
2025-11-01 13:12:00,92.9,92.9,92.9,92.9,133769.11,,80.0,0
2025-11-01 13:15:00,92.9,92.9,92.9,92.9,133769.11,,80.0,0
2025-11-01 13:18:00,92.80000000000001,92.80000000000001,92.80000000000001,92.1,132655.515,,80.0,0
2025-11-01 13:21:00,92.65,92.65,92.65,92.65,133417.445,,80.0,0
2025-11-01 13:24:00,92.4,92.4,92.4,92.4,133065.8,,80.0,0
2025-11-01 13:27:00,91.75,91.75,91.75,91.75,132128.015,,80.0,0
2025-11-01 13:30:00,92.80000000000001,92.80000000000001,92.80000000000001,92.80000000000001,133651.89,,80.0,0
2025-11-01 13:33:00,92.48333333333335,92.48333333333335,91.3,91.3,131483.325,,80.0,0
2025-11-01 13:36:00,92.9,92.9,92.9,92.9,133827.72,,80.0,0
2025-11-01 13:39:00,92.59583333333333,92.59583333333333,91.3,91.3,131483.33,,80.0,0
2025-11-01 13:42:00,92.9,92.9,92.9,92.9,133827.72,,80.0,0
2025-11-01 13:45:00,92.1,92.1,92.1,92.1,132655.525,,80.0,0
2025-11-01 13:48:00,91.5,91.5,91.5,91.5,131776.37,,80.0,0
2025-11-01 13:51:00,92.65,92.65,92.65,92.65,133417.45,,80.0,0
2025-11-01 13:54:00,92.85,92.85,92.85,92.85,133651.885,,80.0,0
2025-11-01 13:57:00,92.6,92.6,92.6,92.6,133358.84,,80.0,0
2025-11-01 14:00:00,92.15,92.15,92.15,92.15,132714.125,,80.0,0
2025-11-01 14:03:00,91.5,91.5,91.5,91.5,131717.77,,80.0,0
2025-11-01 14:06:00,92.15,92.15,92.15,92.15,132714.125,,80.0,0
2025-11-01 14:09:00,92.69999999999999,92.69999999999999,92.69999999999999,92.69999999999999,133476.055,,80.0,0
2025-11-01 14:12:00,91.75,91.75,91.75,91.75,132128.025,,80.0,0
2025-11-01 14:15:00,91.9,91.9,91.9,91.9,132362.465,,80.0,0
2025-11-01 14:18:00,92.9,92.9,92.9,92.9,133710.5,,80.0,0
2025-11-01 14:21:00,91.85,91.85,91.85,91.85,132303.85,,80.0,0
2025-11-01 14:24:00,92.3,92.3,92.3,92.3,132948.565,,80.0,0
2025-11-01 14:27:00,92.69999999999999,92.69999999999999,92.69999999999999,92.69999999999999,133476.055,,80.0,0
2025-11-01 14:30:00,92.2,92.2,92.2,92.2,132714.135,,80.0,0
2025-11-01 14:33:00,92.95,92.95,92.95,92.95,133886.33000000002,,80.0,0
2025-11-01 14:36:00,92.85,92.85,92.85,92.85,133710.495,,80.0,0
2025-11-01 14:39:00,92.3375,92.3375,91.1,91.1,131248.88,,80.0,0
2025-11-01 14:42:00,91.65,91.65,91.65,91.65,131952.19,,80.0,0
2025-11-01 14:45:00,91.9,91.9,91.9,91.9,132303.84999999998,,80.0,0
2025-11-01 14:48:00,91.45,91.45,91.45,91.45,131659.145,,80.0,0
2025-11-01 14:51:00,92.5,92.5,92.5,92.5,133241.625,,80.0,0
2025-11-01 14:54:00,92.69999999999999,92.69999999999999,92.69999999999999,92.69999999999999,133476.055,,80.0,0
2025-11-01 14:57:00,92.1,92.1,92.1,92.1,132596.905,,80.0,0
2025-11-01 15:00:00,91.9,91.9,91.9,91.9,132362.47,,80.0,0
2025-11-01 15:03:00,92.65,92.65,92.65,92.65,133358.845,,80.0,0
2025-11-01 15:06:00,92.7,92.7,92.7,92.7,133534.66999999998,,80.0,0
2025-11-01 15:09:00,92.9,92.9,92.9,92.9,133827.72,,80.0,0
2025-11-01 15:12:00,92.5,92.5,92.5,91.15,131248.875,,80.0,0
2025-11-01 15:15:00,92.55,92.55,92.55,92.55,133241.61,,80.0,0
2025-11-01 15:18:00,92.5,92.5,92.5,92.5,133241.625,,80.0,0
2025-11-01 15:21:00,92.8,92.8,92.8,92.8,133593.27,,80.0,0
2025-11-01 15:24:00,92.66666666666667,92.66666666666667,91.6,91.6,131893.59499999997,,80.0,0
2025-11-01 15:27:00,92.72222222222223,92.72222222222223,90.94999999999999,90.94999999999999,130955.83499999999,,80.0,0
2025-11-01 15:30:00,92.7,92.7,92.7,92.7,133476.06,,80.0,0
2025-11-01 15:33:00,92.49305555555556,92.49305555555556,91.4,91.4,131600.53,,80.0,0
2025-11-01 15:36:00,91.75,91.75,91.75,91.75,132128.015,,80.0,0
2025-11-01 15:39:00,92.80000000000001,92.80000000000001,92.80000000000001,92.80000000000001,133593.28,,80.0,0
2025-11-01 15:42:00,92.7,92.7,92.7,92.7,133476.06,,80.0,0
2025-11-01 15:45:00,92.4,92.4,92.4,92.4,133007.19,,80.0,0
2025-11-01 15:48:00,92.75,92.75,92.75,92.75,133534.66999999998,,80.0,0
2025-11-01 15:51:00,92.5,92.5,92.5,92.5,133241.62,,80.0,0
2025-11-01 15:54:00,92.15,92.15,92.15,92.15,132714.125,,80.0,0
2025-11-01 15:57:00,91.75,91.75,91.75,91.75,132069.41499999998,,80.0,0
2025-11-01 16:00:00,92.25,92.25,92.25,92.25,132831.34,,80.0,0
2025-11-01 16:03:00,92.05,92.05,92.05,92.05,132596.905,,80.0,0
2025-11-01 16:06:00,91.4,91.4,91.4,91.4,131600.55,,80.0,0
2025-11-01 16:09:00,92.5,92.5,92.5,92.5,133241.625,,80.0,0
2025-11-01 16:12:00,92.65,92.65,92.65,92.65,133417.45500000002,,80.0,0
2025-11-01 16:15:00,92.5,92.5,92.5,91.1,131248.88,,80.0,0
2025-11-01 16:18:00,92.8,92.8,92.8,92.8,133593.27,,80.0,0
2025-11-01 16:21:00,92.5,92.5,92.5,92.5,133183.015,,80.0,0
2025-11-01 16:24:00,92.9,92.9,92.9,92.9,133827.72,,80.0,0
2025-11-01 16:27:00,92.8,92.8,92.8,92.8,133593.27,,80.0,0
2025-11-01 16:30:00,92.85,92.85,92.85,92.85,133651.885,,80.0,0
2025-11-01 16:33:00,92.35,92.35,92.35,92.35,132948.57,,80.0,0
2025-11-01 16:36:00,92.1,92.1,92.1,92.1,132596.91499999998,,80.0,0
2025-11-01 16:39:00,92.25,92.25,92.25,92.25,132831.34999999998,,80.0,0
2025-11-01 16:42:00,92.1,92.1,92.1,92.1,132655.515,,80.0,0
2025-11-01 16:45:00,92.25,92.25,92.25,92.25,132831.34000000003,,80.0,0
2025-11-01 16:48:00,92.05,92.05,92.05,92.05,132596.905,,80.0,0
2025-11-01 16:51:00,91.95,91.95,91.95,91.95,132421.075,,80.0,0
2025-11-01 16:54:00,92.55000000000001,92.55000000000001,92.55000000000001,92.55000000000001,133300.235,,80.0,0
2025-11-01 16:57:00,92.5,92.5,92.5,92.5,133241.62,,80.0,0
2025-11-01 17:00:00,92.0,92.0,92.0,90.9,130897.22,,80.0,0
2025-11-01 17:03:00,91.85,91.85,91.85,91.85,132245.26,,80.0,0
2025-11-01 17:06:00,91.6,91.6,91.6,91.6,131893.59,,80.0,0
2025-11-01 17:09:00,92.55,92.55,92.55,92.55,133241.61,,80.0,0
2025-11-01 17:12:00,91.95,91.95,91.95,91.95,132421.09,,80.0,0
2025-11-01 17:15:00,92.0,92.0,92.0,92.0,132479.68,,80.0,0
2025-11-01 17:18:00,92.69999999999999,92.69999999999999,92.69999999999999,92.69999999999999,133476.055,,80.0,0
2025-11-01 17:21:00,91.9,91.9,91.9,91.9,132303.86,,80.0,0
2025-11-01 17:24:00,92.6,92.6,92.6,92.6,133358.84,,80.0,0
2025-11-01 17:27:00,92.30000000000001,92.30000000000001,92.30000000000001,92.30000000000001,132948.57,,80.0,0
2025-11-01 17:30:00,91.94999999999999,91.94999999999999,91.94999999999999,91.94999999999999,132421.085,,80.0,0
2025-11-01 17:33:00,92.44999999999999,92.44999999999999,92.44999999999999,92.44999999999999,133124.39500000002,,80.0,0
2025-11-01 17:36:00,92.55,92.55,92.55,92.55,133300.22,,80.0,0
2025-11-01 17:39:00,92.45,92.45,92.45,92.0,132479.68,,80.0,0
2025-11-01 17:42:00,92.30000000000001,92.30000000000001,92.30000000000001,92.30000000000001,132889.96000000002,,80.0,0
2025-11-01 17:45:00,92.45,92.45,92.45,92.45,133124.39500000002,,80.0,0
2025-11-01 17:48:00,92.65,92.65,92.65,92.65,133417.45,,80.0,0
2025-11-01 17:51:00,92.8,92.8,92.8,92.8,133593.27,,80.0,0
2025-11-01 17:54:00,92.85,92.85,92.85,92.85,133651.885,,80.0,0
2025-11-01 17:57:00,92.75,92.75,92.75,92.75,133534.66999999998,,80.0,0
2025-11-01 18:00:00,93.0,93.0,93.0,93.0,133944.94,,80.0,0
2025-11-01 18:03:00,92.8,92.8,92.8,92.35,133007.18,,80.0,0
2025-11-01 18:06:00,92.85,92.85,92.85,92.85,133710.495,,80.0,0
2025-11-01 18:09:00,92.9,92.9,92.9,92.9,133827.72,,80.0,0
2025-11-01 18:12:00,92.85,92.85,92.85,92.85,133651.885,,80.0,0
2025-11-01 18:15:00,92.65,92.65,92.65,92.65,133417.45,,80.0,0
2025-11-01 18:18:00,92.8,92.8,92.8,92.8,133593.27,,80.0,0
2025-11-01 18:21:00,92.8,92.8,92.8,92.8,133593.27,,80.0,0
2025-11-01 18:24:00,92.8,92.8,92.8,92.8,133593.27,,80.0,0
2025-11-01 18:27:00,92.8,92.8,92.8,92.8,133593.27,,80.0,0
2025-11-01 18:30:00,92.8,92.8,92.8,92.85,133710.495,,80.0,0
2025-11-01 18:33:00,92.8,92.8,92.8,92.85,133710.495,,80.0,0
2025-11-01 18:36:00,92.8,92.8,92.8,92.8,133593.27,,80.0,0
2025-11-01 18:39:00,92.7,92.7,92.7,92.7,133476.06,,80.0,0
2025-11-01 18:42:00,92.75,92.75,92.75,92.75,133534.66499999998,,80.0,0
2025-11-01 18:45:00,92.8,92.8,92.8,92.8,133593.27,,80.0,0
2025-11-01 18:48:00,92.85,92.85,92.85,92.85,133710.495,,80.0,0
2025-11-01 18:51:00,92.85,92.85,92.85,92.85,133710.495,,80.0,0
2025-11-01 18:54:00,92.6,92.6,92.6,92.6,133300.22999999998,,80.0,0
2025-11-01 18:57:00,92.8,92.8,92.8,92.8,133593.27,,80.0,0
2025-11-01 19:00:00,92.8,92.8,92.8,92.45,133183.015,,80.0,0
2025-11-01 19:03:00,92.8,92.8,92.8,92.8,133593.27,,80.0,0
2025-11-01 19:06:00,92.9,92.9,92.9,92.9,133710.5,,80.0,0
2025-11-01 19:09:00,92.8,92.8,92.8,92.8,133593.27,,80.0,0
2025-11-01 19:12:00,92.6,92.6,92.6,92.6,133358.84,,80.0,0
2025-11-01 19:15:00,92.8,92.8,92.8,92.8,133593.27,,80.0,0
2025-11-01 19:18:00,92.7,92.7,92.7,92.7,133476.06,,80.0,0
2025-11-01 19:21:00,92.80000000000001,92.80000000000001,92.80000000000001,92.80000000000001,133593.28,,80.0,0
2025-11-01 19:24:00,92.75,92.75,92.75,92.75,133534.66499999998,,80.0,0
2025-11-01 19:27:00,92.85,92.85,92.85,92.85,133651.885,,80.0,0
2025-11-01 19:30:00,92.69999999999999,92.69999999999999,92.69999999999999,92.69999999999999,133476.055,,80.0,0
2025-11-01 19:33:00,92.5,92.5,92.5,92.5,133241.625,,80.0,0
2025-11-01 19:36:00,92.6,92.6,92.6,92.6,133358.84,,80.0,0
2025-11-01 19:39:00,92.6,92.6,92.6,92.6,133358.84,,80.0,0
2025-11-01 19:42:00,92.65,92.65,92.65,92.65,133417.45,,80.0,0
2025-11-01 19:45:00,92.65,92.65,92.65,92.65,133417.445,,80.0,0
2025-11-01 19:48:00,92.8,92.8,92.8,92.8,133593.27,,80.0,0
2025-11-01 19:51:00,92.9,92.9,92.9,92.9,133827.72,,80.0,0
2025-11-01 19:54:00,92.8,92.8,92.8,92.8,133593.27,,80.0,0
2025-11-01 19:57:00,92.75,92.75,92.75,92.75,133534.66499999998,,80.0,0
2025-11-01 20:00:00,92.8,92.8,92.8,92.8,133593.27,,80.0,0
2025-11-01 20:03:00,92.75,92.75,92.75,92.75,133534.66499999998,,80.0,0
2025-11-01 20:06:00,92.8,92.8,92.8,92.8,133593.27,,80.0,0
2025-11-01 20:09:00,92.7,92.7,92.7,92.7,133476.06,,80.0,0
2025-11-01 20:12:00,92.75,92.75,92.75,92.4,133124.41,,80.0,0
2025-11-01 20:15:00,92.8,92.8,92.8,92.8,133593.27,,80.0,0
2025-11-01 20:18:00,92.6,92.6,92.6,92.6,133358.84,,80.0,0
2025-11-01 20:21:00,92.65,92.65,92.65,92.9,133769.11,,80.0,0
2025-11-01 20:24:00,92.65,92.65,92.65,92.65,133417.45,,80.0,0
2025-11-01 20:27:00,92.65,92.65,92.65,92.65,133417.45,,80.0,0
2025-11-01 20:30:00,92.65,92.65,92.65,92.65,133417.45,,80.0,0
2025-11-01 20:33:00,92.55000000000001,92.55000000000001,92.55000000000001,92.55000000000001,133300.235,,80.0,0
2025-11-01 20:36:00,92.8,92.8,92.8,92.8,133593.27,,80.0,0
2025-11-01 20:39:00,92.6,92.6,92.6,92.6,133358.84,,80.0,0
2025-11-01 20:42:00,92.6,92.6,92.6,92.6,133358.84,,80.0,0
2025-11-01 20:45:00,92.45,92.45,92.45,92.45,133183.015,,80.0,0
2025-11-01 20:48:00,92.75,92.75,92.75,92.75,133534.66499999998,,80.0,0
2025-11-01 20:51:00,92.9,92.9,92.9,92.9,133769.11,,80.0,0
2025-11-01 20:54:00,92.6,92.6,92.6,92.6,133358.84,,80.0,0
2025-11-01 20:57:00,92.5,92.5,92.5,92.5,133241.625,,80.0,0
2025-11-01 21:00:00,92.5,92.5,92.5,92.5,133241.625,,80.0,0
2025-11-01 21:03:00,92.8,92.8,92.8,92.8,133593.27,,80.0,0
2025-11-01 21:06:00,92.6,92.6,92.6,92.6,133358.84,,80.0,0
2025-11-01 21:09:00,92.69999999999999,92.69999999999999,92.69999999999999,92.69999999999999,133476.055,,80.0,0
2025-11-01 21:12:00,92.30000000000001,92.30000000000001,92.30000000000001,92.30000000000001,132889.96000000002,,80.0,0
2025-11-01 21:15:00,92.55000000000001,92.55000000000001,92.55000000000001,92.55000000000001,133300.235,,80.0,0
2025-11-01 21:18:00,92.75,92.75,92.75,92.75,133534.66499999998,,80.0,0
2025-11-01 21:21:00,92.30000000000001,92.30000000000001,92.30000000000001,92.30000000000001,132948.57,,80.0,0
2025-11-01 21:24:00,92.6,92.6,92.6,92.6,133358.84,,80.0,0
2025-11-01 21:27:00,92.4,92.4,92.4,92.4,133124.41,,80.0,0
2025-11-01 21:30:00,92.2,92.2,92.2,92.2,132714.135,,80.0,0
2025-11-01 21:33:00,92.75,92.75,92.75,92.75,133534.66999999998,,80.0,0
2025-11-01 21:36:00,92.8,92.8,92.8,92.8,133593.27,,80.0,0
2025-11-01 21:39:00,92.5,92.5,92.5,92.5,133241.625,,80.0,0
2025-11-01 21:42:00,92.35,92.35,92.35,92.35,133007.18,,80.0,0
2025-11-01 21:45:00,92.5,92.5,92.5,92.5,133241.625,,80.0,0
2025-11-01 21:48:00,92.6,92.6,92.6,92.6,133358.84,,80.0,0
2025-11-01 21:51:00,92.65,92.65,92.65,92.65,133417.45,,80.0,0
2025-11-01 21:54:00,92.55,92.55,92.55,92.55,133300.22999999998,,80.0,0
2025-11-01 21:57:00,92.65,92.65,92.65,92.65,133417.45,,80.0,0
2025-11-01 22:00:00,92.4,92.4,92.4,92.4,133124.41,,80.0,0
2025-11-01 22:03:00,92.45,92.45,92.45,92.45,133183.015,,80.0,0
2025-11-01 22:06:00,92.55,92.55,92.55,92.55,133300.22999999998,,80.0,0
2025-11-01 22:09:00,92.55,92.55,92.55,92.55,133300.22999999998,,80.0,0
2025-11-01 22:12:00,92.15,92.15,92.15,92.15,132714.125,,80.0,0
2025-11-01 22:15:00,92.55,92.55,92.55,92.55,133300.22999999998,,80.0,0
2025-11-01 22:18:00,92.6,92.6,92.6,92.6,133358.84,,80.0,0
2025-11-01 22:21:00,92.65,92.65,92.65,92.65,133417.45,,80.0,0
2025-11-01 22:24:00,92.5,92.5,92.5,92.5,133241.62,,80.0,0
2025-11-01 22:27:00,92.4,92.4,92.4,92.4,133124.41,,80.0,0
2025-11-01 22:30:00,92.6,92.6,92.6,92.6,133358.84,,80.0,0
2025-11-01 22:33:00,92.6,92.6,92.6,92.6,133358.84,,80.0,0
2025-11-01 22:36:00,92.45,92.45,92.45,92.45,133124.405,,80.0,0
2025-11-01 22:39:00,92.5,92.5,92.5,92.5,133241.625,,80.0,0
2025-11-01 22:42:00,92.4,92.4,92.4,92.4,133124.41,,80.0,0
2025-11-01 22:45:00,92.5,92.5,92.5,92.5,133241.625,,80.0,0
2025-11-01 22:48:00,92.69999999999999,92.69999999999999,92.69999999999999,92.69999999999999,133476.055,,80.0,0
2025-11-01 22:51:00,92.35,92.35,92.35,92.35,133007.18,,80.0,0
2025-11-01 22:54:00,92.45,92.45,92.45,92.45,133183.015,,80.0,0
2025-11-01 22:57:00,92.5,92.5,92.5,92.5,133241.625,,80.0,0
2025-11-01 23:00:00,92.4,92.4,92.4,92.4,133124.41,,80.0,0
2025-11-01 23:03:00,92.75,92.75,92.75,92.75,133534.66499999998,,80.0,0
2025-11-01 23:06:00,92.4,92.4,92.4,92.4,133065.8,,80.0,0
2025-11-01 23:09:00,92.6,92.6,92.6,92.6,133358.84,,80.0,0
2025-11-01 23:12:00,92.4,92.4,92.4,92.4,133124.41,,80.0,0
2025-11-01 23:15:00,92.05000000000001,92.05000000000001,92.05000000000001,92.05000000000001,132538.3,,80.0,0
2025-11-01 23:18:00,92.3,92.3,92.3,92.3,132889.96,,80.0,0
2025-11-01 23:21:00,92.4,92.4,92.4,90.9,130897.22,,80.0,0
2025-11-01 23:24:00,92.4,92.4,92.4,92.4,133124.41,,80.0,0
2025-11-01 23:27:00,92.3,92.3,92.3,91.1,131190.26499999998,,80.0,0
2025-11-01 23:30:00,92.3,92.3,92.3,92.3,132889.96,,80.0,0
2025-11-01 23:33:00,92.6,92.6,92.6,92.6,133358.84,,80.0,0
2025-11-01 23:36:00,92.45,92.45,92.45,92.45,133183.015,,80.0,0
2025-11-01 23:39:00,92.4,92.4,92.4,92.4,133124.41,,80.0,0
2025-11-01 23:42:00,92.45,92.45,92.45,91.25,131424.715,,80.0,0
2025-11-01 23:45:00,92.85,92.85,92.85,92.85,133710.495,,80.0,0
2025-11-01 23:48:00,92.6,92.6,92.6,92.6,133358.84,,80.0,0
2025-11-01 23:51:00,92.5,92.5,92.5,92.5,133241.625,,80.0,0
2025-11-01 23:54:00,92.6,92.6,92.6,92.6,133358.84,,80.0,0
2025-11-01 23:57:00,91.95,91.95,91.95,91.95,132421.09,,80.0,0
2025-11-02 00:00:00,92.65,92.65,92.65,92.65,133417.45,,80.0,0
2025-11-02 00:03:00,92.4,92.4,92.4,92.4,133065.8,,80.0,0
2025-11-02 00:06:00,92.55,92.55,92.55,92.55,133300.22999999998,,80.0,0
2025-11-02 00:09:00,92.3,92.3,92.3,92.3,132889.95,,80.0,0
2025-11-02 00:12:00,92.15,92.15,92.15,92.15,132655.515,,80.0,0
2025-11-02 00:15:00,92.5,92.5,92.5,92.5,133241.625,,80.0,0
2025-11-02 00:18:00,92.3,92.3,92.3,92.3,132889.95,,80.0,0
2025-11-02 00:21:00,92.15,92.15,92.15,92.15,132714.135,,80.0,0
2025-11-02 00:24:00,92.4,92.4,92.4,92.4,133124.41,,80.0,0
2025-11-02 00:27:00,92.3,92.3,92.3,92.3,132889.95,,80.0,0
2025-11-02 00:30:00,92.3,92.3,92.3,92.3,132889.95,,80.0,0
2025-11-02 00:33:00,92.4,92.4,92.4,92.4,133124.41,,80.0,0
2025-11-02 00:36:00,92.45,92.45,92.45,92.45,133183.015,,80.0,0
2025-11-02 00:39:00,92.2,92.2,92.2,92.2,132714.135,,80.0,0
2025-11-02 00:42:00,92.3,92.3,92.3,92.3,132889.95,,80.0,0
2025-11-02 00:45:00,92.35,92.35,92.35,92.35,132948.57,,80.0,0
2025-11-02 00:48:00,92.4,92.4,92.4,92.4,133124.41,,80.0,0
2025-11-02 00:51:00,92.4,92.4,92.4,92.4,133124.41,,80.0,0
2025-11-02 00:54:00,92.35,92.35,92.35,92.35,133007.18,,80.0,0
2025-11-02 00:57:00,92.15,92.15,92.15,92.15,132655.515,,80.0,0
2025-11-02 01:00:00,92.15,92.15,92.15,92.15,132714.125,,80.0,0
2025-11-02 01:03:00,92.05,92.05,92.05,92.05,132538.3,,80.0,0
2025-11-02 01:06:00,92.05,92.05,92.05,92.05,132538.3,,80.0,0
2025-11-02 01:09:00,92.3,92.3,92.3,92.3,132889.95,,80.0,0
2025-11-02 01:12:00,92.3,92.3,92.3,92.3,132889.95,,80.0,0
2025-11-02 01:15:00,92.3,92.3,92.3,92.3,132889.95,,80.0,0
2025-11-02 01:18:00,92.0,92.0,92.0,92.0,132421.08,,80.0,0
2025-11-02 01:21:00,92.2,92.2,92.2,92.2,132772.73,,80.0,0
2025-11-02 01:24:00,91.8,91.8,90.8,90.8,130779.985,,80.0,0
2025-11-02 01:27:00,91.2,91.2,91.2,91.2,131307.485,,80.0,0
2025-11-02 01:30:00,91.0,91.0,91.0,91.0,131014.43,,80.0,0
2025-11-02 01:33:00,91.3,91.3,91.3,91.3,131483.33,,80.0,0
2025-11-02 01:36:00,90.98750000000001,90.98750000000001,89.95,89.95,129549.18,,80.0,0
2025-11-02 01:39:00,90.65,90.65,90.65,90.65,130545.55,,80.0,0
2025-11-02 01:42:00,91.0,91.0,91.0,91.0,131014.435,,80.0,0
2025-11-02 01:45:00,91.5,91.5,91.5,91.5,131717.77,,80.0,0
2025-11-02 01:48:00,91.2,91.2,91.2,89.6,129021.69,,80.0,0
2025-11-02 01:51:00,90.9,90.9,90.9,90.9,130897.22,,80.0,0
2025-11-02 01:54:00,91.65,91.65,91.65,91.65,132010.8,,80.0,0
2025-11-02 01:57:00,91.69999999999999,91.69999999999999,91.69999999999999,91.69999999999999,132069.405,,80.0,0
2025-11-02 02:00:00,91.55,91.55,91.55,91.55,131893.58000000002,,80.0,0
2025-11-02 02:03:00,91.2,91.2,91.2,91.2,131366.09,,80.0,0
2025-11-02 02:06:00,91.35,91.35,91.35,91.35,131600.535,,80.0,0
2025-11-02 02:09:00,90.25,90.25,90.25,90.25,129959.45,,80.0,0
2025-11-02 02:12:00,90.6,90.6,90.6,90.6,130486.94,,80.0,0
2025-11-02 02:15:00,91.5,91.5,91.5,91.5,131776.37,,80.0,0
2025-11-02 02:18:00,91.0,91.0,91.0,91.0,131014.44499999999,,80.0,0
2025-11-02 02:21:00,91.45,91.45,91.45,91.45,131717.75,,80.0,0
2025-11-02 02:24:00,91.2,91.2,91.2,91.2,131307.485,,80.0,0
2025-11-02 02:27:00,90.15,90.15,90.15,90.15,129842.24,,80.0,0
2025-11-02 02:30:00,90.75,90.75,91.4,91.4,131600.55,,80.0,0
2025-11-02 02:33:00,90.65,90.65,90.65,90.65,130545.55,,80.0,0
2025-11-02 02:36:00,91.0,91.0,91.0,91.0,131014.44499999999,,80.0,0
2025-11-02 02:39:00,90.8,90.8,90.8,90.8,130721.375,,80.0,0
2025-11-02 02:42:00,90.7,90.7,90.7,90.7,130545.56,,80.0,0
2025-11-02 02:45:00,91.4,91.4,91.4,91.4,131600.53,,80.0,0
2025-11-02 02:48:00,91.5,91.5,91.5,91.5,131834.97,,80.0,0
2025-11-02 02:51:00,91.3,91.3,91.3,91.3,131483.325,,80.0,0
2025-11-02 02:54:00,91.5,91.5,91.5,91.5,131717.77,,80.0,0
2025-11-02 02:57:00,91.05,91.05,91.05,91.05,131073.055,,80.0,0
2025-11-02 03:00:00,90.55000000000001,90.55000000000001,90.55000000000001,90.55000000000001,130369.72,,80.0,0
2025-11-02 03:03:00,89.9,89.9,89.9,89.9,129431.97,,80.0,0
2025-11-02 03:06:00,90.75,90.75,90.75,90.75,130721.395,,80.0,0
2025-11-02 03:09:00,90.55000000000001,90.55000000000001,90.55000000000001,90.55000000000001,130369.72,,80.0,0
2025-11-02 03:12:00,90.75,90.75,90.75,90.75,130721.395,,80.0,0
2025-11-02 03:15:00,91.4,91.4,91.4,91.4,131600.53,,80.0,0
2025-11-02 03:18:00,91.4,91.4,91.4,91.4,131600.55,,80.0,0
2025-11-02 03:21:00,90.35,90.35,90.35,90.35,130135.29000000001,,80.0,0
2025-11-02 03:24:00,91.19999999999999,91.19999999999999,91.19999999999999,91.19999999999999,131366.10499999998,,80.0,0
2025-11-02 03:27:00,90.3,90.3,90.3,90.3,130076.67,,80.0,0
2025-11-02 03:30:00,90.48750000000001,90.48750000000001,89.0,89.0,128201.155,,80.0,0
2025-11-02 03:33:00,90.1,90.1,90.1,90.1,129725.015,,80.0,0
2025-11-02 03:36:00,90.35,90.35,90.35,90.35,130135.29,,80.0,0
2025-11-02 03:39:00,90.85,90.85,90.85,90.85,130838.6,,80.0,0
2025-11-02 03:42:00,90.1,90.1,90.1,90.1,129725.01000000001,,80.0,0
2025-11-02 03:45:00,90.32499999999999,90.32499999999999,91.3,91.3,131483.33,,80.0,0
2025-11-02 03:48:00,90.6,90.6,90.6,90.6,130486.95000000001,,80.0,0
2025-11-02 03:51:00,89.75,89.75,89.75,89.75,129256.14,,80.0,0
2025-11-02 03:54:00,90.35,90.35,90.35,90.35,130076.675,,80.0,0
2025-11-02 03:57:00,90.65,90.65,90.65,90.65,130545.56,,80.0,0
2025-11-02 04:00:00,90.0,90.0,90.0,90.0,129549.185,,80.0,0
2025-11-02 04:03:00,90.55000000000001,90.55000000000001,90.55000000000001,90.55000000000001,130369.735,,80.0,0
2025-11-02 04:06:00,90.4,90.4,90.4,90.4,130193.89,,80.0,0
2025-11-02 04:09:00,90.4,90.4,90.4,90.4,130193.89,,80.0,0
2025-11-02 04:12:00,90.7,90.7,90.7,90.7,130545.56,,80.0,0
2025-11-02 04:15:00,90.9,90.9,90.9,90.9,130897.22,,80.0,0
2025-11-02 04:18:00,90.4,90.4,90.4,90.4,130135.29000000001,,80.0,0
2025-11-02 04:21:00,90.65,90.65,90.65,90.65,130486.95,,80.0,0
2025-11-02 04:24:00,90.3,90.3,90.3,90.3,130018.065,,80.0,0
2025-11-02 04:27:00,89.85,89.85,89.85,89.85,129431.96,,80.0,0
2025-11-02 04:30:00,90.25,90.25,90.25,90.25,129959.455,,80.0,0
2025-11-02 04:33:00,90.6,90.6,90.6,90.6,130428.33499999999,,80.0,0
2025-11-02 04:36:00,90.38333333333333,90.38333333333333,89.35,89.35,128670.03,,80.0,0
2025-11-02 04:39:00,90.3,90.3,90.3,90.3,130018.065,,80.0,0
2025-11-02 04:42:00,89.35,89.35,89.35,89.35,128670.04000000001,,80.0,0
2025-11-02 04:45:00,90.35,90.35,90.35,90.35,130135.29000000001,,80.0,0
2025-11-02 04:48:00,90.0,90.0,90.0,90.0,129549.185,,80.0,0
2025-11-02 04:51:00,89.25,89.25,89.25,89.25,128552.815,,80.0,0
2025-11-02 04:54:00,89.3,89.3,89.3,89.3,128552.815,,80.0,0
2025-11-02 04:57:00,89.9,89.9,89.9,89.9,129431.97,,80.0,0
2025-11-02 05:00:00,89.5,89.5,89.5,89.5,128904.47,,80.0,0
2025-11-02 05:03:00,89.95,89.95,89.95,89.95,129549.185,,80.0,0
2025-11-02 05:06:00,88.95,88.95,88.95,88.95,128083.94,,80.0,0
2025-11-02 05:09:00,89.3625,89.3625,90.19999999999999,90.19999999999999,129900.845,,80.0,0
2025-11-02 05:12:00,89.35,89.35,89.35,89.35,128670.03,,80.0,0
2025-11-02 05:15:00,89.19999999999999,89.19999999999999,89.19999999999999,89.19999999999999,128435.59,,80.0,0
2025-11-02 05:18:00,90.35,90.35,90.35,90.35,130135.285,,80.0,0
2025-11-02 05:21:00,90.30000000000001,90.30000000000001,90.30000000000001,90.30000000000001,130018.07500000001,,80.0,0
2025-11-02 05:24:00,89.6,89.6,89.6,89.6,129021.705,,80.0,0
2025-11-02 05:27:00,89.8,89.8,89.8,89.8,129373.35,,80.0,0
2025-11-02 05:30:00,90.0,90.0,90.0,90.0,129607.79500000001,,80.0,0
2025-11-02 05:33:00,90.0,90.0,90.0,90.0,129607.79500000001,,80.0,0
2025-11-02 05:36:00,90.05,90.05,90.05,90.05,129725.01000000001,,80.0,0
2025-11-02 05:39:00,89.15,89.15,89.15,89.15,128435.595,,80.0,0
2025-11-02 05:42:00,89.8,89.8,89.8,89.8,129373.35,,80.0,0
2025-11-02 05:45:00,89.55000000000001,89.55000000000001,89.55000000000001,89.55000000000001,128904.47,,80.0,0
2025-11-02 05:48:00,89.94999999999999,89.94999999999999,89.94999999999999,89.94999999999999,129549.185,,80.0,0
2025-11-02 05:51:00,90.15,90.15,90.15,90.15,129842.24,,80.0,0
2025-11-02 05:54:00,90.2,90.2,90.2,90.2,129900.85,,80.0,0
2025-11-02 05:57:00,90.25,90.25,90.25,90.25,129959.455,,80.0,0
2025-11-02 06:00:00,89.8625,89.8625,88.75,88.75,127849.5,,80.0,0
2025-11-02 06:03:00,89.55,89.55,89.55,89.55,128963.08,,80.0,0
2025-11-02 06:06:00,89.45,89.45,89.45,89.45,128787.25,,80.0,0
2025-11-02 06:09:00,89.35,89.35,89.35,89.35,128670.035,,80.0,0
2025-11-02 06:12:00,89.1,89.1,89.1,89.1,128318.39,,80.0,0
2025-11-02 06:15:00,88.4,88.4,88.4,88.4,127322.01000000001,,80.0,0
2025-11-02 06:18:00,89.4,89.4,89.4,88.25,127146.18,,80.0,0
2025-11-02 06:21:00,89.6,89.6,89.6,89.6,129021.7,,80.0,0
2025-11-02 06:24:00,89.85,89.85,89.85,89.85,129373.35,,80.0,0
2025-11-02 06:27:00,89.65,89.65,89.65,89.65,129080.3,,80.0,0
2025-11-02 06:30:00,88.9,88.9,88.9,88.9,128025.32,,80.0,0
2025-11-02 06:33:00,89.4,89.4,89.4,89.4,128670.03,,80.0,0
2025-11-02 06:36:00,89.15,89.15,89.15,89.15,128376.98999999999,,80.0,0
2025-11-02 06:39:00,89.85,89.85,89.85,89.85,129373.35,,80.0,0
2025-11-02 06:42:00,89.55,89.55,89.55,89.55,128963.095,,80.0,0
2025-11-02 06:45:00,89.4,89.4,89.4,88.0,126735.905,,80.0,0
2025-11-02 06:48:00,89.55,89.55,89.55,89.55,128904.47,,80.0,0
2025-11-02 06:51:00,89.15,89.15,89.15,89.15,128376.985,,80.0,0
2025-11-02 06:54:00,89.30000000000001,89.30000000000001,89.30000000000001,89.30000000000001,128552.81,,80.0,0
2025-11-02 06:57:00,89.55000000000001,89.55000000000001,89.55000000000001,89.55000000000001,128963.09,,80.0,0
2025-11-02 07:00:00,89.5,89.5,89.5,89.5,128845.86,,80.0,0
2025-11-02 07:03:00,88.94999999999999,88.94999999999999,88.94999999999999,88.94999999999999,128083.935,,80.0,0
2025-11-02 07:06:00,89.15,89.15,89.15,89.15,128376.985,,80.0,0
2025-11-02 07:09:00,89.4,89.4,89.4,89.4,128670.03,,80.0,0
2025-11-02 07:12:00,90.1,90.1,90.1,90.1,129725.015,,80.0,0
2025-11-02 07:15:00,89.5,89.5,89.5,88.5,127497.845,,80.0,0
2025-11-02 07:18:00,89.1,89.1,89.1,89.1,128318.375,,80.0,0
2025-11-02 07:21:00,90.2,90.2,90.2,90.2,129842.24,,80.0,0
2025-11-02 07:24:00,89.85,89.85,89.85,89.85,129431.96,,80.0,0
2025-11-02 07:27:00,89.8,89.8,89.8,89.8,129373.35,,80.0,0
2025-11-02 07:30:00,89.65,89.65,89.65,89.65,129080.29999999999,,80.0,0
2025-11-02 07:33:00,88.9,88.9,88.9,88.9,127966.71,,80.0,0
2025-11-02 07:36:00,88.5,88.5,88.5,88.5,127439.22,,80.0,0
2025-11-02 07:39:00,88.9375,88.9375,90.0,90.0,129607.79,,80.0,0
2025-11-02 07:42:00,89.5,89.5,89.5,89.5,128904.48000000001,,80.0,0
2025-11-02 07:45:00,88.85,88.85,88.85,88.85,127966.72,,80.0,0
2025-11-02 07:48:00,89.1875,89.1875,90.05,90.05,129666.405,,80.0,0
2025-11-02 07:51:00,89.75,89.75,89.75,89.75,129256.13,,80.0,0
2025-11-02 07:54:00,88.65,88.65,88.65,88.65,127673.66,,80.0,0
2025-11-02 07:57:00,89.2,89.2,89.2,89.2,128435.6,,80.0,0
2025-11-02 08:00:00,89.15,89.15,89.15,89.15,128376.98999999999,,80.0,0
2025-11-02 08:03:00,89.75,89.75,89.75,89.75,129256.13,,80.0,0
2025-11-02 08:06:00,89.15,89.15,89.15,89.15,128318.375,,80.0,0
2025-11-02 08:09:00,90.19999999999999,90.19999999999999,90.19999999999999,90.19999999999999,129900.845,,80.0,0
2025-11-02 08:12:00,89.35,89.35,89.35,89.35,128670.04000000001,,80.0,0
2025-11-02 08:15:00,88.85,88.85,88.85,88.85,127908.1,,80.0,0
2025-11-02 08:18:00,88.0,88.0,88.0,88.0,126794.52,,80.0,0
2025-11-02 08:21:00,88.425,88.425,89.8,89.8,129373.35,,80.0,0
2025-11-02 08:24:00,88.2125,88.2125,89.85,89.85,129431.96,,80.0,0
2025-11-02 08:27:00,88.31875,88.31875,89.8,89.8,129373.35,,80.0,0
2025-11-02 08:30:00,88.265625,88.265625,89.7,88.4,127263.4,,80.0,0
2025-11-02 08:33:00,88.2921875,88.2921875,89.7,89.7,129138.91,,80.0,0
2025-11-02 08:36:00,88.27890625,88.27890625,89.75,88.75,127790.88,,80.0,0
2025-11-02 08:39:00,88.285546875,88.285546875,89.75,89.75,129256.13,,80.0,0
2025-11-02 08:42:00,88.65481770833333,88.65481770833333,89.6,89.6,129080.3,,80.0,0
2025-11-02 08:45:00,89.8,89.8,89.8,89.8,129256.13,,80.0,0
2025-11-02 08:48:00,89.4,89.4,89.4,89.4,128787.25,,80.0,0
2025-11-02 08:51:00,89.8,89.8,89.8,89.8,129373.35,,80.0,0
2025-11-02 08:54:00,89.7,89.7,89.7,89.7,129138.91,,80.0,0
2025-11-02 08:57:00,90.05,90.05,90.05,90.05,129666.405,,80.0,0
2025-11-02 09:00:00,89.55,89.55,89.55,89.55,128963.08,,80.0,0
2025-11-02 09:03:00,89.94999999999999,89.94999999999999,89.94999999999999,89.94999999999999,129549.185,,80.0,0
2025-11-02 09:06:00,89.85,89.85,89.85,89.85,129431.96,,80.0,0
2025-11-02 09:09:00,89.8,89.8,89.8,89.8,129256.13,,80.0,0
2025-11-02 09:12:00,90.0,90.0,90.0,90.0,129607.79,,80.0,0
2025-11-02 09:15:00,89.85,89.85,89.85,89.4,128728.64,,80.0,0
2025-11-02 09:18:00,89.8,89.8,89.8,89.8,129314.74,,80.0,0
2025-11-02 09:21:00,89.9,89.9,89.9,89.9,129490.57,,80.0,0
2025-11-02 09:24:00,89.75,89.75,89.75,89.75,129256.13,,80.0,0
2025-11-02 09:27:00,89.9,89.9,89.9,89.9,129490.57,,80.0,0
2025-11-02 09:30:00,89.85,89.85,89.85,89.85,129431.96,,80.0,0
2025-11-02 09:33:00,89.6,89.6,89.6,89.6,129021.69,,80.0,0
2025-11-02 09:36:00,89.8,89.8,89.8,89.8,129314.74,,80.0,0
2025-11-02 09:39:00,89.9,89.9,89.9,89.9,129431.95999999999,,80.0,0
2025-11-02 09:42:00,89.80000000000001,89.80000000000001,89.80000000000001,89.80000000000001,129314.74,,80.0,0
2025-11-02 09:45:00,89.6,89.6,89.6,89.6,129021.69,,80.0,0
2025-11-02 09:48:00,89.8,89.8,89.8,89.8,129256.13,,80.0,0
2025-11-02 09:51:00,90.0,90.0,90.0,90.0,129607.79,,80.0,0
2025-11-02 09:54:00,89.75,89.75,89.75,89.75,129256.13,,80.0,0
2025-11-02 09:57:00,89.75,89.75,89.75,89.75,129197.52,,80.0,0
2025-11-02 10:00:00,89.75,89.75,89.75,89.75,129197.52,,80.0,1
2025-11-02 10:03:00,90.05000000000001,90.05000000000001,90.05000000000001,90.05000000000001,129666.405,,80.0,1
2025-11-02 10:06:00,90.0,90.0,90.0,90.0,129607.79,,80.0,1
2025-11-02 10:09:00,89.9,89.9,89.9,89.9,129490.57,,80.0,1
2025-11-02 10:12:00,90.05,90.05,90.05,90.05,129666.405,,80.0,1
2025-11-02 10:15:00,90.05000000000001,90.05000000000001,90.05000000000001,90.05000000000001,129666.405,,80.0,1
2025-11-02 10:18:00,90.1,90.1,90.1,90.1,129725.02,,80.0,1
2025-11-02 10:21:00,90.15,90.15,90.15,90.3,130076.67,,80.0,1
2025-11-02 10:24:00,90.15,90.15,90.15,90.15,129783.63,,80.0,1
2025-11-02 10:27:00,90.30000000000001,90.30000000000001,90.30000000000001,90.30000000000001,130076.685,,80.0,1
2025-11-02 10:30:00,90.4,90.4,90.4,90.4,130193.91,,80.0,1
2025-11-02 10:33:00,90.5,90.5,90.5,90.5,130311.11,,80.0,1
2025-11-02 10:36:00,90.55000000000001,90.55000000000001,90.55000000000001,90.55000000000001,130369.735,,80.0,1
2025-11-02 10:39:00,90.45,90.45,90.45,90.45,130252.51000000001,,80.0,1
2025-11-02 10:42:00,90.55000000000001,90.55000000000001,90.55000000000001,90.80000000000001,130780.0,,80.0,1
2025-11-02 10:45:00,90.5,90.5,90.5,90.5,130311.11499999999,,80.0,1
2025-11-02 10:48:00,90.7,90.7,90.7,90.7,130545.56,,80.0,1
2025-11-02 10:51:00,90.7,90.7,90.7,90.7,130545.56,,80.0,1
2025-11-02 10:54:00,91.0,91.0,91.0,91.0,131014.44499999999,,80.0,1
2025-11-02 10:57:00,91.3,91.3,91.3,91.3,131483.33,,80.0,1
2025-11-02 11:00:00,91.5,91.5,91.5,91.5,131717.77,,80.0,1
2025-11-02 11:03:00,91.4,91.4,91.4,91.3,131483.33,,80.0,1
2025-11-02 11:06:00,91.5,91.5,91.5,91.5,131717.77,,80.0,1
2025-11-02 11:09:00,91.5,91.5,91.5,91.5,131776.37,,80.0,1
2025-11-02 11:12:00,91.6,91.6,91.6,91.6,131952.19,,80.0,1
2025-11-02 11:15:00,91.4,91.4,91.4,91.4,131600.53,,80.0,1
2025-11-02 11:18:00,91.5,91.5,91.5,91.5,131717.77,,80.0,1
2025-11-02 11:21:00,91.5,91.5,91.5,91.5,131717.77,,80.0,1
2025-11-02 11:24:00,91.5,91.5,91.5,90.9,130897.22,,80.0,1
2025-11-02 11:27:00,91.45,91.45,91.45,91.45,131659.15,,80.0,1
2025-11-02 11:30:00,91.5,91.5,91.5,91.0,131014.44,,80.0,1
2025-11-02 11:33:00,91.5,91.5,91.5,91.5,131776.37,,80.0,1
2025-11-02 11:36:00,91.75,91.75,91.75,91.75,132128.015,,80.0,1
2025-11-02 11:39:00,91.75,91.75,91.75,91.75,132128.015,,80.0,1
2025-11-02 11:42:00,91.8,91.8,91.8,91.9,132303.86,,80.0,1
2025-11-02 11:45:00,91.9,91.9,91.9,91.8,132186.62,,80.0,1
2025-11-02 11:48:00,92.0,92.0,92.0,92.0,132421.08,,80.0,1
2025-11-02 11:51:00,92.15,92.15,92.15,92.2,132772.73,,80.0,1
2025-11-02 11:54:00,92.15,92.15,92.15,92.15,132655.515,,80.0,1
2025-11-02 11:57:00,92.15,92.15,92.15,92.15,132655.515,,80.0,1
2025-11-02 12:00:00,92.19999999999999,92.19999999999999,92.19999999999999,92.19999999999999,132772.735,,80.0,1
2025-11-02 12:03:00,92.35,92.35,92.35,92.35,132948.57,,80.0,1
2025-11-02 12:06:00,92.35,92.35,92.35,92.35,132948.57,,80.0,1
2025-11-02 12:09:00,92.30000000000001,92.30000000000001,92.30000000000001,92.05,132538.3,,80.0,1
2025-11-02 12:12:00,92.55,92.55,92.55,92.55,133300.22999999998,,80.0,1
2025-11-02 12:15:00,92.30000000000001,92.30000000000001,92.30000000000001,92.30000000000001,132948.57,,80.0,1
2025-11-02 12:18:00,92.35,92.35,92.35,92.35,132948.57,,80.0,1
2025-11-02 12:21:00,92.3,92.3,92.3,92.3,132889.95,,80.0,1
2025-11-02 12:24:00,92.65,92.65,92.65,92.65,133417.45,,80.0,1
2025-11-02 12:27:00,92.5,92.5,92.5,92.5,133241.625,,80.0,1
2025-11-02 12:30:00,92.69999999999999,92.69999999999999,92.69999999999999,92.69999999999999,133476.055,,80.0,1
2025-11-02 12:33:00,92.5,92.5,92.5,92.5,133241.625,,80.0,1
2025-11-02 12:36:00,92.75,92.75,92.75,92.75,133534.66499999998,,80.0,1
2025-11-02 12:39:00,92.6,92.6,92.6,92.6,133358.84,,80.0,1
2025-11-02 12:42:00,92.5,92.5,92.5,92.5,133183.0,,80.0,1
2025-11-02 12:45:00,92.8,92.8,92.8,92.8,133593.27,,80.0,1
2025-11-02 12:48:00,92.9,92.9,92.9,92.9,133827.72,,80.0,1
2025-11-02 12:51:00,92.9,92.9,92.9,92.9,133769.11,,80.0,1
2025-11-02 12:54:00,92.6,92.6,92.6,92.6,133358.84,,80.0,1
2025-11-02 12:57:00,92.85,92.85,92.85,92.85,133651.885,,80.0,1
2025-11-02 13:00:00,92.9,92.9,92.9,93.19999999999999,134179.375,,80.0,0
2025-11-02 13:03:00,92.9,92.9,92.9,92.9,133827.72,,80.0,0
2025-11-02 13:06:00,92.8,92.8,92.8,92.8,133593.27,,80.0,0
2025-11-02 13:09:00,92.95,92.95,92.95,92.95,133886.33000000002,,80.0,0
2025-11-02 13:12:00,92.85,92.85,92.85,92.85,133710.495,,80.0,0
2025-11-02 13:15:00,92.9,92.9,92.9,92.9,133827.72,,80.0,0
2025-11-02 13:18:00,93.0,93.0,93.0,93.0,133944.94,,80.0,0
2025-11-02 13:21:00,93.0,93.0,93.0,93.0,133944.94,,80.0,0
2025-11-02 13:24:00,92.75,92.75,92.75,92.75,133534.66499999998,,80.0,0
2025-11-02 13:27:00,92.8,92.8,92.8,92.8,133593.27,,80.0,0
2025-11-02 13:30:00,93.05000000000001,93.05000000000001,93.05000000000001,93.05000000000001,134003.53999999998,,80.0,0
2025-11-02 13:33:00,93.05,93.05,93.05,93.05,134003.55,,80.0,0
2025-11-02 13:36:00,92.65,92.65,92.65,92.65,133417.45500000002,,80.0,0
2025-11-02 13:39:00,92.9,92.9,92.9,92.9,133827.72,,80.0,0
2025-11-02 13:42:00,92.9,92.9,92.9,92.9,133769.11,,80.0,0
2025-11-02 13:45:00,92.9,92.9,92.9,92.8,133593.27,,80.0,0
2025-11-02 13:48:00,92.9,92.9,92.9,92.9,133827.72,,80.0,0
2025-11-02 13:51:00,92.9,92.9,92.9,92.9,133827.72,,80.0,0
2025-11-02 13:54:00,92.9,92.9,92.9,92.69999999999999,133476.055,,80.0,0
2025-11-02 13:57:00,92.9,92.9,92.9,92.9,133827.72,,80.0,0
2025-11-02 14:00:00,92.9,92.9,92.9,92.9,133827.72,,80.0,0
2025-11-02 14:03:00,92.9,92.9,92.9,92.9,133827.72,,80.0,0
2025-11-02 14:06:00,92.9,92.9,92.9,92.9,133827.72,,80.0,0
2025-11-02 14:09:00,92.9,92.9,92.9,92.69999999999999,133476.055,,80.0,0
2025-11-02 14:12:00,92.9,92.9,92.9,92.9,133827.72,,80.0,0
2025-11-02 14:15:00,92.9,92.9,92.9,92.9,133827.72,,80.0,0
2025-11-02 14:18:00,92.9,92.9,92.9,92.9,133769.11,,80.0,0
2025-11-02 14:21:00,92.9,92.9,92.9,93.0,133886.33000000002,,80.0,0
2025-11-02 14:24:00,92.9,92.9,92.9,92.9,133769.11,,80.0,0
2025-11-02 14:27:00,92.95,92.95,92.95,92.95,133827.72,,80.0,0
2025-11-02 14:30:00,93.0,93.0,93.0,93.0,133944.94,,80.0,0
2025-11-02 14:33:00,92.9,92.9,92.9,92.9,133710.5,,80.0,0
2025-11-02 14:36:00,92.75,92.75,92.75,92.75,133593.285,,80.0,0
2025-11-02 14:39:00,92.9,92.9,92.9,92.65,133476.065,,80.0,0
2025-11-02 14:42:00,92.8,92.8,92.8,92.8,133593.27,,80.0,0
2025-11-02 14:45:00,92.9,92.9,92.9,92.9,133769.11,,80.0,0
2025-11-02 14:48:00,92.9,92.9,92.9,92.9,133827.72,,80.0,0
2025-11-02 14:51:00,92.85,92.85,92.85,92.85,133651.885,,80.0,0
2025-11-02 14:54:00,92.9,92.9,92.9,92.9,133769.11,,80.0,0
2025-11-02 14:57:00,92.85,92.85,92.85,92.05,132538.285,,80.0,0
2025-11-02 15:00:00,92.85,92.85,92.85,92.85,133651.885,,80.0,0
2025-11-02 15:03:00,92.85,92.85,92.85,92.85,133710.495,,80.0,0
2025-11-02 15:06:00,92.65,92.65,92.65,92.65,133417.45500000002,,80.0,0
2025-11-02 15:09:00,92.9,92.9,92.9,92.9,133827.72,,80.0,0
2025-11-02 15:12:00,92.25,92.25,92.25,92.25,132831.34999999998,,80.0,0
2025-11-02 15:15:00,92.45,92.45,92.45,91.2,131366.09,,80.0,0
2025-11-02 15:18:00,91.94999999999999,91.94999999999999,91.94999999999999,91.94999999999999,132421.085,,80.0,0
2025-11-02 15:21:00,91.85,91.85,91.85,91.85,132303.87,,80.0,0
2025-11-02 15:24:00,92.45,92.45,92.45,92.45,133183.015,,80.0,0
2025-11-02 15:27:00,92.9,92.9,92.9,92.9,133769.11,,80.0,0
2025-11-02 15:30:00,92.1,92.1,92.1,92.1,132596.905,,80.0,0
2025-11-02 15:33:00,92.75,92.75,92.75,92.75,133593.28,,80.0,0
2025-11-02 15:36:00,91.75,91.75,91.75,91.75,132069.425,,80.0,0
2025-11-02 15:39:00,92.55000000000001,92.55000000000001,92.55000000000001,92.55000000000001,133300.235,,80.0,0
2025-11-02 15:42:00,92.5,92.5,92.5,92.5,133183.005,,80.0,0
2025-11-02 15:45:00,92.0,92.0,92.0,92.0,132479.68,,80.0,0
2025-11-02 15:48:00,92.85,92.85,92.85,92.85,133651.885,,80.0,0
2025-11-02 15:51:00,92.65,92.65,92.65,92.65,133417.445,,80.0,0
2025-11-02 15:54:00,92.65,92.65,92.65,91.75,132128.02000000002,,80.0,0
2025-11-02 15:57:00,92.8,92.8,92.8,92.1,132655.515,,80.0,0
2025-11-02 16:00:00,92.8,92.8,92.8,92.8,133593.27,,80.0,0
2025-11-02 16:03:00,92.9,92.9,92.9,92.9,133710.5,,80.0,0
2025-11-02 16:06:00,92.85,92.85,92.85,92.85,133651.885,,80.0,0
2025-11-02 16:09:00,92.8,92.8,92.8,92.8,133593.27,,80.0,0
2025-11-02 16:12:00,92.80000000000001,92.80000000000001,92.80000000000001,92.80000000000001,133651.89,,80.0,0
2025-11-02 16:15:00,92.85,92.85,92.85,92.85,133651.885,,80.0,0
2025-11-02 16:18:00,92.9,92.9,92.9,92.9,133827.72,,80.0,0
2025-11-02 16:21:00,92.9,92.9,92.9,92.9,133827.72,,80.0,0
2025-11-02 16:24:00,92.85,92.85,92.85,92.35,133007.16999999998,,80.0,0
2025-11-02 16:27:00,92.8,92.8,92.8,92.8,133593.27,,80.0,0
2025-11-02 16:30:00,93.0,93.0,93.0,93.0,133944.94,,80.0,0
2025-11-02 16:33:00,92.9,92.9,92.9,92.9,133827.72,,80.0,0
2025-11-02 16:36:00,92.85,92.85,92.85,92.85,133651.885,,80.0,0
2025-11-02 16:39:00,92.85,92.85,92.85,92.85,133710.495,,80.0,0
2025-11-02 16:42:00,92.75,92.75,92.75,92.75,133534.66499999998,,80.0,0
2025-11-02 16:45:00,92.85,92.85,92.85,92.85,133710.495,,80.0,0
2025-11-02 16:48:00,92.9,92.9,92.9,92.9,133710.5,,80.0,0
2025-11-02 16:51:00,92.69999999999999,92.69999999999999,92.69999999999999,92.69999999999999,133476.055,,80.0,0
2025-11-02 16:54:00,92.8,92.8,92.8,92.8,133593.27,,80.0,0
2025-11-02 16:57:00,92.85,92.85,92.85,92.85,133651.885,,80.0,0
2025-11-02 17:00:00,92.8,92.8,92.8,92.8,133593.27,,80.0,0
2025-11-02 17:03:00,92.9,92.9,92.9,92.9,133827.72,,80.0,0
2025-11-02 17:06:00,92.75,92.75,92.75,92.75,133534.66499999998,,80.0,0
2025-11-02 17:09:00,92.85,92.85,92.85,92.85,133651.885,,80.0,0
2025-11-02 17:12:00,92.9,92.9,92.9,92.9,133827.72,,80.0,0
2025-11-02 17:15:00,92.65,92.65,92.65,92.65,133417.45,,80.0,0
2025-11-02 17:18:00,92.9,92.9,92.9,92.9,133827.72,,80.0,0
2025-11-02 17:21:00,92.8,92.8,92.8,92.8,133593.27,,80.0,0
2025-11-02 17:24:00,92.85,92.85,92.85,92.85,133651.885,,80.0,0
2025-11-02 17:27:00,92.9,92.9,92.9,92.9,133710.5,,80.0,0
2025-11-02 17:30:00,92.9,92.9,92.9,92.9,133710.5,,80.0,0
2025-11-02 17:33:00,92.85,92.85,92.85,92.85,133710.495,,80.0,0
2025-11-02 17:36:00,92.75,92.75,92.75,92.75,133534.66499999998,,80.0,0
2025-11-02 17:39:00,92.8,92.8,92.8,92.8,133593.27,,80.0,0
2025-11-02 17:42:00,92.8,92.8,92.8,92.8,133593.27,,80.0,0
2025-11-02 17:45:00,92.9,92.9,92.9,92.9,133827.72,,80.0,0
2025-11-02 17:48:00,92.9,92.9,92.9,92.9,133827.72,,80.0,0
2025-11-02 17:51:00,92.75,92.75,92.75,92.75,133534.66499999998,,80.0,0
2025-11-02 17:54:00,92.75,92.75,92.75,92.75,133534.66499999998,,80.0,0
2025-11-02 17:57:00,92.9,92.9,92.9,92.9,133710.5,,80.0,0
2025-11-02 18:00:00,92.75,92.75,92.75,92.75,133534.66499999998,,80.0,0
2025-11-02 18:03:00,92.75,92.75,92.75,92.69999999999999,133476.055,,80.0,0
2025-11-02 18:06:00,92.75,92.75,92.75,92.65,133417.45,,80.0,0
2025-11-02 18:09:00,92.75,92.75,92.75,92.75,133534.66499999998,,80.0,0
2025-11-02 18:12:00,92.85,92.85,92.85,92.85,133651.885,,80.0,0
2025-11-02 18:15:00,92.75,92.75,92.75,92.75,133534.66499999998,,80.0,0
2025-11-02 18:18:00,92.75,92.75,92.75,92.75,133534.66999999998,,80.0,0
2025-11-02 18:21:00,92.85,92.85,92.85,92.85,133651.885,,80.0,0
2025-11-02 18:24:00,92.8,92.8,92.8,92.55,133300.22999999998,,80.0,0
2025-11-02 18:27:00,92.9,92.9,92.9,92.9,133769.10499999998,,80.0,0
2025-11-02 18:30:00,92.85,92.85,92.85,92.85,133710.495,,80.0,0
2025-11-02 18:33:00,92.8,92.8,92.8,92.8,133593.27,,80.0,0
2025-11-02 18:36:00,92.9,92.9,92.9,92.9,133769.11,,80.0,0
2025-11-02 18:39:00,92.69999999999999,92.69999999999999,92.69999999999999,92.69999999999999,133476.055,,80.0,0
2025-11-02 18:42:00,92.8,92.8,92.8,92.8,133593.27,,80.0,0
2025-11-02 18:45:00,92.8,92.8,92.8,92.8,133593.27,,80.0,0
2025-11-02 18:48:00,92.8,92.8,92.8,92.55000000000001,133300.235,,80.0,0
2025-11-02 18:51:00,92.85,92.85,92.85,92.85,133651.885,,80.0,0
2025-11-02 18:54:00,92.80000000000001,92.80000000000001,92.80000000000001,92.80000000000001,133593.28,,80.0,0
2025-11-02 18:57:00,92.85,92.85,92.85,92.85,133710.495,,80.0,0
2025-11-02 19:00:00,92.69999999999999,92.69999999999999,92.69999999999999,92.69999999999999,133476.055,,80.0,0
2025-11-02 19:03:00,92.9,92.9,92.9,92.9,133769.11,,80.0,0
2025-11-02 19:06:00,92.6,92.6,92.6,92.6,133358.84,,80.0,0
2025-11-02 19:09:00,92.6,92.6,92.6,92.6,133358.84,,80.0,0
2025-11-02 19:12:00,92.8,92.8,92.8,92.8,133593.27,,80.0,0
2025-11-02 19:15:00,92.55000000000001,92.55000000000001,92.55000000000001,92.55000000000001,133300.235,,80.0,0
2025-11-02 19:18:00,92.4,92.4,92.4,92.4,133124.41,,80.0,0
2025-11-02 19:21:00,92.65,92.65,92.65,92.65,133417.445,,80.0,0
2025-11-02 19:24:00,93.1,93.1,93.1,93.1,134062.16,,80.0,0
2025-11-02 19:27:00,92.8,92.8,92.8,92.8,133593.27,,80.0,0
2025-11-02 19:30:00,92.8,92.8,92.8,92.8,133593.27,,80.0,0
2025-11-02 19:33:00,92.80000000000001,92.80000000000001,92.80000000000001,92.80000000000001,133593.28,,80.0,0
2025-11-02 19:36:00,92.55,92.55,92.55,92.55,133300.22999999998,,80.0,0
2025-11-02 19:39:00,92.6,92.6,92.6,92.6,133358.84,,80.0,0
2025-11-02 19:42:00,92.9,92.9,92.9,92.9,133710.5,,80.0,0
2025-11-02 19:45:00,92.5,92.5,92.5,92.5,133241.625,,80.0,0
2025-11-02 19:48:00,92.25,92.25,92.25,92.25,132831.34,,80.0,0
2025-11-02 19:51:00,92.75,92.75,92.75,92.75,133534.66499999998,,80.0,0
2025-11-02 19:54:00,92.75,92.75,92.75,92.75,133534.66499999998,,80.0,0
2025-11-02 19:57:00,92.75,92.75,92.75,92.75,133534.66499999998,,80.0,0
2025-11-02 20:00:00,92.8,92.8,92.8,92.8,133593.27,,80.0,0
2025-11-02 20:03:00,92.75,92.75,92.75,92.8,133593.27,,80.0,0
2025-11-02 20:06:00,92.75,92.75,92.75,92.65,133417.45,,80.0,0
2025-11-02 20:09:00,92.75,92.75,92.75,92.75,133534.66499999998,,80.0,0
2025-11-02 20:12:00,92.75,92.75,92.75,92.75,133534.66499999998,,80.0,0
2025-11-02 20:15:00,92.85,92.85,92.85,92.85,133651.885,,80.0,0
2025-11-02 20:18:00,92.65,92.65,92.65,92.65,133417.45,,80.0,0
2025-11-02 20:21:00,92.6,92.6,92.6,92.6,133358.84,,80.0,0
2025-11-02 20:24:00,92.45,92.45,92.45,92.45,133183.015,,80.0,0
2025-11-02 20:27:00,92.55000000000001,92.55000000000001,92.55000000000001,92.55000000000001,133300.235,,80.0,0
2025-11-02 20:30:00,92.65,92.65,92.65,92.05,132538.285,,80.0,0
2025-11-02 20:33:00,92.75,92.75,92.75,92.75,133534.66499999998,,80.0,0
2025-11-02 20:36:00,92.65,92.65,92.65,92.65,133417.45,,80.0,0
2025-11-02 20:39:00,92.65,92.65,92.65,92.65,133417.445,,80.0,0
2025-11-02 20:42:00,92.75,92.75,92.75,92.75,133534.66499999998,,80.0,0
2025-11-02 20:45:00,92.85,92.85,92.85,92.85,133710.495,,80.0,0
2025-11-02 20:48:00,92.69999999999999,92.69999999999999,92.69999999999999,92.69999999999999,133476.055,,80.0,0
2025-11-02 20:51:00,92.4,92.4,92.4,92.4,133124.41,,80.0,0
2025-11-02 20:54:00,92.6,92.6,92.6,92.6,133358.84,,80.0,0
2025-11-02 20:57:00,92.69999999999999,92.69999999999999,92.69999999999999,92.69999999999999,133476.055,,80.0,0
2025-11-02 21:00:00,92.3,92.3,92.3,92.3,132889.96,,80.0,0
2025-11-02 21:03:00,92.45,92.45,92.45,92.45,133183.015,,80.0,0
2025-11-02 21:06:00,92.6,92.6,92.6,92.6,133358.84,,80.0,0
2025-11-02 21:09:00,92.75,92.75,92.75,92.75,133534.66499999998,,80.0,0
2025-11-02 21:12:00,92.6,92.6,92.6,92.6,133358.84,,80.0,0
2025-11-02 21:15:00,92.69999999999999,92.69999999999999,92.69999999999999,92.69999999999999,133476.055,,80.0,0
2025-11-02 21:18:00,92.4,92.4,92.4,92.4,133124.41,,80.0,0
2025-11-02 21:21:00,92.4,92.4,92.4,92.4,133065.785,,80.0,0
2025-11-02 21:24:00,92.69999999999999,92.69999999999999,92.69999999999999,92.69999999999999,133476.055,,80.0,0
2025-11-02 21:27:00,92.65,92.65,92.65,92.65,133417.45,,80.0,0
2025-11-02 21:30:00,92.48333333333333,92.48333333333333,91.30000000000001,91.30000000000001,131541.935,,80.0,0
2025-11-02 21:33:00,92.1,92.1,92.1,92.1,132655.515,,80.0,0
2025-11-02 21:36:00,91.4,91.4,91.4,91.4,131659.14500000002,,80.0,0
2025-11-02 21:39:00,92.45,92.45,92.45,92.45,133124.405,,80.0,0
2025-11-02 21:42:00,91.80000000000001,91.80000000000001,90.55000000000001,90.55000000000001,130369.735,,80.0,0
2025-11-02 21:45:00,91.1,91.1,91.1,91.1,131131.66499999998,,80.0,0
2025-11-02 21:48:00,91.55,91.55,91.55,91.55,131834.97499999998,,80.0,0
2025-11-02 21:51:00,92.45,92.45,92.45,90.5,130369.725,,80.0,0
2025-11-02 21:54:00,92.85,92.85,92.85,92.85,133710.495,,80.0,0
2025-11-02 21:57:00,92.65,92.65,92.65,92.65,133417.45,,80.0,0
2025-11-02 22:00:00,92.6,92.6,92.6,92.6,133358.84,,80.0,0
2025-11-02 22:03:00,92.5,92.5,92.5,92.5,133241.62,,80.0,0
2025-11-02 22:06:00,92.55000000000001,92.55000000000001,92.55000000000001,92.55000000000001,133300.235,,80.0,0
2025-11-02 22:09:00,92.5,92.5,92.5,92.5,133183.0,,80.0,0
2025-11-02 22:12:00,92.44999999999999,92.44999999999999,92.44999999999999,92.44999999999999,133124.39500000002,,80.0,0
2025-11-02 22:15:00,92.5,92.5,92.5,91.55000000000001,131776.375,,80.0,0
2025-11-02 22:18:00,92.5,92.5,92.5,91.25,131366.09,,80.0,0
2025-11-02 22:21:00,92.55000000000001,92.55000000000001,92.55000000000001,92.55000000000001,133300.235,,80.0,0
2025-11-02 22:24:00,92.8,92.8,92.8,92.8,133593.27,,80.0,0
2025-11-02 22:27:00,92.65,92.65,92.65,92.65,133417.445,,80.0,0
2025-11-02 22:30:00,92.30000000000001,92.30000000000001,92.30000000000001,92.30000000000001,132889.96,,80.0,0
2025-11-02 22:33:00,91.5,91.5,91.5,91.5,131776.36,,80.0,0
2025-11-02 22:36:00,92.4,92.4,92.4,91.25,131424.705,,80.0,0
2025-11-02 22:39:00,92.69999999999999,92.69999999999999,92.69999999999999,92.69999999999999,133476.055,,80.0,0
2025-11-02 22:42:00,92.4,92.4,92.4,92.4,133124.41,,80.0,0
2025-11-02 22:45:00,92.1,92.1,92.1,92.1,132596.905,,80.0,0
2025-11-02 22:48:00,92.15,92.15,92.15,92.15,132714.12,,80.0,0
2025-11-02 22:51:00,92.5,92.5,92.5,92.5,133183.015,,80.0,0
2025-11-02 22:54:00,92.05,92.05,92.05,92.05,132538.285,,80.0,0
2025-11-02 22:57:00,92.85,92.85,92.85,92.85,133651.885,,80.0,0
2025-11-02 23:00:00,92.6,92.6,91.55,91.55,131834.975,,80.0,0
2025-11-02 23:03:00,92.6,92.6,92.6,92.6,133358.84,,80.0,0
2025-11-02 23:06:00,92.9,92.9,92.9,92.9,133769.11,,80.0,0
2025-11-02 23:09:00,92.45,92.45,91.05,91.05,131131.65,,80.0,0
2025-11-02 23:12:00,91.85,91.85,91.85,91.85,132245.245,,80.0,0
2025-11-02 23:15:00,91.3,91.3,91.3,91.3,131541.925,,80.0,0
2025-11-02 23:18:00,91.25,91.25,91.25,91.25,131366.09,,80.0,0
2025-11-02 23:21:00,92.15,92.15,92.15,92.15,132714.135,,80.0,0
2025-11-02 23:24:00,91.1,91.1,91.1,91.1,131190.265,,80.0,0
2025-11-02 23:27:00,91.5,91.5,91.5,91.5,131717.755,,80.0,0
2025-11-02 23:30:00,91.95,91.95,91.95,91.95,132362.46999999997,,80.0,0
2025-11-02 23:33:00,91.3,91.3,91.3,91.3,131483.31,,80.0,0
2025-11-02 23:36:00,90.5,90.5,90.5,90.5,130311.125,,80.0,0
2025-11-02 23:39:00,91.14999999999999,91.14999999999999,91.95,91.95,132421.07,,80.0,0
2025-11-02 23:42:00,91.1,91.1,91.1,91.1,131190.265,,80.0,0
2025-11-02 23:45:00,91.69999999999999,91.69999999999999,91.69999999999999,91.69999999999999,132069.405,,80.0,0
2025-11-02 23:48:00,91.19999999999999,91.19999999999999,91.19999999999999,91.19999999999999,131366.10499999998,,80.0,0
2025-11-02 23:51:00,92.25,92.25,92.25,92.25,132831.34,,80.0,0
2025-11-02 23:54:00,92.3,92.3,92.3,92.3,132889.96,,80.0,0
2025-11-02 23:57:00,91.44999999999999,91.44999999999999,91.44999999999999,91.44999999999999,131717.76,,80.0,0
2025-11-03 00:00:00,92.25,92.25,92.25,92.25,132889.965,,80.0,0
2025-11-03 00:03:00,92.3,92.3,92.3,92.3,132948.57,,80.0,0
2025-11-03 00:06:00,91.75,91.75,91.75,91.75,132069.425,,80.0,0
2025-11-03 00:09:00,92.15,92.15,92.15,92.15,132714.135,,80.0,0
2025-11-03 00:12:00,91.94999999999999,91.94999999999999,91.94999999999999,91.94999999999999,132421.085,,80.0,0
2025-11-03 00:15:00,91.05,91.05,91.05,91.05,131131.645,,80.0,0
2025-11-03 00:18:00,91.625,91.625,92.45,92.45,133124.405,,80.0,0
2025-11-03 00:21:00,91.75,91.75,91.75,90.4,130193.89,,80.0,0
2025-11-03 00:24:00,91.75,91.75,91.75,89.65,129138.92,,80.0,0
2025-11-03 00:27:00,92.05000000000001,92.05000000000001,92.05000000000001,92.05000000000001,132596.91,,80.0,0
2025-11-03 00:30:00,91.5,91.5,91.5,91.5,131776.35499999998,,80.0,0
2025-11-03 00:33:00,91.95,91.95,91.95,91.95,132362.46999999997,,80.0,0
2025-11-03 00:36:00,91.75,91.75,91.75,91.75,132069.425,,80.0,0
2025-11-03 00:39:00,91.25,91.25,91.25,91.25,131424.71,,80.0,0
2025-11-03 00:42:00,91.625,91.625,92.45,92.45,133183.015,,80.0,0
2025-11-03 00:45:00,92.2,92.2,92.2,92.2,132714.135,,80.0,0
2025-11-03 00:48:00,91.3,91.3,91.3,91.3,131424.71,,80.0,0
2025-11-03 00:51:00,91.44999999999999,91.44999999999999,91.44999999999999,91.44999999999999,131659.14500000002,,80.0,0
2025-11-03 00:54:00,92.35,92.35,92.35,92.35,133007.18,,80.0,0
2025-11-03 00:57:00,92.0,92.0,92.0,92.0,132479.675,,80.0,0
2025-11-03 01:00:00,91.8,91.8,91.8,91.8,132186.64,,80.0,0
2025-11-03 01:03:00,92.5,92.5,92.5,92.5,133241.62,,80.0,0
2025-11-03 01:06:00,92.35,92.35,92.35,92.35,132948.57,,80.0,0
2025-11-03 01:09:00,92.4,92.4,92.4,92.4,133065.8,,80.0,0
2025-11-03 01:12:00,92.15,92.15,92.15,92.15,132655.525,,80.0,0
2025-11-03 01:15:00,92.3375,92.3375,90.9,90.9,130897.22,,80.0,0
2025-11-03 01:18:00,92.4,92.4,92.4,92.4,133065.8,,80.0,0
2025-11-03 01:21:00,92.4,92.4,92.4,92.4,133124.41,,80.0,0
2025-11-03 01:24:00,92.18333333333334,92.18333333333334,91.15,91.15,131307.49,,80.0,0
2025-11-03 01:27:00,91.75,91.75,91.75,91.75,132186.64500000002,,80.0,0
2025-11-03 01:30:00,90.9,90.9,90.9,90.9,130897.22,,80.0,0
2025-11-03 01:33:00,91.8,91.8,91.8,91.8,132186.62,,80.0,0
2025-11-03 01:36:00,91.3,91.3,91.3,91.3,131483.31,,80.0,0
2025-11-03 01:39:00,92.0,92.0,92.0,92.0,132421.08,,80.0,0
2025-11-03 01:42:00,91.8,91.8,90.5,90.5,130311.11,,80.0,0
2025-11-03 01:45:00,91.69999999999999,91.69999999999999,91.69999999999999,91.69999999999999,132069.405,,80.0,0
2025-11-03 01:48:00,92.2,92.2,92.2,92.2,132772.745,,80.0,0
2025-11-03 01:51:00,91.7,91.7,91.7,91.7,132010.805,,80.0,0
2025-11-03 01:54:00,91.0,91.0,91.0,91.0,131073.05,,80.0,0
2025-11-03 01:57:00,91.8,91.8,91.8,91.8,132186.62,,80.0,0
2025-11-03 02:00:00,91.3,91.3,91.3,91.3,131483.31,,80.0,0
2025-11-03 02:03:00,92.05,92.05,92.05,92.05,132538.285,,80.0,0
2025-11-03 02:06:00,90.9,90.9,90.9,90.9,130897.22,,80.0,0
2025-11-03 02:09:00,91.1,91.1,91.1,91.1,131190.265,,80.0,0
2025-11-03 02:12:00,92.25,92.25,92.25,92.25,132889.965,,80.0,0
2025-11-03 02:15:00,91.83333333333333,91.83333333333333,90.85,90.85,130838.60500000001,,80.0,0
2025-11-03 02:18:00,92.15,92.15,92.15,92.15,132655.515,,80.0,0
2025-11-03 02:21:00,91.05,91.05,91.05,91.05,131131.65,,80.0,0
2025-11-03 02:24:00,91.77499999999999,91.77499999999999,92.3,92.3,132889.96,,80.0,0
2025-11-03 02:27:00,91.94999999999999,91.94999999999999,91.94999999999999,91.94999999999999,132421.07,,80.0,0
2025-11-03 02:30:00,91.94999999999999,91.94999999999999,91.94999999999999,91.94999999999999,132421.07,,80.0,0
2025-11-03 02:33:00,91.94999999999999,91.94999999999999,91.94999999999999,91.15,131248.865,,80.0,0
2025-11-03 02:36:00,91.94999999999999,91.94999999999999,91.94999999999999,90.75,130721.39499999999,,80.0,0
2025-11-03 02:39:00,91.94999999999999,91.94999999999999,91.94999999999999,91.94999999999999,132421.07,,80.0,0
2025-11-03 02:42:00,92.05000000000001,92.05000000000001,92.05000000000001,92.05000000000001,132596.91,,80.0,0
2025-11-03 02:45:00,92.0875,92.0875,90.75,90.75,130721.38,,80.0,0
2025-11-03 02:48:00,92.05,92.05,92.05,92.05,132596.905,,80.0,0
2025-11-03 02:51:00,92.30000000000001,92.30000000000001,92.30000000000001,92.30000000000001,132889.96000000002,,80.0,0
2025-11-03 02:54:00,91.6,91.6,91.6,91.6,131952.19,,80.0,0
2025-11-03 02:57:00,92.4,92.4,92.4,92.4,133124.41,,80.0,0
2025-11-03 03:00:00,92.05000000000001,92.05000000000001,92.05000000000001,92.05000000000001,132596.91,,80.0,0
2025-11-03 03:03:00,91.35,91.35,91.35,91.35,131541.93,,80.0,0
2025-11-03 03:06:00,91.95,91.95,91.95,91.95,132479.69,,80.0,0
2025-11-03 03:09:00,92.35,92.35,92.35,92.35,133007.18,,80.0,0
2025-11-03 03:12:00,92.3,92.3,92.3,92.3,132889.95,,80.0,0
2025-11-03 03:15:00,92.15,92.15,92.15,92.15,132714.125,,80.0,0
2025-11-03 03:18:00,92.13333333333333,92.13333333333333,90.4,90.4,130135.29000000001,,80.0,0
2025-11-03 03:21:00,91.94999999999999,91.94999999999999,91.94999999999999,91.94999999999999,132421.07,,80.0,0
2025-11-03 03:24:00,91.77083333333333,91.77083333333333,90.65,90.65,130545.56,,80.0,0
2025-11-03 03:27:00,91.05000000000001,91.05000000000001,91.05000000000001,91.05000000000001,131073.05,,80.0,0
2025-11-03 03:30:00,91.95,91.95,91.95,91.95,132362.46999999997,,80.0,0
2025-11-03 03:33:00,91.35,91.35,91.35,91.35,131541.93,,80.0,0
2025-11-03 03:36:00,90.69999999999999,90.69999999999999,90.69999999999999,90.69999999999999,130662.77,,80.0,0
2025-11-03 03:39:00,91.3,91.3,91.3,91.3,131483.33,,80.0,0
2025-11-03 03:42:00,90.76249999999999,90.76249999999999,90.1,90.1,129783.625,,80.0,0
2025-11-03 03:45:00,90.9,90.9,90.9,90.9,130955.82,,80.0,0
2025-11-03 03:48:00,90.15,90.15,90.15,90.15,129842.23,,80.0,0
2025-11-03 03:51:00,90.525,90.525,92.0,92.0,132421.08,,80.0,0
2025-11-03 03:54:00,91.65,91.65,91.65,91.65,132010.8,,80.0,0
2025-11-03 03:57:00,92.0,92.0,92.0,92.0,132479.675,,80.0,0
2025-11-03 04:00:00,91.69999999999999,91.69999999999999,90.55,90.55,130428.33499999999,,80.0,0
2025-11-03 04:03:00,91.55,91.55,91.55,91.55,131834.97999999998,,80.0,0
2025-11-03 04:06:00,91.6,91.6,91.6,91.6,131893.575,,80.0,0
2025-11-03 04:09:00,91.45,91.45,91.45,91.45,131717.75,,80.0,0
2025-11-03 04:12:00,91.55,91.55,89.8,89.8,129373.35,,80.0,0
2025-11-03 04:15:00,91.6,91.6,91.6,91.6,131893.59,,80.0,0
2025-11-03 04:18:00,91.5,91.5,90.05000000000001,90.05000000000001,129666.405,,80.0,0
2025-11-03 04:21:00,91.35,91.35,91.35,91.35,131541.93,,80.0,0
2025-11-03 04:24:00,91.46666666666665,91.46666666666665,90.05000000000001,90.05000000000001,129607.795,,80.0,0
2025-11-03 04:27:00,91.50416666666666,91.50416666666666,90.1,90.1,129725.015,,80.0,0
2025-11-03 04:30:00,91.55,91.55,91.55,91.55,131834.97999999998,,80.0,0
2025-11-03 04:33:00,91.65,91.65,91.65,91.65,131952.195,,80.0,0
2025-11-03 04:36:00,90.5,90.5,90.5,90.5,130369.72,,80.0,0
2025-11-03 04:39:00,91.1,91.1,91.1,91.1,131190.265,,80.0,0
2025-11-03 04:42:00,91.44999999999999,91.44999999999999,91.44999999999999,91.44999999999999,131717.76,,80.0,0
2025-11-03 04:45:00,91.01249999999999,91.01249999999999,90.0,90.0,129607.79500000001,,80.0,0
2025-11-03 04:48:00,91.1,91.1,91.1,91.1,131190.265,,80.0,0
2025-11-03 04:51:00,90.4,90.4,90.4,90.4,130135.29000000001,,80.0,0
2025-11-03 04:54:00,91.35,91.35,91.35,91.35,131600.535,,80.0,0
2025-11-03 04:57:00,91.44999999999999,91.44999999999999,91.44999999999999,91.44999999999999,131717.76,,80.0,0
2025-11-03 05:00:00,91.55,91.55,91.55,91.55,131834.97999999998,,80.0,0
2025-11-03 05:03:00,91.5,91.5,90.25,90.25,129959.455,,80.0,0
2025-11-03 05:06:00,91.125,91.125,90.1,90.1,129725.01000000001,,80.0,0
2025-11-03 05:09:00,90.30000000000001,90.30000000000001,90.30000000000001,90.30000000000001,130018.06,,80.0,0
2025-11-03 05:12:00,91.15,91.15,91.15,91.15,131248.875,,80.0,0
2025-11-03 05:15:00,90.0,90.0,90.0,90.0,129549.185,,80.0,0
2025-11-03 05:18:00,90.95,90.95,90.95,90.95,130955.825,,80.0,0
2025-11-03 05:21:00,90.6,90.6,90.6,90.6,130428.33499999999,,80.0,0
2025-11-03 05:24:00,90.3,90.3,90.3,90.3,130076.67,,80.0,0
2025-11-03 05:27:00,89.85,89.85,89.85,89.85,129431.95999999999,,80.0,0
2025-11-03 05:30:00,90.35,90.35,90.35,90.35,130135.29000000001,,80.0,0
2025-11-03 05:33:00,91.05,91.05,91.05,91.05,131073.055,,80.0,0
2025-11-03 05:36:00,90.6,90.6,90.6,90.6,130428.33499999999,,80.0,0
2025-11-03 05:39:00,90.6625,90.6625,89.1,89.1,128318.39,,80.0,0
2025-11-03 05:42:00,90.85,90.85,90.85,90.85,130838.61,,80.0,0
2025-11-03 05:45:00,90.15,90.15,90.15,90.15,129842.23000000001,,80.0,0
2025-11-03 05:48:00,90.3,90.3,90.3,90.3,130076.67,,80.0,0
2025-11-03 05:51:00,91.25,91.25,91.25,91.25,131424.71,,80.0,0
2025-11-03 05:54:00,90.7125,90.7125,89.1,89.1,128318.39,,80.0,0
2025-11-03 05:57:00,90.75,90.75,90.75,90.75,130721.38,,80.0,0
2025-11-03 06:00:00,90.55000000000001,90.55000000000001,90.55000000000001,90.55000000000001,130369.735,,80.0,0
2025-11-03 06:03:00,90.0,90.0,90.0,90.0,129607.79,,80.0,0
2025-11-03 06:06:00,89.15,89.15,89.15,89.15,128376.98999999999,,80.0,0
2025-11-03 06:09:00,89.63333333333333,89.63333333333333,90.55000000000001,90.55000000000001,130369.735,,80.0,0
2025-11-03 06:12:00,89.75,89.75,89.75,89.75,129256.13500000001,,80.0,0
2025-11-03 06:15:00,90.75,90.75,90.75,90.75,130662.785,,80.0,0
2025-11-03 06:18:00,90.225,90.225,89.4,89.4,128670.03,,80.0,0
2025-11-03 06:21:00,90.44999999999999,90.44999999999999,90.44999999999999,90.44999999999999,130252.505,,80.0,0
2025-11-03 06:24:00,89.94999999999999,89.94999999999999,89.94999999999999,89.94999999999999,129549.185,,80.0,0
2025-11-03 06:27:00,89.95,89.95,89.95,89.95,129490.57500000001,,80.0,0
2025-11-03 06:30:00,89.5,89.5,89.5,89.5,128904.48,,80.0,0
2025-11-03 06:33:00,90.35,90.35,90.35,90.35,130076.675,,80.0,0
2025-11-03 06:36:00,90.2,90.2,90.2,90.2,129900.85,,80.0,0
2025-11-03 06:39:00,89.8,89.8,89.8,89.8,129314.74,,80.0,0
2025-11-03 06:42:00,89.9,89.9,89.9,89.9,129431.97,,80.0,0
2025-11-03 06:45:00,89.2,89.2,89.2,89.2,128435.6,,80.0,0
2025-11-03 06:48:00,89.76666666666667,89.76666666666667,90.65,90.65,130545.56,,80.0,0
2025-11-03 06:51:00,89.81666666666666,89.81666666666666,91.3,91.3,131483.33,,80.0,0
2025-11-03 06:54:00,90.2,90.2,90.2,90.2,129959.46,,80.0,0
2025-11-03 06:57:00,90.1,90.1,90.1,90.1,129783.63,,80.0,0
2025-11-03 07:00:00,90.85,90.85,90.85,90.85,130838.6,,80.0,0
2025-11-03 07:03:00,90.9,90.9,90.9,90.9,130897.22,,80.0,0
2025-11-03 07:06:00,90.7,90.7,90.7,90.7,130545.56,,80.0,0
2025-11-03 07:09:00,90.9,90.9,90.9,90.9,130955.83,,80.0,0
2025-11-03 07:12:00,90.5,90.5,90.5,90.5,130311.11499999999,,80.0,0
2025-11-03 07:15:00,90.8,90.8,90.8,90.8,130779.995,,80.0,0
2025-11-03 07:18:00,90.75,90.75,90.75,90.75,130721.38,,80.0,0
2025-11-03 07:21:00,90.8,90.8,90.8,91.25,131424.71,,80.0,0
2025-11-03 07:24:00,90.45,90.45,90.45,90.45,130252.51000000001,,80.0,0
2025-11-03 07:27:00,90.7,90.7,90.7,90.7,130604.17,,80.0,0
2025-11-03 07:30:00,90.85,90.85,90.85,90.85,130838.6,,80.0,0
2025-11-03 07:33:00,90.9,90.9,90.9,90.9,130955.83,,80.0,0
2025-11-03 07:36:00,90.9,90.9,90.9,90.9,130955.83,,80.0,0
2025-11-03 07:39:00,90.6,90.6,90.6,90.6,130428.33499999999,,80.0,0
2025-11-03 07:42:00,90.69999999999999,90.69999999999999,90.69999999999999,90.69999999999999,130662.775,,80.0,0
2025-11-03 07:45:00,90.6,90.6,90.6,90.6,130428.33499999999,,80.0,0
2025-11-03 07:48:00,90.65,90.65,90.65,91.3,131483.33,,80.0,0
2025-11-03 07:51:00,90.9,90.9,90.9,90.9,130897.22,,80.0,0
2025-11-03 07:54:00,90.5,90.5,90.5,90.5,130311.11499999999,,80.0,0
2025-11-03 07:57:00,90.65,90.65,90.65,90.65,130486.95,,80.0,0
2025-11-03 08:00:00,90.4,90.4,90.4,90.4,130193.89,,80.0,0
2025-11-03 08:03:00,90.55,90.55,90.55,90.55,130369.725,,80.0,0
2025-11-03 08:06:00,90.6,90.6,90.6,90.6,130428.34,,80.0,0
2025-11-03 08:09:00,90.5,90.5,90.5,90.5,130311.11,,80.0,0
2025-11-03 08:12:00,90.55,90.55,90.55,91.1,131248.88,,80.0,0
2025-11-03 08:15:00,90.5,90.5,90.5,90.5,130311.11,,80.0,0
2025-11-03 08:18:00,90.5,90.5,90.5,90.5,130311.11,,80.0,0
2025-11-03 08:21:00,90.3,90.3,90.3,90.3,130018.065,,80.0,0
2025-11-03 08:24:00,90.6,90.6,90.6,90.6,130428.33499999999,,80.0,0
2025-11-03 08:27:00,90.6,90.6,90.6,91.1,131248.88,,80.0,0
2025-11-03 08:30:00,90.6,90.6,90.6,90.6,130486.945,,80.0,0
2025-11-03 08:33:00,90.6,90.6,90.6,91.15,131307.485,,80.0,0
2025-11-03 08:36:00,90.7,90.7,90.7,90.7,130545.56,,80.0,0
2025-11-03 08:39:00,90.5,90.5,90.5,90.5,130311.11,,80.0,0
2025-11-03 08:42:00,90.35,90.35,90.35,90.35,130076.675,,80.0,0
2025-11-03 08:45:00,90.4,90.4,90.4,90.4,130193.89,,80.0,0
2025-11-03 08:48:00,90.65,90.65,90.65,90.65,130486.95,,80.0,0
2025-11-03 08:51:00,90.5,90.5,90.5,90.5,130311.11,,80.0,0
2025-11-03 08:54:00,90.7,90.7,90.7,90.7,130545.56,,80.0,0
2025-11-03 08:57:00,90.3,90.3,90.3,90.3,130076.67,,80.0,0
2025-11-03 09:00:00,90.25,90.25,90.25,90.25,129959.455,,80.0,0
2025-11-03 09:03:00,90.7,90.7,90.7,90.7,130545.56,,80.0,0
2025-11-03 09:06:00,90.6,90.6,90.6,90.6,130428.33499999999,,80.0,0
2025-11-03 09:09:00,90.9,90.9,90.9,90.9,130897.215,,80.0,0
2025-11-03 09:12:00,90.65,90.65,90.65,91.1,131248.88,,80.0,0
2025-11-03 09:15:00,90.7,90.7,90.7,90.7,130545.56,,80.0,0
2025-11-03 09:18:00,90.65,90.65,90.65,90.65,130486.95,,80.0,0
2025-11-03 09:21:00,90.6,90.6,90.6,90.35,130076.675,,80.0,0
2025-11-03 09:24:00,90.7,90.7,90.7,90.7,130545.56,,80.0,0
2025-11-03 09:27:00,90.5,90.5,90.5,90.5,130311.11,,80.0,0
2025-11-03 09:30:00,90.45,90.45,90.45,90.45,130252.51000000001,,80.0,0
2025-11-03 09:33:00,90.5,90.5,90.5,90.5,130311.11,,80.0,0
2025-11-03 09:36:00,90.3,90.3,90.3,90.3,130076.67,,80.0,0
2025-11-03 09:39:00,90.7,90.7,90.7,90.7,130545.56,,80.0,0
2025-11-03 09:42:00,90.5,90.5,90.5,90.5,130311.11,,80.0,0
2025-11-03 09:45:00,90.5,90.5,90.5,90.5,130311.11,,80.0,0
2025-11-03 09:48:00,90.55,90.55,90.55,90.5,130311.11,,80.0,0
2025-11-03 09:51:00,90.55,90.55,90.55,90.55,130369.725,,80.0,0
2025-11-03 09:54:00,90.6,90.6,90.6,91.1,131248.88,,80.0,0
2025-11-03 09:57:00,90.55,90.55,90.55,90.7,130545.56,,80.0,0
2025-11-03 10:00:00,90.6,90.6,90.6,90.6,130428.34,,80.0,1
2025-11-03 10:03:00,90.6,90.6,90.6,90.6,130428.34,,80.0,1
2025-11-03 10:06:00,90.5,90.5,90.5,90.5,130311.125,,80.0,1
2025-11-03 10:09:00,90.7,90.7,90.7,90.7,130545.56,,80.0,1
2025-11-03 10:12:00,90.7,90.7,90.7,90.55,130369.725,,80.0,1
2025-11-03 10:15:00,90.7,90.7,90.7,91.3,131483.33,,80.0,1
2025-11-03 10:18:00,91.3,91.3,91.3,91.3,131483.33,,80.0,1
2025-11-03 10:21:00,91.3,91.3,91.3,90.4,130193.91,,80.0,1
2025-11-03 10:24:00,91.4,91.4,91.4,91.4,131600.55,,80.0,1
2025-11-03 10:27:00,91.5,91.5,91.5,91.5,131717.77,,80.0,1
2025-11-03 10:30:00,91.5,91.5,91.5,91.5,131776.37,,80.0,1
2025-11-03 10:33:00,91.6,91.6,91.6,91.6,131952.19,,80.0,1
2025-11-03 10:36:00,91.5,91.5,91.5,91.5,131776.37,,80.0,1
2025-11-03 10:39:00,92.0,92.0,92.0,92.0,132421.08,,80.0,1
2025-11-03 10:42:00,91.8,91.8,91.8,91.8,132186.62,,80.0,1
2025-11-03 10:45:00,92.05,92.05,92.05,92.05,132538.285,,80.0,1
2025-11-03 10:48:00,91.95,91.95,91.95,91.95,132362.46999999997,,80.0,1
2025-11-03 10:51:00,92.1,92.1,92.1,92.1,132596.905,,80.0,1
2025-11-03 10:54:00,92.1,92.1,92.1,92.1,132596.905,,80.0,1
2025-11-03 10:57:00,92.15,92.15,92.15,92.15,132714.125,,80.0,1
2025-11-03 11:00:00,92.0,92.0,92.0,92.0,132421.08,,80.0,1
2025-11-03 11:03:00,92.35,92.35,92.35,92.35,133007.18,,80.0,1
2025-11-03 11:06:00,92.4,92.4,92.4,92.4,133124.41,,80.0,1
2025-11-03 11:09:00,92.5,92.5,92.5,92.5,133241.625,,80.0,1
2025-11-03 11:12:00,92.35,92.35,92.35,92.35,132948.57,,80.0,1
2025-11-03 11:15:00,92.75,92.75,92.75,92.75,133534.66499999998,,80.0,1
2025-11-03 11:18:00,92.8,92.8,92.8,92.8,133593.27,,80.0,1
2025-11-03 11:21:00,92.8,92.8,92.8,92.8,133593.27,,80.0,1
2025-11-03 11:24:00,92.85,92.85,92.85,92.85,133710.495,,80.0,1
2025-11-03 11:27:00,92.8,92.8,92.8,92.55,133300.22999999998,,80.0,1
2025-11-03 11:30:00,92.8,92.8,92.8,92.8,133593.27,,80.0,1
2025-11-03 11:33:00,92.8,92.8,92.8,92.8,133593.27,,80.0,1
2025-11-03 11:36:00,92.9,92.9,92.9,92.9,133769.11,,80.0,1
2025-11-03 11:39:00,93.1,93.1,93.1,93.1,134062.16,,80.0,1
2025-11-03 11:42:00,92.8,92.8,92.8,92.8,133593.27,,80.0,1
2025-11-03 11:45:00,93.1,93.1,93.1,93.1,134062.16,,80.0,1
2025-11-03 11:48:00,93.1,93.1,93.1,93.1,134062.16,,80.0,1
2025-11-03 11:51:00,93.1,93.1,93.1,93.55,134706.86,,80.0,1
2025-11-03 11:54:00,93.0,93.0,93.0,93.0,133944.94,,80.0,1
2025-11-03 11:57:00,93.1,93.1,93.1,92.25,132831.34,,80.0,1
2025-11-03 12:00:00,93.1,93.1,93.1,93.1,134120.76,,80.0,1
2025-11-03 12:03:00,93.35,93.35,93.35,92.75,133534.66999999998,,80.0,1
2025-11-03 12:06:00,93.35,93.35,93.35,93.35,134413.815,,80.0,1
2025-11-03 12:09:00,93.4,93.4,93.4,93.4,134472.41999999998,,80.0,1
2025-11-03 12:12:00,93.4,93.4,93.4,93.7,134941.305,,80.0,1
2025-11-03 12:15:00,93.45,93.45,93.45,93.45,134531.03,,80.0,1
2025-11-03 12:18:00,93.6,93.6,93.6,93.6,134765.47,,80.0,1
2025-11-03 12:21:00,93.5,93.5,93.5,93.5,134648.25,,80.0,1
2025-11-03 12:24:00,93.6,93.6,93.6,93.19999999999999,134179.375,,80.0,1
2025-11-03 12:27:00,93.7,93.7,93.7,93.7,134882.7,,80.0,1
2025-11-03 12:30:00,93.7,93.7,93.7,93.7,134999.91,,80.0,1
2025-11-03 12:33:00,93.7,93.7,93.7,93.7,134882.7,,80.0,1
2025-11-03 12:36:00,93.7,93.7,93.7,93.35,134413.815,,80.0,1
2025-11-03 12:39:00,93.7,93.7,93.7,93.7,134941.305,,80.0,1
2025-11-03 12:42:00,93.80000000000001,93.80000000000001,93.80000000000001,93.85,135175.75,,80.0,1
2025-11-03 12:45:00,93.85,93.85,93.85,93.80000000000001,135117.135,,80.0,1
2025-11-03 12:48:00,93.9,93.9,93.9,93.9,135234.36,,80.0,1
2025-11-03 12:51:00,94.0,94.0,94.0,94.0,135351.58,,80.0,1
2025-11-03 12:54:00,94.1,94.1,94.1,94.1,135468.8,,80.0,1
2025-11-03 12:57:00,94.1,94.1,94.1,94.4,135937.69,,80.0,1
2025-11-03 13:00:00,94.25,94.25,94.25,94.25,135703.245,,80.0,0
2025-11-03 13:03:00,94.15,94.15,94.15,94.15,135586.025,,80.0,0
2025-11-03 13:06:00,94.1,94.1,94.1,94.1,135468.8,,80.0,0
2025-11-03 13:09:00,94.2,94.2,94.2,94.2,135644.635,,80.0,0
2025-11-03 13:12:00,94.2,94.2,94.2,94.2,135703.25,,80.0,0
2025-11-03 13:15:00,94.1,94.1,94.1,94.1,135468.8,,80.0,0
2025-11-03 13:18:00,94.05,94.05,94.05,94.05,135410.19,,80.0,0
2025-11-03 13:21:00,94.2,94.2,94.2,94.2,135586.02,,80.0,0
2025-11-03 13:24:00,94.2,94.2,94.2,94.2,135703.25,,80.0,0
2025-11-03 13:27:00,94.15,94.15,94.15,94.15,135586.025,,80.0,0
2025-11-03 13:30:00,94.0,94.0,94.0,94.0,135351.58,,80.0,0
2025-11-03 13:33:00,93.75,93.75,93.75,93.75,135058.52500000002,,80.0,0
2025-11-03 13:36:00,94.2,94.2,94.2,94.2,135586.02,,80.0,0
2025-11-03 13:39:00,94.1,94.1,94.1,94.1,135468.8,,80.0,0
2025-11-03 13:42:00,93.35,93.35,93.35,93.35,134472.435,,80.0,0
2025-11-03 13:45:00,93.69999999999999,93.69999999999999,93.69999999999999,93.69999999999999,134941.305,,80.0,0
2025-11-03 13:48:00,93.95,93.95,93.95,93.95,135292.96999999997,,80.0,0
2025-11-03 13:51:00,93.95,93.95,93.95,92.7,133476.06,,80.0,0
2025-11-03 13:54:00,94.1,94.1,94.1,94.1,135468.8,,80.0,0
2025-11-03 13:57:00,93.95,93.95,93.95,93.95,135351.58000000002,,80.0,0
2025-11-03 14:00:00,94.1,94.1,94.1,92.9,133710.5,,80.0,0
2025-11-03 14:03:00,94.1,94.1,94.1,94.1,135468.8,,80.0,0
2025-11-03 14:06:00,94.2,94.2,94.2,94.2,135586.02,,80.0,0
2025-11-03 14:09:00,94.2,94.2,94.2,94.2,135703.25,,80.0,0
2025-11-03 14:12:00,94.1,94.1,94.1,94.1,135468.8,,80.0,0
2025-11-03 14:15:00,94.2,94.2,94.2,94.2,135703.25,,80.0,0
2025-11-03 14:18:00,94.1,94.1,94.1,94.1,135468.8,,80.0,0
2025-11-03 14:21:00,94.1,94.1,94.1,94.1,135468.8,,80.0,0
2025-11-03 14:24:00,93.95,93.95,93.95,93.95,135292.96999999997,,80.0,0
2025-11-03 14:27:00,94.19999999999999,94.19999999999999,94.19999999999999,94.19999999999999,135644.635,,80.0,0
2025-11-03 14:30:00,94.2,94.2,94.2,94.2,135644.635,,80.0,0
2025-11-03 14:33:00,94.2,94.2,94.2,94.2,135644.635,,80.0,0
2025-11-03 14:36:00,93.95,93.95,93.95,93.95,135351.58000000002,,80.0,0
2025-11-03 14:39:00,94.05,94.05,94.05,94.05,135410.19,,80.0,0
2025-11-03 14:42:00,94.2,94.2,94.2,94.2,135703.25,,80.0,0
2025-11-03 14:45:00,94.1,94.1,94.1,94.1,135468.8,,80.0,0
2025-11-03 14:48:00,94.15,94.15,94.15,94.15,135527.40999999997,,80.0,0
2025-11-03 14:51:00,93.85,93.85,93.85,93.85,135117.135,,80.0,0
2025-11-03 14:54:00,93.65,93.65,93.65,93.65,134824.08500000002,,80.0,0
2025-11-03 14:57:00,93.35,93.35,93.35,93.35,134413.82,,80.0,0
2025-11-03 15:00:00,93.65,93.65,93.65,92.45,133183.01,,80.0,0
2025-11-03 15:03:00,93.0,93.0,93.0,93.0,133886.33000000002,,80.0,0
2025-11-03 15:06:00,93.65,93.65,93.65,93.65,134824.08500000002,,80.0,0
2025-11-03 15:09:00,93.5,93.5,93.5,93.5,134648.26,,80.0,0
2025-11-03 15:12:00,93.9,93.9,93.9,93.9,135175.745,,80.0,0
2025-11-03 15:15:00,93.95,93.95,93.95,94.2,135586.02,,80.0,0
2025-11-03 15:18:00,93.95,93.95,93.95,93.95,135292.96999999997,,80.0,0
2025-11-03 15:21:00,94.0,94.0,94.0,94.0,135351.58,,80.0,0
2025-11-03 15:24:00,94.1,94.1,94.1,94.1,135468.8,,80.0,0
2025-11-03 15:27:00,94.0,94.0,94.0,94.0,135351.58,,80.0,0
2025-11-03 15:30:00,94.1,94.1,94.1,94.1,135468.8,,80.0,0
2025-11-03 15:33:00,94.15,94.15,94.15,94.15,135586.025,,80.0,0
2025-11-03 15:36:00,94.05,94.05,94.05,94.05,135410.19,,80.0,0
2025-11-03 15:39:00,94.05,94.05,94.05,94.05,135410.19,,80.0,0
2025-11-03 15:42:00,94.1,94.1,94.1,93.6,134765.47499999998,,80.0,0
2025-11-03 15:45:00,94.2,94.2,94.2,94.2,135586.02,,80.0,0
2025-11-03 15:48:00,94.0,94.0,94.0,94.0,135351.58,,80.0,0
2025-11-03 15:51:00,94.15,94.15,94.15,94.15,135586.025,,80.0,0
2025-11-03 15:54:00,94.1,94.1,94.1,94.1,135468.8,,80.0,0
2025-11-03 15:57:00,94.1,94.1,94.1,94.1,135468.8,,80.0,0
2025-11-03 16:00:00,94.15,94.15,94.15,94.15,135527.40999999997,,80.0,0
2025-11-03 16:03:00,93.9,93.9,93.9,93.9,135234.36,,80.0,0
2025-11-03 16:06:00,94.05,94.05,94.05,94.05,135410.19,,80.0,0
2025-11-03 16:09:00,94.1,94.1,94.1,94.1,135468.8,,80.0,0
2025-11-03 16:12:00,94.05,94.05,94.05,94.05,135410.19,,80.0,0
2025-11-03 16:15:00,94.15,94.15,94.15,94.15,135527.40999999997,,80.0,0
2025-11-03 16:18:00,94.1,94.1,94.1,94.1,135468.8,,80.0,0
2025-11-03 16:21:00,94.05,94.05,94.05,94.05,135410.19,,80.0,0
2025-11-03 16:24:00,94.25,94.25,94.25,94.25,135703.245,,80.0,0
2025-11-03 16:27:00,93.9,93.9,93.9,93.9,135234.36,,80.0,0
2025-11-03 16:30:00,94.25,94.25,94.25,94.25,135761.86,,80.0,0
2025-11-03 16:33:00,94.0,94.0,94.0,94.0,135410.19,,80.0,0
2025-11-03 16:36:00,94.15,94.15,94.15,94.15,135586.025,,80.0,0
2025-11-03 16:39:00,94.05,94.05,94.05,94.05,135410.19,,80.0,0
2025-11-03 16:42:00,94.1,94.1,94.1,94.1,135468.8,,80.0,0
2025-11-03 16:45:00,94.2,94.2,94.2,94.2,135644.635,,80.0,0
2025-11-03 16:48:00,94.15,94.15,94.15,94.15,135586.025,,80.0,0
2025-11-03 16:51:00,94.1,94.1,94.1,94.1,135468.8,,80.0,0
2025-11-03 16:54:00,94.2,94.2,94.2,94.2,135703.25,,80.0,0
2025-11-03 16:57:00,94.2,94.2,94.2,94.2,135586.02,,80.0,0
2025-11-03 17:00:00,94.2,94.2,94.2,94.2,135703.25,,80.0,0
2025-11-03 17:03:00,94.15,94.15,94.15,94.15,135527.40999999997,,80.0,0
2025-11-03 17:06:00,94.1,94.1,94.1,94.1,135468.8,,80.0,0
2025-11-03 17:09:00,94.2,94.2,94.2,94.2,135586.02,,80.0,0
2025-11-03 17:12:00,94.15,94.15,94.15,94.15,135527.40999999997,,80.0,0
2025-11-03 17:15:00,94.2,94.2,94.2,94.2,135644.635,,80.0,0
2025-11-03 17:18:00,94.1,94.1,94.1,94.1,135468.8,,80.0,0
2025-11-03 17:21:00,94.0,94.0,94.0,94.0,135351.58,,80.0,0
2025-11-03 17:24:00,94.0,94.0,94.0,94.0,135351.58,,80.0,0
2025-11-03 17:27:00,94.0,94.0,94.0,94.0,135351.58,,80.0,0
2025-11-03 17:30:00,93.95,93.95,93.95,93.95,135351.58000000002,,80.0,0
2025-11-03 17:33:00,94.15,94.15,94.15,94.15,135527.40999999997,,80.0,0
2025-11-03 17:36:00,94.05000000000001,94.05000000000001,94.05000000000001,94.05000000000001,135468.805,,80.0,0
2025-11-03 17:39:00,94.15,94.15,94.15,94.15,135586.025,,80.0,0
2025-11-03 17:42:00,94.0,94.0,94.0,94.0,135351.58,,80.0,0
2025-11-03 17:45:00,94.2,94.2,94.2,94.2,135586.02,,80.0,0
2025-11-03 17:48:00,93.95,93.95,93.95,93.95,135292.96999999997,,80.0,0
2025-11-03 17:51:00,94.1,94.1,94.1,94.1,135468.8,,80.0,0
2025-11-03 17:54:00,93.95,93.95,93.95,93.95,135292.96999999997,,80.0,0
2025-11-03 17:57:00,94.1,94.1,94.1,94.1,135468.8,,80.0,0
2025-11-03 18:00:00,94.2,94.2,94.2,94.2,135644.635,,80.0,0
2025-11-03 18:03:00,94.05,94.05,94.05,94.05,135410.19,,80.0,0
2025-11-03 18:06:00,94.15,94.15,94.15,94.15,135586.025,,80.0,0
2025-11-03 18:09:00,94.05,94.05,94.05,94.05,135410.19,,80.0,0
2025-11-03 18:12:00,94.1,94.1,94.1,94.1,135468.8,,80.0,0
2025-11-03 18:15:00,94.1,94.1,94.1,94.1,135468.8,,80.0,0
2025-11-03 18:18:00,94.1,94.1,94.1,94.1,135468.8,,80.0,0
2025-11-03 18:21:00,94.1,94.1,94.1,94.0,135351.58,,80.0,0
2025-11-03 18:24:00,94.1,94.1,94.1,94.1,135468.8,,80.0,0
2025-11-03 18:27:00,94.1,94.1,94.1,94.1,135468.8,,80.0,0
2025-11-03 18:30:00,94.1,94.1,94.1,94.1,135468.8,,80.0,0
2025-11-03 18:33:00,94.05,94.05,94.05,94.1,135468.8,,80.0,0
2025-11-03 18:36:00,94.05,94.05,94.05,94.05,135410.19,,80.0,0
2025-11-03 18:39:00,94.05,94.05,94.05,94.0,135351.58,,80.0,0
2025-11-03 18:42:00,94.05,94.05,94.05,94.05,135410.19,,80.0,0
2025-11-03 18:45:00,94.0,94.0,94.0,94.0,135351.58,,80.0,0
2025-11-03 18:48:00,93.9,93.9,93.9,93.9,135234.36,,80.0,0
2025-11-03 18:51:00,93.8,93.8,93.8,93.8,135058.525,,80.0,0
2025-11-03 18:54:00,94.0,94.0,94.0,94.0,135351.58,,80.0,0
2025-11-03 18:57:00,94.1,94.1,94.1,94.1,135468.8,,80.0,0
2025-11-03 19:00:00,94.2,94.2,94.2,94.2,135703.25,,80.0,0
2025-11-03 19:03:00,93.9,93.9,93.9,93.9,135234.36,,80.0,0
2025-11-03 19:06:00,93.80000000000001,93.80000000000001,93.80000000000001,93.80000000000001,135117.135,,80.0,0
2025-11-03 19:09:00,94.05000000000001,94.05000000000001,94.05000000000001,94.30000000000001,135761.85499999998,,80.0,0
2025-11-03 19:12:00,94.0,94.0,94.0,94.0,135351.58,,80.0,0
2025-11-03 19:15:00,94.05000000000001,94.05000000000001,94.05000000000001,94.05000000000001,135410.19,,80.0,0
2025-11-03 19:18:00,93.95,93.95,93.95,93.95,135292.96999999997,,80.0,0
2025-11-03 19:21:00,94.05000000000001,94.05000000000001,94.05000000000001,94.05000000000001,135410.19,,80.0,0
2025-11-03 19:24:00,94.1,94.1,94.1,94.1,135468.8,,80.0,0
2025-11-03 19:27:00,93.9,93.9,93.9,93.9,135234.36,,80.0,0
2025-11-03 19:30:00,94.1,94.1,94.1,94.1,135468.8,,80.0,0
2025-11-03 19:33:00,93.9,93.9,93.9,93.9,135234.36,,80.0,0
2025-11-03 19:36:00,93.94999999999999,93.94999999999999,93.94999999999999,93.94999999999999,135292.97,,80.0,0
2025-11-03 19:39:00,94.1,94.1,94.1,94.1,135468.8,,80.0,0
2025-11-03 19:42:00,94.1,94.1,94.1,94.1,135468.8,,80.0,0
2025-11-03 19:45:00,93.9,93.9,93.9,93.9,135234.36,,80.0,0
2025-11-03 19:48:00,93.9,93.9,93.9,93.9,135234.36,,80.0,0
2025-11-03 19:51:00,93.7,93.7,93.7,93.7,134999.91,,80.0,0
2025-11-03 19:54:00,94.1,94.1,94.1,94.1,135468.8,,80.0,0
2025-11-03 19:57:00,93.94999999999999,93.94999999999999,93.94999999999999,93.94999999999999,135292.97,,80.0,0
2025-11-03 20:00:00,94.0,94.0,94.0,94.0,135351.58,,80.0,0
2025-11-03 20:03:00,93.95,93.95,93.95,93.95,135292.96999999997,,80.0,0
2025-11-03 20:06:00,94.15,94.15,94.15,94.15,135586.025,,80.0,0
2025-11-03 20:09:00,94.1,94.1,94.1,94.1,135468.8,,80.0,0
2025-11-03 20:12:00,94.05,94.05,94.05,94.05,135410.19,,80.0,0
2025-11-03 20:15:00,94.05,94.05,94.05,94.05,135410.19,,80.0,0
2025-11-03 20:18:00,94.05,94.05,94.05,94.05,135410.19,,80.0,0
2025-11-03 20:21:00,94.0,94.0,94.0,94.0,135351.58,,80.0,0
2025-11-03 20:24:00,94.05,94.05,94.05,93.7,134941.305,,80.0,0
2025-11-03 20:27:00,93.85,93.85,93.85,93.85,135175.745,,80.0,0
2025-11-03 20:30:00,93.6,93.6,93.6,93.6,134765.47499999998,,80.0,0
2025-11-03 20:33:00,94.1,94.1,94.1,94.1,135468.8,,80.0,0
2025-11-03 20:36:00,93.9,93.9,93.9,93.9,135234.36,,80.0,0
2025-11-03 20:39:00,94.05,94.05,94.05,94.05,135410.19,,80.0,0
2025-11-03 20:42:00,94.05,94.05,94.05,94.05,135410.19,,80.0,0
2025-11-03 20:45:00,93.9,93.9,93.9,93.9,135175.75,,80.0,0
2025-11-03 20:48:00,94.0,94.0,94.0,94.0,135351.58,,80.0,0
2025-11-03 20:51:00,94.15,94.15,94.15,94.15,135527.40999999997,,80.0,0
2025-11-03 20:54:00,94.0,94.0,94.0,94.0,135351.58,,80.0,0
2025-11-03 20:57:00,93.80000000000001,93.80000000000001,93.80000000000001,93.80000000000001,135058.53,,80.0,0
2025-11-03 21:00:00,93.95,93.95,93.95,93.95,135292.96999999997,,80.0,0
2025-11-03 21:03:00,94.1,94.1,94.1,94.1,135468.8,,80.0,0
2025-11-03 21:06:00,93.80000000000001,93.80000000000001,93.80000000000001,92.85,133710.495,,80.0,0
2025-11-03 21:09:00,93.80000000000001,93.80000000000001,93.80000000000001,92.35,133007.18,,80.0,0
2025-11-03 21:12:00,93.80000000000001,93.80000000000001,93.80000000000001,93.25,134296.59,,80.0,0
2025-11-03 21:15:00,93.7,93.7,93.7,93.7,134999.91,,80.0,0
2025-11-03 21:18:00,93.85,93.85,93.85,93.85,135117.135,,80.0,0
2025-11-03 21:21:00,93.7,93.7,93.7,93.7,134941.305,,80.0,0
2025-11-03 21:24:00,93.80000000000001,93.80000000000001,93.80000000000001,93.80000000000001,135117.135,,80.0,0
2025-11-03 21:27:00,93.95,93.95,93.95,93.95,135292.96999999997,,80.0,0
2025-11-03 21:30:00,94.05,94.05,94.05,94.05,135410.19,,80.0,0
2025-11-03 21:33:00,93.80000000000001,93.80000000000001,93.80000000000001,93.80000000000001,135117.135,,80.0,0
2025-11-03 21:36:00,93.9,93.9,93.9,93.9,135234.36,,80.0,0
2025-11-03 21:39:00,93.9,93.9,93.9,93.9,135234.36,,80.0,0
2025-11-03 21:42:00,94.15,94.15,94.15,94.15,135527.40999999997,,80.0,0
2025-11-03 21:45:00,94.15,94.15,94.15,94.15,135527.40999999997,,80.0,0
2025-11-03 21:48:00,94.1,94.1,94.1,94.1,135527.41499999998,,80.0,0
2025-11-03 21:51:00,94.1,94.1,94.1,94.1,135468.8,,80.0,0
2025-11-03 21:54:00,94.0,94.0,94.0,94.0,135351.58,,80.0,0
2025-11-03 21:57:00,93.75,93.75,93.75,93.75,134999.92,,80.0,0
2025-11-03 22:00:00,94.1,94.1,94.1,94.1,135527.41499999998,,80.0,0
2025-11-03 22:03:00,93.85,93.85,93.85,93.85,135175.75,,80.0,0
2025-11-03 22:06:00,93.8,93.8,93.8,93.8,135058.525,,80.0,0
2025-11-03 22:09:00,93.5,93.5,93.5,93.5,134648.26,,80.0,0
2025-11-03 22:12:00,94.0,94.0,94.0,94.0,135351.58,,80.0,0
2025-11-03 22:15:00,93.19999999999999,93.19999999999999,93.19999999999999,93.19999999999999,134237.99,,80.0,0
2025-11-03 22:18:00,93.55000000000001,93.55000000000001,93.55000000000001,93.55000000000001,134706.86,,80.0,0
2025-11-03 22:21:00,94.05000000000001,94.05000000000001,94.05000000000001,94.05000000000001,135410.19,,80.0,0
2025-11-03 22:24:00,93.71666666666668,93.71666666666668,92.5,92.5,133241.62,,80.0,0
2025-11-03 22:27:00,92.8,92.8,92.8,92.8,133651.89,,80.0,0
2025-11-03 22:30:00,93.55000000000001,93.55000000000001,93.55000000000001,93.55000000000001,134706.86,,80.0,0
2025-11-03 22:33:00,93.15,93.15,93.15,93.15,134179.375,,80.0,0
2025-11-03 22:36:00,93.75,93.75,93.75,93.75,134999.91499999998,,80.0,0
2025-11-03 22:39:00,93.4,93.4,93.4,93.4,134472.425,,80.0,0
2025-11-03 22:42:00,93.575,93.575,92.2,92.2,132772.745,,80.0,0
2025-11-03 22:45:00,93.85,93.85,93.85,93.85,135175.75,,80.0,0
2025-11-03 22:48:00,93.30000000000001,93.30000000000001,93.30000000000001,93.30000000000001,134355.21,,80.0,0
2025-11-03 22:51:00,92.65,92.65,92.65,92.65,133358.835,,80.0,0
2025-11-03 22:54:00,93.175,93.175,93.9,93.9,135234.36,,80.0,0
2025-11-03 22:57:00,93.3,93.3,93.3,93.3,134355.20500000002,,80.0,0
2025-11-03 23:00:00,93.44999999999999,93.44999999999999,93.44999999999999,93.44999999999999,134589.65000000002,,80.0,0
2025-11-03 23:03:00,92.8,92.8,92.8,92.8,133593.27000000002,,80.0,0
2025-11-03 23:06:00,93.3,93.3,93.3,93.3,134355.20500000002,,80.0,0
2025-11-03 23:09:00,93.8,93.8,93.8,93.8,135058.525,,80.0,0
2025-11-03 23:12:00,94.05000000000001,94.05000000000001,94.05000000000001,94.05000000000001,135410.19,,80.0,0
2025-11-03 23:15:00,93.95,93.95,93.95,93.95,135292.96999999997,,80.0,0
2025-11-03 23:18:00,93.80000000000001,93.80000000000001,93.80000000000001,93.80000000000001,135117.135,,80.0,0
2025-11-03 23:21:00,94.1,94.1,94.1,94.1,135468.8,,80.0,0
2025-11-03 23:24:00,93.8,93.8,93.8,93.8,135058.525,,80.0,0
2025-11-03 23:27:00,93.35,93.35,93.35,93.35,134413.82,,80.0,0
2025-11-03 23:30:00,93.5,93.5,93.5,93.5,134648.25,,80.0,0
2025-11-03 23:33:00,92.65,92.65,92.65,92.65,133476.065,,80.0,0
2025-11-03 23:36:00,92.0,92.0,92.0,92.0,132538.3,,80.0,0
2025-11-03 23:39:00,92.61666666666667,92.61666666666667,93.7,93.7,134999.91,,80.0,0
2025-11-03 23:42:00,93.19999999999999,93.19999999999999,93.19999999999999,93.19999999999999,134237.99,,80.0,0
2025-11-03 23:45:00,93.3,93.3,93.3,93.3,134355.20500000002,,80.0,0
2025-11-03 23:48:00,93.75,93.75,93.75,93.75,134999.91499999998,,80.0,0
2025-11-03 23:51:00,93.525,93.525,92.30000000000001,92.30000000000001,132889.96,,80.0,0
2025-11-03 23:54:00,93.40625,93.40625,92.19999999999999,92.19999999999999,132772.72999999998,,80.0,0
2025-11-03 23:57:00,92.5,92.5,92.5,92.5,133183.005,,80.0,0
2025-11-04 00:00:00,93.00208333333335,93.00208333333335,93.85,93.85,135175.75,,80.0,0
2025-11-04 00:03:00,93.1,93.1,93.1,93.1,134062.16,,80.0,0
2025-11-04 00:06:00,93.85,93.85,93.85,93.85,135175.75,,80.0,0
2025-11-04 00:09:00,93.0,93.0,93.0,93.0,133944.93,,80.0,0
2025-11-04 00:12:00,92.65,92.65,92.65,92.65,133417.435,,80.0,0
2025-11-04 00:15:00,93.85,93.85,93.85,93.85,135175.75,,80.0,0
2025-11-04 00:18:00,92.75,92.75,92.75,92.75,133534.66,,80.0,0
2025-11-04 00:21:00,93.9,93.9,93.9,93.9,135234.36,,80.0,0
2025-11-04 00:24:00,93.30000000000001,93.30000000000001,93.30000000000001,93.30000000000001,134413.815,,80.0,0
2025-11-04 00:27:00,92.4,92.4,92.4,92.4,133124.41,,80.0,0
2025-11-04 00:30:00,93.45,93.45,93.45,93.45,134531.03,,80.0,0
2025-11-04 00:33:00,93.25,93.25,93.25,93.25,134237.97499999998,,80.0,0
2025-11-04 00:36:00,93.44999999999999,93.44999999999999,93.44999999999999,93.44999999999999,134531.03,,80.0,0
2025-11-04 00:39:00,93.25,93.25,93.25,91.55,131834.97999999998,,80.0,0
2025-11-04 00:42:00,92.9,92.9,92.9,92.9,133769.09999999998,,80.0,0
2025-11-04 00:45:00,93.4,93.4,93.4,93.4,134531.035,,80.0,0
2025-11-04 00:48:00,93.1,93.1,93.1,93.1,134062.155,,80.0,0
2025-11-04 00:51:00,93.45,93.45,93.45,93.45,134531.03,,80.0,0
2025-11-04 00:54:00,92.80000000000001,92.80000000000001,92.80000000000001,92.80000000000001,133593.28,,80.0,0
2025-11-04 00:57:00,92.6,92.6,92.6,92.6,133358.83500000002,,80.0,0
2025-11-04 01:00:00,92.45,92.45,92.45,92.45,133124.4,,80.0,0
2025-11-04 01:03:00,92.35,92.35,92.35,92.35,133007.16999999998,,80.0,0
2025-11-04 01:06:00,93.19999999999999,93.19999999999999,93.19999999999999,93.19999999999999,134179.375,,80.0,0
2025-11-04 01:09:00,92.65,92.65,92.65,92.65,133358.835,,80.0,0
2025-11-04 01:12:00,93.80000000000001,93.80000000000001,93.80000000000001,93.80000000000001,135117.135,,80.0,0
2025-11-04 01:15:00,93.4,93.4,93.4,93.4,134531.035,,80.0,0
2025-11-04 01:18:00,92.9,92.9,92.9,92.9,133769.11,,80.0,0
2025-11-04 01:21:00,93.25,93.25,93.25,93.25,134296.595,,80.0,0
2025-11-04 01:24:00,93.75,93.75,93.75,93.75,135058.52500000002,,80.0,0
2025-11-04 01:27:00,93.65,93.65,93.65,93.65,134882.69,,80.0,0
2025-11-04 01:30:00,92.9,92.9,92.9,92.9,133710.5,,80.0,0
2025-11-04 01:33:00,93.05,93.05,93.05,93.05,133944.93,,80.0,0
2025-11-04 01:36:00,92.4,92.4,92.4,92.4,133007.175,,80.0,0
2025-11-04 01:39:00,92.84999999999998,92.84999999999998,93.80000000000001,93.80000000000001,135117.135,,80.0,0
2025-11-04 01:42:00,93.7,93.7,93.7,93.7,134999.91,,80.0,0
2025-11-04 01:45:00,93.1,93.1,93.1,93.1,134062.155,,80.0,0
2025-11-04 01:48:00,93.25,93.25,93.25,93.25,134296.595,,80.0,0
2025-11-04 01:51:00,93.55,93.55,93.55,93.55,134706.865,,80.0,0
2025-11-04 01:54:00,93.3,93.3,93.3,93.3,134296.59,,80.0,0
2025-11-04 01:57:00,93.75,93.75,93.75,93.75,134999.91499999998,,80.0,0
2025-11-04 02:00:00,93.0,93.0,93.0,93.0,133944.94,,80.0,0
2025-11-04 02:03:00,93.75,93.75,93.75,93.75,135058.52500000002,,80.0,0
2025-11-04 02:06:00,93.7,93.7,93.7,93.7,134999.91,,80.0,0
2025-11-04 02:09:00,92.7,92.7,92.7,92.7,133476.06,,80.0,0
2025-11-04 02:12:00,93.2875,93.2875,94.15,94.15,135527.40999999997,,80.0,0
2025-11-04 02:15:00,93.35,93.35,93.35,93.35,134413.815,,80.0,0
2025-11-04 02:18:00,93.4,93.4,93.4,91.8,132186.62,,80.0,0
2025-11-04 02:21:00,93.25,93.25,93.25,93.25,134237.97499999998,,80.0,0
2025-11-04 02:24:00,93.0,93.0,93.0,93.0,133944.94,,80.0,0
2025-11-04 02:27:00,93.4,93.4,93.4,93.4,134472.43,,80.0,0
2025-11-04 02:30:00,93.7,93.7,93.7,93.7,134999.91,,80.0,0
2025-11-04 02:33:00,93.80000000000001,93.80000000000001,93.80000000000001,93.80000000000001,135117.135,,80.0,0
2025-11-04 02:36:00,93.4875,93.4875,92.6,92.6,133300.21999999997,,80.0,0
2025-11-04 02:39:00,93.69999999999999,93.69999999999999,93.69999999999999,93.69999999999999,134941.305,,80.0,0
2025-11-04 02:42:00,92.75,92.75,92.75,92.75,133593.28,,80.0,0
2025-11-04 02:45:00,93.55,93.55,93.55,93.55,134706.865,,80.0,0
2025-11-04 02:48:00,93.27499999999999,93.27499999999999,92.1,92.1,132655.515,,80.0,0
2025-11-04 02:51:00,93.6,93.6,93.6,93.6,134765.47,,80.0,0
2025-11-04 02:54:00,93.2,93.2,93.2,93.2,134237.99,,80.0,0
2025-11-04 02:57:00,92.4,92.4,92.4,92.4,133065.785,,80.0,0
2025-11-04 03:00:00,92.69999999999999,92.69999999999999,92.69999999999999,92.69999999999999,133476.04499999998,,80.0,0
2025-11-04 03:03:00,93.45,93.45,93.45,93.45,134531.03,,80.0,0
2025-11-04 03:06:00,93.5,93.5,93.5,93.5,134648.25,,80.0,0
2025-11-04 03:09:00,93.0,93.0,93.0,93.0,133944.94,,80.0,0
2025-11-04 03:12:00,92.55,92.55,92.55,92.55,133241.61,,80.0,0
2025-11-04 03:15:00,93.3,93.3,93.3,93.3,134355.20500000002,,80.0,0
2025-11-04 03:18:00,92.45,92.45,92.45,92.45,133124.4,,80.0,0
2025-11-04 03:21:00,92.95,92.95,93.69999999999999,93.69999999999999,134941.305,,80.0,0
2025-11-04 03:24:00,93.1,93.1,93.1,93.1,134062.16,,80.0,0
2025-11-04 03:27:00,93.69999999999999,93.69999999999999,93.69999999999999,93.69999999999999,134941.305,,80.0,0
2025-11-04 03:30:00,93.7,93.7,93.7,93.7,134999.91,,80.0,0
2025-11-04 03:33:00,92.65,92.65,92.65,92.65,133417.445,,80.0,0
2025-11-04 03:36:00,91.9,91.9,91.9,91.9,132303.84999999998,,80.0,0
2025-11-04 03:39:00,92.85,92.85,92.85,92.85,133710.495,,80.0,0
2025-11-04 03:42:00,93.65,93.65,93.65,93.65,134882.69,,80.0,0
2025-11-04 03:45:00,93.275,93.275,92.30000000000001,92.30000000000001,132948.565,,80.0,0
2025-11-04 03:48:00,93.35,93.35,93.35,93.35,134413.815,,80.0,0
2025-11-04 03:51:00,93.25,93.25,93.25,93.25,134296.59,,80.0,0
2025-11-04 03:54:00,92.95,92.95,92.95,92.95,133886.33000000002,,80.0,0
2025-11-04 03:57:00,92.69999999999999,92.69999999999999,92.69999999999999,92.69999999999999,133476.04499999998,,80.0,0
2025-11-04 04:00:00,93.1,93.1,93.1,93.1,134062.155,,80.0,0
2025-11-04 04:03:00,92.9,92.9,92.9,92.9,133827.72,,80.0,0
2025-11-04 04:06:00,93.1,93.1,93.1,93.1,134062.155,,80.0,0
2025-11-04 04:09:00,93.65,93.65,93.65,93.65,134882.69,,80.0,0
2025-11-04 04:12:00,93.6,93.6,93.6,93.6,134765.47,,80.0,0
2025-11-04 04:15:00,93.25,93.25,93.25,93.25,134296.595,,80.0,0
2025-11-04 04:18:00,93.4,93.4,93.4,93.4,134472.41999999998,,80.0,0
2025-11-04 04:21:00,93.65,93.65,93.65,93.65,134824.08500000002,,80.0,0
2025-11-04 04:24:00,93.5,93.5,93.5,93.5,134648.25,,80.0,0
2025-11-04 04:27:00,93.15,93.15,93.15,93.15,134120.765,,80.0,0
2025-11-04 04:30:00,92.55,92.55,92.55,92.55,133241.60499999998,,80.0,0
2025-11-04 04:33:00,92.35,92.35,92.35,92.35,132948.565,,80.0,0
2025-11-04 04:36:00,92.85,92.85,92.85,92.85,133710.5,,80.0,0
2025-11-04 04:39:00,92.6,92.6,92.6,92.6,133358.84,,80.0,0
2025-11-04 04:42:00,92.25,92.25,92.25,92.25,132831.34499999997,,80.0,0
2025-11-04 04:45:00,92.35,92.35,92.35,92.35,133007.16999999998,,80.0,0
2025-11-04 04:48:00,92.2,92.2,92.2,92.2,132831.345,,80.0,0
2025-11-04 04:51:00,92.45,92.45,92.45,92.45,133183.015,,80.0,0
2025-11-04 04:54:00,92.69999999999999,92.69999999999999,92.69999999999999,92.69999999999999,133476.055,,80.0,0
2025-11-04 04:57:00,92.7,92.7,92.7,92.7,133476.06,,80.0,0
2025-11-04 05:00:00,92.7,92.7,92.7,93.3,134296.59,,80.0,0
2025-11-04 05:03:00,92.85,92.85,92.85,92.85,133651.885,,80.0,0
2025-11-04 05:06:00,93.0,93.0,93.0,93.0,133944.94,,80.0,0
2025-11-04 05:09:00,93.0,93.0,93.0,92.44999999999999,133124.39,,80.0,0
2025-11-04 05:12:00,93.3,93.3,93.3,93.3,134296.59,,80.0,0
2025-11-04 05:15:00,93.25,93.25,93.25,93.25,134237.97499999998,,80.0,0
2025-11-04 05:18:00,93.19999999999999,93.19999999999999,93.19999999999999,93.19999999999999,134179.375,,80.0,0
2025-11-04 05:21:00,92.9,92.9,92.9,92.9,133827.72,,80.0,0
2025-11-04 05:24:00,93.2,93.2,93.2,93.2,134179.36,,80.0,0
2025-11-04 05:27:00,93.6,93.6,93.6,93.6,134765.47,,80.0,0
2025-11-04 05:30:00,93.25,93.25,93.25,93.25,134237.97499999998,,80.0,0
2025-11-04 05:33:00,93.0,93.0,93.0,93.0,133886.33000000002,,80.0,0
2025-11-04 05:36:00,93.1,93.1,93.1,93.1,134062.15,,80.0,0
2025-11-04 05:39:00,93.4,93.4,93.4,93.4,134472.41499999998,,80.0,0
2025-11-04 05:42:00,93.4,93.4,93.4,93.4,134472.41999999998,,80.0,0
2025-11-04 05:45:00,92.95,92.95,92.95,92.95,133886.33000000002,,80.0,0
2025-11-04 05:48:00,93.1,93.1,93.1,93.1,134062.16,,80.0,0
2025-11-04 05:51:00,93.3,93.3,93.3,93.3,134296.59,,80.0,0
2025-11-04 05:54:00,93.19999999999999,93.19999999999999,93.19999999999999,93.19999999999999,134179.375,,80.0,0
2025-11-04 05:57:00,93.25,93.25,93.25,93.25,134237.97499999998,,80.0,0
2025-11-04 06:00:00,93.1,93.1,93.1,93.1,134062.16,,80.0,0
2025-11-04 06:03:00,93.1,93.1,93.1,92.0,132479.695,,80.0,0
2025-11-04 06:06:00,93.0,93.0,93.0,93.0,133944.94,,80.0,0
2025-11-04 06:09:00,92.5,92.5,92.5,92.5,133183.005,,80.0,0
2025-11-04 06:12:00,92.35,92.35,92.35,92.35,133007.18,,80.0,0
2025-11-04 06:15:00,93.1,93.1,93.1,93.1,134062.15,,80.0,0
2025-11-04 06:18:00,93.1,93.1,93.1,93.1,134062.16,,80.0,0
2025-11-04 06:21:00,92.89999999999999,92.89999999999999,91.4,91.4,131600.54,,80.0,0
2025-11-04 06:24:00,92.675,92.675,90.4,90.4,130135.29000000001,,80.0,0
2025-11-04 06:27:00,92.5,92.5,92.5,92.5,133241.62,,80.0,0
2025-11-04 06:30:00,92.2,92.2,92.2,92.2,132772.745,,80.0,0
2025-11-04 06:33:00,92.2,92.2,92.2,92.2,132772.735,,80.0,0
2025-11-04 06:36:00,92.6,92.6,92.6,92.6,133358.84,,80.0,0
2025-11-04 06:39:00,91.94999999999999,91.94999999999999,91.94999999999999,91.94999999999999,132421.085,,80.0,0
2025-11-04 06:42:00,92.44999999999999,92.44999999999999,92.44999999999999,92.44999999999999,133124.39500000002,,80.0,0
2025-11-04 06:45:00,92.44999999999999,92.44999999999999,92.44999999999999,90.5,130311.11,,80.0,0
2025-11-04 06:48:00,92.80000000000001,92.80000000000001,92.80000000000001,92.80000000000001,133651.89,,80.0,0
2025-11-04 06:51:00,93.0,93.0,93.0,93.0,133886.33000000002,,80.0,0
2025-11-04 06:54:00,93.19999999999999,93.19999999999999,93.19999999999999,93.19999999999999,134179.375,,80.0,0
2025-11-04 06:57:00,92.3,92.3,92.3,92.3,132889.96,,80.0,0
2025-11-04 07:00:00,92.7,92.7,92.7,92.7,133476.065,,80.0,0
2025-11-04 07:03:00,92.95,92.95,92.95,92.95,133827.71,,80.0,0
2025-11-04 07:06:00,92.85,92.85,92.85,92.85,133710.495,,80.0,0
2025-11-04 07:09:00,92.65,92.65,92.65,92.65,133417.45,,80.0,0
2025-11-04 07:12:00,92.7,92.7,92.7,92.25,132831.34000000003,,80.0,0
2025-11-04 07:15:00,92.75,92.75,92.75,92.75,133534.66499999998,,80.0,0
2025-11-04 07:18:00,92.6,92.6,92.6,92.6,133300.22999999998,,80.0,0
2025-11-04 07:21:00,92.75,92.75,92.75,92.75,133593.28,,80.0,0
2025-11-04 07:24:00,92.9,92.9,92.9,92.9,133769.11,,80.0,0
2025-11-04 07:27:00,92.65,92.65,92.65,92.65,133417.445,,80.0,0
2025-11-04 07:30:00,92.75,92.75,92.75,92.0,132538.3,,80.0,0
2025-11-04 07:33:00,93.1,93.1,93.1,93.1,134062.16,,80.0,0
2025-11-04 07:36:00,93.1,93.1,93.1,93.1,134062.16,,80.0,0
2025-11-04 07:39:00,92.5,92.5,92.5,92.5,133241.62,,80.0,0
2025-11-04 07:42:00,92.8,92.8,92.8,92.8,133651.89,,80.0,0
2025-11-04 07:45:00,92.7,92.7,92.7,92.7,133476.06,,80.0,0
2025-11-04 07:48:00,92.85,92.85,92.85,92.85,133710.5,,80.0,0
2025-11-04 07:51:00,92.9,92.9,92.9,92.9,133827.72,,80.0,0
2025-11-04 07:54:00,92.15,92.15,92.15,92.15,132714.135,,80.0,0
2025-11-04 07:57:00,91.7,91.7,91.7,91.7,132010.805,,80.0,0
2025-11-04 08:00:00,92.75,92.75,92.75,92.75,133593.285,,80.0,0
2025-11-04 08:03:00,92.5,92.5,92.5,92.5,133241.625,,80.0,0
2025-11-04 08:06:00,92.2,92.2,92.2,92.2,132772.735,,80.0,0
2025-11-04 08:09:00,92.5,92.5,92.5,91.1,131131.66499999998,,80.0,0
2025-11-04 08:12:00,92.8,92.8,92.8,92.8,133651.89,,80.0,0
2025-11-04 08:15:00,92.05000000000001,92.05000000000001,92.05000000000001,92.05000000000001,132538.29499999998,,80.0,0
2025-11-04 08:18:00,92.9,92.9,92.9,92.9,133827.72,,80.0,0
2025-11-04 08:21:00,92.9,92.9,92.9,92.9,133710.5,,80.0,0
2025-11-04 08:24:00,92.9,92.9,92.9,92.9,133827.72,,80.0,0
2025-11-04 08:27:00,92.1,92.1,92.1,92.1,132655.525,,80.0,0
2025-11-04 08:30:00,92.35,92.35,92.35,92.35,133007.18,,80.0,0
2025-11-04 08:33:00,93.1,93.1,93.1,93.1,134062.16,,80.0,0
2025-11-04 08:36:00,93.1,93.1,93.1,93.1,134062.16,,80.0,0
2025-11-04 08:39:00,92.4,92.4,92.4,92.4,133124.41,,80.0,0
2025-11-04 08:42:00,92.6,92.6,92.6,92.6,133358.83500000002,,80.0,0
2025-11-04 08:45:00,92.65,92.65,92.65,92.65,133476.065,,80.0,0
2025-11-04 08:48:00,92.3,92.3,92.3,92.3,132889.95,,80.0,0
2025-11-04 08:51:00,93.1,93.1,93.1,93.1,134062.16,,80.0,0
2025-11-04 08:54:00,92.6,92.6,92.6,92.6,133300.22999999998,,80.0,0
2025-11-04 08:57:00,92.95,92.95,92.95,92.95,133827.72,,80.0,0
2025-11-04 09:00:00,92.55,92.55,91.55,91.55,131834.97999999998,,80.0,0
2025-11-04 09:03:00,91.65,91.65,91.65,91.65,131952.205,,80.0,0
2025-11-04 09:06:00,92.1,92.1,92.1,92.1,132596.91499999998,,80.0,0
2025-11-04 09:09:00,92.55,92.55,92.55,92.55,133300.22999999998,,80.0,0
2025-11-04 09:12:00,91.45,91.45,91.45,91.45,131717.75,,80.0,0
2025-11-04 09:15:00,91.8,91.8,91.8,91.8,132186.62,,80.0,0
2025-11-04 09:18:00,92.2,92.2,92.2,92.2,132714.135,,80.0,0
2025-11-04 09:21:00,93.0,93.0,93.0,93.0,133944.94,,80.0,0
2025-11-04 09:24:00,92.65,92.65,92.65,92.65,133417.445,,80.0,0
2025-11-04 09:27:00,93.05,93.05,93.05,93.05,134003.55,,80.0,0
2025-11-04 09:30:00,92.85,92.85,92.85,92.85,133651.885,,80.0,0
2025-11-04 09:33:00,92.30000000000001,92.30000000000001,92.30000000000001,92.30000000000001,132889.95500000002,,80.0,0
2025-11-04 09:36:00,92.25,92.25,92.25,92.25,132831.34,,80.0,0
2025-11-04 09:39:00,92.55000000000001,92.55000000000001,92.55000000000001,92.55000000000001,133241.625,,80.0,0
2025-11-04 09:42:00,92.7,92.7,92.7,92.7,133476.04499999998,,80.0,0
2025-11-04 09:45:00,92.80000000000001,92.80000000000001,92.80000000000001,92.80000000000001,133651.89,,80.0,0
2025-11-04 09:48:00,92.7,92.7,92.7,92.7,133476.06,,80.0,0
2025-11-04 09:51:00,92.30000000000001,92.30000000000001,92.30000000000001,92.30000000000001,132948.565,,80.0,0
2025-11-04 09:54:00,91.45,91.45,91.45,91.45,131659.15,,80.0,0
2025-11-04 09:57:00,92.0,92.0,92.0,92.0,132479.685,,80.0,0
2025-11-04 10:00:00,92.44999999999999,92.44999999999999,92.44999999999999,92.44999999999999,133124.39500000002,,80.0,1
2025-11-04 10:03:00,91.95,91.95,91.95,91.95,132421.075,,80.0,1
2025-11-04 10:06:00,91.15,91.15,91.15,91.15,131248.865,,80.0,1
2025-11-04 10:09:00,91.55000000000001,91.55000000000001,92.8,92.8,133651.89,,80.0,1
2025-11-04 10:12:00,91.35000000000001,91.35000000000001,93.15,93.15,134120.76,,80.0,1
2025-11-04 10:15:00,91.45000000000002,91.45000000000002,93.3,93.3,134296.59,,80.0,1
2025-11-04 10:18:00,91.4,91.4,93.3,93.6,134765.47,,80.0,1
2025-11-04 10:21:00,91.42500000000001,91.42500000000001,93.6,93.1,134062.16,,80.0,1
2025-11-04 10:24:00,91.41250000000001,91.41250000000001,93.65,93.65,134824.08500000002,,80.0,1
2025-11-04 10:27:00,91.41875000000002,91.41875000000002,93.65,93.65,134824.08500000002,,80.0,1
2025-11-04 10:30:00,91.415625,91.415625,93.65,93.65,134824.08500000002,,80.0,1
2025-11-04 10:33:00,91.41718750000001,91.41718750000001,93.65,93.65,134882.69,,80.0,1
2025-11-04 10:36:00,91.41640625000001,91.41640625000001,93.80000000000001,93.80000000000001,135117.135,,80.0,1
2025-11-04 10:39:00,91.41679687500002,91.41679687500002,93.9,93.9,135234.36,,80.0,1
2025-11-04 10:42:00,91.4166015625,91.4166015625,93.95,93.95,135292.96999999997,,80.0,1
2025-11-04 10:45:00,91.41669921875001,91.41669921875001,93.95,93.95,135292.96999999997,,80.0,1
2025-11-04 10:48:00,91.41665039062501,91.41665039062501,93.95,93.95,135292.96999999997,,80.0,1
2025-11-04 10:51:00,91.41667480468752,91.41667480468752,94.1,94.1,135468.8,,80.0,1
2025-11-04 10:54:00,91.41666259765626,91.41666259765626,94.2,94.25,135761.86,,80.0,1
2025-11-04 10:57:00,91.41666870117189,91.41666870117189,94.2,94.2,135586.02,,80.0,1
2025-11-04 11:00:00,91.41666564941407,91.41666564941407,94.2,94.2,135644.635,,80.0,1
2025-11-04 11:03:00,91.41666717529299,91.41666717529299,94.5,94.5,136054.91,,80.0,1
2025-11-04 11:06:00,91.41666641235352,91.41666641235352,94.5,94.5,136054.91,,80.0,1
2025-11-04 11:09:00,91.41666679382325,91.41666679382325,94.5,94.5,136054.91,,80.0,1
2025-11-04 11:12:00,91.41666660308839,91.41666660308839,93.95,93.95,135292.965,,80.0,1
2025-11-04 11:15:00,91.41666669845583,91.41666669845583,94.30000000000001,94.30000000000001,135820.47,,80.0,1
2025-11-04 11:18:00,91.4166666507721,91.4166666507721,94.05000000000001,94.05000000000001,135468.805,,80.0,1
2025-11-04 11:21:00,91.41666667461396,91.41666667461396,94.0,94.0,135410.195,,80.0,1
2025-11-04 11:24:00,91.41666666269303,91.41666666269303,94.5,94.5,136054.91,,80.0,1
2025-11-04 11:27:00,91.4166666686535,91.4166666686535,94.6,94.6,136172.13,,80.0,1
2025-11-04 11:30:00,91.41666666567326,91.41666666567326,94.6,94.6,136230.72999999998,,80.0,1
2025-11-04 11:33:00,91.41666666716338,91.41666666716338,94.6,94.95,136699.59000000003,,80.0,1
2025-11-04 11:36:00,91.41666666641832,91.41666666641832,94.6,94.6,136172.13,,80.0,1
2025-11-04 11:39:00,91.41666666679086,91.41666666679086,94.75,94.75,136465.155,,80.0,1
2025-11-04 11:42:00,91.41666666660458,91.41666666660458,94.75,94.75,136406.555,,80.0,1
2025-11-04 11:45:00,91.41666666669772,91.41666666669772,95.25,95.25,137168.47999999998,,80.0,1
2025-11-04 11:48:00,91.41666666665115,91.41666666665115,95.19999999999999,95.19999999999999,137109.865,,80.0,1
2025-11-04 11:51:00,91.41666666667444,91.41666666667444,95.2,95.2,137109.87,,80.0,1
2025-11-04 11:54:00,91.41666666666279,91.41666666666279,95.35,95.35,137285.7,,80.0,1
2025-11-04 11:57:00,91.41666666666862,91.41666666666862,95.30000000000001,95.30000000000001,137227.09,,80.0,1
2025-11-04 12:00:00,91.4166666666657,91.4166666666657,95.3,95.3,137227.09,,80.0,1
2025-11-04 12:03:00,91.41666666666717,91.41666666666717,95.5,95.5,137520.14,,80.0,1
2025-11-04 12:06:00,91.41666666666643,91.41666666666643,95.4,95.4,137344.31,,80.0,1
2025-11-04 12:09:00,91.4166666666668,91.4166666666668,95.45,95.45,137461.53,,80.0,1
2025-11-04 12:12:00,91.41666666666661,91.41666666666661,95.5,95.55,137637.365,,80.0,1
2025-11-04 12:15:00,91.41666666666671,91.41666666666671,95.6,95.6,137695.98,,80.0,1
2025-11-04 12:18:00,91.41666666666666,91.41666666666666,95.6,95.6,137695.98,,80.0,1
2025-11-04 12:21:00,91.41666666666669,91.41666666666669,95.6,95.35,137344.31,,80.0,1
2025-11-04 12:24:00,91.41666666666667,91.41666666666667,95.7,95.7,137813.195,,80.0,1
2025-11-04 12:27:00,91.41666666666669,91.41666666666669,95.75,95.75,137871.805,,80.0,1
2025-11-04 12:30:00,91.41666666666669,91.41666666666669,95.85,95.9,138047.64,,80.0,1
2025-11-04 12:33:00,91.41666666666669,91.41666666666669,95.9,95.9,138106.25,,80.0,1
2025-11-04 12:36:00,91.41666666666669,91.41666666666669,95.9,95.9,138047.64,,80.0,1
2025-11-04 12:39:00,91.41666666666669,91.41666666666669,95.9,96.5,138985.385,,80.0,1
2025-11-04 12:42:00,91.41666666666669,91.41666666666669,96.5,95.85,137989.03000000003,,80.0,1
2025-11-04 12:45:00,91.41666666666669,91.41666666666669,96.5,96.5,138985.39,,80.0,1
2025-11-04 12:48:00,91.41666666666669,91.41666666666669,96.55,96.55,139044.0,,80.0,1
2025-11-04 12:51:00,91.41666666666669,91.41666666666669,96.55,96.8,139337.05,,80.0,1
2025-11-04 12:54:00,91.41666666666669,91.41666666666669,96.55,96.55,139044.0,,80.0,1
2025-11-04 12:57:00,91.41666666666669,91.41666666666669,96.55,96.55,139044.0,,80.0,1
2025-11-04 13:00:00,91.41666666666669,91.41666666666669,96.7,96.7,139219.83,,80.0,0
2025-11-04 13:03:00,91.41666666666669,91.41666666666669,96.75,96.75,139337.05,,80.0,0
2025-11-04 13:06:00,91.41666666666669,91.41666666666669,96.5,96.5,138985.385,,80.0,0
2025-11-04 13:09:00,91.41666666666669,91.41666666666669,96.65,96.65,139161.22,,80.0,0
2025-11-04 13:12:00,91.41666666666669,91.41666666666669,96.75,96.75,139278.44,,80.0,0
2025-11-04 13:15:00,91.41666666666669,91.41666666666669,96.7,96.7,139219.83,,80.0,0
2025-11-04 13:18:00,91.41666666666669,91.41666666666669,96.8,96.8,139395.65999999997,,80.0,0
2025-11-04 13:21:00,91.41666666666669,91.41666666666669,96.65,96.65,139161.21999999997,,80.0,0
2025-11-04 13:24:00,91.41666666666669,91.41666666666669,96.6,96.6,139102.61,,80.0,0
2025-11-04 13:27:00,91.41666666666669,91.41666666666669,96.5,96.5,138985.39,,80.0,0
2025-11-04 13:30:00,91.41666666666669,91.41666666666669,96.45,96.45,138868.18,,80.0,0
2025-11-04 13:33:00,91.41666666666669,91.41666666666669,96.6,96.6,139102.61,,80.0,0
2025-11-04 13:36:00,91.41666666666669,91.41666666666669,96.65,96.65,139161.21999999997,,80.0,0
2025-11-04 13:39:00,91.41666666666669,91.41666666666669,96.6,96.6,139102.61,,80.0,0
2025-11-04 13:42:00,91.41666666666669,91.41666666666669,96.6,96.6,139102.61,,80.0,0
2025-11-04 13:45:00,91.41666666666669,91.41666666666669,96.4,96.4,138809.565,,80.0,0
2025-11-04 13:48:00,91.41666666666669,91.41666666666669,96.7,96.7,139219.83,,80.0,0
2025-11-04 13:51:00,91.41666666666669,91.41666666666669,96.6,96.6,139102.61,,80.0,0
2025-11-04 13:54:00,91.41666666666669,91.41666666666669,96.6,96.6,139102.61,,80.0,0
2025-11-04 13:57:00,91.41666666666669,91.41666666666669,96.7,96.7,139219.83,,80.0,0
2025-11-04 14:00:00,91.41666666666669,91.41666666666669,96.2,96.2,138516.515,,80.0,0
2025-11-04 14:03:00,91.41666666666669,91.41666666666669,96.6,95.0,136875.42,,80.0,0
2025-11-04 14:06:00,91.41666666666669,91.41666666666669,96.6,95.9,138047.64,,80.0,0
2025-11-04 14:09:00,91.41666666666669,91.41666666666669,96.6,96.6,139102.61,,80.0,0
2025-11-04 14:12:00,91.41666666666669,91.41666666666669,96.65,96.65,139219.83000000002,,80.0,0
2025-11-04 14:15:00,91.41666666666669,91.41666666666669,96.5,96.5,138985.39,,80.0,0
2025-11-04 14:18:00,91.41666666666669,91.41666666666669,96.7,96.7,139219.83,,80.0,0
2025-11-04 14:21:00,91.41666666666669,91.41666666666669,96.5,96.5,138985.39,,80.0,0
2025-11-04 14:24:00,91.41666666666669,91.41666666666669,96.65,96.65,139161.21999999997,,80.0,0
2025-11-04 14:27:00,91.41666666666669,91.41666666666669,96.45,96.45,138926.77500000002,,80.0,0
2025-11-04 14:30:00,91.41666666666669,91.41666666666669,96.4,96.4,138750.97,,80.0,0
2025-11-04 14:33:00,91.41666666666669,91.41666666666669,96.5,96.5,138985.39,,80.0,0
2025-11-04 14:36:00,91.41666666666669,91.41666666666669,96.6,96.6,139102.61,,80.0,0
2025-11-04 14:39:00,91.41666666666669,91.41666666666669,96.7,96.7,139219.83,,80.0,0
2025-11-04 14:42:00,91.41666666666669,91.41666666666669,96.7,96.7,139219.83,,80.0,0
2025-11-04 14:45:00,91.41666666666669,91.41666666666669,96.35,96.35,138692.345,,80.0,0
2025-11-04 14:48:00,91.41666666666669,91.41666666666669,96.5,96.5,138985.39,,80.0,0
2025-11-04 14:51:00,91.41666666666669,91.41666666666669,96.80000000000001,96.80000000000001,139395.655,,80.0,0
2025-11-04 14:54:00,91.41666666666669,91.41666666666669,96.55000000000001,96.55000000000001,139043.995,,80.0,0
2025-11-04 14:57:00,91.41666666666669,91.41666666666669,96.7,96.7,139219.83,,80.0,0
2025-11-04 15:00:00,91.41666666666669,91.41666666666669,96.55000000000001,96.55000000000001,139043.995,,80.0,0
2025-11-04 15:03:00,91.41666666666669,91.41666666666669,96.5,96.5,138985.39,,80.0,0
2025-11-04 15:06:00,91.41666666666669,91.41666666666669,96.5,96.5,138985.39,,80.0,0
2025-11-04 15:09:00,91.41666666666669,91.41666666666669,96.55,96.55,139044.0,,80.0,0
2025-11-04 15:12:00,91.41666666666669,91.41666666666669,96.7,96.7,139219.83,,80.0,0
2025-11-04 15:15:00,91.41666666666669,91.41666666666669,96.5,96.5,138985.39,,80.0,0
2025-11-04 15:18:00,91.41666666666669,91.41666666666669,96.7,96.7,139219.83,,80.0,0
2025-11-04 15:21:00,91.41666666666669,91.41666666666669,96.5,96.5,138985.39,,80.0,0
2025-11-04 15:24:00,91.41666666666669,91.41666666666669,96.6,96.6,139102.61,,80.0,0
2025-11-04 15:27:00,91.41666666666669,91.41666666666669,96.6,96.15,138399.305,,80.0,0
2025-11-04 15:30:00,91.41666666666669,91.41666666666669,96.4,96.4,138809.565,,80.0,0
2025-11-04 15:33:00,91.41666666666669,91.41666666666669,96.65,96.65,139161.21999999997,,80.0,0
2025-11-04 15:36:00,91.41666666666669,91.41666666666669,96.6,96.6,139102.61,,80.0,0
2025-11-04 15:39:00,91.41666666666669,91.41666666666669,96.65,96.65,139161.21999999997,,80.0,0
2025-11-04 15:42:00,91.41666666666669,91.41666666666669,96.5,96.5,138985.39,,80.0,0
2025-11-04 15:45:00,91.41666666666669,91.41666666666669,96.45,96.45,138926.77500000002,,80.0,0
2025-11-04 15:48:00,91.41666666666669,91.41666666666669,96.5,96.5,138926.78999999998,,80.0,0
2025-11-04 15:51:00,91.41666666666669,91.41666666666669,96.55,96.55,139044.0,,80.0,0
2025-11-04 15:54:00,91.41666666666669,91.41666666666669,96.5,95.9,138164.86,,80.0,0
2025-11-04 15:57:00,91.41666666666669,91.41666666666669,96.55,96.55,139044.0,,80.0,0
2025-11-04 16:00:00,91.41666666666669,91.41666666666669,96.5,96.5,138985.39,,80.0,0
2025-11-04 16:03:00,91.41666666666669,91.41666666666669,96.6,96.6,139102.61,,80.0,0
2025-11-04 16:06:00,91.41666666666669,91.41666666666669,96.5,96.5,138985.39,,80.0,0
2025-11-04 16:09:00,91.41666666666669,91.41666666666669,96.45,96.45,138868.18,,80.0,0
2025-11-04 16:12:00,91.41666666666669,91.41666666666669,96.5,95.7,137813.195,,80.0,0
2025-11-04 16:15:00,91.41666666666669,91.41666666666669,96.45,96.45,138868.18,,80.0,0
2025-11-04 16:18:00,91.41666666666669,91.41666666666669,96.2,96.2,138575.125,,80.0,0
2025-11-04 16:21:00,91.41666666666669,91.41666666666669,96.5,96.5,138985.39,,80.0,0
2025-11-04 16:24:00,91.41666666666669,91.41666666666669,96.55,96.55,139044.0,,80.0,0
2025-11-04 16:27:00,91.41666666666669,91.41666666666669,96.2,96.2,138516.515,,80.0,0
2025-11-04 16:30:00,91.41666666666669,91.41666666666669,96.5,96.25,138575.125,,80.0,0
2025-11-04 16:33:00,91.41666666666669,91.41666666666669,96.45,96.45,138926.77500000002,,80.0,0
2025-11-04 16:36:00,91.41666666666669,91.41666666666669,96.6,96.6,139102.61,,80.0,0
2025-11-04 16:39:00,91.41666666666669,91.41666666666669,96.5,96.5,138985.39,,80.0,0
2025-11-04 16:42:00,91.41666666666669,91.41666666666669,96.5,96.5,138985.39,,80.0,0
2025-11-04 16:45:00,91.41666666666669,91.41666666666669,96.5,96.5,138985.39,,80.0,0
2025-11-04 16:48:00,91.41666666666669,91.41666666666669,96.7,96.7,139219.83,,80.0,0
2025-11-04 16:51:00,91.41666666666669,91.41666666666669,96.5,96.5,138926.78999999998,,80.0,0
2025-11-04 16:54:00,91.41666666666669,91.41666666666669,96.5,96.2,138575.125,,80.0,0
2025-11-04 16:57:00,91.41666666666669,91.41666666666669,96.55,96.55,139044.0,,80.0,0
2025-11-04 17:00:00,91.41666666666669,91.41666666666669,96.45,96.45,138868.18,,80.0,0
2025-11-04 17:03:00,91.41666666666669,91.41666666666669,96.65,96.65,139161.21999999997,,80.0,0
2025-11-04 17:06:00,91.41666666666669,91.41666666666669,95.9,95.9,138047.64,,80.0,0
2025-11-04 17:09:00,91.41666666666669,91.41666666666669,96.75,96.75,139278.44,,80.0,0
2025-11-04 17:12:00,91.41666666666669,91.41666666666669,96.55,96.55,139044.0,,80.0,0
2025-11-04 17:15:00,91.41666666666669,91.41666666666669,96.15,96.15,138457.90000000002,,80.0,0
2025-11-04 17:18:00,91.41666666666669,91.41666666666669,96.5,96.5,138985.39,,80.0,0
2025-11-04 17:21:00,91.41666666666669,91.41666666666669,96.15,96.15,138399.305,,80.0,0
2025-11-04 17:24:00,91.41666666666669,91.41666666666669,96.2,96.2,138516.515,,80.0,0
2025-11-04 17:27:00,91.41666666666669,91.41666666666669,96.55000000000001,96.55000000000001,139043.995,,80.0,0
2025-11-04 17:30:00,91.41666666666669,91.41666666666669,96.6,96.6,139102.61,,80.0,0
2025-11-04 17:33:00,91.41666666666669,91.41666666666669,96.15,96.15,138399.305,,80.0,0
2025-11-04 17:36:00,91.41666666666669,91.41666666666669,96.6,96.6,139102.61,,80.0,0
2025-11-04 17:39:00,91.41666666666669,91.41666666666669,96.2,96.2,138516.515,,80.0,0
2025-11-04 17:42:00,91.41666666666669,91.41666666666669,95.4,95.4,137402.92,,80.0,0
2025-11-04 17:45:00,91.41666666666669,91.41666666666669,96.15,96.15,138457.91499999998,,80.0,0
2025-11-04 17:48:00,91.41666666666669,91.41666666666669,96.1,96.1,138399.29499999998,,80.0,0
2025-11-04 17:51:00,91.41666666666669,91.41666666666669,96.45,96.45,138868.18,,80.0,0
2025-11-04 17:54:00,91.41666666666669,91.41666666666669,96.25,96.25,138575.125,,80.0,0
2025-11-04 17:57:00,91.41666666666669,91.41666666666669,96.45,96.45,138926.77500000002,,80.0,0
2025-11-04 18:00:00,91.41666666666669,91.41666666666669,95.65,95.65,137695.975,,80.0,0
2025-11-04 18:03:00,91.41666666666669,91.41666666666669,95.7,95.7,137871.805,,80.0,0
2025-11-04 18:06:00,91.41666666666669,91.41666666666669,95.45,95.45,137402.91999999998,,80.0,0
2025-11-04 18:09:00,91.41666666666669,91.41666666666669,95.75,95.75,137871.81,,80.0,0
2025-11-04 18:12:00,91.41666666666669,91.41666666666669,96.45,96.45,138926.77500000002,,80.0,0
2025-11-04 18:15:00,91.41666666666669,91.41666666666669,96.55,96.55,139044.0,,80.0,0
2025-11-04 18:18:00,91.41666666666669,91.41666666666669,96.5,96.5,138985.39,,80.0,0
2025-11-04 18:21:00,91.41666666666669,91.41666666666669,96.4,96.4,138868.16,,80.0,0
2025-11-04 18:24:00,91.41666666666669,91.41666666666669,95.95,95.95,138164.86,,80.0,0
2025-11-04 18:27:00,91.41666666666669,91.41666666666669,95.5,95.5,137578.75,,80.0,0
2025-11-04 18:30:00,91.41666666666669,91.41666666666669,96.45,96.45,138868.18,,80.0,0
2025-11-04 18:33:00,91.41666666666669,91.41666666666669,96.15,96.15,138457.91499999998,,80.0,0
2025-11-04 18:36:00,91.41666666666669,91.41666666666669,96.55,96.55,139044.0,,80.0,0
2025-11-04 18:39:00,91.41666666666669,91.41666666666669,96.7,96.7,139219.83,,80.0,0
2025-11-04 18:42:00,91.41666666666669,91.41666666666669,96.45,96.45,138926.77500000002,,80.0,0
2025-11-04 18:45:00,91.41666666666669,91.41666666666669,95.80000000000001,95.80000000000001,137989.025,,80.0,0
2025-11-04 18:48:00,91.41666666666669,91.41666666666669,96.15,96.15,138399.305,,80.0,0
2025-11-04 18:51:00,91.41666666666669,91.41666666666669,96.4,96.4,138809.565,,80.0,0
2025-11-04 18:54:00,91.41666666666669,91.41666666666669,96.5,96.5,138985.39,,80.0,0
2025-11-04 18:57:00,91.41666666666669,91.41666666666669,96.5,96.5,138985.39,,80.0,0
2025-11-04 19:00:00,91.41666666666669,91.41666666666669,95.95,95.95,138164.86,,80.0,0
2025-11-04 19:03:00,91.41666666666669,91.41666666666669,96.1,96.1,138399.29,,80.0,0
2025-11-04 19:06:00,91.41666666666669,91.41666666666669,95.6,95.6,137695.97499999998,,80.0,0
2025-11-04 19:09:00,91.41666666666669,91.41666666666669,96.15,96.15,138457.90000000002,,80.0,0
2025-11-04 19:12:00,91.41666666666669,91.41666666666669,96.5,96.5,138985.39,,80.0,0
2025-11-04 19:15:00,91.41666666666669,91.41666666666669,96.2,96.2,138575.125,,80.0,0
2025-11-04 19:18:00,91.41666666666669,91.41666666666669,96.45,96.45,138868.18,,80.0,0
2025-11-04 19:21:00,91.41666666666669,91.41666666666669,96.45,96.45,138926.77500000002,,80.0,0
2025-11-04 19:24:00,91.41666666666669,91.41666666666669,96.5,96.5,138985.39,,80.0,0
2025-11-04 19:27:00,91.41666666666669,91.41666666666669,96.45,96.2,138575.125,,80.0,0
2025-11-04 19:30:00,91.41666666666669,91.41666666666669,96.4,96.4,138868.16,,80.0,0
2025-11-04 19:33:00,91.41666666666669,91.41666666666669,96.55,96.55,139044.0,,80.0,0
2025-11-04 19:36:00,91.41666666666669,91.41666666666669,96.15,96.15,138457.90000000002,,80.0,0
2025-11-04 19:39:00,91.41666666666669,91.41666666666669,96.45,96.45,138926.77500000002,,80.0,0
2025-11-04 19:42:00,91.41666666666669,91.41666666666669,95.75,95.75,137871.81,,80.0,0
2025-11-04 19:45:00,91.41666666666669,91.41666666666669,96.5,96.5,138985.39,,80.0,0
2025-11-04 19:48:00,91.41666666666669,91.41666666666669,96.15,96.15,138516.51,,80.0,0
2025-11-04 19:51:00,91.41666666666669,91.41666666666669,95.9,95.9,138106.25,,80.0,0
2025-11-04 19:54:00,91.41666666666669,91.41666666666669,96.6,96.6,139102.61,,80.0,0
2025-11-04 19:57:00,91.41666666666669,91.41666666666669,96.5,96.5,138985.39,,80.0,0
2025-11-04 20:00:00,91.41666666666669,91.41666666666669,96.4,96.4,138868.16,,80.0,0
2025-11-04 20:03:00,91.41666666666669,91.41666666666669,96.5,96.5,138985.39,,80.0,0
2025-11-04 20:06:00,91.41666666666669,91.41666666666669,96.15,96.15,138457.90000000002,,80.0,0
2025-11-04 20:09:00,91.41666666666669,91.41666666666669,96.55,96.55,139044.0,,80.0,0
2025-11-04 20:12:00,91.41666666666669,91.41666666666669,96.15,96.15,138516.51,,80.0,0
2025-11-04 20:15:00,91.41666666666669,91.41666666666669,96.4,96.4,138750.97,,80.0,0
2025-11-04 20:18:00,91.41666666666669,91.41666666666669,96.5,96.5,138985.39,,80.0,0
2025-11-04 20:21:00,91.41666666666669,91.41666666666669,96.45,96.45,138926.77500000002,,80.0,0
2025-11-04 20:24:00,91.41666666666669,91.41666666666669,96.45,95.80000000000001,137930.415,,80.0,0
2025-11-04 20:27:00,91.41666666666669,91.41666666666669,96.45,96.45,138926.77500000002,,80.0,0
2025-11-04 20:30:00,91.41666666666669,91.41666666666669,96.45,95.9,138047.64,,80.0,0
2025-11-04 20:33:00,91.41666666666669,91.41666666666669,96.45,95.80000000000001,137930.415,,80.0,0
2025-11-04 20:36:00,91.41666666666669,91.41666666666669,96.55,96.55,139044.0,,80.0,0
2025-11-04 20:39:00,91.41666666666669,91.41666666666669,96.5,96.5,138985.39,,80.0,0
2025-11-04 20:42:00,91.41666666666669,91.41666666666669,96.4,96.4,138809.565,,80.0,0
2025-11-04 20:45:00,91.41666666666669,91.41666666666669,96.5,96.5,138926.78999999998,,80.0,0
2025-11-04 20:48:00,91.41666666666669,91.41666666666669,96.45,96.45,138926.77500000002,,80.0,0
2025-11-04 20:51:00,91.41666666666669,91.41666666666669,96.45,96.2,138516.515,,80.0,0
2025-11-04 20:54:00,91.41666666666669,91.41666666666669,96.5,96.5,138985.39,,80.0,0
2025-11-04 20:57:00,91.41666666666669,91.41666666666669,96.4,96.4,138868.16,,80.0,0
2025-11-04 21:00:00,91.41666666666669,91.41666666666669,95.9,95.9,138047.64,,80.0,0
2025-11-04 21:03:00,91.41666666666669,91.41666666666669,96.5,96.5,138985.39,,80.0,0
2025-11-04 21:06:00,91.41666666666669,91.41666666666669,96.15,96.15,138516.51,,80.0,0
2025-11-04 21:09:00,91.41666666666669,91.41666666666669,96.5,96.5,138985.39,,80.0,0
2025-11-04 21:12:00,91.41666666666669,91.41666666666669,95.9,95.9,138047.64,,80.0,0
2025-11-04 21:15:00,91.41666666666669,91.41666666666669,95.9,95.9,138106.25,,80.0,0
2025-11-04 21:18:00,91.41666666666669,91.41666666666669,96.1,96.1,138340.695,,80.0,0
2025-11-04 21:21:00,91.41666666666669,91.41666666666669,96.15,96.15,138516.51,,80.0,0
2025-11-04 21:24:00,91.41666666666669,91.41666666666669,96.4,96.4,138750.97,,80.0,0
2025-11-04 21:27:00,91.41666666666669,91.41666666666669,96.4,96.4,138750.97,,80.0,0
2025-11-04 21:30:00,91.41666666666669,91.41666666666669,96.5,96.5,138985.39,,80.0,0
2025-11-04 21:33:00,91.41666666666669,91.41666666666669,96.5,96.5,138985.39,,80.0,0
2025-11-04 21:36:00,91.41666666666669,91.41666666666669,96.45,96.45,138868.18,,80.0,0
2025-11-04 21:39:00,91.41666666666669,91.41666666666669,96.15,96.15,138399.305,,80.0,0
2025-11-04 21:42:00,91.41666666666669,91.41666666666669,96.45,96.45,138868.18,,80.0,0
2025-11-04 21:45:00,91.41666666666669,91.41666666666669,96.15,96.15,138457.90000000002,,80.0,0
2025-11-04 21:48:00,91.41666666666669,91.41666666666669,96.2,96.2,138516.515,,80.0,0
2025-11-04 21:51:00,91.41666666666669,91.41666666666669,96.4,96.4,138868.16,,80.0,0
2025-11-04 21:54:00,91.41666666666669,91.41666666666669,96.2,96.2,138575.125,,80.0,0
2025-11-04 21:57:00,91.41666666666669,91.41666666666669,96.5,96.5,138985.39,,80.0,0
2025-11-04 22:00:00,91.41666666666669,91.41666666666669,96.4,96.4,138868.16,,80.0,0
2025-11-04 22:03:00,91.41666666666669,91.41666666666669,96.45,96.45,138868.18,,80.0,0
2025-11-04 22:06:00,91.41666666666669,91.41666666666669,96.5,96.5,138985.39,,80.0,0
2025-11-04 22:09:00,91.41666666666669,91.41666666666669,95.55,95.55,137578.755,,80.0,0
2025-11-04 22:12:00,91.41666666666669,91.41666666666669,95.8,95.8,137930.42,,80.0,0
2025-11-04 22:15:00,91.41666666666669,91.41666666666669,95.9,95.9,138047.64,,80.0,0
2025-11-04 22:18:00,91.41666666666669,91.41666666666669,96.15,96.15,138399.305,,80.0,0
2025-11-04 22:21:00,91.41666666666669,91.41666666666669,96.15,96.15,138457.91499999998,,80.0,0
2025-11-04 22:24:00,91.41666666666669,91.41666666666669,96.45,96.45,138868.18,,80.0,0
2025-11-04 22:27:00,91.41666666666669,91.41666666666669,96.15,96.15,138457.91499999998,,80.0,0
2025-11-04 22:30:00,91.41666666666669,91.41666666666669,96.05000000000001,96.05000000000001,138340.675,,80.0,0
2025-11-04 22:33:00,91.41666666666669,91.41666666666669,96.15,96.15,138516.51,,80.0,0
2025-11-04 22:36:00,91.41666666666669,91.41666666666669,95.9,95.9,138047.64,,80.0,0
2025-11-04 22:39:00,91.41666666666669,91.41666666666669,95.6,95.6,137637.365,,80.0,0
2025-11-04 22:42:00,91.41666666666669,91.41666666666669,96.45,96.45,138868.18,,80.0,0
2025-11-04 22:45:00,91.41666666666669,91.41666666666669,95.9,95.9,138047.64,,80.0,0
2025-11-04 22:48:00,91.41666666666669,91.41666666666669,96.2,96.2,138516.515,,80.0,0
2025-11-04 22:51:00,91.41666666666669,91.41666666666669,95.9,95.9,138106.25,,80.0,0
2025-11-04 22:54:00,91.41666666666669,91.41666666666669,96.15,96.15,138457.90000000002,,80.0,0
2025-11-04 22:57:00,91.41666666666669,91.41666666666669,96.4,96.4,138750.97,,80.0,0
2025-11-04 23:00:00,91.41666666666669,91.41666666666669,95.9,95.9,138047.64,,80.0,0
2025-11-04 23:03:00,91.41666666666669,91.41666666666669,96.5,96.5,138985.39,,80.0,0
2025-11-04 23:06:00,91.41666666666669,91.41666666666669,96.45,96.45,138926.77500000002,,80.0,0
2025-11-04 23:09:00,91.41666666666669,91.41666666666669,96.5,96.5,138985.39,,80.0,0
2025-11-04 23:12:00,91.41666666666669,91.41666666666669,95.9,95.9,138047.64,,80.0,0
2025-11-04 23:15:00,91.41666666666669,91.41666666666669,96.45,96.45,138868.18,,80.0,0
2025-11-04 23:18:00,91.41666666666669,91.41666666666669,96.2,96.2,138516.515,,80.0,0
2025-11-04 23:21:00,91.41666666666669,91.41666666666669,95.9,95.9,138047.64,,80.0,0
2025-11-04 23:24:00,91.41666666666669,91.41666666666669,95.9,95.9,138106.25,,80.0,0
2025-11-04 23:27:00,91.41666666666669,91.41666666666669,96.05000000000001,96.05000000000001,138340.675,,80.0,0
2025-11-04 23:30:00,91.41666666666669,91.41666666666669,95.9,95.9,138106.25,,80.0,0
2025-11-04 23:33:00,91.41666666666669,91.41666666666669,96.45,96.45,138926.77500000002,,80.0,0
2025-11-04 23:36:00,91.41666666666669,91.41666666666669,95.9,95.9,138106.25,,80.0,0
2025-11-04 23:39:00,91.41666666666669,91.41666666666669,96.4,96.4,138868.16,,80.0,0
2025-11-04 23:42:00,91.41666666666669,91.41666666666669,95.9,95.9,138047.64,,80.0,0
2025-11-04 23:45:00,91.41666666666669,91.41666666666669,95.9,95.9,138047.64,,80.0,0
2025-11-04 23:48:00,91.41666666666669,91.41666666666669,96.15,96.15,138399.305,,80.0,0
2025-11-04 23:51:00,91.41666666666669,91.41666666666669,95.65,95.65,137695.975,,80.0,0
2025-11-04 23:54:00,91.41666666666669,91.41666666666669,96.4,96.4,138809.565,,80.0,0
2025-11-04 23:57:00,91.41666666666669,91.41666666666669,96.15,96.15,138457.91499999998,,80.0,0
2025-11-05 00:00:00,91.41666666666669,91.41666666666669,96.15,96.15,138457.90000000002,,80.0,0
2025-11-05 00:03:00,91.41666666666669,91.41666666666669,95.75,95.75,137871.81,,80.0,0
2025-11-05 00:06:00,91.41666666666669,91.41666666666669,95.9,95.9,138047.64,,80.0,0
2025-11-05 00:09:00,91.41666666666669,91.41666666666669,96.15,96.15,138399.305,,80.0,0
2025-11-05 00:12:00,91.41666666666669,91.41666666666669,96.55,96.55,139044.0,,80.0,0
2025-11-05 00:15:00,91.41666666666669,91.41666666666669,95.65,95.65,137754.58500000002,,80.0,0
2025-11-05 00:18:00,91.41666666666669,91.41666666666669,96.35,96.35,138809.565,,80.0,0
2025-11-05 00:21:00,91.41666666666669,91.41666666666669,95.9,95.9,138047.64,,80.0,0
2025-11-05 00:24:00,91.41666666666669,91.41666666666669,96.1,96.1,138340.695,,80.0,0
2025-11-05 00:27:00,91.41666666666669,91.41666666666669,95.9,96.15,138399.305,,80.0,0
2025-11-05 00:30:00,91.41666666666669,91.41666666666669,95.9,95.9,138047.64,,80.0,0
2025-11-05 00:33:00,91.41666666666669,91.41666666666669,95.9,95.9,138047.64,,80.0,0
2025-11-05 00:36:00,91.41666666666669,91.41666666666669,95.9,95.9,138047.64,,80.0,0
2025-11-05 00:39:00,91.41666666666669,91.41666666666669,95.9,96.5,138985.39,,80.0,0
2025-11-05 00:42:00,91.41666666666669,91.41666666666669,95.9,95.9,138047.64,,80.0,0
2025-11-05 00:45:00,91.41666666666669,91.41666666666669,95.9,95.9,138106.25,,80.0,0
2025-11-05 00:48:00,91.41666666666669,91.41666666666669,95.9,96.4,138750.97,,80.0,0
2025-11-05 00:51:00,91.41666666666669,91.41666666666669,95.9,95.8,137930.42,,80.0,0
2025-11-05 00:54:00,91.41666666666669,91.41666666666669,95.9,95.9,138047.64,,80.0,0
2025-11-05 00:57:00,91.41666666666669,91.41666666666669,95.80000000000001,95.80000000000001,137930.415,,80.0,0
2025-11-05 01:00:00,91.41666666666669,91.41666666666669,96.15,96.15,138457.90000000002,,80.0,0
2025-11-05 01:03:00,91.41666666666669,91.41666666666669,95.9,95.9,138106.25,,80.0,0
2025-11-05 01:06:00,91.41666666666669,91.41666666666669,95.9,95.9,138164.86,,80.0,0
2025-11-05 01:09:00,91.41666666666669,91.41666666666669,95.75,95.75,137871.805,,80.0,0
2025-11-05 01:12:00,91.41666666666669,91.41666666666669,96.4,96.4,138750.97,,80.0,0
2025-11-05 01:15:00,91.41666666666669,91.41666666666669,96.45,96.45,138926.77500000002,,80.0,0
2025-11-05 01:18:00,91.41666666666669,91.41666666666669,95.9,95.9,138047.64,,80.0,0
2025-11-05 01:21:00,91.41666666666669,91.41666666666669,96.4,96.4,138750.97,,80.0,0
2025-11-05 01:24:00,91.41666666666669,91.41666666666669,95.9,95.9,138106.25,,80.0,0
2025-11-05 01:27:00,91.41666666666669,91.41666666666669,95.9,95.9,138047.64,,80.0,0
2025-11-05 01:30:00,91.41666666666669,91.41666666666669,96.4,96.4,138750.97,,80.0,0
2025-11-05 01:33:00,91.41666666666669,91.41666666666669,96.15,96.15,138516.51,,80.0,0
2025-11-05 01:36:00,91.41666666666669,91.41666666666669,96.4,96.4,138750.97,,80.0,0
2025-11-05 01:39:00,91.41666666666669,91.41666666666669,95.6,95.6,137695.98,,80.0,0
2025-11-05 01:42:00,91.41666666666669,91.41666666666669,95.7,95.7,137813.195,,80.0,0
2025-11-05 01:45:00,91.41666666666669,91.41666666666669,95.9,95.9,138106.25,,80.0,0
2025-11-05 01:48:00,91.41666666666669,91.41666666666669,95.9,95.9,138047.64,,80.0,0
2025-11-05 01:51:00,91.41666666666669,91.41666666666669,95.6,95.6,137695.98,,80.0,0
2025-11-05 01:54:00,91.41666666666669,91.41666666666669,95.7,95.7,137813.195,,80.0,0
2025-11-05 01:57:00,91.41666666666669,91.41666666666669,95.9,95.9,138047.64,,80.0,0
2025-11-05 02:00:00,91.41666666666669,91.41666666666669,95.8,95.8,137930.42,,80.0,0
2025-11-05 02:03:00,91.41666666666669,91.41666666666669,95.9,95.9,138106.25,,80.0,0
2025-11-05 02:06:00,91.41666666666669,91.41666666666669,95.9,95.9,138047.64,,80.0,0
2025-11-05 02:09:00,91.41666666666669,91.41666666666669,95.7,95.7,137813.19,,80.0,0
2025-11-05 02:12:00,91.41666666666669,91.41666666666669,95.9,95.80000000000001,137930.415,,80.0,0
2025-11-05 02:15:00,91.41666666666669,91.41666666666669,95.9,95.9,138047.64,,80.0,0
2025-11-05 02:18:00,91.41666666666669,91.41666666666669,95.9,96.05000000000001,138282.08000000002,,80.0,0
2025-11-05 02:21:00,91.41666666666669,91.41666666666669,95.9,95.9,138047.64,,80.0,0
2025-11-05 02:24:00,91.41666666666669,91.41666666666669,95.9,95.9,138047.64,,80.0,0
2025-11-05 02:27:00,91.41666666666669,91.41666666666669,95.9,95.9,138047.64,,80.0,0
2025-11-05 02:30:00,91.41666666666669,91.41666666666669,95.9,95.9,138047.64,,80.0,0
2025-11-05 02:33:00,91.41666666666669,91.41666666666669,95.9,96.2,138516.515,,80.0,0
2025-11-05 02:36:00,91.41666666666669,91.41666666666669,95.9,95.9,138047.64,,80.0,0
2025-11-05 02:39:00,91.41666666666669,91.41666666666669,95.9,96.15,138457.91499999998,,80.0,0
2025-11-05 02:42:00,91.41666666666669,91.41666666666669,95.9,96.15,138399.305,,80.0,0
2025-11-05 02:45:00,91.41666666666669,91.41666666666669,95.9,95.9,138047.64,,80.0,0
2025-11-05 02:48:00,91.41666666666669,91.41666666666669,95.9,95.9,138047.64,,80.0,0
2025-11-05 02:51:00,91.41666666666669,91.41666666666669,95.9,95.7,137813.19,,80.0,0
2025-11-05 02:54:00,91.41666666666669,91.41666666666669,95.9,95.9,138047.64,,80.0,0
2025-11-05 02:57:00,91.41666666666669,91.41666666666669,95.9,95.9,138047.64,,80.0,0
2025-11-05 03:00:00,91.41666666666669,91.41666666666669,95.75,95.75,137871.805,,80.0,0
2025-11-05 03:03:00,91.41666666666669,91.41666666666669,95.80000000000001,95.80000000000001,137930.415,,80.0,0
2025-11-05 03:06:00,91.41666666666669,91.41666666666669,95.80000000000001,95.4,137402.915,,80.0,0
2025-11-05 03:09:00,91.41666666666669,91.41666666666669,95.9,95.9,138047.64,,80.0,0
2025-11-05 03:12:00,91.41666666666669,91.41666666666669,95.75,95.75,137871.805,,80.0,0
2025-11-05 03:15:00,91.41666666666669,91.41666666666669,95.75,95.75,137871.805,,80.0,0
2025-11-05 03:18:00,91.41666666666669,91.41666666666669,95.80000000000001,95.80000000000001,137930.415,,80.0,0
2025-11-05 03:21:00,91.41666666666669,91.41666666666669,95.9,95.9,138047.64,,80.0,0
2025-11-05 03:24:00,91.41666666666669,91.41666666666669,95.80000000000001,95.80000000000001,137930.415,,80.0,0
2025-11-05 03:27:00,91.41666666666669,91.41666666666669,95.7,95.7,137813.195,,80.0,0
2025-11-05 03:30:00,91.41666666666669,91.41666666666669,95.9,95.9,138047.64,,80.0,0
2025-11-05 03:33:00,91.41666666666669,91.41666666666669,95.80000000000001,95.80000000000001,137930.415,,80.0,0
2025-11-05 03:36:00,91.41666666666669,91.41666666666669,95.69999999999999,95.69999999999999,137813.2,,80.0,0
2025-11-05 03:39:00,91.41666666666669,91.41666666666669,96.15,96.15,138399.305,,80.0,0
2025-11-05 03:42:00,91.41666666666669,91.41666666666669,95.85,95.85,137989.03000000003,,80.0,0
2025-11-05 03:45:00,91.41666666666669,91.41666666666669,95.65,95.65,137754.58500000002,,80.0,0
2025-11-05 03:48:00,91.41666666666669,91.41666666666669,95.75,95.75,137871.805,,80.0,0
2025-11-05 03:51:00,91.41666666666669,91.41666666666669,95.75,95.75,137871.805,,80.0,0
2025-11-05 03:54:00,91.41666666666669,91.41666666666669,95.8,95.8,137930.42,,80.0,0
2025-11-05 03:57:00,91.41666666666669,91.41666666666669,95.7,95.7,137754.58500000002,,80.0,0
2025-11-05 04:00:00,91.41666666666669,91.41666666666669,95.85,95.85,137989.03000000003,,80.0,0
2025-11-05 04:03:00,91.41666666666669,91.41666666666669,95.80000000000001,95.80000000000001,137930.415,,80.0,0
2025-11-05 04:06:00,91.41666666666669,91.41666666666669,95.9,95.9,138047.64,,80.0,0
2025-11-05 04:09:00,91.41666666666669,91.41666666666669,95.9,95.9,138047.64,,80.0,0
2025-11-05 04:12:00,91.41666666666669,91.41666666666669,95.5,95.5,137578.75,,80.0,0
2025-11-05 04:15:00,91.41666666666669,91.41666666666669,96.15,96.15,138516.51,,80.0,0
2025-11-05 04:18:00,91.41666666666669,91.41666666666669,95.8,95.8,137930.42,,80.0,0
2025-11-05 04:21:00,91.41666666666669,91.41666666666669,95.9,95.45,137461.53,,80.0,0
2025-11-05 04:24:00,91.41666666666669,91.41666666666669,95.9,95.9,138047.64,,80.0,0
2025-11-05 04:27:00,91.41666666666669,91.41666666666669,95.7,95.7,137813.19,,80.0,0
2025-11-05 04:30:00,91.41666666666669,91.41666666666669,95.9,95.9,138047.64,,80.0,0
2025-11-05 04:33:00,91.41666666666669,91.41666666666669,95.9,95.9,138047.64,,80.0,0
2025-11-05 04:36:00,91.41666666666669,91.41666666666669,95.85,95.85,137989.03000000003,,80.0,0
2025-11-05 04:39:00,91.41666666666669,91.41666666666669,95.7,95.7,137813.19,,80.0,0
2025-11-05 04:42:00,91.41666666666669,91.41666666666669,95.9,95.9,138047.64,,80.0,0
2025-11-05 04:45:00,91.41666666666669,91.41666666666669,95.80000000000001,95.80000000000001,137930.415,,80.0,0
2025-11-05 04:48:00,91.41666666666669,91.41666666666669,95.80000000000001,95.80000000000001,137930.415,,80.0,0
2025-11-05 04:51:00,91.41666666666669,91.41666666666669,95.7,95.7,137813.19,,80.0,0
2025-11-05 04:54:00,91.41666666666669,91.41666666666669,95.6,95.6,137695.97,,80.0,0
2025-11-05 04:57:00,91.41666666666669,91.41666666666669,95.9,95.9,138164.86,,80.0,0
2025-11-05 05:00:00,91.41666666666669,91.41666666666669,95.9,95.9,138047.64,,80.0,0
2025-11-05 05:03:00,91.41666666666669,91.41666666666669,95.80000000000001,95.80000000000001,137930.415,,80.0,0
2025-11-05 05:06:00,91.41666666666669,91.41666666666669,95.85,95.85,137989.03000000003,,80.0,0
2025-11-05 05:09:00,91.41666666666669,91.41666666666669,95.7,95.7,137813.19,,80.0,0
2025-11-05 05:12:00,91.41666666666669,91.41666666666669,95.80000000000001,95.80000000000001,137930.415,,80.0,0
2025-11-05 05:15:00,91.41666666666669,91.41666666666669,96.15,96.15,138457.91499999998,,80.0,0
2025-11-05 05:18:00,91.41666666666669,91.41666666666669,95.55,95.55,137637.365,,80.0,0
2025-11-05 05:21:00,91.41666666666669,91.41666666666669,95.7,95.7,137813.195,,80.0,0
2025-11-05 05:24:00,91.41666666666669,91.41666666666669,95.80000000000001,95.80000000000001,137930.415,,80.0,0
2025-11-05 05:27:00,91.41666666666669,91.41666666666669,95.8,95.8,137930.42,,80.0,0
2025-11-05 05:30:00,91.41666666666669,91.41666666666669,96.15,96.15,138457.91499999998,,80.0,0
2025-11-05 05:33:00,91.41666666666669,91.41666666666669,95.9,95.9,138047.64,,80.0,0
2025-11-05 05:36:00,91.41666666666669,91.41666666666669,95.6,95.6,137695.97,,80.0,0
2025-11-05 05:39:00,91.41666666666669,91.41666666666669,95.80000000000001,95.80000000000001,137989.025,,80.0,0
2025-11-05 05:42:00,91.41666666666669,91.41666666666669,95.65,95.65,137754.58500000002,,80.0,0
2025-11-05 05:45:00,91.41666666666669,91.41666666666669,95.7,95.7,137813.19,,80.0,0
2025-11-05 05:48:00,91.41666666666669,91.41666666666669,95.65,95.65,137754.58500000002,,80.0,0
2025-11-05 05:51:00,91.41666666666669,91.41666666666669,95.6,95.6,137695.97,,80.0,0
2025-11-05 05:54:00,91.41666666666669,91.41666666666669,95.7,95.7,137813.195,,80.0,0
2025-11-05 05:57:00,91.41666666666669,91.41666666666669,95.80000000000001,96.15,138457.91499999998,,80.0,0
2025-11-05 06:00:00,91.41666666666669,91.41666666666669,95.80000000000001,95.80000000000001,137930.415,,80.0,0
2025-11-05 06:03:00,91.41666666666669,91.41666666666669,95.80000000000001,95.80000000000001,137930.415,,80.0,0
2025-11-05 06:06:00,91.41666666666669,91.41666666666669,95.85,95.85,138047.64,,80.0,0
2025-11-05 06:09:00,91.41666666666669,91.41666666666669,95.85,95.85,137989.03000000003,,80.0,0
2025-11-05 06:12:00,91.41666666666669,91.41666666666669,95.85,95.85,137989.03000000003,,80.0,0
2025-11-05 06:15:00,91.41666666666669,91.41666666666669,95.80000000000001,95.80000000000001,137930.415,,80.0,0
2025-11-05 06:18:00,91.41666666666669,91.41666666666669,95.9,95.9,138047.64,,80.0,0
2025-11-05 06:21:00,91.41666666666669,91.41666666666669,95.75,95.75,137871.805,,80.0,0
2025-11-05 06:24:00,91.41666666666669,91.41666666666669,95.6,95.6,137695.98,,80.0,0
2025-11-05 06:27:00,91.41666666666669,91.41666666666669,95.55000000000001,95.55000000000001,137578.75,,80.0,0
2025-11-05 06:30:00,91.41666666666669,91.41666666666669,95.55,95.55,137637.365,,80.0,0
2025-11-05 06:33:00,91.41666666666669,91.41666666666669,95.35,95.35,137285.7,,80.0,0
2025-11-05 06:36:00,91.41666666666669,91.41666666666669,95.5,95.5,137578.75,,80.0,0
2025-11-05 06:39:00,91.41666666666669,91.41666666666669,95.75,95.75,137871.805,,80.0,0
2025-11-05 06:42:00,91.41666666666669,91.41666666666669,95.75,95.75,137871.805,,80.0,0
2025-11-05 06:45:00,91.41666666666669,91.41666666666669,95.55,95.55,137637.365,,80.0,0
2025-11-05 06:48:00,91.41666666666669,91.41666666666669,95.7,95.7,137813.19,,80.0,0
2025-11-05 06:51:00,91.41666666666669,91.41666666666669,95.85,95.85,137989.03000000003,,80.0,0
2025-11-05 06:54:00,91.41666666666669,91.41666666666669,95.7,95.25,137168.475,,80.0,0
2025-11-05 06:57:00,91.41666666666669,91.41666666666669,95.75,95.75,137871.805,,80.0,0
2025-11-05 07:00:00,91.41666666666669,91.41666666666669,95.7,95.7,137813.19,,80.0,0
2025-11-05 07:03:00,91.41666666666669,91.41666666666669,95.75,95.75,137871.805,,80.0,0
2025-11-05 07:06:00,91.41666666666669,91.41666666666669,95.7,95.7,137813.19,,80.0,0
2025-11-05 07:09:00,91.41666666666669,91.41666666666669,95.6,95.6,137695.97,,80.0,0
2025-11-05 07:12:00,91.41666666666669,91.41666666666669,95.80000000000001,95.80000000000001,137930.415,,80.0,0
2025-11-05 07:15:00,91.41666666666669,91.41666666666669,95.44999999999999,95.44999999999999,137461.53000000003,,80.0,0
2025-11-05 07:18:00,91.41666666666669,91.41666666666669,95.35,95.35,137285.7,,80.0,0
2025-11-05 07:21:00,91.41666666666669,91.41666666666669,94.95,94.95,136758.2,,80.0,0
2025-11-05 07:24:00,91.41666666666669,91.41666666666669,95.6,95.6,137637.36,,80.0,0
2025-11-05 07:27:00,91.41666666666669,91.41666666666669,94.65,94.65,136289.335,,80.0,0
2025-11-05 07:30:00,91.41666666666669,91.41666666666669,95.75,95.75,137871.805,,80.0,0
2025-11-05 07:33:00,91.41666666666669,91.41666666666669,95.4,94.2,135586.02,,80.0,0
2025-11-05 07:36:00,91.41666666666669,91.41666666666669,95.4,95.4,137402.915,,80.0,0
2025-11-05 07:39:00,91.41666666666669,91.41666666666669,95.4,95.4,137344.31,,80.0,0
2025-11-05 07:42:00,91.41666666666669,91.41666666666669,95.55,95.55,137637.365,,80.0,0
2025-11-05 07:45:00,91.41666666666669,91.41666666666669,95.45,95.45,137461.53,,80.0,0
2025-11-05 07:48:00,91.41666666666669,91.41666666666669,95.45,95.1,136992.64500000002,,80.0,0
2025-11-05 07:51:00,91.41666666666669,91.41666666666669,95.7,95.7,137813.19,,80.0,0
2025-11-05 07:54:00,91.41666666666669,91.41666666666669,95.55,95.55,137637.365,,80.0,0
2025-11-05 07:57:00,91.41666666666669,91.41666666666669,95.6,95.6,137637.36,,80.0,0
2025-11-05 08:00:00,91.41666666666669,91.41666666666669,95.45,95.45,137402.91999999998,,80.0,0
2025-11-05 08:03:00,91.41666666666669,91.41666666666669,95.7,95.7,137813.19,,80.0,0
2025-11-05 08:06:00,91.41666666666669,91.41666666666669,95.6,95.6,137695.97,,80.0,0
2025-11-05 08:09:00,91.41666666666669,91.41666666666669,95.6,95.15,137051.255,,80.0,0
2025-11-05 08:12:00,91.41666666666669,91.41666666666669,95.4,95.4,137344.31,,80.0,0
2025-11-05 08:15:00,91.41666666666669,91.41666666666669,95.5,95.5,137578.75,,80.0,0
2025-11-05 08:18:00,91.41666666666669,91.41666666666669,95.65,95.65,137754.58500000002,,80.0,0
2025-11-05 08:21:00,91.41666666666669,91.41666666666669,95.6,95.6,137695.98,,80.0,0
2025-11-05 08:24:00,91.41666666666669,91.41666666666669,95.7,95.7,137813.19,,80.0,0
2025-11-05 08:27:00,91.41666666666669,91.41666666666669,95.6,95.6,137695.98,,80.0,0
2025-11-05 08:30:00,91.41666666666669,91.41666666666669,95.6,95.6,137695.98,,80.0,0
2025-11-05 08:33:00,91.41666666666669,91.41666666666669,95.7,95.7,137813.19,,80.0,0
2025-11-05 08:36:00,91.41666666666669,91.41666666666669,95.7,95.7,137813.19,,80.0,0
2025-11-05 08:39:00,91.41666666666669,91.41666666666669,95.55000000000001,95.55000000000001,137578.75,,80.0,0
2025-11-05 08:42:00,91.41666666666669,91.41666666666669,95.65,95.65,137754.58500000002,,80.0,0
2025-11-05 08:45:00,91.41666666666669,91.41666666666669,95.65,95.65,137754.58500000002,,80.0,0
2025-11-05 08:48:00,91.41666666666669,91.41666666666669,95.6,95.6,137695.98,,80.0,0
2025-11-05 08:51:00,91.41666666666669,91.41666666666669,95.6,95.6,137695.97,,80.0,0
2025-11-05 08:54:00,91.41666666666669,91.41666666666669,95.55,95.55,137637.365,,80.0,0
2025-11-05 08:57:00,91.41666666666669,91.41666666666669,95.75,95.75,137871.805,,80.0,0
2025-11-05 09:00:00,91.41666666666669,91.41666666666669,95.6,95.6,137637.36,,80.0,0
2025-11-05 09:03:00,91.41666666666669,91.41666666666669,95.4,95.4,137402.91999999998,,80.0,0
2025-11-05 09:06:00,91.41666666666669,91.41666666666669,95.55,95.55,137637.365,,80.0,0
2025-11-05 09:09:00,91.41666666666669,91.41666666666669,95.55,95.55,137637.365,,80.0,0
2025-11-05 09:12:00,91.41666666666669,91.41666666666669,95.6,95.6,137637.36,,80.0,0
2025-11-05 09:15:00,91.41666666666669,91.41666666666669,95.4,95.4,137344.31,,80.0,0
2025-11-05 09:18:00,91.41666666666669,91.41666666666669,95.65,95.65,137754.58500000002,,80.0,0
2025-11-05 09:21:00,91.41666666666669,91.41666666666669,95.55,95.55,137637.365,,80.0,0
2025-11-05 09:24:00,91.41666666666669,91.41666666666669,95.65,95.65,137754.58500000002,,80.0,0
2025-11-05 09:27:00,91.41666666666669,91.41666666666669,95.5,95.5,137520.14,,80.0,0
2025-11-05 09:30:00,91.41666666666669,91.41666666666669,95.6,95.6,137637.36,,80.0,0
2025-11-05 09:33:00,91.41666666666669,91.41666666666669,95.55,95.55,137637.365,,80.0,0
2025-11-05 09:36:00,91.41666666666669,91.41666666666669,95.65,95.65,137754.58500000002,,80.0,0
2025-11-05 09:39:00,91.41666666666669,91.41666666666669,95.45,95.45,137461.53,,80.0,0
2025-11-05 09:42:00,91.41666666666669,91.41666666666669,95.6,95.6,137695.97,,80.0,0
2025-11-05 09:45:00,91.41666666666669,91.41666666666669,95.5,95.5,137578.75,,80.0,0
2025-11-05 09:48:00,91.41666666666669,91.41666666666669,95.5,95.75,137871.805,,80.0,0
2025-11-05 09:51:00,91.41666666666669,91.41666666666669,95.45,95.45,137461.53,,80.0,0
2025-11-05 09:54:00,91.41666666666669,91.41666666666669,95.45,95.45,137461.53,,80.0,0
2025-11-05 09:57:00,91.41666666666669,91.41666666666669,95.65,95.65,137754.58500000002,,80.0,0
2025-11-05 10:00:00,91.41666666666669,91.41666666666669,95.5,95.5,137578.75,,80.0,0
2025-11-05 10:03:00,91.41666666666669,91.41666666666669,95.45,95.45,137461.53,,80.0,0
2025-11-05 10:06:00,91.41666666666669,91.41666666666669,95.35,95.35,137285.695,,80.0,0
2025-11-05 10:09:00,91.41666666666669,91.41666666666669,95.5,95.5,137520.14,,80.0,0
2025-11-05 10:12:00,91.41666666666669,91.41666666666669,95.5,95.5,137578.75,,80.0,0
2025-11-05 10:15:00,91.41666666666669,91.41666666666669,95.6,95.6,137695.98,,80.0,0
2025-11-05 10:18:00,91.41666666666669,91.41666666666669,95.55,95.55,137637.365,,80.0,0
2025-11-05 10:21:00,91.41666666666669,91.41666666666669,95.45,95.45,137461.53,,80.0,0
2025-11-05 10:24:00,91.41666666666669,91.41666666666669,95.7,95.7,137813.19,,80.0,0
2025-11-05 10:27:00,91.41666666666669,91.41666666666669,95.55,95.55,137637.365,,80.0,0
2025-11-05 10:30:00,91.41666666666669,91.41666666666669,95.45,95.45,137461.53,,80.0,0
2025-11-05 10:33:00,91.41666666666669,91.41666666666669,95.5,95.5,137520.14,,80.0,0
2025-11-05 10:36:00,91.41666666666669,91.41666666666669,95.45,95.45,137461.53,,80.0,0
2025-11-05 10:39:00,91.41666666666669,91.41666666666669,95.5,95.5,137578.75,,80.0,0
2025-11-05 10:42:00,91.41666666666669,91.41666666666669,95.65,95.65,137754.58500000002,,80.0,0
2025-11-05 10:45:00,91.41666666666669,91.41666666666669,95.5,95.5,137578.75,,80.0,0
2025-11-05 10:48:00,91.41666666666669,91.41666666666669,95.5,95.5,137520.14,,80.0,0
2025-11-05 10:51:00,91.41666666666669,91.41666666666669,95.55,95.55,137637.365,,80.0,0
2025-11-05 10:54:00,91.41666666666669,91.41666666666669,95.7,95.7,137813.19,,80.0,0
2025-11-05 10:57:00,91.41666666666669,91.41666666666669,95.5,95.5,137578.75,,80.0,0
2025-11-05 11:00:00,91.41666666666669,91.41666666666669,95.6,95.6,137695.98,,80.0,1
2025-11-05 11:03:00,91.41666666666669,91.41666666666669,95.55000000000001,95.55000000000001,137578.75,,80.0,1
2025-11-05 11:06:00,91.41666666666669,91.41666666666669,95.7,95.45,137461.53,,80.0,1
2025-11-05 11:09:00,91.41666666666669,91.41666666666669,95.9,95.9,138106.25,,80.0,1
2025-11-05 11:12:00,91.41666666666669,91.41666666666669,95.9,95.9,138047.64,,80.0,1
2025-11-05 11:15:00,91.41666666666669,91.41666666666669,95.9,95.9,138047.64,,80.0,1
2025-11-05 11:18:00,91.41666666666669,91.41666666666669,96.15,96.15,138399.305,,80.0,1
2025-11-05 11:21:00,91.41666666666669,91.41666666666669,96.25,96.5,138985.39,,80.0,1
2025-11-05 11:24:00,91.41666666666669,91.41666666666669,96.5,96.25,138633.735,,80.0,1
2025-11-05 11:27:00,91.41666666666669,91.41666666666669,96.5,96.55,139044.0,,80.0,1
2025-11-05 11:30:00,91.41666666666669,91.41666666666669,96.55,96.5,138985.39,,80.0,1
2025-11-05 11:33:00,91.41666666666669,91.41666666666669,96.55000000000001,96.55000000000001,139043.995,,80.0,1
2025-11-05 11:36:00,91.41666666666669,91.41666666666669,96.8,96.8,139337.05,,80.0,1
2025-11-05 11:39:00,91.41666666666669,91.41666666666669,96.8,96.8,139337.05,,80.0,1
2025-11-05 11:42:00,91.41666666666669,91.41666666666669,96.85,96.85,139512.875,,80.0,1
2025-11-05 11:45:00,91.41666666666669,91.41666666666669,96.9,96.9,139571.48,,80.0,1
2025-11-05 11:48:00,91.41666666666669,91.41666666666669,96.9,97.2,139923.16,,80.0,1
2025-11-05 11:51:00,91.41666666666669,91.41666666666669,96.94999999999999,96.94999999999999,139630.10499999998,,80.0,1
2025-11-05 11:54:00,91.41666666666669,91.41666666666669,97.1,97.1,139805.94,,80.0,1
2025-11-05 11:57:00,91.41666666666669,91.41666666666669,97.0,97.0,139688.72,,80.0,1
2025-11-05 12:00:00,91.41666666666669,91.41666666666669,96.9,96.9,139571.48,,80.0,1
2025-11-05 12:03:00,91.41666666666669,91.41666666666669,97.3,97.3,140098.985,,80.0,1
2025-11-05 12:06:00,91.41666666666669,91.41666666666669,97.5,97.5,140392.03,,80.0,1
2025-11-05 12:09:00,91.41666666666669,91.41666666666669,97.5,97.5,140392.03,,80.0,1
2025-11-05 12:12:00,91.41666666666669,91.41666666666669,97.15,97.15,139864.55,,80.0,1
2025-11-05 12:15:00,91.41666666666669,91.41666666666669,96.9,96.9,139571.495,,80.0,1
2025-11-05 12:18:00,91.41666666666669,91.41666666666669,97.1,97.1,139805.94,,80.0,1
2025-11-05 12:21:00,91.41666666666669,91.41666666666669,97.6,97.6,140509.255,,80.0,1
2025-11-05 12:24:00,91.41666666666669,91.41666666666669,97.65,97.65,140626.485,,80.0,1
2025-11-05 12:27:00,91.41666666666669,91.41666666666669,97.65,97.65,140567.875,,80.0,1
2025-11-05 12:30:00,91.41666666666669,91.41666666666669,97.75,97.75,140802.32,,80.0,1
2025-11-05 12:33:00,91.41666666666669,91.41666666666669,97.75,97.55000000000001,140450.655,,80.0,1
2025-11-05 12:36:00,91.41666666666669,91.41666666666669,97.8,97.8,140860.94,,80.0,1
2025-11-05 12:39:00,91.41666666666669,91.41666666666669,97.8,97.8,140860.94,,80.0,1
2025-11-05 12:42:00,91.41666666666669,91.41666666666669,97.8,97.8,140860.94,,80.0,1
2025-11-05 12:45:00,91.41666666666669,91.41666666666669,97.9,97.9,140978.14,,80.0,1
2025-11-05 12:48:00,91.41666666666669,91.41666666666669,97.94999999999999,97.94999999999999,141036.75,,80.0,1
2025-11-05 12:51:00,91.41666666666669,91.41666666666669,97.95,98.1,141271.16999999998,,80.0,1
2025-11-05 12:54:00,91.41666666666669,91.41666666666669,98.1,98.1,141329.78,,80.0,1
2025-11-05 12:57:00,91.41666666666669,91.41666666666669,98.1,97.95,141036.76,,80.0,1
2025-11-05 13:00:00,91.41666666666669,91.41666666666669,98.19999999999999,98.19999999999999,141447.005,,80.0,1
2025-11-05 13:03:00,91.41666666666669,91.41666666666669,98.35,98.35,141622.83500000002,,80.0,1
2025-11-05 13:06:00,91.41666666666669,91.41666666666669,98.25,98.25,141505.615,,80.0,1
2025-11-05 13:09:00,91.41666666666669,91.41666666666669,98.35,98.35,141622.83500000002,,80.0,1
2025-11-05 13:12:00,91.41666666666669,91.41666666666669,98.35,97.6,140509.255,,80.0,1
2025-11-05 13:15:00,91.41666666666669,91.41666666666669,98.5,98.5,141798.67,,80.0,1
2025-11-05 13:18:00,91.41666666666669,91.41666666666669,98.45,98.45,141798.665,,80.0,1
2025-11-05 13:21:00,91.41666666666669,91.41666666666669,98.5,98.95,142443.39,,80.0,1
2025-11-05 13:24:00,91.41666666666669,91.41666666666669,98.5,98.5,141915.89,,80.0,1
2025-11-05 13:27:00,91.41666666666669,91.41666666666669,98.65,98.65,142033.11,,80.0,1
2025-11-05 13:30:00,91.41666666666669,91.41666666666669,98.5,98.5,141798.67,,80.0,1
2025-11-05 13:33:00,91.41666666666669,91.41666666666669,98.95,98.95,142443.39,,80.0,1
2025-11-05 13:36:00,91.41666666666669,91.41666666666669,98.65,98.65,142033.115,,80.0,1
2025-11-05 13:39:00,91.41666666666669,91.41666666666669,98.35,98.35,141622.83500000002,,80.0,1
2025-11-05 13:42:00,91.41666666666669,91.41666666666669,98.5,97.7,140685.08000000002,,80.0,0
2025-11-05 13:45:00,91.41666666666669,91.41666666666669,98.45,97.55,140509.25,,80.0,1
2025-11-05 13:48:00,91.41666666666669,91.41666666666669,99.0,99.0,142502.0,,80.0,0
2025-11-05 13:51:00,91.41666666666669,91.41666666666669,98.45,98.45,141740.07,,80.0,1
2025-11-05 13:54:00,91.41666666666669,91.41666666666669,97.65,97.65,140626.485,,80.0,1
2025-11-05 13:57:00,91.41666666666669,91.41666666666669,98.5,98.5,141798.69,,80.0,1
2025-11-05 14:00:00,91.41666666666669,91.41666666666669,98.4,98.4,141740.06,,80.0,0
2025-11-05 14:03:00,91.41666666666669,91.41666666666669,98.0,98.0,141095.35,,80.0,0
2025-11-05 14:06:00,91.41666666666669,91.41666666666669,97.8,97.8,140860.915,,80.0,0
2025-11-05 14:09:00,91.41666666666669,91.41666666666669,98.75,98.75,142208.945,,80.0,0
2025-11-05 14:12:00,91.41666666666669,91.41666666666669,99.1,99.1,142736.44,,80.0,0
2025-11-05 14:15:00,91.41666666666669,91.41666666666669,99.05,99.05,142677.83000000002,,80.0,0
2025-11-05 14:18:00,91.41666666666669,91.41666666666669,99.15,99.15,142795.05,,80.0,0
2025-11-05 14:21:00,91.41666666666669,91.41666666666669,98.3,98.3,141564.23,,80.0,0
2025-11-05 14:24:00,91.41666666666669,91.41666666666669,99.0,99.0,142619.22,,80.0,0
2025-11-05 14:27:00,91.41666666666669,91.41666666666669,98.7,98.7,142150.33000000002,,80.0,0
2025-11-05 14:30:00,91.41666666666669,91.41666666666669,99.0,99.0,142560.61,,80.0,0
2025-11-05 14:33:00,91.41666666666669,91.41666666666669,99.05,99.05,142677.83000000002,,80.0,0
2025-11-05 14:36:00,91.41666666666669,91.41666666666669,99.0,99.0,142619.22,,80.0,0
2025-11-05 14:39:00,91.41666666666669,91.41666666666669,99.0,99.0,142560.61,,80.0,0
2025-11-05 14:42:00,91.41666666666669,91.41666666666669,99.1,99.1,142736.44,,80.0,0
2025-11-05 14:45:00,91.41666666666669,91.41666666666669,99.05,98.69999999999999,142150.33500000002,,80.0,0
2025-11-05 14:48:00,91.41666666666669,91.41666666666669,99.19999999999999,99.19999999999999,142853.66,,80.0,0
2025-11-05 14:51:00,91.41666666666669,91.41666666666669,99.1,99.1,142736.44,,80.0,0
2025-11-05 14:54:00,91.41666666666669,91.41666666666669,98.94999999999999,98.94999999999999,142501.995,,80.0,0
2025-11-05 14:57:00,91.41666666666669,91.41666666666669,99.3,99.3,142970.88,,80.0,0
2025-11-05 15:00:00,91.41666666666669,91.41666666666669,99.05,99.05,142677.83000000002,,80.0,0
2025-11-05 15:03:00,91.41666666666669,91.41666666666669,99.25,99.25,142912.27000000002,,80.0,0
2025-11-05 15:06:00,91.41666666666669,91.41666666666669,98.95,98.95,142502.0,,80.0,0
2025-11-05 15:09:00,91.41666666666669,91.41666666666669,99.05,99.05,142677.83000000002,,80.0,0
2025-11-05 15:12:00,91.41666666666669,91.41666666666669,99.0,99.0,142619.22,,80.0,0
2025-11-05 15:15:00,91.41666666666669,91.41666666666669,99.0,99.0,142502.0,,80.0,0
2025-11-05 15:18:00,91.41666666666669,91.41666666666669,99.05,99.05,142677.83000000002,,80.0,0
2025-11-05 15:21:00,91.41666666666669,91.41666666666669,99.0,99.0,142502.0,,80.0,0
2025-11-05 15:24:00,91.41666666666669,91.41666666666669,99.0,99.30000000000001,142970.885,,80.0,0
2025-11-05 15:27:00,91.41666666666669,91.41666666666669,99.05,99.05,142619.22,,80.0,0
2025-11-05 15:30:00,91.41666666666669,91.41666666666669,98.9,98.9,142384.775,,80.0,0
2025-11-05 15:33:00,91.41666666666669,91.41666666666669,99.05,99.05,142677.83000000002,,80.0,0
2025-11-05 15:36:00,91.41666666666669,91.41666666666669,99.0,98.65,142033.11,,80.0,0
2025-11-05 15:39:00,91.41666666666669,91.41666666666669,99.0,99.0,142560.61,,80.0,0
2025-11-05 15:42:00,91.41666666666669,91.41666666666669,98.9,98.9,142384.775,,80.0,0
2025-11-05 15:45:00,91.41666666666669,91.41666666666669,98.9,98.9,142384.775,,80.0,0
2025-11-05 15:48:00,91.41666666666669,91.41666666666669,99.05,99.05,142619.22,,80.0,0
2025-11-05 15:51:00,91.41666666666669,91.41666666666669,98.95,98.95,142502.0,,80.0,0
2025-11-05 15:54:00,91.41666666666669,91.41666666666669,99.0,99.0,142560.61,,80.0,0
2025-11-05 15:57:00,91.41666666666669,91.41666666666669,99.0,99.0,142619.22,,80.0,0
2025-11-05 16:00:00,91.41666666666669,91.41666666666669,99.05,99.05,142677.83000000002,,80.0,0
2025-11-05 16:03:00,91.41666666666669,91.41666666666669,99.0,99.0,142502.0,,80.0,0
2025-11-05 16:06:00,91.41666666666669,91.41666666666669,99.0,99.0,142560.61,,80.0,0
2025-11-05 16:09:00,91.41666666666669,91.41666666666669,99.05,99.05,142677.83000000002,,80.0,0
2025-11-05 16:12:00,91.41666666666669,91.41666666666669,99.1,99.1,142736.44,,80.0,0
2025-11-05 16:15:00,91.41666666666669,91.41666666666669,99.05,99.05,142677.83000000002,,80.0,0
2025-11-05 16:18:00,91.41666666666669,91.41666666666669,99.1,99.1,142736.44,,80.0,0
2025-11-05 16:21:00,91.41666666666669,91.41666666666669,99.1,99.1,142736.44,,80.0,0
2025-11-05 16:24:00,91.41666666666669,91.41666666666669,99.0,99.0,142619.22,,80.0,0
2025-11-05 16:27:00,91.41666666666669,91.41666666666669,99.0,99.0,142502.0,,80.0,0
2025-11-05 16:30:00,91.41666666666669,91.41666666666669,99.05,99.05,142619.22,,80.0,0
2025-11-05 16:33:00,91.41666666666669,91.41666666666669,99.19999999999999,99.19999999999999,142853.66,,80.0,0
2025-11-05 16:36:00,91.41666666666669,91.41666666666669,99.05,99.05,142677.83000000002,,80.0,0
2025-11-05 16:39:00,91.41666666666669,91.41666666666669,99.1,99.1,142736.44,,80.0,0
2025-11-05 16:42:00,91.41666666666669,91.41666666666669,99.05,99.05,142619.22,,80.0,0
2025-11-05 16:45:00,91.41666666666669,91.41666666666669,99.0,99.0,142502.0,,80.0,0
2025-11-05 16:48:00,91.41666666666669,91.41666666666669,98.9,98.9,142443.385,,80.0,0
2025-11-05 16:51:00,91.41666666666669,91.41666666666669,99.05,99.05,142677.83000000002,,80.0,0
2025-11-05 16:54:00,91.41666666666669,91.41666666666669,99.1,99.1,142736.44,,80.0,0
2025-11-05 16:57:00,91.41666666666669,91.41666666666669,98.9,98.9,142384.775,,80.0,0
2025-11-05 17:00:00,91.41666666666669,91.41666666666669,98.9,97.2,139923.15500000003,,80.0,0
2025-11-05 17:03:00,91.41666666666669,91.41666666666669,98.9,98.45,141740.07,,80.0,0
2025-11-05 17:06:00,91.41666666666669,91.41666666666669,99.05,96.8,139454.27,,80.0,0
2025-11-05 17:09:00,91.41666666666669,91.41666666666669,99.3,99.3,142970.88,,80.0,0
2025-11-05 17:12:00,91.41666666666669,91.41666666666669,98.85,98.85,142326.16499999998,,80.0,0
2025-11-05 17:15:00,91.41666666666669,91.41666666666669,99.1,99.1,142736.44,,80.0,0
2025-11-05 17:18:00,91.41666666666669,91.41666666666669,99.1,99.1,142736.44,,80.0,0
2025-11-05 17:21:00,91.41666666666669,91.41666666666669,99.25,99.25,142912.27000000002,,80.0,0
2025-11-05 17:24:00,91.41666666666669,91.41666666666669,98.95,98.95,142502.0,,80.0,0
2025-11-05 17:27:00,91.41666666666669,91.41666666666669,99.05,99.05,142619.22,,80.0,0
2025-11-05 17:30:00,91.41666666666669,91.41666666666669,99.0,99.0,142502.0,,80.0,0
2025-11-05 17:33:00,91.41666666666669,91.41666666666669,98.9,98.9,142384.775,,80.0,0
2025-11-05 17:36:00,91.41666666666669,91.41666666666669,99.1,99.1,142736.44,,80.0,0
2025-11-05 17:39:00,91.41666666666669,91.41666666666669,99.0,99.0,142502.0,,80.0,0
2025-11-05 17:42:00,91.41666666666669,91.41666666666669,99.0,99.0,142560.61,,80.0,0
2025-11-05 17:45:00,91.41666666666669,91.41666666666669,99.0,98.3,141564.23,,80.0,0
2025-11-05 17:48:00,91.41666666666669,91.41666666666669,99.0,99.0,142502.0,,80.0,0
2025-11-05 17:51:00,91.41666666666669,91.41666666666669,99.1,99.1,142736.44,,80.0,0
2025-11-05 17:54:00,91.41666666666669,91.41666666666669,99.05,99.05,142619.22,,80.0,0
2025-11-05 17:57:00,91.41666666666669,91.41666666666669,99.05,99.05,142677.83000000002,,80.0,0
2025-11-05 18:00:00,91.41666666666669,91.41666666666669,99.05,99.05,142619.22,,80.0,0
2025-11-05 18:03:00,91.41666666666669,91.41666666666669,99.0,99.0,142502.0,,80.0,0
2025-11-05 18:06:00,91.41666666666669,91.41666666666669,99.0,99.0,142619.22,,80.0,0
2025-11-05 18:09:00,91.41666666666669,91.41666666666669,99.1,99.1,142736.44,,80.0,0
2025-11-05 18:12:00,91.41666666666669,91.41666666666669,99.15,99.15,142795.05,,80.0,0
2025-11-05 18:15:00,91.41666666666669,91.41666666666669,99.05,99.05,142677.83000000002,,80.0,0
2025-11-05 18:18:00,91.41666666666669,91.41666666666669,99.0,99.0,142502.0,,80.0,0
2025-11-05 18:21:00,91.41666666666669,91.41666666666669,98.95,98.95,142443.39,,80.0,0
2025-11-05 18:24:00,91.41666666666669,91.41666666666669,99.0,98.65,142091.72,,80.0,0
2025-11-05 18:27:00,91.41666666666669,91.41666666666669,99.0,99.0,142502.0,,80.0,0
2025-11-05 18:30:00,91.41666666666669,91.41666666666669,99.1,99.1,142736.44,,80.0,0
2025-11-05 18:33:00,91.41666666666669,91.41666666666669,98.95,98.95,142443.39,,80.0,0
2025-11-05 18:36:00,91.41666666666669,91.41666666666669,99.0,99.0,142502.0,,80.0,0
2025-11-05 18:39:00,91.41666666666669,91.41666666666669,99.0,99.0,142502.0,,80.0,0
2025-11-05 18:42:00,91.41666666666669,91.41666666666669,99.05,99.05,142619.22,,80.0,0
2025-11-05 18:45:00,91.41666666666669,91.41666666666669,99.0,98.4,141681.47,,80.0,0
2025-11-05 18:48:00,91.41666666666669,91.41666666666669,99.0,99.0,142502.0,,80.0,0
2025-11-05 18:51:00,91.41666666666669,91.41666666666669,98.9,98.9,142384.78,,80.0,0
2025-11-05 18:54:00,91.41666666666669,91.41666666666669,99.0,99.0,142560.61,,80.0,0
2025-11-05 18:57:00,91.41666666666669,91.41666666666669,98.94999999999999,98.94999999999999,142501.995,,80.0,0
2025-11-05 19:00:00,91.41666666666669,91.41666666666669,99.0,99.0,142502.0,,80.0,0
2025-11-05 19:03:00,91.41666666666669,91.41666666666669,98.95,98.95,142443.39,,80.0,0
2025-11-05 19:06:00,91.41666666666669,91.41666666666669,98.9,98.9,142384.775,,80.0,0
2025-11-05 19:09:00,91.41666666666669,91.41666666666669,98.8,98.8,142267.55,,80.0,0
2025-11-05 19:12:00,91.41666666666669,91.41666666666669,98.75,98.75,142150.33500000002,,80.0,0
2025-11-05 19:15:00,91.41666666666669,91.41666666666669,98.95,98.2,141447.0,,80.0,0
2025-11-05 19:18:00,91.41666666666669,91.41666666666669,99.0,99.0,142560.61,,80.0,0
2025-11-05 19:21:00,91.41666666666669,91.41666666666669,99.05,99.05,142619.22,,80.0,0
2025-11-05 19:24:00,91.41666666666669,91.41666666666669,99.0,99.0,142502.0,,80.0,0
2025-11-05 19:27:00,91.41666666666669,91.41666666666669,99.0,99.0,142502.0,,80.0,0
2025-11-05 19:30:00,91.41666666666669,91.41666666666669,98.9,98.9,142384.78,,80.0,0
2025-11-05 19:33:00,91.41666666666669,91.41666666666669,98.9,98.9,142384.78,,80.0,0
2025-11-05 19:36:00,91.41666666666669,91.41666666666669,98.75,98.75,142150.33500000002,,80.0,0
2025-11-05 19:39:00,91.41666666666669,91.41666666666669,99.1,99.1,142736.44,,80.0,0
2025-11-05 19:42:00,91.41666666666669,91.41666666666669,99.0,99.0,142502.0,,80.0,0
2025-11-05 19:45:00,91.41666666666669,91.41666666666669,99.05,99.05,142619.22,,80.0,0
2025-11-05 19:48:00,91.41666666666669,91.41666666666669,99.0,99.0,142560.61,,80.0,0
2025-11-05 19:51:00,91.41666666666669,91.41666666666669,99.0,99.0,142502.0,,80.0,0
2025-11-05 19:54:00,91.41666666666669,91.41666666666669,99.0,98.8,142267.55,,80.0,0
2025-11-05 19:57:00,91.41666666666669,91.41666666666669,99.0,98.9,142443.385,,80.0,0
2025-11-05 20:00:00,91.41666666666669,91.41666666666669,99.0,99.0,142502.0,,80.0,0
2025-11-05 20:03:00,91.41666666666669,91.41666666666669,99.0,99.0,142502.0,,80.0,0
2025-11-05 20:06:00,91.41666666666669,91.41666666666669,99.0,99.0,142502.0,,80.0,0
2025-11-05 20:09:00,91.41666666666669,91.41666666666669,99.0,99.0,142502.0,,80.0,0
2025-11-05 20:12:00,91.41666666666669,91.41666666666669,99.0,98.9,142384.775,,80.0,0
2025-11-05 20:15:00,91.41666666666669,91.41666666666669,99.0,99.0,142502.0,,80.0,0
2025-11-05 20:18:00,91.41666666666669,91.41666666666669,99.0,98.75,142208.945,,80.0,0
2025-11-05 20:21:00,91.41666666666669,91.41666666666669,99.0,99.0,142502.0,,80.0,0
2025-11-05 20:24:00,91.41666666666669,91.41666666666669,98.95,98.95,142443.39,,80.0,0
2025-11-05 20:27:00,91.41666666666669,91.41666666666669,99.1,99.1,142736.44,,80.0,0
2025-11-05 20:30:00,91.41666666666669,91.41666666666669,98.95,98.95,142502.0,,80.0,0
2025-11-05 20:33:00,91.41666666666669,91.41666666666669,99.0,99.0,142560.61,,80.0,0
2025-11-05 20:36:00,91.41666666666669,91.41666666666669,99.0,98.3,141564.23,,80.0,0
2025-11-05 20:39:00,91.41666666666669,91.41666666666669,99.05,99.05,142619.22,,80.0,0
2025-11-05 20:42:00,91.41666666666669,91.41666666666669,99.0,99.0,142502.0,,80.0,0
2025-11-05 20:45:00,91.41666666666669,91.41666666666669,98.9,98.9,142384.775,,80.0,0
2025-11-05 20:48:00,91.41666666666669,91.41666666666669,99.0,99.0,142502.0,,80.0,0
2025-11-05 20:51:00,91.41666666666669,91.41666666666669,98.85,98.85,142326.16499999998,,80.0,0
2025-11-05 20:54:00,91.41666666666669,91.41666666666669,99.1,99.1,142736.44,,80.0,0
2025-11-05 20:57:00,91.41666666666669,91.41666666666669,99.0,99.0,142502.0,,80.0,0
2025-11-05 21:00:00,91.41666666666669,91.41666666666669,98.55,98.55,141974.5,,80.0,0
2025-11-05 21:03:00,91.41666666666669,91.41666666666669,98.5,98.5,141857.28000000003,,80.0,0
2025-11-05 21:06:00,91.41666666666669,91.41666666666669,98.9,98.9,142384.775,,80.0,0
2025-11-05 21:09:00,91.41666666666669,91.41666666666669,99.05,99.05,142619.22,,80.0,0
2025-11-05 21:12:00,91.41666666666669,91.41666666666669,98.5,98.5,141915.89,,80.0,0
2025-11-05 21:15:00,91.41666666666669,91.41666666666669,98.30000000000001,98.30000000000001,141564.22,,80.0,0
2025-11-05 21:18:00,91.41666666666669,91.41666666666669,98.95,98.95,142443.39,,80.0,0
2025-11-05 21:21:00,91.41666666666669,91.41666666666669,98.9,98.9,142384.78,,80.0,0
2025-11-05 21:24:00,91.41666666666669,91.41666666666669,98.95,98.95,142502.0,,80.0,0
2025-11-05 21:27:00,91.41666666666669,91.41666666666669,98.9,97.95,141036.74,,80.0,0
2025-11-05 21:30:00,91.41666666666669,91.41666666666669,98.95,98.95,142443.39,,80.0,0
2025-11-05 21:33:00,91.41666666666669,91.41666666666669,98.95,98.95,142443.39,,80.0,0
2025-11-05 21:36:00,91.41666666666669,91.41666666666669,98.95,98.95,142443.39,,80.0,0
2025-11-05 21:39:00,91.41666666666669,91.41666666666669,98.9,98.5,141857.28000000003,,80.0,0
2025-11-05 21:42:00,91.41666666666669,91.41666666666669,98.7,98.7,142091.725,,80.0,0
2025-11-05 21:45:00,91.41666666666669,91.41666666666669,99.0,99.0,142502.0,,80.0,0
2025-11-05 21:48:00,91.41666666666669,91.41666666666669,98.95,98.65,142033.115,,80.0,0
2025-11-05 21:51:00,91.41666666666669,91.41666666666669,98.9,98.9,142384.775,,80.0,0
2025-11-05 21:54:00,91.41666666666669,91.41666666666669,98.9,98.9,142384.775,,80.0,0
2025-11-05 21:57:00,91.41666666666669,91.41666666666669,98.95,98.95,142443.39,,80.0,0
2025-11-05 22:00:00,91.41666666666669,91.41666666666669,99.0,99.0,142502.0,,80.0,0
2025-11-05 22:03:00,91.41666666666669,91.41666666666669,99.0,99.0,142502.0,,80.0,0
2025-11-05 22:06:00,91.41666666666669,91.41666666666669,98.9,98.9,142384.775,,80.0,0
2025-11-05 22:09:00,91.41666666666669,91.41666666666669,98.95,98.5,141915.89,,80.0,0
2025-11-05 22:12:00,91.41666666666669,91.41666666666669,98.95,98.95,142443.39,,80.0,0
2025-11-05 22:15:00,91.41666666666669,91.41666666666669,99.0,99.0,142502.0,,80.0,0
2025-11-05 22:18:00,91.41666666666669,91.41666666666669,98.9,98.9,142384.78,,80.0,0
2025-11-05 22:21:00,91.41666666666669,91.41666666666669,98.95,98.95,142443.39,,80.0,0
2025-11-05 22:24:00,91.41666666666669,91.41666666666669,98.95,98.65,142091.72,,80.0,0
2025-11-05 22:27:00,91.41666666666669,91.41666666666669,98.95,98.95,142443.39,,80.0,0
2025-11-05 22:30:00,91.41666666666669,91.41666666666669,98.95,98.95,142443.39,,80.0,0
2025-11-05 22:33:00,91.41666666666669,91.41666666666669,98.95,98.95,142443.39,,80.0,0
2025-11-05 22:36:00,91.41666666666669,91.41666666666669,98.9,98.9,142384.775,,80.0,0
2025-11-05 22:39:00,91.41666666666669,91.41666666666669,98.75,98.75,142150.33500000002,,80.0,0
2025-11-05 22:42:00,91.41666666666669,91.41666666666669,99.0,99.0,142502.0,,80.0,0
2025-11-05 22:45:00,91.41666666666669,91.41666666666669,98.65,98.65,142091.72,,80.0,0
2025-11-05 22:48:00,91.41666666666669,91.41666666666669,98.9,98.9,142384.78,,80.0,0
2025-11-05 22:51:00,91.41666666666669,91.41666666666669,98.65,98.65,142033.11,,80.0,0
2025-11-05 22:54:00,91.41666666666669,91.41666666666669,98.8,98.1,141212.56,,80.0,0
2025-11-05 22:57:00,91.41666666666669,91.41666666666669,98.95,98.95,142443.39,,80.0,0
2025-11-05 23:00:00,91.41666666666669,91.41666666666669,98.8,98.8,142267.55,,80.0,0
2025-11-05 23:03:00,91.41666666666669,91.41666666666669,99.0,99.0,142502.0,,80.0,0
2025-11-05 23:06:00,91.41666666666669,91.41666666666669,98.8,98.8,142267.55,,80.0,0
2025-11-05 23:09:00,91.41666666666669,91.41666666666669,98.65,98.65,142033.11,,80.0,0
2025-11-05 23:12:00,91.41666666666669,91.41666666666669,99.0,99.0,142502.0,,80.0,0
2025-11-05 23:15:00,91.41666666666669,91.41666666666669,99.0,99.0,142560.61,,80.0,0
2025-11-05 23:18:00,91.41666666666669,91.41666666666669,98.85,98.85,142326.16499999998,,80.0,0
2025-11-05 23:21:00,91.41666666666669,91.41666666666669,99.05,99.05,142677.83000000002,,80.0,0
2025-11-05 23:24:00,91.41666666666669,91.41666666666669,98.85,98.85,142326.16499999998,,80.0,0
2025-11-05 23:27:00,91.41666666666669,91.41666666666669,98.9,98.9,142384.78,,80.0,0
2025-11-05 23:30:00,91.41666666666669,91.41666666666669,99.0,99.0,142502.0,,80.0,0
2025-11-05 23:33:00,91.41666666666669,91.41666666666669,98.65,98.65,142033.11,,80.0,0
2025-11-05 23:36:00,91.41666666666669,91.41666666666669,98.65,98.65,142033.11,,80.0,0
2025-11-05 23:39:00,91.41666666666669,91.41666666666669,98.85,98.85,142326.16499999998,,80.0,0
2025-11-05 23:42:00,91.41666666666669,91.41666666666669,98.9,98.9,142384.78,,80.0,0
2025-11-05 23:45:00,91.41666666666669,91.41666666666669,98.65,98.65,142091.72,,80.0,0
2025-11-05 23:48:00,91.41666666666669,91.41666666666669,98.8,98.8,142267.55,,80.0,0
2025-11-05 23:51:00,91.41666666666669,91.41666666666669,99.0,99.0,142619.22,,80.0,0
2025-11-05 23:54:00,91.41666666666669,91.41666666666669,98.8,98.8,142267.55,,80.0,0
2025-11-05 23:57:00,91.41666666666669,91.41666666666669,99.0,99.0,142502.0,,80.0,0
2025-11-06 00:00:00,91.41666666666669,91.41666666666669,98.9,98.9,142384.78,,80.0,0
2025-11-06 00:03:00,91.41666666666669,91.41666666666669,98.7,98.7,142091.725,,80.0,0
2025-11-06 00:06:00,91.41666666666669,91.41666666666669,98.85,98.3,141564.23,,80.0,0
2025-11-06 00:09:00,91.41666666666669,91.41666666666669,98.9,98.9,142384.78,,80.0,0
2025-11-06 00:12:00,91.41666666666669,91.41666666666669,98.85,98.85,142326.16499999998,,80.0,0
2025-11-06 00:15:00,91.41666666666669,91.41666666666669,98.8,98.8,142267.55,,80.0,0
2025-11-06 00:18:00,91.41666666666669,91.41666666666669,98.85,98.85,142326.16499999998,,80.0,0
2025-11-06 00:21:00,91.41666666666669,91.41666666666669,98.95,98.95,142443.39,,80.0,0
2025-11-06 00:24:00,91.41666666666669,91.41666666666669,98.8,98.8,142267.55,,80.0,0
2025-11-06 00:27:00,91.41666666666669,91.41666666666669,99.0,99.0,142502.0,,80.0,0
2025-11-06 00:30:00,91.41666666666669,91.41666666666669,98.85,98.4,141681.465,,80.0,0
2025-11-06 00:33:00,91.41666666666669,91.41666666666669,98.5,98.5,141857.28000000003,,80.0,0
2025-11-06 00:36:00,91.41666666666669,91.41666666666669,99.0,99.0,142502.0,,80.0,0
2025-11-06 00:39:00,91.41666666666669,91.41666666666669,99.05,99.05,142619.22,,80.0,0
2025-11-06 00:42:00,91.41666666666669,91.41666666666669,98.9,98.9,142384.78,,80.0,0
2025-11-06 00:45:00,91.41666666666669,91.41666666666669,98.85,98.85,142326.16499999998,,80.0,0
2025-11-06 00:48:00,91.41666666666669,91.41666666666669,98.5,98.5,141798.67,,80.0,0
2025-11-06 00:51:00,91.41666666666669,91.41666666666669,98.9,98.9,142384.78,,80.0,0
2025-11-06 00:54:00,91.41666666666669,91.41666666666669,98.65,98.65,142091.72,,80.0,0
2025-11-06 00:57:00,91.41666666666669,91.41666666666669,98.5,98.5,141915.89,,80.0,0
2025-11-06 01:00:00,91.41666666666669,91.41666666666669,98.4,98.4,141740.06,,80.0,0
2025-11-06 01:03:00,91.41666666666669,91.41666666666669,98.5,98.5,141798.67,,80.0,0
2025-11-06 01:06:00,91.41666666666669,91.41666666666669,98.9,98.9,142384.78,,80.0,0
2025-11-06 01:09:00,91.41666666666669,91.41666666666669,98.5,98.5,141798.66999999998,,80.0,0
2025-11-06 01:12:00,91.41666666666669,91.41666666666669,98.95,98.95,142443.39,,80.0,0
2025-11-06 01:15:00,91.41666666666669,91.41666666666669,98.4,98.4,141681.45,,80.0,0
2025-11-06 01:18:00,91.41666666666669,91.41666666666669,98.65,98.65,142091.72,,80.0,0
2025-11-06 01:21:00,91.41666666666669,91.41666666666669,98.85,98.85,142326.16499999998,,80.0,0
2025-11-06 01:24:00,91.41666666666669,91.41666666666669,98.65,98.65,142033.11,,80.0,0
2025-11-06 01:27:00,91.41666666666669,91.41666666666669,98.8,98.8,142267.55,,80.0,0
2025-11-06 01:30:00,91.41666666666669,91.41666666666669,98.35,98.35,141622.83500000002,,80.0,0
2025-11-06 01:33:00,91.41666666666669,91.41666666666669,98.7,98.7,142091.725,,80.0,0
2025-11-06 01:36:00,91.41666666666669,91.41666666666669,98.9,98.9,142384.775,,80.0,0
2025-11-06 01:39:00,91.41666666666669,91.41666666666669,98.75,98.75,142150.33500000002,,80.0,0
2025-11-06 01:42:00,91.41666666666669,91.41666666666669,98.5,98.5,141798.67,,80.0,0
2025-11-06 01:45:00,91.41666666666669,91.41666666666669,98.3,98.3,141564.23,,80.0,0
2025-11-06 01:48:00,91.41666666666669,91.41666666666669,98.95,98.95,142443.39,,80.0,0
2025-11-06 01:51:00,91.41666666666669,91.41666666666669,98.5,98.5,141798.67,,80.0,0
2025-11-06 01:54:00,91.41666666666669,91.41666666666669,99.0,99.0,142502.0,,80.0,0
2025-11-06 01:57:00,91.41666666666669,91.41666666666669,98.8,98.8,142267.55,,80.0,0
2025-11-06 02:00:00,91.41666666666669,91.41666666666669,98.8,98.8,142267.55,,80.0,0
2025-11-06 02:03:00,91.41666666666669,91.41666666666669,98.35,98.35,141681.445,,80.0,0
2025-11-06 02:06:00,91.41666666666669,91.41666666666669,98.5,98.5,141857.28000000003,,80.0,0
2025-11-06 02:09:00,91.41666666666669,91.41666666666669,98.9,98.9,142384.775,,80.0,0
2025-11-06 02:12:00,91.41666666666669,91.41666666666669,98.5,98.5,141798.67,,80.0,0
2025-11-06 02:15:00,91.41666666666669,91.41666666666669,98.5,98.5,141915.89,,80.0,0
2025-11-06 02:18:00,91.41666666666669,91.41666666666669,98.5,97.75,140743.70500000002,,80.0,0
2025-11-06 02:21:00,91.41666666666669,91.41666666666669,98.65,98.65,142091.72,,80.0,0
2025-11-06 02:24:00,91.41666666666669,91.41666666666669,98.8,98.8,142267.55,,80.0,0
2025-11-06 02:27:00,91.41666666666669,91.41666666666669,98.19999999999999,98.19999999999999,141447.005,,80.0,0
2025-11-06 02:30:00,91.41666666666669,91.41666666666669,98.05,98.05,141153.97,,80.0,0
2025-11-06 02:33:00,91.41666666666669,91.41666666666669,98.8,98.8,142267.55,,80.0,0
2025-11-06 02:36:00,91.41666666666669,91.41666666666669,98.45,98.45,141740.055,,80.0,0
2025-11-06 02:39:00,91.41666666666669,91.41666666666669,98.45,98.45,141740.055,,80.0,0
2025-11-06 02:42:00,91.41666666666669,91.41666666666669,98.65,98.65,142091.72,,80.0,0
2025-11-06 02:45:00,91.41666666666669,91.41666666666669,98.8,98.8,142267.55,,80.0,0
2025-11-06 02:48:00,91.41666666666669,91.41666666666669,98.8,98.8,142267.55,,80.0,0
2025-11-06 02:51:00,91.41666666666669,91.41666666666669,98.45,98.45,141740.055,,80.0,0
2025-11-06 02:54:00,91.41666666666669,91.41666666666669,98.5,98.5,141798.67,,80.0,0
2025-11-06 02:57:00,91.41666666666669,91.41666666666669,98.7,98.7,142091.725,,80.0,0
2025-11-06 03:00:00,91.41666666666669,91.41666666666669,98.75,98.75,142208.945,,80.0,0
2025-11-06 03:03:00,91.41666666666669,91.41666666666669,98.5,98.5,141798.67,,80.0,0
2025-11-06 03:06:00,91.41666666666669,91.41666666666669,98.5,98.5,141857.28000000003,,80.0,0
2025-11-06 03:09:00,91.41666666666669,91.41666666666669,98.8,98.8,142267.55,,80.0,0
2025-11-06 03:12:00,91.41666666666669,91.41666666666669,98.7,98.7,142150.33500000002,,80.0,0
2025-11-06 03:15:00,91.41666666666669,91.41666666666669,98.8,98.8,142267.55,,80.0,0
2025-11-06 03:18:00,91.41666666666669,91.41666666666669,98.65,98.65,142033.11,,80.0,0
2025-11-06 03:21:00,91.41666666666669,91.41666666666669,98.65,98.65,142033.11,,80.0,0
2025-11-06 03:24:00,91.41666666666669,91.41666666666669,98.5,98.5,141798.67,,80.0,0
2025-11-06 03:27:00,91.41666666666669,91.41666666666669,98.9,98.9,142384.78,,80.0,0
2025-11-06 03:30:00,91.41666666666669,91.41666666666669,98.6,98.6,142033.115,,80.0,0
2025-11-06 03:33:00,91.41666666666669,91.41666666666669,98.35,98.35,141681.445,,80.0,0
2025-11-06 03:36:00,91.41666666666669,91.41666666666669,98.4,98.4,141681.45,,80.0,0
2025-11-06 03:39:00,91.41666666666669,91.41666666666669,98.8,98.8,142267.55,,80.0,0
2025-11-06 03:42:00,91.41666666666669,91.41666666666669,98.65,98.65,142091.72,,80.0,0
2025-11-06 03:45:00,91.41666666666669,91.41666666666669,98.5,98.5,141798.67,,80.0,0
2025-11-06 03:48:00,91.41666666666669,91.41666666666669,98.8,98.8,142267.55,,80.0,0
2025-11-06 03:51:00,91.41666666666669,91.41666666666669,98.5,98.5,141857.28000000003,,80.0,0
2025-11-06 03:54:00,91.41666666666669,91.41666666666669,98.65,98.65,142033.11,,80.0,0
2025-11-06 03:57:00,91.41666666666669,91.41666666666669,98.5,98.5,141857.28000000003,,80.0,0
2025-11-06 04:00:00,91.41666666666669,91.41666666666669,98.5,98.4,141681.45,,80.0,0
2025-11-06 04:03:00,91.41666666666669,91.41666666666669,98.5,98.65,142091.72,,80.0,0
2025-11-06 04:06:00,91.41666666666669,91.41666666666669,98.5,98.5,141857.28000000003,,80.0,0
2025-11-06 04:09:00,91.41666666666669,91.41666666666669,98.5,98.85,142326.16499999998,,80.0,0
2025-11-06 04:12:00,91.41666666666669,91.41666666666669,98.4,98.4,141681.44,,80.0,0
2025-11-06 04:15:00,91.41666666666669,91.41666666666669,98.5,98.5,141798.67,,80.0,0
2025-11-06 04:18:00,91.41666666666669,91.41666666666669,98.5,98.5,141857.28000000003,,80.0,0
2025-11-06 04:21:00,91.41666666666669,91.41666666666669,98.5,98.5,141915.89,,80.0,0
2025-11-06 04:24:00,91.41666666666669,91.41666666666669,98.5,98.75,142208.945,,80.0,0
2025-11-06 04:27:00,91.41666666666669,91.41666666666669,98.5,98.8,142267.55,,80.0,0
2025-11-06 04:30:00,91.41666666666669,91.41666666666669,98.5,98.5,141798.67,,80.0,0
2025-11-06 04:33:00,91.41666666666669,91.41666666666669,98.5,98.3,141564.23,,80.0,0
2025-11-06 04:36:00,91.41666666666669,91.41666666666669,98.5,98.5,141857.28000000003,,80.0,0
2025-11-06 04:39:00,91.41666666666669,91.41666666666669,98.5,98.5,141798.67,,80.0,0
2025-11-06 04:42:00,91.41666666666669,91.41666666666669,98.4,98.4,141681.44,,80.0,0
2025-11-06 04:45:00,91.41666666666669,91.41666666666669,98.4,98.4,141681.45,,80.0,0
2025-11-06 04:48:00,91.41666666666669,91.41666666666669,98.4,98.4,141681.45,,80.0,0
2025-11-06 04:51:00,91.41666666666669,91.41666666666669,98.5,98.5,141915.89,,80.0,0
2025-11-06 04:54:00,91.41666666666669,91.41666666666669,98.5,98.5,141798.67,,80.0,0
2025-11-06 04:57:00,91.41666666666669,91.41666666666669,97.35,97.35,140157.595,,80.0,0
2025-11-06 05:00:00,91.41666666666669,91.41666666666669,97.45,96.6,139102.61,,80.0,0
2025-11-06 05:03:00,91.41666666666669,91.41666666666669,97.45,97.45,140333.43,,80.0,0
2025-11-06 05:06:00,91.41666666666669,91.41666666666669,97.2,97.2,139981.765,,80.0,0
2025-11-06 05:09:00,91.41666666666669,91.41666666666669,97.35,97.35,140216.195,,80.0,0
2025-11-06 05:12:00,91.41666666666669,91.41666666666669,97.45,96.75,139337.05,,80.0,0
2025-11-06 05:15:00,91.41666666666669,91.41666666666669,98.2,98.2,141388.40500000003,,80.0,0
2025-11-06 05:18:00,91.41666666666669,91.41666666666669,98.0,98.0,141095.38,,80.0,0
2025-11-06 05:21:00,91.41666666666669,91.41666666666669,98.05,98.05,141212.58000000002,,80.0,0
2025-11-06 05:24:00,91.41666666666669,91.41666666666669,98.25,98.25,141447.02500000002,,80.0,0
2025-11-06 05:27:00,91.41666666666669,91.41666666666669,98.25,97.6,140509.25,,80.0,0
2025-11-06 05:30:00,91.41666666666669,91.41666666666669,98.25,98.5,141798.67,,80.0,0
2025-11-06 05:33:00,91.41666666666669,91.41666666666669,98.5,98.5,141857.28000000003,,80.0,0
2025-11-06 05:36:00,91.41666666666669,91.41666666666669,98.25,98.25,141505.615,,80.0,0
2025-11-06 05:39:00,91.41666666666669,91.41666666666669,98.45,98.45,141740.055,,80.0,0
2025-11-06 05:42:00,91.41666666666669,91.41666666666669,98.4,98.4,141681.45,,80.0,0
2025-11-06 05:45:00,91.41666666666669,91.41666666666669,98.45,98.45,141740.055,,80.0,0
2025-11-06 05:48:00,91.41666666666669,91.41666666666669,98.5,98.5,141798.67,,80.0,0
2025-11-06 05:51:00,91.41666666666669,91.41666666666669,98.5,98.5,141798.67,,80.0,0
2025-11-06 05:54:00,91.41666666666669,91.41666666666669,98.45,98.45,141740.055,,80.0,0
2025-11-06 05:57:00,91.41666666666669,91.41666666666669,98.4,98.4,141681.45,,80.0,0
2025-11-06 06:00:00,91.41666666666669,91.41666666666669,98.45,98.45,141740.055,,80.0,0
2025-11-06 06:03:00,91.41666666666669,91.41666666666669,98.5,98.5,141798.67,,80.0,0
2025-11-06 06:06:00,91.41666666666669,91.41666666666669,98.5,98.5,141798.67,,80.0,0
2025-11-06 06:09:00,91.41666666666669,91.41666666666669,98.5,98.5,141798.67,,80.0,0
2025-11-06 06:12:00,91.41666666666669,91.41666666666669,98.25,98.25,141505.615,,80.0,0
2025-11-06 06:15:00,91.41666666666669,91.41666666666669,98.19999999999999,98.19999999999999,141447.005,,80.0,0
2025-11-06 06:18:00,91.41666666666669,91.41666666666669,98.15,98.15,141329.805,,80.0,0
2025-11-06 06:21:00,91.41666666666669,91.41666666666669,98.4,98.4,141681.45,,80.0,0
2025-11-06 06:24:00,91.41666666666669,91.41666666666669,98.3,98.3,141564.23,,80.0,0
2025-11-06 06:27:00,91.41666666666669,91.41666666666669,98.5,98.5,141857.28000000003,,80.0,0
2025-11-06 06:30:00,91.41666666666669,91.41666666666669,98.19999999999999,98.19999999999999,141447.005,,80.0,0
2025-11-06 06:33:00,91.41666666666669,91.41666666666669,98.3,96.95,139630.1,,80.0,0
2025-11-06 06:36:00,91.41666666666669,91.41666666666669,98.4,98.4,141681.45,,80.0,0
2025-11-06 06:39:00,91.41666666666669,91.41666666666669,98.45,98.45,141740.055,,80.0,0
2025-11-06 06:42:00,91.41666666666669,91.41666666666669,98.7,98.7,142091.725,,80.0,0
2025-11-06 06:45:00,91.41666666666669,91.41666666666669,98.3,98.3,141564.23,,80.0,0
2025-11-06 06:48:00,91.41666666666669,91.41666666666669,98.25,98.25,141505.615,,80.0,0
2025-11-06 06:51:00,91.41666666666669,91.41666666666669,98.45,98.45,141740.055,,80.0,0
2025-11-06 06:54:00,91.41666666666669,91.41666666666669,98.35,98.35,141622.83500000002,,80.0,0
2025-11-06 06:57:00,91.41666666666669,91.41666666666669,98.1,98.1,141329.78,,80.0,0
2025-11-06 07:00:00,91.41666666666669,91.41666666666669,98.5,98.5,141915.89,,80.0,0
2025-11-06 07:03:00,91.41666666666669,91.41666666666669,98.4,98.4,141681.45,,80.0,0
2025-11-06 07:06:00,91.41666666666669,91.41666666666669,98.4,98.8,142267.55,,80.0,0
2025-11-06 07:09:00,91.41666666666669,91.41666666666669,98.15,98.15,141329.805,,80.0,0
2025-11-06 07:12:00,91.41666666666669,91.41666666666669,98.3,98.3,141564.23,,80.0,0
2025-11-06 07:15:00,91.41666666666669,91.41666666666669,98.5,98.5,141857.28000000003,,80.0,0
2025-11-06 07:18:00,91.41666666666669,91.41666666666669,98.4,98.4,141681.45,,80.0,0
2025-11-06 07:21:00,91.41666666666669,91.41666666666669,98.35,98.35,141622.83500000002,,80.0,0
2025-11-06 07:24:00,91.41666666666669,91.41666666666669,98.35,98.35,141622.83500000002,,80.0,0
2025-11-06 07:27:00,91.41666666666669,91.41666666666669,98.3,98.3,141564.23,,80.0,0
2025-11-06 07:30:00,91.41666666666669,91.41666666666669,98.5,98.5,141798.67,,80.0,0
2025-11-06 07:33:00,91.41666666666669,91.41666666666669,98.5,98.5,141798.67,,80.0,0
2025-11-06 07:36:00,91.41666666666669,91.41666666666669,98.35,98.8,142267.55,,80.0,0
2025-11-06 07:39:00,91.41666666666669,91.41666666666669,98.3,98.3,141564.23,,80.0,0
2025-11-06 07:42:00,91.41666666666669,91.41666666666669,98.45,98.45,141740.055,,80.0,0
2025-11-06 07:45:00,91.41666666666669,91.41666666666669,98.30000000000001,98.30000000000001,141564.22,,80.0,0
2025-11-06 07:48:00,91.41666666666669,91.41666666666669,98.2,98.2,141447.0,,80.0,0
2025-11-06 07:51:00,91.41666666666669,91.41666666666669,98.5,98.5,141798.67,,80.0,0
2025-11-06 07:54:00,91.41666666666669,91.41666666666669,98.1,98.1,141329.78,,80.0,0
2025-11-06 07:57:00,91.41666666666669,91.41666666666669,98.4,98.4,141681.45,,80.0,0
2025-11-06 08:00:00,91.41666666666669,91.41666666666669,98.35,98.35,141622.83500000002,,80.0,0
2025-11-06 08:03:00,91.41666666666669,91.41666666666669,98.4,98.4,141681.44,,80.0,0
2025-11-06 08:06:00,91.41666666666669,91.41666666666669,98.30000000000001,98.30000000000001,141564.22,,80.0,0
2025-11-06 08:09:00,91.41666666666669,91.41666666666669,98.3,98.3,141564.23,,80.0,0
2025-11-06 08:12:00,91.41666666666669,91.41666666666669,98.3,98.3,141564.23,,80.0,0
2025-11-06 08:15:00,91.41666666666669,91.41666666666669,98.4,98.4,141681.45,,80.0,0
2025-11-06 08:18:00,91.41666666666669,91.41666666666669,98.35,98.35,141622.83500000002,,80.0,0
2025-11-06 08:21:00,91.41666666666669,91.41666666666669,98.4,98.4,141681.45,,80.0,0
2025-11-06 08:24:00,91.41666666666669,91.41666666666669,98.4,98.4,141681.45,,80.0,0
2025-11-06 08:27:00,91.41666666666669,91.41666666666669,98.4,98.15,141329.78,,80.0,0
2025-11-06 08:30:00,91.41666666666669,91.41666666666669,98.4,98.4,141681.44,,80.0,0
2025-11-06 08:33:00,91.41666666666669,91.41666666666669,98.35,98.1,141329.78,,80.0,0
2025-11-06 08:36:00,91.41666666666669,91.41666666666669,98.5,98.5,141798.67,,80.0,0
2025-11-06 08:39:00,91.41666666666669,91.41666666666669,98.1,98.1,141329.78,,80.0,0
2025-11-06 08:42:00,91.41666666666669,91.41666666666669,98.65,98.65,142033.11,,80.0,0
2025-11-06 08:45:00,91.41666666666669,91.41666666666669,98.25,98.25,141447.0,,80.0,0
2025-11-06 08:48:00,91.41666666666669,91.41666666666669,98.25,98.25,141505.61,,80.0,0
2025-11-06 08:51:00,91.41666666666669,91.41666666666669,98.35,98.35,141622.83500000002,,80.0,0
2025-11-06 08:54:00,91.41666666666669,91.41666666666669,98.15,98.15,141388.39,,80.0,0
2025-11-06 08:57:00,91.41666666666669,91.41666666666669,98.5,98.5,141798.67,,80.0,0
2025-11-06 09:00:00,91.41666666666669,91.41666666666669,98.25,98.25,141505.615,,80.0,0
2025-11-06 09:03:00,91.41666666666669,91.41666666666669,98.1,98.1,141329.78,,80.0,0
2025-11-06 09:06:00,91.41666666666669,91.41666666666669,98.1,98.1,141271.16999999998,,80.0,0
2025-11-06 09:09:00,91.41666666666669,91.41666666666669,98.3,98.3,141564.23,,80.0,0
2025-11-06 09:12:00,91.41666666666669,91.41666666666669,98.19999999999999,98.19999999999999,141447.005,,80.0,0
2025-11-06 09:15:00,91.41666666666669,91.41666666666669,98.3,98.3,141564.23,,80.0,0
2025-11-06 09:18:00,91.41666666666669,91.41666666666669,98.35,98.35,141622.83500000002,,80.0,0
2025-11-06 09:21:00,91.41666666666669,91.41666666666669,98.2,98.2,141447.0,,80.0,0
2025-11-06 09:24:00,91.41666666666669,91.41666666666669,98.4,98.4,141681.45,,80.0,0
2025-11-06 09:27:00,91.41666666666669,91.41666666666669,98.25,98.25,141505.615,,80.0,0
2025-11-06 09:30:00,91.41666666666669,91.41666666666669,98.2,98.2,141388.41,,80.0,0
2025-11-06 09:33:00,91.41666666666669,91.41666666666669,98.5,98.5,141798.67,,80.0,0
2025-11-06 09:36:00,91.41666666666669,91.41666666666669,98.4,98.4,141681.45,,80.0,0
2025-11-06 09:39:00,91.41666666666669,91.41666666666669,98.2,98.2,141447.0,,80.0,0
2025-11-06 09:42:00,91.41666666666669,91.41666666666669,98.0,98.0,141095.38,,80.0,0
2025-11-06 09:45:00,91.41666666666669,91.41666666666669,98.3,98.3,141564.23,,80.0,0
2025-11-06 09:48:00,91.41666666666669,91.41666666666669,98.3,98.3,141564.23,,80.0,0
2025-11-06 09:51:00,91.41666666666669,91.41666666666669,98.15,98.15,141388.39,,80.0,0
2025-11-06 09:54:00,91.41666666666669,91.41666666666669,98.25,98.25,141505.615,,80.0,0
2025-11-06 09:57:00,91.41666666666669,91.41666666666669,98.5,98.5,141798.67,,80.0,0
2025-11-06 10:00:00,91.41666666666669,91.41666666666669,98.4,98.4,141681.45,,80.0,0
2025-11-06 10:03:00,91.41666666666669,91.41666666666669,98.2,97.85,140919.54,,80.0,0
2025-11-06 10:06:00,91.41666666666669,91.41666666666669,98.19999999999999,98.19999999999999,141447.005,,80.0,0
2025-11-06 10:09:00,91.41666666666669,91.41666666666669,98.19999999999999,98.19999999999999,141388.39500000002,,80.0,0
2025-11-06 10:12:00,91.41666666666669,91.41666666666669,98.4,98.4,141681.45,,80.0,0
2025-11-06 10:15:00,91.41666666666669,91.41666666666669,98.2,98.2,141447.0,,80.0,0
2025-11-06 10:18:00,91.41666666666669,91.41666666666669,98.15,98.15,141329.78,,80.0,0
2025-11-06 10:21:00,91.41666666666669,91.41666666666669,98.3,98.3,141564.23,,80.0,0
2025-11-06 10:24:00,91.41666666666669,91.41666666666669,98.25,98.0,141095.38,,80.0,0
2025-11-06 10:27:00,91.41666666666669,91.41666666666669,98.35,98.35,141622.83500000002,,80.0,0
2025-11-06 10:30:00,91.41666666666669,91.41666666666669,98.30000000000001,98.30000000000001,141564.22,,80.0,0
2025-11-06 10:33:00,91.41666666666669,91.41666666666669,98.4,98.4,141681.44,,80.0,0
2025-11-06 10:36:00,91.41666666666669,91.41666666666669,98.25,98.25,141505.615,,80.0,0
2025-11-06 10:39:00,91.41666666666669,91.41666666666669,98.25,98.25,141505.615,,80.0,0
2025-11-06 10:42:00,91.41666666666669,91.41666666666669,98.1,98.1,141271.185,,80.0,0
2025-11-06 10:45:00,91.41666666666669,91.41666666666669,98.19999999999999,98.19999999999999,141388.39500000002,,80.0,0
2025-11-06 10:48:00,91.41666666666669,91.41666666666669,98.35,98.35,141622.83500000002,,80.0,0
2025-11-06 10:51:00,91.41666666666669,91.41666666666669,98.25,97.94999999999999,141095.36,,80.0,0
2025-11-06 10:54:00,91.41666666666669,91.41666666666669,98.25,98.25,141505.615,,80.0,0
2025-11-06 10:57:00,91.41666666666669,91.41666666666669,98.25,98.25,141505.615,,80.0,0
2025-11-06 11:00:00,91.41666666666669,91.41666666666669,98.3,98.3,141564.23,,80.0,0
2025-11-06 11:03:00,91.41666666666669,91.41666666666669,98.1,98.1,141212.56,,80.0,0
2025-11-06 11:06:00,91.41666666666669,91.41666666666669,98.1,98.1,141329.78,,80.0,0
2025-11-06 11:09:00,91.41666666666669,91.41666666666669,98.5,98.5,141798.67,,80.0,0
2025-11-06 11:12:00,91.41666666666669,91.41666666666669,98.1,98.1,141212.56,,80.0,0
2025-11-06 11:15:00,91.41666666666669,91.41666666666669,98.5,98.5,141857.28000000003,,80.0,0
2025-11-06 11:18:00,91.41666666666669,91.41666666666669,98.25,98.25,141505.615,,80.0,0
2025-11-06 11:21:00,91.41666666666669,91.41666666666669,98.1,98.1,141271.16999999998,,80.0,0
2025-11-06 11:24:00,91.41666666666669,91.41666666666669,98.1,98.1,141329.78,,80.0,0
2025-11-06 11:27:00,91.41666666666669,91.41666666666669,98.3,98.3,141564.23,,80.0,0
2025-11-06 11:30:00,91.41666666666669,91.41666666666669,98.3,98.3,141564.225,,80.0,0
2025-11-06 11:33:00,91.41666666666669,91.41666666666669,98.2,98.2,141447.0,,80.0,0
2025-11-06 11:36:00,91.41666666666669,91.41666666666669,98.1,98.1,141271.185,,80.0,0
2025-11-06 11:39:00,91.41666666666669,91.41666666666669,98.15,98.15,141388.39,,80.0,0
2025-11-06 11:42:00,91.41666666666669,91.41666666666669,98.0,98.0,141095.35,,80.0,0
2025-11-06 11:45:00,91.41666666666669,91.41666666666669,98.25,98.25,141505.615,,80.0,0
2025-11-06 11:48:00,91.41666666666669,91.41666666666669,98.3,98.3,141564.23,,80.0,0
2025-11-06 11:51:00,91.41666666666669,91.41666666666669,98.15,98.15,141388.39,,80.0,0
2025-11-06 11:54:00,91.41666666666669,91.41666666666669,98.1,98.1,141271.16999999998,,80.0,0
2025-11-06 11:57:00,91.41666666666669,91.41666666666669,98.1,98.1,141329.78,,80.0,0
2025-11-06 12:00:00,91.41666666666669,91.41666666666669,98.25,98.5,141798.67,,80.0,0
2025-11-06 12:03:00,91.41666666666669,91.41666666666669,98.25,98.25,141505.615,,80.0,0
2025-11-06 12:06:00,91.41666666666669,91.41666666666669,98.25,97.9,140978.13,,80.0,0
2025-11-06 12:09:00,91.41666666666669,91.41666666666669,98.3,98.3,141505.615,,80.0,0
2025-11-06 12:12:00,91.41666666666669,91.41666666666669,98.3,98.3,141564.23,,80.0,0
2025-11-06 12:15:00,91.41666666666669,91.41666666666669,98.3,98.3,141564.23,,80.0,0
2025-11-06 12:18:00,91.41666666666669,91.41666666666669,98.25,98.25,141505.615,,80.0,0
2025-11-06 12:21:00,91.41666666666669,91.41666666666669,98.3,98.0,141153.96500000003,,80.0,0
2025-11-06 12:24:00,91.41666666666669,91.41666666666669,98.35,98.35,141622.83500000002,,80.0,0
2025-11-06 12:27:00,91.41666666666669,91.41666666666669,98.25,98.5,141798.67,,80.0,0
2025-11-06 12:30:00,91.41666666666669,91.41666666666669,98.3,98.3,141564.23,,80.0,0
2025-11-06 12:33:00,91.41666666666669,91.41666666666669,98.1,98.1,141329.78,,80.0,0
2025-11-06 12:36:00,91.41666666666669,91.41666666666669,98.15,98.15,141329.805,,80.0,0
2025-11-06 12:39:00,91.41666666666669,91.41666666666669,98.25,98.25,141505.61,,80.0,0
2025-11-06 12:42:00,91.41666666666669,91.41666666666669,98.15,98.15,141388.39,,80.0,0
2025-11-06 12:45:00,91.41666666666669,91.41666666666669,98.2,98.2,141447.0,,80.0,0
2025-11-06 12:48:00,91.41666666666669,91.41666666666669,98.19999999999999,98.19999999999999,141447.005,,80.0,0
2025-11-06 12:51:00,91.41666666666669,91.41666666666669,98.19999999999999,98.19999999999999,141447.005,,80.0,0
2025-11-06 12:54:00,91.41666666666669,91.41666666666669,98.25,98.25,141505.615,,80.0,0
2025-11-06 12:57:00,91.41666666666669,91.41666666666669,98.35,98.35,141622.83500000002,,80.0,0
2025-11-06 13:00:00,91.41666666666669,91.41666666666669,98.05,98.05,141212.58000000002,,80.0,0
2025-11-06 13:03:00,91.41666666666669,91.41666666666669,98.25,98.25,141505.615,,80.0,0
2025-11-06 13:06:00,91.41666666666669,91.41666666666669,98.2,98.2,141447.0,,80.0,0
2025-11-06 13:09:00,91.41666666666669,91.41666666666669,98.4,98.4,141681.45,,80.0,0
2025-11-06 13:12:00,91.41666666666669,91.41666666666669,98.3,98.3,141564.23,,80.0,0
2025-11-06 13:15:00,91.41666666666669,91.41666666666669,98.15,98.15,141388.39,,80.0,0
2025-11-06 13:18:00,91.41666666666669,91.41666666666669,98.35,98.35,141622.83500000002,,80.0,0
2025-11-06 13:21:00,91.41666666666669,91.41666666666669,98.3,98.3,141564.23,,80.0,0
2025-11-06 13:24:00,91.41666666666669,91.41666666666669,98.3,98.3,141564.23,,80.0,0
2025-11-06 13:27:00,91.41666666666669,91.41666666666669,98.05,98.05,141212.58000000002,,80.0,0
2025-11-06 13:30:00,91.41666666666669,91.41666666666669,98.1,98.1,141329.78,,80.0,0
2025-11-06 13:33:00,91.41666666666669,91.41666666666669,98.19999999999999,98.19999999999999,141447.005,,80.0,0
2025-11-06 13:36:00,91.41666666666669,91.41666666666669,98.1,98.1,141329.78,,80.0,0
2025-11-06 13:39:00,91.41666666666669,91.41666666666669,98.19999999999999,98.19999999999999,141447.005,,80.0,0
2025-11-06 13:42:00,91.41666666666669,91.41666666666669,98.19999999999999,98.19999999999999,141388.39500000002,,80.0,0
2025-11-06 13:45:00,91.41666666666669,91.41666666666669,98.19999999999999,98.65,142091.72,,80.0,0
2025-11-06 13:48:00,91.41666666666669,91.41666666666669,98.19999999999999,98.1,141329.78,,80.0,0
2025-11-06 13:51:00,91.41666666666669,91.41666666666669,98.19999999999999,98.19999999999999,141388.39500000002,,80.0,0
2025-11-06 13:54:00,91.41666666666669,91.41666666666669,98.1,98.1,141271.16999999998,,80.0,0
2025-11-06 13:57:00,91.41666666666669,91.41666666666669,98.19999999999999,98.19999999999999,141388.39500000002,,80.0,0
2025-11-06 14:00:00,91.41666666666669,91.41666666666669,98.19999999999999,98.19999999999999,141447.005,,80.0,0
2025-11-06 14:03:00,91.41666666666669,91.41666666666669,98.15,98.15,141388.39,,80.0,0
2025-11-06 14:06:00,91.41666666666669,91.41666666666669,98.15,97.4,140216.215,,80.0,0
2025-11-06 14:09:00,91.41666666666669,91.41666666666669,98.3,98.3,141564.23,,80.0,0
2025-11-06 14:12:00,91.41666666666669,91.41666666666669,98.15,98.15,141388.39,,80.0,0
2025-11-06 14:15:00,91.41666666666669,91.41666666666669,98.0,98.0,141095.38,,80.0,0
2025-11-06 14:18:00,91.41666666666669,91.41666666666669,97.94999999999999,97.94999999999999,141095.36,,80.0,0
2025-11-06 14:21:00,91.41666666666669,91.41666666666669,98.0,98.0,141095.38,,80.0,0
2025-11-06 14:24:00,91.41666666666669,91.41666666666669,98.15,98.15,141388.39,,80.0,0
2025-11-06 14:27:00,91.41666666666669,91.41666666666669,98.1,98.1,141271.19,,80.0,0
2025-11-06 14:30:00,91.41666666666669,91.41666666666669,98.1,98.1,141271.16999999998,,80.0,0
2025-11-06 14:33:00,91.41666666666669,91.41666666666669,98.1,97.2,139923.16,,80.0,0
2025-11-06 14:36:00,91.41666666666669,91.41666666666669,98.3,98.3,141564.23,,80.0,0
2025-11-06 14:39:00,91.41666666666669,91.41666666666669,98.15,98.15,141388.39,,80.0,0
2025-11-06 14:42:00,91.41666666666669,91.41666666666669,98.19999999999999,98.19999999999999,141447.005,,80.0,0
2025-11-06 14:45:00,91.41666666666669,91.41666666666669,98.1,98.1,141271.16999999998,,80.0,0
2025-11-06 14:48:00,91.41666666666669,91.41666666666669,98.05,98.05,141153.97,,80.0,0
2025-11-06 14:51:00,91.41666666666669,91.41666666666669,98.3,98.3,141564.23,,80.0,0
2025-11-06 14:54:00,91.41666666666669,91.41666666666669,98.15,97.85,140860.93,,80.0,0
2025-11-06 14:57:00,91.41666666666669,91.41666666666669,98.1,98.1,141329.78,,80.0,0
2025-11-06 15:00:00,91.41666666666669,91.41666666666669,98.1,98.1,141329.78,,80.0,0
2025-11-06 15:03:00,91.41666666666669,91.41666666666669,98.19999999999999,98.19999999999999,141447.005,,80.0,0
2025-11-06 15:06:00,91.41666666666669,91.41666666666669,98.35,98.35,141622.83500000002,,80.0,0
2025-11-06 15:09:00,91.41666666666669,91.41666666666669,98.15,98.15,141388.39,,80.0,0
2025-11-06 15:12:00,91.41666666666669,91.41666666666669,97.85,97.85,140919.54,,80.0,0
2025-11-06 15:15:00,91.41666666666669,91.41666666666669,98.1,98.1,141212.56,,80.0,0
2025-11-06 15:18:00,91.41666666666669,91.41666666666669,98.05,98.05,141212.58000000002,,80.0,0
2025-11-06 15:21:00,91.41666666666669,91.41666666666669,98.1,98.1,141329.78,,80.0,0
2025-11-06 15:24:00,91.41666666666669,91.41666666666669,98.2,98.2,141447.0,,80.0,0
2025-11-06 15:27:00,91.41666666666669,91.41666666666669,98.3,98.3,141564.23,,80.0,0
2025-11-06 15:30:00,91.41666666666669,91.41666666666669,97.95,97.95,141036.76,,80.0,0
2025-11-06 15:33:00,91.41666666666669,91.41666666666669,98.15,98.15,141388.39,,80.0,0
2025-11-06 15:36:00,91.41666666666669,91.41666666666669,98.1,98.1,141271.16999999998,,80.0,0
2025-11-06 15:39:00,91.41666666666669,91.41666666666669,98.3,98.3,141564.23,,80.0,0
2025-11-06 15:42:00,91.41666666666669,91.41666666666669,98.1,98.1,141329.78,,80.0,0
2025-11-06 15:45:00,91.41666666666669,91.41666666666669,98.05,98.05,141212.58000000002,,80.0,0
2025-11-06 15:48:00,91.41666666666669,91.41666666666669,98.1,98.1,141212.56,,80.0,0
2025-11-06 15:51:00,91.41666666666669,91.41666666666669,98.05,98.05,141212.58000000002,,80.0,0
2025-11-06 15:54:00,91.41666666666669,91.41666666666669,97.9,97.9,140978.13,,80.0,0
2025-11-06 15:57:00,91.41666666666669,91.41666666666669,98.2,98.2,141447.0,,80.0,0
2025-11-06 16:00:00,91.41666666666669,91.41666666666669,97.8,97.8,140860.94,,80.0,0
2025-11-06 16:03:00,91.41666666666669,91.41666666666669,97.30000000000001,97.30000000000001,140157.58000000002,,80.0,0
2025-11-06 16:06:00,91.41666666666669,91.41666666666669,98.0,98.0,141095.38,,80.0,0
2025-11-06 16:09:00,91.41666666666669,91.41666666666669,97.85,97.85,140919.54,,80.0,0
2025-11-06 16:12:00,91.41666666666669,91.41666666666669,97.1,97.1,139805.935,,80.0,0
2025-11-06 16:15:00,91.41666666666669,91.41666666666669,97.94999999999999,97.94999999999999,141095.36,,80.0,0
2025-11-06 16:18:00,91.41666666666669,91.41666666666669,97.7,96.7,139278.435,,80.0,0
2025-11-06 16:21:00,91.41666666666669,91.41666666666669,97.7,97.7,140685.08500000002,,80.0,0
2025-11-06 16:24:00,91.41666666666669,91.41666666666669,97.65,97.65,140626.47,,80.0,0
2025-11-06 16:27:00,91.41666666666669,91.41666666666669,97.9,97.9,140978.16,,80.0,0
2025-11-06 16:30:00,91.41666666666669,91.41666666666669,97.2,97.2,139981.765,,80.0,0
2025-11-06 16:33:00,91.41666666666669,91.41666666666669,97.95,97.95,141036.76,,80.0,0
2025-11-06 16:36:00,91.41666666666669,91.41666666666669,98.3,98.3,141564.23,,80.0,0
2025-11-06 16:39:00,91.41666666666669,91.41666666666669,98.2,98.2,141447.0,,80.0,0
2025-11-06 16:42:00,91.41666666666669,91.41666666666669,98.4,98.4,141681.44,,80.0,0
2025-11-06 16:45:00,91.41666666666669,91.41666666666669,98.1,98.1,141329.78,,80.0,0
2025-11-06 16:48:00,91.41666666666669,91.41666666666669,98.3,98.3,141564.23,,80.0,0
2025-11-06 16:51:00,91.41666666666669,91.41666666666669,98.05,98.05,141212.58000000002,,80.0,0
2025-11-06 16:54:00,91.41666666666669,91.41666666666669,98.19999999999999,98.19999999999999,141447.005,,80.0,0
2025-11-06 16:57:00,91.41666666666669,91.41666666666669,98.1,98.1,141329.78,,80.0,0
2025-11-06 17:00:00,91.41666666666669,91.41666666666669,98.0,98.0,141153.96000000002,,80.0,0
2025-11-06 17:03:00,91.41666666666669,91.41666666666669,98.1,98.1,141329.78,,80.0,0
2025-11-06 17:06:00,91.41666666666669,91.41666666666669,98.0,98.0,141095.38,,80.0,0
2025-11-06 17:09:00,91.41666666666669,91.41666666666669,98.0,98.0,141153.96000000002,,80.0,0
2025-11-06 17:12:00,91.41666666666669,91.41666666666669,98.1,98.1,141212.56,,80.0,0
2025-11-06 17:15:00,91.41666666666669,91.41666666666669,98.3,98.3,141564.225,,80.0,0
2025-11-06 17:18:00,91.41666666666669,91.41666666666669,98.15,98.15,141388.39,,80.0,0
2025-11-06 17:21:00,91.41666666666669,91.41666666666669,98.4,98.4,141681.44,,80.0,0
2025-11-06 17:24:00,91.41666666666669,91.41666666666669,98.2,98.2,141447.0,,80.0,0
2025-11-06 17:27:00,91.41666666666669,91.41666666666669,98.30000000000001,98.30000000000001,141564.22,,80.0,0
2025-11-06 17:30:00,91.41666666666669,91.41666666666669,98.25,98.25,141505.615,,80.0,0
2025-11-06 17:33:00,91.41666666666669,91.41666666666669,97.8,97.8,140802.325,,80.0,0
2025-11-06 17:36:00,91.41666666666669,91.41666666666669,98.3,98.3,141564.23,,80.0,0
2025-11-06 17:39:00,91.41666666666669,91.41666666666669,98.2,98.2,141447.0,,80.0,0
2025-11-06 17:42:00,91.41666666666669,91.41666666666669,97.9,97.9,140978.135,,80.0,0
2025-11-06 17:45:00,91.41666666666669,91.41666666666669,98.15,98.15,141388.39,,80.0,0
2025-11-06 17:48:00,91.41666666666669,91.41666666666669,98.1,97.35,140216.21000000002,,80.0,0
2025-11-06 17:51:00,91.41666666666669,91.41666666666669,98.0,98.0,141095.38,,80.0,0
2025-11-06 17:54:00,91.41666666666669,91.41666666666669,98.3,98.3,141564.23,,80.0,0
2025-11-06 17:57:00,91.41666666666669,91.41666666666669,97.2,97.2,139923.155,,80.0,0
2025-11-06 18:00:00,91.41666666666669,91.41666666666669,98.1,98.1,141329.78,,80.0,0
2025-11-06 18:03:00,91.41666666666669,91.41666666666669,98.15,98.15,141329.78,,80.0,0
2025-11-06 18:06:00,91.41666666666669,91.41666666666669,97.94999999999999,97.94999999999999,141095.36,,80.0,0
2025-11-06 18:09:00,91.41666666666669,91.41666666666669,98.3,98.3,141564.23,,80.0,0
2025-11-06 18:12:00,91.41666666666669,91.41666666666669,98.1,97.6,140509.255,,80.0,0
2025-11-06 18:15:00,91.41666666666669,91.41666666666669,98.05,98.05,141153.97,,80.0,0
2025-11-06 18:18:00,91.41666666666669,91.41666666666669,98.1,98.1,141329.78,,80.0,0
2025-11-06 18:21:00,91.41666666666669,91.41666666666669,98.3,98.3,141564.23,,80.0,0
2025-11-06 18:24:00,91.41666666666669,91.41666666666669,98.05,98.05,141212.58000000002,,80.0,0
2025-11-06 18:27:00,91.41666666666669,91.41666666666669,98.1,98.1,141212.56,,80.0,0
2025-11-06 18:30:00,91.41666666666669,91.41666666666669,98.1,98.1,141329.78,,80.0,0
2025-11-06 18:33:00,91.41666666666669,91.41666666666669,98.19999999999999,98.19999999999999,141447.005,,80.0,0
2025-11-06 18:36:00,91.41666666666669,91.41666666666669,98.19999999999999,98.0,141153.96000000002,,80.0,0
2025-11-06 18:39:00,91.41666666666669,91.41666666666669,98.19999999999999,98.19999999999999,141447.005,,80.0,0
2025-11-06 18:42:00,91.41666666666669,91.41666666666669,98.2,98.2,141447.0,,80.0,0
2025-11-06 18:45:00,91.41666666666669,91.41666666666669,98.19999999999999,98.19999999999999,141447.005,,80.0,0
2025-11-06 18:48:00,91.41666666666669,91.41666666666669,98.2,98.2,141447.0,,80.0,0
2025-11-06 18:51:00,91.41666666666669,91.41666666666669,98.19999999999999,98.15,141388.39,,80.0,0
2025-11-06 18:54:00,91.41666666666669,91.41666666666669,98.19999999999999,98.25,141505.615,,80.0,0
2025-11-06 18:57:00,91.41666666666669,91.41666666666669,98.30000000000001,98.30000000000001,141564.22,,80.0,0
2025-11-06 19:00:00,91.41666666666669,91.41666666666669,98.15,97.69999999999999,140685.10499999998,,80.0,0
2025-11-06 19:03:00,91.41666666666669,91.41666666666669,98.15,98.15,141329.78,,80.0,0
2025-11-06 19:06:00,91.41666666666669,91.41666666666669,98.15,98.15,141388.39,,80.0,0
2025-11-06 19:09:00,91.41666666666669,91.41666666666669,98.1,98.1,141271.16999999998,,80.0,0
2025-11-06 19:12:00,91.41666666666669,91.41666666666669,98.05,98.05,141212.58000000002,,80.0,0
2025-11-06 19:15:00,91.41666666666669,91.41666666666669,98.2,98.2,141447.0,,80.0,0
2025-11-06 19:18:00,91.41666666666669,91.41666666666669,98.1,98.1,141329.78,,80.0,0
2025-11-06 19:21:00,91.41666666666669,91.41666666666669,98.15,98.15,141388.39,,80.0,0
2025-11-06 19:24:00,91.41666666666669,91.41666666666669,98.1,98.35,141622.83500000002,,80.0,0
2025-11-06 19:27:00,91.41666666666669,91.41666666666669,98.1,98.1,141329.78,,80.0,0
2025-11-06 19:30:00,91.41666666666669,91.41666666666669,98.05,98.05,141212.58000000002,,80.0,0
2025-11-06 19:33:00,91.41666666666669,91.41666666666669,98.2,98.2,141447.0,,80.0,0
2025-11-06 19:36:00,91.41666666666669,91.41666666666669,98.19999999999999,98.19999999999999,141447.005,,80.0,0
2025-11-06 19:39:00,91.41666666666669,91.41666666666669,98.1,98.1,141329.78,,80.0,0
2025-11-06 19:42:00,91.41666666666669,91.41666666666669,98.1,98.1,141329.78,,80.0,0
2025-11-06 19:45:00,91.41666666666669,91.41666666666669,98.1,98.1,141212.56,,80.0,0
2025-11-06 19:48:00,91.41666666666669,91.41666666666669,97.94999999999999,97.94999999999999,141095.36,,80.0,0
2025-11-06 19:51:00,91.41666666666669,91.41666666666669,98.25,98.25,141505.615,,80.0,0
2025-11-06 19:54:00,91.41666666666669,91.41666666666669,98.1,98.19999999999999,141447.005,,80.0,0
2025-11-06 19:57:00,91.41666666666669,91.41666666666669,97.9,97.9,140978.16,,80.0,0
2025-11-06 20:00:00,91.41666666666669,91.41666666666669,98.15,98.15,141388.39,,80.0,0
2025-11-06 20:03:00,91.41666666666669,91.41666666666669,98.1,98.1,141271.16999999998,,80.0,0
2025-11-06 20:06:00,91.41666666666669,91.41666666666669,98.1,98.1,141329.78,,80.0,0
2025-11-06 20:09:00,91.41666666666669,91.41666666666669,98.1,98.1,141329.78,,80.0,0
2025-11-06 20:12:00,91.41666666666669,91.41666666666669,98.15,98.15,141388.39,,80.0,0
2025-11-06 20:15:00,91.41666666666669,91.41666666666669,98.15,98.15,141388.39,,80.0,0
2025-11-06 20:18:00,91.41666666666669,91.41666666666669,97.9,97.9,140978.16,,80.0,0
2025-11-06 20:21:00,91.41666666666669,91.41666666666669,98.05,98.05,141212.58000000002,,80.0,0
2025-11-06 20:24:00,91.41666666666669,91.41666666666669,98.15,98.15,141388.39,,80.0,0
2025-11-06 20:27:00,91.41666666666669,91.41666666666669,98.15,98.15,141329.78,,80.0,0
2025-11-06 20:30:00,91.41666666666669,91.41666666666669,98.1,98.1,141329.78,,80.0,0
2025-11-06 20:33:00,91.41666666666669,91.41666666666669,98.3,98.3,141564.23,,80.0,0
2025-11-06 20:36:00,91.41666666666669,91.41666666666669,98.1,98.1,141271.185,,80.0,0
2025-11-06 20:39:00,91.41666666666669,91.41666666666669,97.94999999999999,97.94999999999999,141095.36,,80.0,0
2025-11-06 20:42:00,91.41666666666669,91.41666666666669,97.94999999999999,97.94999999999999,141095.36,,80.0,0
2025-11-06 20:45:00,91.41666666666669,91.41666666666669,98.15,98.15,141388.39,,80.0,0
2025-11-06 20:48:00,91.41666666666669,91.41666666666669,98.1,98.1,141212.56,,80.0,0
2025-11-06 20:51:00,91.41666666666669,91.41666666666669,98.1,98.1,141271.16999999998,,80.0,0
2025-11-06 20:54:00,91.41666666666669,91.41666666666669,98.05,98.05,141212.58000000002,,80.0,0
2025-11-06 20:57:00,91.41666666666669,91.41666666666669,98.0,98.0,141095.38,,80.0,0
2025-11-06 21:00:00,91.41666666666669,91.41666666666669,98.2,98.2,141447.0,,80.0,0
2025-11-06 21:03:00,91.41666666666669,91.41666666666669,98.1,98.1,141271.16999999998,,80.0,0
2025-11-06 21:06:00,91.41666666666669,91.41666666666669,98.19999999999999,98.19999999999999,141447.005,,80.0,0
2025-11-06 21:09:00,91.41666666666669,91.41666666666669,98.05,98.05,141212.58000000002,,80.0,0
2025-11-06 21:12:00,91.41666666666669,91.41666666666669,97.9,97.9,140919.52000000002,,80.0,0
2025-11-06 21:15:00,91.41666666666669,91.41666666666669,98.2,98.2,141447.0,,80.0,0
2025-11-06 21:18:00,91.41666666666669,91.41666666666669,98.1,98.1,141329.78,,80.0,0
2025-11-06 21:21:00,91.41666666666669,91.41666666666669,98.1,98.1,141271.16999999998,,80.0,0
2025-11-06 21:24:00,91.41666666666669,91.41666666666669,98.1,98.1,141329.78,,80.0,0
2025-11-06 21:27:00,91.41666666666669,91.41666666666669,98.0,98.0,141095.38,,80.0,0
2025-11-06 21:30:00,91.41666666666669,91.41666666666669,98.0,98.0,141095.35,,80.0,0
2025-11-06 21:33:00,91.41666666666669,91.41666666666669,98.1,98.1,141329.78,,80.0,0
2025-11-06 21:36:00,91.41666666666669,91.41666666666669,98.0,98.0,141153.96000000002,,80.0,0
2025-11-06 21:39:00,91.41666666666669,91.41666666666669,97.94999999999999,97.94999999999999,141036.75,,80.0,0
2025-11-06 21:42:00,91.41666666666669,91.41666666666669,98.05,98.05,141212.58000000002,,80.0,0
2025-11-06 21:45:00,91.41666666666669,91.41666666666669,98.1,98.1,141271.16999999998,,80.0,0
2025-11-06 21:48:00,91.41666666666669,91.41666666666669,98.15,98.15,141388.39,,80.0,0
2025-11-06 21:51:00,91.41666666666669,91.41666666666669,98.1,98.1,141271.16999999998,,80.0,0
2025-11-06 21:54:00,91.41666666666669,91.41666666666669,98.1,98.1,141329.78,,80.0,0
2025-11-06 21:57:00,91.41666666666669,91.41666666666669,98.1,98.35,141622.83500000002,,80.0,0
2025-11-06 22:00:00,91.41666666666669,91.41666666666669,98.25,98.25,141505.615,,80.0,0
2025-11-06 22:03:00,91.41666666666669,91.41666666666669,98.05,98.05,141153.97,,80.0,0
2025-11-06 22:06:00,91.41666666666669,91.41666666666669,98.19999999999999,98.19999999999999,141447.005,,80.0,0
2025-11-06 22:09:00,91.41666666666669,91.41666666666669,97.94999999999999,97.94999999999999,141036.75,,80.0,0
2025-11-06 22:12:00,91.41666666666669,91.41666666666669,98.0,98.0,141095.38,,80.0,0
2025-11-06 22:15:00,91.41666666666669,91.41666666666669,98.1,98.1,141329.78,,80.0,0
2025-11-06 22:18:00,91.41666666666669,91.41666666666669,98.1,98.1,141212.56,,80.0,0
2025-11-06 22:21:00,91.41666666666669,91.41666666666669,98.1,98.1,141329.78,,80.0,0
2025-11-06 22:24:00,91.41666666666669,91.41666666666669,98.05,98.05,141153.97,,80.0,0
2025-11-06 22:27:00,91.41666666666669,91.41666666666669,98.0,98.0,141095.38,,80.0,0
2025-11-06 22:30:00,91.41666666666669,91.41666666666669,98.05,98.05,141153.97,,80.0,0
2025-11-06 22:33:00,91.41666666666669,91.41666666666669,98.0,98.0,141095.38,,80.0,0
2025-11-06 22:36:00,91.41666666666669,91.41666666666669,98.0,98.0,141095.38,,80.0,0
2025-11-06 22:39:00,91.41666666666669,91.41666666666669,98.0,98.0,141095.38,,80.0,0
2025-11-06 22:42:00,91.41666666666669,91.41666666666669,98.05,98.05,141212.58000000002,,80.0,0
2025-11-06 22:45:00,91.41666666666669,91.41666666666669,97.95,97.95,141036.76,,80.0,0
2025-11-06 22:48:00,91.41666666666669,91.41666666666669,98.0,97.75,140743.71000000002,,80.0,0
2025-11-06 22:51:00,91.41666666666669,91.41666666666669,98.1,98.1,141212.56,,80.0,0
2025-11-06 22:54:00,91.41666666666669,91.41666666666669,98.0,97.25,140040.375,,80.0,0
2025-11-06 22:57:00,91.41666666666669,91.41666666666669,98.05,98.05,141153.97,,80.0,0
2025-11-06 23:00:00,91.41666666666669,91.41666666666669,98.1,98.1,141271.16999999998,,80.0,0
2025-11-06 23:03:00,91.41666666666669,91.41666666666669,97.9,97.9,140978.14,,80.0,0
2025-11-06 23:06:00,91.41666666666669,91.41666666666669,97.9,97.9,140978.16,,80.0,0
2025-11-06 23:09:00,91.41666666666669,91.41666666666669,98.0,98.0,141095.38,,80.0,0
2025-11-06 23:12:00,91.41666666666669,91.41666666666669,97.8,97.8,140802.325,,80.0,0
2025-11-06 23:15:00,91.41666666666669,91.41666666666669,97.7,97.7,140626.48,,80.0,0
2025-11-06 23:18:00,91.41666666666669,91.41666666666669,97.9,96.5,138985.39,,80.0,0
2025-11-06 23:21:00,91.41666666666669,91.41666666666669,97.9,96.45,138926.78000000003,,80.0,0
2025-11-06 23:24:00,91.41666666666669,91.41666666666669,97.15,97.15,139864.55,,80.0,0
2025-11-06 23:27:00,91.41666666666669,91.41666666666669,97.95,97.95,141036.76,,80.0,0
2025-11-06 23:30:00,91.41666666666669,91.41666666666669,97.9,97.9,140919.52000000002,,80.0,0
2025-11-06 23:33:00,91.41666666666669,91.41666666666669,98.0,98.0,141095.38,,80.0,0
2025-11-06 23:36:00,91.41666666666669,91.41666666666669,98.1,98.1,141329.78,,80.0,0
2025-11-06 23:39:00,91.41666666666669,91.41666666666669,97.80000000000001,97.80000000000001,140860.92,,80.0,0
2025-11-06 23:42:00,91.41666666666669,91.41666666666669,97.9,97.9,140978.16,,80.0,0
2025-11-06 23:45:00,91.41666666666669,91.41666666666669,97.95,97.95,141036.76,,80.0,0
2025-11-06 23:48:00,91.41666666666669,91.41666666666669,98.05,98.05,141153.97,,80.0,0
2025-11-06 23:51:00,91.41666666666669,91.41666666666669,98.05,98.05,141153.97,,80.0,0
2025-11-06 23:54:00,91.41666666666669,91.41666666666669,98.05,97.9,140978.16,,80.0,0
2025-11-06 23:57:00,91.41666666666669,91.41666666666669,98.05,98.05,141153.97,,80.0,0
2025-11-07 00:00:00,91.41666666666669,91.41666666666669,98.05,98.05,141212.58000000002,,80.0,0
2025-11-07 00:03:00,91.41666666666669,91.41666666666669,98.05,98.05,141153.97,,80.0,0
2025-11-07 00:06:00,91.41666666666669,91.41666666666669,98.1,98.1,141329.78,,80.0,0
2025-11-07 00:09:00,91.41666666666669,91.41666666666669,98.0,98.0,141095.38,,80.0,0
2025-11-07 00:12:00,91.41666666666669,91.41666666666669,97.85,97.85,140919.54,,80.0,0
2025-11-07 00:15:00,91.41666666666669,91.41666666666669,97.85,97.85,140919.54,,80.0,0
2025-11-07 00:18:00,91.41666666666669,91.41666666666669,98.0,97.75,140743.70500000002,,80.0,0
2025-11-07 00:21:00,91.41666666666669,91.41666666666669,98.05,98.05,141153.97,,80.0,0
2025-11-07 00:24:00,91.41666666666669,91.41666666666669,98.0,98.0,141095.38,,80.0,0
2025-11-07 00:27:00,91.41666666666669,91.41666666666669,98.1,98.1,141271.16999999998,,80.0,0
2025-11-07 00:30:00,91.41666666666669,91.41666666666669,97.94999999999999,97.94999999999999,141036.75,,80.0,0
2025-11-07 00:33:00,91.41666666666669,91.41666666666669,97.9,97.9,140978.14,,80.0,0
2025-11-07 00:36:00,91.41666666666669,91.41666666666669,98.0,98.0,141095.38,,80.0,0
2025-11-07 00:39:00,91.41666666666669,91.41666666666669,97.8,97.8,140860.94,,80.0,0
2025-11-07 00:42:00,91.41666666666669,91.41666666666669,97.95,97.95,141036.76,,80.0,0
2025-11-07 00:45:00,91.41666666666669,91.41666666666669,97.8,97.8,140860.94,,80.0,0
2025-11-07 00:48:00,91.41666666666669,91.41666666666669,98.0,98.0,141095.38,,80.0,0
2025-11-07 00:51:00,91.41666666666669,91.41666666666669,98.0,98.0,141095.38,,80.0,0
2025-11-07 00:54:00,91.41666666666669,91.41666666666669,98.05,98.05,141153.97,,80.0,0
2025-11-07 00:57:00,91.41666666666669,91.41666666666669,97.9,97.9,140978.14,,80.0,0
2025-11-07 01:00:00,91.41666666666669,91.41666666666669,97.95,97.65,140567.875,,80.0,0
2025-11-07 01:03:00,91.41666666666669,91.41666666666669,98.0,98.0,141095.35,,80.0,0
2025-11-07 01:06:00,91.41666666666669,91.41666666666669,97.94999999999999,97.94999999999999,141036.75,,80.0,0
2025-11-07 01:09:00,91.41666666666669,91.41666666666669,97.95,97.95,141036.76,,80.0,0
2025-11-07 01:12:00,91.41666666666669,91.41666666666669,98.0,98.0,141095.38,,80.0,0
2025-11-07 01:15:00,91.41666666666669,91.41666666666669,97.95,97.35,140157.595,,80.0,0
2025-11-07 01:18:00,91.41666666666669,91.41666666666669,97.95,97.5,140392.035,,80.0,0
2025-11-07 01:21:00,91.41666666666669,91.41666666666669,97.95,97.95,141036.76,,80.0,0
2025-11-07 01:24:00,91.41666666666669,91.41666666666669,98.0,98.0,141095.38,,80.0,0
2025-11-07 01:27:00,91.41666666666669,91.41666666666669,98.05,98.05,141153.97,,80.0,0
2025-11-07 01:30:00,91.41666666666669,91.41666666666669,97.9,97.9,140978.14,,80.0,0
2025-11-07 01:33:00,91.41666666666669,91.41666666666669,97.65,97.65,140626.485,,80.0,0
2025-11-07 01:36:00,91.41666666666669,91.41666666666669,97.85,97.85,140919.54,,80.0,0
2025-11-07 01:39:00,91.41666666666669,91.41666666666669,97.9,96.35,138692.34000000003,,80.0,0
2025-11-07 01:42:00,91.41666666666669,91.41666666666669,97.9,96.5,138926.785,,80.0,0
2025-11-07 01:45:00,91.41666666666669,91.41666666666669,97.9,96.75,139278.45,,80.0,0
2025-11-07 01:48:00,91.41666666666669,91.41666666666669,98.1,98.1,141212.56,,80.0,0
2025-11-07 01:51:00,91.41666666666669,91.41666666666669,98.0,98.0,141095.38,,80.0,0
2025-11-07 01:54:00,91.41666666666669,91.41666666666669,97.9,97.9,140978.16,,80.0,0
2025-11-07 01:57:00,91.41666666666669,91.41666666666669,98.1,98.1,141271.16999999998,,80.0,0
2025-11-07 02:00:00,91.41666666666669,91.41666666666669,97.9,97.9,140978.16,,80.0,0
2025-11-07 02:03:00,91.41666666666669,91.41666666666669,98.0,98.0,141095.38,,80.0,0
2025-11-07 02:06:00,91.41666666666669,91.41666666666669,98.05,98.05,141153.97,,80.0,0
2025-11-07 02:09:00,91.41666666666669,91.41666666666669,97.9,97.9,140978.16,,80.0,0
2025-11-07 02:12:00,91.41666666666669,91.41666666666669,98.0,98.0,141095.38,,80.0,0
2025-11-07 02:15:00,91.41666666666669,91.41666666666669,97.85,97.85,140919.54,,80.0,0
2025-11-07 02:18:00,91.41666666666669,91.41666666666669,97.9,97.45,140274.82,,80.0,0
2025-11-07 02:21:00,91.41666666666669,91.41666666666669,97.95,97.95,141036.76,,80.0,0
2025-11-07 02:24:00,91.41666666666669,91.41666666666669,97.85,97.85,140919.54,,80.0,0
2025-11-07 02:27:00,91.41666666666669,91.41666666666669,97.8,97.8,140860.94,,80.0,0
2025-11-07 02:30:00,91.41666666666669,91.41666666666669,97.85,97.85,140919.54,,80.0,0
2025-11-07 02:33:00,91.41666666666669,91.41666666666669,97.9,97.9,140978.14,,80.0,0
2025-11-07 02:36:00,91.41666666666669,91.41666666666669,97.95,97.95,141036.76,,80.0,0
2025-11-07 02:39:00,91.41666666666669,91.41666666666669,98.0,98.0,141095.38,,80.0,0
2025-11-07 02:42:00,91.41666666666669,91.41666666666669,97.94999999999999,97.94999999999999,141095.36,,80.0,0
2025-11-07 02:45:00,91.41666666666669,91.41666666666669,97.9,97.9,140978.16,,80.0,0
2025-11-07 02:48:00,91.41666666666669,91.41666666666669,97.95,97.95,141036.76,,80.0,0
2025-11-07 02:51:00,91.41666666666669,91.41666666666669,97.85,97.85,140919.54,,80.0,0
2025-11-07 02:54:00,91.41666666666669,91.41666666666669,98.05,98.05,141153.97,,80.0,0
2025-11-07 02:57:00,91.41666666666669,91.41666666666669,98.05,98.05,141153.97,,80.0,0
2025-11-07 03:00:00,91.41666666666669,91.41666666666669,98.05,98.05,141212.58000000002,,80.0,0
2025-11-07 03:03:00,91.41666666666669,91.41666666666669,97.8,97.8,140860.94,,80.0,0
2025-11-07 03:06:00,91.41666666666669,91.41666666666669,97.85,97.85,140919.54,,80.0,0
2025-11-07 03:09:00,91.41666666666669,91.41666666666669,97.69999999999999,97.69999999999999,140685.10499999998,,80.0,0
2025-11-07 03:12:00,91.41666666666669,91.41666666666669,97.75,97.75,140743.71000000002,,80.0,0
2025-11-07 03:15:00,91.41666666666669,91.41666666666669,98.0,98.0,141095.38,,80.0,0
2025-11-07 03:18:00,91.41666666666669,91.41666666666669,97.80000000000001,97.80000000000001,140802.31,,80.0,0
2025-11-07 03:21:00,91.41666666666669,91.41666666666669,97.9,97.9,140978.14,,80.0,0
2025-11-07 03:24:00,91.41666666666669,91.41666666666669,97.8,97.8,140860.94,,80.0,0
2025-11-07 03:27:00,91.41666666666669,91.41666666666669,97.9,97.9,140978.16,,80.0,0
2025-11-07 03:30:00,91.41666666666669,91.41666666666669,97.8,97.8,140860.94,,80.0,0
2025-11-07 03:33:00,91.41666666666669,91.41666666666669,97.9,97.80000000000001,140860.92,,80.0,0
2025-11-07 03:36:00,91.41666666666669,91.41666666666669,97.9,97.9,140978.14,,80.0,0
2025-11-07 03:39:00,91.41666666666669,91.41666666666669,97.9,97.9,140978.14,,80.0,0
2025-11-07 03:42:00,91.41666666666669,91.41666666666669,97.95,97.95,141036.76,,80.0,0
2025-11-07 03:45:00,91.41666666666669,91.41666666666669,97.95,97.95,141036.76,,80.0,0
2025-11-07 03:48:00,91.41666666666669,91.41666666666669,97.95,97.95,141036.76,,80.0,0
2025-11-07 03:51:00,91.41666666666669,91.41666666666669,97.9,97.9,140978.14,,80.0,0
2025-11-07 03:54:00,91.41666666666669,91.41666666666669,98.0,98.0,141095.38,,80.0,0
2025-11-07 03:57:00,91.41666666666669,91.41666666666669,97.8,97.8,140860.94,,80.0,0
2025-11-07 04:00:00,91.41666666666669,91.41666666666669,97.95,97.95,141036.76,,80.0,0
2025-11-07 04:03:00,91.41666666666669,91.41666666666669,97.94999999999999,97.94999999999999,141095.36,,80.0,0
2025-11-07 04:06:00,91.41666666666669,91.41666666666669,97.8,97.8,140860.94,,80.0,0
2025-11-07 04:09:00,91.41666666666669,91.41666666666669,97.85,97.55000000000001,140450.655,,80.0,0
2025-11-07 04:12:00,91.41666666666669,91.41666666666669,97.75,97.75,140802.32,,80.0,0
2025-11-07 04:15:00,91.41666666666669,91.41666666666669,97.9,97.9,140978.14,,80.0,0
2025-11-07 04:18:00,91.41666666666669,91.41666666666669,97.8,97.8,140860.94,,80.0,0
2025-11-07 04:21:00,91.41666666666669,91.41666666666669,97.85,97.85,140919.54,,80.0,0
2025-11-07 04:24:00,91.41666666666669,91.41666666666669,97.95,97.95,141036.76,,80.0,0
2025-11-07 04:27:00,91.41666666666669,91.41666666666669,97.69999999999999,97.69999999999999,140685.10499999998,,80.0,0
2025-11-07 04:30:00,91.41666666666669,91.41666666666669,97.95,97.95,141036.76,,80.0,0
2025-11-07 04:33:00,91.41666666666669,91.41666666666669,97.8,97.8,140860.94,,80.0,0
2025-11-07 04:36:00,91.41666666666669,91.41666666666669,97.94999999999999,97.94999999999999,141095.36,,80.0,0
2025-11-07 04:39:00,91.41666666666669,91.41666666666669,97.75,97.75,140743.71000000002,,80.0,0
2025-11-07 04:42:00,91.41666666666669,91.41666666666669,98.0,98.0,141095.38,,80.0,0
2025-11-07 04:45:00,91.41666666666669,91.41666666666669,97.7,97.7,140743.7,,80.0,0
2025-11-07 04:48:00,91.41666666666669,91.41666666666669,97.85,97.85,140919.54,,80.0,0
2025-11-07 04:51:00,91.41666666666669,91.41666666666669,97.85,97.85,140919.54,,80.0,0
2025-11-07 04:54:00,91.41666666666669,91.41666666666669,97.9,97.9,140978.13,,80.0,0
2025-11-07 04:57:00,91.41666666666669,91.41666666666669,97.8,97.8,140860.94,,80.0,0
2025-11-07 05:00:00,91.41666666666669,91.41666666666669,97.7,97.7,140626.48,,80.0,0
2025-11-07 05:03:00,91.41666666666669,91.41666666666669,97.75,97.5,140392.05,,80.0,0
2025-11-07 05:06:00,91.41666666666669,91.41666666666669,97.75,97.75,140802.32,,80.0,0
2025-11-07 05:09:00,91.41666666666669,91.41666666666669,97.75,97.75,140802.32,,80.0,0
2025-11-07 05:12:00,91.41666666666669,91.41666666666669,97.4,97.4,140216.215,,80.0,0
2025-11-07 05:15:00,91.41666666666669,91.41666666666669,97.45,97.45,140333.43,,80.0,0
2025-11-07 05:18:00,91.41666666666669,91.41666666666669,97.55,97.55,140450.65,,80.0,0
2025-11-07 05:21:00,91.41666666666669,91.41666666666669,97.5,97.5,140392.03,,80.0,0
2025-11-07 05:24:00,91.41666666666669,91.41666666666669,97.0,97.0,139688.715,,80.0,0
2025-11-07 05:27:00,91.41666666666669,91.41666666666669,97.05,97.05,139747.33000000002,,80.0,0
2025-11-07 05:30:00,91.41666666666669,91.41666666666669,97.2,97.2,139923.16,,80.0,0
2025-11-07 05:33:00,91.41666666666669,91.41666666666669,97.3,97.3,140098.995,,80.0,0
2025-11-07 05:36:00,91.41666666666669,91.41666666666669,97.1,97.1,139805.94,,80.0,0
2025-11-07 05:39:00,91.41666666666669,91.41666666666669,96.7,96.7,139278.435,,80.0,0
2025-11-07 05:42:00,91.41666666666669,91.41666666666669,96.85,96.85,139454.265,,80.0,0
2025-11-07 05:45:00,91.41666666666669,91.41666666666669,96.9,96.9,139571.495,,80.0,0
2025-11-07 05:48:00,91.41666666666669,91.41666666666669,97.0,97.0,139688.72,,80.0,0
2025-11-07 05:51:00,91.41666666666669,91.41666666666669,96.8,96.8,139454.27,,80.0,0
2025-11-07 05:54:00,91.41666666666669,91.41666666666669,96.75,96.75,139337.05,,80.0,0
2025-11-07 05:57:00,91.41666666666669,91.41666666666669,96.75,96.5,138985.39,,80.0,0
2025-11-07 06:00:00,91.41666666666669,91.41666666666669,96.45,96.45,138868.18,,80.0,0
2025-11-07 06:03:00,91.41666666666669,91.41666666666669,96.75,96.75,139337.05,,80.0,0
2025-11-07 06:06:00,91.41666666666669,91.41666666666669,96.55,96.55,139044.0,,80.0,0
2025-11-07 06:09:00,91.41666666666669,91.41666666666669,96.5,96.5,138985.39,,80.0,0
2025-11-07 06:12:00,91.41666666666669,91.41666666666669,96.5,96.5,138985.39,,80.0,0
2025-11-07 06:15:00,91.41666666666669,91.41666666666669,96.4,96.1,138399.29,,80.0,0
2025-11-07 06:18:00,91.41666666666669,91.41666666666669,95.95,95.95,138164.85,,80.0,0
2025-11-07 06:21:00,91.41666666666669,91.41666666666669,95.9,95.9,138047.64,,80.0,0
2025-11-07 06:24:00,91.41666666666669,91.41666666666669,95.9,95.9,138047.64,,80.0,0
2025-11-07 06:27:00,91.41666666666669,91.41666666666669,95.9,96.4,138809.565,,80.0,0
2025-11-07 06:30:00,91.41666666666669,91.41666666666669,95.9,95.9,138047.64,,80.0,0
2025-11-07 06:33:00,91.41666666666669,91.41666666666669,95.80000000000001,95.80000000000001,137930.415,,80.0,0
2025-11-07 06:36:00,91.41666666666669,91.41666666666669,95.85,95.85,137989.03000000003,,80.0,0
2025-11-07 06:39:00,91.41666666666669,91.41666666666669,95.6,95.6,137695.97,,80.0,0
2025-11-07 06:42:00,91.41666666666669,91.41666666666669,95.8,95.8,137930.42,,80.0,0
2025-11-07 06:45:00,91.41666666666669,91.41666666666669,95.5,95.5,137578.75,,80.0,0
2025-11-07 06:48:00,91.41666666666669,91.41666666666669,95.55,95.55,137578.755,,80.0,0
2025-11-07 06:51:00,91.41666666666669,91.41666666666669,95.2,95.2,137109.865,,80.0,0
2025-11-07 06:54:00,91.41666666666669,91.41666666666669,95.45,95.45,137461.53,,80.0,0
2025-11-07 06:57:00,91.41666666666669,91.41666666666669,95.5,95.5,137578.75,,80.0,0
2025-11-07 07:00:00,91.41666666666669,91.41666666666669,95.4,95.4,137344.31,,80.0,0
2025-11-07 07:03:00,91.41666666666669,91.41666666666669,95.3,95.3,137227.09,,80.0,0
2025-11-07 07:06:00,91.41666666666669,91.41666666666669,95.2,95.1,136992.64,,80.0,0
2025-11-07 07:09:00,91.41666666666669,91.41666666666669,95.2,95.2,137109.87,,80.0,0
2025-11-07 07:12:00,91.41666666666669,91.41666666666669,95.3,95.3,137227.09,,80.0,0
2025-11-07 07:15:00,91.41666666666669,91.41666666666669,95.0,95.0,136875.42,,80.0,0
2025-11-07 07:18:00,91.41666666666669,91.41666666666669,95.0,95.0,136875.42,,80.0,0
2025-11-07 07:21:00,91.41666666666669,91.41666666666669,95.0,95.0,136875.42,,80.0,0
2025-11-07 07:24:00,91.41666666666669,91.41666666666669,94.8,94.8,136465.165,,80.0,0
2025-11-07 07:27:00,91.41666666666669,91.41666666666669,94.95,94.95,136699.59000000003,,80.0,0
2025-11-07 07:30:00,91.41666666666669,91.41666666666669,94.9,94.9,136640.98,,80.0,0
2025-11-07 07:33:00,91.41666666666669,91.41666666666669,94.4,94.4,135996.28999999998,,80.0,0
2025-11-07 07:36:00,91.41666666666669,91.41666666666669,94.2,94.2,135703.25,,80.0,0
2025-11-07 07:39:00,91.41666666666669,91.41666666666669,94.55000000000001,94.55000000000001,136172.115,,80.0,0
2025-11-07 07:42:00,91.41666666666669,91.41666666666669,94.6,94.6,136172.13,,80.0,0
2025-11-07 07:45:00,91.41666666666669,91.41666666666669,94.75,94.75,136406.555,,80.0,0
2025-11-07 07:48:00,91.41666666666669,91.41666666666669,94.4,94.4,135937.69,,80.0,0
2025-11-07 07:51:00,91.41666666666669,91.41666666666669,94.44999999999999,94.44999999999999,135996.3,,80.0,0
2025-11-07 07:54:00,91.41666666666669,91.41666666666669,94.3,93.7,134941.305,,80.0,0
2025-11-07 07:57:00,91.41666666666669,91.41666666666669,94.0,94.0,135351.58,,80.0,0
2025-11-07 08:00:00,91.41666666666669,91.41666666666669,94.15,94.15,135527.40999999997,,80.0,0
2025-11-07 08:03:00,91.41666666666669,91.41666666666669,94.1,94.1,135527.41499999998,,80.0,0
2025-11-07 08:06:00,91.41666666666669,91.41666666666669,94.2,94.2,135703.25,,80.0,0
2025-11-07 08:09:00,91.41666666666669,91.41666666666669,94.3,94.3,135820.47,,80.0,0
2025-11-07 08:12:00,91.41666666666669,91.41666666666669,94.2,94.2,135586.02,,80.0,0
2025-11-07 08:15:00,91.41666666666669,91.41666666666669,93.9,93.9,135234.36,,80.0,0
2025-11-07 08:18:00,91.41666666666669,91.41666666666669,94.30000000000001,94.30000000000001,135820.47,,80.0,0
2025-11-07 08:21:00,91.41666666666669,91.41666666666669,94.2,94.2,135703.25,,80.0,0
2025-11-07 08:24:00,91.41666666666669,91.41666666666669,94.2,94.2,135703.25,,80.0,0
2025-11-07 08:27:00,91.41666666666669,91.41666666666669,94.2,94.05000000000001,135410.19,,80.0,0
2025-11-07 08:30:00,91.41666666666669,91.41666666666669,94.2,94.0,135410.195,,80.0,0
2025-11-07 08:33:00,91.41666666666669,91.41666666666669,94.2,94.2,135703.25,,80.0,0
2025-11-07 08:36:00,91.41666666666669,91.41666666666669,94.2,94.2,135703.25,,80.0,0
2025-11-07 08:39:00,91.41666666666669,91.41666666666669,94.2,94.2,135644.635,,80.0,0
2025-11-07 08:42:00,91.41666666666669,91.41666666666669,94.2,94.2,135644.635,,80.0,0
2025-11-07 08:45:00,91.41666666666669,91.41666666666669,94.2,94.2,135703.25,,80.0,0
2025-11-07 08:48:00,91.41666666666669,91.41666666666669,94.25,94.25,135703.245,,80.0,0
2025-11-07 08:51:00,91.41666666666669,91.41666666666669,94.25,94.25,135761.86,,80.0,0
2025-11-07 08:54:00,91.41666666666669,91.41666666666669,94.1,94.1,135527.41499999998,,80.0,0
2025-11-07 08:57:00,91.41666666666669,91.41666666666669,94.0,94.0,135351.58,,80.0,0
2025-11-07 09:00:00,91.41666666666669,91.41666666666669,94.2,93.9,135234.35499999998,,80.0,0
2025-11-07 09:03:00,91.41666666666669,91.41666666666669,94.2,94.2,135703.25,,80.0,0
2025-11-07 09:06:00,91.41666666666669,91.41666666666669,94.30000000000001,94.30000000000001,135820.47,,80.0,0
2025-11-07 09:09:00,91.41666666666669,91.41666666666669,94.1,94.1,135468.8,,80.0,0
2025-11-07 09:12:00,91.41666666666669,91.41666666666669,94.2,94.2,135703.25,,80.0,0
2025-11-07 09:15:00,91.41666666666669,91.41666666666669,94.15,94.15,135527.40999999997,,80.0,0
2025-11-07 09:18:00,91.41666666666669,91.41666666666669,94.19999999999999,93.75,134999.91499999998,,80.0,0
2025-11-07 09:21:00,91.41666666666669,91.41666666666669,94.15,94.45,135996.3,,80.0,0
2025-11-07 09:24:00,91.41666666666669,91.41666666666669,94.2,94.2,135703.25,,80.0,0
2025-11-07 09:27:00,91.41666666666669,91.41666666666669,94.05,94.05,135410.19,,80.0,0
2025-11-07 09:30:00,91.41666666666669,91.41666666666669,94.15,94.15,135586.025,,80.0,0
2025-11-07 09:33:00,91.41666666666669,91.41666666666669,94.19999999999999,94.19999999999999,135644.635,,80.0,0
2025-11-07 09:36:00,91.41666666666669,91.41666666666669,94.1,94.1,135468.8,,80.0,0
2025-11-07 09:39:00,91.41666666666669,91.41666666666669,94.30000000000001,94.30000000000001,135820.47,,80.0,0
2025-11-07 09:42:00,91.41666666666669,91.41666666666669,94.19999999999999,94.19999999999999,135644.635,,80.0,0
2025-11-07 09:45:00,91.41666666666669,91.41666666666669,94.1,94.1,135468.8,,80.0,0
2025-11-07 09:48:00,91.41666666666669,91.41666666666669,94.1,94.1,135468.8,,80.0,0
2025-11-07 09:51:00,91.41666666666669,91.41666666666669,94.1,94.1,135468.8,,80.0,0
2025-11-07 09:54:00,91.41666666666669,91.41666666666669,93.95,93.95,135292.96999999997,,80.0,0
2025-11-07 09:57:00,91.41666666666669,91.41666666666669,93.9,93.9,135234.36,,80.0,0
2025-11-07 10:00:00,91.41666666666669,91.41666666666669,93.9,93.9,135234.36,,80.0,0
2025-11-07 10:03:00,91.41666666666669,91.41666666666669,94.05,94.05,135410.19,,80.0,0
2025-11-07 10:06:00,91.41666666666669,91.41666666666669,93.80000000000001,93.80000000000001,135117.135,,80.0,0
2025-11-07 10:09:00,91.41666666666669,91.41666666666669,93.9,93.9,135234.36,,80.0,0
2025-11-07 10:12:00,91.41666666666669,91.41666666666669,93.9,93.9,135234.36,,80.0,0
2025-11-07 10:15:00,91.41666666666669,91.41666666666669,93.95,93.95,135292.96999999997,,80.0,0
2025-11-07 10:18:00,91.41666666666669,91.41666666666669,93.75,93.75,134999.91499999998,,80.0,0
2025-11-07 10:21:00,91.41666666666669,91.41666666666669,94.05,94.05,135410.19,,80.0,0
2025-11-07 10:24:00,91.41666666666669,91.41666666666669,94.05,94.05,135410.19,,80.0,0
2025-11-07 10:27:00,91.41666666666669,91.41666666666669,94.0,94.0,135351.58,,80.0,0
2025-11-07 10:30:00,91.41666666666669,91.41666666666669,93.9,93.9,135234.36,,80.0,0
2025-11-07 10:33:00,91.41666666666669,91.41666666666669,94.05,94.05,135410.19,,80.0,0
2025-11-07 10:36:00,91.41666666666669,91.41666666666669,93.7,93.7,134941.305,,80.0,0
2025-11-07 10:39:00,91.41666666666669,91.41666666666669,93.7,93.7,134999.91,,80.0,0
2025-11-07 10:42:00,91.41666666666669,91.41666666666669,93.9,93.9,135234.36,,80.0,0
2025-11-07 10:45:00,91.41666666666669,91.41666666666669,93.9,93.9,135234.36,,80.0,0
2025-11-07 10:48:00,91.41666666666669,91.41666666666669,93.80000000000001,93.80000000000001,135117.135,,80.0,0
2025-11-07 10:51:00,91.41666666666669,91.41666666666669,94.0,94.0,135351.58,,80.0,0
2025-11-07 10:54:00,91.41666666666669,91.41666666666669,93.80000000000001,93.80000000000001,135117.135,,80.0,0
2025-11-07 10:57:00,91.41666666666669,91.41666666666669,93.75,93.75,135058.52500000002,,80.0,0
2025-11-07 11:00:00,91.41666666666669,91.41666666666669,93.7,93.7,134941.305,,80.0,1
2025-11-07 11:03:00,91.41666666666669,91.41666666666669,93.75,93.75,135058.52500000002,,80.0,1
2025-11-07 11:06:00,91.41666666666669,91.41666666666669,93.5,93.5,134589.64500000002,,80.0,1
2025-11-07 11:09:00,91.41666666666669,91.41666666666669,93.9,93.9,135175.75,,80.0,1
2025-11-07 11:12:00,91.41666666666669,91.41666666666669,93.9,93.9,135234.36,,80.0,1
2025-11-07 11:15:00,91.41666666666669,91.41666666666669,94.25,94.25,135761.86,,80.0,1
2025-11-07 11:18:00,91.41666666666669,91.41666666666669,93.8,93.8,135058.525,,80.0,1
2025-11-07 11:21:00,91.41666666666669,91.41666666666669,94.05000000000001,94.05000000000001,135410.19,,80.0,1
2025-11-07 11:24:00,91.41666666666669,91.41666666666669,94.15,94.15,135586.025,,80.0,1
2025-11-07 11:27:00,91.41666666666669,91.41666666666669,94.25,93.9,135234.36,,80.0,1
2025-11-07 11:30:00,91.41666666666669,91.41666666666669,94.35,94.35,135879.08000000002,,80.0,1
2025-11-07 11:33:00,91.41666666666669,91.41666666666669,94.5,94.5,136054.91,,80.0,1
2025-11-07 11:36:00,91.41666666666669,91.41666666666669,94.5,94.5,136054.91,,80.0,1
2025-11-07 11:39:00,91.41666666666669,91.41666666666669,94.6,94.6,136172.13,,80.0,1
2025-11-07 11:42:00,91.41666666666669,91.41666666666669,94.55,94.55,136113.52000000002,,80.0,1
2025-11-07 11:45:00,91.41666666666669,91.41666666666669,94.5,94.5,136054.91,,80.0,1
2025-11-07 11:48:00,91.41666666666669,91.41666666666669,94.6,94.6,136172.13,,80.0,1
2025-11-07 11:51:00,91.41666666666669,91.41666666666669,94.6,94.6,136172.13,,80.0,1
2025-11-07 11:54:00,91.41666666666669,91.41666666666669,94.35,94.35,135879.08000000002,,80.0,1
2025-11-07 11:57:00,91.41666666666669,91.41666666666669,94.25,94.25,135761.86,,80.0,1
2025-11-07 12:00:00,91.41666666666669,91.41666666666669,94.0,94.0,135351.58,,80.0,1
2025-11-07 12:03:00,91.41666666666669,91.41666666666669,94.4,94.4,135937.69,,80.0,1
2025-11-07 12:06:00,91.41666666666669,91.41666666666669,94.2,94.2,135703.25,,80.0,1
2025-11-07 12:09:00,91.41666666666669,91.41666666666669,94.45,94.45,135996.3,,80.0,1
2025-11-07 12:12:00,91.41666666666669,91.41666666666669,94.2,94.2,135703.25,,80.0,1
2025-11-07 12:15:00,91.41666666666669,91.41666666666669,94.30000000000001,94.8,136523.77,,80.0,1
2025-11-07 12:18:00,91.41666666666669,91.41666666666669,94.2,94.2,135703.25,,80.0,1
2025-11-07 12:21:00,91.41666666666669,91.41666666666669,94.6,94.6,136172.13,,80.0,1
2025-11-07 12:24:00,91.41666666666669,91.41666666666669,94.55,94.55,136113.52000000002,,80.0,1
2025-11-07 12:27:00,91.41666666666669,91.41666666666669,94.30000000000001,94.30000000000001,135820.47,,80.0,1
2025-11-07 12:30:00,91.41666666666669,91.41666666666669,94.2,94.2,135703.25,,80.0,1
2025-11-07 12:33:00,91.41666666666669,91.41666666666669,94.2,94.2,135703.25,,80.0,1
2025-11-07 12:36:00,91.41666666666669,91.41666666666669,93.9,93.9,135234.36,,80.0,1
2025-11-07 12:39:00,91.41666666666669,91.41666666666669,94.2,94.2,135703.25,,80.0,1
2025-11-07 12:42:00,91.41666666666669,91.41666666666669,94.2,94.2,135703.25,,80.0,1
2025-11-07 12:45:00,91.41666666666669,91.41666666666669,94.2,94.4,135937.69,,80.0,1
2025-11-07 12:48:00,91.41666666666669,91.41666666666669,94.2,93.9,135234.36,,80.0,1
2025-11-07 12:51:00,91.41666666666669,91.41666666666669,93.85,93.85,135175.75,,80.0,1
2025-11-07 12:54:00,91.41666666666669,91.41666666666669,94.30000000000001,94.30000000000001,135820.47,,80.0,1
2025-11-07 12:57:00,91.41666666666669,91.41666666666669,94.25,94.25,135761.86,,80.0,1
2025-11-07 13:00:00,91.41666666666669,91.41666666666669,94.4,94.4,135937.69,,80.0,1
2025-11-07 13:03:00,91.41666666666669,91.41666666666669,94.45,94.45,135996.3,,80.0,1
2025-11-07 13:06:00,91.41666666666669,91.41666666666669,94.35,94.35,135879.08000000002,,80.0,1
2025-11-07 13:09:00,91.41666666666669,91.41666666666669,94.5,94.5,136054.91,,80.0,1
2025-11-07 13:12:00,91.41666666666669,91.41666666666669,94.6,94.6,136230.72999999998,,80.0,1
2025-11-07 13:15:00,91.41666666666669,91.41666666666669,94.6,94.9,136640.98,,80.0,1
2025-11-07 13:18:00,91.41666666666669,91.41666666666669,94.75,94.75,136465.155,,80.0,1
2025-11-07 13:21:00,91.41666666666669,91.41666666666669,94.8,94.6,136172.13,,80.0,1
2025-11-07 13:24:00,91.41666666666669,91.41666666666669,94.9,95.2,137051.255,,80.0,1
2025-11-07 13:27:00,91.41666666666669,91.41666666666669,95.0,95.0,136875.42,,80.0,1
2025-11-07 13:30:00,91.41666666666669,91.41666666666669,95.0,94.8,136523.765,,80.0,1
2025-11-07 13:33:00,91.41666666666669,91.41666666666669,95.0,95.0,136875.42,,80.0,1
2025-11-07 13:36:00,91.41666666666669,91.41666666666669,95.0,95.0,136875.42,,80.0,1
2025-11-07 13:39:00,91.41666666666669,91.41666666666669,95.0,95.0,136758.2,,80.0,1
2025-11-07 13:42:00,91.41666666666669,91.41666666666669,95.0,95.0,136758.2,,80.0,1
2025-11-07 13:45:00,91.41666666666669,91.41666666666669,95.05,95.05,136934.03000000003,,80.0,1
2025-11-07 13:48:00,91.41666666666669,91.41666666666669,95.0,95.0,136875.42,,80.0,1
2025-11-07 13:51:00,91.41666666666669,91.41666666666669,95.15,95.15,137051.255,,80.0,1
2025-11-07 13:54:00,91.41666666666669,91.41666666666669,95.1,95.1,136992.64,,80.0,1
2025-11-07 13:57:00,91.41666666666669,91.41666666666669,95.2,95.2,137109.87,,80.0,1
2025-11-07 14:00:00,91.41666666666669,91.41666666666669,95.15,95.4,137344.31,,80.0,0
2025-11-07 14:03:00,91.41666666666669,91.41666666666669,95.2,95.2,137109.865,,80.0,0
2025-11-07 14:06:00,91.41666666666669,91.41666666666669,95.15,95.15,137051.255,,80.0,0
2025-11-07 14:09:00,91.41666666666669,91.41666666666669,95.4,95.4,137344.31,,80.0,0
2025-11-07 14:12:00,91.41666666666669,91.41666666666669,95.35,95.35,137285.7,,80.0,0
2025-11-07 14:15:00,91.41666666666669,91.41666666666669,95.35,94.9,136640.98,,80.0,0
2025-11-07 14:18:00,91.41666666666669,91.41666666666669,95.5,95.5,137578.75,,80.0,0
2025-11-07 14:21:00,91.41666666666669,91.41666666666669,95.4,95.4,137344.31,,80.0,0
2025-11-07 14:24:00,91.41666666666669,91.41666666666669,95.4,95.4,137344.31,,80.0,0
2025-11-07 14:27:00,91.41666666666669,91.41666666666669,95.15,95.15,137051.255,,80.0,0
2025-11-07 14:30:00,91.41666666666669,91.41666666666669,95.2,95.2,137109.865,,80.0,0
2025-11-07 14:33:00,91.41666666666669,91.41666666666669,95.35,95.35,137285.7,,80.0,0
2025-11-07 14:36:00,91.41666666666669,91.41666666666669,95.25,95.25,137168.47999999998,,80.0,0
2025-11-07 14:39:00,91.41666666666669,91.41666666666669,95.2,95.2,137109.87,,80.0,0
2025-11-07 14:42:00,91.41666666666669,91.41666666666669,95.2,95.2,137109.87,,80.0,0
2025-11-07 14:45:00,91.41666666666669,91.41666666666669,95.25,95.25,137168.47999999998,,80.0,0
2025-11-07 14:48:00,91.41666666666669,91.41666666666669,95.4,95.4,137344.31,,80.0,0
2025-11-07 14:51:00,91.41666666666669,91.41666666666669,95.4,95.4,137344.31,,80.0,0
2025-11-07 14:54:00,91.41666666666669,91.41666666666669,95.25,94.6,136230.725,,80.0,0
2025-11-07 14:57:00,91.41666666666669,91.41666666666669,95.15,95.15,137051.255,,80.0,0
2025-11-07 15:00:00,91.41666666666669,91.41666666666669,95.35,95.35,137285.7,,80.0,0
2025-11-07 15:03:00,91.41666666666669,91.41666666666669,95.4,95.4,137344.31,,80.0,0
2025-11-07 15:06:00,91.41666666666669,91.41666666666669,95.15,95.15,137051.255,,80.0,0
2025-11-07 15:09:00,91.41666666666669,91.41666666666669,95.4,95.4,137344.31,,80.0,0
2025-11-07 15:12:00,91.41666666666669,91.41666666666669,95.4,95.4,137344.31,,80.0,0
2025-11-07 15:15:00,91.41666666666669,91.41666666666669,95.3,95.3,137227.09,,80.0,0
2025-11-07 15:18:00,91.41666666666669,91.41666666666669,95.69999999999999,95.69999999999999,137813.2,,80.0,0
2025-11-07 15:21:00,91.41666666666669,91.41666666666669,95.1,95.1,136992.64500000002,,80.0,0
2025-11-07 15:24:00,91.41666666666669,91.41666666666669,95.25,95.25,137168.47999999998,,80.0,0
2025-11-07 15:27:00,91.41666666666669,91.41666666666669,95.4,95.4,137344.31,,80.0,0
2025-11-07 15:30:00,91.41666666666669,91.41666666666669,95.45,95.45,137402.91999999998,,80.0,0
2025-11-07 15:33:00,91.41666666666669,91.41666666666669,95.4,95.4,137344.31,,80.0,0
2025-11-07 15:36:00,91.41666666666669,91.41666666666669,95.4,95.4,137344.31,,80.0,0
2025-11-07 15:39:00,91.41666666666669,91.41666666666669,95.0,95.0,136875.42,,80.0,0
2025-11-07 15:42:00,91.41666666666669,91.41666666666669,95.55,95.55,137578.755,,80.0,0
2025-11-07 15:45:00,91.41666666666669,91.41666666666669,95.35,94.2,135703.25,,80.0,0
2025-11-07 15:48:00,91.41666666666669,91.41666666666669,95.30000000000001,95.30000000000001,137227.09,,80.0,0
2025-11-07 15:51:00,91.41666666666669,91.41666666666669,95.30000000000001,95.30000000000001,137227.09,,80.0,0
2025-11-07 15:54:00,91.41666666666669,91.41666666666669,95.4,95.4,137344.31,,80.0,0
2025-11-07 15:57:00,91.41666666666669,91.41666666666669,95.3,95.3,137227.09,,80.0,0
2025-11-07 16:00:00,91.41666666666669,91.41666666666669,95.35,95.35,137285.7,,80.0,0
2025-11-07 16:03:00,91.41666666666669,91.41666666666669,95.35,95.35,137285.7,,80.0,0
2025-11-07 16:06:00,91.41666666666669,91.41666666666669,95.30000000000001,95.30000000000001,137227.09,,80.0,0
2025-11-07 16:09:00,91.41666666666669,91.41666666666669,95.4,95.4,137344.31,,80.0,0
2025-11-07 16:12:00,91.41666666666669,91.41666666666669,95.3,95.3,137227.09,,80.0,0
2025-11-07 16:15:00,91.41666666666669,91.41666666666669,95.2,95.2,137109.87,,80.0,0
2025-11-07 16:18:00,91.41666666666669,91.41666666666669,95.1,95.1,136992.64500000002,,80.0,0
2025-11-07 16:21:00,91.41666666666669,91.41666666666669,95.05,95.05,136934.03000000003,,80.0,0
2025-11-07 16:24:00,91.41666666666669,91.41666666666669,95.45,95.45,137461.53,,80.0,0
2025-11-07 16:27:00,91.41666666666669,91.41666666666669,95.05,95.05,136934.03000000003,,80.0,0
2025-11-07 16:30:00,91.41666666666669,91.41666666666669,95.15,95.15,137051.255,,80.0,0
2025-11-07 16:33:00,91.41666666666669,91.41666666666669,95.19999999999999,95.19999999999999,137109.865,,80.0,0
2025-11-07 16:36:00,91.41666666666669,91.41666666666669,95.15,95.15,137051.255,,80.0,0
2025-11-07 16:39:00,91.41666666666669,91.41666666666669,95.4,95.4,137344.31,,80.0,0
2025-11-07 16:42:00,91.41666666666669,91.41666666666669,95.35,95.35,137285.7,,80.0,0
2025-11-07 16:45:00,91.41666666666669,91.41666666666669,95.5,95.5,137461.53,,80.0,0
2025-11-07 16:48:00,91.41666666666669,91.41666666666669,95.4,95.4,137344.31,,80.0,0
2025-11-07 16:51:00,91.41666666666669,91.41666666666669,95.3,94.4,135937.66999999998,,80.0,0
2025-11-07 16:54:00,91.41666666666669,91.41666666666669,95.4,95.4,137344.31,,80.0,0
2025-11-07 16:57:00,91.41666666666669,91.41666666666669,95.3,95.3,137227.09,,80.0,0
2025-11-07 17:00:00,91.41666666666669,91.41666666666669,94.9,94.9,136641.0,,80.0,0
2025-11-07 17:03:00,91.41666666666669,91.41666666666669,95.1,95.1,136934.035,,80.0,0
2025-11-07 17:06:00,91.41666666666669,91.41666666666669,95.25,95.25,137168.47999999998,,80.0,0
2025-11-07 17:09:00,91.41666666666669,91.41666666666669,95.2,95.2,137109.87,,80.0,0
2025-11-07 17:12:00,91.41666666666669,91.41666666666669,95.0,95.0,136875.42,,80.0,0
2025-11-07 17:15:00,91.41666666666669,91.41666666666669,95.1,95.1,136992.64500000002,,80.0,0
2025-11-07 17:18:00,91.41666666666669,91.41666666666669,95.3,95.3,137227.09,,80.0,0
2025-11-07 17:21:00,91.41666666666669,91.41666666666669,95.35,95.35,137285.7,,80.0,0
2025-11-07 17:24:00,91.41666666666669,91.41666666666669,95.0,95.0,136816.81,,80.0,0
2025-11-07 17:27:00,91.41666666666669,91.41666666666669,95.1,95.1,136992.64500000002,,80.0,0
2025-11-07 17:30:00,91.41666666666669,91.41666666666669,95.2,95.2,137109.87,,80.0,0
2025-11-07 17:33:00,91.41666666666669,91.41666666666669,95.30000000000001,95.30000000000001,137227.09,,80.0,0
2025-11-07 17:36:00,91.41666666666669,91.41666666666669,95.2,95.2,137109.87,,80.0,0
2025-11-07 17:39:00,91.41666666666669,91.41666666666669,95.35,95.35,137285.7,,80.0,0
2025-11-07 17:42:00,91.41666666666669,91.41666666666669,95.2,95.2,137109.87,,80.0,0
2025-11-07 17:45:00,91.41666666666669,91.41666666666669,95.4,95.4,137344.31,,80.0,0
2025-11-07 17:48:00,91.41666666666669,91.41666666666669,95.25,95.25,137168.47999999998,,80.0,0
2025-11-07 17:51:00,91.41666666666669,91.41666666666669,95.2,95.2,137109.87,,80.0,0
2025-11-07 17:54:00,91.41666666666669,91.41666666666669,95.3,95.3,137227.09,,80.0,0
2025-11-07 17:57:00,91.41666666666669,91.41666666666669,95.4,95.4,137344.31,,80.0,0
2025-11-07 18:00:00,91.41666666666669,91.41666666666669,95.30000000000001,95.30000000000001,137227.09,,80.0,0
2025-11-07 18:03:00,91.41666666666669,91.41666666666669,95.2,95.2,137109.87,,80.0,0
2025-11-07 18:06:00,91.41666666666669,91.41666666666669,95.3,94.94999999999999,136699.61,,80.0,0
2025-11-07 18:09:00,91.41666666666669,91.41666666666669,95.3,95.3,137227.09,,80.0,0
2025-11-07 18:12:00,91.41666666666669,91.41666666666669,95.3,95.3,137227.09,,80.0,0
2025-11-07 18:15:00,91.41666666666669,91.41666666666669,95.35,95.35,137285.7,,80.0,0
2025-11-07 18:18:00,91.41666666666669,91.41666666666669,95.1,95.1,136934.035,,80.0,0
2025-11-07 18:21:00,91.41666666666669,91.41666666666669,95.30000000000001,95.30000000000001,137227.09,,80.0,0
2025-11-07 18:24:00,91.41666666666669,91.41666666666669,95.35,95.35,137285.7,,80.0,0
2025-11-07 18:27:00,91.41666666666669,91.41666666666669,95.4,95.4,137344.31,,80.0,0
2025-11-07 18:30:00,91.41666666666669,91.41666666666669,95.25,95.25,137168.47999999998,,80.0,0
2025-11-07 18:33:00,91.41666666666669,91.41666666666669,95.35,95.35,137285.7,,80.0,0
2025-11-07 18:36:00,91.41666666666669,91.41666666666669,95.3,95.3,137227.09,,80.0,0
2025-11-07 18:39:00,91.41666666666669,91.41666666666669,95.3,94.0,135410.18,,80.0,0
2025-11-07 18:42:00,91.41666666666669,91.41666666666669,95.2,95.2,137109.87,,80.0,0
2025-11-07 18:45:00,91.41666666666669,91.41666666666669,95.2,95.2,137109.87,,80.0,0
2025-11-07 18:48:00,91.41666666666669,91.41666666666669,95.35,95.35,137285.7,,80.0,0
2025-11-07 18:51:00,91.41666666666669,91.41666666666669,95.2,95.2,137109.87,,80.0,0
2025-11-07 18:54:00,91.41666666666669,91.41666666666669,95.30000000000001,95.30000000000001,137227.09,,80.0,0
2025-11-07 18:57:00,91.41666666666669,91.41666666666669,95.2,95.2,137109.87,,80.0,0
2025-11-07 19:00:00,91.41666666666669,91.41666666666669,95.2,95.2,137109.87,,80.0,0
2025-11-07 19:03:00,91.41666666666669,91.41666666666669,95.4,95.4,137344.31,,80.0,0
2025-11-07 19:06:00,91.41666666666669,91.41666666666669,95.4,95.4,137344.31,,80.0,0
2025-11-07 19:09:00,91.41666666666669,91.41666666666669,95.3,95.3,137227.09,,80.0,0
2025-11-07 19:12:00,91.41666666666669,91.41666666666669,95.4,95.4,137344.31,,80.0,0
2025-11-07 19:15:00,91.41666666666669,91.41666666666669,95.30000000000001,95.30000000000001,137227.09,,80.0,0
2025-11-07 19:18:00,91.41666666666669,91.41666666666669,95.30000000000001,95.30000000000001,137227.09,,80.0,0
2025-11-07 19:21:00,91.41666666666669,91.41666666666669,95.30000000000001,95.30000000000001,137227.09,,80.0,0
2025-11-07 19:24:00,91.41666666666669,91.41666666666669,95.2,95.2,137109.87,,80.0,0
2025-11-07 19:27:00,91.41666666666669,91.41666666666669,95.4,95.4,137344.31,,80.0,0
2025-11-07 19:30:00,91.41666666666669,91.41666666666669,95.2,95.2,137051.255,,80.0,0
2025-11-07 19:33:00,91.41666666666669,91.41666666666669,95.25,95.25,137168.47999999998,,80.0,0
2025-11-07 19:36:00,91.41666666666669,91.41666666666669,95.3,95.3,137227.09,,80.0,0
2025-11-07 19:39:00,91.41666666666669,91.41666666666669,95.0,95.0,136875.42,,80.0,0
2025-11-07 19:42:00,91.41666666666669,91.41666666666669,95.2,95.2,137109.865,,80.0,0
2025-11-07 19:45:00,91.41666666666669,91.41666666666669,95.15,95.15,137051.255,,80.0,0
2025-11-07 19:48:00,91.41666666666669,91.41666666666669,95.2,95.45,137402.91999999998,,80.0,0
2025-11-07 19:51:00,91.41666666666669,91.41666666666669,95.2,95.2,137109.865,,80.0,0
2025-11-07 19:54:00,91.41666666666669,91.41666666666669,95.19999999999999,95.19999999999999,137109.865,,80.0,0
2025-11-07 19:57:00,91.41666666666669,91.41666666666669,95.05,95.05,136934.03000000003,,80.0,0
2025-11-07 20:00:00,91.41666666666669,91.41666666666669,95.4,95.4,137344.31,,80.0,0
2025-11-07 20:03:00,91.41666666666669,91.41666666666669,95.2,95.25,137168.47999999998,,80.0,0
2025-11-07 20:06:00,91.41666666666669,91.41666666666669,95.2,95.2,137109.87,,80.0,0
2025-11-07 20:09:00,91.41666666666669,91.41666666666669,95.2,95.2,137109.87,,80.0,0
2025-11-07 20:12:00,91.41666666666669,91.41666666666669,95.1,95.1,136992.64500000002,,80.0,0
2025-11-07 20:15:00,91.41666666666669,91.41666666666669,95.2,95.2,137109.87,,80.0,0
2025-11-07 20:18:00,91.41666666666669,91.41666666666669,95.2,95.2,137109.87,,80.0,0
2025-11-07 20:21:00,91.41666666666669,91.41666666666669,95.05000000000001,95.05000000000001,136875.425,,80.0,0
2025-11-07 20:24:00,91.41666666666669,91.41666666666669,95.2,95.2,137109.87,,80.0,0
2025-11-07 20:27:00,91.41666666666669,91.41666666666669,95.05,95.05,136934.03000000003,,80.0,0
2025-11-07 20:30:00,91.41666666666669,91.41666666666669,95.3,95.3,137227.09,,80.0,0
2025-11-07 20:33:00,91.41666666666669,91.41666666666669,95.05,95.05,136934.03000000003,,80.0,0
2025-11-07 20:36:00,91.41666666666669,91.41666666666669,95.0,95.0,136875.42,,80.0,0
2025-11-07 20:39:00,91.41666666666669,91.41666666666669,95.4,95.4,137344.31,,80.0,0
2025-11-07 20:42:00,91.41666666666669,91.41666666666669,95.25,95.25,137168.47999999998,,80.0,0
2025-11-07 20:45:00,91.41666666666669,91.41666666666669,95.4,95.4,137344.31,,80.0,0
2025-11-07 20:48:00,91.41666666666669,91.41666666666669,95.3,95.3,137285.695,,80.0,0
2025-11-07 20:51:00,91.41666666666669,91.41666666666669,95.25,95.25,137168.47999999998,,80.0,0
2025-11-07 20:54:00,91.41666666666669,91.41666666666669,95.25,94.85,136640.985,,80.0,0
2025-11-07 20:57:00,91.41666666666669,91.41666666666669,95.15,95.15,137051.255,,80.0,0
2025-11-07 21:00:00,91.41666666666669,91.41666666666669,95.25,95.25,137168.47999999998,,80.0,0
2025-11-07 21:03:00,91.41666666666669,91.41666666666669,95.25,95.25,137168.47999999998,,80.0,0
2025-11-07 21:06:00,91.41666666666669,91.41666666666669,95.1,95.1,136992.64500000002,,80.0,0
2025-11-07 21:09:00,91.41666666666669,91.41666666666669,95.2,95.2,137109.87,,80.0,0
2025-11-07 21:12:00,91.41666666666669,91.41666666666669,95.05,95.05,136934.03000000003,,80.0,0
2025-11-07 21:15:00,91.41666666666669,91.41666666666669,95.25,95.6,137695.97,,80.0,0
2025-11-07 21:18:00,91.41666666666669,91.41666666666669,95.2,95.2,137109.87,,80.0,0
2025-11-07 21:21:00,91.41666666666669,91.41666666666669,95.25,95.25,137168.47999999998,,80.0,0
2025-11-07 21:24:00,91.41666666666669,91.41666666666669,95.2,95.2,137109.87,,80.0,0
2025-11-07 21:27:00,91.41666666666669,91.41666666666669,95.25,95.25,137168.475,,80.0,0
2025-11-07 21:30:00,91.41666666666669,91.41666666666669,95.3,95.3,137227.09,,80.0,0
2025-11-07 21:33:00,91.41666666666669,91.41666666666669,95.35,95.35,137285.7,,80.0,0
2025-11-07 21:36:00,91.41666666666669,91.41666666666669,95.2,94.5,136054.91,,80.0,0
2025-11-07 21:39:00,91.41666666666669,91.41666666666669,95.2,95.2,137109.87,,80.0,0
2025-11-07 21:42:00,91.41666666666669,91.41666666666669,95.1,95.1,136992.64,,80.0,0
2025-11-07 21:45:00,91.41666666666669,91.41666666666669,95.1,95.1,136992.64500000002,,80.0,0
2025-11-07 21:48:00,91.41666666666669,91.41666666666669,95.25,95.25,137168.47999999998,,80.0,0
2025-11-07 21:51:00,91.41666666666669,91.41666666666669,95.15,95.15,137051.255,,80.0,0
2025-11-07 21:54:00,91.41666666666669,91.41666666666669,95.25,95.25,137168.47999999998,,80.0,0
2025-11-07 21:57:00,91.41666666666669,91.41666666666669,95.2,95.2,137109.87,,80.0,0
2025-11-07 22:00:00,91.41666666666669,91.41666666666669,95.1,95.1,136992.64500000002,,80.0,0
2025-11-07 22:03:00,91.41666666666669,91.41666666666669,95.0,95.0,136875.42,,80.0,0
2025-11-07 22:06:00,91.41666666666669,91.41666666666669,95.1,95.1,136992.64500000002,,80.0,0
2025-11-07 22:09:00,91.41666666666669,91.41666666666669,95.1,95.1,136992.64,,80.0,0
2025-11-07 22:12:00,91.41666666666669,91.41666666666669,95.2,95.2,137109.87,,80.0,0
2025-11-07 22:15:00,91.41666666666669,91.41666666666669,95.05,95.05,136934.03000000003,,80.0,0
2025-11-07 22:18:00,91.41666666666669,91.41666666666669,95.30000000000001,95.30000000000001,137227.09,,80.0,0
2025-11-07 22:21:00,91.41666666666669,91.41666666666669,95.2,95.2,137109.87,,80.0,0
2025-11-07 22:24:00,91.41666666666669,91.41666666666669,95.2,95.2,137109.87,,80.0,0
2025-11-07 22:27:00,91.41666666666669,91.41666666666669,95.15,95.15,137051.255,,80.0,0
2025-11-07 22:30:00,91.41666666666669,91.41666666666669,95.25,95.25,137168.47999999998,,80.0,0
2025-11-07 22:33:00,91.41666666666669,91.41666666666669,95.4,95.4,137344.31,,80.0,0
2025-11-07 22:36:00,91.41666666666669,91.41666666666669,95.1,95.1,136992.64500000002,,80.0,0
2025-11-07 22:39:00,91.41666666666669,91.41666666666669,95.15,95.15,137051.255,,80.0,0
2025-11-07 22:42:00,91.41666666666669,91.41666666666669,95.0,95.0,136816.81,,80.0,0
2025-11-07 22:45:00,91.41666666666669,91.41666666666669,95.0,95.0,136875.42,,80.0,0
2025-11-07 22:48:00,91.41666666666669,91.41666666666669,95.2,95.2,137109.87,,80.0,0
2025-11-07 22:51:00,91.41666666666669,91.41666666666669,95.05,94.8,136465.165,,80.0,0
2025-11-07 22:54:00,91.41666666666669,91.41666666666669,95.05,95.05,136934.03000000003,,80.0,0
2025-11-07 22:57:00,91.41666666666669,91.41666666666669,94.95,94.95,136758.2,,80.0,0
2025-11-07 23:00:00,91.41666666666669,91.41666666666669,95.0,95.0,136875.42,,80.0,0
2025-11-07 23:03:00,91.41666666666669,91.41666666666669,95.1,95.1,136992.64500000002,,80.0,0
2025-11-07 23:06:00,91.41666666666669,91.41666666666669,95.15,95.15,137051.255,,80.0,0
2025-11-07 23:09:00,91.41666666666669,91.41666666666669,95.05,95.05,136934.03000000003,,80.0,0
2025-11-07 23:12:00,91.41666666666669,91.41666666666669,95.15,95.15,137051.255,,80.0,0
2025-11-07 23:15:00,91.41666666666669,91.41666666666669,95.05,94.5,136054.91,,80.0,0
2025-11-07 23:18:00,91.41666666666669,91.41666666666669,95.2,95.2,137109.87,,80.0,0
2025-11-07 23:21:00,91.41666666666669,91.41666666666669,94.8,94.8,136465.165,,80.0,0
2025-11-07 23:24:00,91.41666666666669,91.41666666666669,94.95,94.95,136758.2,,80.0,0
2025-11-07 23:27:00,91.41666666666669,91.41666666666669,94.9,94.9,136641.0,,80.0,0
2025-11-07 23:30:00,91.41666666666669,91.41666666666669,95.05,95.05,136934.03000000003,,80.0,0
2025-11-07 23:33:00,91.41666666666669,91.41666666666669,95.1,95.1,136992.64500000002,,80.0,0
2025-11-07 23:36:00,91.41666666666669,91.41666666666669,94.6,94.6,136230.72999999998,,80.0,0
2025-11-07 23:39:00,91.41666666666669,91.41666666666669,95.0,94.65,136289.33500000002,,80.0,0
2025-11-07 23:42:00,91.41666666666669,91.41666666666669,94.95,94.95,136758.2,,80.0,0
2025-11-07 23:45:00,91.41666666666669,91.41666666666669,95.0,95.0,136875.42,,80.0,0
2025-11-07 23:48:00,91.41666666666669,91.41666666666669,95.1,95.1,136992.64500000002,,80.0,0
2025-11-07 23:51:00,91.41666666666669,91.41666666666669,95.0,95.0,136875.42,,80.0,0
2025-11-07 23:54:00,91.41666666666669,91.41666666666669,95.0,95.0,136875.42,,80.0,0
2025-11-07 23:57:00,91.41666666666669,91.41666666666669,95.0,95.05,136934.03000000003,,80.0,0
2025-11-08 00:00:00,91.41666666666669,91.41666666666669,95.0,94.8,136582.375,,80.0,0
2025-11-08 00:03:00,91.41666666666669,91.41666666666669,95.0,95.0,136875.42,,80.0,0
2025-11-08 00:06:00,91.41666666666669,91.41666666666669,95.15,95.15,137051.255,,80.0,0
2025-11-08 00:09:00,91.41666666666669,91.41666666666669,95.0,95.0,136875.42,,80.0,0
2025-11-08 00:12:00,91.41666666666669,91.41666666666669,95.0,95.0,136758.2,,80.0,0
2025-11-08 00:15:00,91.41666666666669,91.41666666666669,95.0,95.05,136934.03000000003,,80.0,0
2025-11-08 00:18:00,91.41666666666669,91.41666666666669,95.0,95.1,136992.64,,80.0,0
2025-11-08 00:21:00,91.41666666666669,91.41666666666669,95.0,95.05,136934.03000000003,,80.0,0
2025-11-08 00:24:00,91.41666666666669,91.41666666666669,95.0,95.0,136816.81,,80.0,0
2025-11-08 00:27:00,91.41666666666669,91.41666666666669,95.0,95.0,136758.2,,80.0,0
2025-11-08 00:30:00,91.41666666666669,91.41666666666669,95.0,95.0,136758.2,,80.0,0
2025-11-08 00:33:00,91.41666666666669,91.41666666666669,95.0,95.0,136875.42,,80.0,0
2025-11-08 00:36:00,91.41666666666669,91.41666666666669,95.0,95.0,136875.42,,80.0,0
2025-11-08 00:39:00,91.41666666666669,91.41666666666669,95.0,95.05,136934.03000000003,,80.0,0
2025-11-08 00:42:00,91.41666666666669,91.41666666666669,95.0,95.15,137051.255,,80.0,0
2025-11-08 00:45:00,91.41666666666669,91.41666666666669,95.0,95.0,136816.81,,80.0,0
2025-11-08 00:48:00,91.41666666666669,91.41666666666669,95.1,95.1,136934.035,,80.0,0
2025-11-08 00:51:00,91.41666666666669,91.41666666666669,95.0,95.0,136875.42,,80.0,0
2025-11-08 00:54:00,91.41666666666669,91.41666666666669,95.05,95.05,136934.03000000003,,80.0,0
2025-11-08 00:57:00,91.41666666666669,91.41666666666669,94.85,94.85,136640.985,,80.0,0
2025-11-08 01:00:00,91.41666666666669,91.41666666666669,95.15,95.15,137051.255,,80.0,0
2025-11-08 01:03:00,91.41666666666669,91.41666666666669,95.15,95.15,137051.255,,80.0,0
2025-11-08 01:06:00,91.41666666666669,91.41666666666669,95.05,95.05,136934.03000000003,,80.0,0
2025-11-08 01:09:00,91.41666666666669,91.41666666666669,94.95,94.95,136758.2,,80.0,0
2025-11-08 01:12:00,91.41666666666669,91.41666666666669,95.0,95.0,136816.81,,80.0,0
2025-11-08 01:15:00,91.41666666666669,91.41666666666669,95.0,95.0,136875.42,,80.0,0
2025-11-08 01:18:00,91.41666666666669,91.41666666666669,95.0,95.0,136875.42,,80.0,0
2025-11-08 01:21:00,91.41666666666669,91.41666666666669,95.1,95.1,136992.64500000002,,80.0,0
2025-11-08 01:24:00,91.41666666666669,91.41666666666669,95.0,94.2,135703.25,,80.0,0
2025-11-08 01:27:00,91.41666666666669,91.41666666666669,94.95,94.95,136699.59000000003,,80.0,0
2025-11-08 01:30:00,91.41666666666669,91.41666666666669,94.95,94.95,136758.2,,80.0,0
2025-11-08 01:33:00,91.41666666666669,91.41666666666669,95.05,95.05,136934.03000000003,,80.0,0
2025-11-08 01:36:00,91.41666666666669,91.41666666666669,95.05,95.05,136875.42,,80.0,0
2025-11-08 01:39:00,91.41666666666669,91.41666666666669,95.0,95.0,136816.81,,80.0,0
2025-11-08 01:42:00,91.41666666666669,91.41666666666669,94.95,94.95,136699.59000000003,,80.0,0
2025-11-08 01:45:00,91.41666666666669,91.41666666666669,95.2,95.2,137109.87,,80.0,0
2025-11-08 01:48:00,91.41666666666669,91.41666666666669,94.9,94.9,136640.98,,80.0,0
2025-11-08 01:51:00,91.41666666666669,91.41666666666669,95.0,95.0,136816.81,,80.0,0
2025-11-08 01:54:00,91.41666666666669,91.41666666666669,95.0,95.0,136816.81,,80.0,0
2025-11-08 01:57:00,91.41666666666669,91.41666666666669,95.15,95.15,137051.255,,80.0,0
2025-11-08 02:00:00,91.41666666666669,91.41666666666669,95.0,95.0,136758.2,,80.0,0
2025-11-08 02:03:00,91.41666666666669,91.41666666666669,95.0,95.1,136992.64500000002,,80.0,0
2025-11-08 02:06:00,91.41666666666669,91.41666666666669,95.0,95.0,136816.81,,80.0,0
2025-11-08 02:09:00,91.41666666666669,91.41666666666669,95.0,95.0,136816.81,,80.0,0
2025-11-08 02:12:00,91.41666666666669,91.41666666666669,95.0,94.75,136465.155,,80.0,0
2025-11-08 02:15:00,91.41666666666669,91.41666666666669,95.0,95.2,137109.865,,80.0,0
2025-11-08 02:18:00,91.41666666666669,91.41666666666669,95.0,95.0,136875.42,,80.0,0
2025-11-08 02:21:00,91.41666666666669,91.41666666666669,95.0,95.05,136934.03000000003,,80.0,0
2025-11-08 02:24:00,91.41666666666669,91.41666666666669,95.0,95.0,136816.81,,80.0,0
2025-11-08 02:27:00,91.41666666666669,91.41666666666669,95.0,95.0,136758.2,,80.0,0
2025-11-08 02:30:00,91.41666666666669,91.41666666666669,95.0,94.95,136758.2,,80.0,0
2025-11-08 02:33:00,91.41666666666669,91.41666666666669,95.0,95.0,136875.42,,80.0,0
2025-11-08 02:36:00,91.41666666666669,91.41666666666669,95.0,95.0,136816.81,,80.0,0
2025-11-08 02:39:00,91.41666666666669,91.41666666666669,94.95,94.95,136699.59000000003,,80.0,0
2025-11-08 02:42:00,91.41666666666669,91.41666666666669,95.0,94.65,136289.33500000002,,80.0,0
2025-11-08 02:45:00,91.41666666666669,91.41666666666669,95.0,95.0,136875.42,,80.0,0
2025-11-08 02:48:00,91.41666666666669,91.41666666666669,94.8,94.8,136523.77500000002,,80.0,0
2025-11-08 02:51:00,91.41666666666669,91.41666666666669,94.95,94.5,136113.51,,80.0,0
2025-11-08 02:54:00,91.41666666666669,91.41666666666669,95.0,95.0,136875.42,,80.0,0
2025-11-08 02:57:00,91.41666666666669,91.41666666666669,95.0,95.0,136875.42,,80.0,0
2025-11-08 03:00:00,91.41666666666669,91.41666666666669,95.0,95.05,136934.03000000003,,80.0,0
2025-11-08 03:03:00,91.41666666666669,91.41666666666669,94.95,94.95,136699.59000000003,,80.0,0
2025-11-08 03:06:00,91.41666666666669,91.41666666666669,94.95,94.95,136758.2,,80.0,0
2025-11-08 03:09:00,91.41666666666669,91.41666666666669,95.0,95.05,136934.03000000003,,80.0,0
2025-11-08 03:12:00,91.41666666666669,91.41666666666669,95.0,95.0,136875.42,,80.0,0
2025-11-08 03:15:00,91.41666666666669,91.41666666666669,94.95,94.95,136699.59000000003,,80.0,0
2025-11-08 03:18:00,91.41666666666669,91.41666666666669,94.95,94.7,136347.945,,80.0,0
2025-11-08 03:21:00,91.41666666666669,91.41666666666669,94.95,94.95,136699.59000000003,,80.0,0
2025-11-08 03:24:00,91.41666666666669,91.41666666666669,95.0,95.0,136875.42,,80.0,0
2025-11-08 03:27:00,91.41666666666669,91.41666666666669,95.1,95.1,136934.035,,80.0,0
2025-11-08 03:30:00,91.41666666666669,91.41666666666669,94.75,94.75,136465.155,,80.0,0
2025-11-08 03:33:00,91.41666666666669,91.41666666666669,95.0,95.0,136875.42,,80.0,0
2025-11-08 03:36:00,91.41666666666669,91.41666666666669,95.0,95.0,136816.81,,80.0,0
2025-11-08 03:39:00,91.41666666666669,91.41666666666669,94.95,94.95,136699.59000000003,,80.0,0
2025-11-08 03:42:00,91.41666666666669,91.41666666666669,94.9,94.9,136640.98,,80.0,0
2025-11-08 03:45:00,91.41666666666669,91.41666666666669,95.0,95.0,136816.81,,80.0,0
2025-11-08 03:48:00,91.41666666666669,91.41666666666669,94.9,94.9,136640.98,,80.0,0
2025-11-08 03:51:00,91.41666666666669,91.41666666666669,94.75,94.75,136406.555,,80.0,0
2025-11-08 03:54:00,91.41666666666669,91.41666666666669,94.9,94.30000000000001,135761.84000000003,,80.0,0
2025-11-08 03:57:00,91.41666666666669,91.41666666666669,94.95,94.95,136699.59000000003,,80.0,0
2025-11-08 04:00:00,91.41666666666669,91.41666666666669,94.8,94.8,136582.375,,80.0,0
2025-11-08 04:03:00,91.41666666666669,91.41666666666669,94.95,94.95,136758.2,,80.0,0
2025-11-08 04:06:00,91.41666666666669,91.41666666666669,94.4,94.4,135937.69,,80.0,0
2025-11-08 04:09:00,91.41666666666669,91.41666666666669,95.0,95.0,136758.2,,80.0,0
2025-11-08 04:12:00,91.41666666666669,91.41666666666669,94.9,94.9,136640.98,,80.0,0
2025-11-08 04:15:00,91.41666666666669,91.41666666666669,94.6,94.6,136230.72999999998,,80.0,0
2025-11-08 04:18:00,91.41666666666669,91.41666666666669,94.35,94.35,135820.465,,80.0,0
2025-11-08 04:21:00,91.41666666666669,91.41666666666669,94.8,94.8,136582.375,,80.0,0
2025-11-08 04:24:00,91.41666666666669,91.41666666666669,94.5,94.5,136054.91,,80.0,0
2025-11-08 04:27:00,91.41666666666669,91.41666666666669,94.95,94.95,136699.59000000003,,80.0,0
2025-11-08 04:30:00,91.41666666666669,91.41666666666669,94.35,94.35,135879.08000000002,,80.0,0
2025-11-08 04:33:00,91.41666666666669,91.41666666666669,94.9,94.9,136640.985,,80.0,0
2025-11-08 04:36:00,91.41666666666669,91.41666666666669,94.9,94.9,136640.98,,80.0,0
2025-11-08 04:39:00,91.41666666666669,91.41666666666669,94.75,94.75,136465.155,,80.0,0
2025-11-08 04:42:00,91.41666666666669,91.41666666666669,95.0,95.0,136875.42,,80.0,0
2025-11-08 04:45:00,91.41666666666669,91.41666666666669,94.6,94.6,136172.13,,80.0,0
2025-11-08 04:48:00,91.41666666666669,91.41666666666669,94.6,94.6,136172.13,,80.0,0
2025-11-08 04:51:00,91.41666666666669,91.41666666666669,95.0,95.0,136816.81,,80.0,0
2025-11-08 04:54:00,91.41666666666669,91.41666666666669,94.9,94.9,136640.98,,80.0,0
2025-11-08 04:57:00,91.41666666666669,91.41666666666669,94.6,94.6,136289.33,,80.0,0
2025-11-08 05:00:00,91.41666666666669,91.41666666666669,95.05,95.05,136875.42,,80.0,0
2025-11-08 05:03:00,91.41666666666669,91.41666666666669,95.05,95.05,136875.42,,80.0,0
2025-11-08 05:06:00,91.41666666666669,91.41666666666669,94.75,94.75,136465.155,,80.0,0
2025-11-08 05:09:00,91.41666666666669,91.41666666666669,94.5,94.5,136054.91,,80.0,0
2025-11-08 05:12:00,91.41666666666669,91.41666666666669,94.25,94.25,135703.245,,80.0,0
2025-11-08 05:15:00,91.41666666666669,91.41666666666669,94.8,94.8,136523.77,,80.0,0
2025-11-08 05:18:00,91.41666666666669,91.41666666666669,94.75,94.75,136465.155,,80.0,0
2025-11-08 05:21:00,91.41666666666669,91.41666666666669,94.75,94.75,136406.555,,80.0,0
2025-11-08 05:24:00,91.41666666666669,91.41666666666669,94.55,94.55,136113.52000000002,,80.0,0
2025-11-08 05:27:00,91.41666666666669,91.41666666666669,94.6,94.6,136172.13,,80.0,0
2025-11-08 05:30:00,91.41666666666669,91.41666666666669,94.6,94.6,136230.72999999998,,80.0,0
2025-11-08 05:33:00,91.41666666666669,91.41666666666669,94.5,94.5,136054.91,,80.0,0
2025-11-08 05:36:00,91.41666666666669,91.41666666666669,94.6,94.6,136289.33,,80.0,0
2025-11-08 05:39:00,91.41666666666669,91.41666666666669,94.4,94.4,135937.69,,80.0,0
2025-11-08 05:42:00,91.41666666666669,91.41666666666669,94.4,94.4,135937.69,,80.0,0
2025-11-08 05:45:00,91.41666666666669,91.41666666666669,94.25,94.25,135761.86,,80.0,0
2025-11-08 05:48:00,91.41666666666669,91.41666666666669,94.45,94.45,135996.3,,80.0,0
2025-11-08 05:51:00,91.41666666666669,91.41666666666669,94.35,94.35,135879.08000000002,,80.0,0
2025-11-08 05:54:00,91.41666666666669,91.41666666666669,94.4,94.4,135937.69,,80.0,0
2025-11-08 05:57:00,91.41666666666669,91.41666666666669,94.4,94.4,135937.69,,80.0,0
2025-11-08 06:00:00,91.41666666666669,91.41666666666669,94.2,94.2,135703.25,,80.0,0
2025-11-08 06:03:00,91.41666666666669,91.41666666666669,94.2,94.2,135644.635,,80.0,0
2025-11-08 06:06:00,91.41666666666669,91.41666666666669,94.25,94.25,135761.86,,80.0,0
2025-11-08 06:09:00,91.41666666666669,91.41666666666669,94.4,94.4,135937.69,,80.0,0
2025-11-08 06:12:00,91.41666666666669,91.41666666666669,94.1,94.1,135468.8,,80.0,0
2025-11-08 06:15:00,91.41666666666669,91.41666666666669,94.15,94.15,135586.025,,80.0,0
2025-11-08 06:18:00,91.41666666666669,91.41666666666669,94.05000000000001,94.05000000000001,135410.19,,80.0,0
2025-11-08 06:21:00,91.41666666666669,91.41666666666669,94.2,94.2,135703.25,,80.0,0
2025-11-08 06:24:00,91.41666666666669,91.41666666666669,94.30000000000001,94.30000000000001,135820.47,,80.0,0
2025-11-08 06:27:00,91.41666666666669,91.41666666666669,94.3,94.3,135820.47,,80.0,0
2025-11-08 06:30:00,91.41666666666669,91.41666666666669,94.15,94.15,135527.40999999997,,80.0,0
2025-11-08 06:33:00,91.41666666666669,91.41666666666669,94.1,94.1,135468.8,,80.0,0
2025-11-08 06:36:00,91.41666666666669,91.41666666666669,94.1,94.1,135468.8,,80.0,0
2025-11-08 06:39:00,91.41666666666669,91.41666666666669,94.1,94.1,135468.8,,80.0,0
2025-11-08 06:42:00,91.41666666666669,91.41666666666669,94.1,94.1,135468.8,,80.0,0
2025-11-08 06:45:00,91.41666666666669,91.41666666666669,94.1,93.75,134999.92,,80.0,0
2025-11-08 06:48:00,91.41666666666669,91.41666666666669,94.05,94.1,135468.8,,80.0,0
2025-11-08 06:51:00,91.41666666666669,91.41666666666669,93.85,93.85,135175.745,,80.0,0
2025-11-08 06:54:00,91.41666666666669,91.41666666666669,94.0,94.0,135351.58,,80.0,0
2025-11-08 06:57:00,91.41666666666669,91.41666666666669,93.95,93.95,135292.96999999997,,80.0,0
2025-11-08 07:00:00,91.41666666666669,91.41666666666669,94.05,94.05,135410.19,,80.0,0
2025-11-08 07:03:00,91.41666666666669,91.41666666666669,94.05,94.05,135410.19,,80.0,0
2025-11-08 07:06:00,91.41666666666669,91.41666666666669,93.95,93.95,135292.96999999997,,80.0,0
2025-11-08 07:09:00,91.41666666666669,91.41666666666669,93.85,93.85,135175.75,,80.0,0
2025-11-08 07:12:00,91.41666666666669,91.41666666666669,93.9,93.9,135234.36,,80.0,0
2025-11-08 07:15:00,91.41666666666669,91.41666666666669,93.75,93.75,135058.52500000002,,80.0,0
2025-11-08 07:18:00,91.41666666666669,91.41666666666669,93.65,93.65,134824.08500000002,,80.0,0
2025-11-08 07:21:00,91.41666666666669,91.41666666666669,93.80000000000001,93.80000000000001,135117.135,,80.0,0
2025-11-08 07:24:00,91.41666666666669,91.41666666666669,93.7,93.7,134882.7,,80.0,0
2025-11-08 07:27:00,91.41666666666669,91.41666666666669,93.75,93.75,134999.92,,80.0,0
2025-11-08 07:30:00,91.41666666666669,91.41666666666669,93.7,93.7,134999.91,,80.0,0
2025-11-08 07:33:00,91.41666666666669,91.41666666666669,93.85,93.85,135175.75,,80.0,0
2025-11-08 07:36:00,91.41666666666669,91.41666666666669,93.85,93.85,135175.75,,80.0,0
2025-11-08 07:39:00,91.41666666666669,91.41666666666669,93.7,93.7,134999.91,,80.0,0
2025-11-08 07:42:00,91.41666666666669,91.41666666666669,93.8,93.8,135117.14,,80.0,0
2025-11-08 07:45:00,91.41666666666669,91.41666666666669,93.75,93.75,135058.52500000002,,80.0,0
2025-11-08 07:48:00,91.41666666666669,91.41666666666669,93.65,93.65,134824.08500000002,,80.0,0
2025-11-08 07:51:00,91.41666666666669,91.41666666666669,93.6,93.6,134765.47,,80.0,0
2025-11-08 07:54:00,91.41666666666669,91.41666666666669,93.6,93.6,134765.47,,80.0,0
2025-11-08 07:57:00,91.41666666666669,91.41666666666669,93.5,93.5,134648.25,,80.0,0
2025-11-08 08:00:00,91.41666666666669,91.41666666666669,93.3,93.3,134296.59,,80.0,0
2025-11-08 08:03:00,91.41666666666669,91.41666666666669,93.25,93.25,134237.97499999998,,80.0,0
2025-11-08 08:06:00,91.41666666666669,91.41666666666669,93.19999999999999,93.19999999999999,134179.375,,80.0,0
2025-11-08 08:09:00,91.41666666666669,91.41666666666669,93.55,93.55,134706.86,,80.0,0
2025-11-08 08:12:00,91.41666666666669,91.41666666666669,93.3,93.3,134296.59,,80.0,0
2025-11-08 08:15:00,91.41666666666669,91.41666666666669,93.4,93.4,134472.41999999998,,80.0,0
2025-11-08 08:18:00,91.41666666666669,91.41666666666669,93.3,93.3,134355.195,,80.0,0
2025-11-08 08:21:00,91.41666666666669,91.41666666666669,93.2,93.2,134179.36,,80.0,0
2025-11-08 08:24:00,91.41666666666669,91.41666666666669,93.7,93.7,134882.7,,80.0,0
2025-11-08 08:27:00,91.41666666666669,91.41666666666669,93.45,93.45,134589.64,,80.0,0
2025-11-08 08:30:00,91.41666666666669,91.41666666666669,93.25,93.25,134237.97499999998,,80.0,0
2025-11-08 08:33:00,91.41666666666669,91.41666666666669,93.15,93.15,134120.76,,80.0,0
2025-11-08 08:36:00,91.41666666666669,91.41666666666669,93.3,93.3,134296.59,,80.0,0
2025-11-08 08:39:00,91.41666666666669,91.41666666666669,93.44999999999999,93.44999999999999,134531.03,,80.0,0
2025-11-08 08:42:00,91.41666666666669,91.41666666666669,93.19999999999999,93.19999999999999,134179.375,,80.0,0
2025-11-08 08:45:00,91.41666666666669,91.41666666666669,93.1,93.1,134062.15,,80.0,0
2025-11-08 08:48:00,91.41666666666669,91.41666666666669,92.9,92.9,133827.72,,80.0,0
2025-11-08 08:51:00,91.41666666666669,91.41666666666669,92.9,92.9,133710.5,,80.0,0
2025-11-08 08:54:00,91.41666666666669,91.41666666666669,93.1,93.1,134062.16,,80.0,0
2025-11-08 08:57:00,91.41666666666669,91.41666666666669,92.95,92.95,133886.33000000002,,80.0,0
2025-11-08 09:00:00,91.41666666666669,91.41666666666669,93.0,93.0,133944.94,,80.0,0
2025-11-08 09:03:00,91.41666666666669,91.41666666666669,92.95,93.44999999999999,134531.03,,80.0,0
2025-11-08 09:06:00,91.41666666666669,91.41666666666669,92.9,92.9,133827.72,,80.0,0
2025-11-08 09:09:00,91.41666666666669,91.41666666666669,92.69999999999999,92.69999999999999,133476.055,,80.0,0
2025-11-08 09:12:00,91.41666666666669,91.41666666666669,92.9,92.9,133827.72,,80.0,0
2025-11-08 09:15:00,91.41666666666669,91.41666666666669,93.05,93.05,134003.55,,80.0,0
2025-11-08 09:18:00,91.41666666666669,91.41666666666669,93.05,93.05,134003.55,,80.0,0
2025-11-08 09:21:00,91.41666666666669,91.41666666666669,93.1,93.1,134062.16,,80.0,0
2025-11-08 09:24:00,91.41666666666669,91.41666666666669,92.9,92.9,133827.72,,80.0,0
2025-11-08 09:27:00,91.41666666666669,91.41666666666669,93.0,93.0,133944.94,,80.0,0
2025-11-08 09:30:00,91.41666666666669,91.41666666666669,93.05,93.05,134003.55,,80.0,0
2025-11-08 09:33:00,91.41666666666669,91.41666666666669,93.0,93.0,133944.94,,80.0,0
2025-11-08 09:36:00,91.41666666666669,91.41666666666669,93.1,93.1,134062.16,,80.0,0
2025-11-08 09:39:00,91.41666666666669,91.41666666666669,93.05,93.05,134003.55,,80.0,0
2025-11-08 09:42:00,91.41666666666669,91.41666666666669,93.1,93.1,134062.16,,80.0,0
2025-11-08 09:45:00,91.41666666666669,91.41666666666669,93.1,93.1,134062.15,,80.0,0
2025-11-08 09:48:00,91.41666666666669,91.41666666666669,93.05,93.05,134003.55,,80.0,0
2025-11-08 09:51:00,91.41666666666669,91.41666666666669,93.0,93.0,133944.94,,80.0,0
2025-11-08 09:54:00,91.41666666666669,91.41666666666669,92.9,92.9,133769.11,,80.0,0
2025-11-08 09:57:00,91.41666666666669,91.41666666666669,93.25,93.25,134237.97499999998,,80.0,0
2025-11-08 10:00:00,91.41666666666669,91.41666666666669,92.9,92.9,133710.5,,80.0,0
2025-11-08 10:03:00,91.41666666666669,91.41666666666669,93.1,93.1,134062.16,,80.0,0
2025-11-08 10:06:00,91.41666666666669,91.41666666666669,93.1,93.1,134062.16,,80.0,0
2025-11-08 10:09:00,91.41666666666669,91.41666666666669,93.1,93.1,134062.155,,80.0,0
2025-11-08 10:12:00,91.41666666666669,91.41666666666669,93.0,93.0,133944.94,,80.0,0
2025-11-08 10:15:00,91.41666666666669,91.41666666666669,93.0,93.25,134237.97499999998,,80.0,0
2025-11-08 10:18:00,91.41666666666669,91.41666666666669,92.9,92.9,133827.72,,80.0,0
2025-11-08 10:21:00,91.41666666666669,91.41666666666669,93.1,93.1,134062.16,,80.0,0
2025-11-08 10:24:00,91.41666666666669,91.41666666666669,92.95,92.95,133886.33000000002,,80.0,0
2025-11-08 10:27:00,91.41666666666669,91.41666666666669,92.9,92.9,133769.11,,80.0,0
2025-11-08 10:30:00,91.41666666666669,91.41666666666669,92.9,92.9,133827.72,,80.0,0
2025-11-08 10:33:00,91.41666666666669,91.41666666666669,92.9,92.9,133827.72,,80.0,0
2025-11-08 10:36:00,91.41666666666669,91.41666666666669,92.95,92.95,133886.33000000002,,80.0,0
2025-11-08 10:39:00,91.41666666666669,91.41666666666669,93.1,93.1,134062.16,,80.0,0
2025-11-08 10:42:00,91.41666666666669,91.41666666666669,92.94999999999999,92.94999999999999,133827.715,,80.0,0
2025-11-08 10:45:00,91.41666666666669,91.41666666666669,93.1,93.1,134062.16,,80.0,0
2025-11-08 10:48:00,91.41666666666669,91.41666666666669,92.94999999999999,92.94999999999999,133827.715,,80.0,0
2025-11-08 10:51:00,91.41666666666669,91.41666666666669,93.0,93.0,133944.94,,80.0,0
2025-11-08 10:54:00,91.41666666666669,91.41666666666669,93.1,93.1,134062.15,,80.0,0
2025-11-08 10:57:00,91.41666666666669,91.41666666666669,93.1,93.1,134062.155,,80.0,0
2025-11-08 11:00:00,91.41666666666669,91.41666666666669,92.9,92.9,133710.5,,80.0,1
2025-11-08 11:03:00,91.41666666666669,91.41666666666669,93.05000000000001,93.05000000000001,134003.53999999998,,80.0,1
2025-11-08 11:06:00,91.41666666666669,91.41666666666669,93.05,93.05,134003.55,,80.0,1
2025-11-08 11:09:00,91.41666666666669,91.41666666666669,93.25,93.25,134237.97499999998,,80.0,1
2025-11-08 11:12:00,91.41666666666669,91.41666666666669,93.15,93.15,134120.76,,80.0,1
2025-11-08 11:15:00,91.41666666666669,91.41666666666669,93.25,92.85,133710.495,,80.0,1
2025-11-08 11:18:00,91.41666666666669,91.41666666666669,93.30000000000001,93.30000000000001,134355.195,,80.0,1
2025-11-08 11:21:00,91.41666666666669,91.41666666666669,93.7,93.7,134941.305,,80.0,1
2025-11-08 11:24:00,91.41666666666669,91.41666666666669,93.7,93.7,134999.91,,80.0,1
2025-11-08 11:27:00,91.41666666666669,91.41666666666669,93.7,93.7,134999.91,,80.0,1
2025-11-08 11:30:00,91.41666666666669,91.41666666666669,93.7,93.7,134882.7,,80.0,1
2025-11-08 11:33:00,91.41666666666669,91.41666666666669,93.80000000000001,94.0,135351.58,,80.0,1
2025-11-08 11:36:00,91.41666666666669,91.41666666666669,93.85,93.9,135234.36,,80.0,1
2025-11-08 11:39:00,91.41666666666669,91.41666666666669,93.85,93.85,135175.75,,80.0,1
2025-11-08 11:42:00,91.41666666666669,91.41666666666669,93.80000000000001,93.80000000000001,135117.135,,80.0,1
2025-11-08 11:45:00,91.41666666666669,91.41666666666669,93.95,93.95,135292.96999999997,,80.0,1
2025-11-08 11:48:00,91.41666666666669,91.41666666666669,94.2,94.2,135644.635,,80.0,1
2025-11-08 11:51:00,91.41666666666669,91.41666666666669,94.25,94.25,135703.245,,80.0,1
2025-11-08 11:54:00,91.41666666666669,91.41666666666669,94.35,94.65,136289.33500000002,,80.0,1
2025-11-08 11:57:00,91.41666666666669,91.41666666666669,94.4,94.4,135937.69,,80.0,1
2025-11-08 12:00:00,91.41666666666669,91.41666666666669,94.4,94.35,135879.08000000002,,80.0,1
2025-11-08 12:03:00,91.41666666666669,91.41666666666669,94.4,94.4,135937.69,,80.0,1
2025-11-08 12:06:00,91.41666666666669,91.41666666666669,94.6,94.4,135937.69,,80.0,1
2025-11-08 12:09:00,91.41666666666669,91.41666666666669,94.6,94.6,136172.13,,80.0,1
2025-11-08 12:12:00,91.41666666666669,91.41666666666669,94.6,94.6,136172.13,,80.0,1
2025-11-08 12:15:00,91.41666666666669,91.41666666666669,94.6,94.6,136230.72999999998,,80.0,1
2025-11-08 12:18:00,91.41666666666669,91.41666666666669,94.6,95.0,136758.2,,80.0,1
2025-11-08 12:21:00,91.41666666666669,91.41666666666669,94.6,94.6,136172.13,,80.0,1
2025-11-08 12:24:00,91.41666666666669,91.41666666666669,94.75,94.9,136640.98,,80.0,1
2025-11-08 12:27:00,91.41666666666669,91.41666666666669,94.9,94.4,135937.69,,80.0,1
2025-11-08 12:30:00,91.41666666666669,91.41666666666669,94.75,94.75,136406.555,,80.0,1
2025-11-08 12:33:00,91.41666666666669,91.41666666666669,94.95,94.95,136699.59000000003,,80.0,1
2025-11-08 12:36:00,91.41666666666669,91.41666666666669,94.95,95.0,136875.42,,80.0,1
2025-11-08 12:39:00,91.41666666666669,91.41666666666669,95.0,95.0,136875.42,,80.0,1
2025-11-08 12:42:00,91.41666666666669,91.41666666666669,95.0,94.95,136699.59000000003,,80.0,1
2025-11-08 12:45:00,91.41666666666669,91.41666666666669,95.0,95.0,136758.2,,80.0,1
2025-11-08 12:48:00,91.41666666666669,91.41666666666669,95.0,95.0,136816.81,,80.0,1
2025-11-08 12:51:00,91.41666666666669,91.41666666666669,95.0,95.0,136875.42,,80.0,1
2025-11-08 12:54:00,91.41666666666669,91.41666666666669,95.15,95.4,137344.31,,80.0,1
2025-11-08 12:57:00,91.41666666666669,91.41666666666669,95.3,95.3,137227.09,,80.0,1
2025-11-08 13:00:00,91.41666666666669,91.41666666666669,95.3,95.15,137051.255,,80.0,1
2025-11-08 13:03:00,91.41666666666669,91.41666666666669,95.3,95.3,137227.09,,80.0,1
2025-11-08 13:06:00,91.41666666666669,91.41666666666669,95.45,95.45,137461.53,,80.0,1
2025-11-08 13:09:00,91.41666666666669,91.41666666666669,95.3,95.3,137227.09,,80.0,1
2025-11-08 13:12:00,91.41666666666669,91.41666666666669,95.5,95.5,137520.14,,80.0,1
2025-11-08 13:15:00,91.41666666666669,91.41666666666669,95.5,95.5,137578.75,,80.0,1
2025-11-08 13:18:00,91.41666666666669,91.41666666666669,95.55,95.55,137637.365,,80.0,1
2025-11-08 13:21:00,91.41666666666669,91.41666666666669,95.55,96.30000000000001,138633.735,,80.0,1
2025-11-08 13:24:00,91.41666666666669,91.41666666666669,95.7,95.7,137813.19,,80.0,1
2025-11-08 13:27:00,91.41666666666669,91.41666666666669,95.9,95.9,138047.64,,80.0,1
2025-11-08 13:30:00,91.41666666666669,91.41666666666669,95.75,94.9,136641.0,,80.0,1
2025-11-08 13:33:00,91.41666666666669,91.41666666666669,95.7,95.7,137813.19,,80.0,1
2025-11-08 13:36:00,91.41666666666669,91.41666666666669,95.9,95.9,138106.25,,80.0,1
2025-11-08 13:39:00,91.41666666666669,91.41666666666669,95.75,95.75,137871.805,,80.0,1
2025-11-08 13:42:00,91.41666666666669,91.41666666666669,95.80000000000001,95.80000000000001,137930.415,,80.0,1
2025-11-08 13:45:00,91.41666666666669,91.41666666666669,95.9,95.9,138106.25,,80.0,1
2025-11-08 13:48:00,91.41666666666669,91.41666666666669,95.7,95.7,137813.19,,80.0,1
2025-11-08 13:51:00,91.41666666666669,91.41666666666669,96.4,96.4,138868.16,,80.0,1
2025-11-08 13:54:00,91.41666666666669,91.41666666666669,96.5,96.5,138985.39,,80.0,1
2025-11-08 13:57:00,91.41666666666669,91.41666666666669,96.55,96.55,139044.0,,80.0,1
2025-11-08 14:00:00,91.41666666666669,91.41666666666669,96.6,96.6,139102.61,,80.0,0
2025-11-08 14:03:00,91.41666666666669,91.41666666666669,96.6,96.85,139512.875,,80.0,0
2025-11-08 14:06:00,91.41666666666669,91.41666666666669,96.7,96.7,139219.83,,80.0,0
2025-11-08 14:09:00,91.41666666666669,91.41666666666669,96.7,96.6,139102.61,,80.0,0
2025-11-08 14:12:00,91.41666666666669,91.41666666666669,96.7,96.7,139219.83,,80.0,0
2025-11-08 14:15:00,91.41666666666669,91.41666666666669,96.7,96.9,139512.885,,80.0,0
2025-11-08 14:18:00,91.41666666666669,91.41666666666669,96.7,96.7,139219.83,,80.0,0
2025-11-08 14:21:00,91.41666666666669,91.41666666666669,96.7,96.7,139219.83,,80.0,0
2025-11-08 14:24:00,91.41666666666669,91.41666666666669,96.7,96.75,139337.05,,80.0,0
2025-11-08 14:27:00,91.41666666666669,91.41666666666669,96.7,96.65,139161.21999999997,,80.0,0
2025-11-08 14:30:00,91.41666666666669,91.41666666666669,96.7,96.7,139219.83,,80.0,0
2025-11-08 14:33:00,91.41666666666669,91.41666666666669,96.75,96.75,139278.44,,80.0,0
2025-11-08 14:36:00,91.41666666666669,91.41666666666669,96.7,96.7,139219.83,,80.0,0
2025-11-08 14:39:00,91.41666666666669,91.41666666666669,96.69999999999999,96.69999999999999,139219.83,,80.0,0
2025-11-08 14:42:00,91.41666666666669,91.41666666666669,96.75,96.75,139278.44,,80.0,0
2025-11-08 14:45:00,91.41666666666669,91.41666666666669,96.8,96.8,139337.05,,80.0,0
2025-11-08 14:48:00,91.41666666666669,91.41666666666669,96.7,95.9,138047.64,,80.0,0
2025-11-08 14:51:00,91.41666666666669,91.41666666666669,96.75,96.75,139337.05,,80.0,0
2025-11-08 14:54:00,91.41666666666669,91.41666666666669,96.6,96.6,139102.61,,80.0,0
2025-11-08 14:57:00,91.41666666666669,91.41666666666669,96.7,96.7,139219.83,,80.0,0
2025-11-08 15:00:00,91.41666666666669,91.41666666666669,96.75,96.75,139337.05,,80.0,0
2025-11-08 15:03:00,91.41666666666669,91.41666666666669,96.69999999999999,96.69999999999999,139278.44,,80.0,0
2025-11-08 15:06:00,91.41666666666669,91.41666666666669,96.69999999999999,96.25,138575.125,,80.0,0
2025-11-08 15:09:00,91.41666666666669,91.41666666666669,96.7,96.7,139219.83,,80.0,0
2025-11-08 15:12:00,91.41666666666669,91.41666666666669,96.6,96.6,139102.61,,80.0,0
2025-11-08 15:15:00,91.41666666666669,91.41666666666669,96.6,96.6,139102.61,,80.0,0
2025-11-08 15:18:00,91.41666666666669,91.41666666666669,96.65,96.65,139219.82,,80.0,0
2025-11-08 15:21:00,91.41666666666669,91.41666666666669,97.0,97.0,139688.71000000002,,80.0,0
2025-11-08 15:24:00,91.41666666666669,91.41666666666669,96.7,96.7,139219.83,,80.0,0
2025-11-08 15:27:00,91.41666666666669,91.41666666666669,96.6,96.6,139102.61,,80.0,0
2025-11-08 15:30:00,91.41666666666669,91.41666666666669,96.75,96.75,139337.05,,80.0,0
2025-11-08 15:33:00,91.41666666666669,91.41666666666669,96.5,96.5,138985.39,,80.0,0
2025-11-08 15:36:00,91.41666666666669,91.41666666666669,96.45,96.45,138868.18,,80.0,0
2025-11-08 15:39:00,91.41666666666669,91.41666666666669,96.4,96.4,138809.565,,80.0,0
2025-11-08 15:42:00,91.41666666666669,91.41666666666669,96.45,96.45,138868.18,,80.0,0
2025-11-08 15:45:00,91.41666666666669,91.41666666666669,96.2,96.2,138575.125,,80.0,0
2025-11-08 15:48:00,91.41666666666669,91.41666666666669,96.7,96.7,139219.83,,80.0,0
2025-11-08 15:51:00,91.41666666666669,91.41666666666669,96.8,96.8,139337.05,,80.0,0
2025-11-08 15:54:00,91.41666666666669,91.41666666666669,96.75,96.75,139337.05,,80.0,0
2025-11-08 15:57:00,91.41666666666669,91.41666666666669,96.55,96.55,139044.0,,80.0,0
2025-11-08 16:00:00,91.41666666666669,91.41666666666669,96.6,96.6,139102.61,,80.0,0
2025-11-08 16:03:00,91.41666666666669,91.41666666666669,96.15,96.15,138457.90000000002,,80.0,0
2025-11-08 16:06:00,91.41666666666669,91.41666666666669,96.55,96.55,139044.0,,80.0,0
2025-11-08 16:09:00,91.41666666666669,91.41666666666669,96.8,96.8,139337.05,,80.0,0
2025-11-08 16:12:00,91.41666666666669,91.41666666666669,96.25,96.25,138575.125,,80.0,0
2025-11-08 16:15:00,91.41666666666669,91.41666666666669,96.8,96.8,139454.27,,80.0,0
2025-11-08 16:18:00,91.41666666666669,91.41666666666669,96.8,96.8,139337.05,,80.0,0
2025-11-08 16:21:00,91.41666666666669,91.41666666666669,96.65,96.65,139161.21999999997,,80.0,0
2025-11-08 16:24:00,91.41666666666669,91.41666666666669,96.30000000000001,96.30000000000001,138633.735,,80.0,0
2025-11-08 16:27:00,91.41666666666669,91.41666666666669,96.6,96.6,139102.61,,80.0,0
2025-11-08 16:30:00,91.41666666666669,91.41666666666669,96.65,96.65,139161.21999999997,,80.0,0
2025-11-08 16:33:00,91.41666666666669,91.41666666666669,96.6,96.6,139102.61,,80.0,0
2025-11-08 16:36:00,91.41666666666669,91.41666666666669,96.7,96.7,139219.83,,80.0,0
2025-11-08 16:39:00,91.41666666666669,91.41666666666669,96.6,96.15,138457.90000000002,,80.0,0
2025-11-08 16:42:00,91.41666666666669,91.41666666666669,96.65,96.65,139161.21999999997,,80.0,0
2025-11-08 16:45:00,91.41666666666669,91.41666666666669,96.6,96.6,139102.61,,80.0,0
2025-11-08 16:48:00,91.41666666666669,91.41666666666669,96.7,96.7,139219.83,,80.0,0
2025-11-08 16:51:00,91.41666666666669,91.41666666666669,96.6,96.6,139102.61,,80.0,0
2025-11-08 16:54:00,91.41666666666669,91.41666666666669,96.5,96.5,138985.385,,80.0,0
2025-11-08 16:57:00,91.41666666666669,91.41666666666669,96.65,96.65,139161.21999999997,,80.0,0
2025-11-08 17:00:00,91.41666666666669,91.41666666666669,96.6,96.6,139102.61,,80.0,0
2025-11-08 17:03:00,91.41666666666669,91.41666666666669,96.7,96.7,139219.83,,80.0,0
2025-11-08 17:06:00,91.41666666666669,91.41666666666669,96.6,96.6,139102.61,,80.0,0
2025-11-08 17:09:00,91.41666666666669,91.41666666666669,96.6,96.6,139102.61,,80.0,0
2025-11-08 17:12:00,91.41666666666669,91.41666666666669,96.75,96.75,139337.05,,80.0,0
2025-11-08 17:15:00,91.41666666666669,91.41666666666669,96.8,96.8,139395.65999999997,,80.0,0
2025-11-08 17:18:00,91.41666666666669,91.41666666666669,96.7,96.7,139219.83,,80.0,0
2025-11-08 17:21:00,91.41666666666669,91.41666666666669,96.65,96.65,139219.83000000002,,80.0,0
2025-11-08 17:24:00,91.41666666666669,91.41666666666669,96.65,96.65,139161.21999999997,,80.0,0
2025-11-08 17:27:00,91.41666666666669,91.41666666666669,96.55,96.55,139044.0,,80.0,0
2025-11-08 17:30:00,91.41666666666669,91.41666666666669,96.8,96.8,139395.65999999997,,80.0,0
2025-11-08 17:33:00,91.41666666666669,91.41666666666669,96.6,96.30000000000001,138633.735,,80.0,0
2025-11-08 17:36:00,91.41666666666669,91.41666666666669,96.55,96.55,139044.0,,80.0,0
2025-11-08 17:39:00,91.41666666666669,91.41666666666669,96.5,96.5,138985.39,,80.0,0
2025-11-08 17:42:00,91.41666666666669,91.41666666666669,96.55,96.55,139044.0,,80.0,0
2025-11-08 17:45:00,91.41666666666669,91.41666666666669,96.8,96.8,139337.05,,80.0,0
2025-11-08 17:48:00,91.41666666666669,91.41666666666669,96.6,96.6,139102.61,,80.0,0
2025-11-08 17:51:00,91.41666666666669,91.41666666666669,96.7,96.7,139219.83,,80.0,0
2025-11-08 17:54:00,91.41666666666669,91.41666666666669,96.7,96.7,139219.83,,80.0,0
2025-11-08 17:57:00,91.41666666666669,91.41666666666669,96.7,96.7,139219.83,,80.0,0
2025-11-08 18:00:00,91.41666666666669,91.41666666666669,96.6,96.6,139102.61,,80.0,0
2025-11-08 18:03:00,91.41666666666669,91.41666666666669,96.7,96.7,139219.83,,80.0,0
2025-11-08 18:06:00,91.41666666666669,91.41666666666669,96.65,96.65,139161.21999999997,,80.0,0
2025-11-08 18:09:00,91.41666666666669,91.41666666666669,96.5,96.5,138985.39,,80.0,0
2025-11-08 18:12:00,91.41666666666669,91.41666666666669,96.5,96.5,138985.39,,80.0,0
2025-11-08 18:15:00,91.41666666666669,91.41666666666669,96.75,96.75,139278.44,,80.0,0
2025-11-08 18:18:00,91.41666666666669,91.41666666666669,96.65,96.65,139161.21999999997,,80.0,0
2025-11-08 18:21:00,91.41666666666669,91.41666666666669,96.65,96.65,139161.22,,80.0,0
2025-11-08 18:24:00,91.41666666666669,91.41666666666669,96.65,96.5,138985.39,,80.0,0
2025-11-08 18:27:00,91.41666666666669,91.41666666666669,96.65,96.65,139161.21999999997,,80.0,0
2025-11-08 18:30:00,91.41666666666669,91.41666666666669,96.65,96.65,139161.21999999997,,80.0,0
2025-11-08 18:33:00,91.41666666666669,91.41666666666669,96.65,96.45,138868.18,,80.0,0
2025-11-08 18:36:00,91.41666666666669,91.41666666666669,96.65,96.65,139161.21999999997,,80.0,0
2025-11-08 18:39:00,91.41666666666669,91.41666666666669,96.65,96.65,139161.21999999997,,80.0,0
2025-11-08 18:42:00,91.41666666666669,91.41666666666669,96.65,96.6,139102.61,,80.0,0
2025-11-08 18:45:00,91.41666666666669,91.41666666666669,96.5,96.5,138985.39,,80.0,0
2025-11-08 18:48:00,91.41666666666669,91.41666666666669,96.65,96.65,139161.21999999997,,80.0,0
2025-11-08 18:51:00,91.41666666666669,91.41666666666669,96.7,96.7,139219.83,,80.0,0
2025-11-08 18:54:00,91.41666666666669,91.41666666666669,96.65,96.65,139161.21999999997,,80.0,0
2025-11-08 18:57:00,91.41666666666669,91.41666666666669,96.69999999999999,96.69999999999999,139278.44,,80.0,0
2025-11-08 19:00:00,91.41666666666669,91.41666666666669,96.55,96.55,139044.0,,80.0,0
2025-11-08 19:03:00,91.41666666666669,91.41666666666669,96.69999999999999,96.5,138985.39,,80.0,0
2025-11-08 19:06:00,91.41666666666669,91.41666666666669,96.69999999999999,96.69999999999999,139219.83,,80.0,0
2025-11-08 19:09:00,91.41666666666669,91.41666666666669,96.7,96.7,139219.83,,80.0,0
2025-11-08 19:12:00,91.41666666666669,91.41666666666669,96.6,96.6,139102.61,,80.0,0
2025-11-08 19:15:00,91.41666666666669,91.41666666666669,96.7,96.7,139219.83,,80.0,0
2025-11-08 19:18:00,91.41666666666669,91.41666666666669,96.7,96.7,139219.83,,80.0,0
2025-11-08 19:21:00,91.41666666666669,91.41666666666669,96.75,96.75,139337.05,,80.0,0
2025-11-08 19:24:00,91.41666666666669,91.41666666666669,96.7,96.7,139219.83,,80.0,0
2025-11-08 19:27:00,91.41666666666669,91.41666666666669,96.55,96.55,139044.0,,80.0,0
2025-11-08 19:30:00,91.41666666666669,91.41666666666669,96.55,96.55,139044.0,,80.0,0
2025-11-08 19:33:00,91.41666666666669,91.41666666666669,96.6,96.6,139102.61,,80.0,0
2025-11-08 19:36:00,91.41666666666669,91.41666666666669,96.65,96.65,139219.83000000002,,80.0,0
2025-11-08 19:39:00,91.41666666666669,91.41666666666669,96.55,96.55,139044.0,,80.0,0
2025-11-08 19:42:00,91.41666666666669,91.41666666666669,96.55,96.55,139044.0,,80.0,0
2025-11-08 19:45:00,91.41666666666669,91.41666666666669,96.45,96.45,138868.18,,80.0,0
2025-11-08 19:48:00,91.41666666666669,91.41666666666669,96.5,96.5,138985.39,,80.0,0
2025-11-08 19:51:00,91.41666666666669,91.41666666666669,96.45,96.45,138926.77500000002,,80.0,0
2025-11-08 19:54:00,91.41666666666669,91.41666666666669,96.65,96.65,139161.21999999997,,80.0,0
2025-11-08 19:57:00,91.41666666666669,91.41666666666669,96.30000000000001,96.30000000000001,138633.735,,80.0,0
2025-11-08 20:00:00,91.41666666666669,91.41666666666669,96.5,96.5,138985.39,,80.0,0
2025-11-08 20:03:00,91.41666666666669,91.41666666666669,96.6,96.6,139102.61,,80.0,0
2025-11-08 20:06:00,91.41666666666669,91.41666666666669,96.7,96.7,139219.83,,80.0,0
2025-11-08 20:09:00,91.41666666666669,91.41666666666669,96.45,96.45,138868.18,,80.0,0
2025-11-08 20:12:00,91.41666666666669,91.41666666666669,96.45,96.45,138868.18,,80.0,0
2025-11-08 20:15:00,91.41666666666669,91.41666666666669,96.55,96.55,139044.0,,80.0,0
2025-11-08 20:18:00,91.41666666666669,91.41666666666669,96.5,96.2,138516.515,,80.0,0
2025-11-08 20:21:00,91.41666666666669,91.41666666666669,96.5,95.5,137578.75,,80.0,0
2025-11-08 20:24:00,91.41666666666669,91.41666666666669,96.5,96.5,138985.385,,80.0,0
2025-11-08 20:27:00,91.41666666666669,91.41666666666669,96.45,96.45,138926.77500000002,,80.0,0
2025-11-08 20:30:00,91.41666666666669,91.41666666666669,96.5,96.5,138985.39,,80.0,0
2025-11-08 20:33:00,91.41666666666669,91.41666666666669,96.5,96.5,138985.39,,80.0,0
2025-11-08 20:36:00,91.41666666666669,91.41666666666669,96.5,96.75,139278.44,,80.0,0
2025-11-08 20:39:00,91.41666666666669,91.41666666666669,96.5,96.5,138985.39,,80.0,0
2025-11-08 20:42:00,91.41666666666669,91.41666666666669,96.6,96.6,139102.61,,80.0,0
2025-11-08 20:45:00,91.41666666666669,91.41666666666669,96.6,96.6,139102.61,,80.0,0
2025-11-08 20:48:00,91.41666666666669,91.41666666666669,96.65,96.65,139161.21999999997,,80.0,0
2025-11-08 20:51:00,91.41666666666669,91.41666666666669,96.5,96.5,138926.78999999998,,80.0,0
2025-11-08 20:54:00,91.41666666666669,91.41666666666669,96.6,95.9,138047.64,,80.0,0
2025-11-08 20:57:00,91.41666666666669,91.41666666666669,96.6,96.6,139102.61,,80.0,0
2025-11-08 21:00:00,91.41666666666669,91.41666666666669,96.55,96.55,139044.0,,80.0,0
2025-11-08 21:03:00,91.41666666666669,91.41666666666669,96.7,96.7,139219.83,,80.0,0
2025-11-08 21:06:00,91.41666666666669,91.41666666666669,96.5,96.5,138985.39,,80.0,0
2025-11-08 21:09:00,91.41666666666669,91.41666666666669,96.6,96.6,139102.61,,80.0,0
2025-11-08 21:12:00,91.41666666666669,91.41666666666669,96.5,96.05000000000001,138282.08000000002,,80.0,0
2025-11-08 21:15:00,91.41666666666669,91.41666666666669,96.5,96.5,138985.39,,80.0,0
2025-11-08 21:18:00,91.41666666666669,91.41666666666669,96.5,96.5,138985.39,,80.0,0
2025-11-08 21:21:00,91.41666666666669,91.41666666666669,96.55,96.55,139044.0,,80.0,0
2025-11-08 21:24:00,91.41666666666669,91.41666666666669,96.4,96.4,138750.97,,80.0,0
2025-11-08 21:27:00,91.41666666666669,91.41666666666669,96.5,95.15,137051.275,,80.0,0
2025-11-08 21:30:00,91.41666666666669,91.41666666666669,96.5,96.5,138985.39,,80.0,0
2025-11-08 21:33:00,91.41666666666669,91.41666666666669,96.75,96.75,139337.05,,80.0,0
2025-11-08 21:36:00,91.41666666666669,91.41666666666669,96.55,96.55,139044.0,,80.0,0
2025-11-08 21:39:00,91.41666666666669,91.41666666666669,96.6,96.6,139102.61,,80.0,0
2025-11-08 21:42:00,91.41666666666669,91.41666666666669,96.65,96.65,139161.21999999997,,80.0,0
2025-11-08 21:45:00,91.41666666666669,91.41666666666669,96.5,96.5,138985.39,,80.0,0
2025-11-08 21:48:00,91.41666666666669,91.41666666666669,96.30000000000001,96.30000000000001,138633.735,,80.0,0
2025-11-08 21:51:00,91.41666666666669,91.41666666666669,96.5,96.5,138985.39,,80.0,0
2025-11-08 21:54:00,91.41666666666669,91.41666666666669,96.55,96.55,139044.0,,80.0,0
2025-11-08 21:57:00,91.41666666666669,91.41666666666669,96.5,96.5,138985.39,,80.0,0
2025-11-08 22:00:00,91.41666666666669,91.41666666666669,96.5,96.5,138985.39,,80.0,0
2025-11-08 22:03:00,91.41666666666669,91.41666666666669,96.5,96.25,138633.735,,80.0,0
2025-11-08 22:06:00,91.41666666666669,91.41666666666669,96.45,96.45,138926.77500000002,,80.0,0
2025-11-08 22:09:00,91.41666666666669,91.41666666666669,96.5,96.5,138985.39,,80.0,0
2025-11-08 22:12:00,91.41666666666669,91.41666666666669,96.6,96.6,139102.61,,80.0,0
2025-11-08 22:15:00,91.41666666666669,91.41666666666669,96.5,96.5,138985.39,,80.0,0
2025-11-08 22:18:00,91.41666666666669,91.41666666666669,96.2,96.2,138516.515,,80.0,0
2025-11-08 22:21:00,91.41666666666669,91.41666666666669,96.15,96.15,138516.51,,80.0,0
2025-11-08 22:24:00,91.41666666666669,91.41666666666669,96.6,96.6,139102.61,,80.0,0
2025-11-08 22:27:00,91.41666666666669,91.41666666666669,95.7,95.7,137813.195,,80.0,0
2025-11-08 22:30:00,91.41666666666669,91.41666666666669,96.45,96.45,138926.77500000002,,80.0,0
2025-11-08 22:33:00,91.41666666666669,91.41666666666669,96.5,96.5,138985.39,,80.0,0
2025-11-08 22:36:00,91.41666666666669,91.41666666666669,96.2,96.2,138575.125,,80.0,0
2025-11-08 22:39:00,91.41666666666669,91.41666666666669,96.5,96.5,138985.39,,80.0,0
2025-11-08 22:42:00,91.41666666666669,91.41666666666669,95.5,95.5,137520.14,,80.0,0
2025-11-08 22:45:00,91.41666666666669,91.41666666666669,96.15,96.15,138457.91499999998,,80.0,0
2025-11-08 22:48:00,91.41666666666669,91.41666666666669,96.5,96.5,138985.39,,80.0,0
2025-11-08 22:51:00,91.41666666666669,91.41666666666669,96.45,96.2,138575.125,,80.0,0
2025-11-08 22:54:00,91.41666666666669,91.41666666666669,96.45,96.45,138868.18,,80.0,0
2025-11-08 22:57:00,91.41666666666669,91.41666666666669,96.65,96.65,139161.21999999997,,80.0,0
2025-11-08 23:00:00,91.41666666666669,91.41666666666669,96.45,96.45,138926.77500000002,,80.0,0
2025-11-08 23:03:00,91.41666666666669,91.41666666666669,96.4,96.4,138868.16,,80.0,0
2025-11-08 23:06:00,91.41666666666669,91.41666666666669,96.45,96.45,138868.18,,80.0,0
2025-11-08 23:09:00,91.41666666666669,91.41666666666669,96.45,96.45,138926.77500000002,,80.0,0
2025-11-08 23:12:00,91.41666666666669,91.41666666666669,96.2,96.2,138575.125,,80.0,0
2025-11-08 23:15:00,91.41666666666669,91.41666666666669,96.5,96.5,138985.39,,80.0,0
2025-11-08 23:18:00,91.41666666666669,91.41666666666669,96.05,96.05,138340.685,,80.0,0
2025-11-08 23:21:00,91.41666666666669,91.41666666666669,96.4,96.4,138868.16,,80.0,0
2025-11-08 23:24:00,91.41666666666669,91.41666666666669,96.5,96.5,138985.39,,80.0,0
2025-11-08 23:27:00,91.41666666666669,91.41666666666669,95.55,95.55,137578.755,,80.0,0
2025-11-08 23:30:00,91.41666666666669,91.41666666666669,96.0,96.0,138282.07,,80.0,0
2025-11-08 23:33:00,91.41666666666669,91.41666666666669,96.5,96.5,138926.78999999998,,80.0,0
2025-11-08 23:36:00,91.41666666666669,91.41666666666669,96.45,96.45,138926.77500000002,,80.0,0
2025-11-08 23:39:00,91.41666666666669,91.41666666666669,95.9,95.9,138106.25,,80.0,0
2025-11-08 23:42:00,91.41666666666669,91.41666666666669,96.4,96.4,138750.97,,80.0,0
2025-11-08 23:45:00,91.41666666666669,91.41666666666669,96.4,95.9,138047.64,,80.0,0
2025-11-08 23:48:00,91.41666666666669,91.41666666666669,96.45,95.9,138164.86,,80.0,0
2025-11-08 23:51:00,91.41666666666669,91.41666666666669,96.45,96.45,138926.77500000002,,80.0,0
2025-11-08 23:54:00,91.41666666666669,91.41666666666669,96.5,96.5,138985.39,,80.0,0
2025-11-08 23:57:00,91.41666666666669,91.41666666666669,96.5,96.5,138985.39,,80.0,0
2025-11-09 00:00:00,91.41666666666669,91.41666666666669,96.4,96.4,138750.97,,80.0,0
2025-11-09 00:03:00,91.41666666666669,91.41666666666669,96.5,96.5,138985.39,,80.0,0
2025-11-09 00:06:00,91.41666666666669,91.41666666666669,96.45,96.2,138516.515,,80.0,0
2025-11-09 00:09:00,91.41666666666669,91.41666666666669,96.45,96.45,138868.18,,80.0,0
2025-11-09 00:12:00,91.41666666666669,91.41666666666669,96.45,96.45,138926.77500000002,,80.0,0
2025-11-09 00:15:00,91.41666666666669,91.41666666666669,96.2,96.2,138516.515,,80.0,0
2025-11-09 00:18:00,91.41666666666669,91.41666666666669,96.15,96.15,138457.91499999998,,80.0,0
2025-11-09 00:21:00,91.41666666666669,91.41666666666669,96.45,96.45,138926.77500000002,,80.0,0
2025-11-09 00:24:00,91.41666666666669,91.41666666666669,96.7,96.7,139219.83,,80.0,0
2025-11-09 00:27:00,91.41666666666669,91.41666666666669,95.9,95.9,138164.86,,80.0,0
2025-11-09 00:30:00,91.41666666666669,91.41666666666669,95.6,95.6,137695.97,,80.0,0
2025-11-09 00:33:00,91.41666666666669,91.41666666666669,96.05000000000001,96.05000000000001,138340.675,,80.0,0
2025-11-09 00:36:00,91.41666666666669,91.41666666666669,95.9,95.9,138106.25,,80.0,0
2025-11-09 00:39:00,91.41666666666669,91.41666666666669,96.45,96.45,138926.77500000002,,80.0,0
2025-11-09 00:42:00,91.41666666666669,91.41666666666669,96.5,96.5,138985.39,,80.0,0
2025-11-09 00:45:00,91.41666666666669,91.41666666666669,96.15,96.15,138457.90000000002,,80.0,0
2025-11-09 00:48:00,91.41666666666669,91.41666666666669,96.15,96.15,138516.51,,80.0,0
2025-11-09 00:51:00,91.41666666666669,91.41666666666669,95.9,95.9,138164.86,,80.0,0
2025-11-09 00:54:00,91.41666666666669,91.41666666666669,96.25,95.7,137813.19,,80.0,0
2025-11-09 00:57:00,91.41666666666669,91.41666666666669,95.9,95.9,138106.25,,80.0,0
2025-11-09 01:00:00,91.41666666666669,91.41666666666669,96.25,96.25,138575.125,,80.0,0
2025-11-09 01:03:00,91.41666666666669,91.41666666666669,96.45,96.45,138926.77500000002,,80.0,0
2025-11-09 01:06:00,91.41666666666669,91.41666666666669,96.45,96.45,138926.77500000002,,80.0,0
2025-11-09 01:09:00,91.41666666666669,91.41666666666669,96.45,96.45,138868.18,,80.0,0
2025-11-09 01:12:00,91.41666666666669,91.41666666666669,96.6,96.6,139102.61,,80.0,0
2025-11-09 01:15:00,91.41666666666669,91.41666666666669,96.4,96.4,138809.565,,80.0,0
2025-11-09 01:18:00,91.41666666666669,91.41666666666669,96.6,96.6,139102.61,,80.0,0
2025-11-09 01:21:00,91.41666666666669,91.41666666666669,96.15,96.15,138457.90000000002,,80.0,0
2025-11-09 01:24:00,91.41666666666669,91.41666666666669,95.9,95.9,138047.64,,80.0,0
2025-11-09 01:27:00,91.41666666666669,91.41666666666669,96.2,96.2,138516.515,,80.0,0
2025-11-09 01:30:00,91.41666666666669,91.41666666666669,95.75,95.75,137871.805,,80.0,0
2025-11-09 01:33:00,91.41666666666669,91.41666666666669,95.8,95.8,137930.42,,80.0,0
2025-11-09 01:36:00,91.41666666666669,91.41666666666669,96.15,96.15,138399.305,,80.0,0
2025-11-09 01:39:00,91.41666666666669,91.41666666666669,96.4,96.4,138750.97,,80.0,0
2025-11-09 01:42:00,91.41666666666669,91.41666666666669,96.45,96.45,138868.18,,80.0,0
2025-11-09 01:45:00,91.41666666666669,91.41666666666669,96.2,96.2,138575.125,,80.0,0
2025-11-09 01:48:00,91.41666666666669,91.41666666666669,96.15,96.15,138516.51,,80.0,0
2025-11-09 01:51:00,91.41666666666669,91.41666666666669,95.8,95.8,137930.42,,80.0,0
2025-11-09 01:54:00,91.41666666666669,91.41666666666669,95.9,95.9,138164.86,,80.0,0
2025-11-09 01:57:00,91.41666666666669,91.41666666666669,95.9,95.9,138047.64,,80.0,0
2025-11-09 02:00:00,91.41666666666669,91.41666666666669,96.15,96.15,138457.90000000002,,80.0,0
2025-11-09 02:03:00,91.41666666666669,91.41666666666669,95.9,95.9,138047.64,,80.0,0
2025-11-09 02:06:00,91.41666666666669,91.41666666666669,96.4,96.4,138809.565,,80.0,0
2025-11-09 02:09:00,91.41666666666669,91.41666666666669,95.80000000000001,95.80000000000001,137989.025,,80.0,0
2025-11-09 02:12:00,91.41666666666669,91.41666666666669,96.15,96.15,138457.91499999998,,80.0,0
2025-11-09 02:15:00,91.41666666666669,91.41666666666669,96.15,96.15,138457.91499999998,,80.0,0
2025-11-09 02:18:00,91.41666666666669,91.41666666666669,95.9,95.9,138106.25,,80.0,0
2025-11-09 02:21:00,91.41666666666669,91.41666666666669,96.4,96.4,138750.97,,80.0,0
2025-11-09 02:24:00,91.41666666666669,91.41666666666669,96.45,96.45,138926.77500000002,,80.0,0
2025-11-09 02:27:00,91.41666666666669,91.41666666666669,95.9,95.9,138106.25,,80.0,0
2025-11-09 02:30:00,91.41666666666669,91.41666666666669,96.65,96.65,139161.21999999997,,80.0,0
2025-11-09 02:33:00,91.41666666666669,91.41666666666669,95.9,95.9,138164.86,,80.0,0
2025-11-09 02:36:00,91.41666666666669,91.41666666666669,96.4,96.4,138750.97,,80.0,0
2025-11-09 02:39:00,91.41666666666669,91.41666666666669,95.9,95.9,138047.64,,80.0,0
2025-11-09 02:42:00,91.41666666666669,91.41666666666669,95.9,95.9,138047.64,,80.0,0
2025-11-09 02:45:00,91.41666666666669,91.41666666666669,95.9,95.9,138047.64,,80.0,0
2025-11-09 02:48:00,91.41666666666669,91.41666666666669,95.9,96.45,138868.18,,80.0,0
2025-11-09 02:51:00,91.41666666666669,91.41666666666669,95.9,95.9,138106.25,,80.0,0
2025-11-09 02:54:00,91.41666666666669,91.41666666666669,95.80000000000001,95.80000000000001,137989.025,,80.0,0
2025-11-09 02:57:00,91.41666666666669,91.41666666666669,96.15,96.15,138457.90000000002,,80.0,0
2025-11-09 03:00:00,91.41666666666669,91.41666666666669,95.85,95.85,137989.03000000003,,80.0,0
2025-11-09 03:03:00,91.41666666666669,91.41666666666669,95.9,95.9,138047.64,,80.0,0
2025-11-09 03:06:00,91.41666666666669,91.41666666666669,95.80000000000001,95.80000000000001,137930.415,,80.0,0
2025-11-09 03:09:00,91.41666666666669,91.41666666666669,95.80000000000001,95.80000000000001,137930.415,,80.0,0
2025-11-09 03:12:00,91.41666666666669,91.41666666666669,96.15,96.15,138457.90000000002,,80.0,0
2025-11-09 03:15:00,91.41666666666669,91.41666666666669,96.2,96.2,138516.515,,80.0,0
2025-11-09 03:18:00,91.41666666666669,91.41666666666669,96.15,96.15,138457.91499999998,,80.0,0
2025-11-09 03:21:00,91.41666666666669,91.41666666666669,95.85,95.85,138047.63,,80.0,0
2025-11-09 03:24:00,91.41666666666669,91.41666666666669,96.45,96.45,138926.77500000002,,80.0,0
2025-11-09 03:27:00,91.41666666666669,91.41666666666669,95.85,95.85,137989.03000000003,,80.0,0
2025-11-09 03:30:00,91.41666666666669,91.41666666666669,96.15,96.15,138457.91499999998,,80.0,0
2025-11-09 03:33:00,91.41666666666669,91.41666666666669,95.7,95.7,137813.19,,80.0,0
2025-11-09 03:36:00,91.41666666666669,91.41666666666669,96.15,96.15,138516.51,,80.0,0
2025-11-09 03:39:00,91.41666666666669,91.41666666666669,95.9,95.9,138164.86,,80.0,0
2025-11-09 03:42:00,91.41666666666669,91.41666666666669,96.4,96.4,138868.16,,80.0,0
2025-11-09 03:45:00,91.41666666666669,91.41666666666669,96.4,96.4,138750.97,,80.0,0
2025-11-09 03:48:00,91.41666666666669,91.41666666666669,95.9,95.9,138106.25,,80.0,0
2025-11-09 03:51:00,91.41666666666669,91.41666666666669,96.15,96.15,138457.91499999998,,80.0,0
2025-11-09 03:54:00,91.41666666666669,91.41666666666669,96.15,96.15,138399.305,,80.0,0
2025-11-09 03:57:00,91.41666666666669,91.41666666666669,95.9,95.9,138106.25,,80.0,0
2025-11-09 04:00:00,91.41666666666669,91.41666666666669,96.45,96.45,138926.77500000002,,80.0,0
2025-11-09 04:03:00,91.41666666666669,91.41666666666669,96.5,96.5,138985.39,,80.0,0
2025-11-09 04:06:00,91.41666666666669,91.41666666666669,96.4,96.4,138750.97,,80.0,0
2025-11-09 04:09:00,91.41666666666669,91.41666666666669,96.2,96.2,138516.515,,80.0,0
2025-11-09 04:12:00,91.41666666666669,91.41666666666669,95.85,95.85,137989.03000000003,,80.0,0
2025-11-09 04:15:00,91.41666666666669,91.41666666666669,95.80000000000001,95.80000000000001,137930.415,,80.0,0
2025-11-09 04:18:00,91.41666666666669,91.41666666666669,96.45,96.45,138868.18,,80.0,0
2025-11-09 04:21:00,91.41666666666669,91.41666666666669,95.9,95.9,138106.25,,80.0,0
2025-11-09 04:24:00,91.41666666666669,91.41666666666669,96.2,96.2,138575.125,,80.0,0
2025-11-09 04:27:00,91.41666666666669,91.41666666666669,96.4,96.4,138868.16,,80.0,0
2025-11-09 04:30:00,91.41666666666669,91.41666666666669,96.4,96.4,138809.565,,80.0,0
2025-11-09 04:33:00,91.41666666666669,91.41666666666669,95.65,95.65,137754.58500000002,,80.0,0
2025-11-09 04:36:00,91.41666666666669,91.41666666666669,95.7,95.7,137754.58500000002,,80.0,0
2025-11-09 04:39:00,91.41666666666669,91.41666666666669,96.4,96.4,138868.16,,80.0,0
2025-11-09 04:42:00,91.41666666666669,91.41666666666669,95.80000000000001,95.80000000000001,137930.415,,80.0,0
2025-11-09 04:45:00,91.41666666666669,91.41666666666669,95.9,95.9,138047.64,,80.0,0
2025-11-09 04:48:00,91.41666666666669,91.41666666666669,95.80000000000001,95.80000000000001,137930.415,,80.0,0
2025-11-09 04:51:00,91.41666666666669,91.41666666666669,95.7,95.7,137754.58500000002,,80.0,0
2025-11-09 04:54:00,91.41666666666669,91.41666666666669,96.15,96.15,138516.51,,80.0,0
2025-11-09 04:57:00,91.41666666666669,91.41666666666669,96.2,96.2,138516.515,,80.0,0
2025-11-09 05:00:00,91.41666666666669,91.41666666666669,95.9,95.75,137871.81,,80.0,0
2025-11-09 05:03:00,91.41666666666669,91.41666666666669,95.9,95.9,138047.64,,80.0,0
2025-11-09 05:06:00,91.41666666666669,91.41666666666669,95.9,95.9,138047.64,,80.0,0
2025-11-09 05:09:00,91.41666666666669,91.41666666666669,95.9,95.9,138047.64,,80.0,0
2025-11-09 05:12:00,91.41666666666669,91.41666666666669,95.9,95.9,138047.64,,80.0,0
2025-11-09 05:15:00,91.41666666666669,91.41666666666669,95.9,95.9,138047.64,,80.0,0
2025-11-09 05:18:00,91.41666666666669,91.41666666666669,95.9,95.9,138047.64,,80.0,0
2025-11-09 05:21:00,91.41666666666669,91.41666666666669,95.9,95.85,138047.64,,80.0,0
2025-11-09 05:24:00,91.41666666666669,91.41666666666669,95.85,95.9,138047.64,,80.0,0
2025-11-09 05:27:00,91.41666666666669,91.41666666666669,95.8,95.8,137930.42,,80.0,0
2025-11-09 05:30:00,91.41666666666669,91.41666666666669,95.7,94.65,136289.335,,80.0,0
2025-11-09 05:33:00,91.41666666666669,91.41666666666669,95.7,95.7,137813.19,,80.0,0
2025-11-09 05:36:00,91.41666666666669,91.41666666666669,95.7,95.7,137813.19,,80.0,0
2025-11-09 05:39:00,91.41666666666669,91.41666666666669,95.7,95.7,137813.19,,80.0,0
2025-11-09 05:42:00,91.41666666666669,91.41666666666669,95.6,95.5,137578.75,,80.0,0
2025-11-09 05:45:00,91.41666666666669,91.41666666666669,95.6,95.6,137695.97,,80.0,0
2025-11-09 05:48:00,91.41666666666669,91.41666666666669,95.6,95.69999999999999,137813.2,,80.0,0
2025-11-09 05:51:00,91.41666666666669,91.41666666666669,95.6,95.6,137695.98,,80.0,0
2025-11-09 05:54:00,91.41666666666669,91.41666666666669,95.5,94.45,136054.89,,80.0,0
2025-11-09 05:57:00,91.41666666666669,91.41666666666669,95.5,95.5,137461.53,,80.0,0
2025-11-09 06:00:00,91.41666666666669,91.41666666666669,95.45,95.45,137461.53,,80.0,0
2025-11-09 06:03:00,91.41666666666669,91.41666666666669,95.5,95.5,137578.75,,80.0,0
2025-11-09 06:06:00,91.41666666666669,91.41666666666669,95.4,95.4,137344.31,,80.0,0
2025-11-09 06:09:00,91.41666666666669,91.41666666666669,95.5,95.5,137578.75,,80.0,0
2025-11-09 06:12:00,91.41666666666669,91.41666666666669,95.5,95.5,137520.14,,80.0,0
2025-11-09 06:15:00,91.41666666666669,91.41666666666669,95.3,95.3,137227.09,,80.0,0
2025-11-09 06:18:00,91.41666666666669,91.41666666666669,95.45,95.45,137461.53,,80.0,0
2025-11-09 06:21:00,91.41666666666669,91.41666666666669,95.44999999999999,95.2,137109.87,,80.0,0
2025-11-09 06:24:00,91.41666666666669,91.41666666666669,95.3,95.3,137227.09,,80.0,0
2025-11-09 06:27:00,91.41666666666669,91.41666666666669,95.44999999999999,95.44999999999999,137461.535,,80.0,0
2025-11-09 06:30:00,91.41666666666669,91.41666666666669,95.45,95.45,137461.53,,80.0,0
2025-11-09 06:33:00,91.41666666666669,91.41666666666669,95.65,95.65,137695.975,,80.0,0
2025-11-09 06:36:00,91.41666666666669,91.41666666666669,95.4,95.4,137344.31,,80.0,0
2025-11-09 06:39:00,91.41666666666669,91.41666666666669,95.30000000000001,95.30000000000001,137227.09,,80.0,0
2025-11-09 06:42:00,91.41666666666669,91.41666666666669,95.45,95.45,137402.91999999998,,80.0,0
2025-11-09 06:45:00,91.41666666666669,91.41666666666669,95.2,95.2,137109.87,,80.0,0
2025-11-09 06:48:00,91.41666666666669,91.41666666666669,95.25,95.25,137168.47999999998,,80.0,0
2025-11-09 06:51:00,91.41666666666669,91.41666666666669,95.25,95.25,137168.47999999998,,80.0,0
2025-11-09 06:54:00,91.41666666666669,91.41666666666669,95.3,95.3,137227.09,,80.0,0
2025-11-09 06:57:00,91.41666666666669,91.41666666666669,95.35,95.35,137285.7,,80.0,0
2025-11-09 07:00:00,91.41666666666669,91.41666666666669,95.0,95.0,136875.42,,80.0,0
2025-11-09 07:03:00,91.41666666666669,91.41666666666669,95.30000000000001,95.30000000000001,137227.09,,80.0,0
2025-11-09 07:06:00,91.41666666666669,91.41666666666669,95.1,95.1,136992.64500000002,,80.0,0
2025-11-09 07:09:00,91.41666666666669,91.41666666666669,95.2,95.2,137109.87,,80.0,0
2025-11-09 07:12:00,91.41666666666669,91.41666666666669,95.0,95.0,136875.42,,80.0,0
2025-11-09 07:15:00,91.41666666666669,91.41666666666669,95.0,95.0,136875.42,,80.0,0
2025-11-09 07:18:00,91.41666666666669,91.41666666666669,95.05,95.05,136934.03000000003,,80.0,0
2025-11-09 07:21:00,91.41666666666669,91.41666666666669,95.0,95.0,136875.42,,80.0,0
2025-11-09 07:24:00,91.41666666666669,91.41666666666669,95.05000000000001,95.05000000000001,136875.425,,80.0,0
2025-11-09 07:27:00,91.41666666666669,91.41666666666669,95.05,95.05,136934.03000000003,,80.0,0
2025-11-09 07:30:00,91.41666666666669,91.41666666666669,94.95,94.95,136699.59000000003,,80.0,0
2025-11-09 07:33:00,91.41666666666669,91.41666666666669,94.9,94.9,136640.98,,80.0,0
2025-11-09 07:36:00,91.41666666666669,91.41666666666669,95.0,95.0,136875.42,,80.0,0
2025-11-09 07:39:00,91.41666666666669,91.41666666666669,94.95,94.95,136699.59000000003,,80.0,0
2025-11-09 07:42:00,91.41666666666669,91.41666666666669,95.0,95.0,136758.2,,80.0,0
2025-11-09 07:45:00,91.41666666666669,91.41666666666669,94.75,94.75,136465.155,,80.0,0
2025-11-09 07:48:00,91.41666666666669,91.41666666666669,94.55000000000001,94.55000000000001,136113.5,,80.0,0
2025-11-09 07:51:00,91.41666666666669,91.41666666666669,94.6,94.6,136289.33,,80.0,0
2025-11-09 07:54:00,91.41666666666669,91.41666666666669,94.4,94.4,135937.675,,80.0,0
2025-11-09 07:57:00,91.41666666666669,91.41666666666669,94.44999999999999,94.44999999999999,135996.3,,80.0,0
2025-11-09 08:00:00,91.41666666666669,91.41666666666669,94.6,94.6,136289.33,,80.0,0
2025-11-09 08:03:00,91.41666666666669,91.41666666666669,94.45,94.45,135996.3,,80.0,0
2025-11-09 08:06:00,91.41666666666669,91.41666666666669,94.5,94.5,136054.91,,80.0,0
2025-11-09 08:09:00,91.41666666666669,91.41666666666669,94.6,94.6,136172.13,,80.0,0
2025-11-09 08:12:00,91.41666666666669,91.41666666666669,94.6,94.6,136172.13,,80.0,0
2025-11-09 08:15:00,91.41666666666669,91.41666666666669,94.45,94.15,135586.025,,80.0,0
2025-11-09 08:18:00,91.41666666666669,91.41666666666669,94.5,94.5,136054.91,,80.0,0
2025-11-09 08:21:00,91.41666666666669,91.41666666666669,94.4,94.4,135937.69,,80.0,0
2025-11-09 08:24:00,91.41666666666669,91.41666666666669,94.35,94.35,135879.08000000002,,80.0,0
2025-11-09 08:27:00,91.41666666666669,91.41666666666669,94.35,94.35,135879.08000000002,,80.0,0
2025-11-09 08:30:00,91.41666666666669,91.41666666666669,94.25,94.25,135703.245,,80.0,0
2025-11-09 08:33:00,91.41666666666669,91.41666666666669,94.4,94.4,135937.69,,80.0,0
2025-11-09 08:36:00,91.41666666666669,91.41666666666669,94.35,94.1,135468.8,,80.0,0
2025-11-09 08:39:00,91.41666666666669,91.41666666666669,94.35,94.35,135879.08000000002,,80.0,0
2025-11-09 08:42:00,91.41666666666669,91.41666666666669,94.2,94.2,135644.635,,80.0,0
2025-11-09 08:45:00,91.41666666666669,91.41666666666669,94.25,94.25,135703.245,,80.0,0
2025-11-09 08:48:00,91.41666666666669,91.41666666666669,94.4,94.4,135937.69,,80.0,0
2025-11-09 08:51:00,91.41666666666669,91.41666666666669,94.1,94.1,135468.8,,80.0,0
2025-11-09 08:54:00,91.41666666666669,91.41666666666669,94.25,94.25,135703.245,,80.0,0
2025-11-09 08:57:00,91.41666666666669,91.41666666666669,94.1,94.1,135468.8,,80.0,0
2025-11-09 09:00:00,91.41666666666669,91.41666666666669,94.1,94.1,135468.8,,80.0,0
2025-11-09 09:03:00,91.41666666666669,91.41666666666669,94.2,94.2,135703.25,,80.0,0
2025-11-09 09:06:00,91.41666666666669,91.41666666666669,94.45,94.45,135996.3,,80.0,0
2025-11-09 09:09:00,91.41666666666669,91.41666666666669,94.1,94.1,135527.41499999998,,80.0,0
2025-11-09 09:12:00,91.41666666666669,91.41666666666669,93.94999999999999,93.94999999999999,135292.97,,80.0,0
2025-11-09 09:15:00,91.41666666666669,91.41666666666669,94.2,94.2,135703.25,,80.0,0
2025-11-09 09:18:00,91.41666666666669,91.41666666666669,94.25,94.25,135761.86,,80.0,0
2025-11-09 09:21:00,91.41666666666669,91.41666666666669,94.0,94.0,135351.58,,80.0,0
2025-11-09 09:24:00,91.41666666666669,91.41666666666669,94.25,94.25,135761.86,,80.0,0
2025-11-09 09:27:00,91.41666666666669,91.41666666666669,94.2,94.2,135703.25,,80.0,0
2025-11-09 09:30:00,91.41666666666669,91.41666666666669,94.2,94.2,135703.25,,80.0,0
2025-11-09 09:33:00,91.41666666666669,91.41666666666669,94.2,94.2,135644.635,,80.0,0
2025-11-09 09:36:00,91.41666666666669,91.41666666666669,94.35,94.35,135879.08000000002,,80.0,0
2025-11-09 09:39:00,91.41666666666669,91.41666666666669,94.2,93.95,135292.96999999997,,80.0,0
2025-11-09 09:42:00,91.41666666666669,91.41666666666669,94.2,94.2,135703.25,,80.0,0
2025-11-09 09:45:00,91.41666666666669,91.41666666666669,94.2,94.2,135703.25,,80.0,0
2025-11-09 09:48:00,91.41666666666669,91.41666666666669,94.4,94.4,135937.69,,80.0,0
2025-11-09 09:51:00,91.41666666666669,91.41666666666669,94.44999999999999,94.44999999999999,135996.3,,80.0,0
2025-11-09 09:54:00,91.41666666666669,91.41666666666669,94.2,94.2,135703.25,,80.0,0
2025-11-09 09:57:00,91.41666666666669,91.41666666666669,94.3,94.3,135820.47,,80.0,0
2025-11-09 10:00:00,91.41666666666669,91.41666666666669,94.2,94.2,135586.02,,80.0,0
2025-11-09 10:03:00,91.41666666666669,91.41666666666669,94.05,94.05,135410.19,,80.0,0
2025-11-09 10:06:00,91.41666666666669,91.41666666666669,94.25,94.25,135761.86,,80.0,0
2025-11-09 10:09:00,91.41666666666669,91.41666666666669,94.1,94.1,135468.8,,80.0,0
2025-11-09 10:12:00,91.41666666666669,91.41666666666669,94.30000000000001,94.30000000000001,135761.85499999998,,80.0,0
2025-11-09 10:15:00,91.41666666666669,91.41666666666669,94.25,94.25,135761.86,,80.0,0
2025-11-09 10:18:00,91.41666666666669,91.41666666666669,94.2,93.85,135117.14,,80.0,0
2025-11-09 10:21:00,91.41666666666669,91.41666666666669,94.25,94.25,135761.86,,80.0,0
2025-11-09 10:24:00,91.41666666666669,91.41666666666669,94.2,94.2,135703.25,,80.0,0
2025-11-09 10:27:00,91.41666666666669,91.41666666666669,94.1,94.1,135468.8,,80.0,0
2025-11-09 10:30:00,91.41666666666669,91.41666666666669,94.2,94.2,135586.02,,80.0,0
2025-11-09 10:33:00,91.41666666666669,91.41666666666669,94.2,94.2,135644.635,,80.0,0
2025-11-09 10:36:00,91.41666666666669,91.41666666666669,94.15,94.15,135527.40999999997,,80.0,0
2025-11-09 10:39:00,91.41666666666669,91.41666666666669,94.2,94.2,135644.635,,80.0,0
2025-11-09 10:42:00,91.41666666666669,91.41666666666669,94.2,94.2,135644.635,,80.0,0
2025-11-09 10:45:00,91.41666666666669,91.41666666666669,94.30000000000001,94.30000000000001,135820.47,,80.0,0
2025-11-09 10:48:00,91.41666666666669,91.41666666666669,94.25,94.25,135761.86,,80.0,0
2025-11-09 10:51:00,91.41666666666669,91.41666666666669,94.1,94.1,135468.8,,80.0,0
2025-11-09 10:54:00,91.41666666666669,91.41666666666669,94.1,94.1,135468.8,,80.0,0
2025-11-09 10:57:00,91.41666666666669,91.41666666666669,94.2,94.2,135703.25,,80.0,0
2025-11-09 11:00:00,91.41666666666669,91.41666666666669,94.1,94.1,135527.41499999998,,80.0,1
2025-11-09 11:03:00,91.41666666666669,91.41666666666669,94.1,94.1,135468.8,,80.0,1
2025-11-09 11:06:00,91.41666666666669,91.41666666666669,94.5,94.5,136054.91,,80.0,1
2025-11-09 11:09:00,91.41666666666669,91.41666666666669,94.15,94.15,135527.40999999997,,80.0,1
2025-11-09 11:12:00,91.41666666666669,91.41666666666669,94.3,94.3,135820.47,,80.0,1
2025-11-09 11:15:00,91.41666666666669,91.41666666666669,94.44999999999999,94.44999999999999,136054.9,,80.0,1
2025-11-09 11:18:00,91.41666666666669,91.41666666666669,94.6,94.6,136172.13,,80.0,1
2025-11-09 11:21:00,91.41666666666669,91.41666666666669,94.6,94.6,136230.72999999998,,80.0,1
2025-11-09 11:24:00,91.41666666666669,91.41666666666669,94.6,94.6,136172.13,,80.0,1
2025-11-09 11:27:00,91.41666666666669,91.41666666666669,94.6,94.6,136172.13,,80.0,1
2025-11-09 11:30:00,91.41666666666669,91.41666666666669,94.75,94.75,136465.155,,80.0,1
2025-11-09 11:33:00,91.41666666666669,91.41666666666669,94.95,94.95,136758.2,,80.0,1
2025-11-09 11:36:00,91.41666666666669,91.41666666666669,95.0,95.0,136875.42,,80.0,1
2025-11-09 11:39:00,91.41666666666669,91.41666666666669,95.2,95.2,137109.87,,80.0,1
2025-11-09 11:42:00,91.41666666666669,91.41666666666669,95.25,95.25,137168.47999999998,,80.0,1
2025-11-09 11:45:00,91.41666666666669,91.41666666666669,95.35,95.35,137285.7,,80.0,1
2025-11-09 11:48:00,91.41666666666669,91.41666666666669,95.4,95.4,137344.31,,80.0,1
2025-11-09 11:51:00,91.41666666666669,91.41666666666669,95.25,95.25,137227.08500000002,,80.0,1
2025-11-09 11:54:00,91.41666666666669,91.41666666666669,95.45,95.45,137402.91999999998,,80.0,1
2025-11-09 11:57:00,91.41666666666669,91.41666666666669,95.3,95.3,137227.09,,80.0,1
2025-11-09 12:00:00,91.41666666666669,91.41666666666669,95.5,95.5,137520.14,,80.0,1
2025-11-09 12:03:00,91.41666666666669,91.41666666666669,95.45,95.45,137402.91999999998,,80.0,1
2025-11-09 12:06:00,91.41666666666669,91.41666666666669,95.6,95.6,137695.97,,80.0,1
2025-11-09 12:09:00,91.41666666666669,91.41666666666669,95.6,95.6,137695.97,,80.0,1
2025-11-09 12:12:00,91.41666666666669,91.41666666666669,95.85,95.85,137989.03000000003,,80.0,1
2025-11-09 12:15:00,91.41666666666669,91.41666666666669,95.75,95.75,137871.805,,80.0,1
2025-11-09 12:18:00,91.41666666666669,91.41666666666669,95.85,95.85,137989.03000000003,,80.0,1
2025-11-09 12:21:00,91.41666666666669,91.41666666666669,95.85,95.85,137989.03000000003,,80.0,1
2025-11-09 12:24:00,91.41666666666669,91.41666666666669,96.2,96.2,138516.515,,80.0,1
2025-11-09 12:27:00,91.41666666666669,91.41666666666669,96.5,96.5,138985.39,,80.0,1
2025-11-09 12:30:00,91.41666666666669,91.41666666666669,96.15,96.15,138516.51,,80.0,1
2025-11-09 12:33:00,91.41666666666669,91.41666666666669,95.80000000000001,95.80000000000001,137930.415,,80.0,1
2025-11-09 12:36:00,91.41666666666669,91.41666666666669,95.9,95.9,138047.64,,80.0,1
2025-11-09 12:39:00,91.41666666666669,91.41666666666669,96.45,96.45,138926.77500000002,,80.0,1
2025-11-09 12:42:00,91.41666666666669,91.41666666666669,96.2,96.2,138575.125,,80.0,1
2025-11-09 12:45:00,91.41666666666669,91.41666666666669,96.6,96.6,139102.61,,80.0,1
2025-11-09 12:48:00,91.41666666666669,91.41666666666669,96.15,96.15,138457.91499999998,,80.0,1
2025-11-09 12:51:00,91.41666666666669,91.41666666666669,96.5,96.5,138985.39,,80.0,1
2025-11-09 12:54:00,91.41666666666669,91.41666666666669,96.69999999999999,96.69999999999999,139278.44,,80.0,1
2025-11-09 12:57:00,91.41666666666669,91.41666666666669,96.75,96.75,139337.05,,80.0,1
2025-11-09 13:00:00,91.41666666666669,91.41666666666669,96.8,96.8,139454.27,,80.0,1
2025-11-09 13:03:00,91.41666666666669,91.41666666666669,96.7,96.7,139219.83,,80.0,1
2025-11-09 13:06:00,91.41666666666669,91.41666666666669,96.8,96.8,139454.27,,80.0,1
2025-11-09 13:09:00,91.41666666666669,91.41666666666669,96.95,97.0,139688.72,,80.0,1
2025-11-09 13:12:00,91.41666666666669,91.41666666666669,97.0,96.95,139630.1,,80.0,1
2025-11-09 13:15:00,91.41666666666669,91.41666666666669,97.0,97.0,139688.72,,80.0,1
2025-11-09 13:18:00,91.41666666666669,91.41666666666669,97.0,97.0,139688.72,,80.0,1
2025-11-09 13:21:00,91.41666666666669,91.41666666666669,97.1,97.1,139805.94,,80.0,1
2025-11-09 13:24:00,91.41666666666669,91.41666666666669,97.2,97.2,139923.16,,80.0,1
2025-11-09 13:27:00,91.41666666666669,91.41666666666669,97.2,97.2,139923.16,,80.0,1
2025-11-09 13:30:00,91.41666666666669,91.41666666666669,97.45,97.5,140392.03,,80.0,1
2025-11-09 13:33:00,91.41666666666669,91.41666666666669,97.5,97.45,140333.43,,80.0,1
2025-11-09 13:36:00,91.41666666666669,91.41666666666669,97.7,97.7,140626.48,,80.0,1
2025-11-09 13:39:00,91.41666666666669,91.41666666666669,97.69999999999999,97.69999999999999,140685.10499999998,,80.0,1
2025-11-09 13:42:00,91.41666666666669,91.41666666666669,97.7,97.7,140685.09000000003,,80.0,1
2025-11-09 13:45:00,91.41666666666669,91.41666666666669,97.55,97.55,140450.65,,80.0,1
2025-11-09 13:48:00,91.41666666666669,91.41666666666669,97.8,97.8,140860.94,,80.0,1
2025-11-09 13:51:00,91.41666666666669,91.41666666666669,97.7,97.7,140626.48,,80.0,1
2025-11-09 13:54:00,91.41666666666669,91.41666666666669,97.80000000000001,97.80000000000001,140802.31,,80.0,1
2025-11-09 13:57:00,91.41666666666669,91.41666666666669,97.85,97.85,140919.54,,80.0,1
2025-11-09 14:00:00,91.41666666666669,91.41666666666669,97.95,97.95,141036.76,,80.0,0
2025-11-09 14:03:00,91.41666666666669,91.41666666666669,97.9,97.9,140978.14,,80.0,0
2025-11-09 14:06:00,91.41666666666669,91.41666666666669,98.05,98.05,141153.97,,80.0,0
2025-11-09 14:09:00,91.41666666666669,91.41666666666669,97.85,97.85,140860.93,,80.0,0
2025-11-09 14:12:00,91.41666666666669,91.41666666666669,98.0,98.0,141095.38,,80.0,0
2025-11-09 14:15:00,91.41666666666669,91.41666666666669,97.85,97.85,140919.54,,80.0,0
2025-11-09 14:18:00,91.41666666666669,91.41666666666669,97.6,97.6,140567.865,,80.0,0
2025-11-09 14:21:00,91.41666666666669,91.41666666666669,98.0,98.0,141095.38,,80.0,0
2025-11-09 14:24:00,91.41666666666669,91.41666666666669,97.7,97.7,140626.48,,80.0,0
2025-11-09 14:27:00,91.41666666666669,91.41666666666669,98.05,98.05,141153.97,,80.0,0
2025-11-09 14:30:00,91.41666666666669,91.41666666666669,97.9,97.9,140978.13,,80.0,0
2025-11-09 14:33:00,91.41666666666669,91.41666666666669,98.0,98.0,141095.38,,80.0,0
2025-11-09 14:36:00,91.41666666666669,91.41666666666669,97.7,97.7,140685.08500000002,,80.0,0
2025-11-09 14:39:00,91.41666666666669,91.41666666666669,97.95,97.95,141036.76,,80.0,0
2025-11-09 14:42:00,91.41666666666669,91.41666666666669,97.9,97.9,140978.14,,80.0,0
2025-11-09 14:45:00,91.41666666666669,91.41666666666669,97.8,97.8,140860.94,,80.0,0
2025-11-09 14:48:00,91.41666666666669,91.41666666666669,98.0,98.0,141095.38,,80.0,0
2025-11-09 14:51:00,91.41666666666669,91.41666666666669,97.85,97.85,140919.54,,80.0,0
2025-11-09 14:54:00,91.41666666666669,91.41666666666669,97.85,97.85,140919.54,,80.0,0
2025-11-09 14:57:00,91.41666666666669,91.41666666666669,97.9,97.9,140978.14,,80.0,0
2025-11-09 15:00:00,91.41666666666669,91.41666666666669,97.8,97.8,140860.94,,80.0,0
2025-11-09 15:03:00,91.41666666666669,91.41666666666669,97.85,96.5,138985.405,,80.0,0
2025-11-09 15:06:00,91.41666666666669,91.41666666666669,97.8,97.8,140860.94,,80.0,0
2025-11-09 15:09:00,91.41666666666669,91.41666666666669,97.85,97.85,140919.54,,80.0,0
2025-11-09 15:12:00,91.41666666666669,91.41666666666669,97.85,98.4,141681.45,,80.0,0
2025-11-09 15:15:00,91.41666666666669,91.41666666666669,97.9,97.9,140978.14,,80.0,0
2025-11-09 15:18:00,91.41666666666669,91.41666666666669,97.9,97.9,140978.14,,80.0,0
2025-11-09 15:21:00,91.41666666666669,91.41666666666669,98.0,98.0,141095.38,,80.0,0
2025-11-09 15:24:00,91.41666666666669,91.41666666666669,97.85,97.2,139923.155,,80.0,0
2025-11-09 15:27:00,91.41666666666669,91.41666666666669,97.5,97.5,140392.03,,80.0,0
2025-11-09 15:30:00,91.41666666666669,91.41666666666669,97.8,97.8,140860.94,,80.0,0
2025-11-09 15:33:00,91.41666666666669,91.41666666666669,97.75,97.75,140743.71000000002,,80.0,0
2025-11-09 15:36:00,91.41666666666669,91.41666666666669,97.85,97.85,140919.54,,80.0,0
2025-11-09 15:39:00,91.41666666666669,91.41666666666669,97.75,97.75,140743.71000000002,,80.0,0
2025-11-09 15:42:00,91.41666666666669,91.41666666666669,97.8,97.8,140860.94,,80.0,0
2025-11-09 15:45:00,91.41666666666669,91.41666666666669,97.7,97.7,140685.09000000003,,80.0,0
2025-11-09 15:48:00,91.41666666666669,91.41666666666669,97.65,97.65,140626.485,,80.0,0
2025-11-09 15:51:00,91.41666666666669,91.41666666666669,97.85,97.85,140919.54,,80.0,0
2025-11-09 15:54:00,91.41666666666669,91.41666666666669,97.85,97.85,140919.54,,80.0,0
2025-11-09 15:57:00,91.41666666666669,91.41666666666669,98.0,98.0,141095.38,,80.0,0
2025-11-09 16:00:00,91.41666666666669,91.41666666666669,97.7,97.7,140626.48,,80.0,0
2025-11-09 16:03:00,91.41666666666669,91.41666666666669,97.75,97.75,140743.71000000002,,80.0,0
2025-11-09 16:06:00,91.41666666666669,91.41666666666669,97.8,97.8,140860.94,,80.0,0
2025-11-09 16:09:00,91.41666666666669,91.41666666666669,97.7,97.7,140743.7,,80.0,0
2025-11-09 16:12:00,91.41666666666669,91.41666666666669,97.85,97.85,140919.54,,80.0,0
2025-11-09 16:15:00,91.41666666666669,91.41666666666669,97.65,97.65,140626.485,,80.0,0
2025-11-09 16:18:00,91.41666666666669,91.41666666666669,97.85,97.85,140919.54,,80.0,0
2025-11-09 16:21:00,91.41666666666669,91.41666666666669,97.95,97.95,141036.76,,80.0,0
2025-11-09 16:24:00,91.41666666666669,91.41666666666669,97.9,97.9,140978.16,,80.0,0
2025-11-09 16:27:00,91.41666666666669,91.41666666666669,97.85,97.85,140919.54,,80.0,0
2025-11-09 16:30:00,91.41666666666669,91.41666666666669,97.8,97.8,140860.94,,80.0,0
2025-11-09 16:33:00,91.41666666666669,91.41666666666669,97.95,97.95,141036.76,,80.0,0
2025-11-09 16:36:00,91.41666666666669,91.41666666666669,97.65,97.65,140567.875,,80.0,0
2025-11-09 16:39:00,91.41666666666669,91.41666666666669,97.8,97.8,140860.94,,80.0,0
2025-11-09 16:42:00,91.41666666666669,91.41666666666669,97.75,97.75,140743.71000000002,,80.0,0
2025-11-09 16:45:00,91.41666666666669,91.41666666666669,97.7,97.7,140626.48,,80.0,0
2025-11-09 16:48:00,91.41666666666669,91.41666666666669,97.75,97.75,140802.32,,80.0,0
2025-11-09 16:51:00,91.41666666666669,91.41666666666669,97.8,97.8,140860.94,,80.0,0
2025-11-09 16:54:00,91.41666666666669,91.41666666666669,97.85,97.85,140919.54,,80.0,0
2025-11-09 16:57:00,91.41666666666669,91.41666666666669,97.55,97.55,140509.265,,80.0,0
2025-11-09 17:00:00,91.41666666666669,91.41666666666669,97.85,97.85,140919.54,,80.0,0
2025-11-09 17:03:00,91.41666666666669,91.41666666666669,97.8,97.8,140860.94,,80.0,0
2025-11-09 17:06:00,91.41666666666669,91.41666666666669,97.55,97.55,140450.65,,80.0,0
2025-11-09 17:09:00,91.41666666666669,91.41666666666669,97.9,97.9,140978.14,,80.0,0
2025-11-09 17:12:00,91.41666666666669,91.41666666666669,97.5,97.5,140450.66,,80.0,0
2025-11-09 17:15:00,91.41666666666669,91.41666666666669,97.75,97.75,140802.32,,80.0,0
2025-11-09 17:18:00,91.41666666666669,91.41666666666669,98.0,98.0,141095.38,,80.0,0
2025-11-09 17:21:00,91.41666666666669,91.41666666666669,97.9,97.9,140978.16,,80.0,0
2025-11-09 17:24:00,91.41666666666669,91.41666666666669,97.9,97.9,140978.16,,80.0,0
2025-11-09 17:27:00,91.41666666666669,91.41666666666669,97.75,97.75,140802.32,,80.0,0
2025-11-09 17:30:00,91.41666666666669,91.41666666666669,97.9,97.9,140978.14,,80.0,0
2025-11-09 17:33:00,91.41666666666669,91.41666666666669,97.6,97.6,140509.27,,80.0,0
2025-11-09 17:36:00,91.41666666666669,91.41666666666669,97.9,97.9,140978.16,,80.0,0
2025-11-09 17:39:00,91.41666666666669,91.41666666666669,97.7,97.7,140685.09000000003,,80.0,0
2025-11-09 17:42:00,91.41666666666669,91.41666666666669,97.75,97.75,140802.32,,80.0,0
2025-11-09 17:45:00,91.41666666666669,91.41666666666669,97.8,97.8,140860.94,,80.0,0
2025-11-09 17:48:00,91.41666666666669,91.41666666666669,97.8,97.8,140860.94,,80.0,0
2025-11-09 17:51:00,91.41666666666669,91.41666666666669,97.9,97.9,140978.14,,80.0,0
2025-11-09 17:54:00,91.41666666666669,91.41666666666669,97.8,98.1,141271.16999999998,,80.0,0
2025-11-09 17:57:00,91.41666666666669,91.41666666666669,97.80000000000001,97.80000000000001,140802.31,,80.0,0
2025-11-09 18:00:00,91.41666666666669,91.41666666666669,97.8,97.75,140743.71000000002,,80.0,0
2025-11-09 18:03:00,91.41666666666669,91.41666666666669,97.8,97.8,140860.94,,80.0,0
2025-11-09 18:06:00,91.41666666666669,91.41666666666669,97.8,97.8,140860.94,,80.0,0
2025-11-09 18:09:00,91.41666666666669,91.41666666666669,97.8,97.7,140626.48,,80.0,0
2025-11-09 18:12:00,91.41666666666669,91.41666666666669,97.8,97.8,140860.94,,80.0,0
2025-11-09 18:15:00,91.41666666666669,91.41666666666669,97.7,97.7,140626.48,,80.0,0
2025-11-09 18:18:00,91.41666666666669,91.41666666666669,97.8,97.8,140860.94,,80.0,0
2025-11-09 18:21:00,91.41666666666669,91.41666666666669,97.7,97.7,140626.48,,80.0,0
2025-11-09 18:24:00,91.41666666666669,91.41666666666669,97.8,97.8,140860.94,,80.0,0
2025-11-09 18:27:00,91.41666666666669,91.41666666666669,97.7,97.7,140743.7,,80.0,0
2025-11-09 18:30:00,91.41666666666669,91.41666666666669,98.0,98.0,141095.38,,80.0,0
2025-11-09 18:33:00,91.41666666666669,91.41666666666669,97.7,97.7,140743.7,,80.0,0
2025-11-09 18:36:00,91.41666666666669,91.41666666666669,97.8,97.8,140860.94,,80.0,0
2025-11-09 18:39:00,91.41666666666669,91.41666666666669,97.95,97.95,141036.76,,80.0,0
2025-11-09 18:42:00,91.41666666666669,91.41666666666669,97.9,97.9,140978.14,,80.0,0
2025-11-09 18:45:00,91.41666666666669,91.41666666666669,97.7,97.7,140626.48,,80.0,0
2025-11-09 18:48:00,91.41666666666669,91.41666666666669,97.7,97.7,140626.48,,80.0,0
2025-11-09 18:51:00,91.41666666666669,91.41666666666669,97.6,97.6,140567.865,,80.0,0
2025-11-09 18:54:00,91.41666666666669,91.41666666666669,97.65,97.65,140626.485,,80.0,0
2025-11-09 18:57:00,91.41666666666669,91.41666666666669,97.7,97.7,140626.48,,80.0,0
2025-11-09 19:00:00,91.41666666666669,91.41666666666669,97.7,97.7,140626.48,,80.0,0
2025-11-09 19:03:00,91.41666666666669,91.41666666666669,97.7,96.4,138809.57,,80.0,0
2025-11-09 19:06:00,91.41666666666669,91.41666666666669,97.9,97.9,140978.14,,80.0,0
2025-11-09 19:09:00,91.41666666666669,91.41666666666669,97.8,97.8,140860.94,,80.0,0
2025-11-09 19:12:00,91.41666666666669,91.41666666666669,97.7,97.7,140626.48,,80.0,0
2025-11-09 19:15:00,91.41666666666669,91.41666666666669,97.8,97.8,140860.94,,80.0,0
2025-11-09 19:18:00,91.41666666666669,91.41666666666669,97.75,97.75,140743.71000000002,,80.0,0
2025-11-09 19:21:00,91.41666666666669,91.41666666666669,97.9,97.9,140978.16,,80.0,0
2025-11-09 19:24:00,91.41666666666669,91.41666666666669,97.7,97.7,140626.48,,80.0,0
2025-11-09 19:27:00,91.41666666666669,91.41666666666669,97.75,97.25,140040.385,,80.0,0
2025-11-09 19:30:00,91.41666666666669,91.41666666666669,97.8,97.8,140860.94,,80.0,0
2025-11-09 19:33:00,91.41666666666669,91.41666666666669,97.8,97.8,140860.94,,80.0,0
2025-11-09 19:36:00,91.41666666666669,91.41666666666669,97.7,97.7,140685.09000000003,,80.0,0
2025-11-09 19:39:00,91.41666666666669,91.41666666666669,97.80000000000001,97.80000000000001,140802.31,,80.0,0
2025-11-09 19:42:00,91.41666666666669,91.41666666666669,97.75,97.75,140802.32,,80.0,0
2025-11-09 19:45:00,91.41666666666669,91.41666666666669,97.9,97.9,140978.14,,80.0,0
2025-11-09 19:48:00,91.41666666666669,91.41666666666669,97.7,97.7,140626.48,,80.0,0
2025-11-09 19:51:00,91.41666666666669,91.41666666666669,97.7,97.7,140743.7,,80.0,0
2025-11-09 19:54:00,91.41666666666669,91.41666666666669,97.9,97.9,140978.16,,80.0,0
2025-11-09 19:57:00,91.41666666666669,91.41666666666669,97.7,97.7,140685.09000000003,,80.0,0
2025-11-09 20:00:00,91.41666666666669,91.41666666666669,97.85,97.85,140919.54,,80.0,0
2025-11-09 20:03:00,91.41666666666669,91.41666666666669,97.75,97.75,140743.71000000002,,80.0,0
2025-11-09 20:06:00,91.41666666666669,91.41666666666669,97.8,97.8,140860.94,,80.0,0
2025-11-09 20:09:00,91.41666666666669,91.41666666666669,97.65,97.65,140626.485,,80.0,0
2025-11-09 20:12:00,91.41666666666669,91.41666666666669,97.75,97.75,140802.32,,80.0,0
2025-11-09 20:15:00,91.41666666666669,91.41666666666669,97.5,97.5,140392.03,,80.0,0
2025-11-09 20:18:00,91.41666666666669,91.41666666666669,97.7,97.7,140626.48,,80.0,0
2025-11-09 20:21:00,91.41666666666669,91.41666666666669,97.7,97.7,140626.48,,80.0,0
2025-11-09 20:24:00,91.41666666666669,91.41666666666669,97.8,97.8,140860.94,,80.0,0
2025-11-09 20:27:00,91.41666666666669,91.41666666666669,97.6,97.6,140509.255,,80.0,0
2025-11-09 20:30:00,91.41666666666669,91.41666666666669,97.7,97.7,140743.7,,80.0,0
2025-11-09 20:33:00,91.41666666666669,91.41666666666669,97.7,97.65,140567.875,,80.0,0
2025-11-09 20:36:00,91.41666666666669,91.41666666666669,97.8,97.8,140860.94,,80.0,0
2025-11-09 20:39:00,91.41666666666669,91.41666666666669,97.7,97.7,140626.48,,80.0,0
2025-11-09 20:42:00,91.41666666666669,91.41666666666669,97.7,97.7,140685.09000000003,,80.0,0
2025-11-09 20:45:00,91.41666666666669,91.41666666666669,97.7,97.7,140685.09000000003,,80.0,0
2025-11-09 20:48:00,91.41666666666669,91.41666666666669,97.7,97.75,140743.71000000002,,80.0,0
2025-11-09 20:51:00,91.41666666666669,91.41666666666669,97.7,97.75,140743.71000000002,,80.0,0
2025-11-09 20:54:00,91.41666666666669,91.41666666666669,97.7,97.7,140743.7,,80.0,0
2025-11-09 20:57:00,91.41666666666669,91.41666666666669,97.7,97.85,140919.54,,80.0,0
2025-11-09 21:00:00,91.41666666666669,91.41666666666669,97.7,97.7,140626.48,,80.0,0
2025-11-09 21:03:00,91.41666666666669,91.41666666666669,97.7,97.7,140626.48,,80.0,0
2025-11-09 21:06:00,91.41666666666669,91.41666666666669,97.75,97.75,140743.71000000002,,80.0,0
2025-11-09 21:09:00,91.41666666666669,91.41666666666669,97.6,97.6,140567.865,,80.0,0
2025-11-09 21:12:00,91.41666666666669,91.41666666666669,97.7,97.7,140626.48,,80.0,0
2025-11-09 21:15:00,91.41666666666669,91.41666666666669,97.7,97.7,140685.09000000003,,80.0,0
2025-11-09 21:18:00,91.41666666666669,91.41666666666669,97.75,97.75,140743.71000000002,,80.0,0
2025-11-09 21:21:00,91.41666666666669,91.41666666666669,97.6,97.6,140567.865,,80.0,0
2025-11-09 21:24:00,91.41666666666669,91.41666666666669,97.7,97.65,140567.875,,80.0,0
2025-11-09 21:27:00,91.41666666666669,91.41666666666669,97.7,97.7,140626.48,,80.0,0
2025-11-09 21:30:00,91.41666666666669,91.41666666666669,97.7,97.7,140743.7,,80.0,0
2025-11-09 21:33:00,91.41666666666669,91.41666666666669,97.80000000000001,97.80000000000001,140860.92,,80.0,0
2025-11-09 21:36:00,91.41666666666669,91.41666666666669,97.7,97.7,140743.7,,80.0,0
2025-11-09 21:39:00,91.41666666666669,91.41666666666669,97.7,97.7,140626.48,,80.0,0
2025-11-09 21:42:00,91.41666666666669,91.41666666666669,97.7,96.80000000000001,139337.06,,80.0,0
2025-11-09 21:45:00,91.41666666666669,91.41666666666669,97.7,97.7,140685.09000000003,,80.0,0
2025-11-09 21:48:00,91.41666666666669,91.41666666666669,97.35,97.35,140216.21000000002,,80.0,0
2025-11-09 21:51:00,91.41666666666669,91.41666666666669,97.7,97.35,140157.595,,80.0,0
2025-11-09 21:54:00,91.41666666666669,91.41666666666669,97.5,97.5,140392.03,,80.0,0
2025-11-09 21:57:00,91.41666666666669,91.41666666666669,97.7,97.7,140626.48,,80.0,0
2025-11-09 22:00:00,91.41666666666669,91.41666666666669,97.85,97.85,140919.54,,80.0,0
2025-11-09 22:03:00,91.41666666666669,91.41666666666669,97.7,97.7,140626.48,,80.0,0
2025-11-09 22:06:00,91.41666666666669,91.41666666666669,97.7,97.7,140685.09000000003,,80.0,0
2025-11-09 22:09:00,91.41666666666669,91.41666666666669,97.7,97.5,140392.03,,80.0,0
2025-11-09 22:12:00,91.41666666666669,91.41666666666669,97.7,97.7,140685.09000000003,,80.0,0
2025-11-09 22:15:00,91.41666666666669,91.41666666666669,97.7,97.5,140392.03,,80.0,0
2025-11-09 22:18:00,91.41666666666669,91.41666666666669,97.7,97.7,140685.09000000003,,80.0,0
2025-11-09 22:21:00,91.41666666666669,91.41666666666669,97.7,97.7,140626.48,,80.0,0
2025-11-09 22:24:00,91.41666666666669,91.41666666666669,97.7,97.7,140626.48,,80.0,0
2025-11-09 22:27:00,91.41666666666669,91.41666666666669,97.7,97.7,140626.48,,80.0,0
2025-11-09 22:30:00,91.41666666666669,91.41666666666669,97.75,97.75,140743.71000000002,,80.0,0
2025-11-09 22:33:00,91.41666666666669,91.41666666666669,97.55,97.55,140450.65,,80.0,0
2025-11-09 22:36:00,91.41666666666669,91.41666666666669,97.65,97.65,140567.875,,80.0,0
2025-11-09 22:39:00,91.41666666666669,91.41666666666669,97.6,97.6,140509.27,,80.0,0
2025-11-09 22:42:00,91.41666666666669,91.41666666666669,97.7,97.7,140626.48,,80.0,0
2025-11-09 22:45:00,91.41666666666669,91.41666666666669,97.7,97.7,140685.09000000003,,80.0,0
2025-11-09 22:48:00,91.41666666666669,91.41666666666669,97.6,97.6,140509.255,,80.0,0
2025-11-09 22:51:00,91.41666666666669,91.41666666666669,97.55,97.55,140450.65,,80.0,0
2025-11-09 22:54:00,91.41666666666669,91.41666666666669,97.8,97.8,140860.94,,80.0,0
2025-11-09 22:57:00,91.41666666666669,91.41666666666669,97.6,97.6,140509.255,,80.0,0
2025-11-09 23:00:00,91.41666666666669,91.41666666666669,97.65,97.65,140567.875,,80.0,0
2025-11-09 23:03:00,91.41666666666669,91.41666666666669,97.7,97.7,140626.48,,80.0,0
2025-11-09 23:06:00,91.41666666666669,91.41666666666669,97.75,97.75,140802.32,,80.0,0
2025-11-09 23:09:00,91.41666666666669,91.41666666666669,97.7,97.7,140626.48,,80.0,0
2025-11-09 23:12:00,91.41666666666669,91.41666666666669,97.3,97.3,140157.59,,80.0,0
2025-11-09 23:15:00,91.41666666666669,91.41666666666669,97.7,97.7,140626.48,,80.0,0
2025-11-09 23:18:00,91.41666666666669,91.41666666666669,97.35,97.35,140157.595,,80.0,0
2025-11-09 23:21:00,91.41666666666669,91.41666666666669,97.6,97.6,140509.27,,80.0,0
2025-11-09 23:24:00,91.41666666666669,91.41666666666669,97.6,97.6,140509.27,,80.0,0
2025-11-09 23:27:00,91.41666666666669,91.41666666666669,97.6,96.7,139219.83,,80.0,0
2025-11-09 23:30:00,91.41666666666669,91.41666666666669,97.75,97.75,140743.71000000002,,80.0,0
2025-11-09 23:33:00,91.41666666666669,91.41666666666669,97.7,97.7,140626.48,,80.0,0
2025-11-09 23:36:00,91.41666666666669,91.41666666666669,97.7,97.7,140626.48,,80.0,0
2025-11-09 23:39:00,91.41666666666669,91.41666666666669,97.45,97.45,140333.43,,80.0,0
2025-11-09 23:42:00,91.41666666666669,91.41666666666669,97.7,97.7,140626.48,,80.0,0
2025-11-09 23:45:00,91.41666666666669,91.41666666666669,97.5,97.5,140392.03,,80.0,0
2025-11-09 23:48:00,91.41666666666669,91.41666666666669,97.7,97.7,140626.48,,80.0,0
2025-11-09 23:51:00,91.41666666666669,91.41666666666669,97.65,97.65,140567.875,,80.0,0
2025-11-09 23:54:00,91.41666666666669,91.41666666666669,97.55,97.55,140450.65,,80.0,0
2025-11-09 23:57:00,91.41666666666669,91.41666666666669,97.7,97.7,140626.48,,80.0,0
2025-11-10 00:00:00,91.41666666666669,91.41666666666669,97.7,97.7,140626.48,,80.0,0
2025-11-10 00:03:00,91.41666666666669,91.41666666666669,97.65,97.65,140567.875,,80.0,0
2025-11-10 00:06:00,91.41666666666669,91.41666666666669,97.7,97.7,140685.09000000003,,80.0,0
2025-11-10 00:09:00,91.41666666666669,91.41666666666669,97.55,97.55,140450.65,,80.0,0
2025-11-10 00:12:00,91.41666666666669,91.41666666666669,97.65,97.65,140626.485,,80.0,0
2025-11-10 00:15:00,91.41666666666669,91.41666666666669,97.6,96.55000000000001,138985.40000000002,,80.0,0
2025-11-10 00:18:00,91.41666666666669,91.41666666666669,97.6,97.6,140509.27,,80.0,0
2025-11-10 00:21:00,91.41666666666669,91.41666666666669,97.6,97.6,140509.27,,80.0,0
2025-11-10 00:24:00,91.41666666666669,91.41666666666669,97.6,97.6,140509.27,,80.0,0
2025-11-10 00:27:00,91.41666666666669,91.41666666666669,97.5,97.5,140392.03,,80.0,0
2025-11-10 00:30:00,91.41666666666669,91.41666666666669,97.45,97.45,140333.43,,80.0,0
2025-11-10 00:33:00,91.41666666666669,91.41666666666669,97.5,97.5,140392.03,,80.0,0
2025-11-10 00:36:00,91.41666666666669,91.41666666666669,97.6,97.6,140567.865,,80.0,0
2025-11-10 00:39:00,91.41666666666669,91.41666666666669,97.6,97.6,140509.255,,80.0,0
2025-11-10 00:42:00,91.41666666666669,91.41666666666669,97.7,97.7,140626.48,,80.0,0
2025-11-10 00:45:00,91.41666666666669,91.41666666666669,97.1,97.1,139805.94,,80.0,0
2025-11-10 00:48:00,91.41666666666669,91.41666666666669,97.6,96.9,139571.48,,80.0,0
2025-11-10 00:51:00,91.41666666666669,91.41666666666669,97.75,97.75,140743.70500000002,,80.0,0
2025-11-10 00:54:00,91.41666666666669,91.41666666666669,97.65,97.65,140567.875,,80.0,0
2025-11-10 00:57:00,91.41666666666669,91.41666666666669,97.7,97.7,140626.48,,80.0,0
2025-11-10 01:00:00,91.41666666666669,91.41666666666669,97.19999999999999,97.19999999999999,139981.765,,80.0,0
2025-11-10 01:03:00,91.41666666666669,91.41666666666669,97.75,97.75,140743.71000000002,,80.0,0
2025-11-10 01:06:00,91.41666666666669,91.41666666666669,97.5,97.5,140392.03,,80.0,0
2025-11-10 01:09:00,91.41666666666669,91.41666666666669,97.55,97.55,140450.65,,80.0,0
2025-11-10 01:12:00,91.41666666666669,91.41666666666669,96.95,96.95,139630.1,,80.0,0
2025-11-10 01:15:00,91.41666666666669,91.41666666666669,97.6,97.6,140509.27,,80.0,0
2025-11-10 01:18:00,91.41666666666669,91.41666666666669,97.7,97.7,140685.09000000003,,80.0,0
2025-11-10 01:21:00,91.41666666666669,91.41666666666669,97.5,97.5,140392.03,,80.0,0
2025-11-10 01:24:00,91.41666666666669,91.41666666666669,97.5,97.2,139923.16,,80.0,0
2025-11-10 01:27:00,91.41666666666669,91.41666666666669,97.55,97.55,140450.65,,80.0,0
2025-11-10 01:30:00,91.41666666666669,91.41666666666669,97.55,97.55,140450.65,,80.0,0
2025-11-10 01:33:00,91.41666666666669,91.41666666666669,97.15,97.15,139923.15,,80.0,0
2025-11-10 01:36:00,91.41666666666669,91.41666666666669,97.5,97.5,140392.03,,80.0,0
2025-11-10 01:39:00,91.41666666666669,91.41666666666669,97.5,96.9,139571.495,,80.0,0
2025-11-10 01:42:00,91.41666666666669,91.41666666666669,97.6,97.6,140509.27,,80.0,0
2025-11-10 01:45:00,91.41666666666669,91.41666666666669,97.5,97.5,140392.03,,80.0,0
2025-11-10 01:48:00,91.41666666666669,91.41666666666669,97.65,97.65,140567.875,,80.0,0
2025-11-10 01:51:00,91.41666666666669,91.41666666666669,97.6,97.6,140509.255,,80.0,0
2025-11-10 01:54:00,91.41666666666669,91.41666666666669,97.4,97.4,140216.215,,80.0,0
2025-11-10 01:57:00,91.41666666666669,91.41666666666669,97.35,97.35,140157.595,,80.0,0
2025-11-10 02:00:00,91.41666666666669,91.41666666666669,97.6,97.6,140509.27,,80.0,0
2025-11-10 02:03:00,91.41666666666669,91.41666666666669,97.5,97.5,140392.03,,80.0,0
2025-11-10 02:06:00,91.41666666666669,91.41666666666669,97.5,97.5,140392.03,,80.0,0
2025-11-10 02:09:00,91.41666666666669,91.41666666666669,97.65,97.65,140567.875,,80.0,0
2025-11-10 02:12:00,91.41666666666669,91.41666666666669,97.5,97.5,140392.03,,80.0,0
2025-11-10 02:15:00,91.41666666666669,91.41666666666669,97.4,97.4,140274.83,,80.0,0
2025-11-10 02:18:00,91.41666666666669,91.41666666666669,97.55,97.55,140450.65,,80.0,0
2025-11-10 02:21:00,91.41666666666669,91.41666666666669,97.7,97.7,140626.48,,80.0,0
2025-11-10 02:24:00,91.41666666666669,91.41666666666669,97.6,97.6,140567.865,,80.0,0
2025-11-10 02:27:00,91.41666666666669,91.41666666666669,97.5,97.5,140392.03,,80.0,0
2025-11-10 02:30:00,91.41666666666669,91.41666666666669,97.5,97.5,140392.03,,80.0,0
2025-11-10 02:33:00,91.41666666666669,91.41666666666669,97.65,97.65,140626.485,,80.0,0
2025-11-10 02:36:00,91.41666666666669,91.41666666666669,97.3,97.3,140098.995,,80.0,0
2025-11-10 02:39:00,91.41666666666669,91.41666666666669,97.5,97.5,140392.03,,80.0,0
2025-11-10 02:42:00,91.41666666666669,91.41666666666669,97.3,96.3,138692.33500000002,,80.0,0
2025-11-10 02:45:00,91.41666666666669,91.41666666666669,97.2,95.1,136992.64500000002,,80.0,0
2025-11-10 02:48:00,91.41666666666669,91.41666666666669,97.2,97.2,139923.16,,80.0,0
2025-11-10 02:51:00,91.41666666666669,91.41666666666669,96.8,96.8,139454.27,,80.0,0
2025-11-10 02:54:00,91.41666666666669,91.41666666666669,97.2,97.2,139981.775,,80.0,0
2025-11-10 02:57:00,91.41666666666669,91.41666666666669,97.5,97.5,140392.03,,80.0,0
2025-11-10 03:00:00,91.41666666666669,91.41666666666669,97.0,97.0,139688.72,,80.0,0
2025-11-10 03:03:00,91.41666666666669,91.41666666666669,97.45,97.45,140333.43,,80.0,0
2025-11-10 03:06:00,91.41666666666669,91.41666666666669,96.8,96.8,139454.27,,80.0,0
2025-11-10 03:09:00,91.41666666666669,91.41666666666669,97.55,97.55,140450.65,,80.0,0
2025-11-10 03:12:00,91.41666666666669,91.41666666666669,97.0,97.0,139688.72,,80.0,0
2025-11-10 03:15:00,91.41666666666669,91.41666666666669,97.6,97.6,140509.27,,80.0,0
2025-11-10 03:18:00,91.41666666666669,91.41666666666669,97.7,97.7,140685.08500000002,,80.0,0
2025-11-10 03:21:00,91.41666666666669,91.41666666666669,97.4,97.4,140274.83,,80.0,0
2025-11-10 03:24:00,91.41666666666669,91.41666666666669,97.3,97.3,140157.59,,80.0,0
2025-11-10 03:27:00,91.41666666666669,91.41666666666669,97.45,97.45,140333.43,,80.0,0
2025-11-10 03:30:00,91.41666666666669,91.41666666666669,97.1,97.1,139805.94,,80.0,0
2025-11-10 03:33:00,91.41666666666669,91.41666666666669,97.3,97.3,140098.985,,80.0,0
2025-11-10 03:36:00,91.41666666666669,91.41666666666669,97.6,97.6,140509.27,,80.0,0
2025-11-10 03:39:00,91.41666666666669,91.41666666666669,97.6,97.6,140509.255,,80.0,0
2025-11-10 03:42:00,91.41666666666669,91.41666666666669,97.6,97.6,140509.255,,80.0,0
2025-11-10 03:45:00,91.41666666666669,91.41666666666669,97.3,97.3,140098.985,,80.0,0
2025-11-10 03:48:00,91.41666666666669,91.41666666666669,97.65,97.65,140567.875,,80.0,0
2025-11-10 03:51:00,91.41666666666669,91.41666666666669,97.5,97.5,140392.03,,80.0,0
2025-11-10 03:54:00,91.41666666666669,91.41666666666669,97.55,97.55,140450.65,,80.0,0
2025-11-10 03:57:00,91.41666666666669,91.41666666666669,97.5,96.8,139454.27,,80.0,0
2025-11-10 04:00:00,91.41666666666669,91.41666666666669,97.5,97.5,140392.03,,80.0,0
2025-11-10 04:03:00,91.41666666666669,91.41666666666669,97.6,97.6,140509.27,,80.0,0
2025-11-10 04:06:00,91.41666666666669,91.41666666666669,97.6,97.6,140509.255,,80.0,0
2025-11-10 04:09:00,91.41666666666669,91.41666666666669,97.1,97.1,139864.55,,80.0,0
2025-11-10 04:12:00,91.41666666666669,91.41666666666669,97.3,97.3,140098.995,,80.0,0
2025-11-10 04:15:00,91.41666666666669,91.41666666666669,97.5,97.5,140392.03,,80.0,0
2025-11-10 04:18:00,91.41666666666669,91.41666666666669,97.45,97.45,140333.43,,80.0,0
2025-11-10 04:21:00,91.41666666666669,91.41666666666669,97.5,97.5,140392.03,,80.0,0
2025-11-10 04:24:00,91.41666666666669,91.41666666666669,97.1,97.1,139805.94,,80.0,0
2025-11-10 04:27:00,91.41666666666669,91.41666666666669,97.45,97.45,140333.43,,80.0,0
2025-11-10 04:30:00,91.41666666666669,91.41666666666669,97.2,97.2,139923.16,,80.0,0
2025-11-10 04:33:00,91.41666666666669,91.41666666666669,97.4,97.4,140274.83,,80.0,0
2025-11-10 04:36:00,91.41666666666669,91.41666666666669,97.4,97.4,140274.83,,80.0,0
2025-11-10 04:39:00,91.41666666666669,91.41666666666669,97.7,97.7,140626.48,,80.0,0
2025-11-10 04:42:00,91.41666666666669,91.41666666666669,97.4,96.95,139630.1,,80.0,0
2025-11-10 04:45:00,91.41666666666669,91.41666666666669,97.19999999999999,97.19999999999999,139981.77,,80.0,0
2025-11-10 04:48:00,91.41666666666669,91.41666666666669,97.45,97.45,140333.43,,80.0,0
2025-11-10 04:51:00,91.41666666666669,91.41666666666669,97.4,97.4,140274.83,,80.0,0
2025-11-10 04:54:00,91.41666666666669,91.41666666666669,97.5,97.5,140392.03,,80.0,0
2025-11-10 04:57:00,91.41666666666669,91.41666666666669,97.15,97.15,139864.55,,80.0,0
2025-11-10 05:00:00,91.41666666666669,91.41666666666669,97.0,97.0,139688.715,,80.0,0
2025-11-10 05:03:00,91.41666666666669,91.41666666666669,97.30000000000001,97.30000000000001,140098.995,,80.0,0
2025-11-10 05:06:00,91.41666666666669,91.41666666666669,97.15,97.15,139864.55,,80.0,0
2025-11-10 05:09:00,91.41666666666669,91.41666666666669,97.5,97.5,140392.03,,80.0,0
2025-11-10 05:12:00,91.41666666666669,91.41666666666669,96.80000000000001,96.80000000000001,139395.655,,80.0,0
2025-11-10 05:15:00,91.41666666666669,91.41666666666669,96.7,96.7,139278.435,,80.0,0
2025-11-10 05:18:00,91.41666666666669,91.41666666666669,96.9,96.9,139571.48,,80.0,0
2025-11-10 05:21:00,91.41666666666669,91.41666666666669,96.95,96.95,139630.1,,80.0,0
2025-11-10 05:24:00,91.41666666666669,91.41666666666669,96.6,96.6,139102.61,,80.0,0
2025-11-10 05:27:00,91.41666666666669,91.41666666666669,96.8,96.8,139454.27,,80.0,0
2025-11-10 05:30:00,91.41666666666669,91.41666666666669,96.75,96.75,139337.05,,80.0,0
2025-11-10 05:33:00,91.41666666666669,91.41666666666669,96.9,96.9,139512.885,,80.0,0
2025-11-10 05:36:00,91.41666666666669,91.41666666666669,96.6,96.6,139102.61,,80.0,0
2025-11-10 05:39:00,91.41666666666669,91.41666666666669,96.69999999999999,96.69999999999999,139278.44,,80.0,0
2025-11-10 05:42:00,91.41666666666669,91.41666666666669,96.55,96.55,139044.0,,80.0,0
2025-11-10 05:45:00,91.41666666666669,91.41666666666669,96.15,96.15,138516.51,,80.0,0
2025-11-10 05:48:00,91.41666666666669,91.41666666666669,96.15,96.15,138516.51,,80.0,0
2025-11-10 05:51:00,91.41666666666669,91.41666666666669,96.15,96.4,138868.16,,80.0,0
2025-11-10 05:54:00,91.41666666666669,91.41666666666669,96.15,96.4,138750.97,,80.0,0
2025-11-10 05:57:00,91.41666666666669,91.41666666666669,95.75,95.75,137871.805,,80.0,0
2025-11-10 06:00:00,91.41666666666669,91.41666666666669,95.80000000000001,95.80000000000001,137930.415,,80.0,0
2025-11-10 06:03:00,91.41666666666669,91.41666666666669,95.80000000000001,95.80000000000001,137930.415,,80.0,0
2025-11-10 06:06:00,91.41666666666669,91.41666666666669,95.80000000000001,95.80000000000001,137930.415,,80.0,0
2025-11-10 06:09:00,91.41666666666669,91.41666666666669,95.55,95.55,137637.365,,80.0,0
2025-11-10 06:12:00,91.41666666666669,91.41666666666669,95.6,95.6,137695.97,,80.0,0
2025-11-10 06:15:00,91.41666666666669,91.41666666666669,95.5,95.5,137578.75,,80.0,0
2025-11-10 06:18:00,91.41666666666669,91.41666666666669,95.25,95.25,137227.08500000002,,80.0,0
2025-11-10 06:21:00,91.41666666666669,91.41666666666669,95.30000000000001,95.30000000000001,137227.09,,80.0,0
2025-11-10 06:24:00,91.41666666666669,91.41666666666669,95.4,95.4,137344.31,,80.0,0
2025-11-10 06:27:00,91.41666666666669,91.41666666666669,95.45,95.45,137461.53,,80.0,0
2025-11-10 06:30:00,91.41666666666669,91.41666666666669,95.3,95.3,137227.09,,80.0,0
2025-11-10 06:33:00,91.41666666666669,91.41666666666669,95.35,95.35,137285.7,,80.0,0
2025-11-10 06:36:00,91.41666666666669,91.41666666666669,95.2,94.95,136758.2,,80.0,0
2025-11-10 06:39:00,91.41666666666669,91.41666666666669,95.2,95.2,137109.87,,80.0,0
2025-11-10 06:42:00,91.41666666666669,91.41666666666669,95.0,95.0,136875.42,,80.0,0
2025-11-10 06:45:00,91.41666666666669,91.41666666666669,95.0,95.0,136758.2,,80.0,0
2025-11-10 06:48:00,91.41666666666669,91.41666666666669,95.0,95.0,136816.81,,80.0,0
2025-11-10 06:51:00,91.41666666666669,91.41666666666669,95.0,95.0,136758.2,,80.0,0
2025-11-10 06:54:00,91.41666666666669,91.41666666666669,94.6,94.6,136172.13,,80.0,0
2025-11-10 06:57:00,91.41666666666669,91.41666666666669,94.65,94.65,136347.945,,80.0,0
2025-11-10 07:00:00,91.41666666666669,91.41666666666669,94.6,94.6,136172.13,,80.0,0
2025-11-10 07:03:00,91.41666666666669,91.41666666666669,94.6,94.6,136172.13,,80.0,0
2025-11-10 07:06:00,91.41666666666669,91.41666666666669,94.4,94.4,135937.69,,80.0,0
2025-11-10 07:09:00,91.41666666666669,91.41666666666669,94.30000000000001,94.30000000000001,135820.47,,80.0,0
2025-11-10 07:12:00,91.41666666666669,91.41666666666669,94.5,94.5,136054.91,,80.0,0
2025-11-10 07:15:00,91.41666666666669,91.41666666666669,94.4,94.4,135937.69,,80.0,0
2025-11-10 07:18:00,91.41666666666669,91.41666666666669,94.2,94.2,135703.25,,80.0,0
2025-11-10 07:21:00,91.41666666666669,91.41666666666669,94.05000000000001,94.05000000000001,135468.805,,80.0,0
2025-11-10 07:24:00,91.41666666666669,91.41666666666669,94.30000000000001,94.30000000000001,135820.47,,80.0,0
2025-11-10 07:27:00,91.41666666666669,91.41666666666669,94.0,94.0,135351.58,,80.0,0
2025-11-10 07:30:00,91.41666666666669,91.41666666666669,94.2,94.2,135644.635,,80.0,0
2025-11-10 07:33:00,91.41666666666669,91.41666666666669,94.1,94.1,135468.8,,80.0,0
2025-11-10 07:36:00,91.41666666666669,91.41666666666669,94.0,94.0,135351.58,,80.0,0
2025-11-10 07:39:00,91.41666666666669,91.41666666666669,94.0,94.0,135351.58,,80.0,0
2025-11-10 07:42:00,91.41666666666669,91.41666666666669,93.85,93.85,135175.75,,80.0,0
2025-11-10 07:45:00,91.41666666666669,91.41666666666669,93.7,93.7,134999.91,,80.0,0
2025-11-10 07:48:00,91.41666666666669,91.41666666666669,93.65,93.65,134824.08500000002,,80.0,0
2025-11-10 07:51:00,91.41666666666669,91.41666666666669,93.65,93.6,134765.47,,80.0,0
2025-11-10 07:54:00,91.41666666666669,91.41666666666669,93.65,93.65,134824.08500000002,,80.0,0
2025-11-10 07:57:00,91.41666666666669,91.41666666666669,93.3,93.3,134296.59,,80.0,0
2025-11-10 08:00:00,91.41666666666669,91.41666666666669,93.15,93.15,134120.76,,80.0,0
2025-11-10 08:03:00,91.41666666666669,91.41666666666669,93.3,93.3,134355.20500000002,,80.0,0
2025-11-10 08:06:00,91.41666666666669,91.41666666666669,93.35,93.35,134413.805,,80.0,0
2025-11-10 08:09:00,91.41666666666669,91.41666666666669,93.44999999999999,93.44999999999999,134531.03,,80.0,0
2025-11-10 08:12:00,91.41666666666669,91.41666666666669,93.2,93.2,134179.36,,80.0,0
2025-11-10 08:15:00,91.41666666666669,91.41666666666669,93.1,93.1,134062.16,,80.0,0
2025-11-10 08:18:00,91.41666666666669,91.41666666666669,93.0,93.0,133944.94,,80.0,0
2025-11-10 08:21:00,91.41666666666669,91.41666666666669,93.19999999999999,93.19999999999999,134179.375,,80.0,0
2025-11-10 08:24:00,91.41666666666669,91.41666666666669,93.2,93.2,134179.36,,80.0,0
2025-11-10 08:27:00,91.41666666666669,91.41666666666669,92.9,92.9,133769.11,,80.0,0
2025-11-10 08:30:00,91.41666666666669,91.41666666666669,93.0,93.0,133944.94,,80.0,0
2025-11-10 08:33:00,91.41666666666669,91.41666666666669,93.1,93.1,134062.16,,80.0,0
2025-11-10 08:36:00,91.41666666666669,91.41666666666669,93.1,93.1,134062.16,,80.0,0
2025-11-10 08:39:00,91.41666666666669,91.41666666666669,92.85,92.85,133710.495,,80.0,0
2025-11-10 08:42:00,91.41666666666669,91.41666666666669,92.8,92.8,133593.27,,80.0,0
2025-11-10 08:45:00,91.41666666666669,91.41666666666669,92.85,92.85,133651.885,,80.0,0
2025-11-10 08:48:00,91.41666666666669,91.41666666666669,92.8,92.8,133593.27,,80.0,0
2025-11-10 08:51:00,91.41666666666669,91.41666666666669,92.85,92.85,133710.495,,80.0,0
2025-11-10 08:54:00,91.41666666666669,91.41666666666669,92.7,92.7,133534.66999999998,,80.0,0
2025-11-10 08:57:00,91.41666666666669,91.41666666666669,92.69999999999999,92.69999999999999,133476.055,,80.0,0
2025-11-10 09:00:00,91.41666666666669,91.41666666666669,92.85,92.85,133710.495,,80.0,0
2025-11-10 09:03:00,91.41666666666669,91.41666666666669,93.0,93.0,133944.94,,80.0,0
2025-11-10 09:06:00,91.41666666666669,91.41666666666669,92.75,92.75,133534.66499999998,,80.0,0
2025-11-10 09:09:00,91.41666666666669,91.41666666666669,92.85,92.85,133710.495,,80.0,0
2025-11-10 09:12:00,91.41666666666669,91.41666666666669,92.8,92.8,133593.27,,80.0,0
2025-11-10 09:15:00,91.41666666666669,91.41666666666669,92.75,92.75,133534.66499999998,,80.0,0
2025-11-10 09:18:00,91.41666666666669,91.41666666666669,92.69999999999999,92.69999999999999,133476.055,,80.0,0
2025-11-10 09:21:00,91.41666666666669,91.41666666666669,92.75,92.75,133534.66499999998,,80.0,0
2025-11-10 09:24:00,91.77777777777779,91.77777777777779,92.69999999999999,92.69999999999999,133476.055,,80.0,0
2025-11-10 09:27:00,92.7,92.7,92.7,92.7,133476.06,,80.0,0
2025-11-10 09:30:00,92.5,92.5,92.5,92.5,133241.625,,80.0,0
2025-11-10 09:33:00,92.7,92.7,92.7,92.7,133476.06,,80.0,0
2025-11-10 09:36:00,92.9,92.9,92.9,92.9,133827.72,,80.0,0
2025-11-10 09:39:00,92.85,92.85,92.85,92.85,133651.885,,80.0,0
2025-11-10 09:42:00,92.9,92.9,92.9,92.9,133827.72,,80.0,0
2025-11-10 09:45:00,92.65,92.65,92.65,92.65,133417.45,,80.0,0
2025-11-10 09:48:00,92.65,92.65,92.65,92.65,133417.45,,80.0,0
2025-11-10 09:51:00,92.8,92.8,92.8,92.8,133593.27,,80.0,0
2025-11-10 09:54:00,92.8,92.8,92.8,92.8,133593.27,,80.0,0
2025-11-10 09:57:00,92.75,92.75,92.75,92.05,132538.3,,80.0,0
2025-11-10 10:00:00,92.75,92.75,92.75,92.75,133534.66499999998,,80.0,0
2025-11-10 10:03:00,92.8,92.8,92.8,92.8,133593.27,,80.0,0
2025-11-10 10:06:00,92.75,92.75,92.75,92.75,133534.66499999998,,80.0,0
2025-11-10 10:09:00,92.6,92.6,92.6,92.6,133358.84,,80.0,0
2025-11-10 10:12:00,92.85,92.85,92.85,92.85,133651.885,,80.0,0
2025-11-10 10:15:00,92.65,92.65,92.65,92.65,133417.45,,80.0,0
2025-11-10 10:18:00,92.6,92.6,92.6,92.6,133358.84,,80.0,0
2025-11-10 10:21:00,92.85,92.85,92.85,92.85,133651.885,,80.0,0
2025-11-10 10:24:00,92.75,92.75,92.75,92.75,133534.66499999998,,80.0,0
2025-11-10 10:27:00,92.6,92.6,92.6,92.6,133358.84,,80.0,0
2025-11-10 10:30:00,92.6,92.6,92.6,92.6,133358.84,,80.0,0
2025-11-10 10:33:00,92.55000000000001,92.55000000000001,92.55000000000001,92.55000000000001,133300.235,,80.0,0
2025-11-10 10:36:00,92.4,92.4,92.4,92.4,133124.41,,80.0,0
2025-11-10 10:39:00,92.6,92.6,92.6,92.8,133593.27,,80.0,0
2025-11-10 10:42:00,92.6,92.6,92.6,92.6,133358.84,,80.0,0
2025-11-10 10:45:00,92.6,92.6,92.6,92.6,133358.83500000002,,80.0,0
2025-11-10 10:48:00,92.6,92.6,92.6,92.6,133358.84,,80.0,0
2025-11-10 10:51:00,92.75,92.75,92.75,92.75,133534.66499999998,,80.0,0
2025-11-10 10:54:00,92.69999999999999,92.69999999999999,92.69999999999999,92.69999999999999,133476.055,,80.0,0
2025-11-10 10:57:00,92.69999999999999,92.69999999999999,92.69999999999999,92.6,133358.84,,80.0,0
2025-11-10 11:00:00,92.75,92.75,92.75,92.5,133241.625,,80.0,1
2025-11-10 11:03:00,92.75,92.75,92.75,92.75,133534.66499999998,,80.0,1
2025-11-10 11:06:00,92.9,92.9,92.9,92.9,133769.11,,80.0,1
2025-11-10 11:09:00,92.85,92.85,92.85,92.85,133710.495,,80.0,1
2025-11-10 11:12:00,92.9,92.9,92.9,92.9,133710.5,,80.0,1
2025-11-10 11:15:00,92.9,92.9,92.9,92.9,133769.11,,80.0,1
2025-11-10 11:18:00,93.1,93.1,93.1,93.1,134062.155,,80.0,1
2025-11-10 11:21:00,92.9,92.9,92.9,92.9,133827.72,,80.0,1
2025-11-10 11:24:00,92.95,92.95,92.95,92.95,133886.33000000002,,80.0,1
2025-11-10 11:27:00,93.0,93.0,93.0,93.0,133944.94,,80.0,1
2025-11-10 11:30:00,93.25,93.25,93.25,93.25,134237.97499999998,,80.0,1
2025-11-10 11:33:00,93.65,93.65,93.65,93.65,134824.08500000002,,80.0,1
2025-11-10 11:36:00,93.6,93.6,93.6,93.6,134765.47,,80.0,1
2025-11-10 11:39:00,93.6,93.6,93.6,93.6,134765.47,,80.0,1
2025-11-10 11:42:00,93.7,93.7,93.7,93.7,134999.91,,80.0,1
2025-11-10 11:45:00,93.7,93.7,93.7,93.65,134882.69,,80.0,1
2025-11-10 11:48:00,93.7,93.7,93.7,93.7,134999.91,,80.0,1
2025-11-10 11:51:00,93.7,93.7,93.7,94.0,135351.58,,80.0,1
2025-11-10 11:54:00,93.8,93.8,93.8,93.8,135117.14,,80.0,1
2025-11-10 11:57:00,93.9,93.9,93.9,93.9,135234.36,,80.0,1
2025-11-10 12:00:00,94.0,94.0,94.0,94.0,135351.58,,80.0,1
2025-11-10 12:03:00,94.0,94.0,94.0,93.4,134472.41499999998,,80.0,1
2025-11-10 12:06:00,94.25,94.25,94.25,94.25,135703.245,,80.0,1
2025-11-10 12:09:00,94.2,94.2,94.2,94.2,135644.635,,80.0,1
2025-11-10 12:12:00,94.25,94.25,94.25,94.25,135761.86,,80.0,1
2025-11-10 12:15:00,94.3,94.3,94.3,94.3,135820.47,,80.0,1
2025-11-10 12:18:00,94.1,94.1,94.1,94.1,135527.41499999998,,80.0,1
2025-11-10 12:21:00,94.2,94.2,94.2,94.2,135703.25,,80.0,1
2025-11-10 12:24:00,94.44999999999999,94.44999999999999,94.44999999999999,94.44999999999999,136054.9,,80.0,1
2025-11-10 12:27:00,94.25,94.25,94.25,94.25,135761.86,,80.0,1
2025-11-10 12:30:00,94.6,94.6,94.6,94.6,136172.13,,80.0,1
2025-11-10 12:33:00,94.55,94.55,94.55,94.55,136113.52000000002,,80.0,1
2025-11-10 12:36:00,94.95,94.95,94.95,94.95,136699.59000000003,,80.0,1
2025-11-10 12:39:00,94.75,94.75,94.75,94.75,136406.555,,80.0,1
2025-11-10 12:42:00,94.75,94.75,94.75,94.75,136406.555,,80.0,1
2025-11-10 12:45:00,94.9,94.9,94.9,94.9,136640.98,,80.0,1
2025-11-10 12:48:00,94.95,94.95,94.95,94.95,136699.59000000003,,80.0,1
2025-11-10 12:51:00,95.0,95.0,95.0,95.0,136816.81,,80.0,1
2025-11-10 12:54:00,94.95,94.95,94.95,94.95,136758.2,,80.0,1
2025-11-10 12:57:00,95.2,95.2,95.2,95.2,137109.87,,80.0,1
2025-11-10 13:00:00,95.2,95.2,95.2,95.2,137109.87,,80.0,1
2025-11-10 13:03:00,95.2,95.2,95.2,95.2,137109.87,,80.0,1
2025-11-10 13:06:00,95.3,95.3,95.3,95.3,137227.09,,80.0,1
2025-11-10 13:09:00,95.4,95.4,95.4,95.4,137344.31,,80.0,1
2025-11-10 13:12:00,95.4,95.4,95.4,95.55,137637.365,,80.0,1
2025-11-10 13:15:00,95.45,95.45,95.45,95.15,137051.26,,80.0,1
2025-11-10 13:18:00,95.5,95.5,95.5,95.5,137520.14,,80.0,1
2025-11-10 13:21:00,95.5,95.5,95.5,95.5,137578.75,,80.0,1
2025-11-10 13:24:00,95.45,95.45,95.45,95.45,137402.91999999998,,80.0,1
2025-11-10 13:27:00,95.6,95.6,95.6,95.6,137695.98,,80.0,1
2025-11-10 13:30:00,95.6,95.6,95.6,95.6,137695.98,,80.0,1
2025-11-10 13:33:00,95.7,95.7,95.7,95.7,137813.19,,80.0,1
2025-11-10 13:36:00,95.75,95.75,95.75,95.75,137871.805,,80.0,1
2025-11-10 13:39:00,95.80000000000001,95.80000000000001,95.80000000000001,95.80000000000001,137930.415,,80.0,1
2025-11-10 13:42:00,95.9,95.9,95.9,95.9,138047.64,,80.0,1
2025-11-10 13:45:00,95.75,95.75,95.75,95.1,136934.05,,80.0,1
2025-11-10 13:48:00,95.9,95.9,95.9,95.9,138047.64,,80.0,1
2025-11-10 13:51:00,95.7,95.7,95.7,95.7,137813.19,,80.0,1
2025-11-10 13:54:00,95.9,95.9,95.9,94.85,136582.385,,80.0,1
2025-11-10 13:57:00,96.05000000000001,96.05000000000001,96.05000000000001,96.05000000000001,138282.08000000002,,80.0,1
2025-11-10 14:00:00,96.5,96.5,96.5,96.5,138985.39,,80.0,0
2025-11-10 14:03:00,96.9,96.9,96.9,96.9,139512.885,,80.0,0
2025-11-10 14:06:00,96.6,96.6,96.6,96.6,139102.61,,80.0,0
2025-11-10 14:09:00,96.5,96.5,96.5,96.5,138985.39,,80.0,0
2025-11-10 14:12:00,96.5,96.5,96.5,96.5,138985.39,,80.0,0
2025-11-10 14:15:00,96.1,96.1,96.1,96.1,138399.29,,80.0,0
2025-11-10 14:18:00,96.15,96.15,96.15,96.15,138399.305,,80.0,0
2025-11-10 14:21:00,96.5,96.5,96.5,96.5,138985.385,,80.0,0
2025-11-10 14:24:00,96.4,96.4,96.4,96.4,138809.565,,80.0,0
2025-11-10 14:27:00,96.4,96.4,96.4,95.9,138106.25,,80.0,0
2025-11-10 14:30:00,96.05,96.05,96.05,96.05,138340.685,,80.0,0
2025-11-10 14:33:00,96.4,96.4,96.4,96.4,138750.97,,80.0,0
2025-11-10 14:36:00,96.5,96.5,96.5,96.5,138985.39,,80.0,0
2025-11-10 14:39:00,96.5,96.5,96.5,96.5,138985.39,,80.0,0
2025-11-10 14:42:00,96.45,96.45,96.45,95.9,138164.86,,80.0,0
2025-11-10 14:45:00,96.45,96.45,96.45,96.45,138926.77500000002,,80.0,0
2025-11-10 14:48:00,96.6,96.6,96.6,96.6,139102.61,,80.0,0
2025-11-10 14:51:00,96.15,96.15,96.15,96.15,138399.305,,80.0,0
2025-11-10 14:54:00,96.55,96.55,96.55,96.55,139044.0,,80.0,0
2025-11-10 14:57:00,96.55,96.55,96.55,96.55,139044.0,,80.0,0
2025-11-10 15:00:00,96.15,96.15,96.15,96.15,138457.90000000002,,80.0,0
2025-11-10 15:03:00,96.2,96.2,96.2,96.2,138575.125,,80.0,0
2025-11-10 15:06:00,96.15,96.15,96.15,96.15,138457.90000000002,,80.0,0
2025-11-10 15:09:00,96.55,96.55,96.55,96.55,139044.0,,80.0,0
2025-11-10 15:12:00,96.45,96.45,96.45,96.45,138926.77500000002,,80.0,0
2025-11-10 15:15:00,96.5,96.5,96.5,96.5,138985.39,,80.0,0
2025-11-10 15:18:00,96.45,96.45,96.45,96.45,138868.18,,80.0,0
2025-11-10 15:21:00,96.4,96.4,96.4,96.4,138809.565,,80.0,0
2025-11-10 15:24:00,96.5,96.5,96.5,96.5,138985.39,,80.0,0
2025-11-10 15:27:00,96.4,96.4,96.4,96.4,138868.16,,80.0,0
2025-11-10 15:30:00,96.5,96.5,96.5,96.5,138985.39,,80.0,0
2025-11-10 15:33:00,96.5,96.5,96.5,96.5,138985.39,,80.0,0
2025-11-10 15:36:00,96.7,96.7,96.7,96.7,139219.83,,80.0,0
2025-11-10 15:39:00,96.6,96.6,96.6,96.6,139102.61,,80.0,0
2025-11-10 15:42:00,96.2,96.2,96.2,96.2,138575.125,,80.0,0
2025-11-10 15:45:00,96.55,96.55,96.55,96.55,139044.0,,80.0,0
2025-11-10 15:48:00,96.45,96.45,96.45,96.45,138926.77500000002,,80.0,0
2025-11-10 15:51:00,96.5,96.5,96.5,96.5,138926.78999999998,,80.0,0
2025-11-10 15:54:00,96.05000000000001,96.05000000000001,96.05000000000001,96.05000000000001,138282.08000000002,,80.0,0
2025-11-10 15:57:00,96.2,96.2,96.2,96.55000000000001,139043.995,,80.0,0
2025-11-10 16:00:00,96.2,96.2,96.2,96.5,138985.39,,80.0,0
2025-11-10 16:03:00,96.15,96.15,96.15,96.15,138516.51,,80.0,0
2025-11-10 16:06:00,96.15,96.15,96.15,96.15,138457.91499999998,,80.0,0
2025-11-10 16:09:00,96.15,96.15,96.15,94.2,135703.25,,80.0,0
2025-11-10 16:12:00,96.2,96.2,96.2,96.2,138516.515,,80.0,0
2025-11-10 16:15:00,95.9,95.9,95.9,95.9,138047.64,,80.0,0
2025-11-10 16:18:00,95.9,95.9,95.9,95.9,138047.64,,80.0,0
2025-11-10 16:21:00,96.55,96.55,96.55,96.55,139044.0,,80.0,0
2025-11-10 16:24:00,96.5,96.5,96.5,96.5,138985.39,,80.0,0
2025-11-10 16:27:00,96.45,96.45,96.45,96.45,138926.77500000002,,80.0,0
2025-11-10 16:30:00,96.5,96.5,96.5,96.5,138926.78999999998,,80.0,0
2025-11-10 16:33:00,96.4,96.4,96.4,96.4,138750.97,,80.0,0
2025-11-10 16:36:00,96.45,96.45,96.45,95.5,137461.53,,80.0,0
2025-11-10 16:39:00,96.5,96.5,96.5,96.5,138926.78999999998,,80.0,0
2025-11-10 16:42:00,96.4,96.4,96.4,96.4,138809.565,,80.0,0
2025-11-10 16:45:00,96.4,96.4,96.4,95.80000000000001,137930.415,,80.0,0
2025-11-10 16:48:00,96.45,96.45,96.45,96.45,138868.18,,80.0,0
2025-11-10 16:51:00,96.5,96.5,96.5,96.5,138985.39,,80.0,0
2025-11-10 16:54:00,96.5,96.5,96.5,96.5,138985.39,,80.0,0
2025-11-10 16:57:00,96.2,96.2,96.2,96.2,138575.125,,80.0,0
2025-11-10 17:00:00,96.4,96.4,96.4,96.4,138809.565,,80.0,0
2025-11-10 17:03:00,96.4,96.4,96.4,96.4,138868.16,,80.0,0
2025-11-10 17:06:00,96.4,96.4,96.4,96.4,138868.16,,80.0,0
2025-11-10 17:09:00,96.2,96.2,96.2,96.2,138575.125,,80.0,0
2025-11-10 17:12:00,96.4,96.4,96.4,95.75,137871.81,,80.0,0
2025-11-10 17:15:00,96.6,96.6,96.6,96.6,139102.61,,80.0,0
2025-11-10 17:18:00,96.2,96.2,96.2,96.2,138516.515,,80.0,0
2025-11-10 17:21:00,96.55,96.55,96.55,96.55,139044.0,,80.0,0
2025-11-10 17:24:00,96.55,96.55,96.55,96.55,139044.0,,80.0,0
2025-11-10 17:27:00,96.6,96.6,96.6,96.6,139102.61,,80.0,0
2025-11-10 17:30:00,96.6,96.6,96.6,96.6,139102.61,,80.0,0
2025-11-10 17:33:00,96.15,96.15,96.15,96.15,138399.305,,80.0,0
2025-11-10 17:36:00,96.45,96.45,96.45,96.45,138926.77500000002,,80.0,0
2025-11-10 17:39:00,96.5,96.5,96.5,96.5,138985.39,,80.0,0
2025-11-10 17:42:00,96.15,96.15,96.15,96.15,138457.90500000003,,80.0,0
2025-11-10 17:45:00,96.45,96.45,96.45,96.45,138926.77500000002,,80.0,0
2025-11-10 17:48:00,96.45,96.45,96.45,96.45,138868.18,,80.0,0
2025-11-10 17:51:00,96.55,96.55,96.55,96.55,139044.0,,80.0,0
2025-11-10 17:54:00,96.55,96.55,96.55,96.55,139044.0,,80.0,0
2025-11-10 17:57:00,96.5,96.5,96.5,96.5,138985.39,,80.0,0
2025-11-10 18:00:00,96.2,96.2,96.2,96.2,138516.515,,80.0,0
2025-11-10 18:03:00,96.15,96.15,96.15,96.15,138399.305,,80.0,0
2025-11-10 18:06:00,95.9,95.9,95.9,95.9,138047.64,,80.0,0
2025-11-10 18:09:00,96.5,96.5,96.5,96.5,138985.39,,80.0,0
2025-11-10 18:12:00,96.2,96.2,96.2,96.2,138516.515,,80.0,0
2025-11-10 18:15:00,96.4,96.4,96.4,96.4,138809.565,,80.0,0
2025-11-10 18:18:00,95.7,95.7,95.7,95.7,137813.195,,80.0,0
2025-11-10 18:21:00,95.9,95.9,95.9,95.9,138047.64,,80.0,0
2025-11-10 18:24:00,96.45,96.45,96.45,96.45,138926.77500000002,,80.0,0
2025-11-10 18:27:00,96.2,96.2,96.2,96.2,138516.515,,80.0,0
2025-11-10 18:30:00,96.55,96.55,96.55,96.55,139044.0,,80.0,0
2025-11-10 18:33:00,96.5,96.5,96.5,96.5,138985.39,,80.0,0
2025-11-10 18:36:00,96.15,96.15,96.15,96.15,138516.51,,80.0,0
2025-11-10 18:39:00,96.65,96.65,96.65,96.65,139161.21999999997,,80.0,0
2025-11-10 18:42:00,96.5,96.5,96.5,96.5,138985.39,,80.0,0
2025-11-10 18:45:00,95.75,95.75,95.75,95.75,137871.81,,80.0,0
2025-11-10 18:48:00,95.95,95.95,95.95,95.95,138223.45500000002,,80.0,0
2025-11-10 18:51:00,96.5,96.5,96.5,96.5,138985.385,,80.0,0
2025-11-10 18:54:00,96.45,96.45,96.45,96.1,138399.29,,80.0,0
2025-11-10 18:57:00,96.55,96.55,96.55,96.55,139044.0,,80.0,0
2025-11-10 19:00:00,96.45,96.45,96.45,96.45,138926.77500000002,,80.0,0
2025-11-10 19:03:00,96.5,96.5,96.5,96.5,138985.39,,80.0,0
2025-11-10 19:06:00,96.4,96.4,96.4,96.4,138868.16,,80.0,0
2025-11-10 19:09:00,96.4,96.4,96.4,96.4,138809.565,,80.0,0
2025-11-10 19:12:00,96.4,96.4,96.4,96.4,138868.16,,80.0,0
2025-11-10 19:15:00,96.5,96.5,96.5,96.5,138985.39,,80.0,0
2025-11-10 19:18:00,96.5,96.5,96.5,96.5,138985.39,,80.0,0
2025-11-10 19:21:00,96.45,96.45,96.45,96.45,138926.77500000002,,80.0,0
2025-11-10 19:24:00,96.45,96.45,96.45,96.45,138926.77500000002,,80.0,0
2025-11-10 19:27:00,96.45,96.45,96.45,95.9,138047.64,,80.0,0
2025-11-10 19:30:00,96.4,96.4,96.4,96.4,138809.565,,80.0,0
2025-11-10 19:33:00,96.4,96.4,96.4,96.4,138868.16,,80.0,0
2025-11-10 19:36:00,96.45,96.45,96.45,96.15,138516.51,,80.0,0
2025-11-10 19:39:00,96.45,96.45,96.45,96.45,138868.18,,80.0,0
2025-11-10 19:42:00,96.45,96.45,96.45,96.45,138926.77500000002,,80.0,0
2025-11-10 19:45:00,96.55,96.55,96.55,96.55,139044.0,,80.0,0
2025-11-10 19:48:00,96.5,96.5,96.5,96.5,138985.39,,80.0,0
2025-11-10 19:51:00,96.45,96.45,96.45,95.9,138047.64,,80.0,0
2025-11-10 19:54:00,96.5,96.5,96.5,96.5,138985.39,,80.0,0
2025-11-10 19:57:00,96.0,96.0,96.0,96.0,138282.07,,80.0,0
2025-11-10 20:00:00,96.15,96.15,96.15,96.15,138457.91499999998,,80.0,0
2025-11-10 20:03:00,96.15,96.15,96.15,96.15,138399.305,,80.0,0
2025-11-10 20:06:00,96.15,96.15,96.15,96.5,138985.39,,80.0,0
2025-11-10 20:09:00,96.2,96.2,96.2,95.9,138047.64,,80.0,0
2025-11-10 20:12:00,96.2,96.2,96.2,96.2,138516.515,,80.0,0
2025-11-10 20:15:00,96.15,96.15,96.15,96.15,138516.51,,80.0,0
2025-11-10 20:18:00,96.45,96.45,96.45,96.45,138868.18,,80.0,0
2025-11-10 20:21:00,96.6,96.6,96.6,96.6,139102.61,,80.0,0
2025-11-10 20:24:00,96.4,96.4,96.4,96.4,138868.16,,80.0,0
2025-11-10 20:27:00,95.80000000000001,95.80000000000001,95.80000000000001,95.80000000000001,137930.415,,80.0,0
2025-11-10 20:30:00,96.5,96.5,96.5,96.5,138985.39,,80.0,0
2025-11-10 20:33:00,96.6,96.6,96.6,96.6,139102.61,,80.0,0
2025-11-10 20:36:00,95.7,95.7,95.7,95.7,137813.19,,80.0,0
2025-11-10 20:39:00,95.80000000000001,95.80000000000001,95.80000000000001,95.80000000000001,137930.415,,80.0,0
2025-11-10 20:42:00,95.9,95.9,95.9,95.9,138047.64,,80.0,0
2025-11-10 20:45:00,95.9,95.9,95.9,95.9,138106.25,,80.0,0
2025-11-10 20:48:00,95.9,95.9,95.9,95.9,138047.64,,80.0,0
2025-11-10 20:51:00,96.15,96.15,96.15,96.15,138399.305,,80.0,0
2025-11-10 20:54:00,96.15,96.15,96.15,96.15,138399.305,,80.0,0
2025-11-10 20:57:00,96.4,96.4,96.4,96.4,138750.97,,80.0,0
2025-11-10 21:00:00,95.9,95.9,95.9,95.9,138047.64,,80.0,0
2025-11-10 21:03:00,95.9,95.9,95.9,95.9,138047.64,,80.0,0
2025-11-10 21:06:00,96.15,96.15,96.15,96.15,138457.91499999998,,80.0,0
2025-11-10 21:09:00,96.5,96.5,96.5,96.5,138985.39,,80.0,0
2025-11-10 21:12:00,96.15,96.15,96.15,96.15,138457.90000000002,,80.0,0
2025-11-10 21:15:00,95.9,95.9,95.9,95.9,138164.86,,80.0,0
2025-11-10 21:18:00,96.4,96.4,96.4,96.4,138809.565,,80.0,0
2025-11-10 21:21:00,95.9,95.9,95.9,95.9,138047.64,,80.0,0
2025-11-10 21:24:00,95.9,95.9,95.9,95.9,138106.25,,80.0,0
2025-11-10 21:27:00,96.15,96.15,96.15,96.15,138457.90000000002,,80.0,0
2025-11-10 21:30:00,96.55,96.55,96.55,96.55,139044.0,,80.0,0
2025-11-10 21:33:00,96.5,96.5,96.5,96.5,138985.39,,80.0,0
2025-11-10 21:36:00,96.4,96.4,96.4,96.4,138750.97,,80.0,0
2025-11-10 21:39:00,96.4,96.4,96.4,96.4,138750.97,,80.0,0
2025-11-10 21:42:00,95.85,95.85,95.85,95.85,137989.03000000003,,80.0,0
2025-11-10 21:45:00,95.7,95.7,95.7,95.7,137813.195,,80.0,0
2025-11-10 21:48:00,96.4,96.4,96.4,96.4,138868.16,,80.0,0
2025-11-10 21:51:00,96.15,96.15,96.15,96.15,138457.91499999998,,80.0,0
2025-11-10 21:54:00,95.7,95.7,95.7,95.7,137813.195,,80.0,0
2025-11-10 21:57:00,95.9,95.9,95.9,95.9,138164.86,,80.0,0
2025-11-10 22:00:00,95.9,95.9,95.9,95.9,138164.86,,80.0,0
2025-11-10 22:03:00,96.15,96.15,96.15,96.15,138457.90000000002,,80.0,0
2025-11-10 22:06:00,96.15,96.15,96.15,96.15,138516.51,,80.0,0
2025-11-10 22:09:00,96.4,96.4,96.4,96.4,138868.16,,80.0,0
2025-11-10 22:12:00,96.4,96.4,96.4,96.4,138750.97,,80.0,0
2025-11-10 22:15:00,95.85,95.85,95.85,95.85,137989.03000000003,,80.0,0
2025-11-10 22:18:00,96.2,96.2,96.2,96.2,138516.515,,80.0,0
2025-11-10 22:21:00,95.75,95.75,95.75,95.75,137871.805,,80.0,0
2025-11-10 22:24:00,95.9,95.9,95.9,95.9,138047.64,,80.0,0
2025-11-10 22:27:00,95.9,95.9,95.9,95.9,138106.25,,80.0,0
2025-11-10 22:30:00,96.45,96.45,96.45,96.45,138868.18,,80.0,0
2025-11-10 22:33:00,96.4,96.4,96.4,96.4,138809.565,,80.0,0
2025-11-10 22:36:00,96.15,96.15,96.15,96.15,138457.90000000002,,80.0,0
2025-11-10 22:39:00,95.9,95.9,95.9,95.9,138164.86,,80.0,0
2025-11-10 22:42:00,96.4,96.4,96.4,96.4,138809.565,,80.0,0
2025-11-10 22:45:00,96.4,96.4,96.4,96.4,138868.16,,80.0,0
2025-11-10 22:48:00,95.80000000000001,95.80000000000001,95.80000000000001,95.80000000000001,137930.415,,80.0,0
2025-11-10 22:51:00,96.15,96.15,96.15,96.15,138457.90000000002,,80.0,0
2025-11-10 22:54:00,96.15,96.15,96.15,96.15,138457.90000000002,,80.0,0
2025-11-10 22:57:00,96.15,96.15,96.15,96.15,138399.305,,80.0,0
2025-11-10 23:00:00,95.9,95.9,95.9,95.9,138047.64,,80.0,0
2025-11-10 23:03:00,95.69999999999999,95.69999999999999,95.69999999999999,95.69999999999999,137813.2,,80.0,0
2025-11-10 23:06:00,96.6,96.6,96.6,96.6,139102.61,,80.0,0
2025-11-10 23:09:00,96.4,96.4,96.4,96.4,138868.16,,80.0,0
2025-11-10 23:12:00,95.9,95.9,95.9,95.9,138047.64,,80.0,0
2025-11-10 23:15:00,96.4,96.4,96.4,96.4,138868.16,,80.0,0
2025-11-10 23:18:00,95.9,95.9,95.9,95.9,138164.86,,80.0,0
2025-11-10 23:21:00,96.15,96.15,96.15,96.15,138399.305,,80.0,0
2025-11-10 23:24:00,95.9,95.9,95.9,95.9,138047.64,,80.0,0
2025-11-10 23:27:00,95.9,95.9,95.9,95.9,138164.86,,80.0,0
2025-11-10 23:30:00,95.9,95.9,95.9,96.15,138457.90000000002,,80.0,0
2025-11-10 23:33:00,95.9,95.9,95.9,95.7,137813.19,,80.0,0
2025-11-10 23:36:00,95.9,95.9,95.9,95.9,138106.25,,80.0,0
2025-11-10 23:39:00,95.9,95.9,95.9,95.9,138047.64,,80.0,0
2025-11-10 23:42:00,95.9,95.9,95.9,95.9,138047.64,,80.0,0
2025-11-10 23:45:00,95.7,95.7,95.7,95.7,137813.19,,80.0,0
2025-11-10 23:48:00,95.9,95.9,95.9,95.85,137989.03000000003,,80.0,0
2025-11-10 23:51:00,95.9,95.9,95.9,95.9,138106.25,,80.0,0
2025-11-10 23:54:00,95.9,95.9,95.9,95.85,137989.03000000003,,80.0,0
2025-11-10 23:57:00,95.9,95.9,95.9,95.8,137930.42,,80.0,0
2025-11-11 00:00:00,95.9,95.9,95.9,95.9,138047.64,,80.0,0
2025-11-11 00:03:00,95.9,95.9,95.9,95.9,138047.64,,80.0,0
2025-11-11 00:06:00,95.9,95.9,95.9,95.9,138106.25,,80.0,0
2025-11-11 00:09:00,95.9,95.9,95.9,95.9,138047.64,,80.0,0
2025-11-11 00:12:00,95.9,95.9,95.9,95.9,138047.64,,80.0,0
2025-11-11 00:15:00,95.9,95.9,95.9,95.85,137989.03000000003,,80.0,0
2025-11-11 00:18:00,95.9,95.9,95.9,95.80000000000001,137930.415,,80.0,0
2025-11-11 00:21:00,95.9,95.9,95.9,95.9,138047.64,,80.0,0
2025-11-11 00:24:00,95.85,95.85,95.85,95.9,138047.64,,80.0,0
2025-11-11 00:27:00,95.6,95.6,95.6,95.6,137695.97,,80.0,0
2025-11-11 00:30:00,95.80000000000001,95.80000000000001,95.80000000000001,95.80000000000001,137930.415,,80.0,0
2025-11-11 00:33:00,95.80000000000001,95.80000000000001,95.80000000000001,95.80000000000001,137930.415,,80.0,0
2025-11-11 00:36:00,95.9,95.9,95.9,95.9,138047.64,,80.0,0
2025-11-11 00:39:00,95.8,95.8,95.8,95.8,137930.42,,80.0,0
2025-11-11 00:42:00,95.65,95.65,95.65,95.65,137754.58500000002,,80.0,0
2025-11-11 00:45:00,95.75,95.75,95.75,95.75,137871.805,,80.0,0
2025-11-11 00:48:00,95.7,95.7,95.7,95.7,137813.19,,80.0,0
2025-11-11 00:51:00,95.9,95.9,95.9,95.9,138047.64,,80.0,0
2025-11-11 00:54:00,95.85,95.85,95.85,95.85,137989.03000000003,,80.0,0
2025-11-11 00:57:00,95.80000000000001,95.80000000000001,95.80000000000001,95.80000000000001,137930.415,,80.0,0
2025-11-11 01:00:00,95.65,95.65,95.65,95.65,137695.975,,80.0,0
2025-11-11 01:03:00,95.9,95.9,95.9,95.9,138047.64,,80.0,0
2025-11-11 01:06:00,95.9,95.9,95.9,95.9,138047.64,,80.0,0
2025-11-11 01:09:00,95.8,95.8,95.8,95.8,137930.42,,80.0,0
2025-11-11 01:12:00,95.85,95.85,95.85,95.85,137989.03000000003,,80.0,0
2025-11-11 01:15:00,95.75,95.75,95.75,95.75,137871.805,,80.0,0
2025-11-11 01:18:00,95.7,95.7,95.7,95.7,137813.195,,80.0,0
2025-11-11 01:21:00,95.75,95.75,95.75,95.75,137871.805,,80.0,0
2025-11-11 01:24:00,95.8,95.8,95.8,95.55000000000001,137578.755,,80.0,0
2025-11-11 01:27:00,95.9,95.9,95.9,95.9,138047.64,,80.0,0
2025-11-11 01:30:00,95.9,95.9,95.9,95.9,138047.64,,80.0,0
2025-11-11 01:33:00,95.80000000000001,95.80000000000001,95.80000000000001,95.80000000000001,137989.025,,80.0,0
2025-11-11 01:36:00,95.8,95.8,95.8,95.8,137930.42,,80.0,0
2025-11-11 01:39:00,95.75,95.75,95.75,95.75,137871.805,,80.0,0
2025-11-11 01:42:00,95.9,95.9,95.9,96.2,138575.125,,80.0,0
2025-11-11 01:45:00,95.9,95.9,95.9,95.9,138047.64,,80.0,0
2025-11-11 01:48:00,95.75,95.75,95.75,95.75,137871.805,,80.0,0
2025-11-11 01:51:00,95.65,95.65,95.65,95.65,137695.975,,80.0,0
2025-11-11 01:54:00,95.9,95.9,95.9,96.6,139102.61,,80.0,0
2025-11-11 01:57:00,95.9,95.9,95.9,95.9,138047.64,,80.0,0
2025-11-11 02:00:00,95.9,95.9,95.9,95.9,138047.64,,80.0,0
2025-11-11 02:03:00,95.80000000000001,95.80000000000001,95.80000000000001,95.80000000000001,137930.415,,80.0,0
2025-11-11 02:06:00,95.6,95.6,95.6,95.6,137695.97,,80.0,0
2025-11-11 02:09:00,95.80000000000001,95.80000000000001,95.80000000000001,96.45,138868.18,,80.0,0
2025-11-11 02:12:00,95.85,95.85,95.85,95.85,137989.03000000003,,80.0,0
2025-11-11 02:15:00,95.75,95.75,95.75,95.75,137871.805,,80.0,0
2025-11-11 02:18:00,95.7,95.7,95.7,95.7,137813.19,,80.0,0
2025-11-11 02:21:00,95.7,95.7,95.7,95.7,137813.19,,80.0,0
2025-11-11 02:24:00,95.80000000000001,95.80000000000001,95.80000000000001,95.80000000000001,137930.415,,80.0,0
2025-11-11 02:27:00,95.8,95.8,95.8,95.8,137930.42,,80.0,0
2025-11-11 02:30:00,95.80000000000001,95.80000000000001,95.80000000000001,95.80000000000001,137930.415,,80.0,0
2025-11-11 02:33:00,95.80000000000001,95.80000000000001,95.80000000000001,95.80000000000001,137930.415,,80.0,0
2025-11-11 02:36:00,95.9,95.9,95.9,95.9,138047.64,,80.0,0
2025-11-11 02:39:00,95.7,95.7,95.7,95.7,137813.19,,80.0,0
2025-11-11 02:42:00,95.8,95.8,95.8,95.8,137930.42,,80.0,0
2025-11-11 02:45:00,95.75,95.75,95.75,95.75,137871.805,,80.0,0
2025-11-11 02:48:00,95.5,95.5,95.5,95.5,137520.14500000002,,80.0,0
2025-11-11 02:51:00,95.9,95.9,95.9,95.9,138106.25,,80.0,0
2025-11-11 02:54:00,95.7,95.7,95.7,95.7,137813.19,,80.0,0
2025-11-11 02:57:00,95.6,95.6,95.6,95.6,137695.97,,80.0,0
2025-11-11 03:00:00,95.85,95.85,95.85,95.85,137989.03000000003,,80.0,0
2025-11-11 03:03:00,95.75,95.75,95.75,95.75,137871.805,,80.0,0
2025-11-11 03:06:00,95.75,95.75,95.75,95.75,137871.805,,80.0,0
2025-11-11 03:09:00,95.9,95.9,95.9,95.9,138106.25,,80.0,0
2025-11-11 03:12:00,95.75,95.75,95.75,95.75,137871.805,,80.0,0
2025-11-11 03:15:00,95.7,95.7,95.7,95.7,137813.19,,80.0,0
2025-11-11 03:18:00,95.85,95.85,95.85,95.85,138047.64,,80.0,0
2025-11-11 03:21:00,95.65,95.65,95.65,95.65,137754.58500000002,,80.0,0
2025-11-11 03:24:00,95.75,95.75,95.75,95.75,137871.805,,80.0,0
2025-11-11 03:27:00,95.7,95.7,95.7,95.7,137813.19,,80.0,0
2025-11-11 03:30:00,95.7,95.7,95.7,95.7,137813.19,,80.0,0
2025-11-11 03:33:00,95.65,95.65,95.65,95.4,137402.91999999998,,80.0,0
2025-11-11 03:36:00,95.5,95.5,95.5,95.5,137578.75,,80.0,0
2025-11-11 03:39:00,95.5,95.5,95.5,95.5,137578.75,,80.0,0
2025-11-11 03:42:00,95.55,95.55,95.55,95.55,137637.365,,80.0,0
2025-11-11 03:45:00,95.65,95.65,95.65,95.65,137754.58500000002,,80.0,0
2025-11-11 03:48:00,95.6,95.6,95.6,95.6,137695.98,,80.0,0
2025-11-11 03:51:00,95.85,95.85,95.85,95.85,137989.03000000003,,80.0,0
2025-11-11 03:54:00,95.80000000000001,95.80000000000001,95.80000000000001,95.80000000000001,137930.415,,80.0,0
2025-11-11 03:57:00,95.7,95.7,95.7,95.7,137813.19,,80.0,0
2025-11-11 04:00:00,95.7,95.7,95.7,95.7,137813.19,,80.0,0
2025-11-11 04:03:00,95.6,95.6,95.6,95.6,137695.97,,80.0,0
2025-11-11 04:06:00,95.7,95.7,95.7,95.7,137813.19,,80.0,0
2025-11-11 04:09:00,95.9,95.9,95.9,95.9,138047.64,,80.0,0
2025-11-11 04:12:00,95.75,95.75,95.75,95.75,137871.805,,80.0,0
2025-11-11 04:15:00,95.75,95.75,95.75,95.75,137871.805,,80.0,0
2025-11-11 04:18:00,95.65,95.65,95.65,95.65,137754.58500000002,,80.0,0
2025-11-11 04:21:00,95.75,95.75,95.75,95.75,137871.805,,80.0,0
2025-11-11 04:24:00,95.5,95.5,95.5,95.5,137578.75,,80.0,0
2025-11-11 04:27:00,95.7,95.7,95.7,95.7,137813.19,,80.0,0
2025-11-11 04:30:00,95.7,95.7,95.7,95.7,137813.19,,80.0,0
2025-11-11 04:33:00,95.80000000000001,95.80000000000001,95.80000000000001,95.80000000000001,137930.415,,80.0,0
2025-11-11 04:36:00,95.55,95.55,95.55,95.55,137637.365,,80.0,0
2025-11-11 04:39:00,95.7,95.7,95.7,95.7,137813.19,,80.0,0
2025-11-11 04:42:00,95.65,95.65,95.65,95.65,137754.58500000002,,80.0,0
2025-11-11 04:45:00,95.80000000000001,95.80000000000001,95.80000000000001,95.80000000000001,137989.025,,80.0,0
2025-11-11 04:48:00,95.8,95.8,95.8,95.8,137930.42,,80.0,0
2025-11-11 04:51:00,95.5,95.5,95.5,95.5,137520.14,,80.0,0
2025-11-11 04:54:00,95.7,95.7,95.7,95.7,137813.19,,80.0,0
2025-11-11 04:57:00,95.7,95.7,95.7,95.7,137813.19,,80.0,0
2025-11-11 05:00:00,95.5,95.5,95.5,95.5,137578.75,,80.0,0
2025-11-11 05:03:00,95.7,95.7,95.7,95.7,137813.19,,80.0,0
2025-11-11 05:06:00,95.6,95.6,95.6,95.6,137695.98,,80.0,0
2025-11-11 05:09:00,95.6,95.6,95.6,95.6,137695.98,,80.0,0
2025-11-11 05:12:00,95.5,95.5,95.5,95.5,137578.75,,80.0,0
2025-11-11 05:15:00,95.5,95.5,95.5,95.5,137578.75,,80.0,0
2025-11-11 05:18:00,95.65,95.65,95.65,95.65,137754.58500000002,,80.0,0
2025-11-11 05:21:00,95.6,95.6,95.6,95.6,137695.98,,80.0,0
2025-11-11 05:24:00,95.55000000000001,95.55000000000001,95.55000000000001,95.55000000000001,137578.75,,80.0,0
2025-11-11 05:27:00,95.6,95.6,95.6,95.6,137695.98,,80.0,0
2025-11-11 05:30:00,95.7,95.7,95.7,95.7,137813.19,,80.0,0
2025-11-11 05:33:00,95.5,95.5,95.5,95.5,137578.75,,80.0,0
2025-11-11 05:36:00,95.45,95.45,95.45,95.45,137402.91999999998,,80.0,0
2025-11-11 05:39:00,95.45,95.45,95.45,95.45,137402.91999999998,,80.0,0
2025-11-11 05:42:00,95.5,95.5,95.5,95.5,137520.14,,80.0,0
2025-11-11 05:45:00,95.45,95.45,95.45,95.45,137461.53,,80.0,0
2025-11-11 05:48:00,95.5,95.5,95.5,95.5,137461.53,,80.0,0
2025-11-11 05:51:00,95.5,95.5,95.5,95.5,137578.75,,80.0,0
2025-11-11 05:54:00,95.30000000000001,95.30000000000001,95.30000000000001,95.30000000000001,137227.09,,80.0,0
2025-11-11 05:57:00,95.25,95.25,95.25,95.25,137168.47999999998,,80.0,0
2025-11-11 06:00:00,95.2,95.2,95.2,95.2,137109.87,,80.0,0
2025-11-11 06:03:00,95.2,95.2,95.2,95.2,137109.87,,80.0,0
2025-11-11 06:06:00,95.2,95.2,95.2,95.5,137520.14,,80.0,0
2025-11-11 06:09:00,95.2,95.2,95.2,94.8,136523.77500000002,,80.0,0
2025-11-11 06:12:00,95.1,95.1,95.1,95.1,136934.035,,80.0,0
2025-11-11 06:15:00,95.2,95.2,95.2,95.2,137109.87,,80.0,0
2025-11-11 06:18:00,95.15,95.15,95.15,95.15,137051.255,,80.0,0
2025-11-11 06:21:00,95.15,95.15,95.15,95.15,137051.255,,80.0,0
2025-11-11 06:24:00,95.2,95.2,95.2,95.2,137109.87,,80.0,0
2025-11-11 06:27:00,95.15,95.15,95.15,95.15,137051.255,,80.0,0
2025-11-11 06:30:00,95.15,95.15,95.15,95.0,136875.42,,80.0,0
2025-11-11 06:33:00,95.0,95.0,95.0,95.2,137109.87,,80.0,0
2025-11-11 06:36:00,95.0,95.0,95.0,95.0,136875.42,,80.0,0
2025-11-11 06:39:00,95.0,95.0,95.0,95.0,136816.81,,80.0,0
2025-11-11 06:42:00,95.0,95.0,95.0,95.0,136816.81,,80.0,0
2025-11-11 06:45:00,95.0,95.0,95.0,95.0,136816.81,,80.0,0
2025-11-11 06:48:00,95.0,95.0,95.0,95.0,136816.81,,80.0,0
2025-11-11 06:51:00,95.0,95.0,95.0,94.95,136758.2,,80.0,0
2025-11-11 06:54:00,94.95,94.95,94.95,94.95,136699.59000000003,,80.0,0
2025-11-11 06:57:00,94.95,94.95,94.95,94.8,136582.375,,80.0,0
2025-11-11 07:00:00,94.9,94.9,94.9,94.9,136640.98,,80.0,0
2025-11-11 07:03:00,94.9,94.9,94.9,95.2,137109.87,,80.0,0
2025-11-11 07:06:00,94.6,94.6,94.6,94.6,136289.33,,80.0,0
2025-11-11 07:09:00,94.9,94.9,94.9,94.9,136640.985,,80.0,0
2025-11-11 07:12:00,94.6,94.6,94.6,94.6,136172.13,,80.0,0
2025-11-11 07:15:00,94.6,94.6,94.6,94.75,136465.155,,80.0,0
2025-11-11 07:18:00,94.6,94.6,94.6,94.6,136230.72999999998,,80.0,0
2025-11-11 07:21:00,94.6,94.6,94.6,94.55,136113.52000000002,,80.0,0
2025-11-11 07:24:00,94.6,94.6,94.6,94.6,136172.13,,80.0,0
2025-11-11 07:27:00,94.6,94.6,94.6,94.6,136172.13,,80.0,0
2025-11-11 07:30:00,94.6,94.6,94.6,94.6,136172.13,,80.0,0
2025-11-11 07:33:00,94.5,94.5,94.5,94.5,136054.91,,80.0,0
2025-11-11 07:36:00,94.55,94.55,94.55,94.55,136113.52000000002,,80.0,0
2025-11-11 07:39:00,94.5,94.5,94.5,94.5,136054.91,,80.0,0
2025-11-11 07:42:00,94.65,94.65,94.65,94.65,136289.33500000002,,80.0,0
2025-11-11 07:45:00,94.55,94.55,94.55,94.55,136113.52000000002,,80.0,0
2025-11-11 07:48:00,94.4,94.4,94.4,94.4,135937.69,,80.0,0
2025-11-11 07:51:00,94.4,94.4,94.4,94.4,135937.69,,80.0,0
2025-11-11 07:54:00,94.2,94.2,94.2,94.2,135703.25,,80.0,0
2025-11-11 07:57:00,94.5,94.5,94.5,94.5,136054.91,,80.0,0
2025-11-11 08:00:00,94.3,94.3,94.3,94.3,135820.47,,80.0,0
2025-11-11 08:03:00,94.2,94.2,94.2,94.2,135703.25,,80.0,0
2025-11-11 08:06:00,94.2,94.2,94.2,93.4,134531.03999999998,,80.0,0
2025-11-11 08:09:00,94.2,94.2,94.2,94.2,135644.635,,80.0,0
2025-11-11 08:12:00,94.1,94.1,94.1,94.1,135468.8,,80.0,0
2025-11-11 08:15:00,94.25,94.25,94.25,94.25,135761.86,,80.0,0
2025-11-11 08:18:00,94.1,94.1,94.1,94.1,135468.8,,80.0,0
2025-11-11 08:21:00,94.15,94.15,94.15,94.15,135527.40999999997,,80.0,0
2025-11-11 08:24:00,94.2,94.2,94.2,94.2,135703.25,,80.0,0
2025-11-11 08:27:00,94.05,94.05,94.05,94.05,135410.19,,80.0,0
2025-11-11 08:30:00,94.05,94.05,94.05,94.05,135410.19,,80.0,0
2025-11-11 08:33:00,94.2,94.2,94.2,94.2,135703.25,,80.0,0
2025-11-11 08:36:00,93.9,93.9,93.9,93.9,135234.36,,80.0,0
2025-11-11 08:39:00,94.05,94.05,94.05,94.05,135410.19,,80.0,0
2025-11-11 08:42:00,94.05,94.05,94.05,94.05,135410.19,,80.0,0
2025-11-11 08:45:00,94.0,94.0,94.0,94.0,135351.58,,80.0,0
2025-11-11 08:48:00,94.15,94.15,94.15,94.15,135527.40999999997,,80.0,0
2025-11-11 08:51:00,93.80000000000001,93.80000000000001,93.80000000000001,93.80000000000001,135117.135,,80.0,0
2025-11-11 08:54:00,93.9,93.9,93.9,93.9,135234.36,,80.0,0
2025-11-11 08:57:00,93.75,93.75,93.75,93.75,135058.52500000002,,80.0,0
2025-11-11 09:00:00,93.75,93.75,93.75,93.75,135058.52500000002,,80.0,0
2025-11-11 09:03:00,93.7,93.7,93.7,93.7,134999.91,,80.0,0
2025-11-11 09:06:00,94.0,94.0,94.0,94.0,135351.58,,80.0,0
2025-11-11 09:09:00,93.95,93.95,93.95,93.95,135292.96999999997,,80.0,0
2025-11-11 09:12:00,93.95,93.95,93.95,93.95,135292.96999999997,,80.0,0
2025-11-11 09:15:00,93.7,93.7,93.7,93.7,134999.91,,80.0,0
2025-11-11 09:18:00,94.1,94.1,94.1,94.1,135468.8,,80.0,0
2025-11-11 09:21:00,93.9,93.9,93.9,93.9,135234.36,,80.0,0
2025-11-11 09:24:00,93.95,93.95,93.95,93.95,135292.96999999997,,80.0,0
2025-11-11 09:27:00,93.55000000000001,93.55000000000001,93.55000000000001,93.55000000000001,134706.86,,80.0,0
2025-11-11 09:30:00,93.9,93.9,93.9,93.9,135234.36,,80.0,0
2025-11-11 09:33:00,93.7,93.7,93.7,93.7,134999.91,,80.0,0
2025-11-11 09:36:00,93.85,93.85,93.85,93.85,135175.75,,80.0,0
2025-11-11 09:39:00,93.7,93.7,93.7,93.7,134999.91,,80.0,0
2025-11-11 09:42:00,93.80000000000001,93.80000000000001,93.80000000000001,93.80000000000001,135117.135,,80.0,0
2025-11-11 09:45:00,93.95,93.95,93.95,93.95,135292.96999999997,,80.0,0
2025-11-11 09:48:00,94.1,94.1,94.1,94.1,135468.8,,80.0,0
2025-11-11 09:51:00,93.9,93.9,93.9,93.9,135234.36,,80.0,0
2025-11-11 09:54:00,93.9,93.9,93.9,93.9,135234.36,,80.0,0
2025-11-11 09:57:00,93.9,93.9,93.9,93.9,135234.36,,80.0,0
2025-11-11 10:00:00,93.85,93.85,93.85,93.85,135175.75,,80.0,0
2025-11-11 10:03:00,94.0,94.0,94.0,94.0,135351.58,,80.0,0
2025-11-11 10:06:00,93.80000000000001,93.80000000000001,93.80000000000001,93.80000000000001,135117.135,,80.0,0
2025-11-11 10:09:00,93.95,93.95,93.95,93.95,135292.96999999997,,80.0,0
2025-11-11 10:12:00,93.75,93.75,93.75,93.75,135058.52500000002,,80.0,0
2025-11-11 10:15:00,93.65,93.65,93.65,93.65,134882.69,,80.0,0
2025-11-11 10:18:00,93.9,93.9,93.9,93.9,135234.36,,80.0,0
2025-11-11 10:21:00,93.85,93.85,93.85,93.5,134648.25,,80.0,0
2025-11-11 10:24:00,93.85,93.85,93.85,93.85,135175.75,,80.0,0
2025-11-11 10:27:00,93.85,93.85,93.85,93.85,135175.75,,80.0,0
2025-11-11 10:30:00,93.9,93.9,93.9,93.9,135234.36,,80.0,0
2025-11-11 10:33:00,93.9,93.9,93.9,93.9,135234.36,,80.0,0
2025-11-11 10:36:00,93.85,93.85,93.85,93.85,135175.75,,80.0,0
2025-11-11 10:39:00,93.80000000000001,93.80000000000001,93.80000000000001,93.80000000000001,135117.135,,80.0,0
2025-11-11 10:42:00,93.80000000000001,93.80000000000001,93.80000000000001,93.80000000000001,135117.135,,80.0,0
2025-11-11 10:45:00,93.75,93.75,93.75,93.75,135058.52500000002,,80.0,0
2025-11-11 10:48:00,93.80000000000001,93.80000000000001,93.80000000000001,93.80000000000001,135117.135,,80.0,0
2025-11-11 10:51:00,93.80000000000001,93.80000000000001,93.80000000000001,93.75,135058.52500000002,,80.0,0
2025-11-11 10:54:00,93.80000000000001,93.80000000000001,93.80000000000001,93.75,135058.52500000002,,80.0,0
2025-11-11 10:57:00,93.80000000000001,93.80000000000001,93.80000000000001,93.80000000000001,135117.135,,80.0,0
2025-11-11 11:00:00,93.80000000000001,93.80000000000001,93.80000000000001,93.80000000000001,135117.135,,80.0,1
2025-11-11 11:03:00,93.9,93.9,93.9,93.9,135234.36,,80.0,1
2025-11-11 11:06:00,93.95,93.95,93.95,94.2,135586.02,,80.0,1
2025-11-11 11:09:00,94.0,94.0,94.0,93.95,135292.96999999997,,80.0,1
2025-11-11 11:12:00,94.1,94.1,94.1,94.1,135468.8,,80.0,1
2025-11-11 11:15:00,94.15,94.15,94.15,94.15,135527.40999999997,,80.0,1
2025-11-11 11:18:00,94.2,94.2,94.2,94.2,135703.25,,80.0,1
2025-11-11 11:21:00,94.2,94.2,94.2,94.0,135351.58,,80.0,1
2025-11-11 11:24:00,94.2,94.2,94.2,94.2,135703.25,,80.0,1
2025-11-11 11:27:00,94.35,94.35,94.35,94.35,135879.08000000002,,80.0,1
2025-11-11 11:30:00,94.5,94.5,94.5,94.6,136172.13,,80.0,1
2025-11-11 11:33:00,94.5,94.5,94.5,94.5,136054.91,,80.0,1
2025-11-11 11:36:00,94.5,94.5,94.5,94.5,136054.91,,80.0,1
2025-11-11 11:39:00,94.6,94.6,94.6,94.6,136172.13,,80.0,1
2025-11-11 11:42:00,94.8,94.8,94.8,94.9,136640.98,,80.0,1
2025-11-11 11:45:00,94.9,94.9,94.9,94.95,136699.59000000003,,80.0,1
2025-11-11 11:48:00,94.9,94.9,94.9,94.9,136640.98,,80.0,1
2025-11-11 11:51:00,94.95,94.95,94.95,94.8,136523.77500000002,,80.0,1
2025-11-11 11:54:00,94.95,94.95,94.95,94.95,136758.2,,80.0,1
2025-11-11 11:57:00,94.95,94.95,94.95,94.95,136758.2,,80.0,1
2025-11-11 12:00:00,95.15,95.15,95.15,95.15,136992.64500000002,,80.0,1
2025-11-11 12:03:00,95.2,95.2,95.2,95.2,137109.87,,80.0,1
2025-11-11 12:06:00,95.25,95.25,95.25,95.3,137227.09,,80.0,1
2025-11-11 12:09:00,95.25,95.25,95.25,95.25,137168.475,,80.0,1
2025-11-11 12:12:00,95.3,95.3,95.3,95.35,137285.7,,80.0,1
2025-11-11 12:15:00,95.25,95.25,95.25,95.25,137168.475,,80.0,1
2025-11-11 12:18:00,95.45,95.45,95.45,95.45,137461.53,,80.0,1
2025-11-11 12:21:00,95.45,95.45,95.45,95.45,137461.53,,80.0,1
2025-11-11 12:24:00,95.7,95.7,95.7,95.7,137813.195,,80.0,1
2025-11-11 12:27:00,95.75,95.75,95.75,95.75,137871.805,,80.0,1
2025-11-11 12:30:00,95.9,95.9,95.9,95.9,138047.64,,80.0,1
2025-11-11 12:33:00,95.65,95.65,95.65,95.65,137754.58500000002,,80.0,1
2025-11-11 12:36:00,95.80000000000001,95.80000000000001,95.80000000000001,95.80000000000001,137930.415,,80.0,1
2025-11-11 12:39:00,95.85,95.85,95.85,95.85,137989.03000000003,,80.0,1
2025-11-11 12:42:00,95.6,95.6,95.6,95.6,137695.97,,80.0,1
2025-11-11 12:45:00,95.9,95.9,95.9,96.45,138868.18,,80.0,1
2025-11-11 12:48:00,96.45,96.45,96.45,95.85,137989.03000000003,,80.0,1
2025-11-11 12:51:00,96.45,96.45,96.45,96.95,139571.495,,80.0,1
2025-11-11 12:54:00,96.45,96.45,96.45,96.45,138926.77500000002,,80.0,1
2025-11-11 12:57:00,96.6,96.6,96.6,96.6,139102.61,,80.0,1
2025-11-11 13:00:00,96.5,96.5,96.5,96.5,138985.39,,80.0,1
2025-11-11 13:03:00,96.65,96.65,96.65,96.65,139161.22,,80.0,1
2025-11-11 13:06:00,96.6,96.6,96.6,96.6,139102.61,,80.0,1
2025-11-11 13:09:00,96.65,96.65,96.65,96.65,139161.21999999997,,80.0,1
2025-11-11 13:12:00,96.8,96.8,96.8,96.8,139337.05,,80.0,1
2025-11-11 13:15:00,96.8,96.8,96.8,96.8,139454.27,,80.0,1
2025-11-11 13:18:00,97.0,97.0,97.0,97.0,139688.72,,80.0,1
2025-11-11 13:21:00,96.8,96.8,96.8,96.8,139454.27,,80.0,1
2025-11-11 13:24:00,96.4,96.4,96.4,96.4,138750.97,,80.0,1
2025-11-11 13:27:00,96.85,96.85,96.85,96.85,139512.875,,80.0,1
2025-11-11 13:30:00,97.0,97.0,97.0,97.0,139688.72,,80.0,1
2025-11-11 13:33:00,97.25,97.25,97.25,97.25,140040.375,,80.0,1
2025-11-11 13:36:00,97.05000000000001,97.05000000000001,97.05000000000001,97.05000000000001,139747.32,,80.0,1
2025-11-11 13:39:00,97.0,97.0,97.0,97.0,139688.72,,80.0,1
2025-11-11 13:42:00,97.3,97.3,97.3,97.3,140157.59,,80.0,1
2025-11-11 13:45:00,97.30000000000001,97.30000000000001,97.30000000000001,97.30000000000001,140098.995,,80.0,1
2025-11-11 13:48:00,97.5,97.5,97.5,97.5,140392.03,,80.0,1
2025-11-11 13:51:00,97.55,97.55,97.55,97.55,140450.65,,80.0,1
2025-11-11 13:54:00,97.7,97.7,97.7,97.7,140626.48,,80.0,1
2025-11-11 13:57:00,97.5,97.5,97.5,97.5,140392.03,,80.0,1
2025-11-11 14:00:00,97.5,97.5,97.5,97.5,140392.03,,80.0,0
2025-11-11 14:03:00,97.6,97.6,97.6,97.2,139923.16,,80.0,0
2025-11-11 14:06:00,97.75,97.75,97.75,97.75,140743.71000000002,,80.0,0
2025-11-11 14:09:00,97.7,97.7,97.7,97.7,140626.48,,80.0,0
2025-11-11 14:12:00,97.65,97.65,97.65,97.65,140567.875,,80.0,0
2025-11-11 14:15:00,97.65,97.65,97.65,97.65,140567.875,,80.0,0
2025-11-11 14:18:00,97.6,97.6,97.6,97.6,140567.865,,80.0,0
2025-11-11 14:21:00,97.7,97.7,97.7,97.7,140626.48,,80.0,0
2025-11-11 14:24:00,97.7,97.7,97.7,97.7,140626.48,,80.0,0
2025-11-11 14:27:00,97.65,97.65,97.65,97.7,140626.48,,80.0,0
2025-11-11 14:30:00,97.7,97.7,97.7,97.4,140274.83,,80.0,0
2025-11-11 14:33:00,97.7,97.7,97.7,97.7,140626.48,,80.0,0
2025-11-11 14:36:00,97.7,97.7,97.7,97.7,140685.09000000003,,80.0,0
2025-11-11 14:39:00,97.6,97.6,97.6,97.6,140509.255,,80.0,0
2025-11-11 14:42:00,97.65,97.65,97.65,97.65,140567.875,,80.0,0
2025-11-11 14:45:00,97.7,97.7,97.7,97.7,140626.48,,80.0,0
2025-11-11 14:48:00,97.6,97.6,97.6,97.6,140509.255,,80.0,0
2025-11-11 14:51:00,97.7,97.7,97.7,97.7,140685.09000000003,,80.0,0
2025-11-11 14:54:00,97.45,97.45,97.45,97.45,140274.82,,80.0,0
2025-11-11 14:57:00,97.7,97.7,97.7,97.7,140626.48,,80.0,0
2025-11-11 15:00:00,97.75,97.75,97.75,97.75,140802.32,,80.0,0
2025-11-11 15:03:00,97.65,97.65,97.65,97.65,140626.485,,80.0,0
2025-11-11 15:06:00,97.5,97.5,97.5,97.5,140392.03,,80.0,0
2025-11-11 15:09:00,97.8,97.8,97.8,97.8,140860.94,,80.0,0
2025-11-11 15:12:00,97.65,97.65,97.65,97.65,140567.875,,80.0,0
2025-11-11 15:15:00,97.6,97.6,97.6,97.6,140509.27,,80.0,0
2025-11-11 15:18:00,97.7,97.7,97.7,97.7,140626.48,,80.0,0
2025-11-11 15:21:00,97.45,97.45,97.45,97.45,140333.43,,80.0,0
2025-11-11 15:24:00,97.65,97.65,97.65,97.65,140567.875,,80.0,0
2025-11-11 15:27:00,97.5,97.5,97.5,97.5,140392.03,,80.0,0
2025-11-11 15:30:00,97.5,97.5,97.5,97.5,140392.03,,80.0,0
2025-11-11 15:33:00,97.5,97.5,97.5,97.5,140392.03,,80.0,0
2025-11-11 15:36:00,97.7,97.7,97.7,97.7,140685.09000000003,,80.0,0
2025-11-11 15:39:00,97.2,97.2,97.2,97.2,139923.16,,80.0,0
2025-11-11 15:42:00,97.65,97.65,97.65,97.65,140567.875,,80.0,0
2025-11-11 15:45:00,97.15,97.15,97.15,97.15,139923.15,,80.0,0
2025-11-11 15:48:00,97.6,97.6,97.6,97.6,140567.865,,80.0,0
2025-11-11 15:51:00,97.6,97.6,97.6,97.6,140509.255,,80.0,0
2025-11-11 15:54:00,97.35,97.35,97.35,97.35,140157.595,,80.0,0
2025-11-11 15:57:00,97.5,97.5,97.5,97.5,140392.03,,80.0,0
2025-11-11 16:00:00,97.7,97.7,97.7,97.7,140626.48,,80.0,0
2025-11-11 16:03:00,97.65,97.65,97.65,97.65,140567.875,,80.0,0
2025-11-11 16:06:00,97.65,97.65,97.65,97.65,140567.875,,80.0,0
2025-11-11 16:09:00,97.6,97.6,97.6,97.6,140509.255,,80.0,0
2025-11-11 16:12:00,97.5,97.5,97.5,97.5,140392.03,,80.0,0
2025-11-11 16:15:00,97.44999999999999,97.44999999999999,97.44999999999999,97.44999999999999,140333.43,,80.0,0
2025-11-11 16:18:00,97.35,97.35,97.35,97.35,140157.60499999998,,80.0,0
2025-11-11 16:21:00,97.9,97.9,97.9,97.9,140978.13,,80.0,0
2025-11-11 16:24:00,97.6,97.6,97.6,97.6,140509.27,,80.0,0
2025-11-11 16:27:00,97.45,97.45,97.45,97.45,140274.82,,80.0,0
2025-11-11 16:30:00,97.55,97.55,97.55,97.55,140450.65,,80.0,0
2025-11-11 16:33:00,97.75,97.75,97.75,97.75,140743.71000000002,,80.0,0
2025-11-11 16:36:00,97.85,97.85,97.85,97.85,140919.54,,80.0,0
2025-11-11 16:39:00,97.5,97.5,97.5,97.5,140392.03,,80.0,0
2025-11-11 16:42:00,97.7,97.7,97.7,97.7,140685.09000000003,,80.0,0
2025-11-11 16:45:00,97.5,97.5,97.5,97.5,140392.03,,80.0,0
2025-11-11 16:48:00,97.6,97.6,97.6,97.6,140509.27,,80.0,0
2025-11-11 16:51:00,97.7,97.7,97.7,97.7,140685.09000000003,,80.0,0
2025-11-11 16:54:00,97.5,97.5,97.5,97.5,140392.035,,80.0,0
2025-11-11 16:57:00,97.30000000000001,97.30000000000001,97.30000000000001,97.30000000000001,140157.60499999998,,80.0,0
2025-11-11 17:00:00,97.4,97.4,97.4,97.4,140274.83,,80.0,0
2025-11-11 17:03:00,97.5,97.5,97.5,97.5,140392.03,,80.0,0
2025-11-11 17:06:00,97.6,97.6,97.6,97.6,140509.255,,80.0,0
2025-11-11 17:09:00,97.7,97.7,97.7,97.7,140626.48,,80.0,0
2025-11-11 17:12:00,97.55,97.55,97.55,97.55,140450.65,,80.0,0
2025-11-11 17:15:00,97.7,97.7,97.7,97.7,140743.7,,80.0,0
2025-11-11 17:18:00,97.5,97.5,97.5,97.5,140392.03,,80.0,0
2025-11-11 17:21:00,97.7,97.7,97.7,97.7,140626.48,,80.0,0
2025-11-11 17:24:00,97.44999999999999,97.44999999999999,97.44999999999999,97.44999999999999,140333.43,,80.0,0
2025-11-11 17:27:00,97.45,97.45,97.45,97.45,140333.43,,80.0,0
2025-11-11 17:30:00,97.45,97.45,97.45,97.45,140333.43,,80.0,0
2025-11-11 17:33:00,97.65,97.65,97.65,97.65,140567.875,,80.0,0
2025-11-11 17:36:00,97.65,97.65,97.65,97.65,140567.875,,80.0,0
2025-11-11 17:39:00,97.65,97.65,97.65,97.65,140567.875,,80.0,0
2025-11-11 17:42:00,97.65,97.65,97.65,97.65,140567.875,,80.0,0
2025-11-11 17:45:00,97.65,97.65,97.65,97.30000000000001,140098.995,,80.0,0
2025-11-11 17:48:00,97.65,97.65,97.65,97.65,140567.875,,80.0,0
2025-11-11 17:51:00,97.7,97.7,97.7,97.7,140626.48,,80.0,0
2025-11-11 17:54:00,97.4,97.4,97.4,97.4,140274.83,,80.0,0
2025-11-11 17:57:00,97.55,97.55,97.55,97.55,140450.65,,80.0,0
2025-11-11 18:00:00,97.7,97.7,97.7,97.7,140685.09000000003,,80.0,0
2025-11-11 18:03:00,97.5,97.5,97.5,97.5,140392.03,,80.0,0
2025-11-11 18:06:00,97.35,97.35,97.35,97.35,140157.595,,80.0,0
2025-11-11 18:09:00,97.55,97.55,97.55,97.55,140450.65,,80.0,0
2025-11-11 18:12:00,97.7,97.7,97.7,97.7,140626.48,,80.0,0
2025-11-11 18:15:00,97.65,97.65,97.65,97.65,140567.875,,80.0,0
2025-11-11 18:18:00,97.7,97.7,97.7,97.7,140743.7,,80.0,0
2025-11-11 18:21:00,97.6,97.6,97.6,97.6,140509.255,,80.0,0
2025-11-11 18:24:00,97.6,97.6,97.6,97.2,139923.16,,80.0,0
2025-11-11 18:27:00,97.7,97.7,97.7,97.7,140743.7,,80.0,0
2025-11-11 18:30:00,97.6,97.6,97.6,97.6,140509.255,,80.0,0
2025-11-11 18:33:00,97.6,97.6,97.6,97.6,140509.255,,80.0,0
2025-11-11 18:36:00,97.45,97.45,97.45,97.45,140274.82,,80.0,0
2025-11-11 18:39:00,97.55,97.55,97.55,97.55,140450.65,,80.0,0
2025-11-11 18:42:00,97.6,97.6,97.6,97.6,140509.255,,80.0,0
2025-11-11 18:45:00,97.7,97.7,97.7,97.7,140685.09000000003,,80.0,0
2025-11-11 18:48:00,97.4,97.4,97.4,97.4,140274.83,,80.0,0
2025-11-11 18:51:00,97.6,97.6,97.6,97.6,140509.27,,80.0,0
2025-11-11 18:54:00,97.5,97.5,97.5,97.5,140392.03,,80.0,0
2025-11-11 18:57:00,97.4,97.4,97.4,97.4,140216.215,,80.0,0
2025-11-11 19:00:00,97.7,97.7,97.7,97.7,140626.48,,80.0,0
2025-11-11 19:03:00,97.6,97.6,97.6,97.6,140509.255,,80.0,0
2025-11-11 19:06:00,97.6,97.6,97.6,97.6,140509.255,,80.0,0
2025-11-11 19:09:00,97.45,97.45,97.45,97.45,140333.43,,80.0,0
2025-11-11 19:12:00,97.6,97.6,97.6,97.6,140509.255,,80.0,0
2025-11-11 19:15:00,97.6,97.6,97.6,97.6,140509.255,,80.0,0
2025-11-11 19:18:00,97.5,97.5,97.5,97.45,140274.82,,80.0,0
2025-11-11 19:21:00,97.5,97.5,97.5,97.5,140392.03,,80.0,0
2025-11-11 19:24:00,97.5,97.5,97.5,97.5,140392.03,,80.0,0
2025-11-11 19:27:00,97.4,97.4,97.4,97.4,140274.83,,80.0,0
2025-11-11 19:30:00,97.5,97.5,97.5,97.5,140392.03,,80.0,0
2025-11-11 19:33:00,97.5,97.5,97.5,97.5,140392.03,,80.0,0
2025-11-11 19:36:00,97.5,97.5,97.5,97.5,140392.03,,80.0,0
2025-11-11 19:39:00,97.5,97.5,97.5,97.55,140450.65,,80.0,0
2025-11-11 19:42:00,97.5,97.5,97.5,97.55,140450.65,,80.0,0
2025-11-11 19:45:00,97.5,97.5,97.5,97.5,140392.03,,80.0,0
2025-11-11 19:48:00,97.5,97.5,97.5,97.5,140392.03,,80.0,0
2025-11-11 19:51:00,97.55,97.55,97.55,97.55,140450.65,,80.0,0
2025-11-11 19:54:00,97.45,97.45,97.45,97.45,140333.43,,80.0,0
2025-11-11 19:57:00,97.6,97.6,97.6,97.6,140509.255,,80.0,0
2025-11-11 20:00:00,97.5,97.5,97.5,97.2,139923.16,,80.0,0
2025-11-11 20:03:00,97.55,97.55,97.55,97.55,140450.65,,80.0,0
2025-11-11 20:06:00,97.7,97.7,97.7,97.7,140626.48,,80.0,0
2025-11-11 20:09:00,97.5,97.5,97.5,97.5,140392.03,,80.0,0
2025-11-11 20:12:00,97.5,97.5,97.5,97.5,140392.03,,80.0,0
2025-11-11 20:15:00,97.6,97.6,97.6,97.6,140509.27,,80.0,0
2025-11-11 20:18:00,97.5,97.5,97.5,97.5,140392.03,,80.0,0
2025-11-11 20:21:00,97.2,97.2,97.2,97.2,139923.16,,80.0,0
2025-11-11 20:24:00,97.45,97.45,97.45,97.45,140333.43,,80.0,0
2025-11-11 20:27:00,97.55,97.55,97.55,97.55,140450.65,,80.0,0
2025-11-11 20:30:00,97.35,97.35,97.35,97.35,140157.595,,80.0,0
2025-11-11 20:33:00,97.45,97.45,97.45,97.69999999999999,140685.10499999998,,80.0,0
2025-11-11 20:36:00,97.25,97.25,97.25,97.25,140040.375,,80.0,0
2025-11-11 20:39:00,97.45,97.45,97.45,97.45,140333.43,,80.0,0
2025-11-11 20:42:00,97.55000000000001,97.55000000000001,97.55000000000001,97.55000000000001,140450.655,,80.0,0
2025-11-11 20:45:00,97.35,97.35,97.35,97.35,140157.595,,80.0,0
2025-11-11 20:48:00,97.5,97.5,97.5,97.5,140392.03,,80.0,0
2025-11-11 20:51:00,97.55,97.55,97.55,97.55,140450.65,,80.0,0
2025-11-11 20:54:00,97.45,97.45,97.45,96.1,138399.29499999998,,80.0,0
2025-11-11 20:57:00,97.35,97.35,97.35,94.8,136523.77500000002,,80.0,0
2025-11-11 21:00:00,97.30000000000001,97.30000000000001,97.30000000000001,97.30000000000001,140098.995,,80.0,0
2025-11-11 21:03:00,97.5,97.5,97.5,97.5,140392.03,,80.0,0
2025-11-11 21:06:00,97.6,97.6,97.6,97.6,140567.865,,80.0,0
2025-11-11 21:09:00,97.15,97.15,97.15,97.15,139923.155,,80.0,0
2025-11-11 21:12:00,97.35,97.35,97.35,97.35,140157.595,,80.0,0
2025-11-11 21:15:00,97.45,97.45,97.45,97.45,140333.43,,80.0,0
2025-11-11 21:18:00,97.15,97.15,97.15,97.15,139864.55,,80.0,0
2025-11-11 21:21:00,97.3,97.3,97.3,97.3,140157.59,,80.0,0
2025-11-11 21:24:00,97.2,97.2,97.2,97.2,139923.16,,80.0,0
2025-11-11 21:27:00,97.30000000000001,97.30000000000001,97.30000000000001,97.30000000000001,140098.995,,80.0,0
2025-11-11 21:30:00,97.5,97.5,97.5,97.5,140392.03,,80.0,0
2025-11-11 21:33:00,97.4,97.4,97.4,97.4,140274.83,,80.0,0
2025-11-11 21:36:00,97.4,97.4,97.4,97.4,140274.83,,80.0,0
2025-11-11 21:39:00,97.2,97.2,97.2,97.2,139981.775,,80.0,0
2025-11-11 21:42:00,97.35,97.35,97.35,97.35,140157.595,,80.0,0
2025-11-11 21:45:00,97.15,97.15,97.15,97.15,139864.55,,80.0,0
2025-11-11 21:48:00,97.45,97.45,97.45,97.45,140333.43,,80.0,0
2025-11-11 21:51:00,97.45,97.45,97.45,97.45,140333.43,,80.0,0
2025-11-11 21:54:00,97.2,97.2,97.2,97.2,139923.16,,80.0,0
2025-11-11 21:57:00,97.5,97.5,97.5,97.5,140392.03,,80.0,0
2025-11-11 22:00:00,97.2,97.2,97.2,97.2,139923.16,,80.0,0
2025-11-11 22:03:00,97.30000000000001,97.30000000000001,97.30000000000001,97.30000000000001,140098.995,,80.0,0
2025-11-11 22:06:00,97.3,97.3,97.3,97.3,140157.59,,80.0,0
2025-11-11 22:09:00,97.45,97.45,97.45,97.45,140333.43,,80.0,0
2025-11-11 22:12:00,97.30000000000001,97.30000000000001,97.30000000000001,96.15,138457.905,,80.0,0
2025-11-11 22:15:00,97.45,97.45,97.45,97.45,140333.43,,80.0,0
2025-11-11 22:18:00,97.4,97.4,97.4,97.4,140274.83,,80.0,0
2025-11-11 22:21:00,97.4,97.4,97.4,95.6,137637.36,,80.0,0
2025-11-11 22:24:00,97.25,97.25,97.25,97.25,140040.375,,80.0,0
2025-11-11 22:27:00,97.45,97.45,97.45,97.45,140333.43,,80.0,0
2025-11-11 22:30:00,97.25,97.25,97.25,97.25,140040.385,,80.0,0
2025-11-11 22:33:00,97.55000000000001,97.55000000000001,97.55000000000001,97.55000000000001,140450.655,,80.0,0
2025-11-11 22:36:00,97.45,97.45,97.45,97.45,140333.43,,80.0,0
2025-11-11 22:39:00,97.7,97.7,97.7,97.7,140626.48,,80.0,0
2025-11-11 22:42:00,97.30000000000001,97.30000000000001,97.30000000000001,97.30000000000001,140098.995,,80.0,0
2025-11-11 22:45:00,97.5,97.5,97.5,97.5,140392.03,,80.0,0
2025-11-11 22:48:00,97.5,97.5,97.5,97.5,140392.03,,80.0,0
2025-11-11 22:51:00,97.35,97.35,97.35,97.35,140216.21,,80.0,0
2025-11-11 22:54:00,97.1,97.1,97.1,97.1,139805.94,,80.0,0
2025-11-11 22:57:00,97.2,97.2,97.2,97.2,139923.16,,80.0,0
2025-11-11 23:00:00,97.45,97.45,97.45,97.45,140333.43,,80.0,0
2025-11-11 23:03:00,97.30000000000001,97.30000000000001,97.30000000000001,97.30000000000001,140098.995,,80.0,0
2025-11-11 23:06:00,97.1,97.1,97.1,97.1,139805.94,,80.0,0
2025-11-11 23:09:00,97.65,97.65,97.65,97.65,140567.875,,80.0,0
2025-11-11 23:12:00,97.5,97.5,97.5,97.5,140392.03,,80.0,0
2025-11-11 23:15:00,97.1,97.1,97.1,97.1,139805.94,,80.0,0
2025-11-11 23:18:00,97.6,97.6,97.6,97.6,140509.255,,80.0,0
2025-11-11 23:21:00,97.30000000000001,97.30000000000001,97.30000000000001,97.30000000000001,140098.995,,80.0,0
2025-11-11 23:24:00,97.2,97.2,97.2,97.2,139923.16,,80.0,0
2025-11-11 23:27:00,97.25,97.25,97.25,97.25,140040.375,,80.0,0
2025-11-11 23:30:00,97.4,97.4,97.4,97.4,140274.83,,80.0,0
2025-11-11 23:33:00,97.45,97.45,97.45,97.45,140333.43,,80.0,0
2025-11-11 23:36:00,97.3,97.3,97.3,97.3,140157.59,,80.0,0
2025-11-11 23:39:00,97.3,97.3,97.3,97.3,140157.59,,80.0,0
2025-11-11 23:42:00,97.35,97.35,97.35,97.35,140157.595,,80.0,0
2025-11-11 23:45:00,97.5,97.5,97.5,97.5,140392.03,,80.0,0
2025-11-11 23:48:00,97.5,97.5,97.5,97.5,140392.03,,80.0,0
2025-11-11 23:51:00,97.25,97.25,97.25,97.25,140040.375,,80.0,0
2025-11-11 23:54:00,97.15,97.15,97.15,97.15,139864.55,,80.0,0
2025-11-11 23:57:00,97.25,97.25,97.25,97.25,140040.375,,80.0,0
2025-11-12 00:00:00,97.5,97.5,97.5,97.5,140392.03,,80.0,0
2025-11-12 00:03:00,97.5,97.5,97.5,97.5,140392.03,,80.0,0
2025-11-12 00:06:00,97.4,97.4,97.4,97.4,140274.83,,80.0,0
2025-11-12 00:09:00,97.7,97.7,97.7,97.7,140626.48,,80.0,0
2025-11-12 00:12:00,97.1,97.1,97.1,97.1,139805.94,,80.0,0
2025-11-12 00:15:00,97.2,97.2,97.2,97.2,139923.16,,80.0,0
2025-11-12 00:18:00,97.35,97.35,97.35,97.35,140157.595,,80.0,0
2025-11-12 00:21:00,97.35,97.35,97.35,97.35,140216.21,,80.0,0
2025-11-12 00:24:00,97.2,97.2,97.2,97.2,139981.755,,80.0,0
2025-11-12 00:27:00,97.25,97.25,97.25,97.25,140040.385,,80.0,0
2025-11-12 00:30:00,97.1,97.1,97.1,97.1,139805.94,,80.0,0
2025-11-12 00:33:00,97.35,97.35,97.35,97.35,140157.595,,80.0,0
2025-11-12 00:36:00,97.05,97.05,97.05,97.05,139805.93,,80.0,0
2025-11-12 00:39:00,97.3,97.3,97.3,97.3,140157.59,,80.0,0
2025-11-12 00:42:00,97.25,97.25,97.25,96.8,139395.65999999997,,80.0,0
2025-11-12 00:45:00,97.2,97.2,97.2,97.2,139923.16,,80.0,0
2025-11-12 00:48:00,97.45,97.45,97.45,97.45,140333.43,,80.0,0
2025-11-12 00:51:00,97.2,97.2,97.2,97.2,139923.16,,80.0,0
2025-11-12 00:54:00,97.4,97.4,97.4,97.4,140274.83,,80.0,0
2025-11-12 00:57:00,97.45,97.45,97.45,97.45,140333.43,,80.0,0
2025-11-12 01:00:00,97.3,97.3,97.3,97.3,140157.59,,80.0,0
2025-11-12 01:03:00,97.2,97.2,97.2,97.2,140040.38,,80.0,0
2025-11-12 01:06:00,97.2,97.2,97.2,97.2,139923.16,,80.0,0
2025-11-12 01:09:00,97.15,97.15,97.15,97.15,139864.55,,80.0,0
2025-11-12 01:12:00,97.3,97.3,97.3,97.3,140157.59,,80.0,0
2025-11-12 01:15:00,97.30000000000001,97.30000000000001,97.30000000000001,97.30000000000001,140098.995,,80.0,0
2025-11-12 01:18:00,97.35,97.35,97.35,97.35,140157.595,,80.0,0
2025-11-12 01:21:00,97.30000000000001,97.30000000000001,97.30000000000001,97.30000000000001,140098.995,,80.0,0
2025-11-12 01:24:00,97.2,97.2,97.2,97.45,140333.43,,80.0,0
2025-11-12 01:27:00,97.05,97.05,97.05,97.05,139747.33000000002,,80.0,0
2025-11-12 01:30:00,97.2,97.2,97.2,97.2,139923.16,,80.0,0
2025-11-12 01:33:00,97.15,97.15,97.15,97.15,139864.55,,80.0,0
2025-11-12 01:36:00,97.2,97.2,97.2,97.2,139923.16,,80.0,0
2025-11-12 01:39:00,97.2,97.2,97.2,97.2,139923.16,,80.0,0
2025-11-12 01:42:00,97.15,97.15,97.15,97.15,139864.55,,80.0,0
2025-11-12 01:45:00,97.2,97.2,97.2,96.9,139571.48,,80.0,0
2025-11-12 01:48:00,97.30000000000001,97.30000000000001,97.30000000000001,97.30000000000001,140098.995,,80.0,0
2025-11-12 01:51:00,97.2,97.2,97.2,96.65,139219.83000000002,,80.0,0
2025-11-12 01:54:00,97.25,97.25,97.25,97.25,140040.375,,80.0,0
2025-11-12 01:57:00,97.5,97.5,97.5,97.5,140392.03,,80.0,0
2025-11-12 02:00:00,97.2,97.2,97.2,97.2,139923.16,,80.0,0
2025-11-12 02:03:00,97.3,97.3,97.3,97.3,140098.985,,80.0,0
2025-11-12 02:06:00,97.1,97.1,97.1,97.1,139805.94,,80.0,0
2025-11-12 02:09:00,97.2,97.2,97.2,97.2,139923.16,,80.0,0
2025-11-12 02:12:00,97.25,97.25,97.25,97.25,140040.375,,80.0,0
2025-11-12 02:15:00,97.1,97.1,97.1,97.1,139805.94,,80.0,0
2025-11-12 02:18:00,97.0,97.0,97.0,97.0,139688.72,,80.0,0
2025-11-12 02:21:00,97.1,97.1,97.1,97.1,139805.94,,80.0,0
2025-11-12 02:24:00,97.15,97.15,97.15,97.15,139864.55,,80.0,0
2025-11-12 02:27:00,97.15,97.15,97.15,97.15,139864.55,,80.0,0
2025-11-12 02:30:00,97.35,97.35,97.35,97.35,140157.60499999998,,80.0,0
2025-11-12 02:33:00,97.0,97.0,97.0,97.0,139688.715,,80.0,0
2025-11-12 02:36:00,97.05,97.05,97.05,97.05,139747.33000000002,,80.0,0
2025-11-12 02:39:00,97.2,97.2,97.2,97.2,139923.16,,80.0,0
2025-11-12 02:42:00,97.5,97.5,97.5,97.5,140392.03,,80.0,0
2025-11-12 02:45:00,97.15,97.15,97.15,97.15,139864.55,,80.0,0
2025-11-12 02:48:00,97.30000000000001,97.30000000000001,97.30000000000001,97.30000000000001,140098.995,,80.0,0
2025-11-12 02:51:00,97.1,97.1,97.1,97.1,139805.94,,80.0,0
2025-11-12 02:54:00,97.05,97.05,97.05,97.05,139747.33000000002,,80.0,0
2025-11-12 02:57:00,97.2,97.2,97.2,97.2,139923.16,,80.0,0
2025-11-12 03:00:00,97.2,97.2,97.2,97.2,139981.755,,80.0,0
2025-11-12 03:03:00,97.15,97.15,97.15,97.15,139864.55,,80.0,0
2025-11-12 03:06:00,97.35,97.35,97.35,97.35,140157.595,,80.0,0
2025-11-12 03:09:00,97.0,97.0,97.0,97.0,139688.72,,80.0,0
2025-11-12 03:12:00,97.1,97.1,97.1,97.1,139805.94,,80.0,0
2025-11-12 03:15:00,97.55,97.55,97.55,97.55,140450.65,,80.0,0
2025-11-12 03:18:00,97.4,97.4,97.4,97.4,140216.21000000002,,80.0,0
2025-11-12 03:21:00,97.4,97.4,97.4,97.4,140216.215,,80.0,0
2025-11-12 03:24:00,97.1,97.1,97.1,97.1,139805.94,,80.0,0
2025-11-12 03:27:00,97.45,97.45,97.45,97.45,140333.43,,80.0,0
2025-11-12 03:30:00,97.5,97.5,97.5,97.5,140392.03,,80.0,0
2025-11-12 03:33:00,97.35,97.35,97.35,97.35,140216.21,,80.0,0
2025-11-12 03:36:00,97.35,97.35,97.35,97.35,140157.595,,80.0,0
2025-11-12 03:39:00,97.1,97.1,97.1,97.1,139805.94,,80.0,0
2025-11-12 03:42:00,97.1,97.1,97.1,97.1,139805.94,,80.0,0
2025-11-12 03:45:00,97.25,97.25,97.25,96.8,139454.27,,80.0,0
2025-11-12 03:48:00,97.25,97.25,97.25,97.25,140040.375,,80.0,0
2025-11-12 03:51:00,97.30000000000001,97.30000000000001,97.30000000000001,97.30000000000001,140098.995,,80.0,0
2025-11-12 03:54:00,97.35,97.35,97.35,97.35,140157.595,,80.0,0
2025-11-12 03:57:00,97.25,97.25,97.25,97.25,140040.375,,80.0,0
2025-11-12 04:00:00,97.2,97.2,97.2,97.2,139923.16,,80.0,0
2025-11-12 04:03:00,97.0,97.0,97.0,97.0,139688.72,,80.0,0
2025-11-12 04:06:00,97.1,97.1,97.1,97.1,139805.94,,80.0,0
2025-11-12 04:09:00,97.1,97.1,97.1,97.1,139805.94,,80.0,0
2025-11-12 04:12:00,97.2,97.2,97.2,97.2,139923.16,,80.0,0
2025-11-12 04:15:00,97.15,97.15,97.15,97.15,139864.55,,80.0,0
2025-11-12 04:18:00,97.05,97.05,97.05,97.05,139747.33000000002,,80.0,0
2025-11-12 04:21:00,97.2,97.2,97.2,97.2,139923.16,,80.0,0
2025-11-12 04:24:00,97.0,97.0,97.0,97.0,139688.715,,80.0,0
2025-11-12 04:27:00,97.0,97.0,97.0,97.0,139688.72,,80.0,0
2025-11-12 04:30:00,97.2,97.2,97.2,97.2,139981.77000000002,,80.0,0
2025-11-12 04:33:00,96.9,96.9,96.9,96.9,139571.495,,80.0,0
2025-11-12 04:36:00,97.2,97.2,97.2,97.2,139923.16,,80.0,0
2025-11-12 04:39:00,97.0,97.0,97.0,97.0,139688.71,,80.0,0
2025-11-12 04:42:00,96.9,96.9,96.9,96.9,139571.495,,80.0,0
2025-11-12 04:45:00,96.9,96.9,96.9,96.9,139512.885,,80.0,0
2025-11-12 04:48:00,97.05,97.05,97.05,97.05,139747.33000000002,,80.0,0
2025-11-12 04:51:00,97.35,97.35,97.35,97.35,140157.595,,80.0,0
2025-11-12 04:54:00,97.2,97.2,97.2,97.2,139923.16,,80.0,0
2025-11-12 04:57:00,97.05,97.05,97.05,97.05,139747.33000000002,,80.0,0
2025-11-12 05:00:00,96.94999999999999,96.94999999999999,96.94999999999999,96.94999999999999,139630.10499999998,,80.0,0
2025-11-12 05:03:00,97.1,97.1,97.1,97.1,139805.94,,80.0,0
2025-11-12 05:06:00,97.1,97.1,97.1,97.1,139805.94,,80.0,0
2025-11-12 05:09:00,97.15,97.15,97.15,97.15,139864.55,,80.0,0
2025-11-12 05:12:00,97.05,97.05,97.05,97.05,139747.33000000002,,80.0,0
2025-11-12 05:15:00,97.2,97.2,97.2,97.2,139923.16,,80.0,0
2025-11-12 05:18:00,97.05,97.05,97.05,97.05,139747.33000000002,,80.0,0
2025-11-12 05:21:00,96.85,96.85,96.85,96.85,139512.875,,80.0,0
2025-11-12 05:24:00,97.2,97.2,97.2,97.2,139923.16,,80.0,0
2025-11-12 05:27:00,97.1,97.1,97.1,97.1,139805.94,,80.0,0
2025-11-12 05:30:00,96.80000000000001,96.80000000000001,96.80000000000001,96.80000000000001,139395.655,,80.0,0
2025-11-12 05:33:00,96.8,96.8,96.8,96.8,139454.27,,80.0,0
2025-11-12 05:36:00,96.9,96.9,96.9,96.9,139571.48,,80.0,0
2025-11-12 05:39:00,97.05,97.05,97.05,97.05,139747.33000000002,,80.0,0
2025-11-12 05:42:00,96.8,96.8,96.8,96.8,139454.27,,80.0,0
2025-11-12 05:45:00,97.15,97.15,97.15,97.15,139864.55,,80.0,0
2025-11-12 05:48:00,96.75,96.75,96.75,96.75,139278.44,,80.0,0
2025-11-12 05:51:00,97.2,97.2,97.2,97.2,139923.16,,80.0,0
2025-11-12 05:54:00,97.1,97.1,97.1,97.1,139864.55,,80.0,0
2025-11-12 05:57:00,96.9,96.9,96.9,96.9,139571.48,,80.0,0
2025-11-12 06:00:00,97.1,97.1,97.1,97.1,139805.94,,80.0,0
2025-11-12 06:03:00,97.1,97.1,97.1,97.1,139805.94,,80.0,0
2025-11-12 06:06:00,97.2,97.2,97.2,97.2,139923.16,,80.0,0
2025-11-12 06:09:00,97.1,97.1,97.1,97.1,139805.94,,80.0,0
2025-11-12 06:12:00,97.1,97.1,97.1,96.7,139219.83,,80.0,0
2025-11-12 06:15:00,97.1,97.1,97.1,97.1,139805.94,,80.0,0
2025-11-12 06:18:00,97.05,97.05,97.05,97.05,139747.33000000002,,80.0,0
2025-11-12 06:21:00,97.2,97.2,97.2,97.2,139981.775,,80.0,0
2025-11-12 06:24:00,97.05,97.05,97.05,97.45,140274.82,,80.0,0
2025-11-12 06:27:00,96.95,96.95,96.95,96.95,139630.1,,80.0,0
2025-11-12 06:30:00,97.0,97.0,97.0,97.0,139688.72,,80.0,0
2025-11-12 06:33:00,97.05,97.05,97.05,97.05,139747.33000000002,,80.0,0
2025-11-12 06:36:00,97.0,97.0,97.0,97.0,139688.72,,80.0,0
2025-11-12 06:39:00,97.0,97.0,97.0,97.0,139688.72,,80.0,0
2025-11-12 06:42:00,96.9,96.9,96.9,96.9,139512.885,,80.0,0
2025-11-12 06:45:00,97.2,97.2,97.2,97.2,139923.16,,80.0,0
2025-11-12 06:48:00,97.05,97.05,97.05,97.05,139747.33000000002,,80.0,0
2025-11-12 06:51:00,97.05,97.05,97.05,97.05,139747.33000000002,,80.0,0
2025-11-12 06:54:00,96.85,96.85,96.85,96.85,139512.875,,80.0,0
2025-11-12 06:57:00,97.0,97.0,97.0,97.0,139688.72,,80.0,0
2025-11-12 07:00:00,97.0,97.0,97.0,97.0,139688.72,,80.0,0
2025-11-12 07:03:00,97.1,97.1,97.1,97.1,139805.94,,80.0,0
2025-11-12 07:06:00,97.0,97.0,97.0,97.0,139688.72,,80.0,0
2025-11-12 07:09:00,97.15,97.15,97.15,97.15,139864.55,,80.0,0
2025-11-12 07:12:00,97.05,97.05,97.05,97.3,140098.985,,80.0,0
2025-11-12 07:15:00,97.0,97.0,97.0,97.0,139688.72,,80.0,0
2025-11-12 07:18:00,97.05,97.05,97.05,97.05,139747.33000000002,,80.0,0
2025-11-12 07:21:00,97.1,97.1,97.1,97.1,139805.94,,80.0,0
2025-11-12 07:24:00,97.05,97.05,97.05,96.65,139161.21999999997,,80.0,0
2025-11-12 07:27:00,97.05,97.05,97.05,97.05,139747.33000000002,,80.0,0
2025-11-12 07:30:00,97.1,97.1,97.1,97.1,139805.94,,80.0,0
2025-11-12 07:33:00,97.0,97.0,97.0,97.0,139688.72,,80.0,0
2025-11-12 07:36:00,97.15,97.15,97.15,97.15,139864.55,,80.0,0
2025-11-12 07:39:00,96.95,96.95,96.95,96.95,139630.1,,80.0,0
2025-11-12 07:42:00,97.0,97.0,97.0,97.4,140274.83,,80.0,0
2025-11-12 07:45:00,97.0,97.0,97.0,96.7,139219.83,,80.0,0
2025-11-12 07:48:00,96.95,96.95,96.95,96.95,139630.1,,80.0,0
2025-11-12 07:51:00,97.0,97.0,97.0,97.0,139688.72,,80.0,0
2025-11-12 07:54:00,97.0,97.0,97.0,97.0,139688.72,,80.0,0
2025-11-12 07:57:00,97.1,97.1,97.1,97.1,139805.94,,80.0,0
2025-11-12 08:00:00,96.9,96.9,96.9,96.9,139571.495,,80.0,0
2025-11-12 08:03:00,96.9,96.9,96.9,96.9,139571.495,,80.0,0
2025-11-12 08:06:00,96.9,96.9,96.9,96.8,139454.27,,80.0,0
2025-11-12 08:09:00,96.8,96.8,96.8,96.8,139454.27,,80.0,0
2025-11-12 08:12:00,96.8,96.8,96.8,96.8,139395.65999999997,,80.0,0
2025-11-12 08:15:00,96.8,96.8,96.8,96.8,139454.27,,80.0,0
2025-11-12 08:18:00,96.8,96.8,96.8,96.8,139454.27,,80.0,0
2025-11-12 08:21:00,96.8,96.8,96.8,97.05,139747.33000000002,,80.0,0
2025-11-12 08:24:00,96.8,96.8,96.8,96.8,139454.27,,80.0,0
2025-11-12 08:27:00,96.8,96.8,96.8,96.8,139454.27,,80.0,0
2025-11-12 08:30:00,97.0,97.0,97.0,97.0,139688.72,,80.0,0
2025-11-12 08:33:00,96.9,96.9,96.9,97.35,140216.21,,80.0,0
2025-11-12 08:36:00,96.9,96.9,96.9,96.9,139571.495,,80.0,0
2025-11-12 08:39:00,96.85,96.85,96.85,96.85,139512.875,,80.0,0
2025-11-12 08:42:00,96.8,96.8,96.8,96.8,139454.27,,80.0,0
2025-11-12 08:45:00,96.95,96.95,96.95,96.95,139630.1,,80.0,0
2025-11-12 08:48:00,96.95,96.95,96.95,96.95,139630.1,,80.0,0
2025-11-12 08:51:00,96.9,96.9,96.9,96.9,139571.48,,80.0,0
2025-11-12 08:54:00,96.75,96.75,96.75,96.75,139337.05,,80.0,0
2025-11-12 08:57:00,96.6,96.6,96.6,96.6,139102.61,,80.0,0
2025-11-12 09:00:00,96.6,96.6,96.6,96.6,139102.62,,80.0,0
2025-11-12 09:03:00,96.80000000000001,96.80000000000001,96.80000000000001,96.80000000000001,139395.655,,80.0,0
2025-11-12 09:06:00,96.9,96.9,96.9,96.9,139571.48,,80.0,0
2025-11-12 09:09:00,97.0,97.0,97.0,97.0,139688.72,,80.0,0
2025-11-12 09:12:00,97.1,97.1,97.1,97.1,139805.94,,80.0,0
2025-11-12 09:15:00,96.85,96.85,96.85,96.85,139512.875,,80.0,0
2025-11-12 09:18:00,96.85,96.85,96.85,96.85,139512.875,,80.0,0
2025-11-12 09:21:00,96.85,96.85,96.85,96.85,139512.875,,80.0,0
2025-11-12 09:24:00,96.8,96.8,96.8,96.8,139454.27,,80.0,0
2025-11-12 09:27:00,97.0,97.0,97.0,97.0,139688.72,,80.0,0
2025-11-12 09:30:00,96.95,96.95,96.95,96.95,139630.1,,80.0,0
2025-11-12 09:33:00,96.85,96.85,96.85,96.85,139512.875,,80.0,0
2025-11-12 09:36:00,97.0,97.0,97.0,97.0,139688.72,,80.0,0
2025-11-12 09:39:00,97.0,97.0,97.0,97.0,139688.72,,80.0,0
2025-11-12 09:42:00,96.9,96.9,96.9,96.9,139571.48,,80.0,0
2025-11-12 09:45:00,96.85,96.85,96.85,96.85,139512.875,,80.0,0
2025-11-12 09:48:00,96.9,96.9,96.9,96.9,139571.48,,80.0,0
2025-11-12 09:51:00,97.05,97.05,97.05,97.05,139747.33000000002,,80.0,0
2025-11-12 09:54:00,97.0,97.0,97.0,97.0,139688.72,,80.0,0
2025-11-12 09:57:00,96.8,96.8,96.8,96.8,139454.27,,80.0,0
2025-11-12 10:00:00,96.9,96.9,96.9,96.9,139571.495,,80.0,0
2025-11-12 10:03:00,96.95,96.95,96.95,96.95,139630.1,,80.0,0
2025-11-12 10:06:00,96.8,96.8,96.8,96.8,139454.27,,80.0,0
2025-11-12 10:09:00,96.8,96.8,96.8,96.8,139454.27,,80.0,0
2025-11-12 10:12:00,96.85,96.85,96.85,96.6,139102.62,,80.0,0
2025-11-12 10:15:00,97.0,97.0,97.0,97.0,139688.72,,80.0,0
2025-11-12 10:18:00,96.85,96.85,96.85,96.85,139454.275,,80.0,0
2025-11-12 10:21:00,96.8,96.8,96.8,96.8,139454.27,,80.0,0
2025-11-12 10:24:00,97.0,97.0,97.0,97.0,139688.72,,80.0,0
2025-11-12 10:27:00,96.9,96.9,96.9,96.9,139571.495,,80.0,0
2025-11-12 10:30:00,96.8,96.8,96.8,96.8,139454.27,,80.0,0
2025-11-12 10:33:00,96.85,96.85,96.85,96.85,139512.875,,80.0,0
2025-11-12 10:36:00,96.95,96.95,96.95,96.95,139630.1,,80.0,0
2025-11-12 10:39:00,96.85,96.85,96.85,96.85,139512.875,,80.0,0
2025-11-12 10:42:00,96.8,96.8,96.8,96.8,139454.27,,80.0,0
2025-11-12 10:45:00,96.9,96.9,96.9,96.9,139571.48,,80.0,0
2025-11-12 10:48:00,96.85,96.85,96.85,96.85,139454.275,,80.0,0
2025-11-12 10:51:00,96.80000000000001,96.80000000000001,96.80000000000001,96.80000000000001,139395.655,,80.0,0
2025-11-12 10:54:00,97.0,97.0,97.0,97.0,139688.72,,80.0,0
2025-11-12 10:57:00,96.8,96.8,96.8,96.8,139454.27,,80.0,0
2025-11-12 11:00:00,96.8,96.8,96.8,96.8,139395.65999999997,,80.0,1
2025-11-12 11:03:00,96.85,96.85,96.85,96.85,139512.875,,80.0,1
2025-11-12 11:06:00,97.0,97.0,97.0,97.0,139688.71000000002,,80.0,1
2025-11-12 11:09:00,97.0,97.0,97.0,96.75,139337.055,,80.0,1
2025-11-12 11:12:00,97.0,97.0,97.0,97.0,139688.72,,80.0,1
2025-11-12 11:15:00,97.25,97.25,97.25,97.25,140040.375,,80.0,1
2025-11-12 11:18:00,97.3,97.3,97.3,97.3,140157.59,,80.0,1
2025-11-12 11:21:00,97.4,97.4,97.4,97.4,140274.83,,80.0,1
2025-11-12 11:24:00,97.45,97.45,97.45,97.5,140392.03,,80.0,1
2025-11-12 11:27:00,97.5,97.5,97.5,97.45,140333.43,,80.0,1
2025-11-12 11:30:00,97.7,97.7,97.7,97.7,140626.48,,80.0,1
2025-11-12 11:33:00,97.7,97.7,97.7,97.7,140685.09000000003,,80.0,1
2025-11-12 11:36:00,97.75,97.75,97.75,97.8,140860.94,,80.0,1
2025-11-12 11:39:00,97.8,97.8,97.8,97.8,140860.94,,80.0,1
2025-11-12 11:42:00,97.75,97.75,97.75,97.75,140802.32,,80.0,1
2025-11-12 11:45:00,97.9,97.9,97.9,97.9,140978.14,,80.0,1
2025-11-12 11:48:00,97.9,97.9,97.9,97.9,140978.14,,80.0,1
2025-11-12 11:51:00,98.1,98.1,98.1,98.1,141329.78,,80.0,1
2025-11-12 11:54:00,98.15,98.15,98.15,98.15,141388.39,,80.0,1
2025-11-12 11:57:00,97.9,97.9,97.9,97.9,140978.16,,80.0,1
2025-11-12 12:00:00,98.1,98.1,98.1,98.1,141329.78,,80.0,1
2025-11-12 12:03:00,98.4,98.4,98.4,98.4,141681.45,,80.0,1
2025-11-12 12:06:00,98.4,98.4,98.4,98.4,141681.45,,80.0,1
2025-11-12 12:09:00,98.4,98.4,98.4,98.4,141681.44,,80.0,1
2025-11-12 12:12:00,98.19999999999999,98.19999999999999,98.19999999999999,98.19999999999999,141447.005,,80.0,1
2025-11-12 12:15:00,98.4,98.4,98.4,98.15,141388.39,,80.0,1
2025-11-12 12:18:00,98.5,98.5,98.5,98.5,141798.67,,80.0,1
2025-11-12 12:21:00,98.45,98.45,98.45,98.45,141740.055,,80.0,1
2025-11-12 12:24:00,98.5,98.5,98.5,98.5,141857.28000000003,,80.0,1
2025-11-12 12:27:00,98.65,98.65,98.65,98.65,142033.11,,80.0,1
2025-11-12 12:30:00,98.65,98.65,98.65,99.0,142560.61,,80.0,0
2025-11-12 12:33:00,98.95,98.95,98.95,98.65,142091.72,,80.0,1
2025-11-12 12:36:00,98.95,98.95,98.95,98.95,142443.39,,80.0,1
2025-11-12 12:39:00,99.1,99.1,99.1,99.1,142736.44,,80.0,0
2025-11-12 12:42:00,99.1,99.1,99.1,99.35,143029.495,,80.0,0
2025-11-12 12:45:00,99.1,99.1,99.1,99.1,142736.44,,80.0,0
2025-11-12 12:48:00,99.15,99.15,99.15,99.15,142795.05,,80.0,0
2025-11-12 12:51:00,99.15,99.15,99.15,99.15,142795.05,,80.0,0
2025-11-12 12:54:00,99.1,99.1,99.1,99.1,142677.83000000002,,80.0,0
2025-11-12 12:57:00,99.1,99.1,99.1,99.1,142677.83000000002,,80.0,0
2025-11-12 13:00:00,98.95,98.95,98.95,98.95,142443.39,,80.0,0
2025-11-12 13:03:00,99.05,99.05,99.05,99.05,142677.83000000002,,80.0,0
2025-11-12 13:06:00,99.1,99.1,99.1,99.1,142736.44,,80.0,1
2025-11-12 13:09:00,99.1,99.1,99.1,99.1,142736.44,,80.0,0
2025-11-12 13:12:00,99.0,99.0,99.0,99.0,142502.0,,80.0,0
2025-11-12 13:15:00,99.05,99.05,99.05,99.05,142619.22,,80.0,1
2025-11-12 13:18:00,99.3,99.3,99.3,99.3,142970.88,,80.0,0
2025-11-12 13:21:00,99.19999999999999,99.19999999999999,99.19999999999999,99.19999999999999,142853.66,,80.0,0
2025-11-12 13:24:00,99.3,99.3,99.3,99.3,142970.88,,80.0,0
2025-11-12 13:27:00,99.3,99.3,99.3,98.9,142384.77500000002,,80.0,0
2025-11-12 13:30:00,99.5,99.5,99.5,99.5,143322.55,,80.0,0
2025-11-12 13:33:00,99.25,99.25,99.25,99.25,142912.27000000002,,80.0,1
2025-11-12 13:36:00,99.3,99.3,99.3,99.3,142970.88,,80.0,0
2025-11-12 13:39:00,99.3,99.3,99.3,99.3,142970.88,,80.0,0
2025-11-12 13:42:00,99.35,99.35,99.35,99.35,143029.495,,80.0,0
2025-11-12 13:45:00,99.3,99.3,99.3,99.3,142970.88,,80.0,0
2025-11-12 13:48:00,99.25,99.25,99.25,99.25,142912.27000000002,,80.0,0
2025-11-12 13:51:00,99.4,99.4,99.4,99.4,143088.11,,80.0,0
2025-11-12 13:54:00,99.45,99.45,99.45,99.45,143263.94,,80.0,0
2025-11-12 13:57:00,99.25,99.25,99.25,99.25,142970.885,,80.0,0
2025-11-12 14:00:00,99.35,99.35,99.35,99.35,143088.10499999998,,80.0,0
2025-11-12 14:03:00,99.35,99.35,99.35,99.35,143029.495,,80.0,0
2025-11-12 14:06:00,99.4,99.4,99.4,99.4,143088.11,,80.0,0
2025-11-12 14:09:00,99.3,99.3,99.3,99.3,142970.88,,80.0,0
2025-11-12 14:12:00,99.15,99.15,99.15,99.15,142795.05,,80.0,0
2025-11-12 14:15:00,99.0,99.0,99.0,99.0,142502.0,,80.0,0
2025-11-12 14:18:00,99.1,99.1,99.1,99.1,142677.83000000002,,80.0,0
2025-11-12 14:21:00,99.25,99.25,99.25,99.25,142970.885,,80.0,0
2025-11-12 14:24:00,99.15,99.15,99.15,99.15,142795.05,,80.0,0
2025-11-12 14:27:00,99.05,99.05,99.05,99.05,142677.83000000002,,80.0,0
2025-11-12 14:30:00,99.2,99.2,99.2,99.2,142853.66,,80.0,0
2025-11-12 14:33:00,99.19999999999999,99.19999999999999,99.19999999999999,99.19999999999999,142853.66,,80.0,0
2025-11-12 14:36:00,99.2,99.2,99.2,98.5,141915.89,,80.0,0
2025-11-12 14:39:00,99.2,99.2,99.2,99.15,142795.05,,80.0,0
2025-11-12 14:42:00,99.2,99.2,99.2,99.2,142853.66,,80.0,0
2025-11-12 14:45:00,99.2,99.2,99.2,99.2,142912.275,,80.0,0
2025-11-12 14:48:00,99.35,99.35,99.35,99.35,143088.10499999998,,80.0,0
2025-11-12 14:51:00,99.3,99.3,99.3,99.3,142970.88,,80.0,0
2025-11-12 14:54:00,99.3,99.3,99.3,99.3,142970.88,,80.0,0
2025-11-12 14:57:00,99.4,99.4,99.4,99.4,143088.11,,80.0,0
2025-11-12 15:00:00,99.4,99.4,99.4,99.4,143205.33,,80.0,0
2025-11-12 15:03:00,99.4,99.4,99.4,99.4,143205.33,,80.0,0
2025-11-12 15:06:00,99.19999999999999,99.19999999999999,99.19999999999999,99.19999999999999,142853.66,,80.0,0
2025-11-12 15:09:00,99.4,99.4,99.4,99.4,143088.11,,80.0,0
2025-11-12 15:12:00,99.2,99.2,99.2,99.2,142853.66,,80.0,0
2025-11-12 15:15:00,99.2,99.2,99.2,99.2,142853.66,,80.0,0
2025-11-12 15:18:00,99.4,99.4,99.4,99.4,143088.11,,80.0,0
2025-11-12 15:21:00,99.19999999999999,99.19999999999999,99.19999999999999,99.19999999999999,142853.66,,80.0,0
2025-11-12 15:24:00,99.3,99.3,99.3,99.3,142970.88,,80.0,0
2025-11-12 15:27:00,99.35,99.35,99.35,99.35,143029.495,,80.0,0
2025-11-12 15:30:00,99.19999999999999,99.19999999999999,99.19999999999999,99.19999999999999,142853.66,,80.0,0
2025-11-12 15:33:00,99.1,99.1,99.1,99.1,142736.44,,80.0,0
2025-11-12 15:36:00,99.25,99.25,99.25,99.25,142912.27000000002,,80.0,0
2025-11-12 15:39:00,99.3,99.3,99.3,99.3,142970.88,,80.0,0
2025-11-12 15:42:00,99.3,99.3,99.3,99.3,142970.88,,80.0,0
2025-11-12 15:45:00,99.2,99.2,99.2,99.2,142853.66,,80.0,0
2025-11-12 15:48:00,99.19999999999999,99.19999999999999,99.19999999999999,99.19999999999999,142853.66,,80.0,0
2025-11-12 15:51:00,99.15,99.15,99.15,99.15,142795.05,,80.0,0
2025-11-12 15:54:00,99.30000000000001,99.30000000000001,99.30000000000001,99.30000000000001,142970.885,,80.0,0
2025-11-12 15:57:00,99.2,99.2,99.2,99.2,142853.66,,80.0,0
2025-11-12 16:00:00,99.0,99.0,99.0,99.0,142560.61,,80.0,0
2025-11-12 16:03:00,99.1,99.1,99.1,99.1,142736.44,,80.0,0
2025-11-12 16:06:00,99.1,99.1,99.1,99.1,142736.44,,80.0,0
2025-11-12 16:09:00,99.1,99.1,99.1,99.1,142736.44,,80.0,0
2025-11-12 16:12:00,99.2,99.2,99.2,99.2,142853.66,,80.0,0
2025-11-12 16:15:00,99.3,99.3,99.3,99.3,142970.88,,80.0,0
2025-11-12 16:18:00,99.2,99.2,99.2,98.6,142033.11,,80.0,0
2025-11-12 16:21:00,99.4,99.4,99.4,99.4,143088.11,,80.0,0
2025-11-12 16:24:00,99.3,99.3,99.3,99.3,142970.88,,80.0,0
2025-11-12 16:27:00,99.25,99.25,99.25,99.25,142912.27000000002,,80.0,0
2025-11-12 16:30:00,99.1,99.1,99.1,99.1,142736.44,,80.0,0
2025-11-12 16:33:00,99.2,99.2,99.2,99.2,142853.66,,80.0,0
2025-11-12 16:36:00,99.30000000000001,99.30000000000001,99.30000000000001,99.30000000000001,142970.885,,80.0,0
2025-11-12 16:39:00,99.1,99.1,99.1,99.1,142677.83000000002,,80.0,0
2025-11-12 16:42:00,99.35,99.35,99.35,99.35,143029.495,,80.0,0
2025-11-12 16:45:00,99.3,99.3,99.3,99.3,142970.88,,80.0,0
2025-11-12 16:48:00,99.0,99.0,99.0,99.0,142502.0,,80.0,0
2025-11-12 16:51:00,99.3,99.3,99.3,99.3,142970.88,,80.0,0
2025-11-12 16:54:00,99.35,99.35,99.35,99.35,143088.10499999998,,80.0,0
2025-11-12 16:57:00,99.2,99.2,99.2,99.2,142853.66,,80.0,0
2025-11-12 17:00:00,99.25,99.25,99.25,99.25,142912.27000000002,,80.0,0
2025-11-12 17:03:00,99.5,99.5,99.5,99.5,143322.55,,80.0,0
2025-11-12 17:06:00,99.4,99.4,99.4,99.4,143146.715,,80.0,0
2025-11-12 17:09:00,99.4,99.4,99.4,99.4,143205.33,,80.0,0
2025-11-12 17:12:00,99.4,99.4,99.4,99.4,143146.71999999997,,80.0,0
2025-11-12 17:15:00,99.35,99.35,99.35,99.35,143029.495,,80.0,0
2025-11-12 17:18:00,99.30000000000001,99.30000000000001,99.30000000000001,99.30000000000001,142970.885,,80.0,0
2025-11-12 17:21:00,99.1,99.1,99.1,99.1,142736.44,,80.0,0
2025-11-12 17:24:00,99.35,99.35,99.35,99.35,143029.495,,80.0,0
2025-11-12 17:27:00,99.19999999999999,99.19999999999999,99.19999999999999,99.19999999999999,142853.66,,80.0,0
2025-11-12 17:30:00,99.2,99.2,99.2,99.2,142853.66,,80.0,0
2025-11-12 17:33:00,99.3,99.3,99.3,99.3,142970.88,,80.0,0
2025-11-12 17:36:00,99.3,99.3,99.3,99.3,142970.88,,80.0,0
2025-11-12 17:39:00,99.4,99.4,99.4,99.4,143088.11,,80.0,0
2025-11-12 17:42:00,99.3,99.3,99.3,99.3,142970.88,,80.0,0
2025-11-12 17:45:00,99.4,99.4,99.4,99.4,143088.11,,80.0,0
2025-11-12 17:48:00,99.15,99.15,99.15,99.15,142795.05,,80.0,0
2025-11-12 17:51:00,99.3,99.3,99.3,99.3,142970.88,,80.0,0
2025-11-12 17:54:00,99.15,99.15,99.15,99.15,142795.05,,80.0,0
2025-11-12 17:57:00,99.4,99.4,99.4,99.4,143205.33,,80.0,0
2025-11-12 18:00:00,99.4,99.4,99.4,99.4,143205.33,,80.0,0
2025-11-12 18:03:00,99.3,99.3,99.3,99.3,142970.88,,80.0,0
2025-11-12 18:06:00,99.25,99.25,99.25,99.25,142912.27000000002,,80.0,0
2025-11-12 18:09:00,99.3,99.3,99.3,99.3,142970.88,,80.0,0
2025-11-12 18:12:00,99.15,99.15,99.15,99.15,142795.05,,80.0,0
2025-11-12 18:15:00,99.3,99.3,99.3,99.3,142970.88,,80.0,0
2025-11-12 18:18:00,99.25,99.25,99.25,98.69999999999999,142150.33500000002,,80.0,0
2025-11-12 18:21:00,99.35,99.35,99.35,99.35,143088.10499999998,,80.0,0
2025-11-12 18:24:00,99.2,99.2,99.2,99.2,142853.66,,80.0,0
2025-11-12 18:27:00,99.3,99.3,99.3,99.3,142970.88,,80.0,0
2025-11-12 18:30:00,99.2,99.2,99.2,99.2,142853.66,,80.0,0
2025-11-12 18:33:00,99.05,99.05,99.05,99.05,142619.22,,80.0,0
2025-11-12 18:36:00,99.3,99.3,99.3,99.3,142970.88,,80.0,0
2025-11-12 18:39:00,99.2,99.2,99.2,99.2,142853.66,,80.0,0
2025-11-12 18:42:00,99.2,99.2,99.2,99.2,142853.66,,80.0,0
2025-11-12 18:45:00,99.35,99.35,99.35,99.35,143088.10499999998,,80.0,0
2025-11-12 18:48:00,99.30000000000001,99.30000000000001,99.30000000000001,99.30000000000001,143029.495,,80.0,0
2025-11-12 18:51:00,99.15,99.15,99.15,99.15,142795.05,,80.0,0
2025-11-12 18:54:00,99.35,99.35,99.35,99.35,143029.495,,80.0,0
2025-11-12 18:57:00,99.2,99.2,99.2,99.2,142853.66,,80.0,0
2025-11-12 19:00:00,99.19999999999999,99.19999999999999,99.19999999999999,99.19999999999999,142853.66,,80.0,0
2025-11-12 19:03:00,99.1,99.1,99.1,99.1,142736.44,,80.0,0
2025-11-12 19:06:00,99.05,99.05,99.05,99.05,142619.22,,80.0,0
2025-11-12 19:09:00,99.3,99.3,99.3,99.3,142970.88,,80.0,0
2025-11-12 19:12:00,99.4,99.4,99.4,99.4,143088.11,,80.0,0
2025-11-12 19:15:00,99.4,99.4,99.4,99.4,143088.11,,80.0,0
2025-11-12 19:18:00,99.45,99.45,99.45,99.45,143263.94,,80.0,0
2025-11-12 19:21:00,99.25,99.25,99.25,99.25,142912.27000000002,,80.0,0
2025-11-12 19:24:00,99.2,99.2,99.2,99.2,142853.66,,80.0,0
2025-11-12 19:27:00,99.3,99.3,99.3,99.3,142970.88,,80.0,0
2025-11-12 19:30:00,99.3,99.3,99.3,99.3,142970.88,,80.0,0
2025-11-12 19:33:00,99.4,99.4,99.4,99.4,143088.11,,80.0,0
2025-11-12 19:36:00,99.1,99.1,99.1,99.1,142677.83000000002,,80.0,0
2025-11-12 19:39:00,99.19999999999999,99.19999999999999,99.19999999999999,99.19999999999999,142853.66,,80.0,0
2025-11-12 19:42:00,99.1,99.1,99.1,99.1,142736.44,,80.0,0
2025-11-12 19:45:00,99.19999999999999,99.19999999999999,99.19999999999999,98.75,142150.33500000002,,80.0,0
2025-11-12 19:48:00,99.19999999999999,99.19999999999999,99.19999999999999,99.19999999999999,142853.66,,80.0,0
2025-11-12 19:51:00,99.2,99.2,99.2,99.2,142853.66,,80.0,0
2025-11-12 19:54:00,99.1,99.1,99.1,99.1,142736.44,,80.0,0
2025-11-12 19:57:00,99.19999999999999,99.19999999999999,99.19999999999999,99.19999999999999,142853.66,,80.0,0
2025-11-12 20:00:00,99.0,99.0,99.0,99.0,142560.61,,80.0,0
2025-11-12 20:03:00,99.05,99.05,99.05,99.05,142677.83000000002,,80.0,0
2025-11-12 20:06:00,99.2,99.2,99.2,99.2,142853.66,,80.0,0
2025-11-12 20:09:00,99.35,99.35,99.35,99.35,143029.495,,80.0,0
2025-11-12 20:12:00,99.3,99.3,99.3,99.3,142970.88,,80.0,0
2025-11-12 20:15:00,99.3,99.3,99.3,99.3,142970.88,,80.0,0
2025-11-12 20:18:00,99.2,99.2,99.2,99.2,142853.66,,80.0,0
2025-11-12 20:21:00,99.0,99.0,99.0,99.0,142619.22,,80.0,0
2025-11-12 20:24:00,99.0,99.0,99.0,99.0,142560.61,,80.0,0
2025-11-12 20:27:00,99.3,99.3,99.3,99.3,142970.88,,80.0,0
2025-11-12 20:30:00,99.3,99.3,99.3,99.3,142970.88,,80.0,0
2025-11-12 20:33:00,99.2,99.2,99.2,99.2,142853.66,,80.0,0
2025-11-12 20:36:00,99.25,99.25,99.25,99.25,142912.27000000002,,80.0,0
2025-11-12 20:39:00,99.35,99.35,99.35,99.35,143029.495,,80.0,0
2025-11-12 20:42:00,99.2,99.2,99.2,99.2,142853.66,,80.0,0
2025-11-12 20:45:00,99.1,99.1,99.1,99.1,142736.44,,80.0,0
2025-11-12 20:48:00,99.0,99.0,99.0,99.0,142502.0,,80.0,0
2025-11-12 20:51:00,99.15,99.15,99.15,99.15,142795.05,,80.0,0
2025-11-12 20:54:00,99.30000000000001,99.30000000000001,99.30000000000001,99.30000000000001,143029.495,,80.0,0
2025-11-12 20:57:00,99.3,99.3,99.3,99.3,142970.88,,80.0,0
2025-11-12 21:00:00,99.15,99.15,99.15,99.15,142795.05,,80.0,0
2025-11-12 21:03:00,99.15,99.15,99.15,99.15,142795.05,,80.0,0
2025-11-12 21:06:00,99.15,99.15,99.15,99.15,142795.05,,80.0,0
2025-11-12 21:09:00,99.3,99.3,99.3,99.3,142970.88,,80.0,0
2025-11-12 21:12:00,99.1,99.1,99.1,99.1,142736.44,,80.0,0
2025-11-12 21:15:00,99.15,99.15,99.15,99.15,142795.05,,80.0,0
2025-11-12 21:18:00,99.05,99.05,99.05,99.05,142619.22,,80.0,0
2025-11-12 21:21:00,99.3,99.3,99.3,99.3,142970.88,,80.0,0
2025-11-12 21:24:00,99.15,99.15,99.15,99.15,142795.05,,80.0,0
2025-11-12 21:27:00,99.1,99.1,99.1,99.1,142736.44,,80.0,0
2025-11-12 21:30:00,99.25,99.25,99.25,99.25,142912.27000000002,,80.0,0
2025-11-12 21:33:00,99.05,99.05,99.05,99.05,142677.83000000002,,80.0,0
2025-11-12 21:36:00,99.15,99.15,99.15,99.15,142795.05,,80.0,0
2025-11-12 21:39:00,99.1,99.1,99.1,99.1,142736.44,,80.0,0
2025-11-12 21:42:00,99.2,99.2,99.2,99.2,142853.66,,80.0,0
2025-11-12 21:45:00,99.05,99.05,99.05,99.05,142677.83000000002,,80.0,0
2025-11-12 21:48:00,99.1,99.1,99.1,99.1,142736.44,,80.0,0
2025-11-12 21:51:00,99.15,99.15,99.15,99.15,142795.05,,80.0,0
2025-11-12 21:54:00,99.05,99.05,99.05,99.05,142619.22,,80.0,0
2025-11-12 21:57:00,99.05,99.05,99.05,99.05,142677.83000000002,,80.0,0
2025-11-12 22:00:00,99.05,99.05,99.05,99.05,142677.83000000002,,80.0,0
2025-11-12 22:03:00,99.1,99.1,99.1,99.1,142736.44,,80.0,0
2025-11-12 22:06:00,99.2,99.2,99.2,99.2,142853.66,,80.0,0
2025-11-12 22:09:00,99.15,99.15,99.15,99.15,142795.05,,80.0,0
2025-11-12 22:12:00,98.94999999999999,98.94999999999999,98.94999999999999,98.94999999999999,142501.995,,80.0,0
2025-11-12 22:15:00,99.25,99.25,99.25,99.25,142912.27000000002,,80.0,0
2025-11-12 22:18:00,99.15,99.15,99.15,99.4,143088.11,,80.0,0
2025-11-12 22:21:00,99.19999999999999,99.19999999999999,99.19999999999999,99.19999999999999,142853.66,,80.0,0
2025-11-12 22:24:00,99.19999999999999,99.19999999999999,99.19999999999999,98.75,142208.945,,80.0,0
2025-11-12 22:27:00,99.2,99.2,99.2,99.2,142853.66,,80.0,0
2025-11-12 22:30:00,99.15,99.15,99.15,99.15,142795.05,,80.0,0
2025-11-12 22:33:00,99.1,99.1,99.1,99.1,142736.44,,80.0,0
2025-11-12 22:36:00,99.3,99.3,99.3,99.3,142970.88,,80.0,0
2025-11-12 22:39:00,99.2,99.2,99.2,99.2,142853.66,,80.0,0
2025-11-12 22:42:00,99.1,99.1,99.1,99.1,142736.44,,80.0,0
2025-11-12 22:45:00,99.1,99.1,99.1,98.8,142267.55,,80.0,0
2025-11-12 22:48:00,99.15,99.15,99.15,99.15,142795.05,,80.0,0
2025-11-12 22:51:00,99.0,99.0,99.0,99.0,142560.61,,80.0,0
2025-11-12 22:54:00,99.15,99.15,99.15,98.8,142267.555,,80.0,0
2025-11-12 22:57:00,99.2,99.2,99.2,99.2,142853.66,,80.0,0
2025-11-12 23:00:00,99.1,99.1,99.1,99.1,142736.44,,80.0,0
2025-11-12 23:03:00,99.3,99.3,99.3,99.3,142970.88,,80.0,0
2025-11-12 23:06:00,99.2,99.2,99.2,99.2,142853.66,,80.0,0
2025-11-12 23:09:00,99.15,99.15,99.15,99.15,142795.05,,80.0,0
2025-11-12 23:12:00,99.2,99.2,99.2,99.2,142853.66,,80.0,0
2025-11-12 23:15:00,99.15,99.15,99.15,99.15,142795.05,,80.0,0
2025-11-12 23:18:00,99.15,99.15,99.15,99.15,142795.05,,80.0,0
2025-11-12 23:21:00,99.25,99.25,99.25,99.25,142912.27000000002,,80.0,0
2025-11-12 23:24:00,99.15,99.15,99.15,99.35,143029.495,,80.0,0
2025-11-12 23:27:00,99.15,99.15,99.15,99.1,142736.44,,80.0,0
2025-11-12 23:30:00,99.15,99.15,99.15,99.1,142736.44,,80.0,0
2025-11-12 23:33:00,99.15,99.15,99.15,99.15,142795.05,,80.0,0
2025-11-12 23:36:00,99.1,99.1,99.1,99.1,142736.44,,80.0,0
2025-11-12 23:39:00,99.1,99.1,99.1,99.1,142736.44,,80.0,0
2025-11-12 23:42:00,99.1,99.1,99.1,99.1,142736.44,,80.0,0
2025-11-12 23:45:00,99.19999999999999,99.19999999999999,99.19999999999999,99.19999999999999,142853.66,,80.0,0
2025-11-12 23:48:00,99.15,99.15,99.15,99.15,142795.05,,80.0,0
2025-11-12 23:51:00,98.8,98.8,98.8,98.8,142267.55,,80.0,0
2025-11-12 23:54:00,99.19999999999999,99.19999999999999,99.19999999999999,99.19999999999999,142853.66,,80.0,0
2025-11-12 23:57:00,99.0,99.0,99.0,99.0,142560.61,,80.0,0
2025-11-13 00:00:00,99.25,99.25,99.25,99.25,142912.275,,80.0,0
2025-11-13 00:03:00,99.25,99.25,99.25,99.25,142912.27000000002,,80.0,0
2025-11-13 00:06:00,99.1,99.1,99.1,99.1,142736.44,,80.0,0
2025-11-13 00:09:00,99.0,99.0,99.0,99.0,142619.22,,80.0,0
2025-11-13 00:12:00,99.05,99.05,99.05,99.05,142619.22,,80.0,0
2025-11-13 00:15:00,99.3,99.3,99.3,99.3,142970.88,,80.0,0
2025-11-13 00:18:00,99.25,99.25,99.25,99.25,142912.275,,80.0,0
2025-11-13 00:21:00,99.3,99.3,99.3,99.3,142970.88,,80.0,0
2025-11-13 00:24:00,99.1,99.1,99.1,99.1,142736.44,,80.0,0
2025-11-13 00:27:00,99.05,99.05,99.05,99.05,142677.83000000002,,80.0,0
2025-11-13 00:30:00,99.1,99.1,99.1,99.1,142736.44,,80.0,0
2025-11-13 00:33:00,99.3,99.3,99.3,99.3,142970.88,,80.0,0
2025-11-13 00:36:00,99.25,99.25,99.25,99.25,142912.27000000002,,80.0,0
2025-11-13 00:39:00,99.0,99.0,99.0,99.0,142619.22,,80.0,0
2025-11-13 00:42:00,99.19999999999999,99.19999999999999,99.19999999999999,99.19999999999999,142853.66,,80.0,0
2025-11-13 00:45:00,99.1,99.1,99.1,99.1,142736.44,,80.0,0
2025-11-13 00:48:00,99.25,99.25,99.25,99.25,142912.27000000002,,80.0,0
2025-11-13 00:51:00,99.0,99.0,99.0,99.0,142619.22,,80.0,0
2025-11-13 00:54:00,99.35,99.35,99.35,99.35,143029.495,,80.0,0
2025-11-13 00:57:00,99.15,99.15,99.15,99.15,142795.05,,80.0,0
2025-11-13 01:00:00,99.3,99.3,99.3,99.3,142970.88,,80.0,0
2025-11-13 01:03:00,99.15,99.15,99.15,99.15,142795.05,,80.0,0
2025-11-13 01:06:00,99.3,99.3,99.3,99.3,142970.88,,80.0,0
2025-11-13 01:09:00,99.15,99.15,99.15,99.15,142795.05,,80.0,0
2025-11-13 01:12:00,99.1,99.1,99.1,99.1,142736.44,,80.0,0
2025-11-13 01:15:00,99.05,99.05,99.05,99.05,142619.22,,80.0,0
2025-11-13 01:18:00,99.1,99.1,99.1,99.35,143029.495,,80.0,0
2025-11-13 01:21:00,99.3,99.3,99.3,99.3,142970.88,,80.0,0
2025-11-13 01:24:00,99.1,99.1,99.1,99.1,142736.44,,80.0,0
2025-11-13 01:27:00,99.1,99.1,99.1,99.1,142736.44,,80.0,0
2025-11-13 01:30:00,99.05,99.05,99.05,99.05,142619.22,,80.0,0
2025-11-13 01:33:00,99.1,99.1,99.1,99.0,142560.61,,80.0,0
2025-11-13 01:36:00,99.1,99.1,99.1,99.1,142736.44,,80.0,0
2025-11-13 01:39:00,99.1,99.1,99.1,99.0,142502.0,,80.0,0
2025-11-13 01:42:00,99.1,99.1,99.1,99.1,142736.44,,80.0,0
2025-11-13 01:45:00,99.1,99.1,99.1,99.1,142736.44,,80.0,0
2025-11-13 01:48:00,99.1,99.1,99.1,99.1,142736.44,,80.0,0
2025-11-13 01:51:00,99.1,99.1,99.1,99.0,142560.61,,80.0,0
2025-11-13 01:54:00,99.1,99.1,99.1,99.1,142736.44,,80.0,0
2025-11-13 01:57:00,99.1,99.1,99.1,99.05,142619.22,,80.0,0
2025-11-13 02:00:00,99.1,99.1,99.1,99.19999999999999,142853.66,,80.0,0
2025-11-13 02:03:00,99.1,99.1,99.1,99.1,142736.44,,80.0,0
2025-11-13 02:06:00,99.1,99.1,99.1,99.1,142736.44,,80.0,0
2025-11-13 02:09:00,99.1,99.1,99.1,99.1,142736.44,,80.0,0
2025-11-13 02:12:00,99.1,99.1,99.1,99.1,142736.44,,80.0,0
2025-11-13 02:15:00,99.0,99.0,99.0,99.0,142502.0,,80.0,0
2025-11-13 02:18:00,99.15,99.15,99.15,99.15,142795.05,,80.0,0
2025-11-13 02:21:00,99.2,99.2,99.2,99.2,142853.66,,80.0,0
2025-11-13 02:24:00,99.1,99.1,99.1,98.7,142091.72,,80.0,0
2025-11-13 02:27:00,99.25,99.25,99.25,99.25,142912.27000000002,,80.0,0
2025-11-13 02:30:00,99.05,99.05,99.05,99.05,142677.83000000002,,80.0,0
2025-11-13 02:33:00,99.15,99.15,99.15,99.15,142795.05,,80.0,0
2025-11-13 02:36:00,99.1,99.1,99.1,99.1,142736.44,,80.0,0
2025-11-13 02:39:00,99.05,99.05,99.05,99.05,142677.83000000002,,80.0,0
2025-11-13 02:42:00,99.1,99.1,99.1,99.1,142677.83000000002,,80.0,0
2025-11-13 02:45:00,99.1,99.1,99.1,99.1,142736.44,,80.0,0
2025-11-13 02:48:00,99.1,99.1,99.1,99.1,142736.44,,80.0,0
2025-11-13 02:51:00,99.05,99.05,99.05,99.05,142677.83000000002,,80.0,0
2025-11-13 02:54:00,99.0,99.0,99.0,99.0,142502.0,,80.0,0
2025-11-13 02:57:00,99.0,99.0,99.0,99.0,142502.0,,80.0,0
2025-11-13 03:00:00,99.0,99.0,99.0,99.0,142560.61,,80.0,0
2025-11-13 03:03:00,99.15,99.15,99.15,99.15,142795.05,,80.0,0
2025-11-13 03:06:00,99.1,99.1,99.1,99.1,142736.44,,80.0,0
2025-11-13 03:09:00,99.05,99.05,99.05,99.05,142677.83000000002,,80.0,0
2025-11-13 03:12:00,99.0,99.0,99.0,99.0,142560.61,,80.0,0
2025-11-13 03:15:00,99.1,99.1,99.1,98.7,142091.725,,80.0,0
2025-11-13 03:18:00,99.1,99.1,99.1,99.1,142736.44,,80.0,0
2025-11-13 03:21:00,99.1,99.1,99.1,99.1,142736.44,,80.0,0
2025-11-13 03:24:00,99.15,99.15,99.15,99.15,142795.05,,80.0,0
2025-11-13 03:27:00,99.0,99.0,99.0,99.0,142502.0,,80.0,0
2025-11-13 03:30:00,99.15,99.15,99.15,99.15,142795.05,,80.0,0
2025-11-13 03:33:00,98.9,98.9,98.9,98.9,142443.385,,80.0,0
2025-11-13 03:36:00,99.05,99.05,99.05,99.05,142619.22,,80.0,0
2025-11-13 03:39:00,99.2,99.2,99.2,99.2,142853.66,,80.0,0
2025-11-13 03:42:00,99.1,99.1,99.1,99.1,142736.44,,80.0,0
2025-11-13 03:45:00,99.15,99.15,99.15,99.15,142795.05,,80.0,0
2025-11-13 03:48:00,99.0,99.0,99.0,99.0,142502.0,,80.0,0
2025-11-13 03:51:00,99.15,99.15,99.15,99.15,142795.05,,80.0,0
2025-11-13 03:54:00,99.0,99.0,99.0,99.0,142619.22,,80.0,0
2025-11-13 03:57:00,99.1,99.1,99.1,99.1,142677.83000000002,,80.0,0
2025-11-13 04:00:00,99.15,99.15,99.15,99.15,142795.05,,80.0,0
2025-11-13 04:03:00,99.0,99.0,99.0,99.0,142560.61,,80.0,0
2025-11-13 04:06:00,99.05,99.05,99.05,99.05,142677.83000000002,,80.0,0
2025-11-13 04:09:00,98.7,98.7,98.7,98.7,142091.72,,80.0,0
2025-11-13 04:12:00,99.05,99.05,99.05,99.05,142619.22,,80.0,0
2025-11-13 04:15:00,99.2,99.2,99.2,99.2,142853.66,,80.0,0
2025-11-13 04:18:00,98.9,98.9,98.9,98.9,142384.775,,80.0,0
2025-11-13 04:21:00,98.8,98.8,98.8,98.8,142267.55,,80.0,0
2025-11-13 04:24:00,98.94999999999999,98.94999999999999,98.94999999999999,98.94999999999999,142501.995,,80.0,0
2025-11-13 04:27:00,99.05,99.05,99.05,99.05,142677.83000000002,,80.0,0
2025-11-13 04:30:00,99.0,99.0,99.0,99.0,142502.0,,80.0,0
2025-11-13 04:33:00,99.05,99.05,99.05,99.05,142677.83000000002,,80.0,0
2025-11-13 04:36:00,99.0,99.0,99.0,99.0,142502.0,,80.0,0
2025-11-13 04:39:00,99.0,99.0,99.0,99.0,142619.22,,80.0,0
2025-11-13 04:42:00,99.0,99.0,99.0,99.0,142502.0,,80.0,0
2025-11-13 04:45:00,99.0,99.0,99.0,99.15,142795.05,,80.0,0
2025-11-13 04:48:00,99.0,99.0,99.0,99.0,142560.61,,80.0,0
2025-11-13 04:51:00,99.0,99.0,99.0,99.1,142736.44,,80.0,0
2025-11-13 04:54:00,99.0,99.0,99.0,99.0,142560.61,,80.0,0
2025-11-13 04:57:00,99.1,99.1,99.1,99.1,142736.44,,80.0,0
2025-11-13 05:00:00,98.95,98.95,98.95,98.95,142502.0,,80.0,0
2025-11-13 05:03:00,99.0,99.0,99.0,99.0,142502.0,,80.0,0
2025-11-13 05:06:00,99.1,99.1,99.1,99.1,142736.44,,80.0,0
2025-11-13 05:09:00,99.05,99.05,99.05,99.05,142619.22,,80.0,0
2025-11-13 05:12:00,99.0,99.0,99.0,99.0,142560.61,,80.0,0
2025-11-13 05:15:00,99.0,99.0,99.0,99.0,142619.22,,80.0,0
2025-11-13 05:18:00,98.95,98.95,98.95,98.95,142443.39,,80.0,0
2025-11-13 05:21:00,99.0,99.0,99.0,98.44999999999999,141798.69,,80.0,0
2025-11-13 05:24:00,99.0,99.0,99.0,99.0,142560.61,,80.0,0
2025-11-13 05:27:00,99.05,99.05,99.05,99.05,142677.83000000002,,80.0,0
2025-11-13 05:30:00,98.95,98.95,98.95,98.95,142443.39,,80.0,0
2025-11-13 05:33:00,99.0,99.0,99.0,99.0,142560.61,,80.0,0
2025-11-13 05:36:00,98.95,98.95,98.95,98.95,142443.39,,80.0,0
2025-11-13 05:39:00,99.0,99.0,99.0,99.05,142677.83000000002,,80.0,0
2025-11-13 05:42:00,99.0,99.0,99.0,99.0,142619.22,,80.0,0
2025-11-13 05:45:00,99.0,99.0,99.0,99.1,142736.44,,80.0,0
2025-11-13 05:48:00,99.0,99.0,99.0,99.0,142619.22,,80.0,0
2025-11-13 05:51:00,99.0,99.0,99.0,99.0,142502.0,,80.0,0
2025-11-13 05:54:00,99.0,99.0,99.0,99.0,142560.61,,80.0,0
2025-11-13 05:57:00,99.0,99.0,99.0,99.1,142736.44,,80.0,0
2025-11-13 06:00:00,99.0,99.0,99.0,99.0,142502.0,,80.0,0
2025-11-13 06:03:00,99.0,99.0,99.0,98.35,141622.83500000002,,80.0,0
2025-11-13 06:06:00,99.0,99.0,99.0,99.0,142502.0,,80.0,0
2025-11-13 06:09:00,99.0,99.0,99.0,99.0,142502.0,,80.0,0
2025-11-13 06:12:00,99.0,99.0,99.0,99.0,142560.61,,80.0,0
2025-11-13 06:15:00,99.0,99.0,99.0,99.0,142560.61,,80.0,0
2025-11-13 06:18:00,99.0,99.0,99.0,99.0,142502.0,,80.0,0
2025-11-13 06:21:00,99.0,99.0,99.0,99.1,142736.44,,80.0,0
2025-11-13 06:24:00,99.0,99.0,99.0,99.0,142619.22,,80.0,0
2025-11-13 06:27:00,99.0,99.0,99.0,99.2,142853.66,,80.0,0
2025-11-13 06:30:00,99.0,99.0,99.0,99.0,142502.0,,80.0,0
2025-11-13 06:33:00,98.9,98.9,98.9,98.9,142384.78,,80.0,0
2025-11-13 06:36:00,99.0,99.0,99.0,99.0,142619.22,,80.0,0
2025-11-13 06:39:00,99.30000000000001,99.30000000000001,99.30000000000001,99.30000000000001,143029.495,,80.0,0
2025-11-13 06:42:00,98.8,98.8,98.8,98.8,142326.165,,80.0,0
2025-11-13 06:45:00,99.05,99.05,99.05,99.05,142619.22,,80.0,0
2025-11-13 06:48:00,99.0,99.0,99.0,98.15,141329.805,,80.0,0
2025-11-13 06:51:00,99.1,99.1,99.1,99.1,142736.44,,80.0,0
2025-11-13 06:54:00,99.0,99.0,99.0,97.75,140743.695,,80.0,0
2025-11-13 06:57:00,98.95,98.95,98.95,98.5,141857.28000000003,,80.0,0
2025-11-13 07:00:00,99.0,99.0,99.0,99.0,142502.0,,80.0,0
2025-11-13 07:03:00,99.0,99.0,99.0,99.0,142502.0,,80.0,0
2025-11-13 07:06:00,98.95,98.95,98.95,98.95,142443.39,,80.0,0
2025-11-13 07:09:00,98.95,98.95,98.95,99.19999999999999,142853.66,,80.0,0
2025-11-13 07:12:00,98.9,98.9,98.9,98.9,142384.775,,80.0,0
2025-11-13 07:15:00,99.05,99.05,99.05,99.05,142619.22,,80.0,0
2025-11-13 07:18:00,98.95,98.95,98.95,98.95,142443.39,,80.0,0
2025-11-13 07:21:00,98.9,98.9,98.9,98.9,142384.78,,80.0,0
2025-11-13 07:24:00,98.94999999999999,98.94999999999999,98.94999999999999,98.94999999999999,142501.995,,80.0,0
2025-11-13 07:27:00,98.9,98.9,98.9,98.9,142384.78,,80.0,0
2025-11-13 07:30:00,98.9,98.9,98.9,98.9,142384.78,,80.0,0
2025-11-13 07:33:00,98.95,98.95,98.95,98.95,142443.39,,80.0,0
2025-11-13 07:36:00,98.95,98.95,98.95,99.0,142560.61,,80.0,0
2025-11-13 07:39:00,99.0,99.0,99.0,98.9,142384.78,,80.0,0
2025-11-13 07:42:00,99.0,99.0,99.0,99.0,142560.61,,80.0,0
2025-11-13 07:45:00,99.0,99.0,99.0,99.0,142502.0,,80.0,0
2025-11-13 07:48:00,99.0,99.0,99.0,99.0,142502.0,,80.0,0
2025-11-13 07:51:00,99.0,99.0,99.0,99.0,142502.0,,80.0,0
2025-11-13 07:54:00,99.0,99.0,99.0,99.15,142736.44,,80.0,0
2025-11-13 07:57:00,99.0,99.0,99.0,98.8,142267.55,,80.0,0
2025-11-13 08:00:00,99.0,99.0,99.0,99.0,142502.0,,80.0,0
2025-11-13 08:03:00,99.0,99.0,99.0,98.44999999999999,141798.66499999998,,80.0,0
2025-11-13 08:06:00,99.0,99.0,99.0,99.0,142560.61,,80.0,0
2025-11-13 08:09:00,99.0,99.0,99.0,99.0,142502.0,,80.0,0
2025-11-13 08:12:00,99.0,99.0,99.0,99.0,142502.0,,80.0,0
2025-11-13 08:15:00,98.95,98.95,98.95,98.95,142443.39,,80.0,0
2025-11-13 08:18:00,99.1,99.1,99.1,99.1,142736.44,,80.0,0
2025-11-13 08:21:00,98.8,98.8,98.8,98.8,142267.55,,80.0,0
2025-11-13 08:24:00,98.9,98.9,98.9,98.9,142384.78,,80.0,0
2025-11-13 08:27:00,98.8,98.8,98.8,98.8,142267.55,,80.0,0
2025-11-13 08:30:00,99.05,99.05,99.05,99.05,142619.22,,80.0,0
2025-11-13 08:33:00,99.0,99.0,99.0,99.0,142502.0,,80.0,0
2025-11-13 08:36:00,98.95,98.95,98.95,98.95,142443.39,,80.0,0
2025-11-13 08:39:00,98.95,98.95,98.95,98.95,142443.39,,80.0,0
2025-11-13 08:42:00,99.0,99.0,99.0,99.0,142560.61,,80.0,0
2025-11-13 08:45:00,99.0,99.0,99.0,99.0,142502.0,,80.0,0
2025-11-13 08:48:00,98.95,98.95,98.95,98.95,142502.0,,80.0,0
2025-11-13 08:51:00,98.85,98.85,98.85,98.85,142326.16499999998,,80.0,0
2025-11-13 08:54:00,98.9,98.9,98.9,98.9,142384.78,,80.0,0
2025-11-13 08:57:00,99.0,99.0,99.0,99.0,142619.22,,80.0,0
2025-11-13 09:00:00,98.9,98.9,98.9,98.9,142384.78,,80.0,0
2025-11-13 09:03:00,98.8,98.8,98.8,98.8,142267.55,,80.0,0
2025-11-13 09:06:00,98.9,98.9,98.9,98.4,141740.06,,80.0,0
2025-11-13 09:09:00,99.0,99.0,99.0,99.0,142502.0,,80.0,0
2025-11-13 09:12:00,99.0,99.0,99.0,99.0,142502.0,,80.0,0
2025-11-13 09:15:00,99.0,99.0,99.0,99.0,142502.0,,80.0,0
2025-11-13 09:18:00,98.8,98.8,98.8,98.8,142267.55,,80.0,0
2025-11-13 09:21:00,99.15,99.15,99.15,99.15,142795.05,,80.0,0
2025-11-13 09:24:00,99.0,99.0,99.0,96.55000000000001,139043.995,,80.0,0
2025-11-13 09:27:00,99.05,99.05,99.05,99.05,142677.83000000002,,80.0,0
2025-11-13 09:30:00,99.0,99.0,99.0,99.0,142560.61,,80.0,0
2025-11-13 09:33:00,98.95,98.95,98.95,98.95,142443.39,,80.0,0
2025-11-13 09:36:00,98.95,98.95,98.95,98.5,141857.28,,80.0,0
2025-11-13 09:39:00,98.95,98.95,98.95,98.5,141798.67,,80.0,0
2025-11-13 09:42:00,98.95,98.95,98.95,98.95,142443.39,,80.0,0
2025-11-13 09:45:00,99.0,99.0,99.0,99.0,142502.0,,80.0,0
2025-11-13 09:48:00,99.0,99.0,99.0,99.0,142502.0,,80.0,0
2025-11-13 09:51:00,98.95,98.95,98.95,98.95,142443.39,,80.0,0
2025-11-13 09:54:00,98.8,98.8,98.8,98.8,142267.55,,80.0,0
2025-11-13 09:57:00,98.85,98.85,98.85,98.85,142326.16499999998,,80.0,0
2025-11-13 10:00:00,99.0,99.0,99.0,99.0,142502.0,,80.0,0
2025-11-13 10:03:00,98.95,98.95,98.95,98.95,142443.39,,80.0,0
2025-11-13 10:06:00,99.0,99.0,99.0,99.0,142502.0,,80.0,0
2025-11-13 10:09:00,98.7,98.7,98.7,98.7,142150.33500000002,,80.0,0
2025-11-13 10:12:00,98.9,98.9,98.9,98.9,142384.78,,80.0,0
2025-11-13 10:15:00,98.9,98.9,98.9,98.9,142384.775,,80.0,0
2025-11-13 10:18:00,99.0,99.0,99.0,99.0,142502.0,,80.0,0
2025-11-13 10:21:00,98.9,98.9,98.9,98.9,142384.775,,80.0,0
2025-11-13 10:24:00,98.95,98.95,98.95,98.95,142443.39,,80.0,0
2025-11-13 10:27:00,98.8,98.8,98.8,98.8,142267.55,,80.0,0
2025-11-13 10:30:00,98.8,98.8,98.8,98.8,142267.55,,80.0,0
2025-11-13 10:33:00,98.9,98.9,98.9,98.9,142384.78,,80.0,0
2025-11-13 10:36:00,98.65,98.65,98.65,98.65,142091.72,,80.0,0
2025-11-13 10:39:00,98.8,98.8,98.8,98.8,142267.55,,80.0,0
2025-11-13 10:42:00,98.85,98.85,98.85,98.85,142326.16499999998,,80.0,0
2025-11-13 10:45:00,98.65,98.65,98.65,98.65,142033.11,,80.0,0
2025-11-13 10:48:00,98.65,98.65,98.65,98.65,142091.72,,80.0,0
2025-11-13 10:51:00,98.65,98.65,98.65,98.65,142091.72,,80.0,0
2025-11-13 10:54:00,98.8,98.8,98.8,98.8,142267.55,,80.0,0
2025-11-13 10:57:00,99.0,99.0,99.0,99.0,142502.0,,80.0,0
2025-11-13 11:00:00,98.95,98.95,98.95,98.95,142443.39,,80.0,1
2025-11-13 11:03:00,99.0,99.0,99.0,99.0,142502.0,,80.0,1
2025-11-13 11:06:00,99.15,99.15,99.15,99.15,142795.05,,80.0,0
2025-11-13 11:09:00,99.05,99.05,99.05,99.05,142619.22,,80.0,1
2025-11-13 11:12:00,99.0,99.0,99.0,99.0,142619.22,,80.0,0
2025-11-13 11:15:00,99.1,99.1,99.1,99.1,142736.44,,80.0,0
2025-11-13 11:18:00,99.1,99.1,99.1,98.85,142326.16499999998,,80.0,0
2025-11-13 11:21:00,99.1,99.1,99.1,99.1,142736.44,,80.0,0
2025-11-13 11:24:00,99.2,99.2,99.2,99.2,142853.66,,80.0,1
2025-11-13 11:27:00,99.1,99.1,99.1,98.8,142267.55,,80.0,1
2025-11-13 11:30:00,99.1,99.1,99.1,99.1,142736.44,,80.0,0
2025-11-13 11:33:00,99.1,99.1,99.1,99.1,142677.83000000002,,80.0,1
2025-11-13 11:36:00,99.2,99.2,99.2,99.1,142736.44,,80.0,1
2025-11-13 11:39:00,99.30000000000001,99.30000000000001,99.30000000000001,99.30000000000001,142970.885,,80.0,0
2025-11-13 11:42:00,99.3,99.3,99.3,99.35,143088.10499999998,,80.0,0
2025-11-13 11:45:00,99.3,99.3,99.3,99.3,142970.88,,80.0,0
2025-11-13 11:48:00,99.3,99.3,99.3,99.3,142970.88,,80.0,0
2025-11-13 11:51:00,99.35,99.35,99.35,99.35,143088.10499999998,,80.0,0
2025-11-13 11:54:00,99.3,99.3,99.3,99.3,142970.88,,80.0,0
2025-11-13 11:57:00,99.25,99.25,99.25,99.25,142912.27000000002,,80.0,0
2025-11-13 12:00:00,99.15,99.15,99.15,99.15,142795.05,,80.0,0
2025-11-13 12:03:00,99.3,99.3,99.3,99.3,142970.88,,80.0,0
2025-11-13 12:06:00,99.19999999999999,99.19999999999999,99.19999999999999,99.19999999999999,142853.66,,80.0,0
2025-11-13 12:09:00,99.4,99.4,99.4,99.4,143205.33,,80.0,0
2025-11-13 12:12:00,99.1,99.1,99.1,99.1,142736.44,,80.0,1
2025-11-13 12:15:00,99.3,99.3,99.3,99.3,142970.88,,80.0,0
2025-11-13 12:18:00,99.3,99.3,99.3,99.3,142970.88,,80.0,0
2025-11-13 12:21:00,99.3,99.3,99.3,99.3,142970.88,,80.0,0
2025-11-13 12:24:00,99.15,99.15,99.15,99.15,142795.05,,80.0,0
2025-11-13 12:27:00,99.3,99.3,99.3,99.3,142970.88,,80.0,0
2025-11-13 12:30:00,99.35,99.35,99.35,99.35,143029.495,,80.0,0
2025-11-13 12:33:00,99.15,99.15,99.15,99.15,142795.05,,80.0,0
2025-11-13 12:36:00,99.35,99.35,99.35,99.35,143029.495,,80.0,0
2025-11-13 12:39:00,99.25,99.25,99.25,99.25,142912.27000000002,,80.0,1
2025-11-13 12:42:00,99.15,99.15,99.15,99.15,142795.05,,80.0,0
2025-11-13 12:45:00,99.3,99.3,99.3,99.3,142970.88,,80.0,0
2025-11-13 12:48:00,99.5,99.5,99.5,99.5,143322.55,,80.0,0
2025-11-13 12:51:00,99.35,99.35,99.35,99.35,143029.495,,80.0,0
2025-11-13 12:54:00,99.35,99.35,99.35,99.35,143088.10499999998,,80.0,0
2025-11-13 12:57:00,99.3,99.3,99.3,99.3,142970.88,,80.0,0
2025-11-13 13:00:00,99.4,99.4,99.4,99.4,143146.71999999997,,80.0,0
2025-11-13 13:03:00,99.2,99.2,99.2,99.2,142853.66,,80.0,0
2025-11-13 13:06:00,99.4,99.4,99.4,99.4,143205.33,,80.0,0
2025-11-13 13:09:00,99.45,99.45,99.45,99.45,143263.94,,80.0,0
2025-11-13 13:12:00,99.35,99.35,99.35,99.35,143029.495,,80.0,0
2025-11-13 13:15:00,99.4,99.4,99.4,99.4,143205.33,,80.0,0
2025-11-13 13:18:00,99.4,99.4,99.4,99.4,143146.71999999997,,80.0,1
2025-11-13 13:21:00,99.4,99.4,99.4,99.4,143205.33,,80.0,0
2025-11-13 13:24:00,99.4,99.4,99.4,99.0,142560.61,,80.0,0
2025-11-13 13:27:00,99.4,99.4,99.4,99.4,143205.33,,80.0,0
2025-11-13 13:30:00,99.4,99.4,99.4,99.4,143205.33,,80.0,0
2025-11-13 13:33:00,99.4,99.4,99.4,99.4,143205.33,,80.0,0
2025-11-13 13:36:00,99.4,99.4,99.4,99.5,143322.55,,80.0,0
2025-11-13 13:39:00,99.4,99.4,99.4,99.4,143205.33,,80.0,0
2025-11-13 13:42:00,99.4,99.4,99.4,99.4,143205.33,,80.0,0
2025-11-13 13:45:00,99.4,99.4,99.4,99.4,143205.33,,80.0,0
2025-11-13 13:48:00,99.4,99.4,99.4,99.4,143146.71999999997,,80.0,0
2025-11-13 13:51:00,99.4,99.4,99.4,99.4,143088.11,,80.0,0
2025-11-13 13:54:00,99.4,99.4,99.4,99.2,142853.66,,80.0,1
2025-11-13 13:57:00,99.4,99.4,99.4,99.4,143205.33,,80.0,1
2025-11-13 14:00:00,99.4,99.4,99.4,99.1,142736.44,,80.0,0
2025-11-13 14:03:00,99.4,99.4,99.4,99.2,142853.66,,80.0,0
2025-11-13 14:06:00,99.4,99.4,99.4,99.4,143205.33,,80.0,0
2025-11-13 14:09:00,99.6,99.6,99.6,99.6,143439.77,,80.0,0
2025-11-13 14:12:00,99.4,99.4,99.4,99.4,143205.33,,80.0,0
2025-11-13 14:15:00,99.4,99.4,99.4,99.4,143205.33,,80.0,0
2025-11-13 14:18:00,99.55,99.55,99.55,99.55,143381.15999999997,,80.0,0
2025-11-13 14:21:00,99.30000000000001,99.30000000000001,99.30000000000001,99.30000000000001,143029.495,,80.0,0
2025-11-13 14:24:00,99.45,99.45,99.45,99.45,143263.94,,80.0,0
2025-11-13 14:27:00,99.55,99.55,99.55,99.55,143381.15999999997,,80.0,0
2025-11-13 14:30:00,99.5,99.5,99.5,99.5,143322.55,,80.0,0
2025-11-13 14:33:00,99.5,99.5,99.5,99.2,142853.66,,80.0,0
2025-11-13 14:36:00,99.55,99.55,99.55,99.55,143381.15999999997,,80.0,0
2025-11-13 14:39:00,99.5,99.5,99.5,99.5,143322.55,,80.0,0
2025-11-13 14:42:00,99.65,99.65,99.65,99.65,143498.37,,80.0,0
2025-11-13 14:45:00,99.6,99.6,99.6,99.6,143439.77,,80.0,0
2025-11-13 14:48:00,99.5,99.5,99.5,99.5,143322.55,,80.0,0
2025-11-13 14:51:00,99.6,99.6,99.6,99.6,143439.77,,80.0,0
2025-11-13 14:54:00,99.6,99.6,99.6,99.6,143439.77,,80.0,0
2025-11-13 14:57:00,99.4,99.4,99.4,99.4,143205.33,,80.0,0
2025-11-13 15:00:00,99.5,99.5,99.5,99.5,143322.55,,80.0,0
2025-11-13 15:03:00,99.5,99.5,99.5,99.5,143322.55,,80.0,0
2025-11-13 15:06:00,99.55,99.55,99.55,99.55,143381.15999999997,,80.0,0
2025-11-13 15:09:00,99.6,99.6,99.6,99.6,143439.77,,80.0,0
2025-11-13 15:12:00,99.6,99.6,99.6,99.6,143439.77,,80.0,0
2025-11-13 15:15:00,99.5,99.5,99.5,99.5,143322.55,,80.0,0
2025-11-13 15:18:00,99.5,99.5,99.5,98.80000000000001,142326.16499999998,,80.0,0
2025-11-13 15:21:00,99.55,99.55,99.55,99.55,143381.15999999997,,80.0,0
2025-11-13 15:24:00,99.55,99.55,99.55,99.55,143381.15999999997,,80.0,0
2025-11-13 15:27:00,99.4,99.4,99.4,99.4,143146.71999999997,,80.0,0
2025-11-13 15:30:00,99.3,99.3,99.3,99.3,142970.88,,80.0,0
2025-11-13 15:33:00,99.45,99.45,99.45,99.45,143263.94,,80.0,0
2025-11-13 15:36:00,99.5,99.5,99.5,99.5,143322.55,,80.0,0
2025-11-13 15:39:00,99.6,99.6,99.6,99.6,143439.77,,80.0,0
2025-11-13 15:42:00,99.6,99.6,99.6,99.6,143439.77,,80.0,0
2025-11-13 15:45:00,99.5,99.5,99.5,99.5,143322.55,,80.0,0
2025-11-13 15:48:00,99.8,99.8,99.8,99.8,143674.19,,80.0,0
2025-11-13 15:51:00,99.6,99.6,99.6,99.6,143439.77,,80.0,0
2025-11-13 15:54:00,99.5,99.5,99.5,99.5,143322.55,,80.0,0
2025-11-13 15:57:00,99.4,99.4,99.4,99.4,143146.715,,80.0,0
2025-11-13 16:00:00,99.4,99.4,99.4,99.4,143205.33,,80.0,0
2025-11-13 16:03:00,99.6,99.6,99.6,99.6,143439.77,,80.0,0
2025-11-13 16:06:00,99.5,99.5,99.5,99.5,143322.55,,80.0,0
2025-11-13 16:09:00,99.6,99.6,99.6,99.6,143439.77,,80.0,0
2025-11-13 16:12:00,99.5,99.5,99.5,99.5,143263.94,,80.0,0
2025-11-13 16:15:00,99.5,99.5,99.5,99.5,143322.55,,80.0,0
2025-11-13 16:18:00,99.65,99.65,99.65,99.65,143498.37,,80.0,0
2025-11-13 16:21:00,99.65,99.65,99.65,99.65,143498.37,,80.0,0
2025-11-13 16:24:00,99.5,99.5,99.5,99.5,143322.55,,80.0,0
2025-11-13 16:27:00,99.6,99.6,99.6,99.6,143439.77,,80.0,0
2025-11-13 16:30:00,99.3,99.3,99.3,99.3,142970.88,,80.0,0
2025-11-13 16:33:00,99.30000000000001,99.30000000000001,99.30000000000001,99.30000000000001,143029.495,,80.0,0
2025-11-13 16:36:00,99.7,99.7,99.7,99.7,143556.97,,80.0,0
2025-11-13 16:39:00,99.65,99.65,99.65,99.65,143498.37,,80.0,0
2025-11-13 16:42:00,99.6,99.6,99.6,99.6,143439.77,,80.0,0
2025-11-13 16:45:00,99.5,99.5,99.5,99.5,143322.55,,80.0,0
2025-11-13 16:48:00,99.6,99.6,99.6,99.6,143439.77,,80.0,0
2025-11-13 16:51:00,99.7,99.7,99.7,99.7,143556.97,,80.0,0
2025-11-13 16:54:00,99.6,99.6,99.6,99.6,143439.77,,80.0,0
2025-11-13 16:57:00,99.6,99.6,99.6,99.6,143439.77,,80.0,0
2025-11-13 17:00:00,99.5,99.5,99.5,99.5,143322.55,,80.0,0
2025-11-13 17:03:00,99.6,99.6,99.6,99.7,143556.97,,80.0,0
2025-11-13 17:06:00,99.65,99.65,99.65,99.65,143498.37,,80.0,0
2025-11-13 17:09:00,99.6,99.6,99.6,99.6,143439.77,,80.0,0
2025-11-13 17:12:00,99.6,99.6,99.6,99.6,143439.77,,80.0,0
2025-11-13 17:15:00,99.65,99.65,99.65,99.65,143498.37,,80.0,0
2025-11-13 17:18:00,99.6,99.6,99.6,99.6,143439.77,,80.0,0
2025-11-13 17:21:00,99.55,99.55,99.55,99.55,143381.15999999997,,80.0,0
2025-11-13 17:24:00,99.6,99.6,99.6,99.35,143088.10499999998,,80.0,0
2025-11-13 17:27:00,99.6,99.6,99.6,99.6,143439.77,,80.0,0
2025-11-13 17:30:00,99.6,99.6,99.6,99.6,143439.77,,80.0,0
2025-11-13 17:33:00,99.55000000000001,99.55000000000001,99.55000000000001,99.55000000000001,143381.15,,80.0,0
2025-11-13 17:36:00,99.6,99.6,99.6,99.35,143088.10499999998,,80.0,0
2025-11-13 17:39:00,99.7,99.7,99.7,99.7,143556.97,,80.0,0
2025-11-13 17:42:00,99.6,99.6,99.6,99.6,143439.77,,80.0,0
2025-11-13 17:45:00,99.6,99.6,99.6,99.6,143439.77,,80.0,0
2025-11-13 17:48:00,99.5,99.5,99.5,99.5,143322.55,,80.0,0
2025-11-13 17:51:00,99.65,99.65,99.65,99.65,143498.37,,80.0,0
2025-11-13 17:54:00,99.4,99.4,99.4,99.4,143205.33,,80.0,0
2025-11-13 17:57:00,99.7,99.7,99.7,99.7,143556.97,,80.0,0
2025-11-13 18:00:00,99.6,99.6,99.6,99.6,143439.77,,80.0,0
2025-11-13 18:03:00,99.45,99.45,99.45,99.45,143263.94,,80.0,0
2025-11-13 18:06:00,99.8,99.8,99.8,99.8,143674.19,,80.0,0
2025-11-13 18:09:00,99.2,99.2,99.2,99.2,142853.66,,80.0,0
2025-11-13 18:12:00,99.6,99.6,99.6,99.6,143439.77,,80.0,0
2025-11-13 18:15:00,99.5,99.5,99.5,99.5,143322.55,,80.0,0
2025-11-13 18:18:00,99.7,99.7,99.7,99.7,143556.97,,80.0,0
2025-11-13 18:21:00,99.6,99.6,99.6,99.6,143439.77,,80.0,0
2025-11-13 18:24:00,99.69999999999999,99.69999999999999,99.69999999999999,99.69999999999999,143556.97999999998,,80.0,0
2025-11-13 18:27:00,99.7,99.7,99.7,99.7,143556.97,,80.0,0
2025-11-13 18:30:00,99.6,99.6,99.6,99.6,143439.77,,80.0,0
2025-11-13 18:33:00,99.5,99.5,99.5,99.5,143322.55,,80.0,0
2025-11-13 18:36:00,99.8,99.8,99.8,99.8,143674.19,,80.0,0
2025-11-13 18:39:00,99.2,99.2,99.2,99.2,142853.66,,80.0,0
2025-11-13 18:42:00,99.6,99.6,99.6,99.6,143439.77,,80.0,0
2025-11-13 18:45:00,99.6,99.6,99.6,99.3,142970.88,,80.0,0
2025-11-13 18:48:00,99.6,99.6,99.6,99.6,143439.77,,80.0,0
2025-11-13 18:51:00,99.6,99.6,99.6,99.6,143439.77,,80.0,0
2025-11-13 18:54:00,99.6,99.6,99.6,99.6,143439.77,,80.0,0
2025-11-13 18:57:00,99.6,99.6,99.6,99.6,143439.77,,80.0,0
2025-11-13 19:00:00,99.55,99.55,99.55,99.55,143381.15999999997,,80.0,0
2025-11-13 19:03:00,99.6,99.6,99.6,99.9,143791.41,,80.0,0
2025-11-13 19:06:00,99.6,99.6,99.6,99.6,143439.77,,80.0,0
2025-11-13 19:09:00,99.65,99.65,99.65,99.65,143498.37,,80.0,0
2025-11-13 19:12:00,99.8,99.8,99.8,99.8,143674.19,,80.0,0
2025-11-13 19:15:00,99.1,99.1,99.1,99.1,142736.44,,80.0,0
2025-11-13 19:18:00,99.35,99.35,99.35,99.35,143088.10499999998,,80.0,0
2025-11-13 19:21:00,99.65,99.65,99.65,99.65,143498.37,,80.0,0
2025-11-13 19:24:00,99.19999999999999,99.19999999999999,99.19999999999999,99.19999999999999,142853.65999999997,,80.0,0
2025-11-13 19:27:00,99.4,99.4,99.4,99.4,143088.11,,80.0,0
2025-11-13 19:30:00,99.6,99.6,99.6,99.6,143439.77,,80.0,0
2025-11-13 19:33:00,99.4,99.4,99.4,99.4,143205.33,,80.0,0
2025-11-13 19:36:00,99.6,99.6,99.6,99.6,143439.77,,80.0,0
2025-11-13 19:39:00,99.4,99.4,99.4,99.4,143205.33,,80.0,0
2025-11-13 19:42:00,99.6,99.6,99.6,99.6,143439.77,,80.0,0
2025-11-13 19:45:00,99.6,99.6,99.6,99.6,143439.77,,80.0,0
2025-11-13 19:48:00,99.5,99.5,99.5,99.5,143322.55,,80.0,0
2025-11-13 19:51:00,99.5,99.5,99.5,99.5,143322.55,,80.0,0
2025-11-13 19:54:00,99.45,99.45,99.45,99.45,143263.94,,80.0,0
2025-11-13 19:57:00,99.6,99.6,99.6,99.6,143439.77,,80.0,0
2025-11-13 20:00:00,99.55,99.55,99.55,99.55,143381.15999999997,,80.0,0
2025-11-13 20:03:00,99.6,99.6,99.6,99.6,143439.77,,80.0,0
2025-11-13 20:06:00,99.55,99.55,99.55,99.55,143381.15999999997,,80.0,0
2025-11-13 20:09:00,99.75,99.75,99.75,99.75,143615.59,,80.0,0
2025-11-13 20:12:00,99.6,99.6,99.6,99.6,143439.77,,80.0,0
2025-11-13 20:15:00,99.45,99.45,99.45,99.45,143263.94,,80.0,0
2025-11-13 20:18:00,99.5,99.5,99.5,99.5,143322.55,,80.0,0
2025-11-13 20:21:00,99.6,99.6,99.6,99.6,143439.77,,80.0,0
2025-11-13 20:24:00,99.6,99.6,99.6,99.6,143439.77,,80.0,0
2025-11-13 20:27:00,99.5,99.5,99.5,99.19999999999999,142853.66,,80.0,0
2025-11-13 20:30:00,99.45,99.45,99.45,99.45,143205.33,,80.0,0
2025-11-13 20:33:00,99.5,99.5,99.5,99.5,143322.55,,80.0,0
2025-11-13 20:36:00,99.6,99.6,99.6,99.6,143439.77,,80.0,0
2025-11-13 20:39:00,99.45,99.45,99.45,99.45,143263.94,,80.0,0
2025-11-13 20:42:00,99.6,99.6,99.6,99.6,143439.77,,80.0,0
2025-11-13 20:45:00,99.30000000000001,99.30000000000001,99.30000000000001,99.30000000000001,143029.495,,80.0,0
2025-11-13 20:48:00,99.5,99.5,99.5,99.5,143322.55,,80.0,0
2025-11-13 20:51:00,99.69999999999999,99.69999999999999,99.69999999999999,99.69999999999999,143556.97999999998,,80.0,0
2025-11-13 20:54:00,99.25,99.25,99.25,99.25,142970.885,,80.0,0
2025-11-13 20:57:00,98.95,98.95,98.95,98.95,142502.0,,80.0,0
2025-11-13 21:00:00,99.6,99.6,99.6,99.6,143439.77,,80.0,0
2025-11-13 21:03:00,99.6,99.6,99.6,99.6,143439.77,,80.0,0
2025-11-13 21:06:00,99.5,99.5,99.5,99.5,143322.55,,80.0,0
2025-11-13 21:09:00,99.1,99.1,99.1,99.1,142736.44,,80.0,0
2025-11-13 21:12:00,99.6,99.6,99.6,99.6,143439.77,,80.0,0
2025-11-13 21:15:00,99.35,99.35,99.35,99.35,143088.10499999998,,80.0,0
2025-11-13 21:18:00,99.5,99.5,99.5,99.5,143322.55,,80.0,0
2025-11-13 21:21:00,99.65,99.65,99.65,99.65,143498.37,,80.0,0
2025-11-13 21:24:00,99.4,99.4,99.4,99.4,143146.71999999997,,80.0,0
2025-11-13 21:27:00,99.6,99.6,99.6,99.6,143439.77,,80.0,0
2025-11-13 21:30:00,99.6,99.6,99.6,99.6,143439.76,,80.0,0
2025-11-13 21:33:00,99.55,99.55,99.55,99.55,143381.15999999997,,80.0,0
2025-11-13 21:36:00,99.4,99.4,99.4,99.4,143205.33,,80.0,0
2025-11-13 21:39:00,99.4,99.4,99.4,99.4,143205.33,,80.0,0
2025-11-13 21:42:00,99.4,99.4,99.4,99.4,143146.715,,80.0,0
2025-11-13 21:45:00,99.5,99.5,99.5,99.5,143322.55,,80.0,0
2025-11-13 21:48:00,99.4,99.4,99.4,99.4,143205.33,,80.0,0
2025-11-13 21:51:00,99.55,99.55,99.55,99.55,143381.15999999997,,80.0,0
2025-11-13 21:54:00,99.6,99.6,99.6,99.6,143439.77,,80.0,0
2025-11-13 21:57:00,99.6,99.6,99.6,99.6,143439.77,,80.0,0
2025-11-13 22:00:00,99.45,99.45,99.45,99.45,143263.94,,80.0,0
2025-11-13 22:03:00,99.4,99.4,99.4,99.4,143205.33,,80.0,0
2025-11-13 22:06:00,99.55,99.55,99.55,99.55,143381.15999999997,,80.0,0
2025-11-13 22:09:00,99.6,99.6,99.6,99.6,143439.77,,80.0,0
2025-11-13 22:12:00,99.6,99.6,99.6,99.6,143439.77,,80.0,0
2025-11-13 22:15:00,99.4,99.4,99.4,99.4,143205.33,,80.0,0
2025-11-13 22:18:00,99.45,99.45,99.45,99.45,143263.94,,80.0,0
2025-11-13 22:21:00,99.5,99.5,99.5,99.5,143322.55,,80.0,0
2025-11-13 22:24:00,99.6,99.6,99.6,99.6,143439.77,,80.0,0
2025-11-13 22:27:00,99.45,99.45,99.45,99.8,143674.19,,80.0,0
2025-11-13 22:30:00,99.45,99.45,99.45,99.45,143263.94,,80.0,0
2025-11-13 22:33:00,99.4,99.4,99.4,99.4,143205.33,,80.0,0
2025-11-13 22:36:00,99.4,99.4,99.4,99.4,143205.33,,80.0,0
2025-11-13 22:39:00,99.4,99.4,99.4,99.4,143146.715,,80.0,0
2025-11-13 22:42:00,99.6,99.6,99.6,99.6,143439.77,,80.0,0
2025-11-13 22:45:00,99.6,99.6,99.6,99.6,143439.77,,80.0,0
2025-11-13 22:48:00,99.35,99.35,99.35,99.35,143088.10499999998,,80.0,0
2025-11-13 22:51:00,99.4,99.4,99.4,99.4,143205.33,,80.0,0
2025-11-13 22:54:00,99.5,99.5,99.5,99.5,143322.55,,80.0,0
2025-11-13 22:57:00,99.5,99.5,99.5,99.5,143322.55,,80.0,0
2025-11-13 23:00:00,99.4,99.4,99.4,99.4,143205.33,,80.0,0
2025-11-13 23:03:00,99.5,99.5,99.5,99.5,143322.55,,80.0,0
2025-11-13 23:06:00,99.5,99.5,99.5,99.4,143205.33,,80.0,0
2025-11-13 23:09:00,99.5,99.5,99.5,99.5,143322.55,,80.0,0
2025-11-13 23:12:00,99.5,99.5,99.5,99.5,143322.55,,80.0,0
2025-11-13 23:15:00,99.4,99.4,99.4,99.4,143205.33,,80.0,0
2025-11-13 23:18:00,99.4,99.4,99.4,99.4,143205.33,,80.0,0
2025-11-13 23:21:00,99.5,99.5,99.5,99.5,143322.55,,80.0,0
2025-11-13 23:24:00,99.5,99.5,99.5,99.5,143263.94,,80.0,0
2025-11-13 23:27:00,99.2,99.2,99.2,99.2,142853.66,,80.0,0
2025-11-13 23:30:00,99.6,99.6,99.6,99.6,143439.77,,80.0,0
2025-11-13 23:33:00,99.6,99.6,99.6,99.6,143439.77,,80.0,0
2025-11-13 23:36:00,99.3,99.3,99.3,99.3,143029.495,,80.0,0
2025-11-13 23:39:00,99.6,99.6,99.6,99.6,143439.77,,80.0,0
2025-11-13 23:42:00,99.45,99.45,99.45,99.45,143263.94,,80.0,0
2025-11-13 23:45:00,99.4,99.4,99.4,99.4,143205.33,,80.0,0
2025-11-13 23:48:00,99.4,99.4,99.4,99.4,143205.33,,80.0,0
2025-11-13 23:51:00,99.5,99.5,99.5,99.5,143322.55,,80.0,0
2025-11-13 23:54:00,99.55,99.55,99.55,99.55,143381.15999999997,,80.0,0
2025-11-13 23:57:00,99.44999999999999,99.44999999999999,99.44999999999999,99.44999999999999,143205.325,,80.0,0
2025-11-14 00:00:00,99.6,99.6,99.6,99.6,143439.77,,80.0,0
2025-11-14 00:03:00,99.55,99.55,99.55,99.55,143381.15999999997,,80.0,0
2025-11-14 00:06:00,99.4,99.4,99.4,99.4,143205.33,,80.0,0
2025-11-14 00:09:00,99.5,99.5,99.5,99.5,143322.55,,80.0,0
2025-11-14 00:12:00,99.4,99.4,99.4,99.4,143088.11,,80.0,0
2025-11-14 00:15:00,99.45,99.45,99.45,99.45,143205.33,,80.0,0
2025-11-14 00:18:00,99.5,99.5,99.5,99.5,143322.55,,80.0,0
2025-11-14 00:21:00,99.4,99.4,99.4,99.4,143205.33,,80.0,0
2025-11-14 00:24:00,99.4,99.4,99.4,99.4,143205.33,,80.0,0
2025-11-14 00:27:00,99.4,99.4,99.4,99.4,143205.33,,80.0,0
2025-11-14 00:30:00,99.45,99.45,99.45,98.69999999999999,142150.33000000002,,80.0,0
2025-11-14 00:33:00,99.4,99.4,99.4,99.4,143205.33,,80.0,0
2025-11-14 00:36:00,99.45,99.45,99.45,99.45,143263.94,,80.0,0
2025-11-14 00:39:00,99.5,99.5,99.5,99.5,143322.55,,80.0,0
2025-11-14 00:42:00,99.55,99.55,99.55,99.55,143381.15999999997,,80.0,0
2025-11-14 00:45:00,99.45,99.45,99.45,99.45,143263.94,,80.0,0
2025-11-14 00:48:00,99.45,99.45,99.45,99.8,143674.19,,80.0,0
2025-11-14 00:51:00,99.55000000000001,99.55000000000001,99.55000000000001,99.55000000000001,143322.53999999998,,80.0,0
2025-11-14 00:54:00,99.44999999999999,99.44999999999999,99.44999999999999,99.44999999999999,143205.325,,80.0,0
2025-11-14 00:57:00,99.4,99.4,99.4,99.4,143205.33,,80.0,0
2025-11-14 01:00:00,99.4,99.4,99.4,99.35,143088.10499999998,,80.0,0
2025-11-14 01:03:00,99.4,99.4,99.4,99.30000000000001,143029.495,,80.0,0
2025-11-14 01:06:00,99.4,99.4,99.4,99.4,143205.33,,80.0,0
2025-11-14 01:09:00,99.4,99.4,99.4,99.4,143146.71999999997,,80.0,0
2025-11-14 01:12:00,99.3,99.3,99.3,99.3,142970.88,,80.0,0
2025-11-14 01:15:00,99.4,99.4,99.4,99.4,143205.33,,80.0,0
2025-11-14 01:18:00,99.4,99.4,99.4,99.4,143088.11,,80.0,0
2025-11-14 01:21:00,99.45,99.45,99.45,99.45,143263.94,,80.0,0
2025-11-14 01:24:00,99.55,99.55,99.55,99.55,143381.15999999997,,80.0,0
2025-11-14 01:27:00,99.25,99.25,99.25,99.25,142912.27000000002,,80.0,0
2025-11-14 01:30:00,99.35,99.35,99.35,99.35,143088.10499999998,,80.0,0
2025-11-14 01:33:00,99.4,99.4,99.4,99.4,143205.33,,80.0,0
2025-11-14 01:36:00,99.3,99.3,99.3,99.3,142970.88,,80.0,0
2025-11-14 01:39:00,99.4,99.4,99.4,99.4,143205.33,,80.0,0
2025-11-14 01:42:00,99.35,99.35,99.35,99.35,143029.495,,80.0,0
2025-11-14 01:45:00,99.5,99.5,99.5,99.5,143322.55,,80.0,0
2025-11-14 01:48:00,99.4,99.4,99.4,99.4,143205.33,,80.0,0
2025-11-14 01:51:00,99.4,99.4,99.4,99.5,143322.55,,80.0,0
2025-11-14 01:54:00,99.4,99.4,99.4,99.4,143205.33,,80.0,0
2025-11-14 01:57:00,99.4,99.4,99.4,99.4,143205.33,,80.0,0
2025-11-14 02:00:00,99.4,99.4,99.4,99.35,143029.495,,80.0,0
2025-11-14 02:03:00,99.4,99.4,99.4,99.4,143205.33,,80.0,0
2025-11-14 02:06:00,99.4,99.4,99.4,99.4,143205.33,,80.0,0
2025-11-14 02:09:00,99.4,99.4,99.4,99.4,143146.71999999997,,80.0,0
2025-11-14 02:12:00,99.4,99.4,99.4,99.45,143263.94,,80.0,0
2025-11-14 02:15:00,99.6,99.6,99.6,99.6,143439.77,,80.0,0
2025-11-14 02:18:00,99.4,99.4,99.4,99.4,143205.33,,80.0,0
2025-11-14 02:21:00,99.4,99.4,99.4,99.4,143205.33,,80.0,0
2025-11-14 02:24:00,99.4,99.4,99.4,99.45,143263.94,,80.0,0
2025-11-14 02:27:00,99.5,99.5,99.5,99.5,143322.55,,80.0,0
2025-11-14 02:30:00,99.5,99.5,99.5,99.5,143322.55,,80.0,0
2025-11-14 02:33:00,99.4,99.4,99.4,99.4,143146.71999999997,,80.0,0
2025-11-14 02:36:00,99.4,99.4,99.4,99.4,143205.33,,80.0,0
2025-11-14 02:39:00,99.4,99.4,99.4,99.4,143205.33,,80.0,0
2025-11-14 02:42:00,99.35,99.35,99.35,99.35,143029.495,,80.0,0
2025-11-14 02:45:00,99.35,99.35,99.35,99.35,143029.495,,80.0,0
2025-11-14 02:48:00,99.35,99.35,99.35,99.5,143322.55,,80.0,0
2025-11-14 02:51:00,99.4,99.4,99.4,99.4,143205.33,,80.0,0
2025-11-14 02:54:00,99.35,99.35,99.35,99.35,143088.10499999998,,80.0,0
2025-11-14 02:57:00,99.35,99.35,99.35,99.35,143029.495,,80.0,0
2025-11-14 03:00:00,99.35,99.35,99.35,99.1,142736.44,,80.0,0
2025-11-14 03:03:00,99.35,99.35,99.35,99.35,143088.10499999998,,80.0,0
2025-11-14 03:06:00,99.3,99.3,99.3,99.3,142970.88,,80.0,0
2025-11-14 03:09:00,99.35,99.35,99.35,99.4,143205.33,,80.0,0
2025-11-14 03:12:00,99.35,99.35,99.35,99.4,143205.33,,80.0,0
2025-11-14 03:15:00,99.35,99.35,99.35,99.35,143029.495,,80.0,0
2025-11-14 03:18:00,99.35,99.35,99.35,99.35,143088.10499999998,,80.0,0
2025-11-14 03:21:00,99.4,99.4,99.4,99.4,143205.33,,80.0,0
2025-11-14 03:24:00,99.35,99.35,99.35,99.35,143088.10499999998,,80.0,0
2025-11-14 03:27:00,99.35,99.35,99.35,99.35,143029.495,,80.0,0
2025-11-14 03:30:00,99.35,99.35,99.35,99.35,143088.10499999998,,80.0,0
2025-11-14 03:33:00,99.35,99.35,99.35,99.3,142970.88,,80.0,0
2025-11-14 03:36:00,99.4,99.4,99.4,99.4,143088.11,,80.0,0
2025-11-14 03:39:00,99.4,99.4,99.4,99.4,143088.11,,80.0,0
2025-11-14 03:42:00,99.35,99.35,99.35,99.35,143088.10499999998,,80.0,0
2025-11-14 03:45:00,99.4,99.4,99.4,99.4,143205.33,,80.0,0
2025-11-14 03:48:00,99.4,99.4,99.4,99.4,143146.71999999997,,80.0,0
2025-11-14 03:51:00,99.2,99.2,99.2,99.2,142853.66,,80.0,0
2025-11-14 03:54:00,99.4,99.4,99.4,99.4,143205.33,,80.0,0
2025-11-14 03:57:00,99.25,99.25,99.25,99.25,142912.27000000002,,80.0,0
2025-11-14 04:00:00,99.3,99.3,99.3,99.3,142970.88,,80.0,0
2025-11-14 04:03:00,99.4,99.4,99.4,99.4,143205.33,,80.0,0
2025-11-14 04:06:00,99.35,99.35,99.35,99.35,143029.495,,80.0,0
2025-11-14 04:09:00,99.3,99.3,99.3,99.3,142970.88,,80.0,0
2025-11-14 04:12:00,99.3,99.3,99.3,99.3,142970.88,,80.0,0
2025-11-14 04:15:00,99.35,99.35,99.35,99.35,143088.10499999998,,80.0,0
2025-11-14 04:18:00,99.3,99.3,99.3,99.3,142970.88,,80.0,0
2025-11-14 04:21:00,99.3,99.3,99.3,99.3,142970.88,,80.0,0
2025-11-14 04:24:00,99.4,99.4,99.4,99.4,143205.33,,80.0,0
2025-11-14 04:27:00,99.35,99.35,99.35,99.35,143088.10499999998,,80.0,0
2025-11-14 04:30:00,99.3,99.3,99.3,99.3,142970.88,,80.0,0
2025-11-14 04:33:00,99.35,99.35,99.35,99.35,143088.10499999998,,80.0,0
2025-11-14 04:36:00,99.19999999999999,99.19999999999999,99.19999999999999,99.19999999999999,142853.66,,80.0,0
2025-11-14 04:39:00,99.19999999999999,99.19999999999999,99.19999999999999,99.19999999999999,142853.66,,80.0,0
2025-11-14 04:42:00,99.25,99.25,99.25,99.25,142912.27000000002,,80.0,0
2025-11-14 04:45:00,99.3,99.3,99.3,99.3,142970.88,,80.0,0
2025-11-14 04:48:00,99.2,99.2,99.2,99.2,142853.66,,80.0,0
2025-11-14 04:51:00,99.4,99.4,99.4,99.4,143088.11,,80.0,0
2025-11-14 04:54:00,99.4,99.4,99.4,99.4,143088.11,,80.0,0
2025-11-14 04:57:00,99.4,99.4,99.4,99.4,143088.11,,80.0,0
2025-11-14 05:00:00,99.3,99.3,99.3,99.3,142970.88,,80.0,0
2025-11-14 05:03:00,99.2,99.2,99.2,99.2,142853.66,,80.0,0
2025-11-14 05:06:00,99.4,99.4,99.4,99.4,143146.71999999997,,80.0,0
2025-11-14 05:09:00,99.0,99.0,99.0,99.0,142619.22,,80.0,0
2025-11-14 05:12:00,99.15,99.15,99.15,99.15,142795.05,,80.0,0
2025-11-14 05:15:00,99.2,99.2,99.2,99.2,142853.66,,80.0,0
2025-11-14 05:18:00,99.1,99.1,99.1,99.1,142736.44,,80.0,0
2025-11-14 05:21:00,99.1,99.1,99.1,99.1,142736.44,,80.0,0
2025-11-14 05:24:00,99.15,99.15,99.15,99.15,142795.05,,80.0,0
2025-11-14 05:27:00,99.05,99.05,99.05,98.95,142443.39,,80.0,0
2025-11-14 05:30:00,98.95,98.95,98.95,99.05,142619.22,,80.0,0
2025-11-14 05:33:00,98.8,98.8,98.8,98.8,142267.55,,80.0,0
2025-11-14 05:36:00,98.75,98.75,98.75,98.75,142208.945,,80.0,0
2025-11-14 05:39:00,98.4,98.4,98.4,98.4,141681.45,,80.0,0
2025-11-14 05:42:00,98.65,98.65,98.65,98.65,142033.11,,80.0,0
2025-11-14 05:45:00,98.65,98.65,98.65,98.65,142033.11,,80.0,0
2025-11-14 05:48:00,98.7,98.7,98.7,98.7,142150.33500000002,,80.0,0
2025-11-14 05:51:00,98.4,98.4,98.4,98.4,141681.44,,80.0,0
2025-11-14 05:54:00,98.4,98.4,98.4,98.65,142033.11,,80.0,0
2025-11-14 05:57:00,98.5,98.5,98.5,98.5,141798.67,,80.0,0
2025-11-14 06:00:00,98.30000000000001,98.30000000000001,98.30000000000001,98.30000000000001,141564.22,,80.0,0
2025-11-14 06:03:00,98.4,98.4,98.4,98.4,141681.45,,80.0,0
2025-11-14 06:06:00,98.35,98.35,98.35,98.35,141622.83500000002,,80.0,0
2025-11-14 06:09:00,98.3,98.3,98.3,98.3,141564.23,,80.0,0
2025-11-14 06:12:00,98.1,98.1,98.1,98.1,141271.19,,80.0,0
2025-11-14 06:15:00,98.25,98.25,98.25,98.25,141505.615,,80.0,0
2025-11-14 06:18:00,98.0,98.0,98.0,98.0,141153.97,,80.0,0
2025-11-14 06:21:00,98.3,98.3,98.3,98.3,141564.23,,80.0,0
2025-11-14 06:24:00,98.1,98.1,98.1,98.1,141329.78,,80.0,0
2025-11-14 06:27:00,97.94999999999999,97.94999999999999,97.94999999999999,97.94999999999999,141095.36,,80.0,0
2025-11-14 06:30:00,98.1,98.1,98.1,98.1,141329.78,,80.0,0
2025-11-14 06:33:00,98.1,98.1,98.1,98.1,141271.16999999998,,80.0,0
2025-11-14 06:36:00,98.05,98.05,98.05,98.05,141212.58000000002,,80.0,0
2025-11-14 06:39:00,98.05,98.05,98.05,98.05,141153.97,,80.0,0
2025-11-14 06:42:00,98.19999999999999,98.19999999999999,98.19999999999999,98.19999999999999,141447.005,,80.0,0
2025-11-14 06:45:00,97.95,97.95,97.95,97.95,141036.76,,80.0,0
2025-11-14 06:48:00,97.95,97.95,97.95,97.95,141036.76,,80.0,0
2025-11-14 06:51:00,98.0,98.0,98.0,98.0,141095.38,,80.0,0
2025-11-14 06:54:00,97.9,97.9,97.9,97.9,140978.14,,80.0,0
2025-11-14 06:57:00,97.85,97.85,97.85,97.85,140919.54,,80.0,0
2025-11-14 07:00:00,97.75,97.75,97.75,97.75,140802.32,,80.0,0
2025-11-14 07:03:00,97.75,97.75,97.75,97.75,140743.71000000002,,80.0,0
2025-11-14 07:06:00,97.7,97.7,97.7,97.7,140626.48,,80.0,0
2025-11-14 07:09:00,97.7,97.7,97.7,97.7,140626.48,,80.0,0
2025-11-14 07:12:00,97.7,97.7,97.7,97.95,141036.76,,80.0,0
2025-11-14 07:15:00,97.75,97.75,97.75,97.75,140743.71000000002,,80.0,0
2025-11-14 07:18:00,97.5,97.5,97.5,97.5,140392.03,,80.0,0
2025-11-14 07:21:00,97.6,97.6,97.6,97.6,140509.27,,80.0,0
2025-11-14 07:24:00,97.55,97.55,97.55,97.55,140450.65,,80.0,0
2025-11-14 07:27:00,97.2,97.2,97.2,97.2,139923.16,,80.0,0
2025-11-14 07:30:00,97.5,97.5,97.5,97.5,140392.03,,80.0,0
2025-11-14 07:33:00,97.3,97.3,97.3,97.3,140098.985,,80.0,0
2025-11-14 07:36:00,97.35,97.35,97.35,97.35,140157.595,,80.0,0
2025-11-14 07:39:00,97.1,97.1,97.1,97.1,139805.94,,80.0,0
2025-11-14 07:42:00,96.9,96.9,96.9,96.9,139512.885,,80.0,0
2025-11-14 07:45:00,97.0,97.0,97.0,97.0,139688.72,,80.0,0
2025-11-14 07:48:00,97.0,97.0,97.0,97.4,140274.83,,80.0,0
2025-11-14 07:51:00,97.0,97.0,97.0,97.0,139688.72,,80.0,0
2025-11-14 07:54:00,97.0,97.0,97.0,97.0,139688.72,,80.0,0
2025-11-14 07:57:00,97.0,97.0,97.0,96.8,139454.27,,80.0,0
2025-11-14 08:00:00,97.0,97.0,97.0,97.0,139688.72,,80.0,0
2025-11-14 08:03:00,97.0,97.0,97.0,97.05,139747.33000000002,,80.0,0
2025-11-14 08:06:00,96.85,96.85,96.85,96.85,139454.275,,80.0,0
2025-11-14 08:09:00,97.0,97.0,97.0,97.0,139688.72,,80.0,0
2025-11-14 08:12:00,96.8,96.8,96.8,96.8,139454.27,,80.0,0
2025-11-14 08:15:00,96.7,96.7,96.7,96.7,139219.83,,80.0,0
2025-11-14 08:18:00,96.55000000000001,96.55000000000001,96.55000000000001,96.55000000000001,139043.995,,80.0,0
2025-11-14 08:21:00,96.6,96.6,96.6,96.6,139102.61,,80.0,0
2025-11-14 08:24:00,96.6,96.6,96.6,96.6,139102.61,,80.0,0
2025-11-14 08:27:00,96.7,96.7,96.7,96.7,139219.83,,80.0,0
2025-11-14 08:30:00,96.6,96.6,96.6,96.6,139102.61,,80.0,0
2025-11-14 08:33:00,96.7,96.7,96.7,96.7,139219.83,,80.0,0
2025-11-14 08:36:00,96.65,96.65,96.65,96.65,139161.22,,80.0,0
2025-11-14 08:39:00,96.5,96.5,96.5,96.2,138516.515,,80.0,0
2025-11-14 08:42:00,96.5,96.5,96.5,96.5,138985.39,,80.0,0
2025-11-14 08:45:00,96.45,96.45,96.45,96.45,138926.77500000002,,80.0,0
2025-11-14 08:48:00,96.5,96.5,96.5,96.5,138985.39,,80.0,0
2025-11-14 08:51:00,96.5,96.5,96.5,96.5,138985.39,,80.0,0
2025-11-14 08:54:00,96.45,96.45,96.45,96.45,138926.77500000002,,80.0,0
2025-11-14 08:57:00,96.5,96.5,96.5,96.5,138985.39,,80.0,0
2025-11-14 09:00:00,96.45,96.45,96.45,95.5,137520.14,,80.0,0
2025-11-14 09:03:00,96.45,96.45,96.45,96.45,138926.77500000002,,80.0,0
2025-11-14 09:06:00,96.15,96.15,96.15,95.9,138047.64,,80.0,0
2025-11-14 09:09:00,95.9,95.9,95.9,96.5,138985.39,,80.0,0
2025-11-14 09:12:00,95.9,95.9,95.9,96.15,138516.51,,80.0,0
2025-11-14 09:15:00,95.9,95.9,95.9,95.9,138047.64,,80.0,0
2025-11-14 09:18:00,95.9,95.9,95.9,95.9,138047.64,,80.0,0
2025-11-14 09:21:00,95.9,95.9,95.9,95.55000000000001,137578.75,,80.0,0
2025-11-14 09:24:00,95.9,95.9,95.9,95.9,138106.25,,80.0,0
2025-11-14 09:27:00,95.85,95.85,95.85,95.85,137989.03000000003,,80.0,0
2025-11-14 09:30:00,95.8,95.8,95.8,95.8,137930.42,,80.0,0
2025-11-14 09:33:00,95.7,95.7,95.7,95.7,137813.19,,80.0,0
2025-11-14 09:36:00,95.75,95.75,95.75,95.75,137871.805,,80.0,0
2025-11-14 09:39:00,95.65,95.65,95.65,95.65,137754.58500000002,,80.0,0
2025-11-14 09:42:00,95.9,95.9,95.9,95.9,138164.86,,80.0,0
2025-11-14 09:45:00,95.9,95.9,95.9,95.9,138106.25,,80.0,0
2025-11-14 09:48:00,95.85,95.85,95.85,95.85,138047.64,,80.0,0
2025-11-14 09:51:00,95.6,95.6,95.6,95.6,137695.97,,80.0,0
2025-11-14 09:54:00,95.75,95.75,95.75,95.75,137871.805,,80.0,0
2025-11-14 09:57:00,95.80000000000001,95.80000000000001,95.80000000000001,95.80000000000001,137930.415,,80.0,0
2025-11-14 10:00:00,95.8,95.8,95.8,95.8,137930.42,,80.0,0
2025-11-14 10:03:00,95.9,95.9,95.9,95.9,138047.64,,80.0,0
2025-11-14 10:06:00,95.55000000000001,95.55000000000001,95.55000000000001,95.55000000000001,137578.75,,80.0,0
2025-11-14 10:09:00,95.7,95.7,95.7,95.7,137813.19,,80.0,0
2025-11-14 10:12:00,95.80000000000001,95.80000000000001,95.80000000000001,95.80000000000001,137930.415,,80.0,0
2025-11-14 10:15:00,96.15,96.15,96.15,96.15,138457.90000000002,,80.0,0
2025-11-14 10:18:00,95.9,95.9,95.9,95.9,138106.25,,80.0,0
2025-11-14 10:21:00,95.9,95.9,95.9,95.9,138047.64,,80.0,0
2025-11-14 10:24:00,95.75,95.75,95.75,95.75,137871.805,,80.0,0
2025-11-14 10:27:00,95.7,95.7,95.7,95.7,137813.19,,80.0,0
2025-11-14 10:30:00,95.8,95.8,95.8,95.8,137930.42,,80.0,0
2025-11-14 10:33:00,95.85,95.85,95.85,95.85,137989.03000000003,,80.0,0
2025-11-14 10:36:00,95.80000000000001,95.80000000000001,95.80000000000001,96.4,138750.97,,80.0,0
2025-11-14 10:39:00,95.9,95.9,95.9,95.9,138047.64,,80.0,0
2025-11-14 10:42:00,95.80000000000001,95.80000000000001,95.80000000000001,95.80000000000001,137930.415,,80.0,0
2025-11-14 10:45:00,95.5,95.5,95.5,95.5,137578.75,,80.0,0
2025-11-14 10:48:00,95.7,95.7,95.7,95.7,137813.19,,80.0,0
2025-11-14 10:51:00,95.75,95.75,95.75,96.55,139044.0,,80.0,0
2025-11-14 10:54:00,95.55,95.55,95.55,95.55,137637.365,,80.0,0
2025-11-14 10:57:00,95.7,95.7,95.7,96.15,138457.91499999998,,80.0,0
2025-11-14 11:00:00,95.75,95.75,95.75,95.75,137871.805,,80.0,1
2025-11-14 11:03:00,95.6,95.6,95.6,95.6,137695.97,,80.0,1
2025-11-14 11:06:00,95.5,95.5,95.5,95.5,137578.75,,80.0,1
2025-11-14 11:09:00,95.7,95.7,95.7,95.7,137813.19,,80.0,1
2025-11-14 11:12:00,95.65,95.65,95.65,95.65,137754.58500000002,,80.0,1
2025-11-14 11:15:00,95.75,95.75,95.75,95.0,136758.22,,80.0,1
2025-11-14 11:18:00,95.9,95.9,95.9,95.9,138047.64,,80.0,1
2025-11-14 11:21:00,96.4,96.4,96.4,96.4,138868.16,,80.0,1
2025-11-14 11:24:00,96.45,96.45,96.45,96.45,138868.18,,80.0,1
2025-11-14 11:27:00,96.4,96.4,96.4,96.4,138750.97,,80.0,1
2025-11-14 11:30:00,96.15,96.15,96.15,96.15,138457.91499999998,,80.0,1
2025-11-14 11:33:00,96.45,96.45,96.45,96.7,139219.83,,80.0,1
2025-11-14 11:36:00,96.7,96.7,96.7,96.7,139219.83,,80.0,1
2025-11-14 11:39:00,96.7,96.7,96.7,97.0,139688.72,,80.0,1
2025-11-14 11:42:00,96.8,96.8,96.8,96.8,139454.27,,80.0,1
2025-11-14 11:45:00,96.8,96.8,96.8,95.9,138164.86,,80.0,1
2025-11-14 11:48:00,96.8,96.8,96.8,96.8,139454.27,,80.0,1
2025-11-14 11:51:00,96.95,96.95,96.95,96.95,139630.1,,80.0,0
2025-11-14 11:54:00,97.0,97.0,97.0,97.0,139688.72,,80.0,1
2025-11-14 11:57:00,97.2,97.2,97.2,97.2,139923.16,,80.0,1
2025-11-14 12:00:00,97.15,97.15,97.15,97.15,139864.55,,80.0,1
2025-11-14 12:03:00,97.15,97.15,97.15,95.55,137578.76,,80.0,1
2025-11-14 12:06:00,97.25,97.25,97.25,97.25,140040.375,,80.0,1
2025-11-14 12:09:00,97.2,97.2,97.2,97.2,139923.16,,80.0,1
2025-11-14 12:12:00,97.0,97.0,97.0,97.0,139688.715,,80.0,1
2025-11-14 12:15:00,97.6,97.6,97.6,97.6,140509.27,,80.0,1
2025-11-14 12:18:00,97.75,97.75,97.75,97.75,140802.32,,80.0,1
2025-11-14 12:21:00,97.6,97.6,97.6,97.6,140567.865,,80.0,1
2025-11-14 12:24:00,97.6,97.6,97.6,97.35,140157.595,,80.0,1
2025-11-14 12:27:00,97.8,97.8,97.8,97.8,140860.94,,80.0,1
2025-11-14 12:30:00,97.8,97.8,97.8,97.5,140392.03,,80.0,1
2025-11-14 12:33:00,97.9,97.9,97.9,97.9,140978.16,,80.0,1
2025-11-14 12:36:00,97.95,97.95,97.95,97.95,141036.76,,80.0,1
2025-11-14 12:39:00,97.9,97.9,97.9,97.9,140978.14,,80.0,1
2025-11-14 12:42:00,98.0,98.0,98.0,98.0,141095.38,,80.0,1
2025-11-14 12:45:00,98.1,98.1,98.1,98.1,141271.16999999998,,80.0,1
2025-11-14 12:48:00,98.1,98.1,98.1,98.1,141212.56,,80.0,1
2025-11-14 12:51:00,98.05,98.05,98.05,98.05,141212.58000000002,,80.0,1
2025-11-14 12:54:00,98.1,98.1,98.1,98.1,141271.16999999998,,80.0,1
2025-11-14 12:57:00,98.3,98.3,98.3,98.3,141564.23,,80.0,1
2025-11-14 13:00:00,98.15,98.15,98.15,98.15,141388.39,,80.0,1
2025-11-14 13:03:00,98.4,98.4,98.4,98.4,141681.45,,80.0,1
2025-11-14 13:06:00,98.5,98.5,98.5,98.5,141798.67,,80.0,1
2025-11-14 13:09:00,98.5,98.5,98.5,98.3,141622.83500000002,,80.0,1
2025-11-14 13:12:00,98.5,98.5,98.5,98.5,141857.28000000003,,80.0,1
2025-11-14 13:15:00,98.65,98.65,98.65,98.65,142091.72,,80.0,1
2025-11-14 13:18:00,98.8,98.8,98.8,98.8,142267.55,,80.0,1
2025-11-14 13:21:00,98.8,98.8,98.8,98.8,142267.55,,80.0,1
2025-11-14 13:24:00,98.8,98.8,98.8,98.8,142267.55,,80.0,1
2025-11-14 13:27:00,98.95,98.95,98.95,98.95,142443.39,,80.0,1
2025-11-14 13:30:00,99.0,99.0,99.0,99.05,142619.22,,80.0,1
2025-11-14 13:33:00,99.0,99.0,99.0,99.0,142502.0,,80.0,1
2025-11-14 13:36:00,99.05,99.05,99.05,99.0,142502.0,,80.0,1
2025-11-14 13:39:00,99.1,99.1,99.1,99.1,142736.44,,80.0,1
2025-11-14 13:42:00,99.2,99.2,99.2,99.2,142853.66,,80.0,1
2025-11-14 13:45:00,99.2,99.2,99.2,99.2,142853.66,,80.0,1
2025-11-14 13:48:00,99.19999999999999,99.19999999999999,99.19999999999999,99.19999999999999,142853.66,,80.0,1
2025-11-14 13:51:00,99.25,99.25,99.25,99.25,142912.27000000002,,80.0,1
2025-11-14 13:54:00,99.19999999999999,99.19999999999999,99.19999999999999,99.19999999999999,142853.66,,80.0,1
2025-11-14 13:57:00,99.4,99.4,99.4,99.4,143088.11,,80.0,1
2025-11-14 14:00:00,99.3,99.3,99.3,99.3,142970.88,,80.0,1
2025-11-14 14:03:00,99.1,99.1,99.1,99.1,142736.44,,80.0,1
2025-11-14 14:06:00,99.25,99.25,99.25,99.25,142912.27000000002,,80.0,1
2025-11-14 14:09:00,99.4,99.4,99.4,99.4,143088.11,,80.0,1
2025-11-14 14:12:00,99.05,99.05,99.05,99.05,142619.22,,80.0,1
2025-11-14 14:15:00,99.5,99.5,99.5,99.5,143322.55,,80.0,1
2025-11-14 14:18:00,99.55,99.55,99.55,99.55,143381.15999999997,,80.0,1
2025-11-14 14:21:00,99.4,99.4,99.4,99.4,143205.33,,80.0,1
2025-11-14 14:24:00,99.6,99.6,99.6,99.6,143439.77,,80.0,1
2025-11-14 14:27:00,99.5,99.5,99.5,99.5,143322.55,,80.0,1
2025-11-14 14:30:00,99.44999999999999,99.44999999999999,99.44999999999999,99.44999999999999,143205.325,,80.0,1
2025-11-14 14:33:00,99.55,99.55,99.55,99.55,143381.15999999997,,80.0,1
2025-11-14 14:36:00,99.6,99.6,99.6,99.6,143439.77,,80.0,1
2025-11-14 14:39:00,99.8,99.8,99.8,99.8,143674.19,,80.0,1
2025-11-14 14:42:00,99.8,99.8,99.8,99.8,143674.19,,80.0,1
2025-11-14 14:45:00,99.8,99.8,99.8,99.8,143674.19,,80.0,1
2025-11-14 14:48:00,99.8,99.8,99.8,99.8,143674.19,,80.0,1
2025-11-14 14:51:00,99.8,99.8,99.8,99.8,143674.19,,80.0,1
2025-11-14 14:54:00,99.8,99.8,99.8,99.9,143791.41,,80.0,1
2025-11-14 14:57:00,99.8,99.8,99.8,99.6,143439.77,,80.0,1
2025-11-14 15:00:00,99.69999999999999,99.69999999999999,99.69999999999999,99.6,143439.77,,80.0,1
2025-11-14 15:03:00,99.6,99.6,99.6,99.9,143791.41,,80.0,1
2025-11-14 15:06:00,99.6,99.6,99.6,99.6,143439.77,,80.0,1
2025-11-14 15:09:00,99.6,99.6,99.6,99.6,143439.77,,80.0,1
2025-11-14 15:12:00,99.6,99.6,99.6,99.6,143439.77,,80.0,1
2025-11-14 15:15:00,99.59986559139784,99.59986559139784,,,,,,1
2025-11-14 15:18:00,99.5997311827957,99.5997311827957,,,,,,1
2025-11-14 15:21:00,99.59959677419354,99.59959677419354,,,,,,1
2025-11-14 15:24:00,99.59946236559139,99.59946236559139,,,,,,1
2025-11-14 15:27:00,99.59932795698924,99.59932795698924,,,,,,1
2025-11-14 15:30:00,99.59919354838709,99.59919354838709,,,,,,0
2025-11-14 15:33:00,99.59905913978494,99.59905913978494,,,,,,0
2025-11-14 15:36:00,99.59892473118279,99.59892473118279,,,,,,0
2025-11-14 15:39:00,99.59879032258064,99.59879032258064,,,,,,0
2025-11-14 15:42:00,99.59865591397849,99.59865591397849,,,,,,0
2025-11-14 15:45:00,99.59852150537634,99.59852150537634,,,,,,0
2025-11-14 15:48:00,99.59838709677419,99.59838709677419,,,,,,0
2025-11-14 15:51:00,99.59825268817204,99.59825268817204,,,,,,0
2025-11-14 15:54:00,99.59811827956989,99.59811827956989,,,,,,0
2025-11-14 15:57:00,99.59798387096774,99.59798387096774,,,,,,0
2025-11-14 16:00:00,99.59784946236559,99.59784946236559,,,,,,0
2025-11-14 16:03:00,99.59771505376344,99.59771505376344,,,,,,0
2025-11-14 16:06:00,99.59758064516129,99.59758064516129,,,,,,0
2025-11-14 16:09:00,99.59744623655914,99.59744623655914,,,,,,0
2025-11-14 16:12:00,99.59731182795699,99.59731182795699,,,,,,0
2025-11-14 16:15:00,99.59717741935484,99.59717741935484,,,,,,0
2025-11-14 16:18:00,99.59704301075269,99.59704301075269,,,,,,0
2025-11-14 16:21:00,99.59690860215053,99.59690860215053,,,,,,0
2025-11-14 16:24:00,99.59677419354838,99.59677419354838,,,,,,0
2025-11-14 16:27:00,99.59663978494623,99.59663978494623,,,,,,0
2025-11-14 16:30:00,99.59650537634408,99.59650537634408,,,,,,0
2025-11-14 16:33:00,99.59637096774193,99.59637096774193,,,,,,0
2025-11-14 16:36:00,99.59623655913978,99.59623655913978,,,,,,0
2025-11-14 16:39:00,99.59610215053763,99.59610215053763,,,,,,0
2025-11-14 16:42:00,99.59596774193548,99.59596774193548,,,,,,0
2025-11-14 16:45:00,99.59583333333333,99.59583333333333,,,,,,0
2025-11-14 16:48:00,99.59569892473118,99.59569892473118,,,,,,0
2025-11-14 16:51:00,99.59556451612903,99.59556451612903,,,,,,0
2025-11-14 16:54:00,99.59543010752688,99.59543010752688,,,,,,0
2025-11-14 16:57:00,99.59529569892473,99.59529569892473,,,,,,0
2025-11-14 17:00:00,99.59516129032258,99.59516129032258,,,,,,0
2025-11-14 17:03:00,99.59502688172043,99.59502688172043,,,,,,0
2025-11-14 17:06:00,99.59489247311828,99.59489247311828,,,,,,0
2025-11-14 17:09:00,99.59475806451613,99.59475806451613,,,,,,0
2025-11-14 17:12:00,99.59462365591398,99.59462365591398,,,,,,0
2025-11-14 17:15:00,99.59448924731183,99.59448924731183,,,,,,0
2025-11-14 17:18:00,99.59435483870968,99.59435483870968,,,,,,0
2025-11-14 17:21:00,99.59422043010753,99.59422043010753,,,,,,0
2025-11-14 17:24:00,99.59408602150538,99.59408602150538,,,,,,0
2025-11-14 17:27:00,99.59395161290323,99.59395161290323,,,,,,0
2025-11-14 17:30:00,99.59381720430108,99.59381720430108,,,,,,0
2025-11-14 17:33:00,99.59368279569892,99.59368279569892,,,,,,0
2025-11-14 17:36:00,99.59354838709677,99.59354838709677,,,,,,0
2025-11-14 17:39:00,99.59341397849462,99.59341397849462,,,,,,0
2025-11-14 17:42:00,99.59327956989247,99.59327956989247,,,,,,0
2025-11-14 17:45:00,99.59314516129032,99.59314516129032,,,,,,0
2025-11-14 17:48:00,99.59301075268817,99.59301075268817,,,,,,0
2025-11-14 17:51:00,99.59287634408602,99.59287634408602,,,,,,0
2025-11-14 17:54:00,99.59274193548387,99.59274193548387,,,,,,0
2025-11-14 17:57:00,99.59260752688172,99.59260752688172,,,,,,0
2025-11-14 18:00:00,99.59247311827957,99.59247311827957,,,,,,0
2025-11-14 18:03:00,99.59233870967742,99.59233870967742,,,,,,0
2025-11-14 18:06:00,99.59220430107527,99.59220430107527,,,,,,0
2025-11-14 18:09:00,99.59206989247312,99.59206989247312,,,,,,0
2025-11-14 18:12:00,99.59193548387097,99.59193548387097,,,,,,0
2025-11-14 18:15:00,99.59180107526882,99.59180107526882,,,,,,0
2025-11-14 18:18:00,99.59166666666667,99.59166666666667,,,,,,0
2025-11-14 18:21:00,99.5915322580645,99.5915322580645,,,,,,0
2025-11-14 18:24:00,99.59139784946235,99.59139784946235,,,,,,0
2025-11-14 18:27:00,99.5912634408602,99.5912634408602,,,,,,0
2025-11-14 18:30:00,99.59112903225805,99.59112903225805,,,,,,0
2025-11-14 18:33:00,99.5909946236559,99.5909946236559,,,,,,0
2025-11-14 18:36:00,99.59086021505375,99.59086021505375,,,,,,0
2025-11-14 18:39:00,99.5907258064516,99.5907258064516,,,,,,0
2025-11-14 18:42:00,99.59059139784945,99.59059139784945,,,,,,0
2025-11-14 18:45:00,99.5904569892473,99.5904569892473,,,,,,0
2025-11-14 18:48:00,99.59032258064515,99.59032258064515,,,,,,0
2025-11-14 18:51:00,99.590188172043,99.590188172043,,,,,,0
2025-11-14 18:54:00,99.59005376344085,99.59005376344085,,,,,,0
2025-11-14 18:57:00,99.5899193548387,99.5899193548387,,,,,,0
2025-11-14 19:00:00,99.58978494623655,99.58978494623655,,,,,,0
2025-11-14 19:03:00,99.5896505376344,99.5896505376344,,,,,,0
2025-11-14 19:06:00,99.58951612903225,99.58951612903225,,,,,,0
2025-11-14 19:09:00,99.5893817204301,99.5893817204301,,,,,,0
2025-11-14 19:12:00,99.58924731182795,99.58924731182795,,,,,,0
2025-11-14 19:15:00,99.5891129032258,99.5891129032258,,,,,,0
2025-11-14 19:18:00,99.58897849462365,99.58897849462365,,,,,,0
2025-11-14 19:21:00,99.5888440860215,99.5888440860215,,,,,,0
2025-11-14 19:24:00,99.58870967741935,99.58870967741935,,,,,,0
2025-11-14 19:27:00,99.5885752688172,99.5885752688172,,,,,,0
2025-11-14 19:30:00,99.58844086021504,99.58844086021504,,,,,,0
2025-11-14 19:33:00,99.5883064516129,99.5883064516129,,,,,,0
2025-11-14 19:36:00,99.58817204301074,99.58817204301074,,,,,,0
2025-11-14 19:39:00,99.5880376344086,99.5880376344086,,,,,,0
2025-11-14 19:42:00,99.58790322580644,99.58790322580644,,,,,,0
2025-11-14 19:45:00,99.58776881720429,99.58776881720429,,,,,,0
2025-11-14 19:48:00,99.58763440860214,99.58763440860214,,,,,,0
2025-11-14 19:51:00,99.58749999999999,99.58749999999999,,,,,,0
2025-11-14 19:54:00,99.58736559139784,99.58736559139784,,,,,,0
2025-11-14 19:57:00,99.58723118279569,99.58723118279569,,,,,,0
2025-11-14 20:00:00,99.58709677419354,99.58709677419354,,,,,,0
2025-11-14 20:03:00,99.58696236559139,99.58696236559139,,,,,,0
2025-11-14 20:06:00,99.58682795698924,99.58682795698924,,,,,,0
2025-11-14 20:09:00,99.58669354838709,99.58669354838709,,,,,,0
2025-11-14 20:12:00,99.58655913978494,99.58655913978494,,,,,,0
2025-11-14 20:15:00,99.58642473118279,99.58642473118279,,,,,,0
2025-11-14 20:18:00,99.58629032258064,99.58629032258064,,,,,,0
2025-11-14 20:21:00,99.58615591397849,99.58615591397849,,,,,,0
2025-11-14 20:24:00,99.58602150537634,99.58602150537634,,,,,,0
2025-11-14 20:27:00,99.58588709677419,99.58588709677419,,,,,,0
2025-11-14 20:30:00,99.58575268817204,99.58575268817204,,,,,,0
2025-11-14 20:33:00,99.58561827956989,99.58561827956989,,,,,,0
2025-11-14 20:36:00,99.58548387096774,99.58548387096774,,,,,,0
2025-11-14 20:39:00,99.58534946236558,99.58534946236558,,,,,,0
2025-11-14 20:42:00,99.58521505376343,99.58521505376343,,,,,,0
2025-11-14 20:45:00,99.58508064516128,99.58508064516128,,,,,,0
2025-11-14 20:48:00,99.58494623655913,99.58494623655913,,,,,,0
2025-11-14 20:51:00,99.58481182795698,99.58481182795698,,,,,,0
2025-11-14 20:54:00,99.58467741935483,99.58467741935483,,,,,,0
2025-11-14 20:57:00,99.58454301075268,99.58454301075268,,,,,,0
2025-11-14 21:00:00,99.58440860215053,99.58440860215053,,,,,,0
2025-11-14 21:03:00,99.58427419354838,99.58427419354838,,,,,,0
2025-11-14 21:06:00,99.58413978494623,99.58413978494623,,,,,,0
2025-11-14 21:09:00,99.58400537634408,99.58400537634408,,,,,,0
2025-11-14 21:12:00,99.58387096774193,99.58387096774193,,,,,,0
2025-11-14 21:15:00,99.58373655913978,99.58373655913978,,,,,,0
2025-11-14 21:18:00,99.58360215053763,99.58360215053763,,,,,,0
2025-11-14 21:21:00,99.58346774193548,99.58346774193548,,,,,,0
2025-11-14 21:24:00,99.58333333333333,99.58333333333333,,,,,,0
2025-11-14 21:27:00,99.58319892473118,99.58319892473118,,,,,,0
2025-11-14 21:30:00,99.58306451612903,99.58306451612903,,,,,,0
2025-11-14 21:33:00,99.58293010752688,99.58293010752688,,,,,,0
2025-11-14 21:36:00,99.58279569892473,99.58279569892473,,,,,,0
2025-11-14 21:39:00,99.58266129032258,99.58266129032258,,,,,,0
2025-11-14 21:42:00,99.58252688172043,99.58252688172043,,,,,,0
2025-11-14 21:45:00,99.58239247311828,99.58239247311828,,,,,,0
2025-11-14 21:48:00,99.58225806451613,99.58225806451613,,,,,,0
2025-11-14 21:51:00,99.58212365591397,99.58212365591397,,,,,,0
2025-11-14 21:54:00,99.58198924731182,99.58198924731182,,,,,,0
2025-11-14 21:57:00,99.58185483870967,99.58185483870967,,,,,,0
2025-11-14 22:00:00,99.58172043010752,99.58172043010752,,,,,,0
2025-11-14 22:03:00,99.58158602150537,99.58158602150537,,,,,,0
2025-11-14 22:06:00,99.58145161290322,99.58145161290322,,,,,,0
2025-11-14 22:09:00,99.58131720430107,99.58131720430107,,,,,,0
2025-11-14 22:12:00,99.58118279569892,99.58118279569892,,,,,,0
2025-11-14 22:15:00,99.58104838709677,99.58104838709677,,,,,,0
2025-11-14 22:18:00,99.58091397849462,99.58091397849462,,,,,,0
2025-11-14 22:21:00,99.58077956989247,99.58077956989247,,,,,,0
2025-11-14 22:24:00,99.58064516129032,99.58064516129032,,,,,,0
2025-11-14 22:27:00,99.58051075268817,99.58051075268817,,,,,,0
2025-11-14 22:30:00,99.58037634408602,99.58037634408602,,,,,,0
2025-11-14 22:33:00,99.58024193548387,99.58024193548387,,,,,,0
2025-11-14 22:36:00,99.58010752688172,99.58010752688172,,,,,,0
2025-11-14 22:39:00,99.57997311827957,99.57997311827957,,,,,,0
2025-11-14 22:42:00,99.57983870967742,99.57983870967742,,,,,,0
2025-11-14 22:45:00,99.57970430107527,99.57970430107527,,,,,,0
2025-11-14 22:48:00,99.57956989247312,99.57956989247312,,,,,,0
2025-11-14 22:51:00,99.57943548387097,99.57943548387097,,,,,,0
2025-11-14 22:54:00,99.57930107526882,99.57930107526882,,,,,,0
2025-11-14 22:57:00,99.57916666666667,99.57916666666667,,,,,,0
2025-11-14 23:00:00,99.57903225806452,99.57903225806452,,,,,,0
2025-11-14 23:03:00,99.57889784946236,99.57889784946236,,,,,,0
2025-11-14 23:06:00,99.57876344086021,99.57876344086021,,,,,,0
2025-11-14 23:09:00,99.57862903225806,99.57862903225806,,,,,,0
2025-11-14 23:12:00,99.57849462365591,99.57849462365591,,,,,,0
2025-11-14 23:15:00,99.57836021505376,99.57836021505376,,,,,,0
2025-11-14 23:18:00,99.57822580645161,99.57822580645161,,,,,,0
2025-11-14 23:21:00,99.57809139784946,99.57809139784946,,,,,,0
2025-11-14 23:24:00,99.57795698924731,99.57795698924731,,,,,,0
2025-11-14 23:27:00,99.57782258064516,99.57782258064516,,,,,,0
2025-11-14 23:30:00,99.57768817204301,99.57768817204301,,,,,,0
2025-11-14 23:33:00,99.57755376344086,99.57755376344086,,,,,,0
2025-11-14 23:36:00,99.57741935483871,99.57741935483871,,,,,,0
2025-11-14 23:39:00,99.57728494623656,99.57728494623656,,,,,,0
2025-11-14 23:42:00,99.57715053763441,99.57715053763441,,,,,,0
2025-11-14 23:45:00,99.57701612903226,99.57701612903226,,,,,,0
2025-11-14 23:48:00,99.57688172043011,99.57688172043011,,,,,,0
2025-11-14 23:51:00,99.57674731182796,99.57674731182796,,,,,,0
2025-11-14 23:54:00,99.57661290322581,99.57661290322581,,,,,,0
2025-11-14 23:57:00,99.57647849462366,99.57647849462366,,,,,,0
2025-11-15 00:00:00,99.5763440860215,99.5763440860215,,,,,,0
2025-11-15 00:03:00,99.57620967741936,99.57620967741936,,,,,,0
2025-11-15 00:06:00,99.5760752688172,99.5760752688172,,,,,,0
2025-11-15 00:09:00,99.57594086021506,99.57594086021506,,,,,,0
2025-11-15 00:12:00,99.5758064516129,99.5758064516129,,,,,,0
2025-11-15 00:15:00,99.57567204301075,99.57567204301075,,,,,,0
2025-11-15 00:18:00,99.5755376344086,99.5755376344086,,,,,,0
2025-11-15 00:21:00,99.57540322580645,99.57540322580645,,,,,,0
2025-11-15 00:24:00,99.5752688172043,99.5752688172043,,,,,,0
2025-11-15 00:27:00,99.57513440860215,99.57513440860215,,,,,,0
2025-11-15 00:30:00,99.57499999999999,99.57499999999999,,,,,,0
2025-11-15 00:33:00,99.57486559139784,99.57486559139784,,,,,,0
2025-11-15 00:36:00,99.57473118279569,99.57473118279569,,,,,,0
2025-11-15 00:39:00,99.57459677419354,99.57459677419354,,,,,,0
2025-11-15 00:42:00,99.57446236559139,99.57446236559139,,,,,,0
2025-11-15 00:45:00,99.57432795698924,99.57432795698924,,,,,,0
2025-11-15 00:48:00,99.57419354838709,99.57419354838709,,,,,,0
2025-11-15 00:51:00,99.57405913978494,99.57405913978494,,,,,,0
2025-11-15 00:54:00,99.57392473118279,99.57392473118279,,,,,,0
2025-11-15 00:57:00,99.57379032258063,99.57379032258063,,,,,,0
2025-11-15 01:00:00,99.57365591397848,99.57365591397848,,,,,,0
2025-11-15 01:03:00,99.57352150537633,99.57352150537633,,,,,,0
2025-11-15 01:06:00,99.57338709677418,99.57338709677418,,,,,,0
2025-11-15 01:09:00,99.57325268817203,99.57325268817203,,,,,,0
2025-11-15 01:12:00,99.57311827956988,99.57311827956988,,,,,,0
2025-11-15 01:15:00,99.57298387096773,99.57298387096773,,,,,,0
2025-11-15 01:18:00,99.57284946236558,99.57284946236558,,,,,,0
2025-11-15 01:21:00,99.57271505376343,99.57271505376343,,,,,,0
2025-11-15 01:24:00,99.57258064516128,99.57258064516128,,,,,,0
2025-11-15 01:27:00,99.57244623655913,99.57244623655913,,,,,,0
2025-11-15 01:30:00,99.57231182795698,99.57231182795698,,,,,,0
2025-11-15 01:33:00,99.57217741935483,99.57217741935483,,,,,,0
2025-11-15 01:36:00,99.57204301075268,99.57204301075268,,,,,,0
2025-11-15 01:39:00,99.57190860215053,99.57190860215053,,,,,,0
2025-11-15 01:42:00,99.57177419354838,99.57177419354838,,,,,,0
2025-11-15 01:45:00,99.57163978494623,99.57163978494623,,,,,,0
2025-11-15 01:48:00,99.57150537634408,99.57150537634408,,,,,,0
2025-11-15 01:51:00,99.57137096774193,99.57137096774193,,,,,,0
2025-11-15 01:54:00,99.57123655913978,99.57123655913978,,,,,,0
2025-11-15 01:57:00,99.57110215053763,99.57110215053763,,,,,,0
2025-11-15 02:00:00,99.57096774193548,99.57096774193548,,,,,,0
2025-11-15 02:03:00,99.57083333333333,99.57083333333333,,,,,,0
2025-11-15 02:06:00,99.57069892473118,99.57069892473118,,,,,,0
2025-11-15 02:09:00,99.57056451612902,99.57056451612902,,,,,,0
2025-11-15 02:12:00,99.57043010752687,99.57043010752687,,,,,,0
2025-11-15 02:15:00,99.57029569892472,99.57029569892472,,,,,,0
2025-11-15 02:18:00,99.57016129032257,99.57016129032257,,,,,,0
2025-11-15 02:21:00,99.57002688172042,99.57002688172042,,,,,,0
2025-11-15 02:24:00,99.56989247311827,99.56989247311827,,,,,,0
2025-11-15 02:27:00,99.56975806451612,99.56975806451612,,,,,,0
2025-11-15 02:30:00,99.56962365591397,99.56962365591397,,,,,,0
2025-11-15 02:33:00,99.56948924731182,99.56948924731182,,,,,,0
2025-11-15 02:36:00,99.56935483870967,99.56935483870967,,,,,,0
2025-11-15 02:39:00,99.56922043010752,99.56922043010752,,,,,,0
2025-11-15 02:42:00,99.56908602150537,99.56908602150537,,,,,,0
2025-11-15 02:45:00,99.56895161290322,99.56895161290322,,,,,,0
2025-11-15 02:48:00,99.56881720430107,99.56881720430107,,,,,,0
2025-11-15 02:51:00,99.56868279569892,99.56868279569892,,,,,,0
2025-11-15 02:54:00,99.56854838709677,99.56854838709677,,,,,,0
2025-11-15 02:57:00,99.56841397849462,99.56841397849462,,,,,,0
2025-11-15 03:00:00,99.56827956989247,99.56827956989247,,,,,,0
2025-11-15 03:03:00,99.56814516129032,99.56814516129032,,,,,,0
2025-11-15 03:06:00,99.56801075268817,99.56801075268817,,,,,,0
2025-11-15 03:09:00,99.56787634408602,99.56787634408602,,,,,,0
2025-11-15 03:12:00,99.56774193548387,99.56774193548387,,,,,,0
2025-11-15 03:15:00,99.56760752688172,99.56760752688172,,,,,,0
2025-11-15 03:18:00,99.56747311827957,99.56747311827957,,,,,,0
2025-11-15 03:21:00,99.56733870967741,99.56733870967741,,,,,,0
2025-11-15 03:24:00,99.56720430107526,99.56720430107526,,,,,,0
2025-11-15 03:27:00,99.56706989247311,99.56706989247311,,,,,,0
2025-11-15 03:30:00,99.56693548387096,99.56693548387096,,,,,,0
2025-11-15 03:33:00,99.56680107526881,99.56680107526881,,,,,,0
2025-11-15 03:36:00,99.56666666666666,99.56666666666666,,,,,,0
2025-11-15 03:39:00,99.56653225806451,99.56653225806451,,,,,,0
2025-11-15 03:42:00,99.56639784946236,99.56639784946236,,,,,,0
2025-11-15 03:45:00,99.56626344086021,99.56626344086021,,,,,,0
2025-11-15 03:48:00,99.56612903225806,99.56612903225806,,,,,,0
2025-11-15 03:51:00,99.56599462365591,99.56599462365591,,,,,,0
2025-11-15 03:54:00,99.56586021505376,99.56586021505376,,,,,,0
2025-11-15 03:57:00,99.56572580645161,99.56572580645161,,,,,,0
2025-11-15 04:00:00,99.56559139784946,99.56559139784946,,,,,,0
2025-11-15 04:03:00,99.56545698924731,99.56545698924731,,,,,,0
2025-11-15 04:06:00,99.56532258064516,99.56532258064516,,,,,,0
2025-11-15 04:09:00,99.56518817204301,99.56518817204301,,,,,,0
2025-11-15 04:12:00,99.56505376344086,99.56505376344086,,,,,,0
2025-11-15 04:15:00,99.56491935483871,99.56491935483871,,,,,,0
2025-11-15 04:18:00,99.56478494623656,99.56478494623656,,,,,,0
2025-11-15 04:21:00,99.5646505376344,99.5646505376344,,,,,,0
2025-11-15 04:24:00,99.56451612903226,99.56451612903226,,,,,,0
2025-11-15 04:27:00,99.5643817204301,99.5643817204301,,,,,,0
2025-11-15 04:30:00,99.56424731182796,99.56424731182796,,,,,,0
2025-11-15 04:33:00,99.5641129032258,99.5641129032258,,,,,,0
2025-11-15 04:36:00,99.56397849462365,99.56397849462365,,,,,,0
2025-11-15 04:39:00,99.5638440860215,99.5638440860215,,,,,,0
2025-11-15 04:42:00,99.56370967741935,99.56370967741935,,,,,,0
2025-11-15 04:45:00,99.5635752688172,99.5635752688172,,,,,,0
2025-11-15 04:48:00,99.56344086021505,99.56344086021505,,,,,,0
2025-11-15 04:51:00,99.5633064516129,99.5633064516129,,,,,,0
2025-11-15 04:54:00,99.56317204301075,99.56317204301075,,,,,,0
2025-11-15 04:57:00,99.5630376344086,99.5630376344086,,,,,,0
2025-11-15 05:00:00,99.56290322580645,99.56290322580645,,,,,,0
2025-11-15 05:03:00,99.5627688172043,99.5627688172043,,,,,,0
2025-11-15 05:06:00,99.56263440860215,99.56263440860215,,,,,,0
2025-11-15 05:09:00,99.5625,99.5625,,,,,,0
2025-11-15 05:12:00,99.56236559139785,99.56236559139785,,,,,,0
2025-11-15 05:15:00,99.5622311827957,99.5622311827957,,,,,,0
2025-11-15 05:18:00,99.56209677419355,99.56209677419355,,,,,,0
2025-11-15 05:21:00,99.5619623655914,99.5619623655914,,,,,,0
2025-11-15 05:24:00,99.56182795698925,99.56182795698925,,,,,,0
2025-11-15 05:27:00,99.5616935483871,99.5616935483871,,,,,,0
2025-11-15 05:30:00,99.56155913978495,99.56155913978495,,,,,,0
2025-11-15 05:33:00,99.5614247311828,99.5614247311828,,,,,,0
2025-11-15 05:36:00,99.56129032258065,99.56129032258065,,,,,,0
2025-11-15 05:39:00,99.5611559139785,99.5611559139785,,,,,,0
2025-11-15 05:42:00,99.56102150537635,99.56102150537635,,,,,,0
2025-11-15 05:45:00,99.5608870967742,99.5608870967742,,,,,,0
2025-11-15 05:48:00,99.56075268817204,99.56075268817204,,,,,,0
2025-11-15 05:51:00,99.5606182795699,99.5606182795699,,,,,,0
2025-11-15 05:54:00,99.56048387096774,99.56048387096774,,,,,,0
2025-11-15 05:57:00,99.5603494623656,99.5603494623656,,,,,,0
2025-11-15 06:00:00,99.56021505376344,99.56021505376344,,,,,,0
2025-11-15 06:03:00,99.56008064516129,99.56008064516129,,,,,,0
2025-11-15 06:06:00,99.55994623655914,99.55994623655914,,,,,,0
2025-11-15 06:09:00,99.55981182795699,99.55981182795699,,,,,,0
2025-11-15 06:12:00,99.55967741935484,99.55967741935484,,,,,,0
2025-11-15 06:15:00,99.55954301075269,99.55954301075269,,,,,,0
2025-11-15 06:18:00,99.55940860215054,99.55940860215054,,,,,,0
2025-11-15 06:21:00,99.55927419354839,99.55927419354839,,,,,,0
2025-11-15 06:24:00,99.55913978494624,99.55913978494624,,,,,,0
2025-11-15 06:27:00,99.55900537634409,99.55900537634409,,,,,,0
2025-11-15 06:30:00,99.55887096774194,99.55887096774194,,,,,,0
2025-11-15 06:33:00,99.55873655913979,99.55873655913979,,,,,,0
2025-11-15 06:36:00,99.55860215053764,99.55860215053764,,,,,,0
2025-11-15 06:39:00,99.55846774193549,99.55846774193549,,,,,,0
2025-11-15 06:42:00,99.55833333333334,99.55833333333334,,,,,,0
2025-11-15 06:45:00,99.55819892473117,99.55819892473117,,,,,,0
2025-11-15 06:48:00,99.55806451612902,99.55806451612902,,,,,,0
2025-11-15 06:51:00,99.55793010752687,99.55793010752687,,,,,,0
2025-11-15 06:54:00,99.55779569892472,99.55779569892472,,,,,,0
2025-11-15 06:57:00,99.55766129032257,99.55766129032257,,,,,,0
2025-11-15 07:00:00,99.55752688172042,99.55752688172042,,,,,,0
2025-11-15 07:03:00,99.55739247311827,99.55739247311827,,,,,,0
2025-11-15 07:06:00,99.55725806451612,99.55725806451612,,,,,,0
2025-11-15 07:09:00,99.55712365591397,99.55712365591397,,,,,,0
2025-11-15 07:12:00,99.55698924731182,99.55698924731182,,,,,,0
2025-11-15 07:15:00,99.55685483870967,99.55685483870967,,,,,,0
2025-11-15 07:18:00,99.55672043010752,99.55672043010752,,,,,,0
2025-11-15 07:21:00,99.55658602150537,99.55658602150537,,,,,,0
2025-11-15 07:24:00,99.55645161290322,99.55645161290322,,,,,,0
2025-11-15 07:27:00,99.55631720430107,99.55631720430107,,,,,,0
2025-11-15 07:30:00,99.55618279569892,99.55618279569892,,,,,,0
2025-11-15 07:33:00,99.55604838709677,99.55604838709677,,,,,,0
2025-11-15 07:36:00,99.55591397849462,99.55591397849462,,,,,,0
2025-11-15 07:39:00,99.55577956989247,99.55577956989247,,,,,,0
2025-11-15 07:42:00,99.55564516129031,99.55564516129031,,,,,,0
2025-11-15 07:45:00,99.55551075268816,99.55551075268816,,,,,,0
2025-11-15 07:48:00,99.55537634408601,99.55537634408601,,,,,,0
2025-11-15 07:51:00,99.55524193548386,99.55524193548386,,,,,,0
2025-11-15 07:54:00,99.55510752688171,99.55510752688171,,,,,,0
2025-11-15 07:57:00,99.55497311827956,99.55497311827956,,,,,,0
2025-11-15 08:00:00,99.55483870967741,99.55483870967741,,,,,,0
2025-11-15 08:03:00,99.55470430107526,99.55470430107526,,,,,,0
2025-11-15 08:06:00,99.55456989247311,99.55456989247311,,,,,,0
2025-11-15 08:09:00,99.55443548387096,99.55443548387096,,,,,,0
2025-11-15 08:12:00,99.55430107526881,99.55430107526881,,,,,,0
2025-11-15 08:15:00,99.55416666666666,99.55416666666666,,,,,,0
2025-11-15 08:18:00,99.55403225806451,99.55403225806451,,,,,,0
2025-11-15 08:21:00,99.55389784946236,99.55389784946236,,,,,,0
2025-11-15 08:24:00,99.55376344086021,99.55376344086021,,,,,,0
2025-11-15 08:27:00,99.55362903225806,99.55362903225806,,,,,,0
2025-11-15 08:30:00,99.55349462365591,99.55349462365591,,,,,,0
2025-11-15 08:33:00,99.55336021505376,99.55336021505376,,,,,,0
2025-11-15 08:36:00,99.55322580645161,99.55322580645161,,,,,,0
2025-11-15 08:39:00,99.55309139784946,99.55309139784946,,,,,,0
2025-11-15 08:42:00,99.5529569892473,99.5529569892473,,,,,,0
2025-11-15 08:45:00,99.55282258064516,99.55282258064516,,,,,,0
2025-11-15 08:48:00,99.552688172043,99.552688172043,,,,,,0
2025-11-15 08:51:00,99.55255376344086,99.55255376344086,,,,,,0
2025-11-15 08:54:00,99.5524193548387,99.5524193548387,,,,,,0
2025-11-15 08:57:00,99.55228494623655,99.55228494623655,,,,,,0
2025-11-15 09:00:00,99.5521505376344,99.5521505376344,,,,,,0
2025-11-15 09:03:00,99.55201612903225,99.55201612903225,,,,,,0
2025-11-15 09:06:00,99.5518817204301,99.5518817204301,,,,,,0
2025-11-15 09:09:00,99.55174731182795,99.55174731182795,,,,,,0
2025-11-15 09:12:00,99.5516129032258,99.5516129032258,,,,,,0
2025-11-15 09:15:00,99.55147849462365,99.55147849462365,,,,,,0
2025-11-15 09:18:00,99.5513440860215,99.5513440860215,,,,,,0
2025-11-15 09:21:00,99.55120967741935,99.55120967741935,,,,,,0
2025-11-15 09:24:00,99.5510752688172,99.5510752688172,,,,,,0
2025-11-15 09:27:00,99.55094086021505,99.55094086021505,,,,,,0
2025-11-15 09:30:00,99.5508064516129,99.5508064516129,,,,,,0
2025-11-15 09:33:00,99.55067204301075,99.55067204301075,,,,,,0
2025-11-15 09:36:00,99.5505376344086,99.5505376344086,,,,,,0
2025-11-15 09:39:00,99.55040322580645,99.55040322580645,,,,,,0
2025-11-15 09:42:00,99.5502688172043,99.5502688172043,,,,,,0
2025-11-15 09:45:00,99.55013440860215,99.55013440860215,,,,,,0
2025-11-15 09:48:00,99.55,99.55,99.55,99.55,143381.15999999997,,80.0,0
2025-11-15 09:51:00,99.4,99.4,99.4,99.4,143205.33,,80.0,0
2025-11-15 09:54:00,99.575,99.575,99.575,99.4,143146.715,,80.0,0
2025-11-15 09:57:00,99.6,99.6,99.6,99.6,143439.77,,80.0,0
2025-11-15 10:00:00,99.575,99.575,99.575,99.8,143674.19,,80.0,0
2025-11-15 10:03:00,99.6,99.6,99.6,99.6,143439.77,,80.0,0
2025-11-15 10:06:00,99.55000000000001,99.55000000000001,99.55000000000001,99.55000000000001,143381.15,,80.0,0
2025-11-15 10:09:00,99.6,99.6,99.6,99.6,143439.77,,80.0,0
2025-11-15 10:12:00,99.6,99.6,99.6,99.6,143439.77,,80.0,0
2025-11-15 10:15:00,99.6,99.6,99.6,99.35,143088.10499999998,,80.0,0
2025-11-15 10:18:00,99.7,99.7,99.7,99.7,143556.97,,80.0,0
2025-11-15 10:21:00,99.75,99.75,99.75,99.75,143615.58000000002,,80.0,0
2025-11-15 10:24:00,99.6,99.6,99.6,99.6,143439.77,,80.0,0
2025-11-15 10:27:00,99.65,99.65,99.65,99.65,143498.37,,80.0,0
2025-11-15 10:30:00,99.7,99.7,99.7,99.7,143556.97,,80.0,0
2025-11-15 10:33:00,99.65,99.65,99.65,99.65,143498.37,,80.0,0
2025-11-15 10:36:00,99.6,99.6,99.6,99.6,143439.77,,80.0,0
2025-11-15 10:39:00,99.65,99.65,99.65,99.65,143498.37,,80.0,0
2025-11-15 10:42:00,99.65,99.65,99.65,99.65,143498.37,,80.0,0
2025-11-15 10:45:00,99.6,99.6,99.6,99.6,143439.77,,80.0,0
2025-11-15 10:48:00,99.44999999999999,99.44999999999999,99.44999999999999,99.44999999999999,143205.325,,80.0,0
2025-11-15 10:51:00,99.6,99.6,99.6,99.6,143439.77,,80.0,0
2025-11-15 10:54:00,99.45,99.45,99.45,99.45,143205.33,,80.0,0
2025-11-15 10:57:00,99.6,99.6,99.6,99.6,143439.77,,80.0,0
2025-11-15 11:00:00,99.55,99.55,99.55,99.55,143381.15999999997,,80.0,0
2025-11-15 11:03:00,99.44999999999999,99.44999999999999,99.44999999999999,99.44999999999999,143205.325,,80.0,0
2025-11-15 11:06:00,99.65,99.65,99.65,99.65,143498.37,,80.0,0
2025-11-15 11:09:00,99.05,99.05,99.05,99.05,142619.22,,80.0,0
2025-11-15 11:12:00,99.69999999999999,99.69999999999999,99.69999999999999,99.69999999999999,143556.97999999998,,80.0,0
2025-11-15 11:15:00,99.8,99.8,99.8,99.8,143674.19,,80.0,0
2025-11-15 11:18:00,99.6,99.6,99.6,99.6,143439.77,,80.0,0
2025-11-15 11:21:00,99.8,99.8,99.8,99.8,143674.19,,80.0,0
2025-11-15 11:24:00,99.65,99.65,99.65,99.1,142736.44,,80.0,0
2025-11-15 11:27:00,99.8,99.8,99.8,99.8,143674.19,,80.0,0
2025-11-15 11:30:00,99.8,99.8,99.8,99.8,143674.19,,80.0,0
2025-11-15 11:33:00,99.55,99.55,99.55,99.55,143381.15999999997,,80.0,0
2025-11-15 11:36:00,99.5,99.5,99.5,99.5,143322.55,,80.0,0
2025-11-15 11:39:00,99.65,99.65,99.65,99.65,143498.37,,80.0,0
2025-11-15 11:42:00,99.7,99.7,99.7,99.7,143556.97,,80.0,0
2025-11-15 11:45:00,99.8,99.8,99.8,99.8,143674.19,,80.0,0
2025-11-15 11:48:00,99.6,99.6,99.6,99.6,143439.77,,80.0,0
2025-11-15 11:51:00,99.5,99.5,99.5,99.5,143263.94,,80.0,0
2025-11-15 11:54:00,99.6,99.6,99.6,99.6,143439.77,,80.0,0
2025-11-15 11:57:00,99.6,99.6,99.6,99.6,143439.77,,80.0,0
2025-11-15 12:00:00,99.6,99.6,99.6,99.6,143439.77,,80.0,0
2025-11-15 12:03:00,99.6,99.6,99.6,99.5,143322.55,,80.0,0
2025-11-15 12:06:00,99.6,99.6,99.6,99.6,143439.77,,80.0,0
2025-11-15 12:09:00,99.6,99.6,99.6,99.8,143674.19,,80.0,0
2025-11-15 12:12:00,99.6,99.6,99.6,99.65,143498.37,,80.0,0
2025-11-15 12:15:00,99.6,99.6,99.6,99.55,143381.15999999997,,80.0,0
2025-11-15 12:18:00,99.6,99.6,99.6,99.6,143439.77,,80.0,0
2025-11-15 12:21:00,99.6,99.6,99.6,99.6,143439.76,,80.0,0
2025-11-15 12:24:00,99.6,99.6,99.6,99.6,143439.77,,80.0,0
2025-11-15 12:27:00,99.6,99.6,99.6,99.5,143322.55,,80.0,0
2025-11-15 12:30:00,99.6,99.6,99.6,99.6,143439.77,,80.0,0
2025-11-15 12:33:00,99.6,99.6,99.6,99.6,143439.77,,80.0,0
2025-11-15 12:36:00,99.6,99.6,99.6,99.6,143439.77,,80.0,0
2025-11-15 12:39:00,99.75,99.75,99.75,99.75,143615.58000000002,,80.0,0
2025-11-15 12:42:00,99.3,99.3,99.3,99.3,142970.88,,80.0,0
2025-11-15 12:45:00,99.6,99.6,99.6,99.6,143439.76,,80.0,0
2025-11-15 12:48:00,99.4,99.4,99.4,99.4,143205.33,,80.0,0
2025-11-15 12:51:00,99.6,99.6,99.6,98.3,141564.23,,80.0,0
2025-11-15 12:54:00,99.6,99.6,99.6,98.1,141212.56,,80.0,0
2025-11-15 12:57:00,98.9,98.9,98.9,98.9,142384.78,,80.0,0
2025-11-15 13:00:00,99.6,99.6,99.6,99.6,143439.77,,80.0,0
2025-11-15 13:03:00,99.75,99.75,99.75,99.75,143615.58000000002,,80.0,0
2025-11-15 13:06:00,99.6,99.6,99.6,99.6,143439.77,,80.0,0
2025-11-15 13:09:00,99.7,99.7,99.7,99.7,143556.97,,80.0,0
2025-11-15 13:12:00,99.7,99.7,99.7,99.7,143556.97,,80.0,0
2025-11-15 13:15:00,99.5,99.5,99.5,99.5,143322.55,,80.0,0
2025-11-15 13:18:00,99.5,99.5,99.5,99.5,143322.55,,80.0,0
2025-11-15 13:21:00,99.4,99.4,99.4,99.4,143205.33,,80.0,0
2025-11-15 13:24:00,99.35,99.35,99.35,99.35,143088.10499999998,,80.0,0
2025-11-15 13:27:00,99.44999999999999,99.44999999999999,99.44999999999999,99.44999999999999,143205.325,,80.0,0
2025-11-15 13:30:00,99.6,99.6,99.6,99.6,143439.77,,80.0,0
2025-11-15 13:33:00,99.4,99.4,99.4,98.65,142091.735,,80.0,0
2025-11-15 13:36:00,99.4,99.4,99.4,98.5,141857.3,,80.0,0
2025-11-15 13:39:00,99.4,99.4,99.4,99.4,143205.33,,80.0,0
2025-11-15 13:42:00,99.5,99.5,99.5,98.75,142208.95500000002,,80.0,0
2025-11-15 13:45:00,99.5,99.5,99.5,99.5,143322.55,,80.0,0
2025-11-15 13:48:00,99.6,99.6,99.6,99.6,143439.77,,80.0,0
2025-11-15 13:51:00,99.6,99.6,99.6,99.6,143439.77,,80.0,0
2025-11-15 13:54:00,99.65,99.65,99.65,99.65,143498.37,,80.0,0
2025-11-15 13:57:00,99.65,99.65,99.65,99.65,143498.37,,80.0,0
2025-11-15 14:00:00,99.6,99.6,99.6,99.6,143439.77,,80.0,0
2025-11-15 14:03:00,99.65,99.65,99.65,99.65,143498.37,,80.0,0
2025-11-15 14:06:00,99.8,99.8,99.8,99.8,143674.19,,80.0,0
2025-11-15 14:09:00,99.8,99.8,99.8,99.8,143674.19,,80.0,0
2025-11-15 14:12:00,99.6,99.6,99.6,99.6,143439.77,,80.0,0
2025-11-15 14:15:00,99.5,99.5,99.5,99.5,143322.55,,80.0,0
2025-11-15 14:18:00,99.55,99.55,99.55,99.55,143381.15999999997,,80.0,0
2025-11-15 14:21:00,99.45,99.45,99.45,99.45,143263.94,,80.0,0
2025-11-15 14:24:00,99.5,99.5,99.5,99.5,143322.55,,80.0,0
2025-11-15 14:27:00,99.4,99.4,99.4,99.4,143205.33,,80.0,0
2025-11-15 14:30:00,99.6,99.6,99.6,99.6,143439.77,,80.0,0
2025-11-15 14:33:00,99.69999999999999,99.69999999999999,99.69999999999999,99.69999999999999,143556.97999999998,,80.0,0
2025-11-15 14:36:00,99.7,99.7,99.7,99.7,143556.97,,80.0,0
2025-11-15 14:39:00,99.44999999999999,99.44999999999999,99.44999999999999,99.44999999999999,143205.325,,80.0,0
2025-11-15 14:42:00,99.7,99.7,99.7,99.7,143556.97,,80.0,0
2025-11-15 14:45:00,99.5,99.5,99.5,99.5,143322.55,,80.0,0
2025-11-15 14:48:00,99.8,99.8,99.8,99.8,143674.19,,80.0,0
2025-11-15 14:51:00,99.6,99.6,99.6,99.6,143439.77,,80.0,0
2025-11-15 14:54:00,99.6,99.6,99.6,99.6,143439.77,,80.0,0
2025-11-15 14:57:00,99.69999999999999,99.69999999999999,99.69999999999999,99.69999999999999,143556.97999999998,,80.0,0
2025-11-15 15:00:00,99.4,99.4,99.4,99.4,143205.33,,80.0,0
2025-11-15 15:03:00,99.4,99.4,99.4,99.4,143205.33,,80.0,0
2025-11-15 15:06:00,99.3,99.3,99.3,99.3,142970.88,,80.0,0
2025-11-15 15:09:00,99.3,99.3,99.3,99.3,142970.88,,80.0,0
2025-11-15 15:12:00,99.6,99.6,99.6,99.6,143439.77,,80.0,0
2025-11-15 15:15:00,99.65,99.65,99.65,99.65,143498.37,,80.0,0
2025-11-15 15:18:00,99.55000000000001,99.55000000000001,99.55000000000001,99.55000000000001,143381.15,,80.0,0
2025-11-15 15:21:00,99.6,99.6,99.6,99.6,143439.77,,80.0,0
2025-11-15 15:24:00,99.6,99.6,99.6,99.6,143439.77,,80.0,0
2025-11-15 15:27:00,99.6,99.6,99.6,99.35,143088.10499999998,,80.0,0
2025-11-15 15:30:00,99.55,99.55,99.55,99.55,143381.15999999997,,80.0,0
2025-11-15 15:33:00,99.4,99.4,99.4,99.4,143205.33,,80.0,0
2025-11-15 15:36:00,99.55,99.55,99.55,99.55,143381.15999999997,,80.0,0
2025-11-15 15:39:00,99.6,99.6,99.6,99.6,143439.76,,80.0,0
2025-11-15 15:42:00,99.6,99.6,99.6,99.6,143439.77,,80.0,0
2025-11-15 15:45:00,99.5,99.5,99.5,99.5,143322.55,,80.0,0
2025-11-15 15:48:00,99.7,99.7,99.7,99.7,143556.97,,80.0,0
2025-11-15 15:51:00,99.6,99.6,99.6,99.6,143439.77,,80.0,0
2025-11-15 15:54:00,99.6,99.6,99.6,99.7,143556.97,,80.0,0
2025-11-15 15:57:00,99.6,99.6,99.6,99.75,143615.58000000002,,80.0,0
2025-11-15 16:00:00,99.6,99.6,99.6,99.6,143439.77,,80.0,0
2025-11-15 16:03:00,99.6,99.6,99.6,99.6,143439.77,,80.0,0
2025-11-15 16:06:00,99.6,99.6,99.6,99.5,143322.55,,80.0,0
2025-11-15 16:09:00,99.6,99.6,99.6,99.6,143439.77,,80.0,0
2025-11-15 16:12:00,99.6,99.6,99.6,99.6,143439.77,,80.0,0
2025-11-15 16:15:00,99.6,99.6,99.6,99.6,143439.77,,80.0,0
2025-11-15 16:18:00,99.6,99.6,99.6,99.6,143439.77,,80.0,0
2025-11-15 16:21:00,99.6,99.6,99.6,99.65,143498.37,,80.0,0
2025-11-15 16:24:00,99.6,99.6,99.6,99.6,143439.77,,80.0,0
2025-11-15 16:27:00,99.6,99.6,99.6,99.55,143381.15999999997,,80.0,0
2025-11-15 16:30:00,99.4,99.4,99.4,99.4,143205.33,,80.0,0
2025-11-15 16:33:00,99.6,99.6,99.6,99.6,143439.77,,80.0,0
2025-11-15 16:36:00,99.5,99.5,99.5,99.5,143322.55,,80.0,0
2025-11-15 16:39:00,99.4,99.4,99.4,99.4,143205.33,,80.0,0
2025-11-15 16:42:00,99.5,99.5,99.5,99.5,143322.55,,80.0,0
2025-11-15 16:45:00,99.6,99.6,99.6,99.6,143439.77,,80.0,0
2025-11-15 16:48:00,99.5,99.5,99.5,99.5,143322.55,,80.0,0
2025-11-15 16:51:00,99.5,99.5,99.5,99.5,143263.94,,80.0,0
2025-11-15 16:54:00,99.6,99.6,99.6,99.6,143439.77,,80.0,0
2025-11-15 16:57:00,99.55,99.55,99.55,99.55,143381.15999999997,,80.0,0
2025-11-15 17:00:00,99.35,99.35,99.35,99.35,143088.10499999998,,80.0,0
2025-11-15 17:03:00,99.6,99.6,99.6,99.6,143439.77,,80.0,0
2025-11-15 17:06:00,99.5,99.5,99.5,99.5,143322.55,,80.0,0
2025-11-15 17:09:00,99.69999999999999,99.69999999999999,99.69999999999999,99.69999999999999,143556.97999999998,,80.0,0
2025-11-15 17:12:00,99.8,99.8,99.8,99.8,143674.19,,80.0,0
2025-11-15 17:15:00,99.4,99.4,99.4,99.4,143205.33,,80.0,0
2025-11-15 17:18:00,99.6,99.6,99.6,99.6,143439.77,,80.0,0
2025-11-15 17:21:00,99.8,99.8,99.8,99.8,143674.19,,80.0,0
2025-11-15 17:24:00,99.44999999999999,99.44999999999999,99.44999999999999,99.44999999999999,143205.325,,80.0,0
2025-11-15 17:27:00,99.4,99.4,99.4,99.4,143205.33,,80.0,0
2025-11-15 17:30:00,99.55,99.55,99.55,99.55,143381.15999999997,,80.0,0
2025-11-15 17:33:00,99.5,99.5,99.5,99.5,143322.55,,80.0,0
2025-11-15 17:36:00,99.4,99.4,99.4,99.4,143205.33,,80.0,0
2025-11-15 17:39:00,99.4,99.4,99.4,99.4,143205.33,,80.0,0
2025-11-15 17:42:00,99.6,99.6,99.6,99.6,143439.77,,80.0,0
2025-11-15 17:45:00,99.5,99.5,99.5,99.5,143322.55,,80.0,0
2025-11-15 17:48:00,99.3,99.3,99.3,99.3,143029.495,,80.0,0
2025-11-15 17:51:00,99.5,99.5,99.5,99.5,143263.925,,80.0,0
2025-11-15 17:54:00,99.69999999999999,99.69999999999999,99.69999999999999,99.69999999999999,143556.97999999998,,80.0,0
2025-11-15 17:57:00,99.65,99.65,99.65,99.65,143498.37,,80.0,0
2025-11-15 18:00:00,99.6,99.6,99.6,99.6,143439.77,,80.0,0
2025-11-15 18:03:00,99.65,99.65,99.65,99.65,143498.37,,80.0,0
2025-11-15 18:06:00,99.6,99.6,99.6,99.6,143439.76,,80.0,0
2025-11-15 18:09:00,99.6,99.6,99.6,99.6,143439.77,,80.0,0
2025-11-15 18:12:00,99.55,99.55,99.55,99.55,143381.15999999997,,80.0,0
2025-11-15 18:15:00,99.8,99.8,99.8,99.8,143674.19,,80.0,0
2025-11-15 18:18:00,99.5,99.5,99.5,99.5,143322.55,,80.0,0
2025-11-15 18:21:00,99.4,99.4,99.4,99.4,143205.33,,80.0,0
2025-11-15 18:24:00,99.6,99.6,99.6,99.6,143439.77,,80.0,0
2025-11-15 18:27:00,99.55,99.55,99.55,99.55,143381.15999999997,,80.0,0
2025-11-15 18:30:00,99.6,99.6,99.6,99.6,143439.77,,80.0,0
2025-11-15 18:33:00,99.35,99.35,99.35,99.35,143088.10499999998,,80.0,0
2025-11-15 18:36:00,99.6,99.6,99.6,99.6,143439.77,,80.0,0
2025-11-15 18:39:00,99.4,99.4,99.4,99.4,143088.11,,80.0,0
2025-11-15 18:42:00,99.2,99.2,99.2,99.2,142912.275,,80.0,0
2025-11-15 18:45:00,99.3,99.3,99.3,99.3,142970.88,,80.0,0
