Timestamp,Percentage Full (clean)
2025-10-20 16:30:00,99.35
2025-10-20 16:32:30,99.1
2025-10-20 16:35:00,99.4
2025-10-20 16:37:30,99.7
2025-10-20 16:40:00,99.75
2025-10-20 16:42:30,99.8
2025-10-20 16:45:00,99.3
2025-10-20 16:47:30,99.6
2025-10-20 16:50:00,99.0
2025-10-20 16:52:30,99.3
2025-10-20 16:55:00,99.25
2025-10-20 16:57:30,99.3
2025-10-20 17:00:00,99.25
2025-10-20 17:02:30,99.3
2025-10-20 17:05:00,99.1
2025-10-20 17:07:30,99.25
2025-10-20 17:10:00,99.0
2025-10-20 17:12:30,98.9
2025-10-20 17:15:00,98.45
2025-10-20 17:17:30,99.2
2025-10-20 17:20:00,99.0
2025-10-20 17:22:30,99.1
2025-10-20 17:25:00,99.2
2025-10-20 17:27:30,98.94999999999999
2025-10-20 17:30:00,99.1
2025-10-20 17:32:30,99.0
2025-10-20 17:35:00,99.0
2025-10-20 17:37:30,99.0
2025-10-20 17:40:00,99.0
2025-10-20 17:42:30,99.0
2025-10-20 17:45:00,99.0
2025-10-20 17:47:30,99.0
2025-10-20 17:50:00,99.0
2025-10-20 17:52:30,99.05
2025-10-20 17:55:00,99.0
2025-10-20 17:57:30,99.0
2025-10-20 18:00:00,99.0
2025-10-20 18:02:30,99.0
2025-10-20 18:05:00,99.0
2025-10-20 18:07:30,98.9
2025-10-20 18:10:00,99.0
2025-10-20 18:12:30,98.9
2025-10-20 18:15:00,98.85
2025-10-20 18:17:30,98.9
2025-10-20 18:20:00,98.9
2025-10-20 18:22:30,98.9
2025-10-20 18:25:00,99.0
2025-10-20 18:27:30,99.0
2025-10-20 18:30:00,99.4
2025-10-20 18:32:30,99.0
2025-10-20 18:35:00,98.5
2025-10-20 18:37:30,99.0
2025-10-20 18:40:00,98.3
2025-10-20 18:42:30,99.1
2025-10-20 18:45:00,98.3
2025-10-20 18:47:30,99.0
2025-10-20 18:50:00,98.75
2025-10-20 18:52:30,98.5
2025-10-20 18:55:00,99.0
2025-10-20 18:57:30,98.5
2025-10-20 19:00:00,98.75
2025-10-20 19:02:30,99.0
2025-10-20 19:05:00,99.0
2025-10-20 19:07:30,98.9
2025-10-20 19:10:00,99.0
2025-10-20 19:12:30,98.9
2025-10-20 19:15:00,98.75
2025-10-20 19:17:30,98.5
2025-10-20 19:20:00,99.0
2025-10-20 19:22:30,98.9
2025-10-20 19:25:00,98.8
2025-10-20 19:27:30,99.1
2025-10-20 19:30:00,98.8
2025-10-20 19:32:30,98.9
2025-10-20 19:35:00,98.9
2025-10-20 19:37:30,99.0
2025-10-20 19:40:00,98.9
2025-10-20 19:42:30,99.0
2025-10-20 19:45:00,98.95
2025-10-20 19:47:30,99.0
2025-10-20 19:50:00,99.0
2025-10-20 19:52:30,98.9
2025-10-20 19:55:00,98.95
2025-10-20 19:57:30,98.9
2025-10-20 20:00:00,98.9
2025-10-20 20:02:30,99.0
2025-10-20 20:05:00,98.8
2025-10-20 20:07:30,99.0
2025-10-20 20:10:00,98.5
2025-10-20 20:12:30,98.8
2025-10-20 20:15:00,98.8
2025-10-20 20:17:30,99.0
2025-10-20 20:20:00,98.9
2025-10-20 20:22:30,99.0
2025-10-20 20:25:00,99.0
2025-10-20 20:27:30,99.0
2025-10-20 20:30:00,99.0
2025-10-20 20:32:30,98.8
2025-10-20 20:35:00,98.8
2025-10-20 20:37:30,98.8
2025-10-20 20:40:00,98.8
2025-10-20 20:42:30,99.2
2025-10-20 20:45:00,98.8
2025-10-20 20:47:30,98.5
2025-10-20 20:50:00,98.8
2025-10-20 20:52:30,98.65
2025-10-20 20:55:00,99.0
2025-10-20 20:57:30,98.9
2025-10-20 21:00:00,98.5
2025-10-20 21:02:30,98.94999999999999
2025-10-20 21:05:00,98.4
2025-10-20 21:07:30,98.8
2025-10-20 21:10:00,98.8
2025-10-20 21:12:30,98.69999999999999
2025-10-20 21:15:00,98.5
2025-10-20 21:17:30,98.8
2025-10-20 21:20:00,98.5
2025-10-20 21:22:30,98.5
2025-10-20 21:25:00,98.5
2025-10-20 21:27:30,98.2
2025-10-20 21:30:00,99.0
2025-10-20 21:32:30,98.5
2025-10-20 21:35:00,99.1
2025-10-20 21:37:30,98.8
2025-10-20 21:40:00,98.15
2025-10-20 21:42:30,98.9
2025-10-20 21:45:00,98.65
2025-10-20 21:47:30,98.8
2025-10-20 21:50:00,98.1
2025-10-20 21:52:30,98.5
2025-10-20 21:55:00,98.3
2025-10-20 21:57:30,98.5
2025-10-20 22:00:00,97.85
2025-10-20 22:02:30,98.5
2025-10-20 22:05:00,98.45
2025-10-20 22:07:30,98.5
2025-10-20 22:10:00,98.5
2025-10-20 22:12:30,98.5
2025-10-20 22:15:00,98.5
2025-10-20 22:17:30,98.5
2025-10-20 22:20:00,98.95
2025-10-20 22:22:30,98.95
2025-10-20 22:25:00,98.5
2025-10-20 22:27:30,98.5
2025-10-20 22:30:00,98.5
2025-10-20 22:32:30,98.65
2025-10-20 22:35:00,98.1
2025-10-20 22:37:30,98.5
2025-10-20 22:40:00,98.5
2025-10-20 22:42:30,98.5
2025-10-20 22:45:00,98.5
2025-10-20 22:47:30,98.5
2025-10-20 22:50:00,98.45
2025-10-20 22:52:30,98.5
2025-10-20 22:55:00,98.65
2025-10-20 22:57:30,98.5
2025-10-20 23:00:00,98.5
2025-10-20 23:02:30,98.1
2025-10-20 23:05:00,98.5
2025-10-20 23:07:30,98.65
2025-10-20 23:10:00,98.15
2025-10-20 23:12:30,98.8
2025-10-20 23:15:00,98.15
2025-10-20 23:17:30,98.8
2025-10-20 23:20:00,98.75
2025-10-20 23:22:30,98.8
2025-10-20 23:25:00,98.35
2025-10-20 23:27:30,98.5
2025-10-20 23:30:00,98.4
2025-10-20 23:32:30,98.5
2025-10-20 23:35:00,98.5
2025-10-20 23:37:30,98.5
2025-10-20 23:40:00,98.5
2025-10-20 23:42:30,98.5
2025-10-20 23:45:00,98.5
2025-10-20 23:47:30,98.5
2025-10-20 23:50:00,98.5
2025-10-20 23:52:30,98.5
2025-10-20 23:55:00,98.3
2025-10-20 23:57:30,98.6
2025-10-21 00:00:00,98.4
2025-10-21 00:02:30,98.65
2025-10-21 00:05:00,98.1
2025-10-21 00:07:30,98.19999999999999
2025-10-21 00:10:00,98.3
2025-10-21 00:12:30,98.6
2025-10-21 00:15:00,98.3
2025-10-21 00:17:30,98.1
2025-10-21 00:20:00,98.3
2025-10-21 00:22:30,97.7
2025-10-21 00:25:00,98.25
2025-10-21 00:27:30,98.5
2025-10-21 00:30:00,98.5
2025-10-21 00:32:30,98.5
2025-10-21 00:35:00,98.5
2025-10-21 00:37:30,98.0
2025-10-21 00:40:00,98.3
2025-10-21 00:42:30,98.2
2025-10-21 00:45:00,98.5
2025-10-21 00:47:30,98.94999999999999
2025-10-21 00:50:00,98.4
2025-10-21 00:52:30,98.3
2025-10-21 00:55:00,98.7
2025-10-21 00:57:30,98.5
2025-10-21 01:00:00,98.3
2025-10-21 01:02:30,98.5
2025-10-21 01:05:00,98.5
2025-10-21 01:07:30,98.3
2025-10-21 01:10:00,98.5
2025-10-21 01:12:30,98.45
2025-10-21 01:15:00,98.4
2025-10-21 01:17:30,98.4
2025-10-21 01:20:00,98.5
2025-10-21 01:22:30,98.25
2025-10-21 01:25:00,98.2
2025-10-21 01:27:30,98.3
2025-10-21 01:30:00,98.2
2025-10-21 01:32:30,98.2
2025-10-21 01:35:00,98.2
2025-10-21 01:37:30,98.2
2025-10-21 01:40:00,98.1
2025-10-21 01:42:30,98.1
2025-10-21 01:45:00,98.1
2025-10-21 01:47:30,98.1
2025-10-21 01:50:00,98.1
2025-10-21 01:52:30,98.1
2025-10-21 01:55:00,98.1
2025-10-21 01:57:30,98.1
2025-10-21 02:00:00,98.1
2025-10-21 02:02:30,98.1
2025-10-21 02:05:00,98.0
2025-10-21 02:07:30,98.0
2025-10-21 02:10:00,98.0
2025-10-21 02:12:30,98.0
2025-10-21 02:15:00,98.0
2025-10-21 02:17:30,98.0
2025-10-21 02:20:00,97.95
2025-10-21 02:22:30,98.0
2025-10-21 02:25:00,97.7
2025-10-21 02:27:30,97.8
2025-10-21 02:30:00,97.9
2025-10-21 02:32:30,97.8
2025-10-21 02:35:00,97.7
2025-10-21 02:37:30,97.9
2025-10-21 02:40:00,97.7
2025-10-21 02:42:30,97.7
2025-10-21 02:45:00,97.9
2025-10-21 02:47:30,97.9
2025-10-21 02:50:00,98.1
2025-10-21 02:52:30,97.8
2025-10-21 02:55:00,97.8
2025-10-21 02:57:30,97.7
2025-10-21 03:00:00,97.7
2025-10-21 03:02:30,97.8
2025-10-21 03:05:00,97.7
2025-10-21 03:07:30,97.5
2025-10-21 03:10:00,97.7
2025-10-21 03:12:30,97.5
2025-10-21 03:15:00,97.4
2025-10-21 03:17:30,97.30000000000001
2025-10-21 03:20:00,97.6
2025-10-21 03:22:30,97.8
2025-10-21 03:25:00,96.85
2025-10-21 03:27:30,97.6
2025-10-21 03:30:00,97.6
2025-10-21 03:32:30,97.6
2025-10-21 03:35:00,97.0
2025-10-21 03:37:30,97.5
2025-10-21 03:40:00,97.1
2025-10-21 03:42:30,97.5
2025-10-21 03:45:00,97.5
2025-10-21 03:47:30,97.5
2025-10-21 03:50:00,97.4
2025-10-21 03:52:30,97.2
2025-10-21 03:55:00,97.4
2025-10-21 03:57:30,97.4
2025-10-21 04:00:00,97.2
2025-10-21 04:02:30,97.4
2025-10-21 04:05:00,97.0
2025-10-21 04:07:30,97.2
2025-10-21 04:10:00,97.0
2025-10-21 04:12:30,97.2
2025-10-21 04:15:00,97.3
2025-10-21 04:17:30,97.5
2025-10-21 04:20:00,96.8
2025-10-21 04:22:30,96.8
2025-10-21 04:25:00,97.5
2025-10-21 04:27:30,97.2
2025-10-21 04:30:00,97.2
2025-10-21 04:32:30,97.0
2025-10-21 04:35:00,97.0
2025-10-21 04:37:30,96.8
2025-10-21 04:40:00,97.0
2025-10-21 04:42:30,97.2
2025-10-21 04:45:00,96.8
2025-10-21 04:47:30,96.8
2025-10-21 04:50:00,97.0
2025-10-21 04:52:30,96.6
2025-10-21 04:55:00,96.5
2025-10-21 04:57:30,97.5
2025-10-21 05:00:00,96.8
2025-10-21 05:02:30,97.0
2025-10-21 05:05:00,96.4
2025-10-21 05:07:30,96.8
2025-10-21 05:10:00,97.0
2025-10-21 05:12:30,96.8
2025-10-21 05:15:00,97.0
2025-10-21 05:17:30,96.8
2025-10-21 05:20:00,97.0
2025-10-21 05:22:30,97.1
2025-10-21 05:25:00,97.0
2025-10-21 05:27:30,97.0
2025-10-21 05:30:00,97.3
2025-10-21 05:32:30,96.8
2025-10-21 05:35:00,96.9
2025-10-21 05:37:30,97.0
2025-10-21 05:40:00,96.65
2025-10-21 05:42:30,96.9
2025-10-21 05:45:00,96.9
2025-10-21 05:47:30,96.7
2025-10-21 05:50:00,96.8
2025-10-21 05:52:30,96.8
2025-10-21 05:55:00,96.6
2025-10-21 05:57:30,96.8
2025-10-21 06:00:00,96.8
2025-10-21 06:02:30,96.8
2025-10-21 06:05:00,96.8
2025-10-21 06:07:30,96.8
2025-10-21 06:10:00,96.7
2025-10-21 06:12:30,96.8
2025-10-21 06:15:00,96.8
2025-10-21 06:17:30,96.85
2025-10-21 06:20:00,96.75
2025-10-21 06:22:30,96.6
2025-10-21 06:25:00,96.8
2025-10-21 06:27:30,96.7
2025-10-21 06:30:00,96.7
2025-10-21 06:32:30,96.8
2025-10-21 06:35:00,96.5
2025-10-21 06:37:30,96.8
2025-10-21 06:40:00,96.8
2025-10-21 06:42:30,96.5
2025-10-21 06:45:00,96.7
2025-10-21 06:47:30,96.7
2025-10-21 06:50:00,96.8
2025-10-21 06:52:30,96.7
2025-10-21 06:55:00,96.5
2025-10-21 06:57:30,96.7
2025-10-21 07:00:00,96.7
2025-10-21 07:02:30,96.6
2025-10-21 07:05:00,96.7
2025-10-21 07:07:30,96.6
2025-10-21 07:10:00,96.6
2025-10-21 07:12:30,96.5
2025-10-21 07:15:00,96.7
2025-10-21 07:17:30,96.6
2025-10-21 07:20:00,96.7
2025-10-21 07:22:30,96.5
2025-10-21 07:25:00,95.9
2025-10-21 07:27:30,96.0
2025-10-21 07:30:00,96.5
2025-10-21 07:32:30,96.5
2025-10-21 07:35:00,96.8
2025-10-21 07:37:30,96.5
2025-10-21 07:40:00,96.5
2025-10-21 07:42:30,96.5
2025-10-21 07:45:00,96.7
2025-10-21 07:47:30,96.75
2025-10-21 07:50:00,96.55000000000001
2025-10-21 07:52:30,95.9
2025-10-21 07:55:00,95.9
2025-10-21 07:57:30,96.7
2025-10-21 08:00:00,96.7
2025-10-21 08:02:30,96.7
2025-10-21 08:05:00,95.9
2025-10-21 08:07:30,96.6
2025-10-21 08:10:00,96.45
2025-10-21 08:12:30,96.6
2025-10-21 08:15:00,96.7
2025-10-21 08:17:30,96.7
2025-10-21 08:20:00,96.6
2025-10-21 08:22:30,96.2
2025-10-21 08:25:00,96.2
2025-10-21 08:27:30,95.8
2025-10-21 08:30:00,96.5
2025-10-21 08:32:30,96.5
2025-10-21 08:35:00,96.5
2025-10-21 08:37:30,96.5
2025-10-21 08:40:00,96.6
2025-10-21 08:42:30,96.5
2025-10-21 08:45:00,96.6
2025-10-21 08:47:30,96.5
2025-10-21 08:50:00,95.7
2025-10-21 08:52:30,96.2
2025-10-21 08:55:00,96.5
2025-10-21 08:57:30,96.5
2025-10-21 09:00:00,96.5
2025-10-21 09:02:30,95.9
2025-10-21 09:05:00,96.8
2025-10-21 09:07:30,96.7
2025-10-21 09:10:00,95.7
2025-10-21 09:12:30,95.9
2025-10-21 09:15:00,96.5
2025-10-21 09:17:30,96.6
2025-10-21 09:20:00,96.4
2025-10-21 09:22:30,96.4
2025-10-21 09:25:00,96.5
2025-10-21 09:27:30,96.5
2025-10-21 09:30:00,96.5
2025-10-21 09:32:30,96.6
2025-10-21 09:35:00,96.5
2025-10-21 09:37:30,96.5
2025-10-21 09:40:00,96.5
2025-10-21 09:42:30,96.6
2025-10-21 09:45:00,96.4
2025-10-21 09:47:30,96.6
2025-10-21 09:50:00,96.5
2025-10-21 09:52:30,96.5
2025-10-21 09:55:00,96.5
2025-10-21 09:57:30,96.5
2025-10-21 10:00:00,96.6
2025-10-21 10:02:30,96.7
2025-10-21 10:05:00,96.4
2025-10-21 10:07:30,96.45
2025-10-21 10:10:00,96.5
2025-10-21 10:12:30,96.4
2025-10-21 10:15:00,96.4
2025-10-21 10:17:30,96.5
2025-10-21 10:20:00,96.5
2025-10-21 10:22:30,96.5
2025-10-21 10:25:00,96.45
2025-10-21 10:27:30,96.4
2025-10-21 10:30:00,96.7
2025-10-21 10:32:30,96.5
2025-10-21 10:35:00,96.45
2025-10-21 10:37:30,96.45
2025-10-21 10:40:00,96.7
2025-10-21 10:42:30,96.4
2025-10-21 10:45:00,96.4
2025-10-21 10:47:30,96.5
2025-10-21 10:50:00,96.5
2025-10-21 10:52:30,96.5
2025-10-21 10:55:00,96.8
2025-10-21 10:57:30,96.5
2025-10-21 11:00:00,96.5
2025-10-21 11:02:30,96.6
2025-10-21 11:05:00,96.6
2025-10-21 11:07:30,96.7
2025-10-21 11:10:00,96.6
2025-10-21 11:12:30,96.8
2025-10-21 11:15:00,96.9
2025-10-21 11:17:30,96.8
2025-10-21 11:20:00,96.8
2025-10-21 11:22:30,96.9
2025-10-21 11:25:00,96.85
2025-10-21 11:27:30,97.2
2025-10-21 11:30:00,96.85
2025-10-21 11:32:30,96.65
2025-10-21 11:35:00,97.05
2025-10-21 11:37:30,96.85
2025-10-21 11:40:00,96.85
2025-10-21 11:42:30,96.85
2025-10-21 11:45:00,96.9
2025-10-21 11:47:30,96.9
2025-10-21 11:50:00,97.6
2025-10-21 11:52:30,97.7
2025-10-21 11:55:00,97.7
2025-10-21 11:57:30,97.7
2025-10-21 12:00:00,97.7
2025-10-21 12:02:30,97.8
2025-10-21 12:05:00,97.8
2025-10-21 12:07:30,97.8
2025-10-21 12:10:00,97.9
2025-10-21 12:12:30,97.8
2025-10-21 12:15:00,97.8
2025-10-21 12:17:30,97.7
2025-10-21 12:20:00,97.5
2025-10-21 12:22:30,98.3
2025-10-21 12:25:00,98.0
2025-10-21 12:27:30,98.1
2025-10-21 12:30:00,97.9
2025-10-21 12:32:30,98.1
2025-10-21 12:35:00,97.65
2025-10-21 12:37:30,97.9
2025-10-21 12:40:00,97.9
2025-10-21 12:42:30,98.4
2025-10-21 12:45:00,98.2
2025-10-21 12:47:30,98.3
2025-10-21 12:50:00,98.1
2025-10-21 12:52:30,98.3
2025-10-21 12:55:00,98.3
2025-10-21 12:57:30,98.3
2025-10-21 13:00:00,97.94999999999999
2025-10-21 13:02:30,98.19999999999999
2025-10-21 13:05:00,97.7
2025-10-21 13:07:30,98.5
2025-10-21 13:10:00,98.5
2025-10-21 13:12:30,98.19999999999999
2025-10-21 13:15:00,98.1
2025-10-21 13:17:30,98.05
2025-10-21 13:20:00,98.8
2025-10-21 13:22:30,98.8
2025-10-21 13:25:00,98.5
2025-10-21 13:27:30,98.8
2025-10-21 13:30:00,98.3
2025-10-21 13:32:30,99.1
2025-10-21 13:35:00,99.0
2025-10-21 13:37:30,99.0
2025-10-21 13:40:00,98.5
2025-10-21 13:42:30,98.5
2025-10-21 13:45:00,99.1
2025-10-21 13:47:30,99.0
2025-10-21 13:50:00,98.8
2025-10-21 13:52:30,99.0
2025-10-21 13:55:00,99.2
2025-10-21 13:57:30,99.0
2025-10-21 14:00:00,99.1
2025-10-21 14:02:30,99.15
2025-10-21 14:05:00,99.1
2025-10-21 14:07:30,99.1
2025-10-21 14:10:00,99.1
2025-10-21 14:12:30,99.1
2025-10-21 14:15:00,99.1
2025-10-21 14:17:30,99.1
2025-10-21 14:20:00,99.1
2025-10-21 14:22:30,99.1
2025-10-21 14:25:00,99.0
2025-10-21 14:27:30,98.75
2025-10-21 14:30:00,99.0
2025-10-21 14:32:30,98.85
2025-10-21 14:35:00,99.1
2025-10-21 14:37:30,99.0
2025-10-21 14:40:00,99.4
2025-10-21 14:42:30,99.0
2025-10-21 14:45:00,99.0
2025-10-21 14:47:30,99.0
2025-10-21 14:50:00,99.0
2025-10-21 14:52:30,99.0
2025-10-21 14:55:00,99.0
2025-10-21 14:57:30,99.0
2025-10-21 15:00:00,99.0
2025-10-21 15:02:30,99.0
2025-10-21 15:05:00,99.0
2025-10-21 15:07:30,98.5
2025-10-21 15:10:00,98.7
2025-10-21 15:12:30,98.89999999999999
2025-10-21 15:15:00,99.1
2025-10-21 15:17:30,98.2
2025-10-21 15:20:00,98.5
2025-10-21 15:22:30,98.175
2025-10-21 15:25:00,98.3
2025-10-21 15:27:30,97.7
2025-10-21 15:30:00,98.8
2025-10-21 15:32:30,98.2
2025-10-21 15:35:00,99.0
2025-10-21 15:37:30,99.0
2025-10-21 15:40:00,99.1
2025-10-21 15:42:30,99.0
2025-10-21 15:45:00,98.8
2025-10-21 15:47:30,99.0
2025-10-21 15:50:00,98.5
2025-10-21 15:52:30,98.85
2025-10-21 15:55:00,99.0
2025-10-21 15:57:30,99.1
2025-10-21 16:00:00,99.0
2025-10-21 16:02:30,98.45
2025-10-21 16:05:00,99.2
2025-10-21 16:07:30,98.8
2025-10-21 16:10:00,99.1
2025-10-21 16:12:30,99.30000000000001
2025-10-21 16:15:00,99.0
2025-10-21 16:17:30,98.8
2025-10-21 16:20:00,98.95
2025-10-21 16:22:30,98.8
2025-10-21 16:25:00,99.0
2025-10-21 16:27:30,99.0
2025-10-21 16:30:00,99.05
2025-10-21 16:32:30,98.95
2025-10-21 16:35:00,98.8
2025-10-21 16:37:30,99.0
2025-10-21 16:40:00,98.9
2025-10-21 16:42:30,98.8
2025-10-21 16:45:00,99.0
2025-10-21 16:47:30,98.9
2025-10-21 16:50:00,98.94999999999999
2025-10-21 16:52:30,98.8
2025-10-21 16:55:00,99.0
2025-10-21 16:57:30,99.1
2025-10-21 17:00:00,99.0
2025-10-21 17:02:30,99.1
2025-10-21 17:05:00,99.2
2025-10-21 17:07:30,99.0
2025-10-21 17:10:00,99.05
2025-10-21 17:12:30,99.0
2025-10-21 17:15:00,99.0
2025-10-21 17:17:30,98.9
2025-10-21 17:20:00,98.9
2025-10-21 17:22:30,98.94999999999999
2025-10-21 17:25:00,98.8
2025-10-21 17:27:30,98.94999999999999
2025-10-21 17:30:00,99.0
2025-10-21 17:32:30,99.0
2025-10-21 17:35:00,99.1
2025-10-21 17:37:30,99.0
2025-10-21 17:40:00,98.9
2025-10-21 17:42:30,99.0
2025-10-21 17:45:00,99.1
2025-10-21 17:47:30,98.8
2025-10-21 17:50:00,99.1
2025-10-21 17:52:30,99.1
2025-10-21 17:55:00,99.1
2025-10-21 17:57:30,99.1
2025-10-21 18:00:00,99.3
2025-10-21 18:02:30,98.8
2025-10-21 18:05:00,99.1
2025-10-21 18:07:30,99.0
2025-10-21 18:10:00,98.9
2025-10-21 18:12:30,98.9
2025-10-21 18:15:00,99.0
2025-10-21 18:17:30,98.85
2025-10-21 18:20:00,98.8
2025-10-21 18:22:30,98.85
2025-10-21 18:25:00,99.05
2025-10-21 18:27:30,98.8
2025-10-21 18:30:00,98.8
2025-10-21 18:32:30,98.8
2025-10-21 18:35:00,99.0
2025-10-21 18:37:30,99.0
2025-10-21 18:40:00,99.0
2025-10-21 18:42:30,99.0
2025-10-21 18:45:00,99.0
2025-10-21 18:47:30,99.0
2025-10-21 18:50:00,99.0
2025-10-21 18:52:30,99.0
2025-10-21 18:55:00,99.0
2025-10-21 18:57:30,99.0
2025-10-21 19:00:00,98.8
2025-10-21 19:02:30,98.8
2025-10-21 19:05:00,99.0
2025-10-21 19:07:30,98.9
2025-10-21 19:10:00,98.8
2025-10-21 19:12:30,99.0
2025-10-21 19:15:00,99.1
2025-10-21 19:17:30,99.0
2025-10-21 19:20:00,99.0
2025-10-21 19:22:30,99.0
2025-10-21 19:25:00,99.0
2025-10-21 19:27:30,98.9
2025-10-21 19:30:00,99.0
2025-10-21 19:32:30,98.3
2025-10-21 19:35:00,99.0
2025-10-21 19:37:30,99.0
2025-10-21 19:40:00,98.2
2025-10-21 19:42:30,98.9
2025-10-21 19:45:00,98.0
2025-10-21 19:47:30,98.4
2025-10-21 19:50:00,98.2
2025-10-21 19:52:30,99.0
2025-10-21 19:55:00,98.0
2025-10-21 19:57:30,98.1
2025-10-21 20:00:00,98.2
2025-10-21 20:02:30,98.45
2025-10-21 20:05:00,98.8
2025-10-21 20:07:30,98.9
2025-10-21 20:10:00,98.8
2025-10-21 20:12:30,98.8
2025-10-21 20:15:00,98.8
2025-10-21 20:17:30,98.8
2025-10-21 20:20:00,98.8
2025-10-21 20:22:30,98.8
2025-10-21 20:25:00,98.8
2025-10-21 20:27:30,98.8
2025-10-21 20:30:00,99.0
2025-10-21 20:32:30,98.8
2025-10-21 20:35:00,98.5
2025-10-21 20:37:30,99.0
2025-10-21 20:40:00,98.85
2025-10-21 20:42:30,98.5
2025-10-21 20:45:00,98.5
2025-10-21 20:47:30,98.2
2025-10-21 20:50:00,98.8
2025-10-21 20:52:30,98.8
2025-10-21 20:55:00,98.8
2025-10-21 20:57:30,98.8
2025-10-21 21:00:00,98.5
2025-10-21 21:02:30,98.8
2025-10-21 21:05:00,98.9
2025-10-21 21:07:30,98.9
2025-10-21 21:10:00,98.65
2025-10-21 21:12:30,98.75
2025-10-21 21:15:00,98.7
2025-10-21 21:17:30,98.8
2025-10-21 21:20:00,98.5
2025-10-21 21:22:30,98.65
2025-10-21 21:25:00,98.6
2025-10-21 21:27:30,98.5
2025-10-21 21:30:00,98.5
2025-10-21 21:32:30,98.5
2025-10-21 21:35:00,98.5
2025-10-21 21:37:30,98.5
2025-10-21 21:40:00,98.5
2025-10-21 21:42:30,98.5
2025-10-21 21:45:00,98.5
2025-10-21 21:47:30,98.5
2025-10-21 21:50:00,98.5
2025-10-21 21:52:30,98.3
2025-10-21 21:55:00,98.3
2025-10-21 21:57:30,98.3
2025-10-21 22:00:00,98.5
2025-10-21 22:02:30,98.5
2025-10-21 22:05:00,98.1
2025-10-21 22:07:30,98.3
2025-10-21 22:10:00,98.5
2025-10-21 22:12:30,98.5
2025-10-21 22:15:00,98.5
2025-10-21 22:17:30,98.3
2025-10-21 22:20:00,98.85
2025-10-21 22:22:30,98.5
2025-10-21 22:25:00,98.5
2025-10-21 22:27:30,98.5
2025-10-21 22:30:00,98.5
2025-10-21 22:32:30,98.4
2025-10-21 22:35:00,98.5
2025-10-21 22:37:30,98.75
2025-10-21 22:40:00,98.5
2025-10-21 22:42:30,98.5
2025-10-21 22:45:00,98.5
2025-10-21 22:47:30,98.75
2025-10-21 22:50:00,98.4
2025-10-21 22:52:30,98.5
2025-10-21 22:55:00,98.5
2025-10-21 22:57:30,98.8
2025-10-21 23:00:00,98.5
2025-10-21 23:02:30,98.4
2025-10-21 23:05:00,97.6
2025-10-21 23:07:30,97.5
2025-10-21 23:10:00,98.1
2025-10-21 23:12:30,98.1
2025-10-21 23:15:00,98.5
2025-10-21 23:17:30,97.9
2025-10-21 23:20:00,98.05
2025-10-21 23:22:30,98.8
2025-10-21 23:25:00,98.4
2025-10-21 23:27:30,98.4
2025-10-21 23:30:00,99.05
2025-10-21 23:32:30,98.4
2025-10-21 23:35:00,98.0
2025-10-21 23:37:30,98.4
2025-10-21 23:40:00,98.3
2025-10-21 23:42:30,98.4
2025-10-21 23:45:00,98.1
2025-10-21 23:47:30,98.5
2025-10-21 23:50:00,98.8
2025-10-21 23:52:30,98.5
2025-10-21 23:55:00,98.5
2025-10-21 23:57:30,98.5
2025-10-22 00:00:00,98.5
2025-10-22 00:02:30,98.5
2025-10-22 00:05:00,98.5
2025-10-22 00:07:30,98.5
2025-10-22 00:10:00,98.5
2025-10-22 00:12:30,98.5
2025-10-22 00:15:00,98.5
2025-10-22 00:17:30,98.5
2025-10-22 00:20:00,98.5
2025-10-22 00:22:30,98.5
2025-10-22 00:25:00,98.5
2025-10-22 00:27:30,98.5
2025-10-22 00:30:00,98.8
2025-10-22 00:32:30,98.9
2025-10-22 00:35:00,98.5
2025-10-22 00:37:30,98.8
2025-10-22 00:40:00,98.0
2025-10-22 00:42:30,98.8
2025-10-22 00:45:00,98.3
2025-10-22 00:47:30,98.5
2025-10-22 00:50:00,98.3
2025-10-22 00:52:30,98.5
2025-10-22 00:55:00,98.5
2025-10-22 00:57:30,98.5
2025-10-22 01:00:00,98.5
2025-10-22 01:02:30,98.5
2025-10-22 01:05:00,98.5
2025-10-22 01:07:30,98.5
2025-10-22 01:10:00,98.3
2025-10-22 01:12:30,98.5
2025-10-22 01:15:00,98.5
2025-10-22 01:17:30,98.5
2025-10-22 01:20:00,98.5
2025-10-22 01:22:30,98.5
2025-10-22 01:25:00,98.5
2025-10-22 01:27:30,98.5
2025-10-22 01:30:00,98.5
2025-10-22 01:32:30,98.5
2025-10-22 01:35:00,98.5
2025-10-22 01:37:30,98.3
2025-10-22 01:40:00,98.45
2025-10-22 01:42:30,98.5
2025-10-22 01:45:00,98.5
2025-10-22 01:47:30,98.1
2025-10-22 01:50:00,98.3
2025-10-22 01:52:30,98.3
2025-10-22 01:55:00,98.1
2025-10-22 01:57:30,98.4
2025-10-22 02:00:00,98.5
2025-10-22 02:02:30,98.5
2025-10-22 02:05:00,98.45
2025-10-22 02:07:30,98.5
2025-10-22 02:10:00,98.4
2025-10-22 02:12:30,98.4
2025-10-22 02:15:00,98.5
2025-10-22 02:17:30,98.5
2025-10-22 02:20:00,98.3
2025-10-22 02:22:30,98.5
2025-10-22 02:25:00,98.5
2025-10-22 02:27:30,98.5
2025-10-22 02:30:00,98.2
2025-10-22 02:32:30,98.8
2025-10-22 02:35:00,98.5
2025-10-22 02:37:30,98.35
2025-10-22 02:40:00,98.5
2025-10-22 02:42:30,98.3
2025-10-22 02:45:00,98.5
2025-10-22 02:47:30,98.1
2025-10-22 02:50:00,98.4
2025-10-22 02:52:30,98.4
2025-10-22 02:55:00,98.5
2025-10-22 02:57:30,98.5
2025-10-22 03:00:00,98.3
2025-10-22 03:02:30,98.5
2025-10-22 03:05:00,98.25
2025-10-22 03:07:30,98.5
2025-10-22 03:10:00,98.5
2025-10-22 03:12:30,98.5
2025-10-22 03:15:00,98.5
2025-10-22 03:17:30,98.3
2025-10-22 03:20:00,98.7
2025-10-22 03:22:30,98.65
2025-10-22 03:25:00,98.3
2025-10-22 03:27:30,98.5
2025-10-22 03:30:00,98.3
2025-10-22 03:32:30,98.1
2025-10-22 03:35:00,98.5
2025-10-22 03:37:30,98.2
2025-10-22 03:40:00,98.1
2025-10-22 03:42:30,98.4
2025-10-22 03:45:00,98.5
2025-10-22 03:47:30,98.5
2025-10-22 03:50:00,98.5
2025-10-22 03:52:30,98.5
2025-10-22 03:55:00,98.5
2025-10-22 03:57:30,98.5
2025-10-22 04:00:00,98.4
2025-10-22 04:02:30,98.55
2025-10-22 04:05:00,98.1
2025-10-22 04:07:30,98.0
2025-10-22 04:10:00,98.0
2025-10-22 04:12:30,98.3
2025-10-22 04:15:00,98.2
2025-10-22 04:17:30,98.4
2025-10-22 04:20:00,97.7
2025-10-22 04:22:30,98.1
2025-10-22 04:25:00,98.4
2025-10-22 04:27:30,98.2
2025-10-22 04:30:00,98.4
2025-10-22 04:32:30,98.5
2025-10-22 04:35:00,98.5
2025-10-22 04:37:30,98.5
2025-10-22 04:40:00,98.5
2025-10-22 04:42:30,98.4
2025-10-22 04:45:00,98.2
2025-10-22 04:47:30,98.3
2025-10-22 04:50:00,98.3
2025-10-22 04:52:30,98.5
2025-10-22 04:55:00,98.3
2025-10-22 04:57:30,98.4
2025-10-22 05:00:00,98.4
2025-10-22 05:02:30,98.3
2025-10-22 05:05:00,98.2
2025-10-22 05:07:30,98.3
2025-10-22 05:10:00,98.1
2025-10-22 05:12:30,98.1
2025-10-22 05:15:00,98.3
2025-10-22 05:17:30,98.3
2025-10-22 05:20:00,98.3
2025-10-22 05:22:30,98.25
2025-10-22 05:25:00,98.3
2025-10-22 05:27:30,98.3
2025-10-22 05:30:00,98.3
2025-10-22 05:32:30,98.25
2025-10-22 05:35:00,98.1
2025-10-22 05:37:30,98.4
2025-10-22 05:40:00,98.2
2025-10-22 05:42:30,98.3
2025-10-22 05:45:00,98.1
2025-10-22 05:47:30,98.1
2025-10-22 05:50:00,98.1
2025-10-22 05:52:30,98.3
2025-10-22 05:55:00,98.1
2025-10-22 05:57:30,98.2
2025-10-22 06:00:00,98.3
2025-10-22 06:02:30,97.9
2025-10-22 06:05:00,98.3
2025-10-22 06:07:30,98.1
2025-10-22 06:10:00,98.2
2025-10-22 06:12:30,98.2
2025-10-22 06:15:00,98.2
2025-10-22 06:17:30,98.2
2025-10-22 06:20:00,98.15
2025-10-22 06:22:30,98.15
2025-10-22 06:25:00,98.1
2025-10-22 06:27:30,97.7
2025-10-22 06:30:00,96.8
2025-10-22 06:32:30,97.25
2025-10-22 06:35:00,98.3
2025-10-22 06:37:30,98.1
2025-10-22 06:40:00,98.2
2025-10-22 06:42:30,98.2
2025-10-22 06:45:00,98.4
2025-10-22 06:47:30,98.2
2025-10-22 06:50:00,98.3
2025-10-22 06:52:30,98.4
2025-10-22 06:55:00,98.0
2025-10-22 06:57:30,98.1
2025-10-22 07:00:00,98.3
2025-10-22 07:02:30,97.94999999999999
2025-10-22 07:05:00,98.0
2025-10-22 07:07:30,97.8
2025-10-22 07:10:00,97.9
2025-10-22 07:12:30,98.0
2025-10-22 07:15:00,98.4
2025-10-22 07:17:30,98.1
2025-10-22 07:20:00,98.2
2025-10-22 07:22:30,98.15
2025-10-22 07:25:00,97.8
2025-10-22 07:27:30,98.1
2025-10-22 07:30:00,98.5
2025-10-22 07:32:30,98.3
2025-10-22 07:35:00,98.1
2025-10-22 07:37:30,98.19999999999999
2025-10-22 07:40:00,98.1
2025-10-22 07:42:30,98.2
2025-10-22 07:45:00,98.1
2025-10-22 07:47:30,98.1
2025-10-22 07:50:00,98.1
2025-10-22 07:52:30,97.8
2025-10-22 07:55:00,98.2
2025-10-22 07:57:30,98.4
2025-10-22 08:00:00,98.1
2025-10-22 08:02:30,98.0
2025-10-22 08:05:00,97.8
2025-10-22 08:07:30,98.1
2025-10-22 08:10:00,97.9
2025-10-22 08:12:30,98.1
2025-10-22 08:15:00,98.2
2025-10-22 08:17:30,98.3
2025-10-22 08:20:00,98.0
2025-10-22 08:22:30,98.2
2025-10-22 08:25:00,98.4
2025-10-22 08:27:30,98.2
2025-10-22 08:30:00,98.1
2025-10-22 08:32:30,98.2
2025-10-22 08:35:00,98.35
2025-10-22 08:37:30,98.3
2025-10-22 08:40:00,98.1
2025-10-22 08:42:30,97.9
2025-10-22 08:45:00,97.7
2025-10-22 08:47:30,98.15
2025-10-22 08:50:00,98.2
2025-10-22 08:52:30,97.7
2025-10-22 08:55:00,98.1
2025-10-22 08:57:30,97.85
2025-10-22 09:00:00,98.1
2025-10-22 09:02:30,97.9
2025-10-22 09:05:00,98.35
2025-10-22 09:07:30,97.9
2025-10-22 09:10:00,97.9
2025-10-22 09:12:30,98.0
2025-10-22 09:15:00,98.1
2025-10-22 09:17:30,98.05
2025-10-22 09:20:00,98.1
2025-10-22 09:22:30,98.1
2025-10-22 09:25:00,98.1
2025-10-22 09:27:30,98.3
2025-10-22 09:30:00,98.1
2025-10-22 09:32:30,98.1
2025-10-22 09:35:00,98.1
2025-10-22 09:37:30,98.1
2025-10-22 09:40:00,98.1
2025-10-22 09:42:30,98.1
2025-10-22 09:45:00,98.1
2025-10-22 09:47:30,98.1
2025-10-22 09:50:00,98.1
2025-10-22 09:52:30,98.1
2025-10-22 09:55:00,98.1
2025-10-22 09:57:30,97.9
2025-10-22 10:00:00,98.1
2025-10-22 10:02:30,98.1
2025-10-22 10:05:00,98.1
2025-10-22 10:07:30,98.0
2025-10-22 10:10:00,98.0
2025-10-22 10:12:30,98.0
2025-10-22 10:15:00,98.0
2025-10-22 10:17:30,98.0
2025-10-22 10:20:00,98.0
2025-10-22 10:22:30,98.0
2025-10-22 10:25:00,98.0
2025-10-22 10:27:30,98.0
2025-10-22 10:30:00,98.0
2025-10-22 10:32:30,97.7
2025-10-22 10:35:00,98.4
2025-10-22 10:37:30,98.1
2025-10-22 10:40:00,98.19999999999999
2025-10-22 10:42:30,98.0
2025-10-22 10:45:00,98.1
2025-10-22 10:47:30,98.0
2025-10-22 10:50:00,98.19999999999999
2025-10-22 10:52:30,98.1
2025-10-22 10:55:00,98.0
2025-10-22 10:57:30,98.1
2025-10-22 11:00:00,97.8
2025-10-22 11:02:30,98.15
2025-10-22 11:05:00,98.3
2025-10-22 11:07:30,98.3
2025-10-22 11:10:00,98.1
2025-10-22 11:12:30,98.5
2025-10-22 11:15:00,98.5
2025-10-22 11:17:30,98.4
2025-10-22 11:20:00,98.3
2025-10-22 11:22:30,98.5
2025-10-22 11:25:00,98.3
2025-10-22 11:27:30,98.8
2025-10-22 11:30:00,98.8
2025-10-22 11:32:30,98.45
2025-10-22 11:35:00,98.8
2025-10-22 11:37:30,99.0
2025-10-22 11:40:00,98.8
2025-10-22 11:42:30,99.1
2025-10-22 11:45:00,99.2
2025-10-22 11:47:30,99.15
2025-10-22 11:50:00,99.2
2025-10-22 11:52:30,99.2
2025-10-22 11:55:00,99.0
2025-10-22 11:57:30,99.3
2025-10-22 12:00:00,99.2
2025-10-22 12:02:30,99.3
2025-10-22 12:05:00,98.8
2025-10-22 12:07:30,98.9
2025-10-22 12:10:00,99.4
2025-10-22 12:12:30,99.3
2025-10-22 12:15:00,99.1
2025-10-22 12:17:30,99.4
2025-10-22 12:20:00,99.1
2025-10-22 12:22:30,99.45
2025-10-22 12:25:00,99.3
2025-10-22 12:27:30,99.1
2025-10-22 12:30:00,99.2
2025-10-22 12:32:30,99.2
2025-10-22 12:35:00,99.0
2025-10-22 12:37:30,99.3
2025-10-22 12:40:00,99.2
2025-10-22 12:42:30,99.2
2025-10-22 12:45:00,99.1
2025-10-22 12:47:30,99.4
2025-10-22 12:50:00,99.2
2025-10-22 12:52:30,99.4
2025-10-22 12:55:00,99.4
2025-10-22 12:57:30,98.95
2025-10-22 13:00:00,99.30000000000001
2025-10-22 13:02:30,99.0
2025-10-22 13:05:00,99.2
2025-10-22 13:07:30,99.4
2025-10-22 13:10:00,99.4
2025-10-22 13:12:30,99.4
2025-10-22 13:15:00,99.4
2025-10-22 13:17:30,99.25
2025-10-22 13:20:00,99.4
2025-10-22 13:22:30,99.55000000000001
2025-10-22 13:25:00,99.4
2025-10-22 13:27:30,99.2
2025-10-22 13:30:00,99.6
2025-10-22 13:32:30,99.4
2025-10-22 13:35:00,99.25
2025-10-22 13:37:30,99.1
2025-10-22 13:40:00,99.4
2025-10-22 13:42:30,99.7
2025-10-22 13:45:00,99.5
2025-10-22 13:47:30,99.6
2025-10-22 13:50:00,99.4
2025-10-22 13:52:30,99.4
2025-10-22 13:55:00,99.6
2025-10-22 13:57:30,99.6
2025-10-22 14:00:00,99.5
2025-10-22 14:02:30,99.7
2025-10-22 14:05:00,99.5
2025-10-22 14:07:30,99.5
2025-10-22 14:10:00,99.4
2025-10-22 14:12:30,99.6
2025-10-22 14:15:00,99.65
2025-10-22 14:17:30,99.45
2025-10-22 14:20:00,99.6
2025-10-22 14:22:30,99.5
2025-10-22 14:25:00,99.6
2025-10-22 14:27:30,99.6
2025-10-22 14:30:00,99.4
2025-10-22 14:32:30,99.6
2025-10-22 14:35:00,99.8
2025-10-22 14:37:30,99.6
2025-10-22 14:40:00,99.3
2025-10-22 14:42:30,99.7
2025-10-22 14:45:00,99.4
2025-10-22 14:47:30,99.5
2025-10-22 14:50:00,99.5
2025-10-22 14:52:30,99.5
2025-10-22 14:55:00,99.4
2025-10-22 14:57:30,99.6
2025-10-22 15:00:00,99.5
2025-10-22 15:02:30,99.4
2025-10-22 15:05:00,99.4
2025-10-22 15:07:30,99.5
2025-10-22 15:10:00,99.6
2025-10-22 15:12:30,99.5
2025-10-22 15:15:00,99.6
2025-10-22 15:17:30,99.4
2025-10-22 15:20:00,99.5
2025-10-22 15:22:30,99.6
2025-10-22 15:25:00,99.5
2025-10-22 15:27:30,99.4
2025-10-22 15:30:00,99.5
2025-10-22 15:32:30,99.5
2025-10-22 15:35:00,99.3
2025-10-22 15:37:30,99.35
2025-10-22 15:40:00,99.44999999999999
2025-10-22 15:42:30,99.6
2025-10-22 15:45:00,99.3
2025-10-22 15:47:30,99.4
2025-10-22 15:50:00,99.55
2025-10-22 15:52:30,99.4
2025-10-22 15:55:00,99.5
2025-10-22 15:57:30,99.55
2025-10-22 16:00:00,99.4
2025-10-22 16:02:30,99.5
2025-10-22 16:05:00,99.5
2025-10-22 16:07:30,99.55
2025-10-22 16:10:00,99.2
2025-10-22 16:12:30,99.75
2025-10-22 16:15:00,99.5
2025-10-22 16:17:30,99.4
2025-10-22 16:20:00,99.3
2025-10-22 16:22:30,99.4
2025-10-22 16:25:00,99.69999999999999
2025-10-22 16:27:30,99.4
2025-10-22 16:30:00,99.8
2025-10-22 16:32:30,99.6
2025-10-22 16:35:00,99.3
2025-10-22 16:37:30,99.5
2025-10-22 16:40:00,99.4
2025-10-22 16:42:30,99.6
2025-10-22 16:45:00,99.6
2025-10-22 16:47:30,99.35
2025-10-22 16:50:00,99.5
2025-10-22 16:52:30,99.3
2025-10-22 16:55:00,99.4
2025-10-22 16:57:30,99.6
2025-10-22 17:00:00,99.6
2025-10-22 17:02:30,99.4
2025-10-22 17:05:00,99.4
2025-10-22 17:07:30,99.0
2025-10-22 17:10:00,99.4
2025-10-22 17:12:30,99.0
2025-10-22 17:15:00,99.3
2025-10-22 17:17:30,99.3
2025-10-22 17:20:00,99.4
2025-10-22 17:22:30,99.3
2025-10-22 17:25:00,99.3
2025-10-22 17:27:30,99.3
2025-10-22 17:30:00,99.4
2025-10-22 17:32:30,99.4
2025-10-22 17:35:00,99.4
2025-10-22 17:37:30,99.0
2025-10-22 17:40:00,99.1
2025-10-22 17:42:30,99.4
2025-10-22 17:45:00,98.5
2025-10-22 17:47:30,99.25
2025-10-22 17:50:00,99.0
2025-10-22 17:52:30,98.5
2025-10-22 17:55:00,99.0
2025-10-22 17:57:30,99.2
2025-10-22 18:00:00,98.8
2025-10-22 18:02:30,99.35
2025-10-22 18:05:00,99.2
2025-10-22 18:07:30,99.0
2025-10-22 18:10:00,99.1
2025-10-22 18:12:30,99.1
2025-10-22 18:15:00,99.1
2025-10-22 18:17:30,99.19999999999999
2025-10-22 18:20:00,99.25
2025-10-22 18:22:30,99.25
2025-10-22 18:25:00,99.3
2025-10-22 18:27:30,99.2
2025-10-22 18:30:00,99.19999999999999
2025-10-22 18:32:30,99.19999999999999
2025-10-22 18:35:00,99.2
2025-10-22 18:37:30,98.9
2025-10-22 18:40:00,99.0
2025-10-22 18:42:30,99.0
2025-10-22 18:45:00,99.0
2025-10-22 18:47:30,99.0
2025-10-22 18:50:00,99.1
2025-10-22 18:52:30,99.1
2025-10-22 18:55:00,98.8
2025-10-22 18:57:30,99.1
2025-10-22 19:00:00,99.0
2025-10-22 19:02:30,99.1
2025-10-22 19:05:00,99.0
2025-10-22 19:07:30,99.0
2025-10-22 19:10:00,99.0
2025-10-22 19:12:30,98.9
2025-10-22 19:15:00,98.5
2025-10-22 19:17:30,98.5
2025-10-22 19:20:00,98.5
2025-10-22 19:22:30,98.5
2025-10-22 19:25:00,98.5
2025-10-22 19:27:30,98.5
2025-10-22 19:30:00,98.5
2025-10-22 19:32:30,98.5
2025-10-22 19:35:00,98.5
2025-10-22 19:37:30,98.65
2025-10-22 19:40:00,98.5
2025-10-22 19:42:30,98.5
2025-10-22 19:45:00,98.65
2025-10-22 19:47:30,98.5
2025-10-22 19:50:00,98.5
2025-10-22 19:52:30,98.5
2025-10-22 19:55:00,98.5
2025-10-22 19:57:30,98.5
2025-10-22 20:00:00,98.4
2025-10-22 20:02:30,99.0
2025-10-22 20:05:00,98.19999999999999
2025-10-22 20:07:30,98.35
2025-10-22 20:10:00,98.19999999999999
2025-10-22 20:12:30,98.2
2025-10-22 20:15:00,98.8
2025-10-22 20:17:30,98.75
2025-10-22 20:20:00,98.5
2025-10-22 20:22:30,98.9
2025-10-22 20:25:00,98.1
2025-10-22 20:27:30,98.5
2025-10-22 20:30:00,98.5
2025-10-22 20:32:30,98.5
2025-10-22 20:35:00,98.65
2025-10-22 20:37:30,98.5
2025-10-22 20:40:00,98.4
2025-10-22 20:42:30,98.65
2025-10-22 20:45:00,98.9
2025-10-22 20:47:30,98.4
2025-10-22 20:50:00,98.8
2025-10-22 20:52:30,98.9
2025-10-22 20:55:00,98.25
2025-10-22 20:57:30,98.65
2025-10-22 21:00:00,98.4
2025-10-22 21:02:30,98.8
2025-10-22 21:05:00,98.5
2025-10-22 21:07:30,98.4
2025-10-22 21:10:00,98.8
2025-10-22 21:12:30,98.5
2025-10-22 21:15:00,98.5
2025-10-22 21:17:30,98.5
2025-10-22 21:20:00,98.3
2025-10-22 21:22:30,98.5
2025-10-22 21:25:00,98.5
2025-10-22 21:27:30,98.8
2025-10-22 21:30:00,98.4
2025-10-22 21:32:30,98.5
2025-10-22 21:35:00,98.5
2025-10-22 21:37:30,98.35
2025-10-22 21:40:00,98.3
2025-10-22 21:42:30,99.15
2025-10-22 21:45:00,98.9
2025-10-22 21:47:30,98.8
2025-10-22 21:50:00,98.5
2025-10-22 21:52:30,98.5
2025-10-22 21:55:00,98.5
2025-10-22 21:57:30,98.5
2025-10-22 22:00:00,98.5
2025-10-22 22:02:30,98.5
2025-10-22 22:05:00,98.5
2025-10-22 22:07:30,98.5
2025-10-22 22:10:00,98.5
2025-10-22 22:12:30,98.5
2025-10-22 22:15:00,98.5
2025-10-22 22:17:30,98.5
2025-10-22 22:20:00,98.5
2025-10-22 22:22:30,98.5
2025-10-22 22:25:00,98.5
2025-10-22 22:27:30,98.5
2025-10-22 22:30:00,98.5
2025-10-22 22:32:30,98.3
2025-10-22 22:35:00,98.45
2025-10-22 22:37:30,98.3
2025-10-22 22:40:00,98.8
2025-10-22 22:42:30,98.5
2025-10-22 22:45:00,98.3
2025-10-22 22:47:30,98.4
2025-10-22 22:50:00,98.3
2025-10-22 22:52:30,98.8
2025-10-22 22:55:00,98.5
2025-10-22 22:57:30,98.5
2025-10-22 23:00:00,99.0
2025-10-22 23:02:30,98.3
2025-10-22 23:05:00,98.3
2025-10-22 23:07:30,98.15
2025-10-22 23:10:00,98.1
2025-10-22 23:12:30,98.5
2025-10-22 23:15:00,98.9
2025-10-22 23:17:30,98.5
2025-10-22 23:20:00,98.5
2025-10-22 23:22:30,98.5
2025-10-22 23:25:00,98.5
2025-10-22 23:27:30,98.25
2025-10-22 23:30:00,98.5
2025-10-22 23:32:30,98.5
2025-10-22 23:35:00,98.4
2025-10-22 23:37:30,98.2
2025-10-22 23:40:00,98.1
2025-10-22 23:42:30,98.1
2025-10-22 23:45:00,98.8
2025-10-22 23:47:30,98.5
2025-10-22 23:50:00,98.8
2025-10-22 23:52:30,98.3
2025-10-22 23:55:00,98.4
2025-10-22 23:57:30,98.4
2025-10-23 00:00:00,98.5
2025-10-23 00:02:30,98.5
2025-10-23 00:05:00,98.3
2025-10-23 00:07:30,98.4
2025-10-23 00:10:00,98.3
2025-10-23 00:12:30,98.5
2025-10-23 00:15:00,98.5
2025-10-23 00:17:30,98.5
2025-10-23 00:20:00,98.5
2025-10-23 00:22:30,98.3
2025-10-23 00:25:00,98.5
2025-10-23 00:27:30,98.3
2025-10-23 00:30:00,98.4
2025-10-23 00:32:30,98.4
2025-10-23 00:35:00,98.5
2025-10-23 00:37:30,98.8
2025-10-23 00:40:00,98.5
2025-10-23 00:42:30,98.2
2025-10-23 00:45:00,98.5
2025-10-23 00:47:30,98.3
2025-10-23 00:50:00,98.5
2025-10-23 00:52:30,98.5
2025-10-23 00:55:00,98.4
2025-10-23 00:57:30,98.5
2025-10-23 01:00:00,98.25
2025-10-23 01:02:30,98.4
2025-10-23 01:05:00,98.2
2025-10-23 01:07:30,98.5
2025-10-23 01:10:00,98.4
2025-10-23 01:12:30,98.05
2025-10-23 01:15:00,98.55
2025-10-23 01:17:30,98.5
2025-10-23 01:20:00,98.2
2025-10-23 01:22:30,98.3
2025-10-23 01:25:00,98.2
2025-10-23 01:27:30,98.2
2025-10-23 01:30:00,98.1
2025-10-23 01:32:30,98.3
2025-10-23 01:35:00,98.3
2025-10-23 01:37:30,98.1
2025-10-23 01:40:00,98.3
2025-10-23 01:42:30,98.1
2025-10-23 01:45:00,98.1
2025-10-23 01:47:30,98.1
2025-10-23 01:50:00,98.1
2025-10-23 01:52:30,98.1
2025-10-23 01:55:00,98.1
2025-10-23 01:57:30,98.1
2025-10-23 02:00:00,98.1
2025-10-23 02:02:30,98.1
2025-10-23 02:05:00,98.1
2025-10-23 02:07:30,98.1
2025-10-23 02:10:00,98.1
2025-10-23 02:12:30,98.1
2025-10-23 02:15:00,98.1
2025-10-23 02:17:30,98.1
2025-10-23 02:20:00,98.1
2025-10-23 02:22:30,98.1
2025-10-23 02:25:00,98.1
2025-10-23 02:27:30,98.0
2025-10-23 02:30:00,98.0
2025-10-23 02:32:30,98.0
2025-10-23 02:35:00,98.0
2025-10-23 02:37:30,98.0
2025-10-23 02:40:00,98.0
2025-10-23 02:42:30,98.0
2025-10-23 02:45:00,98.0
2025-10-23 02:47:30,98.0
2025-10-23 02:50:00,98.0
2025-10-23 02:52:30,97.7
2025-10-23 02:55:00,97.8
2025-10-23 02:57:30,98.0
2025-10-23 03:00:00,97.9
2025-10-23 03:02:30,98.1
2025-10-23 03:05:00,97.8
2025-10-23 03:07:30,98.0
2025-10-23 03:10:00,97.8
2025-10-23 03:12:30,97.9
2025-10-23 03:15:00,98.0
2025-10-23 03:17:30,98.0
2025-10-23 03:20:00,97.9
2025-10-23 03:22:30,98.0
2025-10-23 03:25:00,97.8
2025-10-23 03:27:30,98.0
2025-10-23 03:30:00,97.8
2025-10-23 03:32:30,97.85
2025-10-23 03:35:00,98.0
2025-10-23 03:37:30,97.9
2025-10-23 03:40:00,97.7
2025-10-23 03:42:30,98.0
2025-10-23 03:45:00,97.8
2025-10-23 03:47:30,97.7
2025-10-23 03:50:00,97.7
2025-10-23 03:52:30,97.7
2025-10-23 03:55:00,97.9
2025-10-23 03:57:30,97.7
2025-10-23 04:00:00,97.7
2025-10-23 04:02:30,97.7
2025-10-23 04:05:00,97.7
2025-10-23 04:07:30,97.7
2025-10-23 04:10:00,97.7
2025-10-23 04:12:30,97.7
2025-10-23 04:15:00,97.7
2025-10-23 04:17:30,97.7
2025-10-23 04:20:00,97.7
2025-10-23 04:22:30,97.7
2025-10-23 04:25:00,97.7
2025-10-23 04:27:30,97.7
2025-10-23 04:30:00,97.7
2025-10-23 04:32:30,97.7
2025-10-23 04:35:00,97.7
2025-10-23 04:37:30,97.7
2025-10-23 04:40:00,97.7
2025-10-23 04:42:30,97.7
2025-10-23 04:45:00,97.6
2025-10-23 04:47:30,97.7
2025-10-23 04:50:00,97.5
2025-10-23 04:52:30,97.7
2025-10-23 04:55:00,97.7
2025-10-23 04:57:30,97.7
2025-10-23 05:00:00,97.8
2025-10-23 05:02:30,97.8
2025-10-23 05:05:00,97.8
2025-10-23 05:07:30,97.8
2025-10-23 05:10:00,97.8
2025-10-23 05:12:30,97.85
2025-10-23 05:15:00,97.7
2025-10-23 05:17:30,98.0
2025-10-23 05:20:00,97.7
2025-10-23 05:22:30,97.7
2025-10-23 05:25:00,97.8
2025-10-23 05:27:30,97.7
2025-10-23 05:30:00,97.7
2025-10-23 05:32:30,97.7
2025-10-23 05:35:00,97.7
2025-10-23 05:37:30,97.7
2025-10-23 05:40:00,97.7
2025-10-23 05:42:30,97.7
2025-10-23 05:45:00,97.7
2025-10-23 05:47:30,97.7
2025-10-23 05:50:00,97.7
2025-10-23 05:52:30,97.7
2025-10-23 05:55:00,97.7
2025-10-23 05:57:30,97.7
2025-10-23 06:00:00,97.7
2025-10-23 06:02:30,97.7
2025-10-23 06:05:00,97.7
2025-10-23 06:07:30,97.7
2025-10-23 06:10:00,97.6
2025-10-23 06:12:30,97.6
2025-10-23 06:15:00,97.8
2025-10-23 06:17:30,97.3
2025-10-23 06:20:00,97.6
2025-10-23 06:22:30,96.8
2025-10-23 06:25:00,97.7
2025-10-23 06:27:30,97.7
2025-10-23 06:30:00,97.2
2025-10-23 06:32:30,97.8
2025-10-23 06:35:00,97.6
2025-10-23 06:37:30,97.7
2025-10-23 06:40:00,97.6
2025-10-23 06:42:30,97.5
2025-10-23 06:45:00,97.6
2025-10-23 06:47:30,97.6
2025-10-23 06:50:00,97.9
2025-10-23 06:52:30,97.35
2025-10-23 06:55:00,97.6
2025-10-23 06:57:30,97.7
2025-10-23 07:00:00,97.5
2025-10-23 07:02:30,97.7
2025-10-23 07:05:00,97.7
2025-10-23 07:07:30,97.6
2025-10-23 07:10:00,96.9
2025-10-23 07:12:30,97.2
2025-10-23 07:15:00,96.95
2025-10-23 07:17:30,96.95
2025-10-23 07:20:00,97.21666666666667
2025-10-23 07:22:30,97.48333333333333
2025-10-23 07:25:00,97.75
2025-10-23 07:27:30,97.2
2025-10-23 07:30:00,97.7
2025-10-23 07:32:30,97.7
2025-10-23 07:35:00,97.7
2025-10-23 07:37:30,97.7
2025-10-23 07:40:00,97.9
2025-10-23 07:42:30,97.7
2025-10-23 07:45:00,97.7
2025-10-23 07:47:30,97.8
2025-10-23 07:50:00,97.7
2025-10-23 07:52:30,97.8
2025-10-23 07:55:00,97.7
2025-10-23 07:57:30,97.5
2025-10-23 08:00:00,97.8
2025-10-23 08:02:30,97.6
2025-10-23 08:05:00,97.4
2025-10-23 08:07:30,97.7
2025-10-23 08:10:00,97.5
2025-10-23 08:12:30,97.5
2025-10-23 08:15:00,97.6
2025-10-23 08:17:30,97.5
2025-10-23 08:20:00,97.8
2025-10-23 08:22:30,97.1
2025-10-23 08:25:00,97.3
2025-10-23 08:27:30,97.5
2025-10-23 08:30:00,97.7
2025-10-23 08:32:30,97.6
2025-10-23 08:35:00,97.0
2025-10-23 08:37:30,97.7
2025-10-23 08:40:00,97.2
2025-10-23 08:42:30,97.6
2025-10-23 08:45:00,97.5
2025-10-23 08:47:30,97.5
2025-10-23 08:50:00,97.2
2025-10-23 08:52:30,97.5
2025-10-23 08:55:00,97.5
2025-10-23 08:57:30,97.7
2025-10-23 09:00:00,97.6
2025-10-23 09:02:30,97.8
2025-10-23 09:05:00,97.5
2025-10-23 09:07:30,97.5
2025-10-23 09:10:00,97.5
2025-10-23 09:12:30,97.3
2025-10-23 09:15:00,97.1
2025-10-23 09:17:30,97.3
2025-10-23 09:20:00,96.7
2025-10-23 09:22:30,97.2
2025-10-23 09:25:00,97.5
2025-10-23 09:27:30,97.1
2025-10-23 09:30:00,97.4
2025-10-23 09:32:30,97.0
2025-10-23 09:35:00,97.0
2025-10-23 09:37:30,96.8
2025-10-23 09:40:00,96.7
2025-10-23 09:42:30,97.0
2025-10-23 09:45:00,97.0
2025-10-23 09:47:30,96.65
2025-10-23 09:50:00,96.8
2025-10-23 09:52:30,96.8
2025-10-23 09:55:00,96.7
2025-10-23 09:57:30,96.6
2025-10-23 10:00:00,96.5
2025-10-23 10:02:30,96.5
2025-10-23 10:05:00,96.6
2025-10-23 10:07:30,95.9
2025-10-23 10:10:00,96.2
2025-10-23 10:12:30,96.4
2025-10-23 10:15:00,95.7
2025-10-23 10:17:30,96.5
2025-10-23 10:20:00,96.5
2025-10-23 10:22:30,96.5
2025-10-23 10:25:00,95.9
2025-10-23 10:27:30,95.9
2025-10-23 10:30:00,95.9
2025-10-23 10:32:30,95.9
2025-10-23 10:35:00,95.9
2025-10-23 10:37:30,95.9
2025-10-23 10:40:00,95.9
2025-10-23 10:42:30,95.5
2025-10-23 10:45:00,95.5
2025-10-23 10:47:30,95.8
2025-10-23 10:50:00,95.7
2025-10-23 10:52:30,95.5
2025-10-23 10:55:00,95.6
2025-10-23 10:57:30,95.8
2025-10-23 11:00:00,95.2
2025-10-23 11:02:30,95.5
2025-10-23 11:05:00,95.5
2025-10-23 11:07:30,95.5
2025-10-23 11:10:00,95.5
2025-10-23 11:12:30,95.5
2025-10-23 11:15:00,95.5
2025-10-23 11:17:30,95.5
2025-10-23 11:20:00,95.5
2025-10-23 11:22:30,95.5
2025-10-23 11:25:00,95.5
2025-10-23 11:27:30,95.5
2025-10-23 11:30:00,95.5
2025-10-23 11:32:30,95.5
2025-10-23 11:35:00,95.5
2025-10-23 11:37:30,95.5
2025-10-23 11:40:00,95.7
2025-10-23 11:42:30,95.5
2025-10-23 11:45:00,95.6
2025-10-23 11:47:30,95.7
2025-10-23 11:50:00,95.8
2025-10-23 11:52:30,95.9
2025-10-23 11:55:00,95.5
2025-10-23 11:57:30,95.7
2025-10-23 12:00:00,95.1
2025-10-23 12:02:30,95.80000000000001
2025-10-23 12:05:00,95.5
2025-10-23 12:07:30,95.3
2025-10-23 12:10:00,95.6
2025-10-23 12:12:30,95.6
2025-10-23 12:15:00,95.2
2025-10-23 12:17:30,95.7
2025-10-23 12:20:00,95.9
2025-10-23 12:22:30,95.9
2025-10-23 12:25:00,95.7
2025-10-23 12:27:30,95.7
2025-10-23 12:30:00,95.9
2025-10-23 12:32:30,95.9
2025-10-23 12:35:00,95.9
2025-10-23 12:37:30,96.5
2025-10-23 12:40:00,96.6
2025-10-23 12:42:30,96.4
2025-10-23 12:45:00,96.4
2025-10-23 12:47:30,96.6
2025-10-23 12:50:00,96.8
2025-10-23 12:52:30,96.4
2025-10-23 12:55:00,96.6
2025-10-23 12:57:30,96.4
2025-10-23 13:00:00,96.5
2025-10-23 13:02:30,96.8
2025-10-23 13:05:00,96.5
2025-10-23 13:07:30,96.5
2025-10-23 13:10:00,96.7
2025-10-23 13:12:30,96.8
2025-10-23 13:15:00,96.7
2025-10-23 13:17:30,96.8
2025-10-23 13:20:00,96.7
2025-10-23 13:22:30,96.7
2025-10-23 13:25:00,96.7
2025-10-23 13:27:30,96.9
2025-10-23 13:30:00,96.9
2025-10-23 13:32:30,96.7
2025-10-23 13:35:00,96.8
2025-10-23 13:37:30,97.2
2025-10-23 13:40:00,97.0
2025-10-23 13:42:30,97.2
2025-10-23 13:45:00,97.4
2025-10-23 13:47:30,97.2
2025-10-23 13:50:00,97.2
2025-10-23 13:52:30,97.3
2025-10-23 13:55:00,97.0
2025-10-23 13:57:30,97.7
2025-10-23 14:00:00,97.15
2025-10-23 14:02:30,97.6
2025-10-23 14:05:00,97.25
2025-10-23 14:07:30,97.65
2025-10-23 14:10:00,97.7
2025-10-23 14:12:30,97.7
2025-10-23 14:15:00,97.0
2025-10-23 14:17:30,97.5
2025-10-23 14:20:00,97.1
2025-10-23 14:22:30,97.5
2025-10-23 14:25:00,97.75
2025-10-23 14:27:30,98.0
2025-10-23 14:30:00,97.0
2025-10-23 14:32:30,97.5
2025-10-23 14:35:00,97.75
2025-10-23 14:37:30,97.5
2025-10-23 14:40:00,97.75
2025-10-23 14:42:30,97.7
2025-10-23 14:45:00,97.5
2025-10-23 14:47:30,97.8
2025-10-23 14:50:00,97.15
2025-10-23 14:52:30,97.6
2025-10-23 14:55:00,97.7
2025-10-23 14:57:30,97.8
2025-10-23 15:00:00,97.8
2025-10-23 15:02:30,97.6
2025-10-23 15:05:00,97.7
2025-10-23 15:07:30,97.6
2025-10-23 15:10:00,97.5
2025-10-23 15:12:30,97.7
2025-10-23 15:15:00,97.7
2025-10-23 15:17:30,97.7
2025-10-23 15:20:00,97.5
2025-10-23 15:22:30,97.7
2025-10-23 15:25:00,97.7
2025-10-23 15:27:30,97.7
2025-10-23 15:30:00,97.7
2025-10-23 15:32:30,97.65
2025-10-23 15:35:00,97.7
2025-10-23 15:37:30,97.5
2025-10-23 15:40:00,97.6
2025-10-23 15:42:30,97.55
2025-10-23 15:45:00,97.6
2025-10-23 15:47:30,97.85
2025-10-23 15:50:00,97.1
2025-10-23 15:52:30,97.6
2025-10-23 15:55:00,97.2
2025-10-23 15:57:30,97.6
2025-10-23 16:00:00,97.5
2025-10-23 16:02:30,97.5
2025-10-23 16:05:00,97.8
2025-10-23 16:07:30,97.6
2025-10-23 16:10:00,97.7
2025-10-23 16:12:30,97.5
2025-10-23 16:15:00,97.6
2025-10-23 16:17:30,97.2
2025-10-23 16:20:00,97.7
2025-10-23 16:22:30,97.7
2025-10-23 16:25:00,97.7
2025-10-23 16:27:30,97.55
2025-10-23 16:30:00,97.35
2025-10-23 16:32:30,97.4
2025-10-23 16:35:00,97.4
2025-10-23 16:37:30,97.6
2025-10-23 16:40:00,97.5
2025-10-23 16:42:30,97.6
2025-10-23 16:45:00,97.5
2025-10-23 16:47:30,97.6
2025-10-23 16:50:00,97.75
2025-10-23 16:52:30,97.3
2025-10-23 16:55:00,97.7
2025-10-23 16:57:30,97.7
2025-10-23 17:00:00,97.6
2025-10-23 17:02:30,97.5
2025-10-23 17:05:00,97.8
2025-10-23 17:07:30,97.7
2025-10-23 17:10:00,97.5
2025-10-23 17:12:30,97.7
2025-10-23 17:15:00,97.7
2025-10-23 17:17:30,97.7
2025-10-23 17:20:00,97.7
2025-10-23 17:22:30,97.7
2025-10-23 17:25:00,97.7
2025-10-23 17:27:30,97.7
2025-10-23 17:30:00,97.7
2025-10-23 17:32:30,97.7
2025-10-23 17:35:00,97.7
2025-10-23 17:37:30,97.7
2025-10-23 17:40:00,97.5
2025-10-23 17:42:30,97.7
2025-10-23 17:45:00,97.5
2025-10-23 17:47:30,97.7
2025-10-23 17:50:00,97.7
2025-10-23 17:52:30,97.6
2025-10-23 17:55:00,97.65
2025-10-23 17:57:30,97.6
2025-10-23 18:00:00,97.6
2025-10-23 18:02:30,97.7
2025-10-23 18:05:00,97.7
2025-10-23 18:07:30,97.7
2025-10-23 18:10:00,97.7
2025-10-23 18:12:30,97.7
2025-10-23 18:15:00,97.7
2025-10-23 18:17:30,97.7
2025-10-23 18:20:00,97.6
2025-10-23 18:22:30,97.5
2025-10-23 18:25:00,97.2
2025-10-23 18:27:30,97.5
2025-10-23 18:30:00,97.9
2025-10-23 18:32:30,97.7
2025-10-23 18:35:00,97.9
2025-10-23 18:37:30,97.3
2025-10-23 18:40:00,97.7
2025-10-23 18:42:30,97.7
2025-10-23 18:45:00,97.5
2025-10-23 18:47:30,97.5
2025-10-23 18:50:00,97.8
2025-10-23 18:52:30,97.4
2025-10-23 18:55:00,97.6
2025-10-23 18:57:30,97.5
2025-10-23 19:00:00,97.6
2025-10-23 19:02:30,97.5
2025-10-23 19:05:00,97.7
2025-10-23 19:07:30,97.2
2025-10-23 19:10:00,97.5
2025-10-23 19:12:30,97.5
2025-10-23 19:15:00,97.7
2025-10-23 19:17:30,97.6
2025-10-23 19:20:00,97.6
2025-10-23 19:22:30,97.7
2025-10-23 19:25:00,97.6
2025-10-23 19:27:30,97.7
2025-10-23 19:30:00,97.6
2025-10-23 19:32:30,97.2
2025-10-23 19:35:00,97.7
2025-10-23 19:37:30,97.7
2025-10-23 19:40:00,97.7
2025-10-23 19:42:30,97.6
2025-10-23 19:45:00,97.7
2025-10-23 19:47:30,97.8
2025-10-23 19:50:00,97.7
2025-10-23 19:52:30,97.5
2025-10-23 19:55:00,97.6
2025-10-23 19:57:30,97.5
2025-10-23 20:00:00,97.9
2025-10-23 20:02:30,97.6
2025-10-23 20:05:00,97.7
2025-10-23 20:07:30,97.5
2025-10-23 20:10:00,97.6
2025-10-23 20:12:30,97.8
2025-10-23 20:15:00,97.7
2025-10-23 20:17:30,97.6
2025-10-23 20:20:00,97.4
2025-10-23 20:22:30,97.5
2025-10-23 20:25:00,97.6
2025-10-23 20:27:30,97.6
2025-10-23 20:30:00,97.7
2025-10-23 20:32:30,97.6
2025-10-23 20:35:00,97.5
2025-10-23 20:37:30,97.7
2025-10-23 20:40:00,97.7
2025-10-23 20:42:30,97.2
2025-10-23 20:45:00,97.6
2025-10-23 20:47:30,97.2
2025-10-23 20:50:00,97.7
2025-10-23 20:52:30,97.5
2025-10-23 20:55:00,97.5
2025-10-23 20:57:30,97.5
2025-10-23 21:00:00,97.5
2025-10-23 21:02:30,97.5
2025-10-23 21:05:00,97.5
2025-10-23 21:07:30,97.5
2025-10-23 21:10:00,97.5
2025-10-23 21:12:30,97.5
2025-10-23 21:15:00,97.5
2025-10-23 21:17:30,97.5
2025-10-23 21:20:00,97.7
2025-10-23 21:22:30,97.7
2025-10-23 21:25:00,97.0
2025-10-23 21:27:30,97.6
2025-10-23 21:30:00,97.7
2025-10-23 21:32:30,97.5
2025-10-23 21:35:00,97.2
2025-10-23 21:37:30,97.7
2025-10-23 21:40:00,97.25
2025-10-23 21:42:30,97.5
2025-10-23 21:45:00,97.7
2025-10-23 21:47:30,97.5
2025-10-23 21:50:00,97.7
2025-10-23 21:52:30,97.2
2025-10-23 21:55:00,97.8
2025-10-23 21:57:30,97.5
2025-10-23 22:00:00,97.6
2025-10-23 22:02:30,97.6
2025-10-23 22:05:00,97.5
2025-10-23 22:07:30,97.5
2025-10-23 22:10:00,97.5
2025-10-23 22:12:30,97.5
2025-10-23 22:15:00,97.5
2025-10-23 22:17:30,97.5
2025-10-23 22:20:00,97.5
2025-10-23 22:22:30,97.5
2025-10-23 22:25:00,97.5
2025-10-23 22:27:30,97.5
2025-10-23 22:30:00,97.5
2025-10-23 22:32:30,97.5
2025-10-23 22:35:00,97.5
2025-10-23 22:37:30,97.5
2025-10-23 22:40:00,97.6
2025-10-23 22:42:30,97.7
2025-10-23 22:45:00,97.5
2025-10-23 22:47:30,97.5
2025-10-23 22:50:00,97.8
2025-10-23 22:52:30,97.5
2025-10-23 22:55:00,97.5
2025-10-23 22:57:30,97.5
2025-10-23 23:00:00,97.5
2025-10-23 23:02:30,97.3
2025-10-23 23:05:00,97.2
2025-10-23 23:07:30,97.1
2025-10-23 23:10:00,97.6
2025-10-23 23:12:30,97.4
2025-10-23 23:15:00,97.7
2025-10-23 23:17:30,97.5
2025-10-23 23:20:00,97.5
2025-10-23 23:22:30,97.55
2025-10-23 23:25:00,97.5
2025-10-23 23:27:30,97.4
2025-10-23 23:30:00,97.6
2025-10-23 23:32:30,97.2
2025-10-23 23:35:00,97.4
2025-10-23 23:37:30,97.2
2025-10-23 23:40:00,97.6
2025-10-23 23:42:30,97.2
2025-10-23 23:45:00,97.5
2025-10-23 23:47:30,97.5
2025-10-23 23:50:00,97.5
2025-10-23 23:52:30,97.5
2025-10-23 23:55:00,97.45
2025-10-23 23:57:30,97.5
2025-10-24 00:00:00,97.5
2025-10-24 00:02:30,97.5
2025-10-24 00:05:00,97.5
2025-10-24 00:07:30,97.5
2025-10-24 00:10:00,97.5
2025-10-24 00:12:30,97.5
2025-10-24 00:15:00,97.5
2025-10-24 00:17:30,97.5
2025-10-24 00:20:00,97.5
2025-10-24 00:22:30,97.5
2025-10-24 00:25:00,97.5
2025-10-24 00:27:30,97.5
2025-10-24 00:30:00,97.5
2025-10-24 00:32:30,97.5
2025-10-24 00:35:00,97.5
2025-10-24 00:37:30,97.5
2025-10-24 00:40:00,97.5
2025-10-24 00:42:30,97.5
2025-10-24 00:45:00,97.5
2025-10-24 00:47:30,97.4
2025-10-24 00:50:00,97.4
2025-10-24 00:52:30,97.4
2025-10-24 00:55:00,97.5
2025-10-24 00:57:30,97.4
2025-10-24 01:00:00,97.45
2025-10-24 01:02:30,97.4
2025-10-24 01:05:00,97.2
2025-10-24 01:07:30,97.2
2025-10-24 01:10:00,96.8
2025-10-24 01:12:30,97.1
2025-10-24 01:15:00,97.5
2025-10-24 01:17:30,97.5
2025-10-24 01:20:00,97.0
2025-10-24 01:22:30,97.2
2025-10-24 01:25:00,97.5
2025-10-24 01:27:30,97.1
2025-10-24 01:30:00,97.2
2025-10-24 01:32:30,97.2
2025-10-24 01:35:00,97.2
2025-10-24 01:37:30,96.8
2025-10-24 01:40:00,97.0
2025-10-24 01:42:30,97.1
2025-10-24 01:45:00,97.1
2025-10-24 01:47:30,97.0
2025-10-24 01:50:00,97.0
2025-10-24 01:52:30,97.0
2025-10-24 01:55:00,97.0
2025-10-24 01:57:30,97.0
2025-10-24 02:00:00,97.0
2025-10-24 02:02:30,97.0
2025-10-24 02:05:00,96.9
2025-10-24 02:07:30,96.8
2025-10-24 02:10:00,97.1
2025-10-24 02:12:30,97.0
2025-10-24 02:15:00,97.0
2025-10-24 02:17:30,96.8
2025-10-24 02:20:00,97.0
2025-10-24 02:22:30,96.4
2025-10-24 02:25:00,96.8
2025-10-24 02:27:30,96.9
2025-10-24 02:30:00,96.7
2025-10-24 02:32:30,96.6
2025-10-24 02:35:00,96.8
2025-10-24 02:37:30,96.6
2025-10-24 02:40:00,96.6
2025-10-24 02:42:30,95.9
2025-10-24 02:45:00,96.6
2025-10-24 02:47:30,96.8
2025-10-24 02:50:00,96.6
2025-10-24 02:52:30,95.9
2025-10-24 02:55:00,96.65
2025-10-24 02:57:30,96.8
2025-10-24 03:00:00,97.0
2025-10-24 03:02:30,96.7
2025-10-24 03:05:00,96.8
2025-10-24 03:07:30,96.65
2025-10-24 03:10:00,96.5
2025-10-24 03:12:30,96.7
2025-10-24 03:15:00,96.7
2025-10-24 03:17:30,96.7
2025-10-24 03:20:00,96.6
2025-10-24 03:22:30,96.6
2025-10-24 03:25:00,96.6
2025-10-24 03:27:30,96.5
2025-10-24 03:30:00,96.5
2025-10-24 03:32:30,96.5
2025-10-24 03:35:00,96.4
2025-10-24 03:37:30,96.5
2025-10-24 03:40:00,96.4
2025-10-24 03:42:30,96.5
2025-10-24 03:45:00,96.6
2025-10-24 03:47:30,96.05
2025-10-24 03:50:00,96.4
2025-10-24 03:52:30,95.9
2025-10-24 03:55:00,96.4
2025-10-24 03:57:30,96.4
2025-10-24 04:00:00,96.2
2025-10-24 04:02:30,95.9
2025-10-24 04:05:00,95.5
2025-10-24 04:07:30,95.9
2025-10-24 04:10:00,95.9
2025-10-24 04:12:30,95.9
2025-10-24 04:15:00,95.9
2025-10-24 04:17:30,95.9
2025-10-24 04:20:00,95.9
2025-10-24 04:22:30,95.9
2025-10-24 04:25:00,95.9
2025-10-24 04:27:30,95.9
2025-10-24 04:30:00,95.9
2025-10-24 04:32:30,95.9
2025-10-24 04:35:00,95.9
2025-10-24 04:37:30,95.7
2025-10-24 04:40:00,95.7
2025-10-24 04:42:30,95.7
2025-10-24 04:45:00,95.7
2025-10-24 04:47:30,95.7
2025-10-24 04:50:00,95.7
2025-10-24 04:52:30,95.7
2025-10-24 04:55:00,95.7
2025-10-24 04:57:30,95.7
2025-10-24 05:00:00,95.7
2025-10-24 05:02:30,95.8
2025-10-24 05:05:00,95.7
2025-10-24 05:07:30,95.8
2025-10-24 05:10:00,95.7
2025-10-24 05:12:30,95.3
2025-10-24 05:15:00,95.9
2025-10-24 05:17:30,95.7
2025-10-24 05:20:00,95.9
2025-10-24 05:22:30,95.6
2025-10-24 05:25:00,95.7
2025-10-24 05:27:30,95.4
2025-10-24 05:30:00,95.7
2025-10-24 05:32:30,95.5
2025-10-24 05:35:00,95.5
2025-10-24 05:37:30,95.7
2025-10-24 05:40:00,95.6
2025-10-24 05:42:30,95.7
2025-10-24 05:45:00,95.5
2025-10-24 05:47:30,95.7
2025-10-24 05:50:00,95.5
2025-10-24 05:52:30,95.4
2025-10-24 05:55:00,95.5
2025-10-24 05:57:30,95.5
2025-10-24 06:00:00,95.7
2025-10-24 06:02:30,95.5
2025-10-24 06:05:00,95.5
2025-10-24 06:07:30,95.5
2025-10-24 06:10:00,95.5
2025-10-24 06:12:30,95.5
2025-10-24 06:15:00,95.5
2025-10-24 06:17:30,95.6
2025-10-24 06:20:00,95.5
2025-10-24 06:22:30,95.4
2025-10-24 06:25:00,95.5
2025-10-24 06:27:30,95.3
2025-10-24 06:30:00,95.4
2025-10-24 06:32:30,95.5
2025-10-24 06:35:00,95.7
2025-10-24 06:37:30,95.5
2025-10-24 06:40:00,95.5
2025-10-24 06:42:30,95.5
2025-10-24 06:45:00,95.4
2025-10-24 06:47:30,95.5
2025-10-24 06:50:00,95.4
2025-10-24 06:52:30,95.7
2025-10-24 06:55:00,95.7
2025-10-24 06:57:30,95.5
2025-10-24 07:00:00,95.5
2025-10-24 07:02:30,95.4
2025-10-24 07:05:00,95.4
2025-10-24 07:07:30,95.4
2025-10-24 07:10:00,95.4
2025-10-24 07:12:30,95.5
2025-10-24 07:15:00,95.5
2025-10-24 07:17:30,95.7
2025-10-24 07:20:00,95.2
2025-10-24 07:22:30,95.5
2025-10-24 07:25:00,95.5
2025-10-24 07:27:30,95.4
2025-10-24 07:30:00,95.5
2025-10-24 07:32:30,95.5
2025-10-24 07:35:00,95.5
2025-10-24 07:37:30,95.5
2025-10-24 07:40:00,95.5
2025-10-24 07:42:30,95.5
2025-10-24 07:45:00,95.5
2025-10-24 07:47:30,95.2
2025-10-24 07:50:00,95.5
2025-10-24 07:52:30,95.5
2025-10-24 07:55:00,95.6
2025-10-24 07:57:30,95.5
2025-10-24 08:00:00,95.5
2025-10-24 08:02:30,95.5
2025-10-24 08:05:00,95.5
2025-10-24 08:07:30,95.3
2025-10-24 08:10:00,95.5
2025-10-24 08:12:30,95.5
2025-10-24 08:15:00,95.0
2025-10-24 08:17:30,95.4
2025-10-24 08:20:00,95.5
2025-10-24 08:22:30,95.5
2025-10-24 08:25:00,95.5
2025-10-24 08:27:30,95.4
2025-10-24 08:30:00,95.5
2025-10-24 08:32:30,95.5
2025-10-24 08:35:00,95.5
2025-10-24 08:37:30,95.5
2025-10-24 08:40:00,95.5
2025-10-24 08:42:30,95.5
2025-10-24 08:45:00,95.4
2025-10-24 08:47:30,95.4
2025-10-24 08:50:00,95.4
2025-10-24 08:52:30,95.1
2025-10-24 08:55:00,95.4
2025-10-24 08:57:30,95.3
2025-10-24 09:00:00,95.3
2025-10-24 09:02:30,95.2
2025-10-24 09:05:00,95.3
2025-10-24 09:07:30,95.4
2025-10-24 09:10:00,95.4
2025-10-24 09:12:30,95.3
2025-10-24 09:15:00,95.2
2025-10-24 09:17:30,95.4
2025-10-24 09:20:00,95.0
2025-10-24 09:22:30,95.2
2025-10-24 09:25:00,95.5
2025-10-24 09:27:30,95.4
2025-10-24 09:30:00,95.2
2025-10-24 09:32:30,95.2
2025-10-24 09:35:00,95.2
2025-10-24 09:37:30,95.35
2025-10-24 09:40:00,95.3
2025-10-24 09:42:30,95.4
2025-10-24 09:45:00,95.3
2025-10-24 09:47:30,95.1
2025-10-24 09:50:00,95.3
2025-10-24 09:52:30,95.5
2025-10-24 09:55:00,95.2
2025-10-24 09:57:30,95.4
2025-10-24 10:00:00,95.5
2025-10-24 10:02:30,95.4
2025-10-24 10:05:00,95.5
2025-10-24 10:07:30,95.4
2025-10-24 10:10:00,95.1
2025-10-24 10:12:30,95.4
2025-10-24 10:15:00,95.1
2025-10-24 10:17:30,95.3
2025-10-24 10:20:00,95.2
2025-10-24 10:22:30,95.2
2025-10-24 10:25:00,95.4
2025-10-24 10:27:30,95.45
2025-10-24 10:30:00,95.3
2025-10-24 10:32:30,95.6
2025-10-24 10:35:00,95.5
2025-10-24 10:37:30,95.4
2025-10-24 10:40:00,95.35
2025-10-24 10:42:30,95.5
2025-10-24 10:45:00,95.2
2025-10-24 10:47:30,95.2
2025-10-24 10:50:00,95.4
2025-10-24 10:52:30,95.5
2025-10-24 10:55:00,95.4
2025-10-24 10:57:30,95.5
2025-10-24 11:00:00,95.2
2025-10-24 11:02:30,95.5
2025-10-24 11:05:00,95.1
2025-10-24 11:07:30,95.4
2025-10-24 11:10:00,95.4
2025-10-24 11:12:30,95.5
2025-10-24 11:15:00,95.7
2025-10-24 11:17:30,95.7
2025-10-24 11:20:00,95.7
2025-10-24 11:22:30,95.8
2025-10-24 11:25:00,95.9
2025-10-24 11:27:30,95.9
2025-10-24 11:30:00,95.7
2025-10-24 11:32:30,95.9
2025-10-24 11:35:00,96.4
2025-10-24 11:37:30,96.6
2025-10-24 11:40:00,96.5
2025-10-24 11:42:30,96.8
2025-10-24 11:45:00,96.7
2025-10-24 11:47:30,96.7
2025-10-24 11:50:00,96.65
2025-10-24 11:52:30,96.9
2025-10-24 11:55:00,96.8
2025-10-24 11:57:30,97.2
2025-10-24 12:00:00,97.05000000000001
2025-10-24 12:02:30,97.1
2025-10-24 12:05:00,96.9
2025-10-24 12:07:30,97.05
2025-10-24 12:10:00,97.1
2025-10-24 12:12:30,97.0
2025-10-24 12:15:00,97.0
2025-10-24 12:17:30,97.05
2025-10-24 12:20:00,97.0
2025-10-24 12:22:30,97.0
2025-10-24 12:25:00,97.05
2025-10-24 12:27:30,97.05
2025-10-24 12:30:00,97.05
2025-10-24 12:32:30,97.2
2025-10-24 12:35:00,97.2
2025-10-24 12:37:30,97.2
2025-10-24 12:40:00,97.2
2025-10-24 12:42:30,97.3
2025-10-24 12:45:00,97.5
2025-10-24 12:47:30,97.5
2025-10-24 12:50:00,97.5
2025-10-24 12:52:30,97.7
2025-10-24 12:55:00,97.5
2025-10-24 12:57:30,97.8
2025-10-24 13:00:00,97.9
2025-10-24 13:02:30,97.5
2025-10-24 13:05:00,97.7
2025-10-24 13:07:30,97.9
2025-10-24 13:10:00,97.7
2025-10-24 13:12:30,97.8
2025-10-24 13:15:00,97.8
2025-10-24 13:17:30,97.9
2025-10-24 13:20:00,97.9
2025-10-24 13:22:30,98.0
2025-10-24 13:25:00,97.9
2025-10-24 13:27:30,98.1
2025-10-24 13:30:00,97.7
2025-10-24 13:32:30,98.1
2025-10-24 13:35:00,98.0
2025-10-24 13:37:30,98.4
2025-10-24 13:40:00,98.2
2025-10-24 13:42:30,98.4
2025-10-24 13:45:00,97.9
2025-10-24 13:47:30,98.2
2025-10-24 13:50:00,98.3
2025-10-24 13:52:30,98.3
2025-10-24 13:55:00,98.2
2025-10-24 13:57:30,98.4
2025-10-24 14:00:00,98.3
2025-10-24 14:02:30,98.5
2025-10-24 14:05:00,98.5
2025-10-24 14:07:30,98.5
2025-10-24 14:10:00,98.4
2025-10-24 14:12:30,98.5
2025-10-24 14:15:00,98.4
2025-10-24 14:17:30,98.1
2025-10-24 14:20:00,98.5
2025-10-24 14:22:30,98.1
2025-10-24 14:25:00,98.4
2025-10-24 14:27:30,98.5
2025-10-24 14:30:00,98.5
2025-10-24 14:32:30,98.5
2025-10-24 14:35:00,98.5
2025-10-24 14:37:30,98.5
2025-10-24 14:40:00,98.5
2025-10-24 14:42:30,98.3
2025-10-24 14:45:00,98.3
2025-10-24 14:47:30,98.3
2025-10-24 14:50:00,98.3
2025-10-24 14:52:30,98.3
2025-10-24 14:55:00,98.3
2025-10-24 14:57:30,98.5
2025-10-24 15:00:00,98.3
2025-10-24 15:02:30,98.3
2025-10-24 15:05:00,98.3
2025-10-24 15:07:30,98.1
2025-10-24 15:10:00,98.5
2025-10-24 15:12:30,98.2
2025-10-24 15:15:00,98.5
2025-10-24 15:17:30,98.3
2025-10-24 15:20:00,98.1
2025-10-24 15:22:30,98.2
2025-10-24 15:25:00,98.3
2025-10-24 15:27:30,98.2
2025-10-24 15:30:00,98.4
2025-10-24 15:32:30,98.0
2025-10-24 15:35:00,98.3
2025-10-24 15:37:30,98.1
2025-10-24 15:40:00,98.3
2025-10-24 15:42:30,98.4
2025-10-24 15:45:00,98.3
2025-10-24 15:47:30,98.3
2025-10-24 15:50:00,98.5
2025-10-24 15:52:30,98.5
2025-10-24 15:55:00,98.2
2025-10-24 15:57:30,98.3
2025-10-24 16:00:00,98.1
2025-10-24 16:02:30,98.25
2025-10-24 16:05:00,98.3
2025-10-24 16:07:30,98.4
2025-10-24 16:10:00,98.3
2025-10-24 16:12:30,98.3
2025-10-24 16:15:00,98.4
2025-10-24 16:17:30,98.2
2025-10-24 16:20:00,98.3
2025-10-24 16:22:30,98.4
2025-10-24 16:25:00,98.3
2025-10-24 16:27:30,98.1
2025-10-24 16:30:00,98.5
2025-10-24 16:32:30,98.1
2025-10-24 16:35:00,98.3
2025-10-24 16:37:30,98.3
2025-10-24 16:40:00,98.3
2025-10-24 16:42:30,98.3
2025-10-24 16:45:00,98.3
2025-10-24 16:47:30,98.3
2025-10-24 16:50:00,98.3
2025-10-24 16:52:30,98.3
2025-10-24 16:55:00,98.3
2025-10-24 16:57:30,98.3
2025-10-24 17:00:00,98.3
2025-10-24 17:02:30,98.65
2025-10-24 17:05:00,98.4
2025-10-24 17:07:30,98.3
2025-10-24 17:10:00,98.0
2025-10-24 17:12:30,98.3
2025-10-24 17:15:00,98.3
2025-10-24 17:17:30,99.0
2025-10-24 17:20:00,98.5
2025-10-24 17:22:30,99.1
2025-10-24 17:25:00,98.5
2025-10-24 17:27:30,98.5
2025-10-24 17:30:00,98.5
2025-10-24 17:32:30,98.5
2025-10-24 17:35:00,98.5
2025-10-24 17:37:30,98.5
2025-10-24 17:40:00,98.5
2025-10-24 17:42:30,98.40357142857142
2025-10-24 17:45:00,98.30714285714286
2025-10-24 17:47:30,98.21071428571429
2025-10-24 17:50:00,98.11428571428571
2025-10-24 17:52:30,98.01785714285714
2025-10-24 17:55:00,97.92142857142858
2025-10-24 17:57:30,97.825
2025-10-24 18:00:00,97.72857142857143
2025-10-24 18:02:30,97.63214285714287
2025-10-24 18:05:00,97.53571428571429
2025-10-24 18:07:30,97.43928571428572
2025-10-24 18:10:00,97.34285714285714
2025-10-24 18:12:30,97.24642857142858
2025-10-24 18:15:00,97.15
2025-10-24 18:17:30,97.7
2025-10-24 18:20:00,97.7
2025-10-24 18:22:30,97.1
2025-10-24 18:25:00,97.2
2025-10-24 18:27:30,97.0
2025-10-24 18:30:00,97.1
2025-10-24 18:32:30,95.9
2025-10-24 18:35:00,97.1
2025-10-24 18:37:30,97.2
2025-10-24 18:40:00,96.7
2025-10-24 18:42:30,96.9
2025-10-24 18:45:00,97.2
2025-10-24 18:47:30,97.2
2025-10-24 18:50:00,97.5
2025-10-24 18:52:30,97.9
2025-10-24 18:55:00,97.1
2025-10-24 18:57:30,97.1
2025-10-24 19:00:00,97.4
2025-10-24 19:02:30,97.5
2025-10-24 19:05:00,97.5
2025-10-24 19:07:30,97.4
2025-10-24 19:10:00,97.3
2025-10-24 19:12:30,97.5
2025-10-24 19:15:00,97.5
2025-10-24 19:17:30,96.9
2025-10-24 19:20:00,96.8
2025-10-24 19:22:30,97.0
2025-10-24 19:25:00,96.8
2025-10-24 19:27:30,97.0
2025-10-24 19:30:00,97.0
2025-10-24 19:32:30,97.0
2025-10-24 19:35:00,96.85
2025-10-24 19:37:30,96.8
2025-10-24 19:40:00,96.5
2025-10-24 19:42:30,97.0
2025-10-24 19:45:00,96.7
2025-10-24 19:47:30,97.0
2025-10-24 19:50:00,96.8
2025-10-24 19:52:30,96.7
2025-10-24 19:55:00,96.8
2025-10-24 19:57:30,96.6
2025-10-24 20:00:00,96.8
2025-10-24 20:02:30,96.55000000000001
2025-10-24 20:05:00,96.7
2025-10-24 20:07:30,96.8
2025-10-24 20:10:00,96.8
2025-10-24 20:12:30,96.5
2025-10-24 20:15:00,96.4
2025-10-24 20:17:30,96.7
2025-10-24 20:20:00,96.5
2025-10-24 20:22:30,96.4
2025-10-24 20:25:00,96.15
2025-10-24 20:27:30,96.4
2025-10-24 20:30:00,96.4
2025-10-24 20:32:30,96.5
2025-10-24 20:35:00,96.5
2025-10-24 20:37:30,96.5
2025-10-24 20:40:00,96.4
2025-10-24 20:42:30,95.9
2025-10-24 20:45:00,95.9
2025-10-24 20:47:30,95.9
2025-10-24 20:50:00,95.9
2025-10-24 20:52:30,95.9
2025-10-24 20:55:00,95.9
2025-10-24 20:57:30,95.9
2025-10-24 21:00:00,96.4
2025-10-24 21:02:30,95.9
2025-10-24 21:05:00,95.9
2025-10-24 21:07:30,95.7
2025-10-24 21:10:00,95.5
2025-10-24 21:12:30,95.7
2025-10-24 21:15:00,95.7
2025-10-24 21:17:30,95.75
2025-10-24 21:20:00,95.7
2025-10-24 21:22:30,95.7
2025-10-24 21:25:00,95.6
2025-10-24 21:27:30,95.9
2025-10-24 21:30:00,95.7
2025-10-24 21:32:30,95.5
2025-10-24 21:35:00,95.5
2025-10-24 21:37:30,95.6
2025-10-24 21:40:00,95.5
2025-10-24 21:42:30,95.25
2025-10-24 21:45:00,95.7
2025-10-24 21:47:30,95.9
2025-10-24 21:50:00,95.44999999999999
2025-10-24 21:52:30,95.0
2025-10-24 21:55:00,95.6
2025-10-24 21:57:30,95.7
2025-10-24 22:00:00,95.5
2025-10-24 22:02:30,95.4
2025-10-24 22:05:00,95.4
2025-10-24 22:07:30,95.5
2025-10-24 22:10:00,95.4
2025-10-24 22:12:30,95.4
2025-10-24 22:15:00,95.2
2025-10-24 22:17:30,95.5
2025-10-24 22:20:00,95.2
2025-10-24 22:22:30,95.4
2025-10-24 22:25:00,95.5
2025-10-24 22:27:30,95.5
2025-10-24 22:30:00,95.5
2025-10-24 22:32:30,95.4
2025-10-24 22:35:00,95.2
2025-10-24 22:37:30,95.6
2025-10-24 22:40:00,95.5
2025-10-24 22:42:30,95.2
2025-10-24 22:45:00,95.2
2025-10-24 22:47:30,95.5
2025-10-24 22:50:00,95.4
2025-10-24 22:52:30,95.5
2025-10-24 22:55:00,95.5
2025-10-24 22:57:30,95.5
2025-10-24 23:00:00,95.2
2025-10-24 23:02:30,95.3
2025-10-24 23:05:00,95.4
2025-10-24 23:07:30,95.3
2025-10-24 23:10:00,95.5
2025-10-24 23:12:30,95.3
2025-10-24 23:15:00,95.05
2025-10-24 23:17:30,95.4
2025-10-24 23:20:00,95.7
2025-10-24 23:22:30,95.5
2025-10-24 23:25:00,94.6
2025-10-24 23:27:30,95.22500000000001
2025-10-24 23:30:00,95.5
2025-10-24 23:32:30,95.3
2025-10-24 23:35:00,95.4
2025-10-24 23:37:30,95.5
2025-10-24 23:40:00,95.2
2025-10-24 23:42:30,95.3
2025-10-24 23:45:00,95.4
2025-10-24 23:47:30,95.3
2025-10-24 23:50:00,95.5
2025-10-24 23:52:30,95.5
2025-10-24 23:55:00,95.4
2025-10-24 23:57:30,95.2
2025-10-25 00:00:00,95.5
2025-10-25 00:02:30,95.5
2025-10-25 00:05:00,95.4
2025-10-25 00:07:30,95.4
2025-10-25 00:10:00,95.4
2025-10-25 00:12:30,95.4
2025-10-25 00:15:00,95.4
2025-10-25 00:17:30,95.5
2025-10-25 00:20:00,95.5
2025-10-25 00:22:30,95.4
2025-10-25 00:25:00,95.2
2025-10-25 00:27:30,95.2
2025-10-25 00:30:00,95.1
2025-10-25 00:32:30,95.3
2025-10-25 00:35:00,95.5
2025-10-25 00:37:30,95.3
2025-10-25 00:40:00,95.5
2025-10-25 00:42:30,95.3
2025-10-25 00:45:00,95.4
2025-10-25 00:47:30,95.5
2025-10-25 00:50:00,95.4
2025-10-25 00:52:30,95.4
2025-10-25 00:55:00,95.4
2025-10-25 00:57:30,95.3
2025-10-25 01:00:00,95.2
2025-10-25 01:02:30,95.30000000000001
2025-10-25 01:05:00,95.4
2025-10-25 01:07:30,95.6
2025-10-25 01:10:00,94.9
2025-10-25 01:12:30,95.4
2025-10-25 01:15:00,95.5
2025-10-25 01:17:30,95.4
2025-10-25 01:20:00,95.3
2025-10-25 01:22:30,95.0
2025-10-25 01:25:00,95.4
2025-10-25 01:27:30,95.5
2025-10-25 01:30:00,95.2
2025-10-25 01:32:30,95.5
2025-10-25 01:35:00,95.5
2025-10-25 01:37:30,95.4
2025-10-25 01:40:00,95.3
2025-10-25 01:42:30,95.5
2025-10-25 01:45:00,95.5
2025-10-25 01:47:30,95.5
2025-10-25 01:50:00,95.1
2025-10-25 01:52:30,95.0
2025-10-25 01:55:00,95.3
2025-10-25 01:57:30,95.5
2025-10-25 02:00:00,95.5
2025-10-25 02:02:30,95.3
2025-10-25 02:05:00,95.2
2025-10-25 02:07:30,95.4
2025-10-25 02:10:00,95.5
2025-10-25 02:12:30,95.4
2025-10-25 02:15:00,95.5
2025-10-25 02:17:30,95.3
2025-10-25 02:20:00,95.2
2025-10-25 02:22:30,95.2
2025-10-25 02:25:00,95.5
2025-10-25 02:27:30,95.4
2025-10-25 02:30:00,95.3
2025-10-25 02:32:30,95.5
2025-10-25 02:35:00,95.4
2025-10-25 02:37:30,95.5
2025-10-25 02:40:00,95.5
2025-10-25 02:42:30,95.4
2025-10-25 02:45:00,95.4
2025-10-25 02:47:30,95.0
2025-10-25 02:50:00,95.4
2025-10-25 02:52:30,95.3
2025-10-25 02:55:00,95.2
2025-10-25 02:57:30,95.3
2025-10-25 03:00:00,95.1
2025-10-25 03:02:30,95.3
2025-10-25 03:05:00,95.2
2025-10-25 03:07:30,95.2
2025-10-25 03:10:00,95.2
2025-10-25 03:12:30,95.2
2025-10-25 03:15:00,95.1
2025-10-25 03:17:30,95.4
2025-10-25 03:20:00,94.9
2025-10-25 03:22:30,95.4
2025-10-25 03:25:00,95.1
2025-10-25 03:27:30,95.0
2025-10-25 03:30:00,95.2
2025-10-25 03:32:30,95.2
2025-10-25 03:35:00,95.1
2025-10-25 03:37:30,95.2
2025-10-25 03:40:00,95.4
2025-10-25 03:42:30,95.1
2025-10-25 03:45:00,94.2
2025-10-25 03:47:30,95.1
2025-10-25 03:50:00,94.2
2025-10-25 03:52:30,94.8
2025-10-25 03:55:00,95.1
2025-10-25 03:57:30,95.5
2025-10-25 04:00:00,95.35
2025-10-25 04:02:30,95.3
2025-10-25 04:05:00,95.1
2025-10-25 04:07:30,95.2
2025-10-25 04:10:00,95.0
2025-10-25 04:12:30,95.3
2025-10-25 04:15:00,95.2
2025-10-25 04:17:30,95.2
2025-10-25 04:20:00,95.4
2025-10-25 04:22:30,95.0
2025-10-25 04:25:00,95.0
2025-10-25 04:27:30,95.1
2025-10-25 04:30:00,95.1
2025-10-25 04:32:30,95.4
2025-10-25 04:35:00,95.1
2025-10-25 04:37:30,95.0
2025-10-25 04:40:00,95.0
2025-10-25 04:42:30,95.5
2025-10-25 04:45:00,95.3
2025-10-25 04:47:30,95.0
2025-10-25 04:50:00,95.2
2025-10-25 04:52:30,95.2
2025-10-25 04:55:00,95.4
2025-10-25 04:57:30,95.0
2025-10-25 05:00:00,95.2
2025-10-25 05:02:30,95.2
2025-10-25 05:05:00,95.2
2025-10-25 05:07:30,95.3
2025-10-25 05:10:00,95.2
2025-10-25 05:12:30,95.2
2025-10-25 05:15:00,95.2
2025-10-25 05:17:30,95.2
2025-10-25 05:20:00,95.1
2025-10-25 05:22:30,95.0
2025-10-25 05:25:00,95.2
2025-10-25 05:27:30,95.1
2025-10-25 05:30:00,95.0
2025-10-25 05:32:30,95.0
2025-10-25 05:35:00,95.0
2025-10-25 05:37:30,95.2
2025-10-25 05:40:00,95.3
2025-10-25 05:42:30,95.2
2025-10-25 05:45:00,95.0
2025-10-25 05:47:30,95.2
2025-10-25 05:50:00,95.1
2025-10-25 05:52:30,95.1
2025-10-25 05:55:00,95.2
2025-10-25 05:57:30,95.5
2025-10-25 06:00:00,95.3
2025-10-25 06:02:30,95.2
2025-10-25 06:05:00,95.0
2025-10-25 06:07:30,95.4
2025-10-25 06:10:00,95.2
2025-10-25 06:12:30,95.3
2025-10-25 06:15:00,95.0
2025-10-25 06:17:30,95.2
2025-10-25 06:20:00,94.75
2025-10-25 06:22:30,94.75
2025-10-25 06:25:00,95.2
2025-10-25 06:27:30,95.1
2025-10-25 06:30:00,95.05
2025-10-25 06:32:30,95.1
2025-10-25 06:35:00,95.0
2025-10-25 06:37:30,95.2
2025-10-25 06:40:00,95.3
2025-10-25 06:42:30,95.1
2025-10-25 06:45:00,95.2
2025-10-25 06:47:30,95.2
2025-10-25 06:50:00,95.0
2025-10-25 06:52:30,94.9
2025-10-25 06:55:00,95.1
2025-10-25 06:57:30,95.0
2025-10-25 07:00:00,95.0
2025-10-25 07:02:30,95.0
2025-10-25 07:05:00,95.5
2025-10-25 07:07:30,95.1
2025-10-25 07:10:00,95.3
2025-10-25 07:12:30,95.2
2025-10-25 07:15:00,95.0
2025-10-25 07:17:30,95.0
2025-10-25 07:20:00,95.2
2025-10-25 07:22:30,95.0
2025-10-25 07:25:00,95.3
2025-10-25 07:27:30,95.2
2025-10-25 07:30:00,95.2
2025-10-25 07:32:30,95.2
2025-10-25 07:35:00,94.6
2025-10-25 07:37:30,95.0
2025-10-25 07:40:00,95.0
2025-10-25 07:42:30,95.0
2025-10-25 07:45:00,95.0
2025-10-25 07:47:30,95.0
2025-10-25 07:50:00,95.0
2025-10-25 07:52:30,95.0
2025-10-25 07:55:00,95.0
2025-10-25 07:57:30,95.2
2025-10-25 08:00:00,95.0
2025-10-25 08:02:30,94.9
2025-10-25 08:05:00,94.9
2025-10-25 08:07:30,95.0
2025-10-25 08:10:00,95.30000000000001
2025-10-25 08:12:30,94.9
2025-10-25 08:15:00,95.0
2025-10-25 08:17:30,94.6
2025-10-25 08:20:00,95.0
2025-10-25 08:22:30,95.1
2025-10-25 08:25:00,95.2
2025-10-25 08:27:30,95.0
2025-10-25 08:30:00,94.6
2025-10-25 08:32:30,95.0
2025-10-25 08:35:00,95.0
2025-10-25 08:37:30,95.2
2025-10-25 08:40:00,95.0
2025-10-25 08:42:30,94.9
2025-10-25 08:45:00,95.2
2025-10-25 08:47:30,94.6
2025-10-25 08:50:00,95.0
2025-10-25 08:52:30,94.9
2025-10-25 08:55:00,95.0
2025-10-25 08:57:30,94.5
2025-10-25 09:00:00,95.0
2025-10-25 09:02:30,94.6
2025-10-25 09:05:00,95.1
2025-10-25 09:07:30,94.6
2025-10-25 09:10:00,94.6
2025-10-25 09:12:30,95.0
2025-10-25 09:15:00,94.9
2025-10-25 09:17:30,95.0
2025-10-25 09:20:00,94.9
2025-10-25 09:22:30,95.0
2025-10-25 09:25:00,94.6
2025-10-25 09:27:30,94.9
2025-10-25 09:30:00,94.3
2025-10-25 09:32:30,94.6
2025-10-25 09:35:00,95.0
2025-10-25 09:37:30,94.6
2025-10-25 09:40:00,94.6
2025-10-25 09:42:30,94.6
2025-10-25 09:45:00,94.9
2025-10-25 09:47:30,94.9
2025-10-25 09:50:00,95.0
2025-10-25 09:52:30,95.0
2025-10-25 09:55:00,94.6
2025-10-25 09:57:30,94.5
2025-10-25 10:00:00,94.4
2025-10-25 10:02:30,94.9
2025-10-25 10:05:00,94.9
2025-10-25 10:07:30,94.2
2025-10-25 10:10:00,94.6
2025-10-25 10:12:30,94.55
2025-10-25 10:15:00,94.6
2025-10-25 10:17:30,94.3
2025-10-25 10:20:00,94.3
2025-10-25 10:22:30,94.4
2025-10-25 10:25:00,94.6
2025-10-25 10:27:30,95.0
2025-10-25 10:30:00,94.6
2025-10-25 10:32:30,94.4
2025-10-25 10:35:00,94.4
2025-10-25 10:37:30,94.2
2025-10-25 10:40:00,94.2
2025-10-25 10:42:30,94.3
2025-10-25 10:45:00,94.2
2025-10-25 10:47:30,93.9
2025-10-25 10:50:00,94.0
2025-10-25 10:52:30,94.0
2025-10-25 10:55:00,94.4
2025-10-25 10:57:30,94.3
2025-10-25 11:00:00,94.2
2025-10-25 11:02:30,94.2
2025-10-25 11:05:00,94.2
2025-10-25 11:07:30,94.2
2025-10-25 11:10:00,94.2
2025-10-25 11:12:30,94.2
2025-10-25 11:15:00,94.2
2025-10-25 11:17:30,94.2
2025-10-25 11:20:00,94.1
2025-10-25 11:22:30,94.2
2025-10-25 11:25:00,94.2
2025-10-25 11:27:30,94.2
2025-10-25 11:30:00,94.2
2025-10-25 11:32:30,94.2
2025-10-25 11:35:00,94.2
2025-10-25 11:37:30,94.2
2025-10-25 11:40:00,94.2
2025-10-25 11:42:30,94.2
2025-10-25 11:45:00,94.2
2025-10-25 11:47:30,94.4
2025-10-25 11:50:00,94.4
2025-10-25 11:52:30,94.2
2025-10-25 11:55:00,94.6
2025-10-25 11:57:30,94.5
2025-10-25 12:00:00,94.5
2025-10-25 12:02:30,94.6
2025-10-25 12:05:00,94.4
2025-10-25 12:07:30,94.6
2025-10-25 12:10:00,94.6
2025-10-25 12:12:30,94.5
2025-10-25 12:15:00,94.9
2025-10-25 12:17:30,94.6
2025-10-25 12:20:00,94.9
2025-10-25 12:22:30,95.0
2025-10-25 12:25:00,95.2
2025-10-25 12:27:30,94.9
2025-10-25 12:30:00,94.9
2025-10-25 12:32:30,95.0
2025-10-25 12:35:00,95.2
2025-10-25 12:37:30,95.0
2025-10-25 12:40:00,94.6
2025-10-25 12:42:30,95.0
2025-10-25 12:45:00,94.4
2025-10-25 12:47:30,94.5
2025-10-25 12:50:00,95.1
2025-10-25 12:52:30,94.2
2025-10-25 12:55:00,94.1
2025-10-25 12:57:30,95.0
2025-10-25 13:00:00,95.5
2025-10-25 13:02:30,95.1
2025-10-25 13:05:00,95.5
2025-10-25 13:07:30,95.2
2025-10-25 13:10:00,95.2
2025-10-25 13:12:30,95.2
2025-10-25 13:15:00,95.4
2025-10-25 13:17:30,95.5
2025-10-25 13:20:00,95.4
2025-10-25 13:22:30,95.4
2025-10-25 13:25:00,95.5
2025-10-25 13:27:30,95.5
2025-10-25 13:30:00,95.5
2025-10-25 13:32:30,95.5
2025-10-25 13:35:00,95.5
2025-10-25 13:37:30,95.4
2025-10-25 13:40:00,95.5
2025-10-25 13:42:30,95.5
2025-10-25 13:45:00,95.5
2025-10-25 13:47:30,95.4
2025-10-25 13:50:00,95.7
2025-10-25 13:52:30,95.4
2025-10-25 13:55:00,95.7
2025-10-25 13:57:30,95.4
2025-10-25 14:00:00,95.8
2025-10-25 14:02:30,95.4
2025-10-25 14:05:00,95.8
2025-10-25 14:07:30,95.5
2025-10-25 14:10:00,95.9
2025-10-25 14:12:30,95.5
2025-10-25 14:15:00,95.6
2025-10-25 14:17:30,95.4
2025-10-25 14:20:00,95.6
2025-10-25 14:22:30,95.5
2025-10-25 14:25:00,95.0
2025-10-25 14:27:30,95.4
2025-10-25 14:30:00,95.2
2025-10-25 14:32:30,95.5
2025-10-25 14:35:00,95.4
2025-10-25 14:37:30,95.4
2025-10-25 14:40:00,95.4
2025-10-25 14:42:30,95.3
2025-10-25 14:45:00,95.3
2025-10-25 14:47:30,95.2
2025-10-25 14:50:00,95.2
2025-10-25 14:52:30,95.2
2025-10-25 14:55:00,95.2
2025-10-25 14:57:30,95.2
2025-10-25 15:00:00,95.2
2025-10-25 15:02:30,95.2
2025-10-25 15:05:00,95.3
2025-10-25 15:07:30,95.3
2025-10-25 15:10:00,95.1
2025-10-25 15:12:30,95.3
2025-10-25 15:15:00,95.5
2025-10-25 15:17:30,95.5
2025-10-25 15:20:00,95.2
2025-10-25 15:22:30,94.9
2025-10-25 15:25:00,95.4
2025-10-25 15:27:30,95.2
2025-10-25 15:30:00,95.25
2025-10-25 15:32:30,95.4
2025-10-25 15:35:00,95.2
2025-10-25 15:37:30,95.2
2025-10-25 15:40:00,95.4
2025-10-25 15:42:30,95.3
2025-10-25 15:45:00,95.3
2025-10-25 15:47:30,95.2
2025-10-25 15:50:00,95.2
2025-10-25 15:52:30,95.2
2025-10-25 15:55:00,95.2
2025-10-25 15:57:30,95.2
2025-10-25 16:00:00,95.2
2025-10-25 16:02:30,95.2
2025-10-25 16:05:00,95.2
2025-10-25 16:07:30,95.3
2025-10-25 16:10:00,95.0
2025-10-25 16:12:30,95.3
2025-10-25 16:15:00,95.3
2025-10-25 16:17:30,95.0
2025-10-25 16:20:00,94.9
2025-10-25 16:22:30,95.3
2025-10-25 16:25:00,95.0
2025-10-25 16:27:30,95.1
2025-10-25 16:30:00,95.0
2025-10-25 16:32:30,95.2
2025-10-25 16:35:00,95.0
2025-10-25 16:37:30,95.1
2025-10-25 16:40:00,95.2
2025-10-25 16:42:30,95.1
2025-10-25 16:45:00,95.2
2025-10-25 16:47:30,95.2
2025-10-25 16:50:00,95.0
2025-10-25 16:52:30,94.94999999999999
2025-10-25 16:55:00,95.2
2025-10-25 16:57:30,94.9
2025-10-25 17:00:00,94.6
2025-10-25 17:02:30,94.9
2025-10-25 17:05:00,95.0
2025-10-25 17:07:30,95.0
2025-10-25 17:10:00,95.2
2025-10-25 17:12:30,95.05
2025-10-25 17:15:00,95.15
2025-10-25 17:17:30,95.1
2025-10-25 17:20:00,95.1
2025-10-25 17:22:30,95.3
2025-10-25 17:25:00,95.1
2025-10-25 17:27:30,95.0
2025-10-25 17:30:00,94.8
2025-10-25 17:32:30,95.0
2025-10-25 17:35:00,95.0
2025-10-25 17:37:30,95.0
2025-10-25 17:40:00,95.2
2025-10-25 17:42:30,95.0
2025-10-25 17:45:00,95.0
2025-10-25 17:47:30,95.1
2025-10-25 17:50:00,95.1
2025-10-25 17:52:30,95.0
2025-10-25 17:55:00,95.3
2025-10-25 17:57:30,95.1
2025-10-25 18:00:00,95.1
2025-10-25 18:02:30,94.9
2025-10-25 18:05:00,95.1
2025-10-25 18:07:30,95.2
2025-10-25 18:10:00,94.9
2025-10-25 18:12:30,95.0
2025-10-25 18:15:00,94.6
2025-10-25 18:17:30,95.0
2025-10-25 18:20:00,95.1
2025-10-25 18:22:30,95.2
2025-10-25 18:25:00,95.2
2025-10-25 18:27:30,95.0
2025-10-25 18:30:00,94.6
2025-10-25 18:32:30,94.6
2025-10-25 18:35:00,95.0
2025-10-25 18:37:30,95.2
2025-10-25 18:40:00,95.0
2025-10-25 18:42:30,95.2
2025-10-25 18:45:00,95.0
2025-10-25 18:47:30,94.6
2025-10-25 18:50:00,95.0
2025-10-25 18:52:30,95.0
2025-10-25 18:55:00,95.1
2025-10-25 18:57:30,95.1
2025-10-25 19:00:00,95.2
2025-10-25 19:02:30,95.0
2025-10-25 19:05:00,95.1
2025-10-25 19:07:30,95.1
2025-10-25 19:10:00,95.2
2025-10-25 19:12:30,95.0
2025-10-25 19:15:00,95.2
2025-10-25 19:17:30,95.0
2025-10-25 19:20:00,95.0
2025-10-25 19:22:30,95.0
2025-10-25 19:25:00,95.1
2025-10-25 19:27:30,95.1
2025-10-25 19:30:00,95.0
2025-10-25 19:32:30,94.9
2025-10-25 19:35:00,95.1
2025-10-25 19:37:30,95.0
2025-10-25 19:40:00,95.0
2025-10-25 19:42:30,95.0
2025-10-25 19:45:00,95.0
2025-10-25 19:47:30,95.0
2025-10-25 19:50:00,95.0
2025-10-25 19:52:30,95.0
2025-10-25 19:55:00,95.0
2025-10-25 19:57:30,95.0
2025-10-25 20:00:00,95.0
2025-10-25 20:02:30,95.0
2025-10-25 20:05:00,95.0
2025-10-25 20:07:30,95.0
2025-10-25 20:10:00,95.0
2025-10-25 20:12:30,95.0
2025-10-25 20:15:00,95.0
2025-10-25 20:17:30,95.0
2025-10-25 20:20:00,95.0
2025-10-25 20:22:30,94.9
2025-10-25 20:25:00,95.0
2025-10-25 20:27:30,95.0
2025-10-25 20:30:00,95.0
2025-10-25 20:32:30,94.6
2025-10-25 20:35:00,94.9
2025-10-25 20:37:30,95.0
2025-10-25 20:40:00,95.0
2025-10-25 20:42:30,95.0
2025-10-25 20:45:00,95.0
2025-10-25 20:47:30,95.0
2025-10-25 20:50:00,95.0
2025-10-25 20:52:30,95.0
2025-10-25 20:55:00,95.0
2025-10-25 20:57:30,95.0
2025-10-25 21:00:00,95.0
2025-10-25 21:02:30,95.0
2025-10-25 21:05:00,95.0
2025-10-25 21:07:30,95.0
2025-10-25 21:10:00,94.9
2025-10-25 21:12:30,94.9
2025-10-25 21:15:00,94.6
2025-10-25 21:17:30,95.0
2025-10-25 21:20:00,95.1
2025-10-25 21:22:30,95.0
2025-10-25 21:25:00,95.0
2025-10-25 21:27:30,94.9
2025-10-25 21:30:00,95.0
2025-10-25 21:32:30,95.0
2025-10-25 21:35:00,95.0
2025-10-25 21:37:30,95.0
2025-10-25 21:40:00,95.0
2025-10-25 21:42:30,95.0
2025-10-25 21:45:00,95.0
2025-10-25 21:47:30,95.0
2025-10-25 21:50:00,95.0
2025-10-25 21:52:30,95.0
2025-10-25 21:55:00,95.0
2025-10-25 21:57:30,95.0
2025-10-25 22:00:00,94.9
2025-10-25 22:02:30,95.2
2025-10-25 22:05:00,94.9
2025-10-25 22:07:30,94.6
2025-10-25 22:10:00,94.9
2025-10-25 22:12:30,94.9
2025-10-25 22:15:00,95.0
2025-10-25 22:17:30,95.0
2025-10-25 22:20:00,94.9
2025-10-25 22:22:30,94.9
2025-10-25 22:25:00,94.9
2025-10-25 22:27:30,95.0
2025-10-25 22:30:00,95.0
2025-10-25 22:32:30,95.0
2025-10-25 22:35:00,94.6
2025-10-25 22:37:30,94.6
2025-10-25 22:40:00,94.9
2025-10-25 22:42:30,95.0
2025-10-25 22:45:00,94.9
2025-10-25 22:47:30,95.0
2025-10-25 22:50:00,94.9
2025-10-25 22:52:30,94.9
2025-10-25 22:55:00,95.0
2025-10-25 22:57:30,94.9
2025-10-25 23:00:00,94.9
2025-10-25 23:02:30,94.6
2025-10-25 23:05:00,94.6
2025-10-25 23:07:30,94.6
2025-10-25 23:10:00,94.6
2025-10-25 23:12:30,94.6
2025-10-25 23:15:00,94.6
2025-10-25 23:17:30,94.6
2025-10-25 23:20:00,94.6
2025-10-25 23:22:30,94.6
2025-10-25 23:25:00,94.6
2025-10-25 23:27:30,95.0
2025-10-25 23:30:00,95.0
2025-10-25 23:32:30,94.9
2025-10-25 23:35:00,95.0
2025-10-25 23:37:30,94.6
2025-10-25 23:40:00,94.4
2025-10-25 23:42:30,94.9
2025-10-25 23:45:00,94.55000000000001
2025-10-25 23:47:30,94.6
2025-10-25 23:50:00,95.0
2025-10-25 23:52:30,94.9
2025-10-25 23:55:00,94.9
2025-10-25 23:57:30,94.6
2025-10-26 00:00:00,94.2
2025-10-26 00:02:30,93.7
2025-10-26 00:05:00,94.05000000000001
2025-10-26 00:07:30,93.7
2025-10-26 00:10:00,94.6
2025-10-26 00:12:30,94.4
2025-10-26 00:15:00,94.9
2025-10-26 00:17:30,94.35
2025-10-26 00:20:00,94.1
2025-10-26 00:22:30,94.6
2025-10-26 00:25:00,94.9
2025-10-26 00:27:30,94.9
2025-10-26 00:30:00,94.6
2025-10-26 00:32:30,94.6
2025-10-26 00:35:00,94.6
2025-10-26 00:37:30,94.9
2025-10-26 00:40:00,94.6
2025-10-26 00:42:30,94.6
2025-10-26 00:45:00,94.4
2025-10-26 00:47:30,94.2
2025-10-26 00:50:00,94.9
2025-10-26 00:52:30,95.0
2025-10-26 00:55:00,94.3
2025-10-26 00:57:30,94.6
2025-10-26 01:00:00,94.45
2025-10-26 01:02:30,94.6
2025-10-26 01:05:00,94.6
2025-10-26 01:07:30,94.6
2025-10-26 01:10:00,94.6
2025-10-26 01:12:30,94.6
2025-10-26 01:15:00,94.6
2025-10-26 01:17:30,94.6
2025-10-26 01:20:00,94.6
2025-10-26 01:22:30,94.6
2025-10-26 01:25:00,94.6
2025-10-26 01:27:30,94.6
2025-10-26 01:30:00,94.6
2025-10-26 01:32:30,94.6
2025-10-26 01:35:00,94.6
2025-10-26 01:37:30,94.6
2025-10-26 01:40:00,94.6
2025-10-26 01:42:30,94.6
2025-10-26 01:45:00,94.6
2025-10-26 01:47:30,94.6
2025-10-26 01:50:00,94.6
2025-10-26 01:52:30,94.6
2025-10-26 01:55:00,94.6
2025-10-26 01:57:30,94.6
2025-10-26 02:00:00,94.6
2025-10-26 02:02:30,94.6
2025-10-26 02:05:00,94.6
2025-10-26 02:07:30,94.6
2025-10-26 02:10:00,94.6
2025-10-26 02:12:30,94.6
2025-10-26 02:15:00,94.6
2025-10-26 02:17:30,94.6
2025-10-26 02:20:00,94.6
2025-10-26 02:22:30,94.6
2025-10-26 02:25:00,94.6
2025-10-26 02:27:30,94.6
2025-10-26 02:30:00,94.5
2025-10-26 02:32:30,94.5
2025-10-26 02:35:00,94.5
2025-10-26 02:37:30,94.6
2025-10-26 02:40:00,94.5
2025-10-26 02:42:30,94.2
2025-10-26 02:45:00,94.5
2025-10-26 02:47:30,94.5
2025-10-26 02:50:00,94.6
2025-10-26 02:52:30,94.4
2025-10-26 02:55:00,94.3
2025-10-26 02:57:30,94.4
2025-10-26 03:00:00,94.6
2025-10-26 03:02:30,94.4
2025-10-26 03:05:00,94.4
2025-10-26 03:07:30,94.55000000000001
2025-10-26 03:10:00,94.5
2025-10-26 03:12:30,94.6
2025-10-26 03:15:00,94.2
2025-10-26 03:17:30,94.2
2025-10-26 03:20:00,94.2
2025-10-26 03:22:30,94.4
2025-10-26 03:25:00,94.5
2025-10-26 03:27:30,94.3
2025-10-26 03:30:00,94.4
2025-10-26 03:32:30,94.4
2025-10-26 03:35:00,94.3
2025-10-26 03:37:30,94.3
2025-10-26 03:40:00,94.4
2025-10-26 03:42:30,94.3
2025-10-26 03:45:00,94.3
2025-10-26 03:47:30,94.1
2025-10-26 03:50:00,94.5
2025-10-26 03:52:30,94.3
2025-10-26 03:55:00,94.2
2025-10-26 03:57:30,94.6
2025-10-26 04:00:00,94.4
2025-10-26 04:02:30,94.4
2025-10-26 04:05:00,94.5
2025-10-26 04:07:30,94.2
2025-10-26 04:10:00,94.4
2025-10-26 04:12:30,93.7
2025-10-26 04:15:00,94.2
2025-10-26 04:17:30,94.0
2025-10-26 04:20:00,93.7
2025-10-26 04:22:30,93.0
2025-10-26 04:25:00,93.35
2025-10-26 04:27:30,94.2
2025-10-26 04:30:00,94.3
2025-10-26 04:32:30,94.3
2025-10-26 04:35:00,94.2
2025-10-26 04:37:30,94.2
2025-10-26 04:40:00,94.3
2025-10-26 04:42:30,94.3
2025-10-26 04:45:00,94.4
2025-10-26 04:47:30,94.3
2025-10-26 04:50:00,94.5
2025-10-26 04:52:30,94.25
2025-10-26 04:55:00,94.3
2025-10-26 04:57:30,94.2
2025-10-26 05:00:00,94.4
2025-10-26 05:02:30,94.2
2025-10-26 05:05:00,94.1
2025-10-26 05:07:30,94.2
2025-10-26 05:10:00,94.4
2025-10-26 05:12:30,94.4
2025-10-26 05:15:00,94.4
2025-10-26 05:17:30,94.4
2025-10-26 05:20:00,94.4
2025-10-26 05:22:30,94.4
2025-10-26 05:25:00,94.35
2025-10-26 05:27:30,94.25
2025-10-26 05:30:00,94.2
2025-10-26 05:32:30,94.25
2025-10-26 05:35:00,94.2
2025-10-26 05:37:30,94.2
2025-10-26 05:40:00,94.2
2025-10-26 05:42:30,94.2
2025-10-26 05:45:00,94.2
2025-10-26 05:47:30,94.2
2025-10-26 05:50:00,94.2
2025-10-26 05:52:30,94.4
2025-10-26 05:55:00,94.4
2025-10-26 05:57:30,94.2
2025-10-26 06:00:00,94.4
2025-10-26 06:02:30,94.4
2025-10-26 06:05:00,94.5
2025-10-26 06:07:30,94.3
2025-10-26 06:10:00,93.9
2025-10-26 06:12:30,94.2
2025-10-26 06:15:00,94.4
2025-10-26 06:17:30,94.6
2025-10-26 06:20:00,94.2
2025-10-26 06:22:30,94.2
2025-10-26 06:25:00,94.3
2025-10-26 06:27:30,94.4
2025-10-26 06:30:00,93.8
2025-10-26 06:32:30,94.2
2025-10-26 06:35:00,94.4
2025-10-26 06:37:30,94.4
2025-10-26 06:40:00,94.2
2025-10-26 06:42:30,94.2
2025-10-26 06:45:00,94.4
2025-10-26 06:47:30,94.2
2025-10-26 06:50:00,94.3
2025-10-26 06:52:30,94.4
2025-10-26 06:55:00,94.4
2025-10-26 06:57:30,94.6
2025-10-26 07:00:00,94.3
2025-10-26 07:02:30,94.2
2025-10-26 07:05:00,93.9
2025-10-26 07:07:30,94.2
2025-10-26 07:10:00,94.2
2025-10-26 07:12:30,94.2
2025-10-26 07:15:00,94.2
2025-10-26 07:17:30,94.2
2025-10-26 07:20:00,94.2
2025-10-26 07:22:30,94.3
2025-10-26 07:25:00,94.2
2025-10-26 07:27:30,94.4
2025-10-26 07:30:00,94.2
2025-10-26 07:32:30,94.1
2025-10-26 07:35:00,94.4
2025-10-26 07:37:30,94.2
2025-10-26 07:40:00,94.1
2025-10-26 07:42:30,94.2
2025-10-26 07:45:00,94.2
2025-10-26 07:47:30,94.2
2025-10-26 07:50:00,94.2
2025-10-26 07:52:30,94.2
2025-10-26 07:55:00,94.2
2025-10-26 07:57:30,94.2
2025-10-26 08:00:00,94.2
2025-10-26 08:02:30,94.2
2025-10-26 08:05:00,94.2
2025-10-26 08:07:30,94.2
2025-10-26 08:10:00,94.2
2025-10-26 08:12:30,94.2
2025-10-26 08:15:00,94.2
2025-10-26 08:17:30,94.2
2025-10-26 08:20:00,94.2
2025-10-26 08:22:30,94.2
2025-10-26 08:25:00,94.2
2025-10-26 08:27:30,94.2
2025-10-26 08:30:00,94.2
2025-10-26 08:32:30,94.2
2025-10-26 08:35:00,94.2
2025-10-26 08:37:30,94.2
2025-10-26 08:40:00,94.2
2025-10-26 08:42:30,94.2
2025-10-26 08:45:00,94.2
2025-10-26 08:47:30,94.2
2025-10-26 08:50:00,93.8
2025-10-26 08:52:30,94.30000000000001
2025-10-26 08:55:00,94.5
2025-10-26 08:57:30,94.3
2025-10-26 09:00:00,94.1
2025-10-26 09:02:30,94.35
2025-10-26 09:05:00,94.2
2025-10-26 09:07:30,94.15
2025-10-26 09:10:00,94.0
2025-10-26 09:12:30,94.2
2025-10-26 09:15:00,93.5
2025-10-26 09:17:30,93.9
2025-10-26 09:20:00,93.7
2025-10-26 09:22:30,93.9
2025-10-26 09:25:00,93.7
2025-10-26 09:27:30,93.9
2025-10-26 09:30:00,93.9
2025-10-26 09:32:30,93.7
2025-10-26 09:35:00,93.8
2025-10-26 09:37:30,93.7
2025-10-26 09:40:00,93.7
2025-10-26 09:42:30,93.7
2025-10-26 09:45:00,93.7
2025-10-26 09:47:30,93.8
2025-10-26 09:50:00,93.7
2025-10-26 09:52:30,93.5
2025-10-26 09:55:00,93.6
2025-10-26 09:57:30,93.2
2025-10-26 10:00:00,93.1
2025-10-26 10:02:30,93.5
2025-10-26 10:05:00,93.6
2025-10-26 10:07:30,93.5
2025-10-26 10:10:00,93.6
2025-10-26 10:12:30,93.5
2025-10-26 10:15:00,93.5
2025-10-26 10:17:30,93.6
2025-10-26 10:20:00,93.35
2025-10-26 10:22:30,93.9
2025-10-26 10:25:00,94.1
2025-10-26 10:27:30,93.7
2025-10-26 10:30:00,93.9
2025-10-26 10:32:30,93.8
2025-10-26 10:35:00,93.7
2025-10-26 10:37:30,93.6
2025-10-26 10:40:00,93.9
2025-10-26 10:42:30,93.6
2025-10-26 10:45:00,94.0
2025-10-26 10:47:30,93.9
2025-10-26 10:50:00,93.7
2025-10-26 10:52:30,93.9
2025-10-26 10:55:00,94.0
2025-10-26 10:57:30,93.6
2025-10-26 11:00:00,93.5
2025-10-26 11:02:30,93.6
2025-10-26 11:05:00,93.6
2025-10-26 11:07:30,93.6
2025-10-26 11:10:00,93.6
2025-10-26 11:12:30,93.6
2025-10-26 11:15:00,93.7
2025-10-26 11:17:30,93.3
2025-10-26 11:20:00,93.6
2025-10-26 11:22:30,93.4
2025-10-26 11:25:00,93.3
2025-10-26 11:27:30,93.1
2025-10-26 11:30:00,93.3
2025-10-26 11:32:30,93.1
2025-10-26 11:35:00,93.1
2025-10-26 11:37:30,92.9
2025-10-26 11:40:00,92.9
2025-10-26 11:42:30,92.8
2025-10-26 11:45:00,92.8
2025-10-26 11:47:30,92.8
2025-10-26 11:50:00,92.7
2025-10-26 11:52:30,92.7
2025-10-26 11:55:00,92.7
2025-10-26 11:57:30,92.6
2025-10-26 12:00:00,92.6
2025-10-26 12:02:30,92.4
2025-10-26 12:05:00,92.4
2025-10-26 12:07:30,92.6
2025-10-26 12:10:00,92.6
2025-10-26 12:12:30,92.2
2025-10-26 12:15:00,92.44999999999999
2025-10-26 12:17:30,92.05
2025-10-26 12:20:00,92.2
2025-10-26 12:22:30,92.0
2025-10-26 12:25:00,91.8
2025-10-26 12:27:30,91.7
2025-10-26 12:30:00,91.9
2025-10-26 12:32:30,91.8
2025-10-26 12:35:00,91.8
2025-10-26 12:37:30,92.0
2025-10-26 12:40:00,91.5
2025-10-26 12:42:30,91.6
2025-10-26 12:45:00,91.6
2025-10-26 12:47:30,91.5
2025-10-26 12:50:00,91.9
2025-10-26 12:52:30,91.5
2025-10-26 12:55:00,91.6
2025-10-26 12:57:30,91.5
2025-10-26 13:00:00,91.5
2025-10-26 13:02:30,91.5
2025-10-26 13:05:00,91.5
2025-10-26 13:07:30,91.5
2025-10-26 13:10:00,91.5
2025-10-26 13:12:30,91.5
2025-10-26 13:15:00,91.5
2025-10-26 13:17:30,91.5
2025-10-26 13:20:00,91.3
2025-10-26 13:22:30,91.7
2025-10-26 13:25:00,91.3
2025-10-26 13:27:30,91.1
2025-10-26 13:30:00,90.7
2025-10-26 13:32:30,91.3
2025-10-26 13:35:00,90.7
2025-10-26 13:37:30,90.7
2025-10-26 13:40:00,91.1
2025-10-26 13:42:30,90.7
2025-10-26 13:45:00,91.2
2025-10-26 13:47:30,91.2
2025-10-26 13:50:00,90.7
2025-10-26 13:52:30,90.5
2025-10-26 13:55:00,90.6
2025-10-26 13:57:30,90.7
2025-10-26 14:00:00,90.5
2025-10-26 14:02:30,90.6
2025-10-26 14:05:00,90.7
2025-10-26 14:07:30,90.5
2025-10-26 14:10:00,90.5
2025-10-26 14:12:30,90.3
2025-10-26 14:15:00,90.5
2025-10-26 14:17:30,90.3
2025-10-26 14:20:00,90.3
2025-10-26 14:22:30,90.3
2025-10-26 14:25:00,90.4
2025-10-26 14:27:30,90.3
2025-10-26 14:30:00,89.8
2025-10-26 14:32:30,90.1
2025-10-26 14:35:00,90.5
2025-10-26 14:37:30,90.4
2025-10-26 14:40:00,90.2
2025-10-26 14:42:30,90.2
2025-10-26 14:45:00,90.5
2025-10-26 14:47:30,90.5
2025-10-26 14:50:00,90.3
2025-10-26 14:52:30,90.2
2025-10-26 14:55:00,90.2
2025-10-26 14:57:30,90.2
2025-10-26 15:00:00,90.2
2025-10-26 15:02:30,90.2
2025-10-26 15:05:00,90.2
2025-10-26 15:07:30,90.2
2025-10-26 15:10:00,90.2
2025-10-26 15:12:30,90.2
2025-10-26 15:15:00,90.2
2025-10-26 15:17:30,90.2
2025-10-26 15:20:00,90.2
2025-10-26 15:22:30,90.1
2025-10-26 15:25:00,90.2
2025-10-26 15:27:30,90.2
2025-10-26 15:30:00,90.3
2025-10-26 15:32:30,90.2
2025-10-26 15:35:00,89.8
2025-10-26 15:37:30,90.1
2025-10-26 15:40:00,90.1
2025-10-26 15:42:30,90.1
2025-10-26 15:45:00,90.2
2025-10-26 15:47:30,90.3
2025-10-26 15:50:00,90.1
2025-10-26 15:52:30,90.3
2025-10-26 15:55:00,90.0
2025-10-26 15:57:30,90.2
2025-10-26 16:00:00,90.0
2025-10-26 16:02:30,90.2
2025-10-26 16:05:00,90.2
2025-10-26 16:07:30,90.2
2025-10-26 16:10:00,89.8
2025-10-26 16:12:30,90.2
2025-10-26 16:15:00,90.1
2025-10-26 16:17:30,90.1
2025-10-26 16:20:00,90.1
2025-10-26 16:22:30,90.2
2025-10-26 16:25:00,90.4
2025-10-26 16:27:30,90.3
2025-10-26 16:30:00,90.2
2025-10-26 16:32:30,90.2
2025-10-26 16:35:00,90.2
2025-10-26 16:37:30,90.2
2025-10-26 16:40:00,90.0
2025-10-26 16:42:30,89.8
2025-10-26 16:45:00,90.3
2025-10-26 16:47:30,90.2
2025-10-26 16:50:00,90.2
2025-10-26 16:52:30,90.2
2025-10-26 16:55:00,90.2
2025-10-26 16:57:30,90.2
2025-10-26 17:00:00,90.2
2025-10-26 17:02:30,90.2
2025-10-26 17:05:00,90.2
2025-10-26 17:07:30,90.2
2025-10-26 17:10:00,90.2
2025-10-26 17:12:30,90.3
2025-10-26 17:15:00,90.0
2025-10-26 17:17:30,90.3
2025-10-26 17:20:00,89.9
2025-10-26 17:22:30,90.25
2025-10-26 17:25:00,90.45
2025-10-26 17:27:30,89.7
2025-10-26 17:30:00,89.9
2025-10-26 17:32:30,90.2
2025-10-26 17:35:00,90.0
2025-10-26 17:37:30,90.2
2025-10-26 17:40:00,90.0
2025-10-26 17:42:30,90.0
2025-10-26 17:45:00,90.2
2025-10-26 17:47:30,90.2
2025-10-26 17:50:00,90.4
2025-10-26 17:52:30,90.1
2025-10-26 17:55:00,90.2
2025-10-26 17:57:30,90.3
2025-10-26 18:00:00,90.0
2025-10-26 18:02:30,90.0
2025-10-26 18:05:00,90.1
2025-10-26 18:07:30,90.2
2025-10-26 18:10:00,89.3
2025-10-26 18:12:30,90.1
2025-10-26 18:15:00,89.1
2025-10-26 18:17:30,90.2
2025-10-26 18:20:00,89.8
2025-10-26 18:22:30,89.8
2025-10-26 18:25:00,89.8
2025-10-26 18:27:30,89.8
2025-10-26 18:30:00,90.3
2025-10-26 18:32:30,90.2
2025-10-26 18:35:00,89.8
2025-10-26 18:37:30,90.0
2025-10-26 18:40:00,90.2
2025-10-26 18:42:30,90.3
2025-10-26 18:45:00,90.0
2025-10-26 18:47:30,90.2
2025-10-26 18:50:00,90.2
2025-10-26 18:52:30,90.0
2025-10-26 18:55:00,90.1
2025-10-26 18:57:30,90.2
2025-10-26 19:00:00,90.3
2025-10-26 19:02:30,90.2
2025-10-26 19:05:00,90.1
2025-10-26 19:07:30,90.0
2025-10-26 19:10:00,90.2
2025-10-26 19:12:30,89.8
2025-10-26 19:15:00,90.3
2025-10-26 19:17:30,90.3
2025-10-26 19:20:00,90.5
2025-10-26 19:22:30,90.2
2025-10-26 19:25:00,90.3
2025-10-26 19:27:30,90.1
2025-10-26 19:30:00,90.3
2025-10-26 19:32:30,90.2
2025-10-26 19:35:00,90.2
2025-10-26 19:37:30,90.25
2025-10-26 19:40:00,90.25
2025-10-26 19:42:30,90.3
2025-10-26 19:45:00,90.2
2025-10-26 19:47:30,90.2
2025-10-26 19:50:00,90.1
2025-10-26 19:52:30,90.1
2025-10-26 19:55:00,90.1
2025-10-26 19:57:30,90.3
2025-10-26 20:00:00,90.2
2025-10-26 20:02:30,90.2
2025-10-26 20:05:00,90.2
2025-10-26 20:07:30,90.2
2025-10-26 20:10:00,90.0
2025-10-26 20:12:30,90.1
2025-10-26 20:15:00,90.0
2025-10-26 20:17:30,90.1
2025-10-26 20:20:00,90.2
2025-10-26 20:22:30,90.15
2025-10-26 20:25:00,90.2
2025-10-26 20:27:30,90.3
2025-10-26 20:30:00,90.3
2025-10-26 20:32:30,90.2
2025-10-26 20:35:00,90.3
2025-10-26 20:37:30,90.0
2025-10-26 20:40:00,90.2
2025-10-26 20:42:30,90.1
2025-10-26 20:45:00,90.2
2025-10-26 20:47:30,90.2
2025-10-26 20:50:00,90.0
2025-10-26 20:52:30,90.1
2025-10-26 20:55:00,90.1
2025-10-26 20:57:30,90.15
2025-10-26 21:00:00,90.2
2025-10-26 21:02:30,90.1
2025-10-26 21:05:00,90.0
2025-10-26 21:07:30,90.1
2025-10-26 21:10:00,89.8
2025-10-26 21:12:30,90.1
2025-10-26 21:15:00,90.1
2025-10-26 21:17:30,90.1
2025-10-26 21:20:00,90.1
2025-10-26 21:22:30,90.2
2025-10-26 21:25:00,90.2
2025-10-26 21:27:30,90.0
2025-10-26 21:30:00,90.3
2025-10-26 21:32:30,90.2
2025-10-26 21:35:00,89.80000000000001
2025-10-26 21:37:30,90.2
2025-10-26 21:40:00,90.5
2025-10-26 21:42:30,90.0
2025-10-26 21:45:00,90.0
2025-10-26 21:47:30,90.2
2025-10-26 21:50:00,89.7
2025-10-26 21:52:30,90.1
2025-10-26 21:55:00,90.3
2025-10-26 21:57:30,90.1
2025-10-26 22:00:00,90.2
2025-10-26 22:02:30,90.1
2025-10-26 22:05:00,90.35
2025-10-26 22:07:30,90.0
2025-10-26 22:10:00,90.0
2025-10-26 22:12:30,89.7
2025-10-26 22:15:00,90.0
2025-10-26 22:17:30,90.0
2025-10-26 22:20:00,89.8
2025-10-26 22:22:30,89.8
2025-10-26 22:25:00,89.3
2025-10-26 22:27:30,89.8
2025-10-26 22:30:00,89.4
2025-10-26 22:32:30,89.2
2025-10-26 22:35:00,90.0
2025-10-26 22:37:30,89.7
2025-10-26 22:40:00,90.0
2025-10-26 22:42:30,90.0
2025-10-26 22:45:00,90.2
2025-10-26 22:47:30,90.1
2025-10-26 22:50:00,90.1
2025-10-26 22:52:30,90.1
2025-10-26 22:55:00,90.0
2025-10-26 22:57:30,90.0
2025-10-26 23:00:00,90.1
2025-10-26 23:02:30,90.0
2025-10-26 23:05:00,90.0
2025-10-26 23:07:30,90.0
2025-10-26 23:10:00,90.0
2025-10-26 23:12:30,90.1
2025-10-26 23:15:00,89.9
2025-10-26 23:17:30,90.0
2025-10-26 23:20:00,90.1
2025-10-26 23:22:30,90.1
2025-10-26 23:25:00,90.2
2025-10-26 23:27:30,90.0
2025-10-26 23:30:00,90.0
2025-10-26 23:32:30,90.1
2025-10-26 23:35:00,90.0
2025-10-26 23:37:30,90.0
2025-10-26 23:40:00,90.0
2025-10-26 23:42:30,89.95
2025-10-26 23:45:00,90.0
2025-10-26 23:47:30,89.9
2025-10-26 23:50:00,89.95
2025-10-26 23:52:30,90.0
2025-10-26 23:55:00,90.2
2025-10-26 23:57:30,90.0
2025-10-27 00:00:00,89.9
2025-10-27 00:02:30,89.7
2025-10-27 00:05:00,89.9
2025-10-27 00:07:30,89.9
2025-10-27 00:10:00,90.1
2025-10-27 00:12:30,89.9
2025-10-27 00:15:00,89.9
2025-10-27 00:17:30,89.9
2025-10-27 00:20:00,89.9
2025-10-27 00:22:30,90.0
2025-10-27 00:25:00,89.9
2025-10-27 00:27:30,89.9
2025-10-27 00:30:00,89.8
2025-10-27 00:32:30,89.4
2025-10-27 00:35:00,89.9
2025-10-27 00:37:30,89.8
2025-10-27 00:40:00,89.4
2025-10-27 00:42:30,89.7
2025-10-27 00:45:00,89.8
2025-10-27 00:47:30,89.8
2025-10-27 00:50:00,89.8
2025-10-27 00:52:30,89.6
2025-10-27 00:55:00,89.4
2025-10-27 00:57:30,89.7
2025-10-27 01:00:00,89.4
2025-10-27 01:02:30,89.4
2025-10-27 01:05:00,89.4
2025-10-27 01:07:30,89.4
2025-10-27 01:10:00,89.4
2025-10-27 01:12:30,89.4
2025-10-27 01:15:00,89.4
2025-10-27 01:17:30,89.4
2025-10-27 01:20:00,89.4
2025-10-27 01:22:30,89.4
2025-10-27 01:25:00,89.4
2025-10-27 01:27:30,89.4
2025-10-27 01:30:00,89.4
2025-10-27 01:32:30,88.9
2025-10-27 01:35:00,89.4
2025-10-27 01:37:30,89.4
2025-10-27 01:40:00,89.2
2025-10-27 01:42:30,89.4
2025-10-27 01:45:00,89.2
2025-10-27 01:47:30,89.4
2025-10-27 01:50:00,89.7
2025-10-27 01:52:30,89.4
2025-10-27 01:55:00,89.2
2025-10-27 01:57:30,88.9
2025-10-27 02:00:00,88.9
2025-10-27 02:02:30,89.2
2025-10-27 02:05:00,89.0
2025-10-27 02:07:30,88.9
2025-10-27 02:10:00,89.0
2025-10-27 02:12:30,89.2
2025-10-27 02:15:00,88.9
2025-10-27 02:17:30,89.0
2025-10-27 02:20:00,89.0
2025-10-27 02:22:30,89.0
2025-10-27 02:25:00,88.7
2025-10-27 02:27:30,88.9
2025-10-27 02:30:00,89.05000000000001
2025-10-27 02:32:30,89.0
2025-10-27 02:35:00,89.2
2025-10-27 02:37:30,89.0
2025-10-27 02:40:00,89.0
2025-10-27 02:42:30,88.7
2025-10-27 02:45:00,89.0
2025-10-27 02:47:30,88.9
2025-10-27 02:50:00,89.0
2025-10-27 02:52:30,88.9
2025-10-27 02:55:00,89.0
2025-10-27 02:57:30,88.9
2025-10-27 03:00:00,88.7
2025-10-27 03:02:30,88.8
2025-10-27 03:05:00,88.9
2025-10-27 03:07:30,89.0
2025-10-27 03:10:00,88.9
2025-10-27 03:12:30,88.9
2025-10-27 03:15:00,88.9
2025-10-27 03:17:30,88.9
2025-10-27 03:20:00,88.9
2025-10-27 03:22:30,88.9
2025-10-27 03:25:00,88.9
2025-10-27 03:27:30,88.9
2025-10-27 03:30:00,88.9
2025-10-27 03:32:30,88.9
2025-10-27 03:35:00,88.9
2025-10-27 03:37:30,88.9
2025-10-27 03:40:00,88.9
2025-10-27 03:42:30,88.9
2025-10-27 03:45:00,88.9
2025-10-27 03:47:30,88.6
2025-10-27 03:50:00,88.9
2025-10-27 03:52:30,88.8
2025-10-27 03:55:00,88.6
2025-10-27 03:57:30,89.2
2025-10-27 04:00:00,88.5
2025-10-27 04:02:30,88.1
2025-10-27 04:05:00,88.1
2025-10-27 04:07:30,88.7
2025-10-27 04:10:00,88.8
2025-10-27 04:12:30,88.3
2025-10-27 04:15:00,88.5
2025-10-27 04:17:30,88.4
2025-10-27 04:20:00,88.6
2025-10-27 04:22:30,88.5
2025-10-27 04:25:00,88.7
2025-10-27 04:27:30,88.4
2025-10-27 04:30:00,88.7
2025-10-27 04:32:30,88.5
2025-10-27 04:35:00,88.5
2025-10-27 04:37:30,88.5
2025-10-27 04:40:00,88.5
2025-10-27 04:42:30,88.5
2025-10-27 04:45:00,88.5
2025-10-27 04:47:30,88.5
2025-10-27 04:50:00,88.5
2025-10-27 04:52:30,88.5
2025-10-27 04:55:00,88.4
2025-10-27 04:57:30,88.0
2025-10-27 05:00:00,88.0
2025-10-27 05:02:30,88.0
2025-10-27 05:05:00,88.0
2025-10-27 05:07:30,88.0
2025-10-27 05:10:00,88.0
2025-10-27 05:12:30,88.0
2025-10-27 05:15:00,88.4
2025-10-27 05:17:30,87.7
2025-10-27 05:20:00,88.5
2025-10-27 05:22:30,88.1
2025-10-27 05:25:00,87.7
2025-10-27 05:27:30,87.9
2025-10-27 05:30:00,87.9
2025-10-27 05:32:30,87.8
2025-10-27 05:35:00,88.5
2025-10-27 05:37:30,87.9
2025-10-27 05:40:00,88.4
2025-10-27 05:42:30,88.1
2025-10-27 05:45:00,88.0
2025-10-27 05:47:30,88.4
2025-10-27 05:50:00,88.0
2025-10-27 05:52:30,88.0
2025-10-27 05:55:00,88.0
2025-10-27 05:57:30,88.0
2025-10-27 06:00:00,88.0
2025-10-27 06:02:30,88.0
2025-10-27 06:05:00,88.0
2025-10-27 06:07:30,87.9
2025-10-27 06:10:00,87.9
2025-10-27 06:12:30,87.9
2025-10-27 06:15:00,87.9
2025-10-27 06:17:30,87.9
2025-10-27 06:20:00,87.9
2025-10-27 06:22:30,87.9
2025-10-27 06:25:00,87.9
2025-10-27 06:27:30,87.9
2025-10-27 06:30:00,87.9
2025-10-27 06:32:30,87.9
2025-10-27 06:35:00,87.9
2025-10-27 06:37:30,87.9
2025-10-27 06:40:00,87.9
2025-10-27 06:42:30,87.9
2025-10-27 06:45:00,87.9
2025-10-27 06:47:30,87.9
2025-10-27 06:50:00,87.9
2025-10-27 06:52:30,87.9
2025-10-27 06:55:00,87.9
2025-10-27 06:57:30,87.9
2025-10-27 07:00:00,87.9
2025-10-27 07:02:30,88.0
2025-10-27 07:05:00,87.9
2025-10-27 07:07:30,88.0
2025-10-27 07:10:00,87.9
2025-10-27 07:12:30,87.9
2025-10-27 07:15:00,87.9
2025-10-27 07:17:30,87.9
2025-10-27 07:20:00,87.7
2025-10-27 07:22:30,87.9
2025-10-27 07:25:00,87.9
2025-10-27 07:27:30,87.8
2025-10-27 07:30:00,87.7
2025-10-27 07:32:30,87.9
2025-10-27 07:35:00,87.8
2025-10-27 07:37:30,87.9
2025-10-27 07:40:00,87.9
2025-10-27 07:42:30,87.7
2025-10-27 07:45:00,88.0
2025-10-27 07:47:30,88.4
2025-10-27 07:50:00,87.9
2025-10-27 07:52:30,87.7
2025-10-27 07:55:00,87.2
2025-10-27 07:57:30,87.5
2025-10-27 08:00:00,87.9
2025-10-27 08:02:30,87.4
2025-10-27 08:05:00,87.75
2025-10-27 08:07:30,87.9
2025-10-27 08:10:00,87.7
2025-10-27 08:12:30,88.0
2025-10-27 08:15:00,88.0
2025-10-27 08:17:30,87.4
2025-10-27 08:20:00,87.9
2025-10-27 08:22:30,87.9
2025-10-27 08:25:00,87.7
2025-10-27 08:27:30,87.8
2025-10-27 08:30:00,87.8
2025-10-27 08:32:30,87.7
2025-10-27 08:35:00,87.65
2025-10-27 08:37:30,87.8
2025-10-27 08:40:00,87.8
2025-10-27 08:42:30,87.8
2025-10-27 08:45:00,87.9
2025-10-27 08:47:30,87.7
2025-10-27 08:50:00,87.9
2025-10-27 08:52:30,87.9
2025-10-27 08:55:00,87.9
2025-10-27 08:57:30,88.0
2025-10-27 09:00:00,87.7
2025-10-27 09:02:30,87.7
2025-10-27 09:05:00,87.7
2025-10-27 09:07:30,88.0
2025-10-27 09:10:00,87.75
2025-10-27 09:12:30,87.1
2025-10-27 09:15:00,87.2
2025-10-27 09:17:30,87.6
2025-10-27 09:20:00,87.2
2025-10-27 09:22:30,87.7
2025-10-27 09:25:00,87.4
2025-10-27 09:27:30,87.7
2025-10-27 09:30:00,87.9
2025-10-27 09:32:30,87.7
2025-10-27 09:35:00,88.1
2025-10-27 09:37:30,87.9
2025-10-27 09:40:00,87.9
2025-10-27 09:42:30,87.6
2025-10-27 09:45:00,87.2
2025-10-27 09:47:30,87.4
2025-10-27 09:50:00,87.6
2025-10-27 09:52:30,87.6
2025-10-27 09:55:00,87.6
2025-10-27 09:57:30,87.6
2025-10-27 10:00:00,87.6
2025-10-27 10:02:30,87.6
2025-10-27 10:05:00,87.6
2025-10-27 10:07:30,87.6
2025-10-27 10:10:00,87.9
2025-10-27 10:12:30,87.9
2025-10-27 10:15:00,87.9
2025-10-27 10:17:30,87.9
2025-10-27 10:20:00,88.0
2025-10-27 10:22:30,88.0
2025-10-27 10:25:00,88.4
2025-10-27 10:27:30,88.4
2025-10-27 10:30:00,88.5
2025-10-27 10:32:30,88.4
2025-10-27 10:35:00,88.7
2025-10-27 10:37:30,88.6
2025-10-27 10:40:00,88.5
2025-10-27 10:42:30,88.6
2025-10-27 10:45:00,88.85
2025-10-27 10:47:30,88.85
2025-10-27 10:50:00,89.0
2025-10-27 10:52:30,89.0
2025-10-27 10:55:00,89.0
2025-10-27 10:57:30,89.1
2025-10-27 11:00:00,89.0
2025-10-27 11:02:30,89.0
2025-10-27 11:05:00,89.3
2025-10-27 11:07:30,89.2
2025-10-27 11:10:00,89.4
2025-10-27 11:12:30,89.1
2025-10-27 11:15:00,89.45
2025-10-27 11:17:30,89.4
2025-10-27 11:20:00,89.4
2025-10-27 11:22:30,89.2
2025-10-27 11:25:00,89.4
2025-10-27 11:27:30,89.4
2025-10-27 11:30:00,89.4
2025-10-27 11:32:30,89.4
2025-10-27 11:35:00,89.7
2025-10-27 11:37:30,89.7
2025-10-27 11:40:00,89.7
2025-10-27 11:42:30,89.7
2025-10-27 11:45:00,89.8
2025-10-27 11:47:30,89.9
2025-10-27 11:50:00,89.8
2025-10-27 11:52:30,89.8
2025-10-27 11:55:00,89.8
2025-10-27 11:57:30,89.8
2025-10-27 12:00:00,89.7
2025-10-27 12:02:30,89.8
2025-10-27 12:05:00,89.8
2025-10-27 12:07:30,89.4
2025-10-27 12:10:00,89.4
2025-10-27 12:12:30,89.4
2025-10-27 12:15:00,90.0
2025-10-27 12:17:30,89.7
2025-10-27 12:20:00,89.4
2025-10-27 12:22:30,89.4
2025-10-27 12:25:00,89.4
2025-10-27 12:27:30,89.4
2025-10-27 12:30:00,89.4
2025-10-27 12:32:30,89.4
2025-10-27 12:35:00,89.4
2025-10-27 12:37:30,89.4
2025-10-27 12:40:00,89.4
2025-10-27 12:42:30,89.4
2025-10-27 12:45:00,89.4
2025-10-27 12:47:30,89.4
2025-10-27 12:50:00,89.4
2025-10-27 12:52:30,89.4
2025-10-27 12:55:00,89.4
2025-10-27 12:57:30,89.4
2025-10-27 13:00:00,89.4
2025-10-27 13:02:30,89.4
2025-10-27 13:05:00,89.4
2025-10-27 13:07:30,89.4
2025-10-27 13:10:00,89.4
2025-10-27 13:12:30,89.4
2025-10-27 13:15:00,89.4
2025-10-27 13:17:30,89.4
2025-10-27 13:20:00,89.4
2025-10-27 13:22:30,89.4
2025-10-27 13:25:00,89.4
2025-10-27 13:27:30,89.4
2025-10-27 13:30:00,89.4
2025-10-27 13:32:30,89.4
2025-10-27 13:35:00,89.4
2025-10-27 13:37:30,89.2
2025-10-27 13:40:00,89.2
2025-10-27 13:42:30,89.2
2025-10-27 13:45:00,89.4
2025-10-27 13:47:30,89.2
2025-10-27 13:50:00,89.3
2025-10-27 13:52:30,89.4
2025-10-27 13:55:00,89.1
2025-10-27 13:57:30,89.4
2025-10-27 14:00:00,89.2
2025-10-27 14:02:30,89.25
2025-10-27 14:05:00,89.15
2025-10-27 14:07:30,89.1
2025-10-27 14:10:00,89.2
2025-10-27 14:12:30,89.2
2025-10-27 14:15:00,89.4
2025-10-27 14:17:30,89.2
2025-10-27 14:20:00,89.3
2025-10-27 14:22:30,89.3
2025-10-27 14:25:00,89.1
2025-10-27 14:27:30,89.4
2025-10-27 14:30:00,89.2
2025-10-27 14:32:30,89.0
2025-10-27 14:35:00,89.2
2025-10-27 14:37:30,89.4
2025-10-27 14:40:00,89.0
2025-10-27 14:42:30,89.2
2025-10-27 14:45:00,89.2
2025-10-27 14:47:30,89.2
2025-10-27 14:50:00,89.3
2025-10-27 14:52:30,89.2
2025-10-27 14:55:00,89.2
2025-10-27 14:57:30,89.2
2025-10-27 15:00:00,89.3
2025-10-27 15:02:30,89.2
2025-10-27 15:05:00,89.30000000000001
2025-10-27 15:07:30,89.15
2025-10-27 15:10:00,89.2
2025-10-27 15:12:30,89.0
2025-10-27 15:15:00,89.2
2025-10-27 15:17:30,89.30000000000001
2025-10-27 15:20:00,89.30000000000001
2025-10-27 15:22:30,89.30000000000001
2025-10-27 15:25:00,89.4
2025-10-27 15:27:30,89.3
2025-10-27 15:30:00,89.30000000000001
2025-10-27 15:32:30,89.3
2025-10-27 15:35:00,89.4
2025-10-27 15:37:30,89.4
2025-10-27 15:40:00,89.3
2025-10-27 15:42:30,89.3
2025-10-27 15:45:00,89.1
2025-10-27 15:47:30,89.4
2025-10-27 15:50:00,89.4
2025-10-27 15:52:30,88.9
2025-10-27 15:55:00,88.7
2025-10-27 15:57:30,88.7
2025-10-27 16:00:00,89.3
2025-10-27 16:02:30,89.2
2025-10-27 16:05:00,89.4
2025-10-27 16:07:30,89.2
2025-10-27 16:10:00,89.3
2025-10-27 16:12:30,89.6
2025-10-27 16:15:00,89.2
2025-10-27 16:17:30,89.05000000000001
2025-10-27 16:20:00,89.7
2025-10-27 16:22:30,89.4
2025-10-27 16:25:00,89.4
2025-10-27 16:27:30,89.2
2025-10-27 16:30:00,89.4
2025-10-27 16:32:30,89.2
2025-10-27 16:35:00,89.1
2025-10-27 16:37:30,89.4
2025-10-27 16:40:00,89.4
2025-10-27 16:42:30,89.2
2025-10-27 16:45:00,89.3
2025-10-27 16:47:30,89.3
2025-10-27 16:50:00,89.4
2025-10-27 16:52:30,89.4
2025-10-27 16:55:00,89.2
2025-10-27 16:57:30,89.2
2025-10-27 17:00:00,89.4
2025-10-27 17:02:30,89.2
2025-10-27 17:05:00,89.2
2025-10-27 17:07:30,89.3
2025-10-27 17:10:00,89.4
2025-10-27 17:12:30,89.0
2025-10-27 17:15:00,89.2
2025-10-27 17:17:30,89.4
2025-10-27 17:20:00,89.4
2025-10-27 17:22:30,89.4
2025-10-27 17:25:00,89.4
2025-10-27 17:27:30,89.0
2025-10-27 17:30:00,88.9
2025-10-27 17:32:30,89.2
2025-10-27 17:35:00,89.2
2025-10-27 17:37:30,89.4
2025-10-27 17:40:00,89.4
2025-10-27 17:42:30,89.2
2025-10-27 17:45:00,89.2
2025-10-27 17:47:30,89.2
2025-10-27 17:50:00,89.4
2025-10-27 17:52:30,89.2
2025-10-27 17:55:00,89.2
2025-10-27 17:57:30,89.2
2025-10-27 18:00:00,89.2
2025-10-27 18:02:30,89.2
2025-10-27 18:05:00,89.2
2025-10-27 18:07:30,89.2
2025-10-27 18:10:00,89.2
2025-10-27 18:12:30,89.2
2025-10-27 18:15:00,89.2
2025-10-27 18:17:30,89.2
2025-10-27 18:20:00,89.2
2025-10-27 18:22:30,89.2
2025-10-27 18:25:00,89.2
2025-10-27 18:27:30,89.2
2025-10-27 18:30:00,89.2
2025-10-27 18:32:30,89.0
2025-10-27 18:35:00,89.3
2025-10-27 18:37:30,89.4
2025-10-27 18:40:00,89.2
2025-10-27 18:42:30,89.2
2025-10-27 18:45:00,89.1
2025-10-27 18:47:30,89.0
2025-10-27 18:50:00,89.4
2025-10-27 18:52:30,89.2
2025-10-27 18:55:00,89.2
2025-10-27 18:57:30,89.1
2025-10-27 19:00:00,89.2
2025-10-27 19:02:30,89.0
2025-10-27 19:05:00,89.0
2025-10-27 19:07:30,89.2
2025-10-27 19:10:00,88.9
2025-10-27 19:12:30,89.0
2025-10-27 19:15:00,89.2
2025-10-27 19:17:30,89.2
2025-10-27 19:20:00,89.0
2025-10-27 19:22:30,89.4
2025-10-27 19:25:00,89.2
2025-10-27 19:27:30,89.0
2025-10-27 19:30:00,88.8
2025-10-27 19:32:30,89.2
2025-10-27 19:35:00,89.1
2025-10-27 19:37:30,89.1
2025-10-27 19:40:00,89.0
2025-10-27 19:42:30,89.2
2025-10-27 19:45:00,89.2
2025-10-27 19:47:30,89.1
2025-10-27 19:50:00,89.0
2025-10-27 19:52:30,89.0
2025-10-27 19:55:00,89.1
2025-10-27 19:57:30,89.1
2025-10-27 20:00:00,88.9
2025-10-27 20:02:30,89.2
2025-10-27 20:05:00,88.9
2025-10-27 20:07:30,88.9
2025-10-27 20:10:00,88.9
2025-10-27 20:12:30,88.8
2025-10-27 20:15:00,88.7
2025-10-27 20:17:30,88.9
2025-10-27 20:20:00,88.9
2025-10-27 20:22:30,89.0
2025-10-27 20:25:00,89.0
2025-10-27 20:27:30,89.0
2025-10-27 20:30:00,89.0
2025-10-27 20:32:30,89.0
2025-10-27 20:35:00,89.0
2025-10-27 20:37:30,89.0
2025-10-27 20:40:00,89.0
2025-10-27 20:42:30,88.95
2025-10-27 20:45:00,88.94999999999999
2025-10-27 20:47:30,88.94999999999999
2025-10-27 20:50:00,88.9
2025-10-27 20:52:30,88.9
2025-10-27 20:55:00,88.9
2025-10-27 20:57:30,88.9
2025-10-27 21:00:00,89.0
2025-10-27 21:02:30,88.9
2025-10-27 21:05:00,88.7
2025-10-27 21:07:30,88.5
2025-10-27 21:10:00,89.0
2025-10-27 21:12:30,89.0
2025-10-27 21:15:00,89.0
2025-10-27 21:17:30,89.0
2025-10-27 21:20:00,88.7
2025-10-27 21:22:30,88.9
2025-10-27 21:25:00,88.9
2025-10-27 21:27:30,88.8
2025-10-27 21:30:00,88.9
2025-10-27 21:32:30,88.9
2025-10-27 21:35:00,88.9
2025-10-27 21:37:30,88.9
2025-10-27 21:40:00,88.9
2025-10-27 21:42:30,88.9
2025-10-27 21:45:00,88.9
2025-10-27 21:47:30,88.9
2025-10-27 21:50:00,88.9
2025-10-27 21:52:30,88.9
2025-10-27 21:55:00,88.9
2025-10-27 21:57:30,88.9
2025-10-27 22:00:00,88.9
2025-10-27 22:02:30,88.9
2025-10-27 22:05:00,88.9
2025-10-27 22:07:30,88.9
2025-10-27 22:10:00,88.9
2025-10-27 22:12:30,88.9
2025-10-27 22:15:00,88.9
2025-10-27 22:17:30,88.9
2025-10-27 22:20:00,88.9
2025-10-27 22:22:30,89.0
2025-10-27 22:25:00,89.0
2025-10-27 22:27:30,88.9
2025-10-27 22:30:00,88.7
2025-10-27 22:32:30,88.9
2025-10-27 22:35:00,88.5
2025-10-27 22:37:30,88.8
2025-10-27 22:40:00,88.8
2025-10-27 22:42:30,88.9
2025-10-27 22:45:00,88.9
2025-10-27 22:47:30,88.9
2025-10-27 22:50:00,88.8
2025-10-27 22:52:30,88.9
2025-10-27 22:55:00,88.8
2025-10-27 22:57:30,88.8
2025-10-27 23:00:00,88.7
2025-10-27 23:02:30,88.8
2025-10-27 23:05:00,88.9
2025-10-27 23:07:30,88.7
2025-10-27 23:10:00,88.8
2025-10-27 23:12:30,88.8
2025-10-27 23:15:00,89.0
2025-10-27 23:17:30,89.0
2025-10-27 23:20:00,88.9
2025-10-27 23:22:30,88.9
2025-10-27 23:25:00,88.9
2025-10-27 23:27:30,88.7
2025-10-27 23:30:00,88.9
2025-10-27 23:32:30,88.9
2025-10-27 23:35:00,88.9
2025-10-27 23:37:30,89.0
2025-10-27 23:40:00,88.9
2025-10-27 23:42:30,88.9
2025-10-27 23:45:00,88.5
2025-10-27 23:47:30,88.9
2025-10-27 23:50:00,88.9
2025-10-27 23:52:30,88.9
2025-10-27 23:55:00,88.7
2025-10-27 23:57:30,88.8
2025-10-28 00:00:00,88.9
2025-10-28 00:02:30,89.0
2025-10-28 00:05:00,88.9
2025-10-28 00:07:30,88.9
2025-10-28 00:10:00,88.8
2025-10-28 00:12:30,88.9
2025-10-28 00:15:00,88.6
2025-10-28 00:17:30,88.7
2025-10-28 00:20:00,88.8
2025-10-28 00:22:30,88.9
2025-10-28 00:25:00,88.8
2025-10-28 00:27:30,88.7
2025-10-28 00:30:00,88.7
2025-10-28 00:32:30,88.8
2025-10-28 00:35:00,88.9
2025-10-28 00:37:30,88.9
2025-10-28 00:40:00,88.9
2025-10-28 00:42:30,88.9
2025-10-28 00:45:00,88.5
2025-10-28 00:47:30,88.8
2025-10-28 00:50:00,88.9
2025-10-28 00:52:30,88.9
2025-10-28 00:55:00,88.8
2025-10-28 00:57:30,88.8
2025-10-28 01:00:00,88.8
2025-10-28 01:02:30,88.7
2025-10-28 01:05:00,89.0
2025-10-28 01:07:30,88.7
2025-10-28 01:10:00,88.56666666666666
2025-10-28 01:12:30,88.39166666666667
2025-10-28 01:15:00,88.0
2025-10-28 01:17:30,88.30000000000001
2025-10-28 01:20:00,87.55000000000001
2025-10-28 01:22:30,87.45
2025-10-28 01:25:00,88.5
2025-10-28 01:27:30,88.0
2025-10-28 01:30:00,88.7
2025-10-28 01:32:30,89.0
2025-10-28 01:35:00,88.8
2025-10-28 01:37:30,88.5
2025-10-28 01:40:00,88.7
2025-10-28 01:42:30,88.7
2025-10-28 01:45:00,88.9
2025-10-28 01:47:30,88.7
2025-10-28 01:50:00,88.7
2025-10-28 01:52:30,88.7
2025-10-28 01:55:00,88.9
2025-10-28 01:57:30,88.9
2025-10-28 02:00:00,88.8
2025-10-28 02:02:30,88.6
2025-10-28 02:05:00,88.7
2025-10-28 02:07:30,88.9
2025-10-28 02:10:00,88.7
2025-10-28 02:12:30,88.5
2025-10-28 02:15:00,88.9
2025-10-28 02:17:30,88.9
2025-10-28 02:20:00,88.9
2025-10-28 02:22:30,88.9
2025-10-28 02:25:00,88.9
2025-10-28 02:27:30,88.9
2025-10-28 02:30:00,88.8
2025-10-28 02:32:30,88.8
2025-10-28 02:35:00,88.8
2025-10-28 02:37:30,88.8
2025-10-28 02:40:00,88.8
2025-10-28 02:42:30,88.8
2025-10-28 02:45:00,88.8
2025-10-28 02:47:30,88.8
2025-10-28 02:50:00,88.8
2025-10-28 02:52:30,88.8
2025-10-28 02:55:00,88.8
2025-10-28 02:57:30,88.8
2025-10-28 03:00:00,88.8
2025-10-28 03:02:30,88.7
2025-10-28 03:05:00,88.8
2025-10-28 03:07:30,88.7
2025-10-28 03:10:00,88.7
2025-10-28 03:12:30,88.7
2025-10-28 03:15:00,88.5
2025-10-28 03:17:30,88.8
2025-10-28 03:20:00,88.9
2025-10-28 03:22:30,88.8
2025-10-28 03:25:00,88.7
2025-10-28 03:27:30,88.6
2025-10-28 03:30:00,88.6
2025-10-28 03:32:30,88.5
2025-10-28 03:35:00,88.7
2025-10-28 03:37:30,88.7
2025-10-28 03:40:00,88.4
2025-10-28 03:42:30,88.7
2025-10-28 03:45:00,88.6
2025-10-28 03:47:30,88.6
2025-10-28 03:50:00,88.5
2025-10-28 03:52:30,88.5
2025-10-28 03:55:00,88.5
2025-10-28 03:57:30,88.5
2025-10-28 04:00:00,88.5
2025-10-28 04:02:30,88.5
2025-10-28 04:05:00,88.5
2025-10-28 04:07:30,88.5
2025-10-28 04:10:00,88.5
2025-10-28 04:12:30,88.5
2025-10-28 04:15:00,88.0
2025-10-28 04:17:30,88.5
2025-10-28 04:20:00,88.0
2025-10-28 04:22:30,88.1
2025-10-28 04:25:00,88.1
2025-10-28 04:27:30,88.4
2025-10-28 04:30:00,88.4
2025-10-28 04:32:30,88.5
2025-10-28 04:35:00,88.0
2025-10-28 04:37:30,88.0
2025-10-28 04:40:00,88.4
2025-10-28 04:42:30,87.9
2025-10-28 04:45:00,88.0
2025-10-28 04:47:30,88.0
2025-10-28 04:50:00,88.0
2025-10-28 04:52:30,88.0
2025-10-28 04:55:00,88.0
2025-10-28 04:57:30,88.0
2025-10-28 05:00:00,88.0
2025-10-28 05:02:30,88.0
2025-10-28 05:05:00,88.0
2025-10-28 05:07:30,88.0
2025-10-28 05:10:00,88.0
2025-10-28 05:12:30,88.0
2025-10-28 05:15:00,87.9
2025-10-28 05:17:30,87.9
2025-10-28 05:20:00,87.9
2025-10-28 05:22:30,87.6
2025-10-28 05:25:00,87.9
2025-10-28 05:27:30,87.9
2025-10-28 05:30:00,87.2
2025-10-28 05:32:30,87.4
2025-10-28 05:35:00,87.7
2025-10-28 05:37:30,87.7
2025-10-28 05:40:00,87.9
2025-10-28 05:42:30,87.8
2025-10-28 05:45:00,87.8
2025-10-28 05:47:30,87.7
2025-10-28 05:50:00,87.7
2025-10-28 05:52:30,87.6
2025-10-28 05:55:00,87.7
2025-10-28 05:57:30,87.7
2025-10-28 06:00:00,87.6
2025-10-28 06:02:30,87.7
2025-10-28 06:05:00,87.6
2025-10-28 06:07:30,87.7
2025-10-28 06:10:00,87.6
2025-10-28 06:12:30,87.6
2025-10-28 06:15:00,87.7
2025-10-28 06:17:30,87.6
2025-10-28 06:20:00,87.7
2025-10-28 06:22:30,87.6
2025-10-28 06:25:00,87.6
2025-10-28 06:27:30,87.6
2025-10-28 06:30:00,87.6
2025-10-28 06:32:30,87.6
2025-10-28 06:35:00,87.6
2025-10-28 06:37:30,87.6
2025-10-28 06:40:00,87.6
2025-10-28 06:42:30,87.6
2025-10-28 06:45:00,87.6
2025-10-28 06:47:30,87.6
2025-10-28 06:50:00,87.6
2025-10-28 06:52:30,87.5
2025-10-28 06:55:00,87.5
2025-10-28 06:57:30,87.5
2025-10-28 07:00:00,87.5
2025-10-28 07:02:30,87.5
2025-10-28 07:05:00,87.5
2025-10-28 07:07:30,87.5
2025-10-28 07:10:00,87.5
2025-10-28 07:12:30,87.5
2025-10-28 07:15:00,87.5
2025-10-28 07:17:30,87.5
2025-10-28 07:20:00,87.5
2025-10-28 07:22:30,87.5
2025-10-28 07:25:00,87.5
2025-10-28 07:27:30,87.5
2025-10-28 07:30:00,87.2
2025-10-28 07:32:30,87.4
2025-10-28 07:35:00,87.2
2025-10-28 07:37:30,87.5
2025-10-28 07:40:00,87.5
2025-10-28 07:42:30,87.4
2025-10-28 07:45:00,87.2
2025-10-28 07:47:30,86.1
2025-10-28 07:50:00,85.0
2025-10-28 07:52:30,85.0
2025-10-28 07:55:00,85.0
2025-10-28 07:57:30,84.9
2025-10-28 08:00:00,85.1
2025-10-28 08:02:30,85.1
2025-10-28 08:05:00,85.0
2025-10-28 08:07:30,85.1
2025-10-28 08:10:00,84.9
2025-10-28 08:12:30,85.03333333333333
2025-10-28 08:15:00,85.1
2025-10-28 08:17:30,85.06666666666666
2025-10-28 08:20:00,85.15555555555555
2025-10-28 08:22:30,85.17407407407408
2025-10-28 08:25:00,85.3
2025-10-28 08:27:30,85.23703703703704
2025-10-28 08:30:00,85.26851851851852
2025-10-28 08:32:30,85.25277777777778
2025-10-28 08:35:00,85.3070987654321
2025-10-28 08:37:30,85.31995884773663
2025-10-28 08:40:00,85.4
2025-10-28 08:42:30,85.79248971193417
2025-10-28 08:45:00,86.55000000000001
2025-10-28 08:47:30,85.9
2025-10-28 08:50:00,86.3
2025-10-28 08:52:30,86.7
2025-10-28 08:55:00,87.4
2025-10-28 08:57:30,87.2
2025-10-28 09:00:00,87.3
2025-10-28 09:02:30,87.3
2025-10-28 09:05:00,87.4
2025-10-28 09:07:30,87.2
2025-10-28 09:10:00,87.5
2025-10-28 09:12:30,87.2
2025-10-28 09:15:00,87.2
2025-10-28 09:17:30,87.3
2025-10-28 09:20:00,87.4
2025-10-28 09:22:30,87.4
2025-10-28 09:25:00,87.6
2025-10-28 09:27:30,87.2
2025-10-28 09:30:00,87.3
2025-10-28 09:32:30,87.4
2025-10-28 09:35:00,87.5
2025-10-28 09:37:30,87.6
2025-10-28 09:40:00,87.4
2025-10-28 09:42:30,87.5
2025-10-28 09:45:00,87.4
2025-10-28 09:47:30,87.5
2025-10-28 09:50:00,87.4
2025-10-28 09:52:30,87.1
2025-10-28 09:55:00,87.5
2025-10-28 09:57:30,87.2
2025-10-28 10:00:00,87.05000000000001
2025-10-28 10:02:30,87.4
2025-10-28 10:05:00,87.4
2025-10-28 10:07:30,87.5
2025-10-28 10:10:00,87.2
2025-10-28 10:12:30,87.5
2025-10-28 10:15:00,87.4
2025-10-28 10:17:30,87.1
2025-10-28 10:20:00,87.6
2025-10-28 10:22:30,87.2
2025-10-28 10:25:00,87.4
2025-10-28 10:27:30,87.4
2025-10-28 10:30:00,87.5
2025-10-28 10:32:30,87.3
2025-10-28 10:35:00,87.4
2025-10-28 10:37:30,87.2
2025-10-28 10:40:00,87.4
2025-10-28 10:42:30,87.30000000000001
2025-10-28 10:45:00,87.4
2025-10-28 10:47:30,87.4
2025-10-28 10:50:00,87.5
2025-10-28 10:52:30,87.25
2025-10-28 10:55:00,87.4
2025-10-28 10:57:30,87.4
2025-10-28 11:00:00,87.4
2025-10-28 11:02:30,87.4
2025-10-28 11:05:00,87.2
2025-10-28 11:07:30,87.4
2025-10-28 11:10:00,87.5
2025-10-28 11:12:30,87.5
2025-10-28 11:15:00,87.2
2025-10-28 11:17:30,87.3
2025-10-28 11:20:00,87.4
2025-10-28 11:22:30,87.2
2025-10-28 11:25:00,87.3
2025-10-28 11:27:30,87.3
2025-10-28 11:30:00,87.4
2025-10-28 11:32:30,87.3
2025-10-28 11:35:00,87.4
2025-10-28 11:37:30,87.2
2025-10-28 11:40:00,87.2
2025-10-28 11:42:30,87.3
2025-10-28 11:45:00,87.2
2025-10-28 11:47:30,87.2
2025-10-28 11:50:00,87.2
2025-10-28 11:52:30,87.2
2025-10-28 11:55:00,87.2
2025-10-28 11:57:30,87.2
2025-10-28 12:00:00,87.4
2025-10-28 12:02:30,87.2
2025-10-28 12:05:00,87.1
2025-10-28 12:07:30,87.6
2025-10-28 12:10:00,87.2
2025-10-28 12:12:30,87.6
2025-10-28 12:15:00,87.6
2025-10-28 12:17:30,87.4
2025-10-28 12:20:00,87.2
2025-10-28 12:22:30,87.3
2025-10-28 12:25:00,87.3
2025-10-28 12:27:30,87.2
2025-10-28 12:30:00,87.6
2025-10-28 12:32:30,87.3
2025-10-28 12:35:00,87.1
2025-10-28 12:37:30,87.2
2025-10-28 12:40:00,87.6
2025-10-28 12:42:30,87.4
2025-10-28 12:45:00,87.1
2025-10-28 12:47:30,87.0
2025-10-28 12:50:00,87.2
2025-10-28 12:52:30,87.4
2025-10-28 12:55:00,87.2
2025-10-28 12:57:30,87.1
2025-10-28 13:00:00,87.2
2025-10-28 13:02:30,87.6
2025-10-28 13:05:00,87.5
2025-10-28 13:07:30,87.2
2025-10-28 13:10:00,87.5
2025-10-28 13:12:30,87.3
2025-10-28 13:15:00,87.2
2025-10-28 13:17:30,87.2
2025-10-28 13:20:00,87.3
2025-10-28 13:22:30,87.4
2025-10-28 13:25:00,87.2
2025-10-28 13:27:30,87.4
2025-10-28 13:30:00,87.3
2025-10-28 13:32:30,87.4
2025-10-28 13:35:00,87.2
2025-10-28 13:37:30,87.2
2025-10-28 13:40:00,87.4
2025-10-28 13:42:30,87.4
2025-10-28 13:45:00,87.4
2025-10-28 13:47:30,87.2
2025-10-28 13:50:00,87.3
2025-10-28 13:52:30,87.2
2025-10-28 13:55:00,87.4
2025-10-28 13:57:30,87.3
2025-10-28 14:00:00,87.2
2025-10-28 14:02:30,87.3
2025-10-28 14:05:00,87.6
2025-10-28 14:07:30,87.1
2025-10-28 14:10:00,87.2
2025-10-28 14:12:30,87.3
2025-10-28 14:15:00,87.4
2025-10-28 14:17:30,87.4
2025-10-28 14:20:00,87.2
2025-10-28 14:22:30,87.1
2025-10-28 14:25:00,87.5
2025-10-28 14:27:30,87.2
2025-10-28 14:30:00,87.2
2025-10-28 14:32:30,87.2
2025-10-28 14:35:00,87.1
2025-10-28 14:37:30,87.2
2025-10-28 14:40:00,87.2
2025-10-28 14:42:30,87.3
2025-10-28 14:45:00,87.3
2025-10-28 14:47:30,87.5
2025-10-28 14:50:00,87.2
2025-10-28 14:52:30,87.2
2025-10-28 14:55:00,87.3
2025-10-28 14:57:30,87.5
2025-10-28 15:00:00,87.2
2025-10-28 15:02:30,87.3
2025-10-28 15:05:00,87.2
2025-10-28 15:07:30,87.1
2025-10-28 15:10:00,87.2
2025-10-28 15:12:30,87.1
2025-10-28 15:15:00,87.2
2025-10-28 15:17:30,87.2
2025-10-28 15:20:00,87.3
2025-10-28 15:22:30,87.1
2025-10-28 15:25:00,87.1
2025-10-28 15:27:30,87.2
2025-10-28 15:30:00,87.2
2025-10-28 15:32:30,87.2
2025-10-28 15:35:00,87.1
2025-10-28 15:37:30,87.1
2025-10-28 15:40:00,87.2
2025-10-28 15:42:30,87.15
2025-10-28 15:45:00,87.0
2025-10-28 15:47:30,87.2
2025-10-28 15:50:00,87.4
2025-10-28 15:52:30,87.1
2025-10-28 15:55:00,87.6
2025-10-28 15:57:30,87.2
2025-10-28 16:00:00,87.2
2025-10-28 16:02:30,87.2
2025-10-28 16:05:00,87.2
2025-10-28 16:07:30,87.2
2025-10-28 16:10:00,87.2
2025-10-28 16:12:30,87.2
2025-10-28 16:15:00,87.2
2025-10-28 16:17:30,87.2
2025-10-28 16:20:00,87.2
2025-10-28 16:22:30,87.2
2025-10-28 16:25:00,87.2
2025-10-28 16:27:30,87.2
2025-10-28 16:30:00,87.2
2025-10-28 16:32:30,87.2
2025-10-28 16:35:00,87.2
2025-10-28 16:37:30,87.2
2025-10-28 16:40:00,87.2
2025-10-28 16:42:30,87.2
2025-10-28 16:45:00,87.2
2025-10-28 16:47:30,87.2
2025-10-28 16:50:00,87.2
2025-10-28 16:52:30,87.2
2025-10-28 16:55:00,87.1
2025-10-28 16:57:30,87.1
2025-10-28 17:00:00,87.1
2025-10-28 17:02:30,87.1
2025-10-28 17:05:00,87.2
2025-10-28 17:07:30,87.2
2025-10-28 17:10:00,87.2
2025-10-28 17:12:30,87.2
2025-10-28 17:15:00,87.2
2025-10-28 17:17:30,87.2
2025-10-28 17:20:00,87.2
2025-10-28 17:22:30,87.2
2025-10-28 17:25:00,87.2
2025-10-28 17:27:30,87.2
2025-10-28 17:30:00,87.2
2025-10-28 17:32:30,87.2
2025-10-28 17:35:00,87.2
2025-10-28 17:37:30,87.2
2025-10-28 17:40:00,87.2
2025-10-28 17:42:30,87.2
2025-10-28 17:45:00,87.1
2025-10-28 17:47:30,87.2
2025-10-28 17:50:00,87.1
2025-10-28 17:52:30,87.0
2025-10-28 17:55:00,87.2
2025-10-28 17:57:30,87.0
2025-10-28 18:00:00,87.2
2025-10-28 18:02:30,87.2
2025-10-28 18:05:00,87.1
2025-10-28 18:07:30,87.25
2025-10-28 18:10:00,87.2
2025-10-28 18:12:30,87.2
2025-10-28 18:15:00,87.2
2025-10-28 18:17:30,87.2
2025-10-28 18:20:00,87.2
2025-10-28 18:22:30,87.2
2025-10-28 18:25:00,87.2
2025-10-28 18:27:30,87.2
2025-10-28 18:30:00,87.2
2025-10-28 18:32:30,87.2
2025-10-28 18:35:00,87.2
2025-10-28 18:37:30,87.2
2025-10-28 18:40:00,87.2
2025-10-28 18:42:30,87.2
2025-10-28 18:45:00,87.2
2025-10-28 18:47:30,87.2
2025-10-28 18:50:00,87.2
2025-10-28 18:52:30,87.2
2025-10-28 18:55:00,87.2
2025-10-28 18:57:30,87.2
2025-10-28 19:00:00,87.2
2025-10-28 19:02:30,87.2
2025-10-28 19:05:00,87.2
2025-10-28 19:07:30,87.15
2025-10-28 19:10:00,87.1
2025-10-28 19:12:30,87.2
2025-10-28 19:15:00,87.2
2025-10-28 19:17:30,87.2
2025-10-28 19:20:00,87.15
2025-10-28 19:22:30,87.1
2025-10-28 19:25:00,87.1
2025-10-28 19:27:30,87.1
2025-10-28 19:30:00,87.2
2025-10-28 19:32:30,87.0
2025-10-28 19:35:00,87.2
2025-10-28 19:37:30,87.15
2025-10-28 19:40:00,87.1
2025-10-28 19:42:30,87.1
2025-10-28 19:45:00,87.15
2025-10-28 19:47:30,87.15
2025-10-28 19:50:00,87.2
2025-10-28 19:52:30,87.1
2025-10-28 19:55:00,87.1
2025-10-28 19:57:30,87.1
2025-10-28 20:00:00,87.1
2025-10-28 20:02:30,87.1
2025-10-28 20:05:00,87.1
2025-10-28 20:07:30,87.1
2025-10-28 20:10:00,87.1
2025-10-28 20:12:30,87.1
2025-10-28 20:15:00,87.1
2025-10-28 20:17:30,86.7
2025-10-28 20:20:00,86.6
2025-10-28 20:22:30,86.9
2025-10-28 20:25:00,87.0
2025-10-28 20:27:30,87.2
2025-10-28 20:30:00,86.7
2025-10-28 20:32:30,86.44999999999999
2025-10-28 20:35:00,87.2
2025-10-28 20:37:30,87.0
2025-10-28 20:40:00,87.1
2025-10-28 20:42:30,87.1
2025-10-28 20:45:00,87.1
2025-10-28 20:47:30,87.1
2025-10-28 20:50:00,87.2
2025-10-28 20:52:30,87.1
2025-10-28 20:55:00,86.7
2025-10-28 20:57:30,87.1
2025-10-28 21:00:00,87.1
2025-10-28 21:02:30,87.0
2025-10-28 21:05:00,86.9
2025-10-28 21:07:30,87.2
2025-10-28 21:10:00,87.1
2025-10-28 21:12:30,87.1
2025-10-28 21:15:00,86.3
2025-10-28 21:17:30,87.1
2025-10-28 21:20:00,86.9
2025-10-28 21:22:30,87.1
2025-10-28 21:25:00,86.6
2025-10-28 21:27:30,86.7
2025-10-28 21:30:00,86.4
2025-10-28 21:32:30,87.1
2025-10-28 21:35:00,87.1
2025-10-28 21:37:30,87.1
2025-10-28 21:40:00,87.1
2025-10-28 21:42:30,87.1
2025-10-28 21:45:00,87.1
2025-10-28 21:47:30,87.1
2025-10-28 21:50:00,87.1
2025-10-28 21:52:30,87.1
2025-10-28 21:55:00,86.7
2025-10-28 21:57:30,86.9
2025-10-28 22:00:00,87.0
2025-10-28 22:02:30,87.1
2025-10-28 22:05:00,86.7
2025-10-28 22:07:30,87.1
2025-10-28 22:10:00,86.9
2025-10-28 22:12:30,86.6
2025-10-28 22:15:00,87.1
2025-10-28 22:17:30,87.2
2025-10-28 22:20:00,87.05
2025-10-28 22:22:30,86.7
2025-10-28 22:25:00,86.8
2025-10-28 22:27:30,86.8
2025-10-28 22:30:00,86.7
2025-10-28 22:32:30,86.7
2025-10-28 22:35:00,86.6
2025-10-28 22:37:30,86.6
2025-10-28 22:40:00,86.7
2025-10-28 22:42:30,86.9
2025-10-28 22:45:00,86.6
2025-10-28 22:47:30,86.7
2025-10-28 22:50:00,86.6
2025-10-28 22:52:30,87.1
2025-10-28 22:55:00,87.2
2025-10-28 22:57:30,86.7
2025-10-28 23:00:00,87.1
2025-10-28 23:02:30,86.7
2025-10-28 23:05:00,87.0
2025-10-28 23:07:30,86.7
2025-10-28 23:10:00,86.7
2025-10-28 23:12:30,86.7
2025-10-28 23:15:00,86.7
2025-10-28 23:17:30,86.7
2025-10-28 23:20:00,86.7
2025-10-28 23:22:30,86.7
2025-10-28 23:25:00,86.7
2025-10-28 23:27:30,86.7
2025-10-28 23:30:00,86.7
2025-10-28 23:32:30,86.7
2025-10-28 23:35:00,86.7
2025-10-28 23:37:30,86.7
2025-10-28 23:40:00,86.7
2025-10-28 23:42:30,86.7
2025-10-28 23:45:00,86.7
2025-10-28 23:47:30,86.7
2025-10-28 23:50:00,86.7
2025-10-28 23:52:30,86.7
2025-10-28 23:55:00,86.7
2025-10-28 23:57:30,86.7
2025-10-29 00:00:00,86.7
2025-10-29 00:02:30,86.7
2025-10-29 00:05:00,86.7
2025-10-29 00:07:30,86.7
2025-10-29 00:10:00,86.7
2025-10-29 00:12:30,86.9
2025-10-29 00:15:00,86.7
2025-10-29 00:17:30,86.6
2025-10-29 00:20:00,86.9
2025-10-29 00:22:30,86.6
2025-10-29 00:25:00,87.0
2025-10-29 00:27:30,86.7
2025-10-29 00:30:00,86.7
2025-10-29 00:32:30,86.9
2025-10-29 00:35:00,86.3
2025-10-29 00:37:30,87.1
2025-10-29 00:40:00,86.7
2025-10-29 00:42:30,86.7
2025-10-29 00:45:00,86.7
2025-10-29 00:47:30,87.0
2025-10-29 00:50:00,87.0
2025-10-29 00:52:30,86.7
2025-10-29 00:55:00,86.5
2025-10-29 00:57:30,86.7
2025-10-29 01:00:00,87.0
2025-10-29 01:02:30,87.0
2025-10-29 01:05:00,86.9
2025-10-29 01:07:30,86.6
2025-10-29 01:10:00,86.9
2025-10-29 01:12:30,87.1
2025-10-29 01:15:00,86.9
2025-10-29 01:17:30,86.6
2025-10-29 01:20:00,86.6
2025-10-29 01:22:30,86.7
2025-10-29 01:25:00,86.7
2025-10-29 01:27:30,86.7
2025-10-29 01:30:00,86.7
2025-10-29 01:32:30,86.7
2025-10-29 01:35:00,86.7
2025-10-29 01:37:30,86.7
2025-10-29 01:40:00,86.7
2025-10-29 01:42:30,86.7
2025-10-29 01:45:00,86.7
2025-10-29 01:47:30,86.7
2025-10-29 01:50:00,86.55
2025-10-29 01:52:30,86.4
2025-10-29 01:55:00,86.7
2025-10-29 01:57:30,86.6
2025-10-29 02:00:00,87.1
2025-10-29 02:02:30,87.1
2025-10-29 02:05:00,87.1
2025-10-29 02:07:30,86.5
2025-10-29 02:10:00,86.4
2025-10-29 02:12:30,86.7
2025-10-29 02:15:00,86.7
2025-10-29 02:17:30,86.6
2025-10-29 02:20:00,87.1
2025-10-29 02:22:30,87.0
2025-10-29 02:25:00,86.6
2025-10-29 02:27:30,86.7
2025-10-29 02:30:00,86.6
2025-10-29 02:32:30,86.7
2025-10-29 02:35:00,86.6
2025-10-29 02:37:30,86.6
2025-10-29 02:40:00,86.6
2025-10-29 02:42:30,86.6
2025-10-29 02:45:00,86.6
2025-10-29 02:47:30,86.6
2025-10-29 02:50:00,86.6
2025-10-29 02:52:30,86.6
2025-10-29 02:55:00,86.6
2025-10-29 02:57:30,86.6
2025-10-29 03:00:00,86.6
2025-10-29 03:02:30,86.6
2025-10-29 03:05:00,86.6
2025-10-29 03:07:30,86.6
2025-10-29 03:10:00,86.6
2025-10-29 03:12:30,86.6
2025-10-29 03:15:00,86.6
2025-10-29 03:17:30,86.6
2025-10-29 03:20:00,86.6
2025-10-29 03:22:30,86.6
2025-10-29 03:25:00,86.3
2025-10-29 03:27:30,86.6
2025-10-29 03:30:00,86.6
2025-10-29 03:32:30,86.6
2025-10-29 03:35:00,86.7
2025-10-29 03:37:30,86.7
2025-10-29 03:40:00,86.6
2025-10-29 03:42:30,86.6
2025-10-29 03:45:00,86.6
2025-10-29 03:47:30,86.4
2025-10-29 03:50:00,86.6
2025-10-29 03:52:30,86.6
2025-10-29 03:55:00,86.4
2025-10-29 03:57:30,86.4
2025-10-29 04:00:00,86.69999999999999
2025-10-29 04:02:30,86.45
2025-10-29 04:05:00,86.6
2025-10-29 04:07:30,86.5
2025-10-29 04:10:00,86.4
2025-10-29 04:12:30,87.0
2025-10-29 04:15:00,86.6
2025-10-29 04:17:30,86.2
2025-10-29 04:20:00,86.5
2025-10-29 04:22:30,86.5
2025-10-29 04:25:00,86.4
2025-10-29 04:27:30,86.35
2025-10-29 04:30:00,86.7
2025-10-29 04:32:30,86.6
2025-10-29 04:35:00,86.2
2025-10-29 04:37:30,86.6
2025-10-29 04:40:00,86.4
2025-10-29 04:42:30,86.5
2025-10-29 04:45:00,86.6
2025-10-29 04:47:30,86.4
2025-10-29 04:50:00,86.4
2025-10-29 04:52:30,86.4
2025-10-29 04:55:00,86.4
2025-10-29 04:57:30,86.4
2025-10-29 05:00:00,86.4
2025-10-29 05:02:30,86.1
2025-10-29 05:05:00,86.5
2025-10-29 05:07:30,86.3
2025-10-29 05:10:00,86.4
2025-10-29 05:12:30,86.3
2025-10-29 05:15:00,86.3
2025-10-29 05:17:30,86.3
2025-10-29 05:20:00,86.3
2025-10-29 05:22:30,86.35
2025-10-29 05:25:00,86.3
2025-10-29 05:27:30,86.3
2025-10-29 05:30:00,86.3
2025-10-29 05:32:30,86.3
2025-10-29 05:35:00,86.3
2025-10-29 05:37:30,86.3
2025-10-29 05:40:00,86.3
2025-10-29 05:42:30,86.0
2025-10-29 05:45:00,86.3
2025-10-29 05:47:30,86.3
2025-10-29 05:50:00,86.3
2025-10-29 05:52:30,86.3
2025-10-29 05:55:00,86.3
2025-10-29 05:57:30,86.3
2025-10-29 06:00:00,86.45
2025-10-29 06:02:30,86.3
2025-10-29 06:05:00,86.3
2025-10-29 06:07:30,85.9
2025-10-29 06:10:00,86.3
2025-10-29 06:12:30,85.9
2025-10-29 06:15:00,85.9
2025-10-29 06:17:30,86.1
2025-10-29 06:20:00,86.1
2025-10-29 06:22:30,86.3
2025-10-29 06:25:00,86.3
2025-10-29 06:27:30,86.1
2025-10-29 06:30:00,86.3
2025-10-29 06:32:30,86.3
2025-10-29 06:35:00,86.4
2025-10-29 06:37:30,86.3
2025-10-29 06:40:00,86.3
2025-10-29 06:42:30,86.3
2025-10-29 06:45:00,86.3
2025-10-29 06:47:30,86.3
2025-10-29 06:50:00,86.3
2025-10-29 06:52:30,86.2
2025-10-29 06:55:00,86.2
2025-10-29 06:57:30,86.3
2025-10-29 07:00:00,86.3
2025-10-29 07:02:30,86.1
2025-10-29 07:05:00,85.9
2025-10-29 07:07:30,86.2
2025-10-29 07:10:00,86.3
2025-10-29 07:12:30,86.2
2025-10-29 07:15:00,86.3
2025-10-29 07:17:30,86.0
2025-10-29 07:20:00,86.3
2025-10-29 07:22:30,86.3
2025-10-29 07:25:00,86.2
2025-10-29 07:27:30,86.1
2025-10-29 07:30:00,86.1
2025-10-29 07:32:30,86.3
2025-10-29 07:35:00,86.2
2025-10-29 07:37:30,86.1
2025-10-29 07:40:00,86.2
2025-10-29 07:42:30,85.9
2025-10-29 07:45:00,86.2
2025-10-29 07:47:30,86.1
2025-10-29 07:50:00,86.3
2025-10-29 07:52:30,86.2
2025-10-29 07:55:00,86.1
2025-10-29 07:57:30,86.3
2025-10-29 08:00:00,85.9
2025-10-29 08:02:30,86.2
2025-10-29 08:05:00,86.2
2025-10-29 08:07:30,86.3
2025-10-29 08:10:00,86.4
2025-10-29 08:12:30,86.1
2025-10-29 08:15:00,86.1
2025-10-29 08:17:30,86.2
2025-10-29 08:20:00,86.2
2025-10-29 08:22:30,86.2
2025-10-29 08:25:00,86.2
2025-10-29 08:27:30,86.2
2025-10-29 08:30:00,86.3
2025-10-29 08:32:30,86.2
2025-10-29 08:35:00,86.1
2025-10-29 08:37:30,86.1
2025-10-29 08:40:00,86.0
2025-10-29 08:42:30,86.2
2025-10-29 08:45:00,86.1
2025-10-29 08:47:30,86.1
2025-10-29 08:50:00,85.9
2025-10-29 08:52:30,86.1
2025-10-29 08:55:00,86.2
2025-10-29 08:57:30,86.1
2025-10-29 09:00:00,86.1
2025-10-29 09:02:30,86.1
2025-10-29 09:05:00,86.2
2025-10-29 09:07:30,86.3
2025-10-29 09:10:00,86.1
2025-10-29 09:12:30,86.3
2025-10-29 09:15:00,86.1
2025-10-29 09:17:30,86.1
2025-10-29 09:20:00,86.4
2025-10-29 09:22:30,86.3
2025-10-29 09:25:00,86.1
2025-10-29 09:27:30,86.2
2025-10-29 09:30:00,86.3
2025-10-29 09:32:30,86.1
2025-10-29 09:35:00,86.3
2025-10-29 09:37:30,86.2
2025-10-29 09:40:00,86.3
2025-10-29 09:42:30,86.2
2025-10-29 09:45:00,86.4
2025-10-29 09:47:30,86.3
2025-10-29 09:50:00,86.3
2025-10-29 09:52:30,86.4
2025-10-29 09:55:00,86.1
2025-10-29 09:57:30,86.3
2025-10-29 10:00:00,85.9
2025-10-29 10:02:30,86.3
2025-10-29 10:05:00,86.1
2025-10-29 10:07:30,86.1
2025-10-29 10:10:00,86.4
2025-10-29 10:12:30,86.3
2025-10-29 10:15:00,86.1
2025-10-29 10:17:30,86.3
2025-10-29 10:20:00,86.4
2025-10-29 10:22:30,86.4
2025-10-29 10:25:00,86.7
2025-10-29 10:27:30,86.4
2025-10-29 10:30:00,86.6
2025-10-29 10:32:30,86.9
2025-10-29 10:35:00,87.1
2025-10-29 10:37:30,87.2
2025-10-29 10:40:00,86.7
2025-10-29 10:42:30,87.2
2025-10-29 10:45:00,87.2
2025-10-29 10:47:30,87.4
2025-10-29 10:50:00,87.1
2025-10-29 10:52:30,87.0
2025-10-29 10:55:00,87.4
2025-10-29 10:57:30,87.6
2025-10-29 11:00:00,87.6
2025-10-29 11:02:30,87.2
2025-10-29 11:05:00,87.2
2025-10-29 11:07:30,87.5
2025-10-29 11:10:00,87.6
2025-10-29 11:12:30,87.6
2025-10-29 11:15:00,87.6
2025-10-29 11:17:30,87.6
2025-10-29 11:20:00,87.6
2025-10-29 11:22:30,87.6
2025-10-29 11:25:00,87.6
2025-10-29 11:27:30,87.7
2025-10-29 11:30:00,87.9
2025-10-29 11:32:30,87.9
2025-10-29 11:35:00,88.0
2025-10-29 11:37:30,87.6
2025-10-29 11:40:00,87.8
2025-10-29 11:42:30,88.1
2025-10-29 11:45:00,87.9
2025-10-29 11:47:30,87.8
2025-10-29 11:50:00,88.1
2025-10-29 11:52:30,88.4
2025-10-29 11:55:00,88.5
2025-10-29 11:57:30,88.7
2025-10-29 12:00:00,88.5
2025-10-29 12:02:30,88.5
2025-10-29 12:05:00,88.6
2025-10-29 12:07:30,88.5
2025-10-29 12:10:00,88.7
2025-10-29 12:12:30,88.8
2025-10-29 12:15:00,88.9
2025-10-29 12:17:30,88.8
2025-10-29 12:20:00,88.95
2025-10-29 12:22:30,88.65
2025-10-29 12:25:00,88.7
2025-10-29 12:27:30,89.0
2025-10-29 12:30:00,89.0
2025-10-29 12:32:30,89.2
2025-10-29 12:35:00,89.3
2025-10-29 12:37:30,89.0
2025-10-29 12:40:00,89.2
2025-10-29 12:42:30,89.2
2025-10-29 12:45:00,89.2
2025-10-29 12:47:30,89.3
2025-10-29 12:50:00,89.2
2025-10-29 12:52:30,89.3
2025-10-29 12:55:00,89.4
2025-10-29 12:57:30,89.4
2025-10-29 13:00:00,89.55000000000001
2025-10-29 13:02:30,89.6
2025-10-29 13:05:00,89.4
2025-10-29 13:07:30,89.8
2025-10-29 13:10:00,89.4
2025-10-29 13:12:30,89.0
2025-10-29 13:15:00,89.4
2025-10-29 13:17:30,89.4
2025-10-29 13:20:00,89.4
2025-10-29 13:22:30,89.4
2025-10-29 13:25:00,89.4
2025-10-29 13:27:30,89.4
2025-10-29 13:30:00,89.4
2025-10-29 13:32:30,89.4
2025-10-29 13:35:00,89.4
2025-10-29 13:37:30,89.4
2025-10-29 13:40:00,89.4
2025-10-29 13:42:30,89.4
2025-10-29 13:45:00,89.4
2025-10-29 13:47:30,89.4
2025-10-29 13:50:00,89.4
2025-10-29 13:52:30,89.4
2025-10-29 13:55:00,89.4
2025-10-29 13:57:30,89.4
2025-10-29 14:00:00,89.4
2025-10-29 14:02:30,89.4
2025-10-29 14:05:00,89.3
2025-10-29 14:07:30,89.7
2025-10-29 14:10:00,89.4
2025-10-29 14:12:30,89.7
2025-10-29 14:15:00,89.3
2025-10-29 14:17:30,88.8
2025-10-29 14:20:00,89.7
2025-10-29 14:22:30,89.7
2025-10-29 14:25:00,89.4
2025-10-29 14:27:30,89.4
2025-10-29 14:30:00,89.7
2025-10-29 14:32:30,89.35
2025-10-29 14:35:00,89.4
2025-10-29 14:37:30,89.4
2025-10-29 14:40:00,89.7
2025-10-29 14:42:30,89.7
2025-10-29 14:45:00,89.2
2025-10-29 14:47:30,89.7
2025-10-29 14:50:00,89.7
2025-10-29 14:52:30,89.2
2025-10-29 14:55:00,89.4
2025-10-29 14:57:30,89.3
2025-10-29 15:00:00,89.1
2025-10-29 15:02:30,89.4
2025-10-29 15:05:00,89.4
2025-10-29 15:07:30,89.4
2025-10-29 15:10:00,89.3
2025-10-29 15:12:30,89.4
2025-10-29 15:15:00,89.3
2025-10-29 15:17:30,89.6
2025-10-29 15:20:00,89.4
2025-10-29 15:22:30,89.3
2025-10-29 15:25:00,89.4
2025-10-29 15:27:30,89.2
2025-10-29 15:30:00,89.3
2025-10-29 15:32:30,89.4
2025-10-29 15:35:00,89.4
2025-10-29 15:37:30,89.4
2025-10-29 15:40:00,89.4
2025-10-29 15:42:30,89.4
2025-10-29 15:45:00,89.4
2025-10-29 15:47:30,89.2
2025-10-29 15:50:00,89.4
2025-10-29 15:52:30,89.35
2025-10-29 15:55:00,89.30000000000001
2025-10-29 15:57:30,89.4
2025-10-29 16:00:00,89.30000000000001
2025-10-29 16:02:30,89.4
2025-10-29 16:05:00,89.2
2025-10-29 16:07:30,89.3
2025-10-29 16:10:00,89.4
2025-10-29 16:12:30,89.3
2025-10-29 16:15:00,89.4
2025-10-29 16:17:30,89.2
2025-10-29 16:20:00,89.2
2025-10-29 16:22:30,88.9
2025-10-29 16:25:00,89.4
2025-10-29 16:27:30,89.7
2025-10-29 16:30:00,89.55000000000001
2025-10-29 16:32:30,89.2
2025-10-29 16:35:00,89.2
2025-10-29 16:37:30,89.2
2025-10-29 16:40:00,88.7
2025-10-29 16:42:30,89.2
2025-10-29 16:45:00,89.1
2025-10-29 16:47:30,89.3
2025-10-29 16:50:00,89.35
2025-10-29 16:52:30,89.4
2025-10-29 16:55:00,89.1
2025-10-29 16:57:30,89.0
2025-10-29 17:00:00,89.2
2025-10-29 17:02:30,89.0
2025-10-29 17:05:00,89.0
2025-10-29 17:07:30,89.4
2025-10-29 17:10:00,89.4
2025-10-29 17:12:30,89.0
2025-10-29 17:15:00,89.3
2025-10-29 17:17:30,89.2
2025-10-29 17:20:00,88.8
2025-10-29 17:22:30,88.4
2025-10-29 17:25:00,89.4
2025-10-29 17:27:30,88.7
2025-10-29 17:30:00,89.2
2025-10-29 17:32:30,89.1
2025-10-29 17:35:00,89.4
2025-10-29 17:37:30,89.2
2025-10-29 17:40:00,89.2
2025-10-29 17:42:30,89.4
2025-10-29 17:45:00,89.0
2025-10-29 17:47:30,89.2
2025-10-29 17:50:00,89.2
2025-10-29 17:52:30,89.2
2025-10-29 17:55:00,89.3
2025-10-29 17:57:30,89.2
2025-10-29 18:00:00,89.2
2025-10-29 18:02:30,89.2
2025-10-29 18:05:00,89.1
2025-10-29 18:07:30,88.9
2025-10-29 18:10:00,89.2
2025-10-29 18:12:30,89.4
2025-10-29 18:15:00,89.0
2025-10-29 18:17:30,89.2
2025-10-29 18:20:00,89.2
2025-10-29 18:22:30,89.2
2025-10-29 18:25:00,89.0
2025-10-29 18:27:30,89.3
2025-10-29 18:30:00,89.2
2025-10-29 18:32:30,89.2
2025-10-29 18:35:00,89.2
2025-10-29 18:37:30,89.2
2025-10-29 18:40:00,89.1
2025-10-29 18:42:30,89.2
2025-10-29 18:45:00,89.1
2025-10-29 18:47:30,89.4
2025-10-29 18:50:00,89.3
2025-10-29 18:52:30,89.3
2025-10-29 18:55:00,89.0
2025-10-29 18:57:30,89.2
2025-10-29 19:00:00,89.3
2025-10-29 19:02:30,89.3
2025-10-29 19:05:00,89.4
2025-10-29 19:07:30,89.3
2025-10-29 19:10:00,89.4
2025-10-29 19:12:30,89.4
2025-10-29 19:15:00,88.9
2025-10-29 19:17:30,88.95
2025-10-29 19:20:00,89.1
2025-10-29 19:22:30,89.0
2025-10-29 19:25:00,89.2
2025-10-29 19:27:30,89.1
2025-10-29 19:30:00,89.3
2025-10-29 19:32:30,89.1
2025-10-29 19:35:00,89.3
2025-10-29 19:37:30,89.2
2025-10-29 19:40:00,89.0
2025-10-29 19:42:30,89.1
2025-10-29 19:45:00,89.05000000000001
2025-10-29 19:47:30,89.2
2025-10-29 19:50:00,89.1
2025-10-29 19:52:30,89.0
2025-10-29 19:55:00,89.0
2025-10-29 19:57:30,89.1
2025-10-29 20:00:00,89.0
2025-10-29 20:02:30,89.2
2025-10-29 20:05:00,89.1
2025-10-29 20:07:30,89.0
2025-10-29 20:10:00,89.2
2025-10-29 20:12:30,89.2
2025-10-29 20:15:00,88.9
2025-10-29 20:17:30,89.2
2025-10-29 20:20:00,88.7
2025-10-29 20:22:30,89.2
2025-10-29 20:25:00,89.2
2025-10-29 20:27:30,88.9
2025-10-29 20:30:00,89.1
2025-10-29 20:32:30,89.1
2025-10-29 20:35:00,89.1
2025-10-29 20:37:30,89.2
2025-10-29 20:40:00,89.0
2025-10-29 20:42:30,89.0
2025-10-29 20:45:00,89.0
2025-10-29 20:47:30,89.0
2025-10-29 20:50:00,89.0
2025-10-29 20:52:30,89.0
2025-10-29 20:55:00,89.0
2025-10-29 20:57:30,89.0
2025-10-29 21:00:00,89.0
2025-10-29 21:02:30,89.0
2025-10-29 21:05:00,89.0
2025-10-29 21:07:30,89.0
2025-10-29 21:10:00,89.0
2025-10-29 21:12:30,89.0
2025-10-29 21:15:00,89.0
2025-10-29 21:17:30,89.0
2025-10-29 21:20:00,89.0
2025-10-29 21:22:30,88.9
2025-10-29 21:25:00,89.0
2025-10-29 21:27:30,89.1
2025-10-29 21:30:00,89.1
2025-10-29 21:32:30,88.9
2025-10-29 21:35:00,89.1
2025-10-29 21:37:30,89.0
2025-10-29 21:40:00,88.9
2025-10-29 21:42:30,89.0
2025-10-29 21:45:00,88.9
2025-10-29 21:47:30,89.0
2025-10-29 21:50:00,88.9
2025-10-29 21:52:30,89.0
2025-10-29 21:55:00,89.2
2025-10-29 21:57:30,89.0
2025-10-29 22:00:00,89.0
2025-10-29 22:02:30,88.9
2025-10-29 22:05:00,89.0
2025-10-29 22:07:30,89.1
2025-10-29 22:10:00,89.0
2025-10-29 22:12:30,89.0
2025-10-29 22:15:00,88.9
2025-10-29 22:17:30,88.85
2025-10-29 22:20:00,89.0
2025-10-29 22:22:30,89.1
2025-10-29 22:25:00,89.0
2025-10-29 22:27:30,88.9
2025-10-29 22:30:00,89.0
2025-10-29 22:32:30,89.0
2025-10-29 22:35:00,89.0
2025-10-29 22:37:30,89.0
2025-10-29 22:40:00,89.0
2025-10-29 22:42:30,89.0
2025-10-29 22:45:00,89.0
2025-10-29 22:47:30,89.0
2025-10-29 22:50:00,89.0
2025-10-29 22:52:30,88.95
2025-10-29 22:55:00,88.95
2025-10-29 22:57:30,89.0
2025-10-29 23:00:00,88.9
2025-10-29 23:02:30,89.1
2025-10-29 23:05:00,88.9
2025-10-29 23:07:30,89.0
2025-10-29 23:10:00,89.05
2025-10-29 23:12:30,88.7
2025-10-29 23:15:00,88.9
2025-10-29 23:17:30,88.8
2025-10-29 23:20:00,89.0
2025-10-29 23:22:30,88.9
2025-10-29 23:25:00,89.0
2025-10-29 23:27:30,89.0
2025-10-29 23:30:00,88.9
2025-10-29 23:32:30,88.9
2025-10-29 23:35:00,88.9
2025-10-29 23:37:30,88.9
2025-10-29 23:40:00,88.9
2025-10-29 23:42:30,88.9
2025-10-29 23:45:00,88.9
2025-10-29 23:47:30,88.9
2025-10-29 23:50:00,88.9
2025-10-29 23:52:30,88.9
2025-10-29 23:55:00,88.9
2025-10-29 23:57:30,89.0
2025-10-30 00:00:00,88.9
2025-10-30 00:02:30,88.9
2025-10-30 00:05:00,88.9
2025-10-30 00:07:30,88.9
2025-10-30 00:10:00,88.9
2025-10-30 00:12:30,88.9
2025-10-30 00:15:00,88.9
2025-10-30 00:17:30,88.7
2025-10-30 00:20:00,88.9
2025-10-30 00:22:30,88.9
2025-10-30 00:25:00,89.0
2025-10-30 00:27:30,88.8
2025-10-30 00:30:00,88.9
2025-10-30 00:32:30,88.7
2025-10-30 00:35:00,88.8
2025-10-30 00:37:30,88.9
2025-10-30 00:40:00,88.4
2025-10-30 00:42:30,88.8
2025-10-30 00:45:00,88.9
2025-10-30 00:47:30,88.85
2025-10-30 00:50:00,88.8
2025-10-30 00:52:30,88.5
2025-10-30 00:55:00,88.65
2025-10-30 00:57:30,88.5
2025-10-30 01:00:00,88.65
2025-10-30 01:02:30,88.7
2025-10-30 01:05:00,88.35
2025-10-30 01:07:30,88.5
2025-10-30 01:10:00,88.5
2025-10-30 01:12:30,88.5
2025-10-30 01:15:00,88.7
2025-10-30 01:17:30,87.9
2025-10-30 01:20:00,87.6
2025-10-30 01:22:30,87.6
2025-10-30 01:25:00,88.0
2025-10-30 01:27:30,87.9
2025-10-30 01:30:00,88.0
2025-10-30 01:32:30,88.0
2025-10-30 01:35:00,88.1
2025-10-30 01:37:30,88.5
2025-10-30 01:40:00,88.175
2025-10-30 01:42:30,88.6
2025-10-30 01:45:00,87.5
2025-10-30 01:47:30,87.6
2025-10-30 01:50:00,88.5
2025-10-30 01:52:30,88.4
2025-10-30 01:55:00,87.6
2025-10-30 01:57:30,87.5
2025-10-30 02:00:00,86.7
2025-10-30 02:02:30,87.7
2025-10-30 02:05:00,87.2
2025-10-30 02:07:30,86.6
2025-10-30 02:10:00,87.1
2025-10-30 02:12:30,87.9
2025-10-30 02:15:00,88.0
2025-10-30 02:17:30,87.7
2025-10-30 02:20:00,87.7
2025-10-30 02:22:30,87.6
2025-10-30 02:25:00,88.1
2025-10-30 02:27:30,88.1
2025-10-30 02:30:00,88.4
2025-10-30 02:32:30,88.1
2025-10-30 02:35:00,88.1
2025-10-30 02:37:30,88.0
2025-10-30 02:40:00,88.0
2025-10-30 02:42:30,87.8
2025-10-30 02:45:00,88.0
2025-10-30 02:47:30,88.0
2025-10-30 02:50:00,87.8
2025-10-30 02:52:30,88.0
2025-10-30 02:55:00,88.0
2025-10-30 02:57:30,87.6
2025-10-30 03:00:00,88.0
2025-10-30 03:02:30,87.6
2025-10-30 03:05:00,87.6
2025-10-30 03:07:30,87.9
2025-10-30 03:10:00,87.9
2025-10-30 03:12:30,88.0
2025-10-30 03:15:00,87.7
2025-10-30 03:17:30,88.0
2025-10-30 03:20:00,87.9
2025-10-30 03:22:30,87.5
2025-10-30 03:25:00,87.9
2025-10-30 03:27:30,87.6
2025-10-30 03:30:00,87.7
2025-10-30 03:32:30,87.8
2025-10-30 03:35:00,87.8
2025-10-30 03:37:30,87.8
2025-10-30 03:40:00,87.7
2025-10-30 03:42:30,87.6
2025-10-30 03:45:00,87.6
2025-10-30 03:47:30,87.6
2025-10-30 03:50:00,87.7
2025-10-30 03:52:30,87.4
2025-10-30 03:55:00,87.8
2025-10-30 03:57:30,87.7
2025-10-30 04:00:00,87.7
2025-10-30 04:02:30,87.6
2025-10-30 04:05:00,87.5
2025-10-30 04:07:30,87.6
2025-10-30 04:10:00,87.6
2025-10-30 04:12:30,87.6
2025-10-30 04:15:00,87.6
2025-10-30 04:17:30,87.6
2025-10-30 04:20:00,87.6
2025-10-30 04:22:30,87.6
2025-10-30 04:25:00,87.5
2025-10-30 04:27:30,87.5
2025-10-30 04:30:00,87.5
2025-10-30 04:32:30,87.5
2025-10-30 04:35:00,87.5
2025-10-30 04:37:30,87.5
2025-10-30 04:40:00,87.4
2025-10-30 04:42:30,87.4
2025-10-30 04:45:00,87.4
2025-10-30 04:47:30,87.4
2025-10-30 04:50:00,87.4
2025-10-30 04:52:30,87.4
2025-10-30 04:55:00,87.4
2025-10-30 04:57:30,87.4
2025-10-30 05:00:00,87.4
2025-10-30 05:02:30,87.4
2025-10-30 05:05:00,87.4
2025-10-30 05:07:30,87.3
2025-10-30 05:10:00,87.2
2025-10-30 05:12:30,87.2
2025-10-30 05:15:00,87.2
2025-10-30 05:17:30,87.2
2025-10-30 05:20:00,87.3
2025-10-30 05:22:30,87.2
2025-10-30 05:25:00,87.2
2025-10-30 05:27:30,87.3
2025-10-30 05:30:00,86.7
2025-10-30 05:32:30,86.2
2025-10-30 05:35:00,85.2
2025-10-30 05:37:30,85.7
2025-10-30 05:40:00,86.7
2025-10-30 05:42:30,87.2
2025-10-30 05:45:00,86.6
2025-10-30 05:47:30,87.2
2025-10-30 05:50:00,87.1
2025-10-30 05:52:30,87.2
2025-10-30 05:55:00,87.1
2025-10-30 05:57:30,87.1
2025-10-30 06:00:00,86.9
2025-10-30 06:02:30,87.1
2025-10-30 06:05:00,87.0
2025-10-30 06:07:30,86.7
2025-10-30 06:10:00,87.15
2025-10-30 06:12:30,87.2
2025-10-30 06:15:00,87.1
2025-10-30 06:17:30,86.7
2025-10-30 06:20:00,86.85
2025-10-30 06:22:30,86.9
2025-10-30 06:25:00,86.7
2025-10-30 06:27:30,86.85
2025-10-30 06:30:00,86.7
2025-10-30 06:32:30,86.7
2025-10-30 06:35:00,86.7
2025-10-30 06:37:30,86.7
2025-10-30 06:40:00,86.7
2025-10-30 06:42:30,86.7
2025-10-30 06:45:00,86.7
2025-10-30 06:47:30,86.7
2025-10-30 06:50:00,86.7
2025-10-30 06:52:30,87.1
2025-10-30 06:55:00,87.0
2025-10-30 06:57:30,86.6
2025-10-30 07:00:00,86.7
2025-10-30 07:02:30,86.7
2025-10-30 07:05:00,87.1
2025-10-30 07:07:30,87.1
2025-10-30 07:10:00,87.0
2025-10-30 07:12:30,86.9
2025-10-30 07:15:00,86.9
2025-10-30 07:17:30,86.6
2025-10-30 07:20:00,86.7
2025-10-30 07:22:30,86.7
2025-10-30 07:25:00,86.7
2025-10-30 07:27:30,86.7
2025-10-30 07:30:00,86.7
2025-10-30 07:32:30,86.7
2025-10-30 07:35:00,86.7
2025-10-30 07:37:30,86.7
2025-10-30 07:40:00,86.7
2025-10-30 07:42:30,86.7
2025-10-30 07:45:00,86.6
2025-10-30 07:47:30,86.6
2025-10-30 07:50:00,86.6
2025-10-30 07:52:30,86.6
2025-10-30 07:55:00,86.3
2025-10-30 07:57:30,86.55000000000001
2025-10-30 08:00:00,86.6
2025-10-30 08:02:30,86.7
2025-10-30 08:05:00,86.7
2025-10-30 08:07:30,86.5
2025-10-30 08:10:00,86.7
2025-10-30 08:12:30,86.7
2025-10-30 08:15:00,86.7
2025-10-30 08:17:30,87.0
2025-10-30 08:20:00,86.7
2025-10-30 08:22:30,86.5
2025-10-30 08:25:00,86.7
2025-10-30 08:27:30,86.6
2025-10-30 08:30:00,86.6
2025-10-30 08:32:30,86.4
2025-10-30 08:35:00,86.5
2025-10-30 08:37:30,86.7
2025-10-30 08:40:00,86.6
2025-10-30 08:42:30,86.7
2025-10-30 08:45:00,86.6
2025-10-30 08:47:30,86.4
2025-10-30 08:50:00,86.3
2025-10-30 08:52:30,86.4
2025-10-30 08:55:00,86.6
2025-10-30 08:57:30,86.7
2025-10-30 09:00:00,86.7
2025-10-30 09:02:30,87.0
2025-10-30 09:05:00,86.4
2025-10-30 09:07:30,86.7
2025-10-30 09:10:00,86.6
2025-10-30 09:12:30,86.3
2025-10-30 09:15:00,86.6
2025-10-30 09:17:30,86.9
2025-10-30 09:20:00,86.7
2025-10-30 09:22:30,86.6
2025-10-30 09:25:00,86.5
2025-10-30 09:27:30,87.1
2025-10-30 09:30:00,87.1
2025-10-30 09:32:30,86.5
2025-10-30 09:35:00,86.5
2025-10-30 09:37:30,86.5
2025-10-30 09:40:00,86.5
2025-10-30 09:42:30,86.56666666666666
2025-10-30 09:45:00,86.54166666666666
2025-10-30 09:47:30,86.7
2025-10-30 09:50:00,86.4
2025-10-30 09:52:30,86.7
2025-10-30 09:55:00,86.55000000000001
2025-10-30 09:57:30,85.5
2025-10-30 10:00:00,85.4
2025-10-30 10:02:30,86.4
2025-10-30 10:05:00,86.6
2025-10-30 10:07:30,86.7
2025-10-30 10:10:00,87.0
2025-10-30 10:12:30,87.0
2025-10-30 10:15:00,87.0
2025-10-30 10:17:30,87.0
2025-10-30 10:20:00,87.2
2025-10-30 10:22:30,87.2
2025-10-30 10:25:00,87.2
2025-10-30 10:27:30,87.2
2025-10-30 10:30:00,87.3
2025-10-30 10:32:30,87.4
2025-10-30 10:35:00,87.4
2025-10-30 10:37:30,87.4
2025-10-30 10:40:00,87.5
2025-10-30 10:42:30,87.7
2025-10-30 10:45:00,87.5
2025-10-30 10:47:30,87.6
2025-10-30 10:50:00,87.9
2025-10-30 10:52:30,87.7
2025-10-30 10:55:00,87.7
2025-10-30 10:57:30,88.0
2025-10-30 11:00:00,87.9
2025-10-30 11:02:30,87.9
2025-10-30 11:05:00,88.3
2025-10-30 11:07:30,88.0
2025-10-30 11:10:00,87.9
2025-10-30 11:12:30,88.0
2025-10-30 11:15:00,88.0
2025-10-30 11:17:30,87.8
2025-10-30 11:20:00,88.0
2025-10-30 11:22:30,87.7
2025-10-30 11:25:00,88.0
2025-10-30 11:27:30,88.0
2025-10-30 11:30:00,87.7
2025-10-30 11:32:30,88.0
2025-10-30 11:35:00,88.5
2025-10-30 11:37:30,88.0
2025-10-30 11:40:00,88.0
2025-10-30 11:42:30,88.0
2025-10-30 11:45:00,88.0
2025-10-30 11:47:30,88.4
2025-10-30 11:50:00,88.5
2025-10-30 11:52:30,88.7
2025-10-30 11:55:00,88.7
2025-10-30 11:57:30,88.9
2025-10-30 12:00:00,88.7
2025-10-30 12:02:30,88.5
2025-10-30 12:05:00,88.9
2025-10-30 12:07:30,88.9
2025-10-30 12:10:00,88.6
2025-10-30 12:12:30,88.8
2025-10-30 12:15:00,88.8
2025-10-30 12:17:30,88.9
2025-10-30 12:20:00,89.1
2025-10-30 12:22:30,89.0
2025-10-30 12:25:00,88.9
2025-10-30 12:27:30,89.1
2025-10-30 12:30:00,89.0
2025-10-30 12:32:30,89.0
2025-10-30 12:35:00,88.9
2025-10-30 12:37:30,89.1
2025-10-30 12:40:00,89.0
2025-10-30 12:42:30,89.4
2025-10-30 12:45:00,89.2
2025-10-30 12:47:30,89.1
2025-10-30 12:50:00,89.1
2025-10-30 12:52:30,89.4
2025-10-30 12:55:00,89.7
2025-10-30 12:57:30,89.7
2025-10-30 13:00:00,89.7
2025-10-30 13:02:30,89.7
2025-10-30 13:05:00,89.8
2025-10-30 13:07:30,89.7
2025-10-30 13:10:00,89.4
2025-10-30 13:12:30,90.0
2025-10-30 13:15:00,89.8
2025-10-30 13:17:30,89.7
2025-10-30 13:20:00,89.7
2025-10-30 13:22:30,89.8
2025-10-30 13:25:00,89.8
2025-10-30 13:27:30,89.7
2025-10-30 13:30:00,89.7
2025-10-30 13:32:30,89.4
2025-10-30 13:35:00,89.8
2025-10-30 13:37:30,89.7
2025-10-30 13:40:00,89.8
2025-10-30 13:42:30,89.3
2025-10-30 13:45:00,89.8
2025-10-30 13:47:30,89.4
2025-10-30 13:50:00,89.8
2025-10-30 13:52:30,89.7
2025-10-30 13:55:00,89.8
2025-10-30 13:57:30,89.7
2025-10-30 14:00:00,89.7
2025-10-30 14:02:30,89.7
2025-10-30 14:05:00,89.4
2025-10-30 14:07:30,89.9
2025-10-30 14:10:00,89.7
2025-10-30 14:12:30,89.4
2025-10-30 14:15:00,89.8
2025-10-30 14:17:30,89.4
2025-10-30 14:20:00,89.7
2025-10-30 14:22:30,89.8
2025-10-30 14:25:00,89.8
2025-10-30 14:27:30,89.4
2025-10-30 14:30:00,89.8
2025-10-30 14:32:30,89.7
2025-10-30 14:35:00,89.9
2025-10-30 14:37:30,89.7
2025-10-30 14:40:00,89.1
2025-10-30 14:42:30,89.7
2025-10-30 14:45:00,89.8
2025-10-30 14:47:30,89.3
2025-10-30 14:50:00,89.7
2025-10-30 14:52:30,90.0
2025-10-30 14:55:00,89.4
2025-10-30 14:57:30,89.7
2025-10-30 15:00:00,89.4
2025-10-30 15:02:30,89.7
2025-10-30 15:05:00,89.7
2025-10-30 15:07:30,89.7
2025-10-30 15:10:00,89.7
2025-10-30 15:12:30,89.7
2025-10-30 15:15:00,89.7
2025-10-30 15:17:30,89.4
2025-10-30 15:20:00,89.8
2025-10-30 15:22:30,89.7
2025-10-30 15:25:00,89.4
2025-10-30 15:27:30,89.8
2025-10-30 15:30:00,89.3
2025-10-30 15:32:30,89.8
2025-10-30 15:35:00,89.7
2025-10-30 15:37:30,89.7
2025-10-30 15:40:00,89.65
2025-10-30 15:42:30,89.7
2025-10-30 15:45:00,89.7
2025-10-30 15:47:30,89.7
2025-10-30 15:50:00,89.7
2025-10-30 15:52:30,89.7
2025-10-30 15:55:00,89.7
2025-10-30 15:57:30,89.7
2025-10-30 16:00:00,89.8
2025-10-30 16:02:30,89.4
2025-10-30 16:05:00,89.7
2025-10-30 16:07:30,89.8
2025-10-30 16:10:00,89.4
2025-10-30 16:12:30,89.7
2025-10-30 16:15:00,89.4
2025-10-30 16:17:30,89.4
2025-10-30 16:20:00,89.0
2025-10-30 16:22:30,89.4
2025-10-30 16:25:00,89.2
2025-10-30 16:27:30,89.7
2025-10-30 16:30:00,89.4
2025-10-30 16:32:30,89.4
2025-10-30 16:35:00,89.0
2025-10-30 16:37:30,89.3
2025-10-30 16:40:00,89.2
2025-10-30 16:42:30,89.2
2025-10-30 16:45:00,89.4
2025-10-30 16:47:30,89.55000000000001
2025-10-30 16:50:00,89.4
2025-10-30 16:52:30,89.4
2025-10-30 16:55:00,89.4
2025-10-30 16:57:30,89.4
2025-10-30 17:00:00,89.4
2025-10-30 17:02:30,89.4
2025-10-30 17:05:00,89.4
2025-10-30 17:07:30,89.4
2025-10-30 17:10:00,89.4
2025-10-30 17:12:30,89.4
2025-10-30 17:15:00,89.4
2025-10-30 17:17:30,89.4
2025-10-30 17:20:00,89.4
2025-10-30 17:22:30,89.4
2025-10-30 17:25:00,89.4
2025-10-30 17:27:30,89.4
2025-10-30 17:30:00,89.4
2025-10-30 17:32:30,89.4
2025-10-30 17:35:00,89.4
2025-10-30 17:37:30,89.4
2025-10-30 17:40:00,89.4
2025-10-30 17:42:30,89.4
2025-10-30 17:45:00,89.4
2025-10-30 17:47:30,89.4
2025-10-30 17:50:00,89.4
2025-10-30 17:52:30,89.4
2025-10-30 17:55:00,89.4
2025-10-30 17:57:30,89.4
2025-10-30 18:00:00,89.4
2025-10-30 18:02:30,89.4
2025-10-30 18:05:00,89.4
2025-10-30 18:07:30,89.4
2025-10-30 18:10:00,89.4
2025-10-30 18:12:30,89.2
2025-10-30 18:15:00,89.4
2025-10-30 18:17:30,89.4
2025-10-30 18:20:00,89.4
2025-10-30 18:22:30,89.4
2025-10-30 18:25:00,89.3
2025-10-30 18:27:30,89.4
2025-10-30 18:30:00,89.4
2025-10-30 18:32:30,89.3
2025-10-30 18:35:00,89.2
2025-10-30 18:37:30,89.2
2025-10-30 18:40:00,89.2
2025-10-30 18:42:30,89.2
2025-10-30 18:45:00,89.2
2025-10-30 18:47:30,89.2
2025-10-30 18:50:00,89.3
2025-10-30 18:52:30,89.3
2025-10-30 18:55:00,89.3
2025-10-30 18:57:30,89.3
2025-10-30 19:00:00,89.3
2025-10-30 19:02:30,89.4
2025-10-30 19:05:00,89.2
2025-10-30 19:07:30,89.4
2025-10-30 19:10:00,89.2
2025-10-30 19:12:30,89.4
2025-10-30 19:15:00,89.25
2025-10-30 19:17:30,89.15
2025-10-30 19:20:00,89.2
2025-10-30 19:22:30,89.4
2025-10-30 19:25:00,89.2
2025-10-30 19:27:30,89.2
2025-10-30 19:30:00,89.2
2025-10-30 19:32:30,89.2
2025-10-30 19:35:00,89.4
2025-10-30 19:37:30,89.2
2025-10-30 19:40:00,89.2
2025-10-30 19:42:30,89.2
2025-10-30 19:45:00,89.1
2025-10-30 19:47:30,89.3
2025-10-30 19:50:00,89.2
2025-10-30 19:52:30,89.2
2025-10-30 19:55:00,89.2
2025-10-30 19:57:30,89.2
2025-10-30 20:00:00,89.2
2025-10-30 20:02:30,89.2
2025-10-30 20:05:00,89.2
2025-10-30 20:07:30,89.2
2025-10-30 20:10:00,89.2
2025-10-30 20:12:30,89.2
2025-10-30 20:15:00,89.2
2025-10-30 20:17:30,89.2
2025-10-30 20:20:00,89.15
2025-10-30 20:22:30,88.95
2025-10-30 20:25:00,89.2
2025-10-30 20:27:30,89.4
2025-10-30 20:30:00,89.4
2025-10-30 20:32:30,89.3
2025-10-30 20:35:00,89.3
2025-10-30 20:37:30,89.2
2025-10-30 20:40:00,89.2
2025-10-30 20:42:30,89.2
2025-10-30 20:45:00,88.9
2025-10-30 20:47:30,89.3
2025-10-30 20:50:00,89.2
2025-10-30 20:52:30,89.4
2025-10-30 20:55:00,89.1
2025-10-30 20:57:30,89.0
2025-10-30 21:00:00,89.2
2025-10-30 21:02:30,89.1
2025-10-30 21:05:00,89.2
2025-10-30 21:07:30,89.1
2025-10-30 21:10:00,89.0
2025-10-30 21:12:30,89.0
2025-10-30 21:15:00,89.25
2025-10-30 21:17:30,89.0
2025-10-30 21:20:00,89.3
2025-10-30 21:22:30,89.2
2025-10-30 21:25:00,89.2
2025-10-30 21:27:30,89.0
2025-10-30 21:30:00,89.4
2025-10-30 21:32:30,89.2
2025-10-30 21:35:00,89.2
2025-10-30 21:37:30,88.9
2025-10-30 21:40:00,88.9
2025-10-30 21:42:30,89.1
2025-10-30 21:45:00,88.9
2025-10-30 21:47:30,89.1
2025-10-30 21:50:00,89.0
2025-10-30 21:52:30,89.0
2025-10-30 21:55:00,89.1
2025-10-30 21:57:30,89.0
2025-10-30 22:00:00,89.2
2025-10-30 22:02:30,89.2
2025-10-30 22:05:00,89.1
2025-10-30 22:07:30,88.95
2025-10-30 22:10:00,88.9
2025-10-30 22:12:30,89.2
2025-10-30 22:15:00,89.1
2025-10-30 22:17:30,89.2
2025-10-30 22:20:00,88.9
2025-10-30 22:22:30,89.1
2025-10-30 22:25:00,89.05
2025-10-30 22:27:30,89.1
2025-10-30 22:30:00,88.85
2025-10-30 22:32:30,89.05
2025-10-30 22:35:00,88.85
2025-10-30 22:37:30,89.0
2025-10-30 22:40:00,89.1
2025-10-30 22:42:30,89.0
2025-10-30 22:45:00,89.0
2025-10-30 22:47:30,89.2
2025-10-30 22:50:00,89.0
2025-10-30 22:52:30,89.2
2025-10-30 22:55:00,89.25
2025-10-30 22:57:30,89.1
2025-10-30 23:00:00,89.0
2025-10-30 23:02:30,89.1
2025-10-30 23:05:00,89.0
2025-10-30 23:07:30,89.0
2025-10-30 23:10:00,89.0
2025-10-30 23:12:30,89.0
2025-10-30 23:15:00,89.0
2025-10-30 23:17:30,89.0
2025-10-30 23:20:00,89.0
2025-10-30 23:22:30,89.0
2025-10-30 23:25:00,89.0
2025-10-30 23:27:30,89.0
2025-10-30 23:30:00,89.0
2025-10-30 23:32:30,89.2
2025-10-30 23:35:00,89.0
2025-10-30 23:37:30,89.0
2025-10-30 23:40:00,89.05
2025-10-30 23:42:30,88.95
2025-10-30 23:45:00,88.95
2025-10-30 23:47:30,89.0
2025-10-30 23:50:00,88.9
2025-10-30 23:52:30,89.0
2025-10-30 23:55:00,89.0
2025-10-30 23:57:30,89.0
2025-10-31 00:00:00,89.0
2025-10-31 00:02:30,88.9
2025-10-31 00:05:00,89.0
2025-10-31 00:07:30,89.0
2025-10-31 00:10:00,89.15
2025-10-31 00:12:30,89.1
2025-10-31 00:15:00,88.95
2025-10-31 00:17:30,89.05
2025-10-31 00:20:00,89.1
2025-10-31 00:22:30,88.95
2025-10-31 00:25:00,89.0
2025-10-31 00:27:30,88.95
2025-10-31 00:30:00,88.85
2025-10-31 00:32:30,88.9
2025-10-31 00:35:00,88.9
2025-10-31 00:37:30,88.9
2025-10-31 00:40:00,88.9
2025-10-31 00:42:30,89.19999999999999
2025-10-31 00:45:00,89.15
2025-10-31 00:47:30,88.9
2025-10-31 00:50:00,88.7
2025-10-31 00:52:30,89.0
2025-10-31 00:55:00,88.30000000000001
2025-10-31 00:57:30,88.5
2025-10-31 01:00:00,88.7
2025-10-31 01:02:30,88.80000000000001
2025-10-31 01:05:00,88.5
2025-10-31 01:07:30,87.4
2025-10-31 01:10:00,87.95
2025-10-31 01:12:30,88.9
2025-10-31 01:15:00,89.2
2025-10-31 01:17:30,88.9
2025-10-31 01:20:00,88.8
2025-10-31 01:22:30,88.9
2025-10-31 01:25:00,89.0
2025-10-31 01:27:30,89.0
2025-10-31 01:30:00,88.9
2025-10-31 01:32:30,89.0
2025-10-31 01:35:00,88.9
2025-10-31 01:37:30,88.6
2025-10-31 01:40:00,88.4
2025-10-31 01:42:30,88.4
2025-10-31 01:45:00,88.5
2025-10-31 01:47:30,88.4
2025-10-31 01:50:00,88.8
2025-10-31 01:52:30,88.4
2025-10-31 01:55:00,88.9
2025-10-31 01:57:30,87.9
2025-10-31 02:00:00,87.9
2025-10-31 02:02:30,88.0
2025-10-31 02:05:00,89.0
2025-10-31 02:07:30,88.8
2025-10-31 02:10:00,88.525
2025-10-31 02:12:30,87.8
2025-10-31 02:15:00,88.5
2025-10-31 02:17:30,88.9
2025-10-31 02:20:00,88.69999999999999
2025-10-31 02:22:30,88.5
2025-10-31 02:25:00,88.9
2025-10-31 02:27:30,88.8
2025-10-31 02:30:00,88.5
2025-10-31 02:32:30,89.0
2025-10-31 02:35:00,88.75
2025-10-31 02:37:30,88.7
2025-10-31 02:40:00,88.8
2025-10-31 02:42:30,88.0
2025-10-31 02:45:00,87.5
2025-10-31 02:47:30,87.5
2025-10-31 02:50:00,88.5
2025-10-31 02:52:30,88.0
2025-10-31 02:55:00,88.9
2025-10-31 02:57:30,88.46666666666665
2025-10-31 03:00:00,87.6
2025-10-31 03:02:30,88.5
2025-10-31 03:05:00,88.8
2025-10-31 03:07:30,88.9
2025-10-31 03:10:00,88.7
2025-10-31 03:12:30,88.7
2025-10-31 03:15:00,88.3
2025-10-31 03:17:30,88.5
2025-10-31 03:20:00,88.5
2025-10-31 03:22:30,88.5
2025-10-31 03:25:00,88.8
2025-10-31 03:27:30,88.5
2025-10-31 03:30:00,88.6
2025-10-31 03:32:30,88.0
2025-10-31 03:35:00,88.7
2025-10-31 03:37:30,88.4
2025-10-31 03:40:00,88.8
2025-10-31 03:42:30,88.1
2025-10-31 03:45:00,88.8
2025-10-31 03:47:30,88.9
2025-10-31 03:50:00,88.7
2025-10-31 03:52:30,87.9
2025-10-31 03:55:00,87.1
2025-10-31 03:57:30,87.2
2025-10-31 04:00:00,87.6
2025-10-31 04:02:30,86.6
2025-10-31 04:05:00,86.96666666666665
2025-10-31 04:07:30,86.7
2025-10-31 04:10:00,86.95555555555556
2025-10-31 04:12:30,87.2
2025-10-31 04:15:00,88.0
2025-10-31 04:17:30,87.7
2025-10-31 04:20:00,88.4
2025-10-31 04:22:30,88.6
2025-10-31 04:25:00,88.5
2025-10-31 04:27:30,87.8
2025-10-31 04:30:00,87.7
2025-10-31 04:32:30,87.85
2025-10-31 04:35:00,88.5
2025-10-31 04:37:30,87.4
2025-10-31 04:40:00,86.4
2025-10-31 04:42:30,87.13333333333333
2025-10-31 04:45:00,87.30833333333334
2025-10-31 04:47:30,87.6
2025-10-31 04:50:00,88.1
2025-10-31 04:52:30,87.8
2025-10-31 04:55:00,88.0
2025-10-31 04:57:30,87.4
2025-10-31 05:00:00,87.7
2025-10-31 05:02:30,87.8
2025-10-31 05:05:00,88.0
2025-10-31 05:07:30,87.6
2025-10-31 05:10:00,87.9
2025-10-31 05:12:30,87.9
2025-10-31 05:15:00,88.0
2025-10-31 05:17:30,87.9
2025-10-31 05:20:00,87.9
2025-10-31 05:22:30,88.0
2025-10-31 05:25:00,88.0
2025-10-31 05:27:30,87.9
2025-10-31 05:30:00,87.9
2025-10-31 05:32:30,87.9
2025-10-31 05:35:00,87.9
2025-10-31 05:37:30,87.9
2025-10-31 05:40:00,87.9
2025-10-31 05:42:30,87.9
2025-10-31 05:45:00,87.7
2025-10-31 05:47:30,87.7
2025-10-31 05:50:00,87.7
2025-10-31 05:52:30,87.7
2025-10-31 05:55:00,87.7
2025-10-31 05:57:30,87.7
2025-10-31 06:00:00,87.8
2025-10-31 06:02:30,87.7
2025-10-31 06:05:00,87.6
2025-10-31 06:07:30,88.0
2025-10-31 06:10:00,87.80000000000001
2025-10-31 06:12:30,87.7
2025-10-31 06:15:00,87.7
2025-10-31 06:17:30,87.6
2025-10-31 06:20:00,87.7
2025-10-31 06:22:30,87.9
2025-10-31 06:25:00,87.6
2025-10-31 06:27:30,88.0
2025-10-31 06:30:00,87.6
2025-10-31 06:32:30,87.7
2025-10-31 06:35:00,87.6
2025-10-31 06:37:30,87.8
2025-10-31 06:40:00,87.7
2025-10-31 06:42:30,87.6
2025-10-31 06:45:00,87.7
2025-10-31 06:47:30,87.6
2025-10-31 06:50:00,87.7
2025-10-31 06:52:30,87.6
2025-10-31 06:55:00,87.6
2025-10-31 06:57:30,87.6
2025-10-31 07:00:00,87.6
2025-10-31 07:02:30,87.6
2025-10-31 07:05:00,87.6
2025-10-31 07:07:30,87.6
2025-10-31 07:10:00,87.6
2025-10-31 07:12:30,87.6
2025-10-31 07:15:00,87.6
2025-10-31 07:17:30,87.6
2025-10-31 07:20:00,87.6
2025-10-31 07:22:30,87.6
2025-10-31 07:25:00,87.6
2025-10-31 07:27:30,87.6
2025-10-31 07:30:00,87.6
2025-10-31 07:32:30,87.6
2025-10-31 07:35:00,87.6
2025-10-31 07:37:30,87.6
2025-10-31 07:40:00,87.6
2025-10-31 07:42:30,87.3
2025-10-31 07:45:00,87.5
2025-10-31 07:47:30,87.5
2025-10-31 07:50:00,87.6
2025-10-31 07:52:30,87.5
2025-10-31 07:55:00,87.7
2025-10-31 07:57:30,87.9
2025-10-31 08:00:00,87.6
2025-10-31 08:02:30,87.5
2025-10-31 08:05:00,87.6
2025-10-31 08:07:30,87.6
2025-10-31 08:10:00,87.5
2025-10-31 08:12:30,87.6
2025-10-31 08:15:00,87.4
2025-10-31 08:17:30,87.5
2025-10-31 08:20:00,87.6
2025-10-31 08:22:30,87.4
2025-10-31 08:25:00,87.4
2025-10-31 08:27:30,87.45
2025-10-31 08:30:00,87.5
2025-10-31 08:32:30,87.7
2025-10-31 08:35:00,87.5
2025-10-31 08:37:30,87.4
2025-10-31 08:40:00,87.4
2025-10-31 08:42:30,87.7
2025-10-31 08:45:00,87.6
2025-10-31 08:47:30,87.4
2025-10-31 08:50:00,87.4
2025-10-31 08:52:30,87.2
2025-10-31 08:55:00,87.6
2025-10-31 08:57:30,87.2
2025-10-31 09:00:00,87.6
2025-10-31 09:02:30,87.5
2025-10-31 09:05:00,87.6
2025-10-31 09:07:30,87.7
2025-10-31 09:10:00,87.7
2025-10-31 09:12:30,87.7
2025-10-31 09:15:00,87.9
2025-10-31 09:17:30,87.7
2025-10-31 09:20:00,87.7
2025-10-31 09:22:30,87.7
2025-10-31 09:25:00,87.7
2025-10-31 09:27:30,87.8
2025-10-31 09:30:00,87.6
2025-10-31 09:32:30,87.6
2025-10-31 09:35:00,87.6
2025-10-31 09:37:30,87.6
2025-10-31 09:40:00,87.6
2025-10-31 09:42:30,87.6
2025-10-31 09:45:00,87.7
2025-10-31 09:47:30,87.7
2025-10-31 09:50:00,87.7
2025-10-31 09:52:30,87.6
2025-10-31 09:55:00,87.6
2025-10-31 09:57:30,87.7
2025-10-31 10:00:00,87.6
2025-10-31 10:02:30,87.7
2025-10-31 10:05:00,87.6
2025-10-31 10:07:30,87.7
2025-10-31 10:10:00,87.7
2025-10-31 10:12:30,87.7
2025-10-31 10:15:00,87.9
2025-10-31 10:17:30,87.9
2025-10-31 10:20:00,88.0
2025-10-31 10:22:30,88.0
2025-10-31 10:25:00,88.0
2025-10-31 10:27:30,88.0
2025-10-31 10:30:00,88.4
2025-10-31 10:32:30,88.5
2025-10-31 10:35:00,88.4
2025-10-31 10:37:30,88.0
2025-10-31 10:40:00,88.0
2025-10-31 10:42:30,88.1
2025-10-31 10:45:00,88.5
2025-10-31 10:47:30,88.7
2025-10-31 10:50:00,88.7
2025-10-31 10:52:30,88.7
2025-10-31 10:55:00,88.8
2025-10-31 10:57:30,88.8
2025-10-31 11:00:00,88.8
2025-10-31 11:02:30,88.8
2025-10-31 11:05:00,88.8
2025-10-31 11:07:30,88.9
2025-10-31 11:10:00,88.9
2025-10-31 11:12:30,88.7
2025-10-31 11:15:00,88.5
2025-10-31 11:17:30,88.9
2025-10-31 11:20:00,89.1
2025-10-31 11:22:30,89.0
2025-10-31 11:25:00,89.2
2025-10-31 11:27:30,88.9
2025-10-31 11:30:00,89.4
2025-10-31 11:32:30,89.4
2025-10-31 11:35:00,89.3
2025-10-31 11:37:30,89.2
2025-10-31 11:40:00,89.0
2025-10-31 11:42:30,89.2
2025-10-31 11:45:00,89.4
2025-10-31 11:47:30,89.4
2025-10-31 11:50:00,89.6
2025-10-31 11:52:30,89.7
2025-10-31 11:55:00,89.7
2025-10-31 11:57:30,89.7
2025-10-31 12:00:00,89.8
2025-10-31 12:02:30,89.8
2025-10-31 12:05:00,89.8
2025-10-31 12:07:30,89.8
2025-10-31 12:10:00,90.0
2025-10-31 12:12:30,90.0
2025-10-31 12:15:00,90.0
2025-10-31 12:17:30,90.0
2025-10-31 12:20:00,90.2
2025-10-31 12:22:30,90.2
2025-10-31 12:25:00,90.3
2025-10-31 12:27:30,90.1
2025-10-31 12:30:00,90.2
2025-10-31 12:32:30,90.5
2025-10-31 12:35:00,90.3
2025-10-31 12:37:30,90.5
2025-10-31 12:40:00,90.4
2025-10-31 12:42:30,90.3
2025-10-31 12:45:00,90.2
2025-10-31 12:47:30,89.3
2025-10-31 12:50:00,89.6
2025-10-31 12:52:30,89.44999999999999
2025-10-31 12:55:00,89.84999999999998
2025-10-31 12:57:30,90.02499999999999
2025-10-31 13:00:00,90.5
2025-10-31 13:02:30,90.3
2025-10-31 13:05:00,89.2
2025-10-31 13:07:30,89.9
2025-10-31 13:10:00,90.3
2025-10-31 13:12:30,90.3
2025-10-31 13:15:00,90.4
2025-10-31 13:17:30,89.8
2025-10-31 13:20:00,89.8
2025-10-31 13:22:30,90.4
2025-10-31 13:25:00,90.5
2025-10-31 13:27:30,91.2
2025-10-31 13:30:00,91.3
2025-10-31 13:32:30,90.65
2025-10-31 13:35:00,91.4
2025-10-31 13:37:30,91.3
2025-10-31 13:40:00,90.7
2025-10-31 13:42:30,91.3
2025-10-31 13:45:00,91.2
2025-10-31 13:47:30,91.1
2025-10-31 13:50:00,90.7
2025-10-31 13:52:30,91.15
2025-10-31 13:55:00,91.4
2025-10-31 13:57:30,91.45
2025-10-31 14:00:00,91.15
2025-10-31 14:02:30,91.69999999999999
2025-10-31 14:05:00,91.15
2025-10-31 14:07:30,91.19999999999999
2025-10-31 14:10:00,90.7
2025-10-31 14:12:30,90.7
2025-10-31 14:15:00,90.5
2025-10-31 14:17:30,91.1
2025-10-31 14:20:00,91.3
2025-10-31 14:22:30,91.1
2025-10-31 14:25:00,91.15
2025-10-31 14:27:30,91.5
2025-10-31 14:30:00,91.1
2025-10-31 14:32:30,91.3
2025-10-31 14:35:00,91.1
2025-10-31 14:37:30,90.65
2025-10-31 14:40:00,91.3
2025-10-31 14:42:30,91.25
2025-10-31 14:45:00,91.0
2025-10-31 14:47:30,91.25
2025-10-31 14:50:00,90.4
2025-10-31 14:52:30,90.7
2025-10-31 14:55:00,90.44999999999999
2025-10-31 14:57:30,91.1
2025-10-31 15:00:00,90.55000000000001
2025-10-31 15:02:30,90.5
2025-10-31 15:05:00,91.5
2025-10-31 15:07:30,91.1
2025-10-31 15:10:00,91.3
2025-10-31 15:12:30,91.19999999999999
2025-10-31 15:15:00,90.7
2025-10-31 15:17:30,90.94999999999999
2025-10-31 15:20:00,91.3
2025-10-31 15:22:30,91.19999999999999
2025-10-31 15:25:00,90.35
2025-10-31 15:27:30,90.7
2025-10-31 15:30:00,91.35
2025-10-31 15:32:30,90.5
2025-10-31 15:35:00,91.2
2025-10-31 15:37:30,90.5
2025-10-31 15:40:00,90.7
2025-10-31 15:42:30,91.3
2025-10-31 15:45:00,90.7
2025-10-31 15:47:30,91.1
2025-10-31 15:50:00,90.5
2025-10-31 15:52:30,90.55000000000001
2025-10-31 15:55:00,91.1
2025-10-31 15:57:30,91.1
2025-10-31 16:00:00,91.3
2025-10-31 16:02:30,91.1
2025-10-31 16:05:00,90.7
2025-10-31 16:07:30,91.1
2025-10-31 16:10:00,91.1
2025-10-31 16:12:30,91.2
2025-10-31 16:15:00,90.7
2025-10-31 16:17:30,91.3
2025-10-31 16:20:00,90.7
2025-10-31 16:22:30,90.7
2025-10-31 16:25:00,91.1
2025-10-31 16:27:30,91.1
2025-10-31 16:30:00,91.1
2025-10-31 16:32:30,91.2
2025-10-31 16:35:00,90.5
2025-10-31 16:37:30,90.6
2025-10-31 16:40:00,90.7
2025-10-31 16:42:30,91.1
2025-10-31 16:45:00,90.7
2025-10-31 16:47:30,90.5
2025-10-31 16:50:00,90.7
2025-10-31 16:52:30,91.1
2025-10-31 16:55:00,90.5
2025-10-31 16:57:30,91.1
2025-10-31 17:00:00,91.1
2025-10-31 17:02:30,91.2
2025-10-31 17:05:00,90.7
2025-10-31 17:07:30,90.3
2025-10-31 17:10:00,90.7
2025-10-31 17:12:30,90.7
2025-10-31 17:15:00,90.7
2025-10-31 17:17:30,90.7
2025-10-31 17:20:00,90.6
2025-10-31 17:22:30,90.4
2025-10-31 17:25:00,90.6
2025-10-31 17:27:30,90.6
2025-10-31 17:30:00,90.7
2025-10-31 17:32:30,90.5
2025-10-31 17:35:00,90.5
2025-10-31 17:37:30,90.5
2025-10-31 17:40:00,90.7
2025-10-31 17:42:30,90.7
2025-10-31 17:45:00,90.7
2025-10-31 17:47:30,90.6
2025-10-31 17:50:00,90.5
2025-10-31 17:52:30,90.4
2025-10-31 17:55:00,90.5
2025-10-31 17:57:30,90.7
2025-10-31 18:00:00,90.7
2025-10-31 18:02:30,90.5
2025-10-31 18:05:00,90.6
2025-10-31 18:07:30,90.5
2025-10-31 18:10:00,90.5
2025-10-31 18:12:30,90.65
2025-10-31 18:15:00,90.5
2025-10-31 18:17:30,90.7
2025-10-31 18:20:00,90.3
2025-10-31 18:22:30,90.5
2025-10-31 18:25:00,90.6
2025-10-31 18:27:30,90.6
2025-10-31 18:30:00,90.7
2025-10-31 18:32:30,90.5
2025-10-31 18:35:00,90.5
2025-10-31 18:37:30,90.4
2025-10-31 18:40:00,90.6
2025-10-31 18:42:30,90.5
2025-10-31 18:45:00,90.5
2025-10-31 18:47:30,90.7
2025-10-31 18:50:00,90.5
2025-10-31 18:52:30,90.7
2025-10-31 18:55:00,90.7
2025-10-31 18:57:30,90.4
2025-10-31 19:00:00,90.5
2025-10-31 19:02:30,90.4
2025-10-31 19:05:00,90.5
2025-10-31 19:07:30,90.7
2025-10-31 19:10:00,90.7
2025-10-31 19:12:30,90.7
2025-10-31 19:15:00,90.5
2025-10-31 19:17:30,90.5
2025-10-31 19:20:00,90.7
2025-10-31 19:22:30,90.5
2025-10-31 19:25:00,90.7
2025-10-31 19:27:30,90.5
2025-10-31 19:30:00,90.7
2025-10-31 19:32:30,90.5
2025-10-31 19:35:00,90.7
2025-10-31 19:37:30,90.4
2025-10-31 19:40:00,90.7
2025-10-31 19:42:30,90.7
2025-10-31 19:45:00,90.5
2025-10-31 19:47:30,90.2
2025-10-31 19:50:00,90.5
2025-10-31 19:52:30,90.5
2025-10-31 19:55:00,90.5
2025-10-31 19:57:30,90.4
2025-10-31 20:00:00,90.5
2025-10-31 20:02:30,90.4
2025-10-31 20:05:00,90.4
2025-10-31 20:07:30,90.5
2025-10-31 20:10:00,90.2
2025-10-31 20:12:30,90.0
2025-10-31 20:15:00,90.2
2025-10-31 20:17:30,90.5
2025-10-31 20:20:00,89.8
2025-10-31 20:22:30,89.8
2025-10-31 20:25:00,90.075
2025-10-31 20:27:30,90.4
2025-10-31 20:30:00,90.3
2025-10-31 20:32:30,90.0
2025-10-31 20:35:00,90.0
2025-10-31 20:37:30,89.725
2025-10-31 20:40:00,90.0
2025-10-31 20:42:30,88.9
2025-10-31 20:45:00,89.60000000000001
2025-10-31 20:47:30,90.4
2025-10-31 20:50:00,89.9
2025-10-31 20:52:30,90.3
2025-10-31 20:55:00,90.3
2025-10-31 20:57:30,90.6
2025-10-31 21:00:00,90.0
2025-10-31 21:02:30,90.4
2025-10-31 21:05:00,90.5
2025-10-31 21:07:30,90.4
2025-10-31 21:10:00,90.5
2025-10-31 21:12:30,90.5
2025-10-31 21:15:00,90.6
2025-10-31 21:17:30,90.4
2025-10-31 21:20:00,90.1
2025-10-31 21:22:30,90.3
2025-10-31 21:25:00,90.5
2025-10-31 21:27:30,90.5
2025-10-31 21:30:00,90.3
2025-10-31 21:32:30,90.2
2025-10-31 21:35:00,90.3
2025-10-31 21:37:30,90.3
2025-10-31 21:40:00,90.3
2025-10-31 21:42:30,90.3
2025-10-31 21:45:00,90.3
2025-10-31 21:47:30,90.3
2025-10-31 21:50:00,90.3
2025-10-31 21:52:30,90.3
2025-10-31 21:55:00,90.3
2025-10-31 21:57:30,90.3
2025-10-31 22:00:00,90.3
2025-10-31 22:02:30,90.3
2025-10-31 22:05:00,90.3
2025-10-31 22:07:30,90.3
2025-10-31 22:10:00,90.7
2025-10-31 22:12:30,90.3
2025-10-31 22:15:00,90.3
2025-10-31 22:17:30,90.3
2025-10-31 22:20:00,89.9
2025-10-31 22:22:30,89.7
2025-10-31 22:25:00,90.3
2025-10-31 22:27:30,90.2
2025-10-31 22:30:00,90.5
2025-10-31 22:32:30,89.7
2025-10-31 22:35:00,90.6
2025-10-31 22:37:30,90.3
2025-10-31 22:40:00,90.2
2025-10-31 22:42:30,90.3
2025-10-31 22:45:00,90.7
2025-10-31 22:47:30,90.3
2025-10-31 22:50:00,90.5
2025-10-31 22:52:30,90.6
2025-10-31 22:55:00,90.5
2025-10-31 22:57:30,90.4
2025-10-31 23:00:00,90.3
2025-10-31 23:02:30,90.3
2025-10-31 23:05:00,90.5
2025-10-31 23:07:30,90.3
2025-10-31 23:10:00,90.5
2025-10-31 23:12:30,90.2
2025-10-31 23:15:00,90.3
2025-10-31 23:17:30,90.4
2025-10-31 23:20:00,90.2
2025-10-31 23:22:30,90.3
2025-10-31 23:25:00,90.1
2025-10-31 23:27:30,90.0
2025-10-31 23:30:00,90.1
2025-10-31 23:32:30,90.2
2025-10-31 23:35:00,90.2
2025-10-31 23:37:30,90.1
2025-10-31 23:40:00,90.4
2025-10-31 23:42:30,89.8
2025-10-31 23:45:00,90.2
2025-10-31 23:47:30,90.3
2025-10-31 23:50:00,90.3
2025-10-31 23:52:30,90.2
2025-10-31 23:55:00,90.4
2025-10-31 23:57:30,89.8
2025-11-01 00:00:00,90.2
2025-11-01 00:02:30,89.9
2025-11-01 00:05:00,90.0
2025-11-01 00:07:30,89.9
2025-11-01 00:10:00,90.0
2025-11-01 00:12:30,90.3
2025-11-01 00:15:00,89.8
2025-11-01 00:17:30,89.8
2025-11-01 00:20:00,90.2
2025-11-01 00:22:30,90.3
2025-11-01 00:25:00,90.02499999999999
2025-11-01 00:27:30,89.4
2025-11-01 00:30:00,90.2
2025-11-01 00:32:30,90.1
2025-11-01 00:35:00,90.4
2025-11-01 00:37:30,90.2
2025-11-01 00:40:00,90.3
2025-11-01 00:42:30,90.2
2025-11-01 00:45:00,90.4
2025-11-01 00:47:30,90.2
2025-11-01 00:50:00,90.3
2025-11-01 00:52:30,89.9
2025-11-01 00:55:00,90.1
2025-11-01 00:57:30,89.2
2025-11-01 01:00:00,89.4
2025-11-01 01:02:30,88.9
2025-11-01 01:05:00,89.4
2025-11-01 01:07:30,89.3
2025-11-01 01:10:00,90.0
2025-11-01 01:12:30,90.1
2025-11-01 01:15:00,89.625
2025-11-01 01:17:30,89.4
2025-11-01 01:20:00,89.0
2025-11-01 01:22:30,88.05000000000001
2025-11-01 01:25:00,88.51666666666667
2025-11-01 01:27:30,88.5
2025-11-01 01:30:00,88.50833333333333
2025-11-01 01:32:30,88.50416666666666
2025-11-01 01:35:00,88.50625
2025-11-01 01:37:30,88.50520833333333
2025-11-01 01:40:00,88.50572916666667
2025-11-01 01:42:30,88.50546875
2025-11-01 01:45:00,88.50559895833334
2025-11-01 01:47:30,88.50553385416667
2025-11-01 01:50:00,88.50556640625001
2025-11-01 01:52:30,88.50555013020835
2025-11-01 01:55:00,88.50555826822918
2025-11-01 01:57:30,88.50555419921876
2025-11-01 02:00:00,88.50555623372398
2025-11-01 02:02:30,88.50555521647138
2025-11-01 02:05:00,88.50555572509768
2025-11-01 02:07:30,88.50555547078453
2025-11-01 02:10:00,88.50555559794111
2025-11-01 02:12:30,88.50555553436283
2025-11-01 02:15:00,88.50555556615197
2025-11-01 02:17:30,88.5055555502574
2025-11-01 02:20:00,88.50555555820469
2025-11-01 02:22:30,88.50555555423105
2025-11-01 02:25:00,88.50555555621787
2025-11-01 02:27:30,88.50555555522446
2025-11-01 02:30:00,88.50555555572117
2025-11-01 02:32:30,88.50555555547282
2025-11-01 02:35:00,88.505555555597
2025-11-01 02:37:30,88.50555555553491
2025-11-01 02:40:00,88.50555555556596
2025-11-01 02:42:30,88.50555555555044
2025-11-01 02:45:00,88.5055555555582
2025-11-01 02:47:30,88.50555555555432
2025-11-01 02:50:00,88.50555555555627
2025-11-01 02:52:30,88.5055555555553
2025-11-01 02:55:00,88.50555555555579
2025-11-01 02:57:30,88.50555555555555
2025-11-01 03:00:00,88.50555555555567
2025-11-01 03:02:30,88.50555555555562
2025-11-01 03:05:00,88.50555555555565
2025-11-01 03:07:30,88.50555555555563
2025-11-01 03:10:00,88.50555555555565
2025-11-01 03:12:30,88.50555555555565
2025-11-01 03:15:00,88.50555555555565
2025-11-01 03:17:30,88.50555555555565
2025-11-01 03:20:00,88.50555555555565
2025-11-01 03:22:30,88.50555555555565
2025-11-01 03:25:00,88.50555555555565
2025-11-01 03:27:30,88.50555555555565
2025-11-01 03:30:00,88.50555555555565
2025-11-01 03:32:30,88.50555555555565
2025-11-01 03:35:00,88.50555555555565
2025-11-01 03:37:30,88.50555555555565
2025-11-01 03:40:00,88.50555555555565
2025-11-01 03:42:30,88.50555555555565
2025-11-01 03:45:00,88.50555555555565
2025-11-01 03:47:30,88.50555555555565
2025-11-01 03:50:00,88.50555555555565
2025-11-01 03:52:30,88.87037037037044
2025-11-01 03:55:00,88.99197530864201
2025-11-01 03:57:30,89.6
2025-11-01 04:00:00,90.2
2025-11-01 04:02:30,90.0
2025-11-01 04:05:00,90.0
2025-11-01 04:07:30,90.0
2025-11-01 04:10:00,90.0
2025-11-01 04:12:30,90.1
2025-11-01 04:15:00,90.0
2025-11-01 04:17:30,90.0
2025-11-01 04:20:00,89.8
2025-11-01 04:22:30,89.9
2025-11-01 04:25:00,90.0
2025-11-01 04:27:30,90.0
2025-11-01 04:30:00,89.8
2025-11-01 04:32:30,89.9
2025-11-01 04:35:00,89.9
2025-11-01 04:37:30,89.8
2025-11-01 04:40:00,90.0
2025-11-01 04:42:30,89.8
2025-11-01 04:45:00,89.9
2025-11-01 04:47:30,89.8
2025-11-01 04:50:00,89.8
2025-11-01 04:52:30,90.0
2025-11-01 04:55:00,89.8
2025-11-01 04:57:30,89.8
2025-11-01 05:00:00,89.8
2025-11-01 05:02:30,89.8
2025-11-01 05:05:00,89.8
2025-11-01 05:07:30,89.8
2025-11-01 05:10:00,89.8
2025-11-01 05:12:30,89.8
2025-11-01 05:15:00,89.8
2025-11-01 05:17:30,89.8
2025-11-01 05:20:00,89.8
2025-11-01 05:22:30,89.8
2025-11-01 05:25:00,89.8
2025-11-01 05:27:30,89.8
2025-11-01 05:30:00,89.8
2025-11-01 05:32:30,89.8
2025-11-01 05:35:00,89.8
2025-11-01 05:37:30,89.8
2025-11-01 05:40:00,89.8
2025-11-01 05:42:30,89.8
2025-11-01 05:45:00,89.8
2025-11-01 05:47:30,89.8
2025-11-01 05:50:00,89.8
2025-11-01 05:52:30,89.8
2025-11-01 05:55:00,89.8
2025-11-01 05:57:30,89.8
2025-11-01 06:00:00,89.7
2025-11-01 06:02:30,90.0
2025-11-01 06:05:00,89.7
2025-11-01 06:07:30,89.8
2025-11-01 06:10:00,89.7
2025-11-01 06:12:30,89.4
2025-11-01 06:15:00,89.6
2025-11-01 06:17:30,89.4
2025-11-01 06:20:00,89.1
2025-11-01 06:22:30,89.4
2025-11-01 06:25:00,89.4
2025-11-01 06:27:30,89.4
2025-11-01 06:30:00,89.4
2025-11-01 06:32:30,89.4
2025-11-01 06:35:00,89.4
2025-11-01 06:37:30,89.4
2025-11-01 06:40:00,89.4
2025-11-01 06:42:30,89.4
2025-11-01 06:45:00,89.4
2025-11-01 06:47:30,89.7
2025-11-01 06:50:00,89.2
2025-11-01 06:52:30,89.7
2025-11-01 06:55:00,89.4
2025-11-01 06:57:30,89.6
2025-11-01 07:00:00,89.0
2025-11-01 07:02:30,89.7
2025-11-01 07:05:00,89.4
2025-11-01 07:07:30,89.3
2025-11-01 07:10:00,89.8
2025-11-01 07:12:30,89.4
2025-11-01 07:15:00,89.4
2025-11-01 07:17:30,89.7
2025-11-01 07:20:00,89.4
2025-11-01 07:22:30,89.2
2025-11-01 07:25:00,89.7
2025-11-01 07:27:30,89.7
2025-11-01 07:30:00,89.4
2025-11-01 07:32:30,89.4
2025-11-01 07:35:00,89.2
2025-11-01 07:37:30,89.7
2025-11-01 07:40:00,89.5
2025-11-01 07:42:30,89.4
2025-11-01 07:45:00,89.4
2025-11-01 07:47:30,89.3
2025-11-01 07:50:00,89.4
2025-11-01 07:52:30,89.4
2025-11-01 07:55:00,89.4
2025-11-01 07:57:30,89.4
2025-11-01 08:00:00,89.4
2025-11-01 08:02:30,89.4
2025-11-01 08:05:00,89.4
2025-11-01 08:07:30,89.4
2025-11-01 08:10:00,89.0
2025-11-01 08:12:30,89.0
2025-11-01 08:15:00,88.7
2025-11-01 08:17:30,87.6
2025-11-01 08:20:00,88.15
2025-11-01 08:22:30,89.3
2025-11-01 08:25:00,88.8
2025-11-01 08:27:30,88.8
2025-11-01 08:30:00,88.4
2025-11-01 08:32:30,89.2
2025-11-01 08:35:00,89.0
2025-11-01 08:37:30,89.0
2025-11-01 08:40:00,89.4
2025-11-01 08:42:30,89.4
2025-11-01 08:45:00,89.4
2025-11-01 08:47:30,89.2
2025-11-01 08:50:00,88.8
2025-11-01 08:52:30,89.0
2025-11-01 08:55:00,88.8
2025-11-01 08:57:30,89.2
2025-11-01 09:00:00,88.9
2025-11-01 09:02:30,88.9
2025-11-01 09:05:00,88.9
2025-11-01 09:07:30,88.9
2025-11-01 09:10:00,88.9
2025-11-01 09:12:30,88.9
2025-11-01 09:15:00,88.9
2025-11-01 09:17:30,88.9
2025-11-01 09:20:00,88.9
2025-11-01 09:22:30,89.4
2025-11-01 09:25:00,89.16666666666667
2025-11-01 09:27:30,89.2
2025-11-01 09:30:00,89.22222222222223
2025-11-01 09:32:30,89.3
2025-11-01 09:35:00,89.26805555555555
2025-11-01 09:37:30,89.4
2025-11-01 09:40:00,89.15
2025-11-01 09:42:30,88.9
2025-11-01 09:45:00,89.8
2025-11-01 09:47:30,88.7
2025-11-01 09:50:00,89.4
2025-11-01 09:52:30,89.2
2025-11-01 09:55:00,89.4
2025-11-01 09:57:30,89.3
2025-11-01 10:00:00,89.30000000000001
2025-11-01 10:02:30,89.2
2025-11-01 10:05:00,89.4
2025-11-01 10:07:30,89.30000000000001
2025-11-01 10:10:00,89.4
2025-11-01 10:12:30,89.7
2025-11-01 10:15:00,89.4
2025-11-01 10:17:30,89.8
2025-11-01 10:20:00,89.675
2025-11-01 10:22:30,89.7
2025-11-01 10:25:00,89.8
2025-11-01 10:27:30,89.2
2025-11-01 10:30:00,89.2
2025-11-01 10:32:30,90.0
2025-11-01 10:35:00,89.7
2025-11-01 10:37:30,90.0
2025-11-01 10:40:00,90.2
2025-11-01 10:42:30,90.6
2025-11-01 10:45:00,90.7
2025-11-01 10:47:30,90.3
2025-11-01 10:50:00,90.4
2025-11-01 10:52:30,90.5
2025-11-01 10:55:00,90.5
2025-11-01 10:57:30,91.1
2025-11-01 11:00:00,90.7
2025-11-01 11:02:30,90.7
2025-11-01 11:05:00,90.7
2025-11-01 11:07:30,91.35
2025-11-01 11:10:00,91.3
2025-11-01 11:12:30,91.3
2025-11-01 11:15:00,90.7
2025-11-01 11:17:30,90.6
2025-11-01 11:20:00,91.1
2025-11-01 11:22:30,91.3
2025-11-01 11:25:00,91.3
2025-11-01 11:27:30,91.4
2025-11-01 11:30:00,91.5
2025-11-01 11:32:30,91.5
2025-11-01 11:35:00,91.5
2025-11-01 11:37:30,91.5
2025-11-01 11:40:00,91.5
2025-11-01 11:42:30,91.5
2025-11-01 11:45:00,91.6
2025-11-01 11:47:30,91.6
2025-11-01 11:50:00,91.8
2025-11-01 11:52:30,91.6
2025-11-01 11:55:00,91.9
2025-11-01 11:57:30,91.8
2025-11-01 12:00:00,92.3
2025-11-01 12:02:30,92.2
2025-11-01 12:05:00,91.6
2025-11-01 12:07:30,91.6
2025-11-01 12:10:00,92.0
2025-11-01 12:12:30,91.2
2025-11-01 12:15:00,92.2
2025-11-01 12:17:30,92.4
2025-11-01 12:20:00,92.8
2025-11-01 12:22:30,92.4
2025-11-01 12:25:00,92.4
2025-11-01 12:27:30,92.7
2025-11-01 12:30:00,92.7
2025-11-01 12:32:30,92.7
2025-11-01 12:35:00,92.7
2025-11-01 12:37:30,92.6
2025-11-01 12:40:00,92.8
2025-11-01 12:42:30,92.8
2025-11-01 12:45:00,92.8
2025-11-01 12:47:30,92.8
2025-11-01 12:50:00,92.8
2025-11-01 12:52:30,92.9
2025-11-01 12:55:00,92.9
2025-11-01 12:57:30,92.9
2025-11-01 13:00:00,93.1
2025-11-01 13:02:30,92.9
2025-11-01 13:05:00,93.1
2025-11-01 13:07:30,92.9
2025-11-01 13:10:00,92.8
2025-11-01 13:12:30,93.1
2025-11-01 13:15:00,92.7
2025-11-01 13:17:30,93.1
2025-11-01 13:20:00,92.7
2025-11-01 13:22:30,92.4
2025-11-01 13:25:00,92.4
2025-11-01 13:27:30,91.7
2025-11-01 13:30:00,92.7
2025-11-01 13:32:30,92.44999999999999
2025-11-01 13:35:00,92.5
2025-11-01 13:37:30,92.9
2025-11-01 13:40:00,92.80000000000001
2025-11-01 13:42:30,92.9
2025-11-01 13:45:00,92.9
2025-11-01 13:47:30,92.70000000000002
2025-11-01 13:50:00,92.4
2025-11-01 13:52:30,92.6
2025-11-01 13:55:00,92.9
2025-11-01 13:57:30,92.4
2025-11-01 14:00:00,92.9
2025-11-01 14:02:30,92.6
2025-11-01 14:05:00,92.9
2025-11-01 14:07:30,92.6
2025-11-01 14:10:00,92.8
2025-11-01 14:12:30,92.6
2025-11-01 14:15:00,92.6
2025-11-01 14:17:30,92.4
2025-11-01 14:20:00,92.9
2025-11-01 14:22:30,92.70000000000002
2025-11-01 14:25:00,92.9
2025-11-01 14:27:30,92.6
2025-11-01 14:30:00,92.0
2025-11-01 14:32:30,93.1
2025-11-01 14:35:00,92.9
2025-11-01 14:37:30,92.60000000000001
2025-11-01 14:40:00,91.8
2025-11-01 14:42:30,92.14999999999999
2025-11-01 14:45:00,92.0
2025-11-01 14:47:30,92.2
2025-11-01 14:50:00,92.4
2025-11-01 14:52:30,92.6
2025-11-01 14:55:00,92.6
2025-11-01 14:57:30,92.2
2025-11-01 15:00:00,92.7
2025-11-01 15:02:30,92.55000000000001
2025-11-01 15:05:00,92.4
2025-11-01 15:07:30,92.9
2025-11-01 15:10:00,93.0
2025-11-01 15:12:30,92.4
2025-11-01 15:15:00,92.3
2025-11-01 15:17:30,92.6
2025-11-01 15:20:00,92.8
2025-11-01 15:22:30,92.35
2025-11-01 15:25:00,91.9
2025-11-01 15:27:30,92.2875
2025-11-01 15:30:00,92.7
2025-11-01 15:32:30,92.2
2025-11-01 15:35:00,91.7
2025-11-01 15:37:30,92.1
2025-11-01 15:40:00,92.7
2025-11-01 15:42:30,92.7
2025-11-01 15:45:00,92.5
2025-11-01 15:47:30,92.6
2025-11-01 15:50:00,92.5
2025-11-01 15:52:30,92.6
2025-11-01 15:55:00,92.6
2025-11-01 15:57:30,92.8
2025-11-01 16:00:00,92.7
2025-11-01 16:02:30,91.6
2025-11-01 16:05:00,92.4
2025-11-01 16:07:30,92.4
2025-11-01 16:10:00,92.6
2025-11-01 16:12:30,92.4
2025-11-01 16:15:00,92.5
2025-11-01 16:17:30,92.5
2025-11-01 16:20:00,92.8
2025-11-01 16:22:30,92.6
2025-11-01 16:25:00,92.8
2025-11-01 16:27:30,92.8
2025-11-01 16:30:00,92.9
2025-11-01 16:32:30,92.7
2025-11-01 16:35:00,92.4
2025-11-01 16:37:30,92.9
2025-11-01 16:40:00,91.9
2025-11-01 16:42:30,92.7
2025-11-01 16:45:00,92.3
2025-11-01 16:47:30,91.6
2025-11-01 16:50:00,91.3
2025-11-01 16:52:30,91.3
2025-11-01 16:55:00,91.23333333333333
2025-11-01 16:57:30,91.23333333333333
2025-11-01 17:00:00,91.1
2025-11-01 17:02:30,91.3
2025-11-01 17:05:00,91.7
2025-11-01 17:07:30,91.5
2025-11-01 17:10:00,92.3
2025-11-01 17:12:30,92.4
2025-11-01 17:15:00,92.8
2025-11-01 17:17:30,92.6
2025-11-01 17:20:00,92.4
2025-11-01 17:22:30,92.4
2025-11-01 17:25:00,92.8
2025-11-01 17:27:30,92.2
2025-11-01 17:30:00,92.6
2025-11-01 17:32:30,92.4
2025-11-01 17:35:00,92.6
2025-11-01 17:37:30,92.9
2025-11-01 17:40:00,92.2
2025-11-01 17:42:30,92.4
2025-11-01 17:45:00,92.2
2025-11-01 17:47:30,92.7
2025-11-01 17:50:00,92.6
2025-11-01 17:52:30,92.8
2025-11-01 17:55:00,92.9
2025-11-01 17:57:30,92.9
2025-11-01 18:00:00,92.9
2025-11-01 18:02:30,92.8
2025-11-01 18:05:00,92.9
2025-11-01 18:07:30,92.9
2025-11-01 18:10:00,92.9
2025-11-01 18:12:30,92.8
2025-11-01 18:15:00,92.8
2025-11-01 18:17:30,92.8
2025-11-01 18:20:00,92.8
2025-11-01 18:22:30,92.8
2025-11-01 18:25:00,92.8
2025-11-01 18:27:30,92.8
2025-11-01 18:30:00,92.8
2025-11-01 18:32:30,92.8
2025-11-01 18:35:00,92.8
2025-11-01 18:37:30,92.8
2025-11-01 18:40:00,92.8
2025-11-01 18:42:30,92.8
2025-11-01 18:45:00,92.8
2025-11-01 18:47:30,92.8
2025-11-01 18:50:00,92.8
2025-11-01 18:52:30,92.8
2025-11-01 18:55:00,92.8
2025-11-01 18:57:30,92.8
2025-11-01 19:00:00,92.8
2025-11-01 19:02:30,92.8
2025-11-01 19:05:00,92.8
2025-11-01 19:07:30,92.8
2025-11-01 19:10:00,92.8
2025-11-01 19:12:30,92.8
2025-11-01 19:15:00,92.8
2025-11-01 19:17:30,92.8
2025-11-01 19:20:00,92.8
2025-11-01 19:22:30,92.8
2025-11-01 19:25:00,92.8
2025-11-01 19:27:30,92.8
2025-11-01 19:30:00,92.8
2025-11-01 19:32:30,92.4
2025-11-01 19:35:00,92.6
2025-11-01 19:37:30,92.6
2025-11-01 19:40:00,92.4
2025-11-01 19:42:30,92.7
2025-11-01 19:45:00,92.8
2025-11-01 19:47:30,92.8
2025-11-01 19:50:00,92.8
2025-11-01 19:52:30,92.8
2025-11-01 19:55:00,92.8
2025-11-01 19:57:30,92.8
2025-11-01 20:00:00,92.8
2025-11-01 20:02:30,92.8
2025-11-01 20:05:00,92.8
2025-11-01 20:07:30,92.8
2025-11-01 20:10:00,92.7
2025-11-01 20:12:30,92.4
2025-11-01 20:15:00,92.8
2025-11-01 20:17:30,92.7
2025-11-01 20:20:00,92.8
2025-11-01 20:22:30,92.9
2025-11-01 20:25:00,92.6
2025-11-01 20:27:30,92.7
2025-11-01 20:30:00,92.7
2025-11-01 20:32:30,92.6
2025-11-01 20:35:00,92.6
2025-11-01 20:37:30,92.6
2025-11-01 20:40:00,92.6
2025-11-01 20:42:30,92.6
2025-11-01 20:45:00,92.5
2025-11-01 20:47:30,92.4
2025-11-01 20:50:00,92.9
2025-11-01 20:52:30,92.8
2025-11-01 20:55:00,92.6
2025-11-01 20:57:30,92.4
2025-11-01 21:00:00,92.6
2025-11-01 21:02:30,92.8
2025-11-01 21:05:00,92.7
2025-11-01 21:07:30,92.6
2025-11-01 21:10:00,92.6
2025-11-01 21:12:30,92.4
2025-11-01 21:15:00,92.4
2025-11-01 21:17:30,92.8
2025-11-01 21:20:00,92.7
2025-11-01 21:22:30,92.6
2025-11-01 21:25:00,92.7
2025-11-01 21:27:30,92.4
2025-11-01 21:30:00,92.4
2025-11-01 21:32:30,92.5
2025-11-01 21:35:00,92.9
2025-11-01 21:37:30,92.6
2025-11-01 21:40:00,92.6
2025-11-01 21:42:30,92.3
2025-11-01 21:45:00,92.4
2025-11-01 21:47:30,92.6
2025-11-01 21:50:00,92.8
2025-11-01 21:52:30,92.6
2025-11-01 21:55:00,92.5
2025-11-01 21:57:30,92.7
2025-11-01 22:00:00,92.4
2025-11-01 22:02:30,92.4
2025-11-01 22:05:00,92.5
2025-11-01 22:07:30,92.6
2025-11-01 22:10:00,92.6
2025-11-01 22:12:30,92.6
2025-11-01 22:15:00,92.6
2025-11-01 22:17:30,92.6
2025-11-01 22:20:00,92.6
2025-11-01 22:22:30,92.6
2025-11-01 22:25:00,92.5
2025-11-01 22:27:30,92.6
2025-11-01 22:30:00,92.6
2025-11-01 22:32:30,92.6
2025-11-01 22:35:00,92.4
2025-11-01 22:37:30,92.6
2025-11-01 22:40:00,92.4
2025-11-01 22:42:30,92.4
2025-11-01 22:45:00,92.4
2025-11-01 22:47:30,92.6
2025-11-01 22:50:00,92.7
2025-11-01 22:52:30,92.4
2025-11-01 22:55:00,92.5
2025-11-01 22:57:30,92.4
2025-11-01 23:00:00,92.4
2025-11-01 23:02:30,92.8
2025-11-01 23:05:00,92.5
2025-11-01 23:07:30,92.4
2025-11-01 23:10:00,92.6
2025-11-01 23:12:30,92.4
2025-11-01 23:15:00,91.7
2025-11-01 23:17:30,92.6
2025-11-01 23:20:00,92.4
2025-11-01 23:22:30,92.4
2025-11-01 23:25:00,92.4
2025-11-01 23:27:30,92.4
2025-11-01 23:30:00,92.6
2025-11-01 23:32:30,92.3
2025-11-01 23:35:00,92.5
2025-11-01 23:37:30,92.4
2025-11-01 23:40:00,92.4
2025-11-01 23:42:30,92.4
2025-11-01 23:45:00,92.4
2025-11-01 23:47:30,92.7
2025-11-01 23:50:00,92.4
2025-11-01 23:52:30,92.6
2025-11-01 23:55:00,92.6
2025-11-01 23:57:30,92.5
2025-11-02 00:00:00,92.7
2025-11-02 00:02:30,92.4
2025-11-02 00:05:00,92.4
2025-11-02 00:07:30,92.5
2025-11-02 00:10:00,92.3
2025-11-02 00:12:30,92.3
2025-11-02 00:15:00,92.6
2025-11-02 00:17:30,92.4
2025-11-02 00:20:00,92.3
2025-11-02 00:22:30,92.4
2025-11-02 00:25:00,92.3
2025-11-02 00:27:30,92.3
2025-11-02 00:30:00,92.3
2025-11-02 00:32:30,92.4
2025-11-02 00:35:00,92.4
2025-11-02 00:37:30,92.4
2025-11-02 00:40:00,92.3
2025-11-02 00:42:30,92.3
2025-11-02 00:45:00,92.3
2025-11-02 00:47:30,92.4
2025-11-02 00:50:00,92.6
2025-11-02 00:52:30,92.4
2025-11-02 00:55:00,92.3
2025-11-02 00:57:30,92.0
2025-11-02 01:00:00,92.2
2025-11-02 01:02:30,91.6
2025-11-02 01:05:00,92.0
2025-11-02 01:07:30,92.1
2025-11-02 01:10:00,92.3
2025-11-02 01:12:30,92.3
2025-11-02 01:15:00,92.3
2025-11-02 01:17:30,92.0
2025-11-02 01:20:00,92.2
2025-11-02 01:22:30,91.8
2025-11-02 01:25:00,91.8
2025-11-02 01:27:30,91.85
2025-11-02 01:30:00,91.8
2025-11-02 01:32:30,92.0
2025-11-02 01:35:00,91.3
2025-11-02 01:37:30,91.76666666666667
2025-11-02 01:40:00,91.67916666666667
2025-11-02 01:42:30,92.0
2025-11-02 01:45:00,91.65
2025-11-02 01:47:30,91.2
2025-11-02 01:50:00,91.3
2025-11-02 01:52:30,91.3
2025-11-02 01:55:00,91.8
2025-11-02 01:57:30,91.6
2025-11-02 02:00:00,91.6
2025-11-02 02:02:30,91.5
2025-11-02 02:05:00,91.6
2025-11-02 02:07:30,91.275
2025-11-02 02:10:00,90.5
2025-11-02 02:12:30,91.5
2025-11-02 02:15:00,91.7
2025-11-02 02:17:30,91.3
2025-11-02 02:20:00,91.3
2025-11-02 02:22:30,91.4
2025-11-02 02:25:00,91.5
2025-11-02 02:27:30,91.3
2025-11-02 02:30:00,91.5
2025-11-02 02:32:30,91.3
2025-11-02 02:35:00,91.3
2025-11-02 02:37:30,91.4
2025-11-02 02:40:00,91.5
2025-11-02 02:42:30,91.4
2025-11-02 02:45:00,91.4
2025-11-02 02:47:30,91.4
2025-11-02 02:50:00,91.5
2025-11-02 02:52:30,91.5
2025-11-02 02:55:00,91.5
2025-11-02 02:57:30,91.2
2025-11-02 03:00:00,91.1
2025-11-02 03:02:30,90.4
2025-11-02 03:05:00,91.2
2025-11-02 03:07:30,90.4
2025-11-02 03:10:00,91.1
2025-11-02 03:12:30,90.4
2025-11-02 03:15:00,91.4
2025-11-02 03:17:30,91.4
2025-11-02 03:20:00,91.3
2025-11-02 03:22:30,91.3
2025-11-02 03:25:00,91.1
2025-11-02 03:27:30,90.3
2025-11-02 03:30:00,90.5
2025-11-02 03:32:30,90.0
2025-11-02 03:35:00,90.0
2025-11-02 03:37:30,90.5
2025-11-02 03:40:00,90.575
2025-11-02 03:42:30,90.5
2025-11-02 03:45:00,91.3
2025-11-02 03:47:30,90.7
2025-11-02 03:50:00,89.8
2025-11-02 03:52:30,90.3
2025-11-02 03:55:00,90.2
2025-11-02 03:57:30,91.1
2025-11-02 04:00:00,90.7
2025-11-02 04:02:30,90.4
2025-11-02 04:05:00,90.5
2025-11-02 04:07:30,90.5
2025-11-02 04:10:00,90.0
2025-11-02 04:12:30,90.7
2025-11-02 04:15:00,91.1
2025-11-02 04:17:30,90.2
2025-11-02 04:20:00,90.7
2025-11-02 04:22:30,90.6
2025-11-02 04:25:00,90.1
2025-11-02 04:27:30,89.8
2025-11-02 04:30:00,90.3
2025-11-02 04:32:30,90.5
2025-11-02 04:35:00,89.8
2025-11-02 04:37:30,88.9
2025-11-02 04:40:00,89.35
2025-11-02 04:42:30,90.5
2025-11-02 04:45:00,90.3
2025-11-02 04:47:30,90.6
2025-11-02 04:50:00,90.0
2025-11-02 04:52:30,90.0
2025-11-02 04:55:00,90.0
2025-11-02 04:57:30,89.4
2025-11-02 05:00:00,90.3
2025-11-02 05:02:30,89.7
2025-11-02 05:05:00,90.2
2025-11-02 05:07:30,90.0
2025-11-02 05:10:00,90.1
2025-11-02 05:12:30,89.85
2025-11-02 05:15:00,89.6
2025-11-02 05:17:30,89.7
2025-11-02 05:20:00,90.5
2025-11-02 05:22:30,90.075
2025-11-02 05:25:00,90.3
2025-11-02 05:27:30,89.8
2025-11-02 05:30:00,90.2
2025-11-02 05:32:30,89.9
2025-11-02 05:35:00,89.8
2025-11-02 05:37:30,90.3
2025-11-02 05:40:00,89.9
2025-11-02 05:42:30,89.94999999999999
2025-11-02 05:45:00,89.7
2025-11-02 05:47:30,88.9
2025-11-02 05:50:00,90.1
2025-11-02 05:52:30,90.1
2025-11-02 05:55:00,90.3
2025-11-02 05:57:30,90.2
2025-11-02 06:00:00,90.0
2025-11-02 06:02:30,89.3
2025-11-02 06:05:00,90.2
2025-11-02 06:07:30,89.76666666666667
2025-11-02 06:10:00,89.8
2025-11-02 06:12:30,89.0
2025-11-02 06:15:00,89.0
2025-11-02 06:17:30,88.0
2025-11-02 06:20:00,88.5
2025-11-02 06:22:30,88.63333333333333
2025-11-02 06:25:00,88.84444444444443
2025-11-02 06:27:30,89.4
2025-11-02 06:30:00,90.0
2025-11-02 06:32:30,89.4
2025-11-02 06:35:00,89.3
2025-11-02 06:37:30,89.7
2025-11-02 06:40:00,90.1
2025-11-02 06:42:30,89.0
2025-11-02 06:45:00,88.0
2025-11-02 06:47:30,88.63333333333333
2025-11-02 06:50:00,88.80833333333332
2025-11-02 06:52:30,88.9
2025-11-02 06:55:00,89.7
2025-11-02 06:57:30,89.2
2025-11-02 07:00:00,89.3
2025-11-02 07:02:30,89.9
2025-11-02 07:05:00,89.53333333333335
2025-11-02 07:07:30,89.4
2025-11-02 07:10:00,88.5
2025-11-02 07:12:30,88.95
2025-11-02 07:15:00,89.8
2025-11-02 07:17:30,89.8
2025-11-02 07:20:00,89.9
2025-11-02 07:22:30,90.05000000000001
2025-11-02 07:25:00,89.8
2025-11-02 07:27:30,89.15
2025-11-02 07:30:00,90.0
2025-11-02 07:32:30,88.9
2025-11-02 07:35:00,89.4
2025-11-02 07:37:30,88.9
2025-11-02 07:40:00,90.0
2025-11-02 07:42:30,89.2
2025-11-02 07:45:00,89.0
2025-11-02 07:47:30,90.0
2025-11-02 07:50:00,89.9
2025-11-02 07:52:30,89.4
2025-11-02 07:55:00,89.7
2025-11-02 07:57:30,89.0
2025-11-02 08:00:00,89.1
2025-11-02 08:02:30,89.8
2025-11-02 08:05:00,89.7
2025-11-02 08:07:30,90.3
2025-11-02 08:10:00,89.7
2025-11-02 08:12:30,89.0
2025-11-02 08:15:00,89.8
2025-11-02 08:17:30,89.53333333333335
2025-11-02 08:20:00,89.75833333333333
2025-11-02 08:22:30,89.8
2025-11-02 08:25:00,89.9
2025-11-02 08:27:30,89.15
2025-11-02 08:30:00,88.75
2025-11-02 08:32:30,89.7
2025-11-02 08:35:00,89.4
2025-11-02 08:37:30,89.4
2025-11-02 08:40:00,89.8
2025-11-02 08:42:30,89.6
2025-11-02 08:45:00,89.8
2025-11-02 08:47:30,89.8
2025-11-02 08:50:00,89.8
2025-11-02 08:52:30,89.8
2025-11-02 08:55:00,89.8
2025-11-02 08:57:30,89.8
2025-11-02 09:00:00,89.8
2025-11-02 09:02:30,90.2
2025-11-02 09:05:00,89.8
2025-11-02 09:07:30,89.8
2025-11-02 09:10:00,89.15
2025-11-02 09:12:30,90.0
2025-11-02 09:15:00,89.4
2025-11-02 09:17:30,89.8
2025-11-02 09:20:00,89.8
2025-11-02 09:22:30,89.7
2025-11-02 09:25:00,89.7
2025-11-02 09:27:30,90.0
2025-11-02 09:30:00,89.8
2025-11-02 09:32:30,89.9
2025-11-02 09:35:00,89.4
2025-11-02 09:37:30,90.0
2025-11-02 09:40:00,89.4
2025-11-02 09:42:30,89.9
2025-11-02 09:45:00,89.8
2025-11-02 09:47:30,89.6
2025-11-02 09:50:00,90.1
2025-11-02 09:52:30,89.9
2025-11-02 09:55:00,89.9
2025-11-02 09:57:30,89.8
2025-11-02 10:00:00,89.8
2025-11-02 10:02:30,89.9
2025-11-02 10:05:00,90.0
2025-11-02 10:07:30,89.9
2025-11-02 10:10:00,90.0
2025-11-02 10:12:30,90.0
2025-11-02 10:15:00,90.0
2025-11-02 10:17:30,90.0
2025-11-02 10:20:00,90.2
2025-11-02 10:22:30,90.2
2025-11-02 10:25:00,90.3
2025-11-02 10:27:30,90.4
2025-11-02 10:30:00,90.4
2025-11-02 10:32:30,90.4
2025-11-02 10:35:00,90.4
2025-11-02 10:37:30,90.5
2025-11-02 10:40:00,90.5
2025-11-02 10:42:30,90.5
2025-11-02 10:45:00,90.7
2025-11-02 10:47:30,90.7
2025-11-02 10:50:00,90.7
2025-11-02 10:52:30,90.7
2025-11-02 10:55:00,90.7
2025-11-02 10:57:30,91.3
2025-11-02 11:00:00,91.5
2025-11-02 11:02:30,91.5
2025-11-02 11:05:00,91.4
2025-11-02 11:07:30,91.5
2025-11-02 11:10:00,91.5
2025-11-02 11:12:30,91.6
2025-11-02 11:15:00,91.4
2025-11-02 11:17:30,91.4
2025-11-02 11:20:00,91.5
2025-11-02 11:22:30,91.5
2025-11-02 11:25:00,91.5
2025-11-02 11:27:30,91.5
2025-11-02 11:30:00,91.5
2025-11-02 11:32:30,91.5
2025-11-02 11:35:00,91.8
2025-11-02 11:37:30,91.7
2025-11-02 11:40:00,91.7
2025-11-02 11:42:30,91.9
2025-11-02 11:45:00,91.8
2025-11-02 11:47:30,92.0
2025-11-02 11:50:00,92.0
2025-11-02 11:52:30,92.3
2025-11-02 11:55:00,92.3
2025-11-02 11:57:30,92.0
2025-11-02 12:00:00,92.3
2025-11-02 12:02:30,92.3
2025-11-02 12:05:00,92.4
2025-11-02 12:07:30,92.0
2025-11-02 12:10:00,92.3
2025-11-02 12:12:30,92.6
2025-11-02 12:15:00,92.4
2025-11-02 12:17:30,92.3
2025-11-02 12:20:00,92.3
2025-11-02 12:22:30,92.4
2025-11-02 12:25:00,92.6
2025-11-02 12:27:30,92.6
2025-11-02 12:30:00,92.6
2025-11-02 12:32:30,92.6
2025-11-02 12:35:00,92.6
2025-11-02 12:37:30,92.6
2025-11-02 12:40:00,92.7
2025-11-02 12:42:30,92.8
2025-11-02 12:45:00,92.8
2025-11-02 12:47:30,92.9
2025-11-02 12:50:00,92.9
2025-11-02 12:52:30,92.9
2025-11-02 12:55:00,92.9
2025-11-02 12:57:30,92.9
2025-11-02 13:00:00,92.9
2025-11-02 13:02:30,92.9
2025-11-02 13:05:00,92.9
2025-11-02 13:07:30,92.9
2025-11-02 13:10:00,92.9
2025-11-02 13:12:30,92.9
2025-11-02 13:15:00,92.9
2025-11-02 13:17:30,92.9
2025-11-02 13:20:00,92.9
2025-11-02 13:22:30,92.9
2025-11-02 13:25:00,92.7
2025-11-02 13:27:30,92.8
2025-11-02 13:30:00,93.2
2025-11-02 13:32:30,93.0
2025-11-02 13:35:00,92.9
2025-11-02 13:37:30,92.6
2025-11-02 13:40:00,92.9
2025-11-02 13:42:30,92.9
2025-11-02 13:45:00,92.9
2025-11-02 13:47:30,92.9
2025-11-02 13:50:00,92.9
2025-11-02 13:52:30,92.9
2025-11-02 13:55:00,92.9
2025-11-02 13:57:30,92.9
2025-11-02 14:00:00,92.9
2025-11-02 14:02:30,92.9
2025-11-02 14:05:00,92.9
2025-11-02 14:07:30,92.9
2025-11-02 14:10:00,92.9
2025-11-02 14:12:30,92.9
2025-11-02 14:15:00,92.9
2025-11-02 14:17:30,92.9
2025-11-02 14:20:00,92.9
2025-11-02 14:22:30,92.9
2025-11-02 14:25:00,92.9
2025-11-02 14:27:30,92.9
2025-11-02 14:30:00,92.9
2025-11-02 14:32:30,92.9
2025-11-02 14:35:00,92.9
2025-11-02 14:37:30,92.9
2025-11-02 14:40:00,92.9
2025-11-02 14:42:30,92.9
2025-11-02 14:45:00,92.9
2025-11-02 14:47:30,92.9
2025-11-02 14:50:00,92.9
2025-11-02 14:52:30,92.9
2025-11-02 14:55:00,92.9
2025-11-02 14:57:30,92.9
2025-11-02 15:00:00,92.9
2025-11-02 15:02:30,92.8
2025-11-02 15:05:00,92.9
2025-11-02 15:07:30,92.6
2025-11-02 15:10:00,92.9
2025-11-02 15:12:30,92.0
2025-11-02 15:15:00,92.6
2025-11-02 15:17:30,92.46666666666665
2025-11-02 15:20:00,92.8
2025-11-02 15:22:30,92.66666666666666
2025-11-02 15:25:00,92.5
2025-11-02 15:27:30,92.9
2025-11-02 15:30:00,92.4
2025-11-02 15:32:30,92.6
2025-11-02 15:35:00,92.9
2025-11-02 15:37:30,92.6
2025-11-02 15:40:00,92.7
2025-11-02 15:42:30,92.3
2025-11-02 15:45:00,92.8
2025-11-02 15:47:30,92.3
2025-11-02 15:50:00,92.8
2025-11-02 15:52:30,92.3
2025-11-02 15:55:00,92.8
2025-11-02 15:57:30,92.4
2025-11-02 16:00:00,92.8
2025-11-02 16:02:30,92.9
2025-11-02 16:05:00,92.9
2025-11-02 16:07:30,92.8
2025-11-02 16:10:00,92.8
2025-11-02 16:12:30,92.9
2025-11-02 16:15:00,92.8
2025-11-02 16:17:30,92.9
2025-11-02 16:20:00,92.9
2025-11-02 16:22:30,93.0
2025-11-02 16:25:00,92.8
2025-11-02 16:27:30,92.8
2025-11-02 16:30:00,92.9
2025-11-02 16:32:30,93.0
2025-11-02 16:35:00,92.8
2025-11-02 16:37:30,92.9
2025-11-02 16:40:00,92.8
2025-11-02 16:42:30,92.8
2025-11-02 16:45:00,92.8
2025-11-02 16:47:30,92.8
2025-11-02 16:50:00,92.8
2025-11-02 16:52:30,92.8
2025-11-02 16:55:00,92.8
2025-11-02 16:57:30,92.8
2025-11-02 17:00:00,92.8
2025-11-02 17:02:30,92.8
2025-11-02 17:05:00,92.8
2025-11-02 17:07:30,92.9
2025-11-02 17:10:00,92.9
2025-11-02 17:12:30,92.9
2025-11-02 17:15:00,92.6
2025-11-02 17:17:30,92.9
2025-11-02 17:20:00,92.9
2025-11-02 17:22:30,92.9
2025-11-02 17:25:00,92.9
2025-11-02 17:27:30,92.9
2025-11-02 17:30:00,92.9
2025-11-02 17:32:30,92.9
2025-11-02 17:35:00,92.9
2025-11-02 17:37:30,92.9
2025-11-02 17:40:00,92.9
2025-11-02 17:42:30,92.8
2025-11-02 17:45:00,92.9
2025-11-02 17:47:30,92.9
2025-11-02 17:50:00,92.9
2025-11-02 17:52:30,92.8
2025-11-02 17:55:00,92.7
2025-11-02 17:57:30,92.9
2025-11-02 18:00:00,92.8
2025-11-02 18:02:30,92.6
2025-11-02 18:05:00,92.6
2025-11-02 18:07:30,92.7
2025-11-02 18:10:00,92.7
2025-11-02 18:12:30,92.9
2025-11-02 18:15:00,92.7
2025-11-02 18:17:30,92.6
2025-11-02 18:20:00,92.8
2025-11-02 18:22:30,92.9
2025-11-02 18:25:00,92.6
2025-11-02 18:27:30,93.0
2025-11-02 18:30:00,92.9
2025-11-02 18:32:30,92.8
2025-11-02 18:35:00,92.9
2025-11-02 18:37:30,92.9
2025-11-02 18:40:00,92.7
2025-11-02 18:42:30,92.8
2025-11-02 18:45:00,92.8
2025-11-02 18:47:30,92.8
2025-11-02 18:50:00,92.8
2025-11-02 18:52:30,92.8
2025-11-02 18:55:00,92.8
2025-11-02 18:57:30,92.8
2025-11-02 19:00:00,92.8
2025-11-02 19:02:30,92.8
2025-11-02 19:05:00,92.8
2025-11-02 19:07:30,92.6
2025-11-02 19:10:00,92.7
2025-11-02 19:12:30,92.8
2025-11-02 19:15:00,92.7
2025-11-02 19:17:30,92.4
2025-11-02 19:20:00,92.8
2025-11-02 19:22:30,92.9
2025-11-02 19:25:00,93.1
2025-11-02 19:27:30,92.8
2025-11-02 19:30:00,92.8
2025-11-02 19:32:30,92.7
2025-11-02 19:35:00,92.9
2025-11-02 19:37:30,92.6
2025-11-02 19:40:00,92.7
2025-11-02 19:42:30,92.9
2025-11-02 19:45:00,92.6
2025-11-02 19:47:30,92.7
2025-11-02 19:50:00,92.7
2025-11-02 19:52:30,92.8
2025-11-02 19:55:00,92.8
2025-11-02 19:57:30,92.8
2025-11-02 20:00:00,92.8
2025-11-02 20:02:30,92.8
2025-11-02 20:05:00,92.8
2025-11-02 20:07:30,92.8
2025-11-02 20:10:00,92.8
2025-11-02 20:12:30,92.8
2025-11-02 20:15:00,92.9
2025-11-02 20:17:30,92.8
2025-11-02 20:20:00,92.6
2025-11-02 20:22:30,92.6
2025-11-02 20:25:00,92.5
2025-11-02 20:27:30,92.4
2025-11-02 20:30:00,92.6
2025-11-02 20:32:30,92.3
2025-11-02 20:35:00,92.7
2025-11-02 20:37:30,92.4
2025-11-02 20:40:00,92.8
2025-11-02 20:42:30,92.7
2025-11-02 20:45:00,92.8
2025-11-02 20:47:30,92.8
2025-11-02 20:50:00,92.4
2025-11-02 20:52:30,92.6
2025-11-02 20:55:00,92.6
2025-11-02 20:57:30,92.6
2025-11-02 21:00:00,92.6
2025-11-02 21:02:30,92.6
2025-11-02 21:05:00,92.6
2025-11-02 21:07:30,92.6
2025-11-02 21:10:00,92.6
2025-11-02 21:12:30,92.6
2025-11-02 21:15:00,92.8
2025-11-02 21:17:30,92.6
2025-11-02 21:20:00,92.4
2025-11-02 21:22:30,92.2
2025-11-02 21:25:00,92.8
2025-11-02 21:27:30,92.6
2025-11-02 21:30:00,92.4
2025-11-02 21:32:30,92.4
2025-11-02 21:35:00,92.275
2025-11-02 21:37:30,91.9
2025-11-02 21:40:00,92.4
2025-11-02 21:42:30,92.03333333333335
2025-11-02 21:45:00,92.07777777777778
2025-11-02 21:47:30,91.8
2025-11-02 21:50:00,90.7
2025-11-02 21:52:30,91.25
2025-11-02 21:55:00,90.975
2025-11-02 21:57:30,91.1125
2025-11-02 22:00:00,91.04374999999999
2025-11-02 22:02:30,91.078125
2025-11-02 22:05:00,91.0609375
2025-11-02 22:07:30,91.06953125
2025-11-02 22:10:00,91.06523437499999
2025-11-02 22:12:30,91.0673828125
2025-11-02 22:15:00,91.31087239583333
2025-11-02 22:17:30,91.64456380208333
2025-11-02 22:20:00,91.8
2025-11-02 22:22:30,92.4
2025-11-02 22:25:00,92.8
2025-11-02 22:27:30,92.5
2025-11-02 22:30:00,91.9
2025-11-02 22:32:30,91.6
2025-11-02 22:35:00,92.4
2025-11-02 22:37:30,92.4
2025-11-02 22:40:00,92.6
2025-11-02 22:42:30,92.4
2025-11-02 22:45:00,91.9
2025-11-02 22:47:30,92.3
2025-11-02 22:50:00,92.5
2025-11-02 22:52:30,92.4
2025-11-02 22:55:00,92.3
2025-11-02 22:57:30,92.8
2025-11-02 23:00:00,92.6
2025-11-02 23:02:30,92.6
2025-11-02 23:05:00,92.7
2025-11-02 23:07:30,92.6
2025-11-02 23:10:00,91.6
2025-11-02 23:12:30,91.7
2025-11-02 23:15:00,91.1
2025-11-02 23:17:30,91.8
2025-11-02 23:20:00,91.9
2025-11-02 23:22:30,92.4
2025-11-02 23:25:00,91.8
2025-11-02 23:27:30,92.3
2025-11-02 23:30:00,92.0
2025-11-02 23:32:30,91.9
2025-11-02 23:35:00,91.95
2025-11-02 23:37:30,91.7
2025-11-02 23:40:00,92.2
2025-11-02 23:42:30,91.8
2025-11-02 23:45:00,91.8
2025-11-02 23:47:30,91.3
2025-11-02 23:50:00,91.8
2025-11-02 23:52:30,91.8
2025-11-02 23:55:00,91.5
2025-11-02 23:57:30,91.6
2025-11-03 00:00:00,92.1
2025-11-03 00:02:30,92.6
2025-11-03 00:05:00,92.0
2025-11-03 00:07:30,91.5
2025-11-03 00:10:00,91.9
2025-11-03 00:12:30,92.6
2025-11-03 00:15:00,92.55
2025-11-03 00:17:30,92.5
2025-11-03 00:20:00,92.525
2025-11-03 00:22:30,92.47500000000001
2025-11-03 00:25:00,92.46666666666665
2025-11-03 00:27:30,92.4
2025-11-03 00:30:00,92.21666666666667
2025-11-03 00:32:30,92.0
2025-11-03 00:35:00,92.0
2025-11-03 00:37:30,91.3
2025-11-03 00:40:00,91.2
2025-11-03 00:42:30,91.7
2025-11-03 00:45:00,92.0
2025-11-03 00:47:30,92.3
2025-11-03 00:50:00,92.0
2025-11-03 00:52:30,92.2
2025-11-03 00:55:00,92.4
2025-11-03 00:57:30,92.2
2025-11-03 01:00:00,92.3
2025-11-03 01:02:30,92.4
2025-11-03 01:05:00,92.4
2025-11-03 01:07:30,92.4
2025-11-03 01:10:00,92.3
2025-11-03 01:12:30,92.4
2025-11-03 01:15:00,92.4
2025-11-03 01:17:30,92.4
2025-11-03 01:20:00,91.3
2025-11-03 01:22:30,91.80000000000001
2025-11-03 01:25:00,92.4
2025-11-03 01:27:30,92.0
2025-11-03 01:30:00,92.025
2025-11-03 01:32:30,91.8
2025-11-03 01:35:00,91.9
2025-11-03 01:37:30,91.6
2025-11-03 01:40:00,92.2
2025-11-03 01:42:30,91.8
2025-11-03 01:45:00,91.8
2025-11-03 01:47:30,92.1
2025-11-03 01:50:00,91.7
2025-11-03 01:52:30,92.0
2025-11-03 01:55:00,91.6
2025-11-03 01:57:30,91.8
2025-11-03 02:00:00,92.3
2025-11-03 02:02:30,91.8
2025-11-03 02:05:00,92.4
2025-11-03 02:07:30,91.5
2025-11-03 02:10:00,90.6
2025-11-03 02:12:30,91.05
2025-11-03 02:15:00,92.0
2025-11-03 02:17:30,92.3
2025-11-03 02:20:00,92.0
2025-11-03 02:22:30,91.6
2025-11-03 02:25:00,92.6
2025-11-03 02:27:30,92.3
2025-11-03 02:30:00,92.3
2025-11-03 02:32:30,92.05
2025-11-03 02:35:00,91.3
2025-11-03 02:37:30,92.3
2025-11-03 02:40:00,92.1
2025-11-03 02:42:30,92.4
2025-11-03 02:45:00,92.1
2025-11-03 02:47:30,92.4
2025-11-03 02:50:00,92.4
2025-11-03 02:52:30,92.4
2025-11-03 02:55:00,92.7
2025-11-03 02:57:30,92.4
2025-11-03 03:00:00,92.4
2025-11-03 03:02:30,92.4
2025-11-03 03:05:00,92.4
2025-11-03 03:07:30,92.0
2025-11-03 03:10:00,92.4
2025-11-03 03:12:30,92.3
2025-11-03 03:15:00,92.0
2025-11-03 03:17:30,91.9
2025-11-03 03:20:00,91.82499999999999
2025-11-03 03:22:30,92.3
2025-11-03 03:25:00,92.04166666666667
2025-11-03 03:27:30,91.96041666666667
2025-11-03 03:30:00,92.0
2025-11-03 03:32:30,91.5
2025-11-03 03:35:00,91.2
2025-11-03 03:37:30,91.3
2025-11-03 03:40:00,90.2
2025-11-03 03:42:30,90.2
2025-11-03 03:45:00,90.225
2025-11-03 03:47:30,90.3
2025-11-03 03:50:00,90.2
2025-11-03 03:52:30,90.25
2025-11-03 03:55:00,90.51666666666665
2025-11-03 03:57:30,90.74166666666667
2025-11-03 04:00:00,91.1
2025-11-03 04:02:30,91.1
2025-11-03 04:05:00,92.2
2025-11-03 04:07:30,91.4
2025-11-03 04:10:00,91.4
2025-11-03 04:12:30,91.3
2025-11-03 04:15:00,91.7
2025-11-03 04:17:30,90.7
2025-11-03 04:20:00,90.0
2025-11-03 04:22:30,90.7
2025-11-03 04:25:00,91.6
2025-11-03 04:27:30,91.35
2025-11-03 04:30:00,91.6
2025-11-03 04:32:30,91.5
2025-11-03 04:35:00,91.2
2025-11-03 04:37:30,90.6
2025-11-03 04:40:00,91.6
2025-11-03 04:42:30,91.3
2025-11-03 04:45:00,90.2
2025-11-03 04:47:30,90.6
2025-11-03 04:50:00,90.7
2025-11-03 04:52:30,91.1
2025-11-03 04:55:00,91.6
2025-11-03 04:57:30,91.3
2025-11-03 05:00:00,91.6
2025-11-03 05:02:30,91.39999999999999
2025-11-03 05:05:00,91.375
2025-11-03 05:07:30,91.3
2025-11-03 05:10:00,91.2
2025-11-03 05:12:30,90.7
2025-11-03 05:15:00,90.6
2025-11-03 05:17:30,91.2
2025-11-03 05:20:00,90.6
2025-11-03 05:22:30,90.3
2025-11-03 05:25:00,90.9
2025-11-03 05:27:30,90.475
2025-11-03 05:30:00,90.3
2025-11-03 05:32:30,90.4
2025-11-03 05:35:00,91.3
2025-11-03 05:37:30,90.9
2025-11-03 05:40:00,90.5
2025-11-03 05:42:30,90.6
2025-11-03 05:45:00,89.8
2025-11-03 05:47:30,89.89999999999999
2025-11-03 05:50:00,90.0
2025-11-03 05:52:30,89.2
2025-11-03 05:55:00,90.0
2025-11-03 05:57:30,90.05000000000001
2025-11-03 06:00:00,90.4
2025-11-03 06:02:30,90.6
2025-11-03 06:05:00,90.56666666666666
2025-11-03 06:07:30,90.7
2025-11-03 06:10:00,90.69166666666666
2025-11-03 06:12:30,90.2
2025-11-03 06:15:00,91.3
2025-11-03 06:17:30,90.60000000000001
2025-11-03 06:20:00,90.57499999999999
2025-11-03 06:22:30,90.3
2025-11-03 06:25:00,90.1
2025-11-03 06:27:30,89.7
2025-11-03 06:30:00,90.0
2025-11-03 06:32:30,90.2
2025-11-03 06:35:00,90.7
2025-11-03 06:37:30,89.8
2025-11-03 06:40:00,89.8
2025-11-03 06:42:30,90.4
2025-11-03 06:45:00,89.4
2025-11-03 06:47:30,89.9
2025-11-03 06:50:00,89.56666666666668
2025-11-03 06:52:30,89.62222222222222
2025-11-03 06:55:00,89.4
2025-11-03 06:57:30,89.84074074074074
2025-11-03 07:00:00,90.11018518518519
2025-11-03 07:02:30,90.5
2025-11-03 07:05:00,90.7
2025-11-03 07:07:30,90.7
2025-11-03 07:10:00,91.1
2025-11-03 07:12:30,90.3
2025-11-03 07:15:00,91.1
2025-11-03 07:17:30,90.5
2025-11-03 07:20:00,91.2
2025-11-03 07:22:30,91.3
2025-11-03 07:25:00,90.4
2025-11-03 07:27:30,90.7
2025-11-03 07:30:00,91.2
2025-11-03 07:32:30,91.1
2025-11-03 07:35:00,90.6
2025-11-03 07:37:30,90.7
2025-11-03 07:40:00,90.7
2025-11-03 07:42:30,90.3
2025-11-03 07:45:00,90.7
2025-11-03 07:47:30,90.7
2025-11-03 07:50:00,90.7
2025-11-03 07:52:30,90.5
2025-11-03 07:55:00,90.7
2025-11-03 07:57:30,90.6
2025-11-03 08:00:00,90.3
2025-11-03 08:02:30,90.6
2025-11-03 08:05:00,90.7
2025-11-03 08:07:30,90.4
2025-11-03 08:10:00,90.6
2025-11-03 08:12:30,90.5
2025-11-03 08:15:00,90.5
2025-11-03 08:17:30,90.5
2025-11-03 08:20:00,90.3
2025-11-03 08:22:30,90.5
2025-11-03 08:25:00,90.7
2025-11-03 08:27:30,91.1
2025-11-03 08:30:00,90.7
2025-11-03 08:32:30,91.1
2025-11-03 08:35:00,90.7
2025-11-03 08:37:30,91.1
2025-11-03 08:40:00,90.5
2025-11-03 08:42:30,90.5
2025-11-03 08:45:00,90.4
2025-11-03 08:47:30,90.65
2025-11-03 08:50:00,90.5
2025-11-03 08:52:30,90.6
2025-11-03 08:55:00,90.7
2025-11-03 08:57:30,90.3
2025-11-03 09:00:00,90.2
2025-11-03 09:02:30,90.3
2025-11-03 09:05:00,90.7
2025-11-03 09:07:30,90.25
2025-11-03 09:10:00,91.15
2025-11-03 09:12:30,91.1
2025-11-03 09:15:00,90.65
2025-11-03 09:17:30,90.95
2025-11-03 09:20:00,90.4
2025-11-03 09:22:30,90.5
2025-11-03 09:25:00,90.7
2025-11-03 09:27:30,90.5
2025-11-03 09:30:00,90.25
2025-11-03 09:32:30,90.5
2025-11-03 09:35:00,90.1
2025-11-03 09:37:30,90.42500000000001
2025-11-03 09:40:00,90.7
2025-11-03 09:42:30,90.4
2025-11-03 09:45:00,90.5
2025-11-03 09:47:30,90.4
2025-11-03 09:50:00,90.35
2025-11-03 09:52:30,90.65
2025-11-03 09:55:00,90.6
2025-11-03 09:57:30,90.7
2025-11-03 10:00:00,90.6
2025-11-03 10:02:30,90.65
2025-11-03 10:05:00,90.6
2025-11-03 10:07:30,90.65
2025-11-03 10:10:00,90.5
2025-11-03 10:12:30,90.6
2025-11-03 10:15:00,90.7
2025-11-03 10:17:30,91.3
2025-11-03 10:20:00,91.3
2025-11-03 10:22:30,91.19999999999999
2025-11-03 10:25:00,91.5
2025-11-03 10:27:30,91.4
2025-11-03 10:30:00,91.5
2025-11-03 10:32:30,91.6
2025-11-03 10:35:00,91.55
2025-11-03 10:37:30,91.7
2025-11-03 10:40:00,91.9
2025-11-03 10:42:30,91.69999999999999
2025-11-03 10:45:00,92.05
2025-11-03 10:47:30,91.9
2025-11-03 10:50:00,91.8
2025-11-03 10:52:30,92.2
2025-11-03 10:55:00,92.1
2025-11-03 10:57:30,92.2
2025-11-03 11:00:00,92.2
2025-11-03 11:02:30,92.3
2025-11-03 11:05:00,92.19999999999999
2025-11-03 11:07:30,92.6
2025-11-03 11:10:00,92.4
2025-11-03 11:12:30,92.4
2025-11-03 11:15:00,92.7
2025-11-03 11:17:30,92.75
2025-11-03 11:20:00,92.8
2025-11-03 11:22:30,92.9
2025-11-03 11:25:00,92.75
2025-11-03 11:27:30,92.55
2025-11-03 11:30:00,92.55
2025-11-03 11:32:30,92.8
2025-11-03 11:35:00,92.55000000000001
2025-11-03 11:37:30,92.9
2025-11-03 11:40:00,93.1
2025-11-03 11:42:30,93.3
2025-11-03 11:45:00,93.1
2025-11-03 11:47:30,93.19999999999999
2025-11-03 11:50:00,93.1
2025-11-03 11:52:30,93.0
2025-11-03 11:55:00,93.8
2025-11-03 11:57:30,93.1
2025-11-03 12:00:00,92.9
2025-11-03 12:02:30,93.3
2025-11-03 12:05:00,93.6
2025-11-03 12:07:30,93.1
2025-11-03 12:10:00,93.5
2025-11-03 12:12:30,93.7
2025-11-03 12:15:00,93.2
2025-11-03 12:17:30,93.6
2025-11-03 12:20:00,93.6
2025-11-03 12:22:30,93.6
2025-11-03 12:25:00,93.6
2025-11-03 12:27:30,93.6
2025-11-03 12:30:00,93.7
2025-11-03 12:32:30,93.7
2025-11-03 12:35:00,93.7
2025-11-03 12:37:30,93.7
2025-11-03 12:40:00,93.8
2025-11-03 12:42:30,93.9
2025-11-03 12:45:00,93.9
2025-11-03 12:47:30,93.9
2025-11-03 12:50:00,94.1
2025-11-03 12:52:30,93.9
2025-11-03 12:55:00,94.2
2025-11-03 12:57:30,94.4
2025-11-03 13:00:00,94.3
2025-11-03 13:02:30,94.2
2025-11-03 13:05:00,94.1
2025-11-03 13:07:30,94.2
2025-11-03 13:10:00,94.2
2025-11-03 13:12:30,94.2
2025-11-03 13:15:00,94.2
2025-11-03 13:17:30,94.2
2025-11-03 13:20:00,94.2
2025-11-03 13:22:30,94.2
2025-11-03 13:25:00,94.1
2025-11-03 13:27:30,94.1
2025-11-03 13:30:00,94.1
2025-11-03 13:32:30,93.9
2025-11-03 13:35:00,94.2
2025-11-03 13:37:30,94.1
2025-11-03 13:40:00,94.2
2025-11-03 13:42:30,93.9
2025-11-03 13:45:00,93.8
2025-11-03 13:47:30,93.9
2025-11-03 13:50:00,93.30000000000001
2025-11-03 13:52:30,93.4
2025-11-03 13:55:00,94.2
2025-11-03 13:57:30,93.7
2025-11-03 14:00:00,94.1
2025-11-03 14:02:30,94.1
2025-11-03 14:05:00,94.15
2025-11-03 14:07:30,94.2
2025-11-03 14:10:00,94.2
2025-11-03 14:12:30,94.1
2025-11-03 14:15:00,94.2
2025-11-03 14:17:30,94.1
2025-11-03 14:20:00,94.1
2025-11-03 14:22:30,94.1
2025-11-03 14:25:00,94.0
2025-11-03 14:27:30,94.3
2025-11-03 14:30:00,94.2
2025-11-03 14:32:30,94.3
2025-11-03 14:35:00,93.7
2025-11-03 14:37:30,94.1
2025-11-03 14:40:00,94.2
2025-11-03 14:42:30,94.2
2025-11-03 14:45:00,94.1
2025-11-03 14:47:30,94.1
2025-11-03 14:50:00,94.1
2025-11-03 14:52:30,94.1
2025-11-03 14:55:00,94.1
2025-11-03 14:57:30,93.7
2025-11-03 15:00:00,92.9
2025-11-03 15:02:30,92.3
2025-11-03 15:05:00,92.6
2025-11-03 15:07:30,93.7
2025-11-03 15:10:00,94.2
2025-11-03 15:12:30,93.6
2025-11-03 15:15:00,94.2
2025-11-03 15:17:30,94.0
2025-11-03 15:20:00,94.1
2025-11-03 15:22:30,93.9
2025-11-03 15:25:00,94.1
2025-11-03 15:27:30,93.9
2025-11-03 15:30:00,94.2
2025-11-03 15:32:30,94.1
2025-11-03 15:35:00,94.1
2025-11-03 15:37:30,94.0
2025-11-03 15:40:00,93.9
2025-11-03 15:42:30,93.9
2025-11-03 15:45:00,94.2
2025-11-03 15:47:30,94.0
2025-11-03 15:50:00,94.2
2025-11-03 15:52:30,94.1
2025-11-03 15:55:00,94.1
2025-11-03 15:57:30,94.1
2025-11-03 16:00:00,94.1
2025-11-03 16:02:30,94.1
2025-11-03 16:05:00,94.1
2025-11-03 16:07:30,94.1
2025-11-03 16:10:00,94.1
2025-11-03 16:12:30,94.1
2025-11-03 16:15:00,94.2
2025-11-03 16:17:30,94.1
2025-11-03 16:20:00,94.1
2025-11-03 16:22:30,94.1
2025-11-03 16:25:00,94.2
2025-11-03 16:27:30,93.9
2025-11-03 16:30:00,94.1
2025-11-03 16:32:30,94.3
2025-11-03 16:35:00,94.1
2025-11-03 16:37:30,94.2
2025-11-03 16:40:00,94.1
2025-11-03 16:42:30,94.1
2025-11-03 16:45:00,94.2
2025-11-03 16:47:30,94.1
2025-11-03 16:50:00,94.1
2025-11-03 16:52:30,94.1
2025-11-03 16:55:00,94.2
2025-11-03 16:57:30,94.2
2025-11-03 17:00:00,94.2
2025-11-03 17:02:30,94.2
2025-11-03 17:05:00,94.1
2025-11-03 17:07:30,94.1
2025-11-03 17:10:00,94.1
2025-11-03 17:12:30,94.2
2025-11-03 17:15:00,94.2
2025-11-03 17:17:30,94.1
2025-11-03 17:20:00,94.1
2025-11-03 17:22:30,93.9
2025-11-03 17:25:00,93.9
2025-11-03 17:27:30,94.1
2025-11-03 17:30:00,94.1
2025-11-03 17:32:30,94.2
2025-11-03 17:35:00,94.1
2025-11-03 17:37:30,94.1
2025-11-03 17:40:00,94.1
2025-11-03 17:42:30,93.9
2025-11-03 17:45:00,94.1
2025-11-03 17:47:30,94.1
2025-11-03 17:50:00,94.1
2025-11-03 17:52:30,94.1
2025-11-03 17:55:00,94.0
2025-11-03 17:57:30,94.1
2025-11-03 18:00:00,94.2
2025-11-03 18:02:30,94.1
2025-11-03 18:05:00,94.1
2025-11-03 18:07:30,94.1
2025-11-03 18:10:00,94.1
2025-11-03 18:12:30,94.1
2025-11-03 18:15:00,94.1
2025-11-03 18:17:30,94.1
2025-11-03 18:20:00,94.1
2025-11-03 18:22:30,94.1
2025-11-03 18:25:00,94.1
2025-11-03 18:27:30,94.1
2025-11-03 18:30:00,94.1
2025-11-03 18:32:30,94.1
2025-11-03 18:35:00,94.1
2025-11-03 18:37:30,94.05
2025-11-03 18:40:00,94.05
2025-11-03 18:42:30,94.0
2025-11-03 18:45:00,94.0
2025-11-03 18:47:30,93.9
2025-11-03 18:50:00,93.9
2025-11-03 18:52:30,94.1
2025-11-03 18:55:00,93.7
2025-11-03 18:57:30,94.1
2025-11-03 19:00:00,94.2
2025-11-03 19:02:30,94.0
2025-11-03 19:05:00,93.8
2025-11-03 19:07:30,94.1
2025-11-03 19:10:00,94.2
2025-11-03 19:12:30,94.1
2025-11-03 19:15:00,94.2
2025-11-03 19:17:30,93.9
2025-11-03 19:20:00,93.7
2025-11-03 19:22:30,94.2
2025-11-03 19:25:00,94.0
2025-11-03 19:27:30,93.9
2025-11-03 19:30:00,94.1
2025-11-03 19:32:30,94.0
2025-11-03 19:35:00,93.9
2025-11-03 19:37:30,94.1
2025-11-03 19:40:00,94.1
2025-11-03 19:42:30,94.1
2025-11-03 19:45:00,93.9
2025-11-03 19:47:30,93.9
2025-11-03 19:50:00,93.9
2025-11-03 19:52:30,93.9
2025-11-03 19:55:00,94.2
2025-11-03 19:57:30,93.8
2025-11-03 20:00:00,93.9
2025-11-03 20:02:30,94.0
2025-11-03 20:05:00,94.2
2025-11-03 20:07:30,94.1
2025-11-03 20:10:00,94.0
2025-11-03 20:12:30,94.1
2025-11-03 20:15:00,94.0
2025-11-03 20:17:30,94.1
2025-11-03 20:20:00,93.9
2025-11-03 20:22:30,94.1
2025-11-03 20:25:00,93.7
2025-11-03 20:27:30,94.0
2025-11-03 20:30:00,93.9
2025-11-03 20:32:30,94.1
2025-11-03 20:35:00,94.1
2025-11-03 20:37:30,93.9
2025-11-03 20:40:00,94.1
2025-11-03 20:42:30,94.0
2025-11-03 20:45:00,93.7
2025-11-03 20:47:30,94.1
2025-11-03 20:50:00,94.1
2025-11-03 20:52:30,94.1
2025-11-03 20:55:00,93.9
2025-11-03 20:57:30,93.9
2025-11-03 21:00:00,94.0
2025-11-03 21:02:30,93.9
2025-11-03 21:05:00,94.1
2025-11-03 21:07:30,93.9
2025-11-03 21:10:00,93.7
2025-11-03 21:12:30,93.7
2025-11-03 21:15:00,93.6
2025-11-03 21:17:30,94.1
2025-11-03 21:20:00,93.3
2025-11-03 21:22:30,93.7
2025-11-03 21:25:00,93.9
2025-11-03 21:27:30,93.9
2025-11-03 21:30:00,94.1
2025-11-03 21:32:30,93.9
2025-11-03 21:35:00,93.9
2025-11-03 21:37:30,93.9
2025-11-03 21:40:00,93.9
2025-11-03 21:42:30,94.1
2025-11-03 21:45:00,94.2
2025-11-03 21:47:30,94.2
2025-11-03 21:50:00,94.0
2025-11-03 21:52:30,94.1
2025-11-03 21:55:00,93.9
2025-11-03 21:57:30,93.8
2025-11-03 22:00:00,94.0
2025-11-03 22:02:30,94.1
2025-11-03 22:05:00,93.75
2025-11-03 22:07:30,93.8
2025-11-03 22:10:00,93.8
2025-11-03 22:12:30,94.1
2025-11-03 22:15:00,93.8
2025-11-03 22:17:30,93.9
2025-11-03 22:20:00,93.2
2025-11-03 22:22:30,93.9
2025-11-03 22:25:00,93.35000000000001
2025-11-03 22:27:30,93.1
2025-11-03 22:30:00,93.2
2025-11-03 22:32:30,93.7
2025-11-03 22:35:00,93.6
2025-11-03 22:37:30,92.8
2025-11-03 22:40:00,93.17499999999998
2025-11-03 22:42:30,92.4
2025-11-03 22:45:00,92.52499999999999
2025-11-03 22:47:30,92.55625
2025-11-03 22:50:00,92.0
2025-11-03 22:52:30,92.55208333333333
2025-11-03 22:55:00,93.1
2025-11-03 22:57:30,93.8
2025-11-03 23:00:00,93.1
2025-11-03 23:02:30,93.3
2025-11-03 23:05:00,93.7
2025-11-03 23:07:30,93.85
2025-11-03 23:10:00,94.0
2025-11-03 23:12:30,93.9
2025-11-03 23:15:00,94.0
2025-11-03 23:17:30,93.7
2025-11-03 23:20:00,93.9
2025-11-03 23:22:30,94.1
2025-11-03 23:25:00,93.5
2025-11-03 23:27:30,93.8
2025-11-03 23:30:00,93.7
2025-11-03 23:32:30,93.3
2025-11-03 23:35:00,92.4
2025-11-03 23:37:30,93.0
2025-11-03 23:40:00,93.9
2025-11-03 23:42:30,93.5
2025-11-03 23:45:00,93.1
2025-11-03 23:47:30,94.0
2025-11-03 23:50:00,93.43333333333334
2025-11-03 23:52:30,92.86666666666666
2025-11-03 23:55:00,92.3
2025-11-03 23:57:30,92.7
2025-11-04 00:00:00,93.8
2025-11-04 00:02:30,93.9
2025-11-04 00:05:00,93.1
2025-11-04 00:07:30,93.7
2025-11-04 00:10:00,93.7
2025-11-04 00:12:30,93.7
2025-11-04 00:15:00,93.8
2025-11-04 00:17:30,93.3
2025-11-04 00:20:00,93.4
2025-11-04 00:22:30,93.3
2025-11-04 00:25:00,93.15
2025-11-04 00:27:30,93.3
2025-11-04 00:30:00,93.2
2025-11-04 00:32:30,93.3
2025-11-04 00:35:00,93.3
2025-11-04 00:37:30,93.6
2025-11-04 00:40:00,93.2
2025-11-04 00:42:30,93.2
2025-11-04 00:45:00,93.1
2025-11-04 00:47:30,93.3
2025-11-04 00:50:00,93.2
2025-11-04 00:52:30,93.7
2025-11-04 00:55:00,93.1
2025-11-04 00:57:30,92.9
2025-11-04 01:00:00,93.2
2025-11-04 01:02:30,92.9
2025-11-04 01:05:00,93.3
2025-11-04 01:07:30,93.1
2025-11-04 01:10:00,93.3
2025-11-04 01:12:30,93.7
2025-11-04 01:15:00,93.1
2025-11-04 01:17:30,93.8
2025-11-04 01:20:00,92.9
2025-11-04 01:22:30,93.9
2025-11-04 01:25:00,93.55
2025-11-04 01:27:30,93.65
2025-11-04 01:30:00,93.325
2025-11-04 01:32:30,93.3
2025-11-04 01:35:00,92.8
2025-11-04 01:37:30,92.8
2025-11-04 01:40:00,93.7
2025-11-04 01:42:30,93.7
2025-11-04 01:45:00,93.9
2025-11-04 01:47:30,92.9
2025-11-04 01:50:00,93.3
2025-11-04 01:52:30,93.9
2025-11-04 01:55:00,93.3
2025-11-04 01:57:30,93.6
2025-11-04 02:00:00,93.6
2025-11-04 02:02:30,93.7
2025-11-04 02:05:00,93.7
2025-11-04 02:07:30,93.3
2025-11-04 02:10:00,93.2
2025-11-04 02:12:30,93.2
2025-11-04 02:15:00,93.1
2025-11-04 02:17:30,93.0
2025-11-04 02:20:00,92.5
2025-11-04 02:22:30,93.2
2025-11-04 02:25:00,93.27499999999999
2025-11-04 02:27:30,93.7
2025-11-04 02:30:00,93.7
2025-11-04 02:32:30,93.6
2025-11-04 02:35:00,93.6
2025-11-04 02:37:30,93.9
2025-11-04 02:40:00,93.55
2025-11-04 02:42:30,92.9
2025-11-04 02:45:00,93.8
2025-11-04 02:47:30,92.9
2025-11-04 02:50:00,92.6
2025-11-04 02:52:30,92.55
2025-11-04 02:55:00,92.5
2025-11-04 02:57:30,92.2
2025-11-04 03:00:00,92.575
2025-11-04 03:02:30,92.3
2025-11-04 03:05:00,93.3
2025-11-04 03:07:30,93.6
2025-11-04 03:10:00,93.375
2025-11-04 03:12:30,92.8
2025-11-04 03:15:00,93.8
2025-11-04 03:17:30,93.0
2025-11-04 03:20:00,92.4
2025-11-04 03:22:30,93.125
2025-11-04 03:25:00,93.5
2025-11-04 03:27:30,93.6
2025-11-04 03:30:00,93.7
2025-11-04 03:32:30,93.7
2025-11-04 03:35:00,93.6
2025-11-04 03:37:30,93.5
2025-11-04 03:40:00,93.7
2025-11-04 03:42:30,93.6
2025-11-04 03:45:00,92.9
2025-11-04 03:47:30,93.1
2025-11-04 03:50:00,92.8
2025-11-04 03:52:30,93.7
2025-11-04 03:55:00,93.42500000000001
2025-11-04 03:57:30,93.6
2025-11-04 04:00:00,93.6
2025-11-04 04:02:30,92.9
2025-11-04 04:05:00,92.9
2025-11-04 04:07:30,92.69999999999999
2025-11-04 04:10:00,93.65
2025-11-04 04:12:30,93.6
2025-11-04 04:15:00,93.5
2025-11-04 04:17:30,93.3
2025-11-04 04:20:00,93.3
2025-11-04 04:22:30,93.7
2025-11-04 04:25:00,93.5
2025-11-04 04:27:30,93.0
2025-11-04 04:30:00,93.3
2025-11-04 04:32:30,92.8
2025-11-04 04:35:00,91.9
2025-11-04 04:37:30,92.6
2025-11-04 04:40:00,93.3
2025-11-04 04:42:30,92.93333333333332
2025-11-04 04:45:00,92.9
2025-11-04 04:47:30,92.68333333333334
2025-11-04 04:50:00,92.5
2025-11-04 04:52:30,92.4
2025-11-04 04:55:00,92.7
2025-11-04 04:57:30,92.7
2025-11-04 05:00:00,93.3
2025-11-04 05:02:30,93.3
2025-11-04 05:05:00,92.9
2025-11-04 05:07:30,93.1
2025-11-04 05:10:00,93.1
2025-11-04 05:12:30,93.3
2025-11-04 05:15:00,93.2
2025-11-04 05:17:30,93.3
2025-11-04 05:20:00,93.1
2025-11-04 05:22:30,92.9
2025-11-04 05:25:00,93.3
2025-11-04 05:27:30,93.6
2025-11-04 05:30:00,93.2
2025-11-04 05:32:30,93.1
2025-11-04 05:35:00,93.0
2025-11-04 05:37:30,93.3
2025-11-04 05:40:00,93.6
2025-11-04 05:42:30,93.3
2025-11-04 05:45:00,92.9
2025-11-04 05:47:30,93.0
2025-11-04 05:50:00,93.3
2025-11-04 05:52:30,93.3
2025-11-04 05:55:00,93.2
2025-11-04 05:57:30,93.3
2025-11-04 06:00:00,93.1
2025-11-04 06:02:30,92.8
2025-11-04 06:05:00,93.0
2025-11-04 06:07:30,92.7
2025-11-04 06:10:00,92.3
2025-11-04 06:12:30,92.4
2025-11-04 06:15:00,93.0
2025-11-04 06:17:30,93.1
2025-11-04 06:20:00,93.2
2025-11-04 06:22:30,92.96666666666667
2025-11-04 06:25:00,92.73333333333333
2025-11-04 06:27:30,92.5
2025-11-04 06:30:00,92.0
2025-11-04 06:32:30,92.4
2025-11-04 06:35:00,92.05
2025-11-04 06:37:30,92.33749999999999
2025-11-04 06:40:00,92.6
2025-11-04 06:42:30,92.3
2025-11-04 06:45:00,92.6
2025-11-04 06:47:30,92.6
2025-11-04 06:50:00,92.9
2025-11-04 06:52:30,92.9
2025-11-04 06:55:00,93.1
2025-11-04 06:57:30,92.0
2025-11-04 07:00:00,92.4
2025-11-04 07:02:30,93.2
2025-11-04 07:05:00,92.8
2025-11-04 07:07:30,92.7
2025-11-04 07:10:00,93.2
2025-11-04 07:12:30,92.2
2025-11-04 07:15:00,92.8
2025-11-04 07:17:30,92.4
2025-11-04 07:20:00,92.9
2025-11-04 07:22:30,92.6
2025-11-04 07:25:00,93.1
2025-11-04 07:27:30,92.2
2025-11-04 07:30:00,91.6
2025-11-04 07:32:30,91.73333333333335
2025-11-04 07:35:00,91.80833333333334
2025-11-04 07:37:30,91.4
2025-11-04 07:40:00,92.5
2025-11-04 07:42:30,93.0
2025-11-04 07:45:00,92.7
2025-11-04 07:47:30,92.7
2025-11-04 07:50:00,93.4
2025-11-04 07:52:30,93.0
2025-11-04 07:55:00,92.7
2025-11-04 07:57:30,92.0
2025-11-04 08:00:00,93.1
2025-11-04 08:02:30,92.36666666666667
2025-11-04 08:05:00,91.7
2025-11-04 08:07:30,92.0
2025-11-04 08:10:00,92.6
2025-11-04 08:12:30,92.6
2025-11-04 08:15:00,91.4
2025-11-04 08:17:30,92.16666666666667
2025-11-04 08:20:00,92.5
2025-11-04 08:22:30,92.9
2025-11-04 08:25:00,93.1
2025-11-04 08:27:30,92.9
2025-11-04 08:30:00,92.4
2025-11-04 08:32:30,93.1
2025-11-04 08:35:00,93.0
2025-11-04 08:37:30,93.1
2025-11-04 08:40:00,92.85
2025-11-04 08:42:30,92.9
2025-11-04 08:45:00,92.4
2025-11-04 08:47:30,92.3
2025-11-04 08:50:00,93.1
2025-11-04 08:52:30,92.8
2025-11-04 08:55:00,92.4
2025-11-04 08:57:30,92.9
2025-11-04 09:00:00,92.66666666666667
2025-11-04 09:02:30,92.51666666666667
2025-11-04 09:05:00,92.7
2025-11-04 09:07:30,91.8
2025-11-04 09:10:00,92.5
2025-11-04 09:12:30,91.7
2025-11-04 09:15:00,91.8
2025-11-04 09:17:30,92.0
2025-11-04 09:20:00,92.6
2025-11-04 09:22:30,92.9
2025-11-04 09:25:00,92.8
2025-11-04 09:27:30,93.1
2025-11-04 09:30:00,92.8
2025-11-04 09:32:30,92.9
2025-11-04 09:35:00,92.7
2025-11-04 09:37:30,92.8
2025-11-04 09:40:00,92.7
2025-11-04 09:42:30,93.2
2025-11-04 09:45:00,92.7
2025-11-04 09:47:30,92.9
2025-11-04 09:50:00,92.83333333333333
2025-11-04 09:52:30,92.9
2025-11-04 09:55:00,92.65833333333335
2025-11-04 09:57:30,92.6
2025-11-04 10:00:00,92.3
2025-11-04 10:02:30,92.6
2025-11-04 10:05:00,92.7
2025-11-04 10:07:30,92.7
2025-11-04 10:10:00,93.0
2025-11-04 10:12:30,93.1
2025-11-04 10:15:00,93.2
2025-11-04 10:17:30,93.6
2025-11-04 10:20:00,93.3
2025-11-04 10:22:30,93.6
2025-11-04 10:25:00,93.6
2025-11-04 10:27:30,93.7
2025-11-04 10:30:00,93.7
2025-11-04 10:32:30,93.7
2025-11-04 10:35:00,93.7
2025-11-04 10:37:30,93.9
2025-11-04 10:40:00,93.9
2025-11-04 10:42:30,93.9
2025-11-04 10:45:00,94.0
2025-11-04 10:47:30,94.0
2025-11-04 10:50:00,94.1
2025-11-04 10:52:30,94.1
2025-11-04 10:55:00,94.1
2025-11-04 10:57:30,94.2
2025-11-04 11:00:00,94.2
2025-11-04 11:02:30,94.5
2025-11-04 11:05:00,94.6
2025-11-04 11:07:30,94.1
2025-11-04 11:10:00,94.6
2025-11-04 11:12:30,93.95
2025-11-04 11:15:00,94.2
2025-11-04 11:17:30,94.2
2025-11-04 11:20:00,93.8
2025-11-04 11:22:30,94.4
2025-11-04 11:25:00,94.6
2025-11-04 11:27:30,94.6
2025-11-04 11:30:00,94.6
2025-11-04 11:32:30,94.6
2025-11-04 11:35:00,94.8
2025-11-04 11:37:30,95.0
2025-11-04 11:40:00,94.9
2025-11-04 11:42:30,94.6
2025-11-04 11:45:00,95.2
2025-11-04 11:47:30,95.1
2025-11-04 11:50:00,95.3
2025-11-04 11:52:30,95.2
2025-11-04 11:55:00,95.4
2025-11-04 11:57:30,95.4
2025-11-04 12:00:00,95.3
2025-11-04 12:02:30,95.5
2025-11-04 12:05:00,95.4
2025-11-04 12:07:30,95.4
2025-11-04 12:10:00,95.7
2025-11-04 12:12:30,95.5
2025-11-04 12:15:00,95.6
2025-11-04 12:17:30,95.6
2025-11-04 12:20:00,95.6
2025-11-04 12:22:30,95.7
2025-11-04 12:25:00,95.7
2025-11-04 12:27:30,95.8
2025-11-04 12:30:00,95.9
2025-11-04 12:32:30,95.9
2025-11-04 12:35:00,95.9
2025-11-04 12:37:30,95.9
2025-11-04 12:40:00,96.4
2025-11-04 12:42:30,96.5
2025-11-04 12:45:00,96.5
2025-11-04 12:47:30,96.6
2025-11-04 12:50:00,96.8
2025-11-04 12:52:30,96.7
2025-11-04 12:55:00,96.5
2025-11-04 12:57:30,96.6
2025-11-04 13:00:00,96.65
2025-11-04 13:02:30,96.8
2025-11-04 13:05:00,96.4
2025-11-04 13:07:30,96.7
2025-11-04 13:10:00,96.8
2025-11-04 13:12:30,96.7
2025-11-04 13:15:00,96.7
2025-11-04 13:17:30,96.8
2025-11-04 13:20:00,96.7
2025-11-04 13:22:30,96.7
2025-11-04 13:25:00,96.6
2025-11-04 13:27:30,96.5
2025-11-04 13:30:00,96.4
2025-11-04 13:32:30,96.5
2025-11-04 13:35:00,96.7
2025-11-04 13:37:30,96.7
2025-11-04 13:40:00,96.5
2025-11-04 13:42:30,96.5
2025-11-04 13:45:00,96.4
2025-11-04 13:47:30,96.7
2025-11-04 13:50:00,96.6
2025-11-04 13:52:30,96.7
2025-11-04 13:55:00,96.5
2025-11-04 13:57:30,96.55000000000001
2025-11-04 14:00:00,96.5
2025-11-04 14:02:30,96.5
2025-11-04 14:05:00,96.5
2025-11-04 14:07:30,96.5
2025-11-04 14:10:00,96.7
2025-11-04 14:12:30,96.5
2025-11-04 14:15:00,96.5
2025-11-04 14:17:30,96.5
2025-11-04 14:20:00,96.6
2025-11-04 14:22:30,96.55
2025-11-04 14:25:00,96.6
2025-11-04 14:27:30,96.45
2025-11-04 14:30:00,96.4
2025-11-04 14:32:30,96.15
2025-11-04 14:35:00,96.5
2025-11-04 14:37:30,96.7
2025-11-04 14:40:00,96.7
2025-11-04 14:42:30,96.55000000000001
2025-11-04 14:45:00,96.65
2025-11-04 14:47:30,96.8
2025-11-04 14:50:00,96.7
2025-11-04 14:52:30,96.65
2025-11-04 14:55:00,96.7
2025-11-04 14:57:30,96.65
2025-11-04 15:00:00,96.7
2025-11-04 15:02:30,96.65
2025-11-04 15:05:00,96.65
2025-11-04 15:07:30,96.5
2025-11-04 15:10:00,96.5
2025-11-04 15:12:30,96.7
2025-11-04 15:15:00,96.5
2025-11-04 15:17:30,96.7
2025-11-04 15:20:00,96.5
2025-11-04 15:22:30,96.6
2025-11-04 15:25:00,96.5
2025-11-04 15:27:30,96.4
2025-11-04 15:30:00,96.4
2025-11-04 15:32:30,96.6
2025-11-04 15:35:00,96.7
2025-11-04 15:37:30,96.6
2025-11-04 15:40:00,96.5
2025-11-04 15:42:30,96.5
2025-11-04 15:45:00,96.5
2025-11-04 15:47:30,96.4
2025-11-04 15:50:00,96.6
2025-11-04 15:52:30,96.5
2025-11-04 15:55:00,96.6
2025-11-04 15:57:30,96.5
2025-11-04 16:00:00,96.2
2025-11-04 16:02:30,96.5
2025-11-04 16:05:00,96.7
2025-11-04 16:07:30,96.5
2025-11-04 16:10:00,96.4
2025-11-04 16:12:30,96.5
2025-11-04 16:15:00,96.5
2025-11-04 16:17:30,96.5
2025-11-04 16:20:00,96.5
2025-11-04 16:22:30,96.6
2025-11-04 16:25:00,96.5
2025-11-04 16:27:30,96.5
2025-11-04 16:30:00,96.5
2025-11-04 16:32:30,96.5
2025-11-04 16:35:00,96.5
2025-11-04 16:37:30,96.5
2025-11-04 16:40:00,96.5
2025-11-04 16:42:30,96.5
2025-11-04 16:45:00,96.5
2025-11-04 16:47:30,96.5
2025-11-04 16:50:00,96.7
2025-11-04 16:52:30,96.4
2025-11-04 16:55:00,96.5
2025-11-04 16:57:30,96.5
2025-11-04 17:00:00,96.4
2025-11-04 17:02:30,96.6
2025-11-04 17:05:00,96.4
2025-11-04 17:07:30,96.5
2025-11-04 17:10:00,96.8
2025-11-04 17:12:30,96.6
2025-11-04 17:15:00,95.9
2025-11-04 17:17:30,96.5
2025-11-04 17:20:00,95.9
2025-11-04 17:22:30,96.6
2025-11-04 17:25:00,95.9
2025-11-04 17:27:30,96.4
2025-11-04 17:30:00,96.7
2025-11-04 17:32:30,96.4
2025-11-04 17:35:00,95.7
2025-11-04 17:37:30,96.4
2025-11-04 17:40:00,96.5
2025-11-04 17:42:30,95.8
2025-11-04 17:45:00,96.4
2025-11-04 17:47:30,95.6
2025-11-04 17:50:00,96.6
2025-11-04 17:52:30,96.5
2025-11-04 17:55:00,96.5
2025-11-04 17:57:30,96.4
2025-11-04 18:00:00,95.9
2025-11-04 18:02:30,95.5
2025-11-04 18:05:00,95.9
2025-11-04 18:07:30,95.4
2025-11-04 18:10:00,95.9
2025-11-04 18:12:30,96.4
2025-11-04 18:15:00,96.5
2025-11-04 18:17:30,96.7
2025-11-04 18:20:00,96.5
2025-11-04 18:22:30,96.05000000000001
2025-11-04 18:25:00,96.5
2025-11-04 18:27:30,96.5
2025-11-04 18:30:00,96.5
2025-11-04 18:32:30,95.9
2025-11-04 18:35:00,96.4
2025-11-04 18:37:30,96.7
2025-11-04 18:40:00,96.6
2025-11-04 18:42:30,96.4
2025-11-04 18:45:00,95.7
2025-11-04 18:47:30,96.4
2025-11-04 18:50:00,96.4
2025-11-04 18:52:30,96.4
2025-11-04 18:55:00,96.5
2025-11-04 18:57:30,96.5
2025-11-04 19:00:00,96.4
2025-11-04 19:02:30,96.4
2025-11-04 19:05:00,96.4
2025-11-04 19:07:30,96.5
2025-11-04 19:10:00,96.5
2025-11-04 19:12:30,96.5
2025-11-04 19:15:00,96.5
2025-11-04 19:17:30,96.4
2025-11-04 19:20:00,96.5
2025-11-04 19:22:30,96.5
2025-11-04 19:25:00,96.5
2025-11-04 19:27:30,95.9
2025-11-04 19:30:00,96.4
2025-11-04 19:32:30,96.55
2025-11-04 19:35:00,96.5
2025-11-04 19:37:30,95.9
2025-11-04 19:40:00,96.4
2025-11-04 19:42:30,95.9
2025-11-04 19:45:00,96.5
2025-11-04 19:47:30,95.9
2025-11-04 19:50:00,95.9
2025-11-04 19:52:30,95.9
2025-11-04 19:55:00,96.7
2025-11-04 19:57:30,96.5
2025-11-04 20:00:00,96.4
2025-11-04 20:02:30,96.5
2025-11-04 20:05:00,96.4
2025-11-04 20:07:30,96.4
2025-11-04 20:10:00,96.5
2025-11-04 20:12:30,96.4
2025-11-04 20:15:00,96.4
2025-11-04 20:17:30,96.6
2025-11-04 20:20:00,96.4
2025-11-04 20:22:30,96.5
2025-11-04 20:25:00,96.4
2025-11-04 20:27:30,96.5
2025-11-04 20:30:00,96.5
2025-11-04 20:32:30,96.5
2025-11-04 20:35:00,96.5
2025-11-04 20:37:30,96.5
2025-11-04 20:40:00,96.5
2025-11-04 20:42:30,96.5
2025-11-04 20:45:00,96.5
2025-11-04 20:47:30,96.5
2025-11-04 20:50:00,96.5
2025-11-04 20:52:30,96.5
2025-11-04 20:55:00,96.5
2025-11-04 20:57:30,96.4
2025-11-04 21:00:00,96.5
2025-11-04 21:02:30,96.5
2025-11-04 21:05:00,96.4
2025-11-04 21:07:30,96.5
2025-11-04 21:10:00,96.5
2025-11-04 21:12:30,96.4
2025-11-04 21:15:00,96.4
2025-11-04 21:17:30,96.4
2025-11-04 21:20:00,96.4
2025-11-04 21:22:30,96.4
2025-11-04 21:25:00,96.4
2025-11-04 21:27:30,96.4
2025-11-04 21:30:00,96.4
2025-11-04 21:32:30,96.4
2025-11-04 21:35:00,96.4
2025-11-04 21:37:30,96.4
2025-11-04 21:40:00,96.4
2025-11-04 21:42:30,96.4
2025-11-04 21:45:00,96.4
2025-11-04 21:47:30,96.4
2025-11-04 21:50:00,96.15
2025-11-04 21:52:30,96.5
2025-11-04 21:55:00,95.9
2025-11-04 21:57:30,96.5
2025-11-04 22:00:00,96.4
2025-11-04 22:02:30,96.5
2025-11-04 22:05:00,96.2
2025-11-04 22:07:30,96.5
2025-11-04 22:10:00,95.6
2025-11-04 22:12:30,95.8
2025-11-04 22:15:00,95.9
2025-11-04 22:17:30,95.9
2025-11-04 22:20:00,95.9
2025-11-04 22:22:30,96.5
2025-11-04 22:25:00,96.4
2025-11-04 22:27:30,96.4
2025-11-04 22:30:00,96.4
2025-11-04 22:32:30,95.7
2025-11-04 22:35:00,95.9
2025-11-04 22:37:30,95.5
2025-11-04 22:40:00,96.4
2025-11-04 22:42:30,96.4
2025-11-04 22:45:00,95.9
2025-11-04 22:47:30,95.9
2025-11-04 22:50:00,95.9
2025-11-04 22:52:30,95.9
2025-11-04 22:55:00,96.4
2025-11-04 22:57:30,96.15
2025-11-04 23:00:00,95.9
2025-11-04 23:02:30,96.5
2025-11-04 23:05:00,96.5
2025-11-04 23:07:30,96.4
2025-11-04 23:10:00,96.5
2025-11-04 23:12:30,96.4
2025-11-04 23:15:00,96.4
2025-11-04 23:17:30,96.5
2025-11-04 23:20:00,95.9
2025-11-04 23:22:30,95.9
2025-11-04 23:25:00,95.9
2025-11-04 23:27:30,96.4
2025-11-04 23:30:00,95.9
2025-11-04 23:32:30,95.9
2025-11-04 23:35:00,95.9
2025-11-04 23:37:30,96.4
2025-11-04 23:40:00,96.4
2025-11-04 23:42:30,95.9
2025-11-04 23:45:00,95.9
2025-11-04 23:47:30,95.9
2025-11-04 23:50:00,95.5
2025-11-04 23:52:30,96.4
2025-11-04 23:55:00,95.5
2025-11-04 23:57:30,96.4
2025-11-05 00:00:00,95.9
2025-11-05 00:02:30,96.4
2025-11-05 00:05:00,95.5
2025-11-05 00:07:30,95.9
2025-11-05 00:10:00,96.4
2025-11-05 00:12:30,96.6
2025-11-05 00:15:00,95.7
2025-11-05 00:17:30,95.9
2025-11-05 00:20:00,96.6
2025-11-05 00:22:30,95.9
2025-11-05 00:25:00,95.8
2025-11-05 00:27:30,96.4
2025-11-05 00:30:00,95.9
2025-11-05 00:32:30,95.9
2025-11-05 00:35:00,95.9
2025-11-05 00:37:30,95.7
2025-11-05 00:40:00,96.5
2025-11-05 00:42:30,95.9
2025-11-05 00:45:00,95.9
2025-11-05 00:47:30,96.4
2025-11-05 00:50:00,96.4
2025-11-05 00:52:30,95.85
2025-11-05 00:55:00,95.9
2025-11-05 00:57:30,95.9
2025-11-05 01:00:00,96.4
2025-11-05 01:02:30,95.9
2025-11-05 01:05:00,95.9
2025-11-05 01:07:30,95.9
2025-11-05 01:10:00,95.7
2025-11-05 01:12:30,96.4
2025-11-05 01:15:00,96.5
2025-11-05 01:17:30,95.9
2025-11-05 01:20:00,96.4
2025-11-05 01:22:30,96.15
2025-11-05 01:25:00,95.9
2025-11-05 01:27:30,95.9
2025-11-05 01:30:00,96.4
2025-11-05 01:32:30,96.4
2025-11-05 01:35:00,96.4
2025-11-05 01:37:30,96.2
2025-11-05 01:40:00,95.6
2025-11-05 01:42:30,95.5
2025-11-05 01:45:00,95.9
2025-11-05 01:47:30,95.9
2025-11-05 01:50:00,95.8
2025-11-05 01:52:30,95.75
2025-11-05 01:55:00,95.9
2025-11-05 01:57:30,95.9
2025-11-05 02:00:00,95.8
2025-11-05 02:02:30,95.69999999999999
2025-11-05 02:05:00,95.9
2025-11-05 02:07:30,95.7
2025-11-05 02:10:00,95.9
2025-11-05 02:12:30,95.7
2025-11-05 02:15:00,95.75
2025-11-05 02:17:30,96.05000000000001
2025-11-05 02:20:00,96.15
2025-11-05 02:22:30,95.9
2025-11-05 02:25:00,96.15
2025-11-05 02:27:30,95.9
2025-11-05 02:30:00,95.9
2025-11-05 02:32:30,95.9
2025-11-05 02:35:00,95.9
2025-11-05 02:37:30,95.9
2025-11-05 02:40:00,95.9
2025-11-05 02:42:30,95.9
2025-11-05 02:45:00,95.9
2025-11-05 02:47:30,95.9
2025-11-05 02:50:00,95.9
2025-11-05 02:52:30,95.9
2025-11-05 02:55:00,95.9
2025-11-05 02:57:30,95.9
2025-11-05 03:00:00,95.7
2025-11-05 03:02:30,95.8
2025-11-05 03:05:00,95.7
2025-11-05 03:07:30,95.9
2025-11-05 03:10:00,95.9
2025-11-05 03:12:30,95.7
2025-11-05 03:15:00,95.8
2025-11-05 03:17:30,95.9
2025-11-05 03:20:00,95.7
2025-11-05 03:22:30,95.7
2025-11-05 03:25:00,95.9
2025-11-05 03:27:30,95.5
2025-11-05 03:30:00,95.9
2025-11-05 03:32:30,95.5
2025-11-05 03:35:00,95.9
2025-11-05 03:37:30,95.8
2025-11-05 03:40:00,95.9
2025-11-05 03:42:30,95.9
2025-11-05 03:45:00,95.7
2025-11-05 03:47:30,95.7
2025-11-05 03:50:00,95.8
2025-11-05 03:52:30,95.7
2025-11-05 03:55:00,95.8
2025-11-05 03:57:30,95.9
2025-11-05 04:00:00,95.8
2025-11-05 04:02:30,95.9
2025-11-05 04:05:00,95.9
2025-11-05 04:07:30,95.8
2025-11-05 04:10:00,95.9
2025-11-05 04:12:30,95.5
2025-11-05 04:15:00,96.4
2025-11-05 04:17:30,95.9
2025-11-05 04:20:00,95.6
2025-11-05 04:22:30,95.9
2025-11-05 04:25:00,96.4
2025-11-05 04:27:30,95.7
2025-11-05 04:30:00,95.9
2025-11-05 04:32:30,95.9
2025-11-05 04:35:00,95.7
2025-11-05 04:37:30,95.7
2025-11-05 04:40:00,95.9
2025-11-05 04:42:30,95.9
2025-11-05 04:45:00,95.7
2025-11-05 04:47:30,95.9
2025-11-05 04:50:00,95.7
2025-11-05 04:52:30,95.7
2025-11-05 04:55:00,95.5
2025-11-05 04:57:30,95.9
2025-11-05 05:00:00,95.9
2025-11-05 05:02:30,95.7
2025-11-05 05:05:00,95.9
2025-11-05 05:07:30,95.6
2025-11-05 05:10:00,95.7
2025-11-05 05:12:30,95.9
2025-11-05 05:15:00,95.9
2025-11-05 05:17:30,95.8
2025-11-05 05:20:00,95.6
2025-11-05 05:22:30,95.7
2025-11-05 05:25:00,95.9
2025-11-05 05:27:30,95.8
2025-11-05 05:30:00,95.9
2025-11-05 05:32:30,95.7
2025-11-05 05:35:00,95.7
2025-11-05 05:37:30,95.7
2025-11-05 05:40:00,95.7
2025-11-05 05:42:30,95.7
2025-11-05 05:45:00,95.7
2025-11-05 05:47:30,95.7
2025-11-05 05:50:00,95.5
2025-11-05 05:52:30,95.7
2025-11-05 05:55:00,95.9
2025-11-05 05:57:30,95.9
2025-11-05 06:00:00,95.9
2025-11-05 06:02:30,95.5
2025-11-05 06:05:00,95.9
2025-11-05 06:07:30,95.8
2025-11-05 06:10:00,95.8
2025-11-05 06:12:30,95.9
2025-11-05 06:15:00,95.9
2025-11-05 06:17:30,95.8
2025-11-05 06:20:00,95.9
2025-11-05 06:22:30,95.9
2025-11-05 06:25:00,95.6
2025-11-05 06:27:30,95.4
2025-11-05 06:30:00,95.6
2025-11-05 06:32:30,95.2
2025-11-05 06:35:00,95.5
2025-11-05 06:37:30,95.5
2025-11-05 06:40:00,95.8
2025-11-05 06:42:30,95.7
2025-11-05 06:45:00,95.6
2025-11-05 06:47:30,95.7
2025-11-05 06:50:00,95.4
2025-11-05 06:52:30,95.7
2025-11-05 06:55:00,95.7
2025-11-05 06:57:30,95.7
2025-11-05 07:00:00,95.7
2025-11-05 07:02:30,95.7
2025-11-05 07:05:00,95.7
2025-11-05 07:07:30,95.9
2025-11-05 07:10:00,95.5
2025-11-05 07:12:30,95.9
2025-11-05 07:15:00,95.8
2025-11-05 07:17:30,95.3
2025-11-05 07:20:00,95.0
2025-11-05 07:22:30,95.5
2025-11-05 07:25:00,95.7
2025-11-05 07:27:30,95.57499999999999
2025-11-05 07:30:00,95.7
2025-11-05 07:32:30,95.4
2025-11-05 07:35:00,95.3
2025-11-05 07:37:30,95.1
2025-11-05 07:40:00,95.4
2025-11-05 07:42:30,95.6
2025-11-05 07:45:00,95.7
2025-11-05 07:47:30,95.5
2025-11-05 07:50:00,95.6
2025-11-05 07:52:30,95.6
2025-11-05 07:55:00,95.7
2025-11-05 07:57:30,95.5
2025-11-05 08:00:00,95.4
2025-11-05 08:02:30,95.7
2025-11-05 08:05:00,95.7
2025-11-05 08:07:30,95.5
2025-11-05 08:10:00,95.5
2025-11-05 08:12:30,95.4
2025-11-05 08:15:00,95.5
2025-11-05 08:17:30,95.5
2025-11-05 08:20:00,95.6
2025-11-05 08:22:30,95.7
2025-11-05 08:25:00,95.7
2025-11-05 08:27:30,95.65
2025-11-05 08:30:00,95.6
2025-11-05 08:32:30,95.7
2025-11-05 08:35:00,95.7
2025-11-05 08:37:30,95.7
2025-11-05 08:40:00,95.7
2025-11-05 08:42:30,95.6
2025-11-05 08:45:00,95.6
2025-11-05 08:47:30,95.6
2025-11-05 08:50:00,95.5
2025-11-05 08:52:30,95.7
2025-11-05 08:55:00,95.4
2025-11-05 08:57:30,95.8
2025-11-05 09:00:00,95.7
2025-11-05 09:02:30,95.3
2025-11-05 09:05:00,95.6
2025-11-05 09:07:30,95.5
2025-11-05 09:10:00,95.5
2025-11-05 09:12:30,95.7
2025-11-05 09:15:00,95.4
2025-11-05 09:17:30,95.7
2025-11-05 09:20:00,95.5
2025-11-05 09:22:30,95.7
2025-11-05 09:25:00,95.6
2025-11-05 09:27:30,95.3
2025-11-05 09:30:00,95.7
2025-11-05 09:32:30,95.5
2025-11-05 09:35:00,95.7
2025-11-05 09:37:30,95.2
2025-11-05 09:40:00,95.7
2025-11-05 09:42:30,95.5
2025-11-05 09:45:00,95.5
2025-11-05 09:47:30,95.7
2025-11-05 09:50:00,95.5
2025-11-05 09:52:30,95.5
2025-11-05 09:55:00,95.5
2025-11-05 09:57:30,95.5
2025-11-05 10:00:00,95.5
2025-11-05 10:02:30,95.5
2025-11-05 10:05:00,95.5
2025-11-05 10:07:30,95.7
2025-11-05 10:10:00,95.5
2025-11-05 10:12:30,95.5
2025-11-05 10:15:00,95.5
2025-11-05 10:17:30,95.5
2025-11-05 10:20:00,95.5
2025-11-05 10:22:30,95.5
2025-11-05 10:25:00,95.5
2025-11-05 10:27:30,95.5
2025-11-05 10:30:00,95.4
2025-11-05 10:32:30,95.5
2025-11-05 10:35:00,95.5
2025-11-05 10:37:30,95.5
2025-11-05 10:40:00,95.5
2025-11-05 10:42:30,95.6
2025-11-05 10:45:00,95.5
2025-11-05 10:47:30,95.5
2025-11-05 10:50:00,95.5
2025-11-05 10:52:30,95.7
2025-11-05 10:55:00,95.5
2025-11-05 10:57:30,95.5
2025-11-05 11:00:00,95.6
2025-11-05 11:02:30,95.7
2025-11-05 11:05:00,95.5
2025-11-05 11:07:30,95.7
2025-11-05 11:10:00,95.9
2025-11-05 11:12:30,95.9
2025-11-05 11:15:00,95.9
2025-11-05 11:17:30,96.4
2025-11-05 11:20:00,96.5
2025-11-05 11:22:30,96.5
2025-11-05 11:25:00,96.5
2025-11-05 11:27:30,96.5
2025-11-05 11:30:00,96.6
2025-11-05 11:32:30,96.6
2025-11-05 11:35:00,96.7
2025-11-05 11:37:30,96.7
2025-11-05 11:40:00,96.8
2025-11-05 11:42:30,96.85
2025-11-05 11:45:00,96.9
2025-11-05 11:47:30,97.1
2025-11-05 11:50:00,97.2
2025-11-05 11:52:30,97.15
2025-11-05 11:55:00,97.05
2025-11-05 11:57:30,97.0
2025-11-05 12:00:00,96.9
2025-11-05 12:02:30,97.3
2025-11-05 12:05:00,97.4
2025-11-05 12:07:30,97.6
2025-11-05 12:10:00,97.5
2025-11-05 12:12:30,97.2
2025-11-05 12:15:00,96.9
2025-11-05 12:17:30,97.05000000000001
2025-11-05 12:20:00,97.1
2025-11-05 12:22:30,97.7
2025-11-05 12:25:00,97.6
2025-11-05 12:27:30,97.7
2025-11-05 12:30:00,97.7
2025-11-05 12:32:30,97.8
2025-11-05 12:35:00,97.5
2025-11-05 12:37:30,97.8
2025-11-05 12:40:00,98.0
2025-11-05 12:42:30,97.8
2025-11-05 12:45:00,97.9
2025-11-05 12:47:30,98.0
2025-11-05 12:50:00,98.1
2025-11-05 12:52:30,98.1
2025-11-05 12:55:00,98.0
2025-11-05 12:57:30,98.0
2025-11-05 13:00:00,98.1
2025-11-05 13:02:30,98.4
2025-11-05 13:05:00,98.1
2025-11-05 13:07:30,98.2
2025-11-05 13:10:00,98.5
2025-11-05 13:12:30,98.4
2025-11-05 13:15:00,98.5
2025-11-05 13:17:30,98.65
2025-11-05 13:20:00,98.4
2025-11-05 13:22:30,98.95
2025-11-05 13:25:00,98.5
2025-11-05 13:27:30,98.8
2025-11-05 13:30:00,98.5
2025-11-05 13:32:30,99.0
2025-11-05 13:35:00,98.3
2025-11-05 13:37:30,98.9
2025-11-05 13:40:00,98.2
2025-11-05 13:42:30,98.42500000000001
2025-11-05 13:45:00,98.3
2025-11-05 13:47:30,98.3
2025-11-05 13:50:00,99.05
2025-11-05 13:52:30,97.9
2025-11-05 13:55:00,97.8
2025-11-05 13:57:30,98.0
2025-11-05 14:00:00,98.3
2025-11-05 14:02:30,98.5
2025-11-05 14:05:00,98.5
2025-11-05 14:07:30,98.5
2025-11-05 14:10:00,98.5
2025-11-05 14:12:30,99.1
2025-11-05 14:15:00,99.1
2025-11-05 14:17:30,99.2
2025-11-05 14:20:00,99.0
2025-11-05 14:22:30,99.0
2025-11-05 14:25:00,99.1
2025-11-05 14:27:30,99.0
2025-11-05 14:30:00,99.0
2025-11-05 14:32:30,99.0
2025-11-05 14:35:00,99.05
2025-11-05 14:37:30,99.05
2025-11-05 14:40:00,99.1
2025-11-05 14:42:30,99.1
2025-11-05 14:45:00,99.1
2025-11-05 14:47:30,99.0
2025-11-05 14:50:00,99.1
2025-11-05 14:52:30,99.1
2025-11-05 14:55:00,98.8
2025-11-05 14:57:30,99.3
2025-11-05 15:00:00,99.0
2025-11-05 15:02:30,99.3
2025-11-05 15:05:00,98.8
2025-11-05 15:07:30,99.3
2025-11-05 15:10:00,99.1
2025-11-05 15:12:30,99.0
2025-11-05 15:15:00,99.0
2025-11-05 15:17:30,99.1
2025-11-05 15:20:00,99.0
2025-11-05 15:22:30,99.0
2025-11-05 15:25:00,99.15
2025-11-05 15:27:30,99.1
2025-11-05 15:30:00,98.8
2025-11-05 15:32:30,99.0
2025-11-05 15:35:00,98.9
2025-11-05 15:37:30,98.9
2025-11-05 15:40:00,99.0
2025-11-05 15:42:30,99.0
2025-11-05 15:45:00,99.0
2025-11-05 15:47:30,99.1
2025-11-05 15:50:00,99.0
2025-11-05 15:52:30,99.0
2025-11-05 15:55:00,99.0
2025-11-05 15:57:30,99.0
2025-11-05 16:00:00,99.0
2025-11-05 16:02:30,99.0
2025-11-05 16:05:00,99.0
2025-11-05 16:07:30,99.0
2025-11-05 16:10:00,99.0
2025-11-05 16:12:30,99.1
2025-11-05 16:15:00,99.0
2025-11-05 16:17:30,99.1
2025-11-05 16:20:00,99.1
2025-11-05 16:22:30,99.1
2025-11-05 16:25:00,99.0
2025-11-05 16:27:30,99.0
2025-11-05 16:30:00,99.0
2025-11-05 16:32:30,99.3
2025-11-05 16:35:00,99.0
2025-11-05 16:37:30,99.1
2025-11-05 16:40:00,98.94999999999999
2025-11-05 16:42:30,99.1
2025-11-05 16:45:00,99.0
2025-11-05 16:47:30,98.8
2025-11-05 16:50:00,99.0
2025-11-05 16:52:30,99.1
2025-11-05 16:55:00,99.1
2025-11-05 16:57:30,99.0
2025-11-05 17:00:00,98.8
2025-11-05 17:02:30,98.5
2025-11-05 17:05:00,99.0
2025-11-05 17:07:30,98.45
2025-11-05 17:10:00,99.3
2025-11-05 17:12:30,98.8
2025-11-05 17:15:00,99.05
2025-11-05 17:17:30,99.19999999999999
2025-11-05 17:20:00,99.2
2025-11-05 17:22:30,99.1
2025-11-05 17:25:00,99.3
2025-11-05 17:27:30,99.0
2025-11-05 17:30:00,99.0
2025-11-05 17:32:30,99.1
2025-11-05 17:35:00,99.0
2025-11-05 17:37:30,99.1
2025-11-05 17:40:00,99.0
2025-11-05 17:42:30,98.9
2025-11-05 17:45:00,99.0
2025-11-05 17:47:30,99.0
2025-11-05 17:50:00,99.0
2025-11-05 17:52:30,99.0
2025-11-05 17:55:00,99.0
2025-11-05 17:57:30,99.0
2025-11-05 18:00:00,99.0
2025-11-05 18:02:30,99.0
2025-11-05 18:05:00,99.0
2025-11-05 18:07:30,98.65
2025-11-05 18:10:00,99.0
2025-11-05 18:12:30,99.1
2025-11-05 18:15:00,99.1
2025-11-05 18:17:30,98.8
2025-11-05 18:20:00,99.0
2025-11-05 18:22:30,99.0
2025-11-05 18:25:00,99.0
2025-11-05 18:27:30,99.0
2025-11-05 18:30:00,99.0
2025-11-05 18:32:30,99.0
2025-11-05 18:35:00,99.0
2025-11-05 18:37:30,98.9
2025-11-05 18:40:00,99.0
2025-11-05 18:42:30,99.1
2025-11-05 18:45:00,99.0
2025-11-05 18:47:30,98.9
2025-11-05 18:50:00,99.05
2025-11-05 18:52:30,99.0
2025-11-05 18:55:00,98.8
2025-11-05 18:57:30,98.94999999999999
2025-11-05 19:00:00,99.0
2025-11-05 19:02:30,99.1
2025-11-05 19:05:00,98.8
2025-11-05 19:07:30,99.0
2025-11-05 19:10:00,98.8
2025-11-05 19:12:30,98.75
2025-11-05 19:15:00,99.0
2025-11-05 19:17:30,98.75
2025-11-05 19:20:00,99.1
2025-11-05 19:22:30,99.0
2025-11-05 19:25:00,99.0
2025-11-05 19:27:30,99.0
2025-11-05 19:30:00,99.0
2025-11-05 19:32:30,99.0
2025-11-05 19:35:00,99.0
2025-11-05 19:37:30,99.0
2025-11-05 19:40:00,99.0
2025-11-05 19:42:30,99.0
2025-11-05 19:45:00,99.0
2025-11-05 19:47:30,99.0
2025-11-05 19:50:00,99.0
2025-11-05 19:52:30,99.0
2025-11-05 19:55:00,99.0
2025-11-05 19:57:30,99.0
2025-11-05 20:00:00,99.0
2025-11-05 20:02:30,99.0
2025-11-05 20:05:00,98.95
2025-11-05 20:07:30,98.95
2025-11-05 20:10:00,99.0
2025-11-05 20:12:30,99.0
2025-11-05 20:15:00,99.0
2025-11-05 20:17:30,99.0
2025-11-05 20:20:00,99.0
2025-11-05 20:22:30,99.0
2025-11-05 20:25:00,99.0
2025-11-05 20:27:30,99.1
2025-11-05 20:30:00,99.0
2025-11-05 20:32:30,99.0
2025-11-05 20:35:00,99.0
2025-11-05 20:37:30,99.0
2025-11-05 20:40:00,99.0
2025-11-05 20:42:30,99.0
2025-11-05 20:45:00,99.0
2025-11-05 20:47:30,99.0
2025-11-05 20:50:00,99.0
2025-11-05 20:52:30,99.0
2025-11-05 20:55:00,99.0
2025-11-05 20:57:30,99.0
2025-11-05 21:00:00,99.0
2025-11-05 21:02:30,98.5
2025-11-05 21:05:00,99.0
2025-11-05 21:07:30,99.1
2025-11-05 21:10:00,99.0
2025-11-05 21:12:30,98.5
2025-11-05 21:15:00,98.30000000000001
2025-11-05 21:17:30,98.95
2025-11-05 21:20:00,98.65
2025-11-05 21:22:30,98.9
2025-11-05 21:25:00,99.0
2025-11-05 21:27:30,98.9
2025-11-05 21:30:00,98.9
2025-11-05 21:32:30,99.0
2025-11-05 21:35:00,98.9
2025-11-05 21:37:30,98.8
2025-11-05 21:40:00,98.9
2025-11-05 21:42:30,98.9
2025-11-05 21:45:00,99.0
2025-11-05 21:47:30,99.0
2025-11-05 21:50:00,99.0
2025-11-05 21:52:30,99.0
2025-11-05 21:55:00,99.0
2025-11-05 21:57:30,99.0
2025-11-05 22:00:00,99.0
2025-11-05 22:02:30,99.0
2025-11-05 22:05:00,99.0
2025-11-05 22:07:30,99.0
2025-11-05 22:10:00,99.0
2025-11-05 22:12:30,98.9
2025-11-05 22:15:00,99.0
2025-11-05 22:17:30,98.9
2025-11-05 22:20:00,99.0
2025-11-05 22:22:30,99.0
2025-11-05 22:25:00,98.8
2025-11-05 22:27:30,99.0
2025-11-05 22:30:00,99.0
2025-11-05 22:32:30,98.9
2025-11-05 22:35:00,99.0
2025-11-05 22:37:30,98.8
2025-11-05 22:40:00,98.9
2025-11-05 22:42:30,99.0
2025-11-05 22:45:00,98.5
2025-11-05 22:47:30,98.9
2025-11-05 22:50:00,98.5
2025-11-05 22:52:30,98.55
2025-11-05 22:55:00,98.9
2025-11-05 22:57:30,99.0
2025-11-05 23:00:00,98.8
2025-11-05 23:02:30,98.9
2025-11-05 23:05:00,99.0
2025-11-05 23:07:30,98.5
2025-11-05 23:10:00,98.8
2025-11-05 23:12:30,99.0
2025-11-05 23:15:00,99.0
2025-11-05 23:17:30,99.1
2025-11-05 23:20:00,98.5
2025-11-05 23:22:30,99.0
2025-11-05 23:25:00,98.8
2025-11-05 23:27:30,98.9
2025-11-05 23:30:00,99.0
2025-11-05 23:32:30,98.5
2025-11-05 23:35:00,98.5
2025-11-05 23:37:30,98.9
2025-11-05 23:40:00,98.85
2025-11-05 23:42:30,98.9
2025-11-05 23:45:00,98.5
2025-11-05 23:47:30,98.7
2025-11-05 23:50:00,99.0
2025-11-05 23:52:30,98.65
2025-11-05 23:55:00,98.8
2025-11-05 23:57:30,99.0
2025-11-06 00:00:00,98.9
2025-11-06 00:02:30,98.9
2025-11-06 00:05:00,98.85
2025-11-06 00:07:30,98.9
2025-11-06 00:10:00,99.0
2025-11-06 00:12:30,98.8
2025-11-06 00:15:00,98.8
2025-11-06 00:17:30,98.85
2025-11-06 00:20:00,99.0
2025-11-06 00:22:30,98.5
2025-11-06 00:25:00,98.9
2025-11-06 00:27:30,99.0
2025-11-06 00:30:00,98.8
2025-11-06 00:32:30,98.5
2025-11-06 00:35:00,98.5
2025-11-06 00:37:30,99.0
2025-11-06 00:40:00,99.1
2025-11-06 00:42:30,98.9
2025-11-06 00:45:00,98.8
2025-11-06 00:47:30,98.5
2025-11-06 00:50:00,98.9
2025-11-06 00:52:30,98.8
2025-11-06 00:55:00,98.9
2025-11-06 00:57:30,98.5
2025-11-06 01:00:00,98.5
2025-11-06 01:02:30,98.5
2025-11-06 01:05:00,98.5
2025-11-06 01:07:30,98.95
2025-11-06 01:10:00,98.9
2025-11-06 01:12:30,98.9
2025-11-06 01:15:00,98.5
2025-11-06 01:17:30,98.5
2025-11-06 01:20:00,98.8
2025-11-06 01:22:30,98.9
2025-11-06 01:25:00,98.5
2025-11-06 01:27:30,98.8
2025-11-06 01:30:00,98.2
2025-11-06 01:32:30,98.9
2025-11-06 01:35:00,98.5
2025-11-06 01:37:30,98.5
2025-11-06 01:40:00,99.0
2025-11-06 01:42:30,98.5
2025-11-06 01:45:00,98.8
2025-11-06 01:47:30,98.8
2025-11-06 01:50:00,98.8
2025-11-06 01:52:30,98.8
2025-11-06 01:55:00,98.8
2025-11-06 01:57:30,98.8
2025-11-06 02:00:00,98.8
2025-11-06 02:02:30,98.65
2025-11-06 02:05:00,98.5
2025-11-06 02:07:30,98.65
2025-11-06 02:10:00,98.65
2025-11-06 02:12:30,98.5
2025-11-06 02:15:00,98.5
2025-11-06 02:17:30,98.0
2025-11-06 02:20:00,98.9
2025-11-06 02:22:30,98.8
2025-11-06 02:25:00,98.8
2025-11-06 02:27:30,98.0
2025-11-06 02:30:00,98.05
2025-11-06 02:32:30,98.6
2025-11-06 02:35:00,98.6
2025-11-06 02:37:30,98.5
2025-11-06 02:40:00,98.4
2025-11-06 02:42:30,98.8
2025-11-06 02:45:00,98.8
2025-11-06 02:47:30,98.8
2025-11-06 02:50:00,98.5
2025-11-06 02:52:30,98.4
2025-11-06 02:55:00,98.5
2025-11-06 02:57:30,98.5
2025-11-06 03:00:00,98.5
2025-11-06 03:02:30,98.5
2025-11-06 03:05:00,98.5
2025-11-06 03:07:30,98.9
2025-11-06 03:10:00,98.5
2025-11-06 03:12:30,98.9
2025-11-06 03:15:00,98.5
2025-11-06 03:17:30,98.5
2025-11-06 03:20:00,98.8
2025-11-06 03:22:30,98.5
2025-11-06 03:25:00,98.4
2025-11-06 03:27:30,98.9
2025-11-06 03:30:00,98.6
2025-11-06 03:32:30,98.35
2025-11-06 03:35:00,98.3
2025-11-06 03:37:30,98.5
2025-11-06 03:40:00,98.8
2025-11-06 03:42:30,98.8
2025-11-06 03:45:00,98.5
2025-11-06 03:47:30,98.5
2025-11-06 03:50:00,98.5
2025-11-06 03:52:30,98.5
2025-11-06 03:55:00,98.5
2025-11-06 03:57:30,98.5
2025-11-06 04:00:00,98.5
2025-11-06 04:02:30,98.5
2025-11-06 04:05:00,98.5
2025-11-06 04:07:30,98.5
2025-11-06 04:10:00,98.5
2025-11-06 04:12:30,98.5
2025-11-06 04:15:00,98.5
2025-11-06 04:17:30,98.5
2025-11-06 04:20:00,98.5
2025-11-06 04:22:30,98.5
2025-11-06 04:25:00,98.5
2025-11-06 04:27:30,98.5
2025-11-06 04:30:00,98.5
2025-11-06 04:32:30,98.4
2025-11-06 04:35:00,98.5
2025-11-06 04:37:30,98.5
2025-11-06 04:40:00,98.4
2025-11-06 04:42:30,98.45
2025-11-06 04:45:00,98.5
2025-11-06 04:47:30,98.5
2025-11-06 04:50:00,98.3
2025-11-06 04:52:30,98.5
2025-11-06 04:55:00,98.3
2025-11-06 04:57:30,98.2
2025-11-06 05:00:00,98.0
2025-11-06 05:02:30,98.0
2025-11-06 05:05:00,96.9
2025-11-06 05:07:30,96.5
2025-11-06 05:10:00,96.7
2025-11-06 05:12:30,96.7
2025-11-06 05:15:00,96.63333333333333
2025-11-06 05:17:30,96.5
2025-11-06 05:20:00,96.56666666666666
2025-11-06 05:22:30,96.53333333333333
2025-11-06 05:25:00,96.55
2025-11-06 05:27:30,96.54166666666666
2025-11-06 05:30:00,96.54583333333332
2025-11-06 05:32:30,96.54374999999999
2025-11-06 05:35:00,96.54479166666665
2025-11-06 05:37:30,96.54427083333331
2025-11-06 05:40:00,96.54453124999998
2025-11-06 05:42:30,96.54440104166665
2025-11-06 05:45:00,96.54446614583331
2025-11-06 05:47:30,96.54443359374997
2025-11-06 05:50:00,96.54444986979163
2025-11-06 05:52:30,96.5444417317708
2025-11-06 05:55:00,96.54444580078122
2025-11-06 05:57:30,96.544443766276
2025-11-06 06:00:00,96.5444447835286
2025-11-06 06:02:30,96.5444442749023
2025-11-06 06:05:00,96.54444452921545
2025-11-06 06:07:30,96.54444440205887
2025-11-06 06:10:00,96.54444446563716
2025-11-06 06:12:30,96.54444443384801
2025-11-06 06:15:00,96.54444444974258
2025-11-06 06:17:30,96.54444444179529
2025-11-06 06:20:00,96.54444444576893
2025-11-06 06:22:30,96.54444444378211
2025-11-06 06:25:00,96.54444444477552
2025-11-06 06:27:30,96.54444444427881
2025-11-06 06:30:00,96.54444444452716
2025-11-06 06:32:30,96.54444444440298
2025-11-06 06:35:00,96.54444444446507
2025-11-06 06:37:30,96.54444444443402
2025-11-06 06:40:00,96.54444444444954
2025-11-06 06:42:30,96.54444444444178
2025-11-06 06:45:00,96.54444444444566
2025-11-06 06:47:30,96.54444444444371
2025-11-06 06:50:00,96.54444444444468
2025-11-06 06:52:30,96.5444444444442
2025-11-06 06:55:00,96.54444444444444
2025-11-06 06:57:30,96.54444444444431
2025-11-06 07:00:00,96.54444444444437
2025-11-06 07:02:30,96.54444444444434
2025-11-06 07:05:00,96.54444444444435
2025-11-06 07:07:30,96.54444444444434
2025-11-06 07:10:00,96.54444444444434
2025-11-06 07:12:30,96.54444444444434
2025-11-06 07:15:00,96.54444444444434
2025-11-06 07:17:30,96.54444444444434
2025-11-06 07:20:00,96.54444444444434
2025-11-06 07:22:30,96.54444444444434
2025-11-06 07:25:00,96.54444444444434
2025-11-06 07:27:30,96.54444444444434
2025-11-06 07:30:00,96.54444444444434
2025-11-06 07:32:30,96.54444444444434
2025-11-06 07:35:00,96.54444444444434
2025-11-06 07:37:30,96.54444444444434
2025-11-06 07:40:00,96.54444444444434
2025-11-06 07:42:30,96.54444444444434
2025-11-06 07:45:00,96.54444444444434
2025-11-06 07:47:30,96.54444444444434
2025-11-06 07:50:00,96.54444444444434
2025-11-06 07:52:30,96.54444444444434
2025-11-06 07:55:00,96.54444444444434
2025-11-06 07:57:30,96.54444444444434
2025-11-06 08:00:00,96.54444444444434
2025-11-06 08:02:30,96.54444444444434
2025-11-06 08:05:00,96.54444444444434
2025-11-06 08:07:30,96.54444444444434
2025-11-06 08:10:00,96.54444444444434
2025-11-06 08:12:30,96.54444444444434
2025-11-06 08:15:00,96.54444444444434
2025-11-06 08:17:30,96.54444444444434
2025-11-06 08:20:00,96.54444444444434
2025-11-06 08:22:30,96.54444444444434
2025-11-06 08:25:00,96.54444444444434
2025-11-06 08:27:30,96.54444444444434
2025-11-06 08:30:00,96.54444444444434
2025-11-06 08:32:30,96.54444444444434
2025-11-06 08:35:00,96.54444444444434
2025-11-06 08:37:30,96.54444444444434
2025-11-06 08:40:00,96.54444444444434
2025-11-06 08:42:30,96.54444444444434
2025-11-06 08:45:00,96.54444444444434
2025-11-06 08:47:30,96.54444444444434
2025-11-06 08:50:00,96.54444444444434
2025-11-06 08:52:30,96.54444444444434
2025-11-06 08:55:00,96.54444444444434
2025-11-06 08:57:30,96.54444444444434
2025-11-06 09:00:00,96.54444444444434
2025-11-06 09:02:30,96.54444444444434
2025-11-06 09:05:00,96.54444444444434
2025-11-06 09:07:30,96.54444444444434
2025-11-06 09:10:00,96.54444444444434
2025-11-06 09:12:30,96.54444444444434
2025-11-06 09:15:00,96.54444444444434
2025-11-06 09:17:30,96.54444444444434
2025-11-06 09:20:00,96.54444444444434
2025-11-06 09:22:30,96.54444444444434
2025-11-06 09:25:00,96.54444444444434
2025-11-06 09:27:30,96.54444444444434
2025-11-06 09:30:00,96.54444444444434
2025-11-06 09:32:30,96.54444444444434
2025-11-06 09:35:00,96.54444444444434
2025-11-06 09:37:30,96.54444444444434
2025-11-06 09:40:00,96.54444444444434
2025-11-06 09:42:30,96.54444444444434
2025-11-06 09:45:00,96.54444444444434
2025-11-06 09:47:30,96.54444444444434
2025-11-06 09:50:00,96.54444444444434
2025-11-06 09:52:30,96.54444444444434
2025-11-06 09:55:00,96.54444444444434
2025-11-06 09:57:30,96.54444444444434
2025-11-06 10:00:00,96.54444444444434
2025-11-06 10:02:30,96.54444444444434
2025-11-06 10:05:00,96.54444444444434
2025-11-06 10:07:30,96.54444444444434
2025-11-06 10:10:00,96.54444444444434
2025-11-06 10:12:30,96.54444444444434
2025-11-06 10:15:00,96.54444444444434
2025-11-06 10:17:30,96.54444444444434
2025-11-06 10:20:00,96.54444444444434
2025-11-06 10:22:30,96.54444444444434
2025-11-06 10:25:00,96.54444444444434
2025-11-06 10:27:30,96.54444444444434
2025-11-06 10:30:00,96.54444444444434
2025-11-06 10:32:30,96.54444444444434
2025-11-06 10:35:00,96.54444444444434
2025-11-06 10:37:30,96.54444444444434
2025-11-06 10:40:00,96.54444444444434
2025-11-06 10:42:30,96.54444444444434
2025-11-06 10:45:00,96.54444444444434
2025-11-06 10:47:30,96.54444444444434
2025-11-06 10:50:00,96.54444444444434
2025-11-06 10:52:30,96.54444444444434
2025-11-06 10:55:00,96.54444444444434
2025-11-06 10:57:30,96.54444444444434
2025-11-06 11:00:00,96.54444444444434
2025-11-06 11:02:30,96.54444444444434
2025-11-06 11:05:00,96.54444444444434
2025-11-06 11:07:30,96.54444444444434
2025-11-06 11:10:00,96.54444444444434
2025-11-06 11:12:30,96.54444444444434
2025-11-06 11:15:00,96.54444444444434
2025-11-06 11:17:30,96.54444444444434
2025-11-06 11:20:00,96.54444444444434
2025-11-06 11:22:30,96.54444444444434
2025-11-06 11:25:00,96.54444444444434
2025-11-06 11:27:30,96.54444444444434
2025-11-06 11:30:00,96.54444444444434
2025-11-06 11:32:30,96.54444444444434
2025-11-06 11:35:00,96.54444444444434
2025-11-06 11:37:30,96.54444444444434
2025-11-06 11:40:00,96.54444444444434
2025-11-06 11:42:30,96.54444444444434
2025-11-06 11:45:00,96.54444444444434
2025-11-06 11:47:30,96.54444444444434
2025-11-06 11:50:00,96.54444444444434
2025-11-06 11:52:30,96.54444444444434
2025-11-06 11:55:00,96.54444444444434
2025-11-06 11:57:30,96.54444444444434
2025-11-06 12:00:00,96.54444444444434
2025-11-06 12:02:30,96.54444444444434
2025-11-06 12:05:00,96.54444444444434
2025-11-06 12:07:30,96.54444444444434
2025-11-06 12:10:00,96.54444444444434
2025-11-06 12:12:30,96.54444444444434
2025-11-06 12:15:00,96.54444444444434
2025-11-06 12:17:30,96.54444444444434
2025-11-06 12:20:00,96.54444444444434
2025-11-06 12:22:30,96.54444444444434
2025-11-06 12:25:00,96.54444444444434
2025-11-06 12:27:30,96.54444444444434
2025-11-06 12:30:00,96.54444444444434
2025-11-06 12:32:30,96.54444444444434
2025-11-06 12:35:00,96.54444444444434
2025-11-06 12:37:30,96.54444444444434
2025-11-06 12:40:00,96.54444444444434
2025-11-06 12:42:30,96.54444444444434
2025-11-06 12:45:00,96.54444444444434
2025-11-06 12:47:30,96.54444444444434
2025-11-06 12:50:00,96.54444444444434
2025-11-06 12:52:30,96.54444444444434
2025-11-06 12:55:00,96.54444444444434
2025-11-06 12:57:30,96.54444444444434
2025-11-06 13:00:00,96.54444444444434
2025-11-06 13:02:30,96.54444444444434
2025-11-06 13:05:00,96.54444444444434
2025-11-06 13:07:30,96.54444444444434
2025-11-06 13:10:00,96.54444444444434
2025-11-06 13:12:30,96.54444444444434
2025-11-06 13:15:00,96.54444444444434
2025-11-06 13:17:30,96.54444444444434
2025-11-06 13:20:00,96.54444444444434
2025-11-06 13:22:30,96.54444444444434
2025-11-06 13:25:00,96.54444444444434
2025-11-06 13:27:30,96.54444444444434
2025-11-06 13:30:00,96.54444444444434
2025-11-06 13:32:30,96.54444444444434
2025-11-06 13:35:00,96.54444444444434
2025-11-06 13:37:30,96.54444444444434
2025-11-06 13:40:00,96.54444444444434
2025-11-06 13:42:30,96.54444444444434
2025-11-06 13:45:00,96.54444444444434
2025-11-06 13:47:30,96.54444444444434
2025-11-06 13:50:00,96.54444444444434
2025-11-06 13:52:30,96.54444444444434
2025-11-06 13:55:00,96.54444444444434
2025-11-06 13:57:30,96.54444444444434
2025-11-06 14:00:00,96.54444444444434
2025-11-06 14:02:30,96.54444444444434
2025-11-06 14:05:00,96.54444444444434
2025-11-06 14:07:30,96.54444444444434
2025-11-06 14:10:00,96.54444444444434
2025-11-06 14:12:30,96.54444444444434
2025-11-06 14:15:00,96.54444444444434
2025-11-06 14:17:30,96.54444444444434
2025-11-06 14:20:00,96.54444444444434
2025-11-06 14:22:30,96.54444444444434
2025-11-06 14:25:00,96.54444444444434
2025-11-06 14:27:30,96.54444444444434
2025-11-06 14:30:00,96.54444444444434
2025-11-06 14:32:30,96.54444444444434
2025-11-06 14:35:00,96.54444444444434
2025-11-06 14:37:30,96.54444444444434
2025-11-06 14:40:00,96.54444444444434
2025-11-06 14:42:30,96.54444444444434
2025-11-06 14:45:00,96.54444444444434
2025-11-06 14:47:30,96.54444444444434
2025-11-06 14:50:00,96.54444444444434
2025-11-06 14:52:30,96.54444444444434
2025-11-06 14:55:00,96.54444444444434
2025-11-06 14:57:30,96.54444444444434
2025-11-06 15:00:00,96.54444444444434
2025-11-06 15:02:30,96.54444444444434
2025-11-06 15:05:00,96.54444444444434
2025-11-06 15:07:30,96.54444444444434
2025-11-06 15:10:00,96.54444444444434
2025-11-06 15:12:30,96.54444444444434
2025-11-06 15:15:00,96.54444444444434
2025-11-06 15:17:30,96.54444444444434
2025-11-06 15:20:00,96.54444444444434
2025-11-06 15:22:30,96.54444444444434
2025-11-06 15:25:00,96.54444444444434
2025-11-06 15:27:30,96.54444444444434
2025-11-06 15:30:00,96.54444444444434
2025-11-06 15:32:30,96.54444444444434
2025-11-06 15:35:00,96.54444444444434
2025-11-06 15:37:30,96.54444444444434
2025-11-06 15:40:00,96.54444444444434
2025-11-06 15:42:30,96.54444444444434
2025-11-06 15:45:00,96.54444444444434
2025-11-06 15:47:30,96.54444444444434
2025-11-06 15:50:00,96.54444444444434
2025-11-06 15:52:30,96.54444444444434
2025-11-06 15:55:00,96.54444444444434
2025-11-06 15:57:30,96.54444444444434
2025-11-06 16:00:00,96.54444444444434
2025-11-06 16:02:30,96.54444444444434
2025-11-06 16:05:00,96.69629629629623
2025-11-06 16:07:30,96.98518518518513
2025-11-06 16:10:00,97.0
2025-11-06 16:12:30,97.7
2025-11-06 16:15:00,98.1
2025-11-06 16:17:30,97.9
2025-11-06 16:20:00,97.5
2025-11-06 16:22:30,97.9
2025-11-06 16:25:00,98.0
2025-11-06 16:27:30,97.8
2025-11-06 16:30:00,97.9
2025-11-06 16:32:30,97.8
2025-11-06 16:35:00,98.2
2025-11-06 16:37:30,98.2
2025-11-06 16:40:00,98.35
2025-11-06 16:42:30,98.5
2025-11-06 16:45:00,98.1
2025-11-06 16:47:30,98.3
2025-11-06 16:50:00,98.1
2025-11-06 16:52:30,98.1
2025-11-06 16:55:00,98.5
2025-11-06 16:57:30,98.1
2025-11-06 17:00:00,97.9
2025-11-06 17:02:30,98.3
2025-11-06 17:05:00,98.1
2025-11-06 17:07:30,97.9
2025-11-06 17:10:00,98.1
2025-11-06 17:12:30,98.1
2025-11-06 17:15:00,98.5
2025-11-06 17:17:30,98.1
2025-11-06 17:20:00,98.4
2025-11-06 17:22:30,98.3
2025-11-06 17:25:00,98.05
2025-11-06 17:27:30,98.4
2025-11-06 17:30:00,98.2
2025-11-06 17:32:30,98.2
2025-11-06 17:35:00,98.2
2025-11-06 17:37:30,98.2
2025-11-06 17:40:00,98.2
2025-11-06 17:42:30,98.2
2025-11-06 17:45:00,98.2
2025-11-06 17:47:30,98.1
2025-11-06 17:50:00,98.0
2025-11-06 17:52:30,98.1
2025-11-06 17:55:00,98.3
2025-11-06 17:57:30,98.0
2025-11-06 18:00:00,98.1
2025-11-06 18:02:30,98.2
2025-11-06 18:05:00,97.8
2025-11-06 18:07:30,98.3
2025-11-06 18:10:00,97.7
2025-11-06 18:12:30,97.5
2025-11-06 18:15:00,98.0
2025-11-06 18:17:30,98.1
2025-11-06 18:20:00,98.3
2025-11-06 18:22:30,98.1
2025-11-06 18:25:00,98.1
2025-11-06 18:27:30,98.1
2025-11-06 18:30:00,98.1
2025-11-06 18:32:30,98.1
2025-11-06 18:35:00,98.1
2025-11-06 18:37:30,98.1
2025-11-06 18:40:00,98.1
2025-11-06 18:42:30,98.1
2025-11-06 18:45:00,98.2
2025-11-06 18:47:30,98.2
2025-11-06 18:50:00,98.2
2025-11-06 18:52:30,98.2
2025-11-06 18:55:00,98.3
2025-11-06 18:57:30,98.2
2025-11-06 19:00:00,98.2
2025-11-06 19:02:30,98.1
2025-11-06 19:05:00,98.3
2025-11-06 19:07:30,98.2
2025-11-06 19:10:00,98.1
2025-11-06 19:12:30,98.0
2025-11-06 19:15:00,98.2
2025-11-06 19:17:30,98.1
2025-11-06 19:20:00,98.1
2025-11-06 19:22:30,98.1
2025-11-06 19:25:00,98.1
2025-11-06 19:27:30,98.1
2025-11-06 19:30:00,98.1
2025-11-06 19:32:30,98.1
2025-11-06 19:35:00,98.1
2025-11-06 19:37:30,98.1
2025-11-06 19:40:00,98.1
2025-11-06 19:42:30,98.1
2025-11-06 19:45:00,98.1
2025-11-06 19:47:30,98.1
2025-11-06 19:50:00,98.1
2025-11-06 19:52:30,98.1
2025-11-06 19:55:00,98.1
2025-11-06 19:57:30,98.1
2025-11-06 20:00:00,98.1
2025-11-06 20:02:30,98.1
2025-11-06 20:05:00,98.1
2025-11-06 20:07:30,98.1
2025-11-06 20:10:00,98.1
2025-11-06 20:12:30,98.1
2025-11-06 20:15:00,98.1
2025-11-06 20:17:30,98.1
2025-11-06 20:20:00,98.1
2025-11-06 20:22:30,98.1
2025-11-06 20:25:00,98.1
2025-11-06 20:27:30,98.1
2025-11-06 20:30:00,98.1
2025-11-06 20:32:30,98.1
2025-11-06 20:35:00,98.1
2025-11-06 20:37:30,98.1
2025-11-06 20:40:00,98.1
2025-11-06 20:42:30,98.1
2025-11-06 20:45:00,98.1
2025-11-06 20:47:30,98.1
2025-11-06 20:50:00,98.1
2025-11-06 20:52:30,98.1
2025-11-06 20:55:00,98.1
2025-11-06 20:57:30,98.1
2025-11-06 21:00:00,98.1
2025-11-06 21:02:30,98.1
2025-11-06 21:05:00,98.1
2025-11-06 21:07:30,98.1
2025-11-06 21:10:00,98.2
2025-11-06 21:12:30,97.7
2025-11-06 21:15:00,98.2
2025-11-06 21:17:30,98.35
2025-11-06 21:20:00,98.1
2025-11-06 21:22:30,98.1
2025-11-06 21:25:00,98.0
2025-11-06 21:27:30,98.0
2025-11-06 21:30:00,98.1
2025-11-06 21:32:30,98.1
2025-11-06 21:35:00,98.1
2025-11-06 21:37:30,98.1
2025-11-06 21:40:00,98.1
2025-11-06 21:42:30,98.1
2025-11-06 21:45:00,98.1
2025-11-06 21:47:30,98.1
2025-11-06 21:50:00,98.1
2025-11-06 21:52:30,98.1
2025-11-06 21:55:00,98.1
2025-11-06 21:57:30,98.3
2025-11-06 22:00:00,98.2
2025-11-06 22:02:30,98.05
2025-11-06 22:05:00,98.15
2025-11-06 22:07:30,98.1
2025-11-06 22:10:00,98.1
2025-11-06 22:12:30,98.05
2025-11-06 22:15:00,98.1
2025-11-06 22:17:30,97.94999999999999
2025-11-06 22:20:00,98.1
2025-11-06 22:22:30,98.0
2025-11-06 22:25:00,98.05
2025-11-06 22:27:30,98.05
2025-11-06 22:30:00,98.05
2025-11-06 22:32:30,98.0
2025-11-06 22:35:00,98.0
2025-11-06 22:37:30,98.0
2025-11-06 22:40:00,98.0
2025-11-06 22:42:30,98.0
2025-11-06 22:45:00,98.0
2025-11-06 22:47:30,98.0
2025-11-06 22:50:00,98.0
2025-11-06 22:52:30,98.0
2025-11-06 22:55:00,98.0
2025-11-06 22:57:30,98.0
2025-11-06 23:00:00,98.1
2025-11-06 23:02:30,97.9
2025-11-06 23:05:00,98.0
2025-11-06 23:07:30,98.0
2025-11-06 23:10:00,98.0
2025-11-06 23:12:30,98.0
2025-11-06 23:15:00,97.7
2025-11-06 23:17:30,97.9
2025-11-06 23:20:00,98.0
2025-11-06 23:22:30,97.9
2025-11-06 23:25:00,97.6
2025-11-06 23:27:30,98.0
2025-11-06 23:30:00,98.1
2025-11-06 23:32:30,98.0
2025-11-06 23:35:00,98.19999999999999
2025-11-06 23:37:30,97.9
2025-11-06 23:40:00,98.0
2025-11-06 23:42:30,97.8
2025-11-06 23:45:00,98.0
2025-11-06 23:47:30,98.0
2025-11-06 23:50:00,98.0
2025-11-06 23:52:30,98.1
2025-11-06 23:55:00,97.8
2025-11-06 23:57:30,98.0
2025-11-07 00:00:00,98.1
2025-11-07 00:02:30,98.0
2025-11-07 00:05:00,98.3
2025-11-07 00:07:30,98.0
2025-11-07 00:10:00,98.0
2025-11-07 00:12:30,98.0
2025-11-07 00:15:00,98.0
2025-11-07 00:17:30,98.0
2025-11-07 00:20:00,98.0
2025-11-07 00:22:30,98.1
2025-11-07 00:25:00,98.0
2025-11-07 00:27:30,98.1
2025-11-07 00:30:00,97.8
2025-11-07 00:32:30,97.9
2025-11-07 00:35:00,98.3
2025-11-07 00:37:30,97.9
2025-11-07 00:40:00,97.8
2025-11-07 00:42:30,98.0
2025-11-07 00:45:00,97.8
2025-11-07 00:47:30,97.75
2025-11-07 00:50:00,98.1
2025-11-07 00:52:30,98.0
2025-11-07 00:55:00,97.69999999999999
2025-11-07 00:57:30,97.9
2025-11-07 01:00:00,97.6
2025-11-07 01:02:30,98.1
2025-11-07 01:05:00,97.9
2025-11-07 01:07:30,97.8
2025-11-07 01:10:00,98.0
2025-11-07 01:12:30,98.0
2025-11-07 01:15:00,97.9
2025-11-07 01:17:30,97.9
2025-11-07 01:20:00,97.9
2025-11-07 01:22:30,98.0
2025-11-07 01:25:00,97.7
2025-11-07 01:27:30,98.1
2025-11-07 01:30:00,97.9
2025-11-07 01:32:30,97.8
2025-11-07 01:35:00,97.6
2025-11-07 01:37:30,97.8
2025-11-07 01:40:00,97.7
2025-11-07 01:42:30,97.8
2025-11-07 01:45:00,97.7
2025-11-07 01:47:30,98.0
2025-11-07 01:50:00,98.1
2025-11-07 01:52:30,98.0
2025-11-07 01:55:00,97.7
2025-11-07 01:57:30,98.1
2025-11-07 02:00:00,97.8
2025-11-07 02:02:30,97.65
2025-11-07 02:05:00,98.0
2025-11-07 02:07:30,98.0
2025-11-07 02:10:00,98.0
2025-11-07 02:12:30,98.0
2025-11-07 02:15:00,97.9
2025-11-07 02:17:30,97.9
2025-11-07 02:20:00,97.8
2025-11-07 02:22:30,97.8
2025-11-07 02:25:00,97.9
2025-11-07 02:27:30,97.75
2025-11-07 02:30:00,97.9
2025-11-07 02:32:30,97.9
2025-11-07 02:35:00,98.0
2025-11-07 02:37:30,97.9
2025-11-07 02:40:00,97.9
2025-11-07 02:42:30,97.9
2025-11-07 02:45:00,98.0
2025-11-07 02:47:30,97.9
2025-11-07 02:50:00,97.8
2025-11-07 02:52:30,98.0
2025-11-07 02:55:00,98.0
2025-11-07 02:57:30,98.1
2025-11-07 03:00:00,98.0
2025-11-07 03:02:30,97.8
2025-11-07 03:05:00,97.85
2025-11-07 03:07:30,98.0
2025-11-07 03:10:00,97.8
2025-11-07 03:12:30,97.7
2025-11-07 03:15:00,98.0
2025-11-07 03:17:30,97.9
2025-11-07 03:20:00,97.9
2025-11-07 03:22:30,97.9
2025-11-07 03:25:00,97.8
2025-11-07 03:27:30,98.0
2025-11-07 03:30:00,97.8
2025-11-07 03:32:30,97.8
2025-11-07 03:35:00,97.9
2025-11-07 03:37:30,97.75
2025-11-07 03:40:00,97.9
2025-11-07 03:42:30,98.0
2025-11-07 03:45:00,98.0
2025-11-07 03:47:30,97.8
2025-11-07 03:50:00,97.9
2025-11-07 03:52:30,98.0
2025-11-07 03:55:00,97.9
2025-11-07 03:57:30,97.8
2025-11-07 04:00:00,98.0
2025-11-07 04:02:30,98.1
2025-11-07 04:05:00,97.8
2025-11-07 04:07:30,97.7
2025-11-07 04:10:00,97.8
2025-11-07 04:12:30,97.7
2025-11-07 04:15:00,97.9
2025-11-07 04:17:30,97.8
2025-11-07 04:20:00,97.8
2025-11-07 04:22:30,97.9
2025-11-07 04:25:00,98.0
2025-11-07 04:27:30,97.6
2025-11-07 04:30:00,98.0
2025-11-07 04:32:30,97.8
2025-11-07 04:35:00,97.8
2025-11-07 04:37:30,97.7
2025-11-07 04:40:00,97.8
2025-11-07 04:42:30,98.0
2025-11-07 04:45:00,97.80000000000001
2025-11-07 04:47:30,97.8
2025-11-07 04:50:00,97.8
2025-11-07 04:52:30,97.8
2025-11-07 04:55:00,97.8
2025-11-07 04:57:30,97.8
2025-11-07 05:00:00,97.7
2025-11-07 05:02:30,97.7
2025-11-07 05:05:00,97.7
2025-11-07 05:07:30,97.7
2025-11-07 05:10:00,97.7
2025-11-07 05:12:30,97.2
2025-11-07 05:15:00,97.4
2025-11-07 05:17:30,97.5
2025-11-07 05:20:00,97.5
2025-11-07 05:22:30,97.2
2025-11-07 05:25:00,97.1
2025-11-07 05:27:30,97.0
2025-11-07 05:30:00,97.30000000000001
2025-11-07 05:32:30,97.0
2025-11-07 05:35:00,97.1
2025-11-07 05:37:30,97.0
2025-11-07 05:40:00,97.0
2025-11-07 05:42:30,97.0
2025-11-07 05:45:00,96.8
2025-11-07 05:47:30,96.8
2025-11-07 05:50:00,96.8
2025-11-07 05:52:30,96.8
2025-11-07 05:55:00,96.8
2025-11-07 05:57:30,96.8
2025-11-07 06:00:00,96.7
2025-11-07 06:02:30,96.5
2025-11-07 06:05:00,96.5
2025-11-07 06:07:30,96.5
2025-11-07 06:10:00,96.5
2025-11-07 06:12:30,96.5
2025-11-07 06:15:00,96.5
2025-11-07 06:17:30,96.4
2025-11-07 06:20:00,96.4
2025-11-07 06:22:30,96.15
2025-11-07 06:25:00,95.9
2025-11-07 06:27:30,96.4
2025-11-07 06:30:00,95.9
2025-11-07 06:32:30,96.4
2025-11-07 06:35:00,95.9
2025-11-07 06:37:30,95.7
2025-11-07 06:40:00,95.5
2025-11-07 06:42:30,95.8
2025-11-07 06:45:00,95.5
2025-11-07 06:47:30,95.6
2025-11-07 06:50:00,95.5
2025-11-07 06:52:30,95.4
2025-11-07 06:55:00,95.4
2025-11-07 06:57:30,95.5
2025-11-07 07:00:00,95.4
2025-11-07 07:02:30,95.4
2025-11-07 07:05:00,95.1
2025-11-07 07:07:30,95.2
2025-11-07 07:10:00,95.1
2025-11-07 07:12:30,95.1
2025-11-07 07:15:00,95.0
2025-11-07 07:17:30,95.0
2025-11-07 07:20:00,95.0
2025-11-07 07:22:30,95.0
2025-11-07 07:25:00,94.9
2025-11-07 07:27:30,95.0
2025-11-07 07:30:00,94.9
2025-11-07 07:32:30,94.9
2025-11-07 07:35:00,94.9
2025-11-07 07:37:30,94.2
2025-11-07 07:40:00,94.2
2025-11-07 07:42:30,94.6
2025-11-07 07:45:00,94.5
2025-11-07 07:47:30,94.6
2025-11-07 07:50:00,94.6
2025-11-07 07:52:30,94.2
2025-11-07 07:55:00,93.7
2025-11-07 07:57:30,93.9
2025-11-07 08:00:00,94.2
2025-11-07 08:02:30,93.8
2025-11-07 08:05:00,94.2
2025-11-07 08:07:30,94.2
2025-11-07 08:10:00,94.2
2025-11-07 08:12:30,94.2
2025-11-07 08:15:00,94.2
2025-11-07 08:17:30,94.2
2025-11-07 08:20:00,94.2
2025-11-07 08:22:30,94.2
2025-11-07 08:25:00,94.2
2025-11-07 08:27:30,94.2
2025-11-07 08:30:00,94.2
2025-11-07 08:32:30,94.2
2025-11-07 08:35:00,94.2
2025-11-07 08:37:30,94.2
2025-11-07 08:40:00,94.2
2025-11-07 08:42:30,94.2
2025-11-07 08:45:00,94.2
2025-11-07 08:47:30,94.2
2025-11-07 08:50:00,94.2
2025-11-07 08:52:30,94.2
2025-11-07 08:55:00,94.2
2025-11-07 08:57:30,93.9
2025-11-07 09:00:00,94.2
2025-11-07 09:02:30,94.2
2025-11-07 09:05:00,94.2
2025-11-07 09:07:30,94.4
2025-11-07 09:10:00,93.7
2025-11-07 09:12:30,94.2
2025-11-07 09:15:00,94.2
2025-11-07 09:17:30,93.8
2025-11-07 09:20:00,94.4
2025-11-07 09:22:30,94.2
2025-11-07 09:25:00,94.0
2025-11-07 09:27:30,94.1
2025-11-07 09:30:00,94.1
2025-11-07 09:32:30,94.2
2025-11-07 09:35:00,94.1
2025-11-07 09:37:30,94.4
2025-11-07 09:40:00,94.2
2025-11-07 09:42:30,94.1
2025-11-07 09:45:00,94.1
2025-11-07 09:47:30,94.1
2025-11-07 09:50:00,94.2
2025-11-07 09:52:30,93.9
2025-11-07 09:55:00,93.9
2025-11-07 09:57:30,93.85
2025-11-07 10:00:00,93.9
2025-11-07 10:02:30,94.1
2025-11-07 10:05:00,93.8
2025-11-07 10:07:30,93.7
2025-11-07 10:10:00,93.9
2025-11-07 10:12:30,94.0
2025-11-07 10:15:00,93.9
2025-11-07 10:17:30,94.0
2025-11-07 10:20:00,93.9
2025-11-07 10:22:30,94.1
2025-11-07 10:25:00,94.0
2025-11-07 10:27:30,94.0
2025-11-07 10:30:00,93.9
2025-11-07 10:32:30,94.1
2025-11-07 10:35:00,93.7
2025-11-07 10:37:30,93.7
2025-11-07 10:40:00,93.8
2025-11-07 10:42:30,93.9
2025-11-07 10:45:00,93.8
2025-11-07 10:47:30,94.1
2025-11-07 10:50:00,93.9
2025-11-07 10:52:30,93.8
2025-11-07 10:55:00,93.7
2025-11-07 10:57:30,93.7
2025-11-07 11:00:00,93.7
2025-11-07 11:02:30,93.7
2025-11-07 11:05:00,93.7
2025-11-07 11:07:30,93.9
2025-11-07 11:10:00,93.9
2025-11-07 11:12:30,93.9
2025-11-07 11:15:00,94.3
2025-11-07 11:17:30,94.1
2025-11-07 11:20:00,93.9
2025-11-07 11:22:30,94.2
2025-11-07 11:25:00,94.0
2025-11-07 11:27:30,94.2
2025-11-07 11:30:00,94.4
2025-11-07 11:32:30,94.3
2025-11-07 11:35:00,94.6
2025-11-07 11:37:30,94.5
2025-11-07 11:40:00,94.6
2025-11-07 11:42:30,94.5
2025-11-07 11:45:00,94.5
2025-11-07 11:47:30,94.4
2025-11-07 11:50:00,94.4
2025-11-07 11:52:30,94.6
2025-11-07 11:55:00,94.3
2025-11-07 11:57:30,94.2
2025-11-07 12:00:00,94.1
2025-11-07 12:02:30,94.4
2025-11-07 12:05:00,94.5
2025-11-07 12:07:30,94.2
2025-11-07 12:10:00,94.3
2025-11-07 12:12:30,94.2
2025-11-07 12:15:00,94.8
2025-11-07 12:17:30,94.4
2025-11-07 12:20:00,94.6
2025-11-07 12:22:30,94.6
2025-11-07 12:25:00,94.5
2025-11-07 12:27:30,94.2
2025-11-07 12:30:00,94.2
2025-11-07 12:32:30,94.2
2025-11-07 12:35:00,94.2
2025-11-07 12:37:30,94.2
2025-11-07 12:40:00,94.2
2025-11-07 12:42:30,94.2
2025-11-07 12:45:00,94.2
2025-11-07 12:47:30,94.1
2025-11-07 12:50:00,94.2
2025-11-07 12:52:30,94.3
2025-11-07 12:55:00,94.5
2025-11-07 12:57:30,94.2
2025-11-07 13:00:00,94.2
2025-11-07 13:02:30,94.4
2025-11-07 13:05:00,94.9
2025-11-07 13:07:30,94.3
2025-11-07 13:10:00,94.5
2025-11-07 13:12:30,94.6
2025-11-07 13:15:00,94.9
2025-11-07 13:17:30,94.9
2025-11-07 13:20:00,94.9
2025-11-07 13:22:30,94.9
2025-11-07 13:25:00,94.9
2025-11-07 13:27:30,95.0
2025-11-07 13:30:00,95.0
2025-11-07 13:32:30,95.0
2025-11-07 13:35:00,95.0
2025-11-07 13:37:30,95.0
2025-11-07 13:40:00,95.0
2025-11-07 13:42:30,95.0
2025-11-07 13:45:00,95.0
2025-11-07 13:47:30,95.05
2025-11-07 13:50:00,95.1
2025-11-07 13:52:30,95.05
2025-11-07 13:55:00,95.1
2025-11-07 13:57:30,95.2
2025-11-07 14:00:00,95.4
2025-11-07 14:02:30,95.4
2025-11-07 14:05:00,95.3
2025-11-07 14:07:30,95.3
2025-11-07 14:10:00,95.3
2025-11-07 14:12:30,95.4
2025-11-07 14:15:00,94.95
2025-11-07 14:17:30,95.4
2025-11-07 14:20:00,95.5
2025-11-07 14:22:30,95.4
2025-11-07 14:25:00,95.2
2025-11-07 14:27:30,95.3
2025-11-07 14:30:00,95.0
2025-11-07 14:32:30,95.4
2025-11-07 14:35:00,95.3
2025-11-07 14:37:30,95.2
2025-11-07 14:40:00,95.25
2025-11-07 14:42:30,95.1
2025-11-07 14:45:00,95.2
2025-11-07 14:47:30,95.4
2025-11-07 14:50:00,95.4
2025-11-07 14:52:30,95.3
2025-11-07 14:55:00,95.3
2025-11-07 14:57:30,95.2
2025-11-07 15:00:00,95.3
2025-11-07 15:02:30,95.5
2025-11-07 15:05:00,95.4
2025-11-07 15:07:30,95.0
2025-11-07 15:10:00,95.4
2025-11-07 15:12:30,95.4
2025-11-07 15:15:00,95.5
2025-11-07 15:17:30,95.5
2025-11-07 15:20:00,95.2
2025-11-07 15:22:30,95.2
2025-11-07 15:25:00,95.4
2025-11-07 15:27:30,95.4
2025-11-07 15:30:00,95.5
2025-11-07 15:32:30,95.4
2025-11-07 15:35:00,95.1
2025-11-07 15:37:30,95.4
2025-11-07 15:40:00,95.4
2025-11-07 15:42:30,95.55
2025-11-07 15:45:00,95.2
2025-11-07 15:47:30,95.0
2025-11-07 15:50:00,95.2
2025-11-07 15:52:30,95.4
2025-11-07 15:55:00,95.2
2025-11-07 15:57:30,95.3
2025-11-07 16:00:00,95.4
2025-11-07 16:02:30,95.2
2025-11-07 16:05:00,95.3
2025-11-07 16:07:30,95.2
2025-11-07 16:10:00,95.45
2025-11-07 16:12:30,95.3
2025-11-07 16:15:00,95.2
2025-11-07 16:17:30,95.2
2025-11-07 16:20:00,95.0
2025-11-07 16:22:30,95.1
2025-11-07 16:25:00,95.4
2025-11-07 16:27:30,95.1
2025-11-07 16:30:00,95.2
2025-11-07 16:32:30,95.1
2025-11-07 16:35:00,95.4
2025-11-07 16:37:30,95.3
2025-11-07 16:40:00,95.4
2025-11-07 16:42:30,95.35
2025-11-07 16:45:00,95.55
2025-11-07 16:47:30,95.4
2025-11-07 16:50:00,95.3
2025-11-07 16:52:30,95.3
2025-11-07 16:55:00,95.4
2025-11-07 16:57:30,95.3
2025-11-07 17:00:00,95.2
2025-11-07 17:02:30,95.2
2025-11-07 17:05:00,95.2
2025-11-07 17:07:30,95.3
2025-11-07 17:10:00,95.0
2025-11-07 17:12:30,95.05
2025-11-07 17:15:00,95.0
2025-11-07 17:17:30,95.3
2025-11-07 17:20:00,95.3
2025-11-07 17:22:30,95.4
2025-11-07 17:25:00,95.0
2025-11-07 17:27:30,95.2
2025-11-07 17:30:00,95.2
2025-11-07 17:32:30,95.2
2025-11-07 17:35:00,95.2
2025-11-07 17:37:30,95.2
2025-11-07 17:40:00,95.25
2025-11-07 17:42:30,95.25
2025-11-07 17:45:00,95.4
2025-11-07 17:47:30,95.2
2025-11-07 17:50:00,95.3
2025-11-07 17:52:30,95.25
2025-11-07 17:55:00,95.4
2025-11-07 17:57:30,95.4
2025-11-07 18:00:00,95.2
2025-11-07 18:02:30,95.3
2025-11-07 18:05:00,95.2
2025-11-07 18:07:30,95.3
2025-11-07 18:10:00,95.3
2025-11-07 18:12:30,95.3
2025-11-07 18:15:00,95.3
2025-11-07 18:17:30,95.0
2025-11-07 18:20:00,95.2
2025-11-07 18:22:30,95.4
2025-11-07 18:25:00,95.4
2025-11-07 18:27:30,95.4
2025-11-07 18:30:00,95.2
2025-11-07 18:32:30,95.3
2025-11-07 18:35:00,95.3
2025-11-07 18:37:30,95.30000000000001
2025-11-07 18:40:00,95.15
2025-11-07 18:42:30,95.2
2025-11-07 18:45:00,95.2
2025-11-07 18:47:30,95.2
2025-11-07 18:50:00,94.9
2025-11-07 18:52:30,95.4
2025-11-07 18:55:00,95.2
2025-11-07 18:57:30,95.2
2025-11-07 19:00:00,95.2
2025-11-07 19:02:30,95.2
2025-11-07 19:05:00,95.5
2025-11-07 19:07:30,95.4
2025-11-07 19:10:00,95.3
2025-11-07 19:12:30,95.4
2025-11-07 19:15:00,95.4
2025-11-07 19:17:30,95.2
2025-11-07 19:20:00,95.4
2025-11-07 19:22:30,95.0
2025-11-07 19:25:00,95.2
2025-11-07 19:27:30,95.4
2025-11-07 19:30:00,95.4
2025-11-07 19:32:30,95.3
2025-11-07 19:35:00,95.2
2025-11-07 19:37:30,95.3
2025-11-07 19:40:00,95.5
2025-11-07 19:42:30,95.0
2025-11-07 19:45:00,95.2
2025-11-07 19:47:30,95.3
2025-11-07 19:50:00,95.5
2025-11-07 19:52:30,95.0
2025-11-07 19:55:00,95.3
2025-11-07 19:57:30,95.1
2025-11-07 20:00:00,95.4
2025-11-07 20:02:30,95.3
2025-11-07 20:05:00,94.85
2025-11-07 20:07:30,95.4
2025-11-07 20:10:00,95.25
2025-11-07 20:12:30,95.0
2025-11-07 20:15:00,95.2
2025-11-07 20:17:30,95.2
2025-11-07 20:20:00,95.3
2025-11-07 20:22:30,95.2
2025-11-07 20:25:00,95.2
2025-11-07 20:27:30,95.1
2025-11-07 20:30:00,95.3
2025-11-07 20:32:30,95.1
2025-11-07 20:35:00,95.0
2025-11-07 20:37:30,95.2
2025-11-07 20:40:00,95.30000000000001
2025-11-07 20:42:30,95.3
2025-11-07 20:45:00,95.35
2025-11-07 20:47:30,95.5
2025-11-07 20:50:00,95.4
2025-11-07 20:52:30,95.1
2025-11-07 20:55:00,94.9
2025-11-07 20:57:30,95.2
2025-11-07 21:00:00,95.2
2025-11-07 21:02:30,95.3
2025-11-07 21:05:00,95.2
2025-11-07 21:07:30,95.0
2025-11-07 21:10:00,95.2
2025-11-07 21:12:30,95.2
2025-11-07 21:15:00,95.5
2025-11-07 21:17:30,95.2
2025-11-07 21:20:00,95.3
2025-11-07 21:22:30,95.2
2025-11-07 21:25:00,95.2
2025-11-07 21:27:30,95.1
2025-11-07 21:30:00,95.25
2025-11-07 21:32:30,95.15
2025-11-07 21:35:00,95.15
2025-11-07 21:37:30,95.15
2025-11-07 21:40:00,95.1
2025-11-07 21:42:30,95.1
2025-11-07 21:45:00,95.0
2025-11-07 21:47:30,95.2
2025-11-07 21:50:00,95.3
2025-11-07 21:52:30,95.0
2025-11-07 21:55:00,95.3
2025-11-07 21:57:30,95.2
2025-11-07 22:00:00,95.0
2025-11-07 22:02:30,95.15
2025-11-07 22:05:00,94.9
2025-11-07 22:07:30,95.2
2025-11-07 22:10:00,95.2
2025-11-07 22:12:30,95.2
2025-11-07 22:15:00,95.2
2025-11-07 22:17:30,95.2
2025-11-07 22:20:00,95.2
2025-11-07 22:22:30,95.2
2025-11-07 22:25:00,95.2
2025-11-07 22:27:30,95.2
2025-11-07 22:30:00,95.2
2025-11-07 22:32:30,95.2
2025-11-07 22:35:00,95.0
2025-11-07 22:37:30,95.2
2025-11-07 22:40:00,95.1
2025-11-07 22:42:30,94.9
2025-11-07 22:45:00,95.05
2025-11-07 22:47:30,95.0
2025-11-07 22:50:00,95.0
2025-11-07 22:52:30,95.0
2025-11-07 22:55:00,95.0
2025-11-07 22:57:30,95.0
2025-11-07 23:00:00,95.0
2025-11-07 23:02:30,95.0
2025-11-07 23:05:00,95.1
2025-11-07 23:07:30,95.2
2025-11-07 23:10:00,95.1
2025-11-07 23:12:30,95.1
2025-11-07 23:15:00,95.0
2025-11-07 23:17:30,95.2
2025-11-07 23:20:00,95.0
2025-11-07 23:22:30,94.6
2025-11-07 23:25:00,95.0
2025-11-07 23:27:30,94.6
2025-11-07 23:30:00,95.0
2025-11-07 23:32:30,95.0
2025-11-07 23:35:00,95.2
2025-11-07 23:37:30,95.0
2025-11-07 23:40:00,95.0
2025-11-07 23:42:30,95.0
2025-11-07 23:45:00,95.0
2025-11-07 23:47:30,95.0
2025-11-07 23:50:00,95.0
2025-11-07 23:52:30,95.0
2025-11-07 23:55:00,95.0
2025-11-07 23:57:30,95.0
2025-11-08 00:00:00,95.0
2025-11-08 00:02:30,95.0
2025-11-08 00:05:00,95.0
2025-11-08 00:07:30,95.0
2025-11-08 00:10:00,95.0
2025-11-08 00:12:30,95.0
2025-11-08 00:15:00,95.0
2025-11-08 00:17:30,95.0
2025-11-08 00:20:00,95.0
2025-11-08 00:22:30,95.0
2025-11-08 00:25:00,95.0
2025-11-08 00:27:30,95.0
2025-11-08 00:30:00,95.0
2025-11-08 00:32:30,95.0
2025-11-08 00:35:00,95.0
2025-11-08 00:37:30,95.0
2025-11-08 00:40:00,95.0
2025-11-08 00:42:30,95.0
2025-11-08 00:45:00,95.0
2025-11-08 00:47:30,95.0
2025-11-08 00:50:00,95.2
2025-11-08 00:52:30,95.1
2025-11-08 00:55:00,95.0
2025-11-08 00:57:30,95.1
2025-11-08 01:00:00,95.2
2025-11-08 01:02:30,95.3
2025-11-08 01:05:00,95.0
2025-11-08 01:07:30,95.0
2025-11-08 01:10:00,95.0
2025-11-08 01:12:30,95.0
2025-11-08 01:15:00,95.0
2025-11-08 01:17:30,95.0
2025-11-08 01:20:00,95.0
2025-11-08 01:22:30,95.0
2025-11-08 01:25:00,95.0
2025-11-08 01:27:30,95.0
2025-11-08 01:30:00,95.0
2025-11-08 01:32:30,95.0
2025-11-08 01:35:00,95.1
2025-11-08 01:37:30,95.0
2025-11-08 01:40:00,95.0
2025-11-08 01:42:30,94.9
2025-11-08 01:45:00,95.2
2025-11-08 01:47:30,95.1
2025-11-08 01:50:00,94.9
2025-11-08 01:52:30,95.0
2025-11-08 01:55:00,94.9
2025-11-08 01:57:30,95.2
2025-11-08 02:00:00,95.0
2025-11-08 02:02:30,95.2
2025-11-08 02:05:00,95.0
2025-11-08 02:07:30,95.0
2025-11-08 02:10:00,95.0
2025-11-08 02:12:30,95.0
2025-11-08 02:15:00,95.0
2025-11-08 02:17:30,95.0
2025-11-08 02:20:00,95.0
2025-11-08 02:22:30,95.0
2025-11-08 02:25:00,95.0
2025-11-08 02:27:30,95.0
2025-11-08 02:30:00,95.0
2025-11-08 02:32:30,95.0
2025-11-08 02:35:00,95.0
2025-11-08 02:37:30,95.0
2025-11-08 02:40:00,95.0
2025-11-08 02:42:30,95.0
2025-11-08 02:45:00,95.0
2025-11-08 02:47:30,95.0
2025-11-08 02:50:00,95.0
2025-11-08 02:52:30,95.0
2025-11-08 02:55:00,95.0
2025-11-08 02:57:30,95.0
2025-11-08 03:00:00,95.0
2025-11-08 03:02:30,95.0
2025-11-08 03:05:00,95.0
2025-11-08 03:07:30,95.0
2025-11-08 03:10:00,95.0
2025-11-08 03:12:30,95.0
2025-11-08 03:15:00,95.0
2025-11-08 03:17:30,95.0
2025-11-08 03:20:00,95.0
2025-11-08 03:22:30,95.0
2025-11-08 03:25:00,95.0
2025-11-08 03:27:30,95.0
2025-11-08 03:30:00,95.0
2025-11-08 03:32:30,95.0
2025-11-08 03:35:00,95.0
2025-11-08 03:37:30,95.0
2025-11-08 03:40:00,94.95
2025-11-08 03:42:30,94.95
2025-11-08 03:45:00,94.95
2025-11-08 03:47:30,94.9
2025-11-08 03:50:00,94.9
2025-11-08 03:52:30,94.9
2025-11-08 03:55:00,95.0
2025-11-08 03:57:30,94.9
2025-11-08 04:00:00,94.6
2025-11-08 04:02:30,95.0
2025-11-08 04:05:00,94.6
2025-11-08 04:07:30,94.9
2025-11-08 04:10:00,95.0
2025-11-08 04:12:30,94.9
2025-11-08 04:15:00,94.6
2025-11-08 04:17:30,94.6
2025-11-08 04:20:00,95.0
2025-11-08 04:22:30,94.6
2025-11-08 04:25:00,94.4
2025-11-08 04:27:30,94.9
2025-11-08 04:30:00,94.4
2025-11-08 04:32:30,94.6
2025-11-08 04:35:00,95.0
2025-11-08 04:37:30,94.9
2025-11-08 04:40:00,94.6
2025-11-08 04:42:30,95.0
2025-11-08 04:45:00,94.6
2025-11-08 04:47:30,94.6
2025-11-08 04:50:00,95.0
2025-11-08 04:52:30,94.6
2025-11-08 04:55:00,94.9
2025-11-08 04:57:30,94.6
2025-11-08 05:00:00,95.1
2025-11-08 05:02:30,95.0
2025-11-08 05:05:00,94.9
2025-11-08 05:07:30,94.6
2025-11-08 05:10:00,94.5
2025-11-08 05:12:30,94.4
2025-11-08 05:15:00,94.6
2025-11-08 05:17:30,94.9
2025-11-08 05:20:00,94.6
2025-11-08 05:22:30,94.9
2025-11-08 05:25:00,94.6
2025-11-08 05:27:30,94.6
2025-11-08 05:30:00,94.6
2025-11-08 05:32:30,94.6
2025-11-08 05:35:00,94.4
2025-11-08 05:37:30,94.6
2025-11-08 05:40:00,94.5
2025-11-08 05:42:30,94.25
2025-11-08 05:45:00,94.2
2025-11-08 05:47:30,94.5
2025-11-08 05:50:00,94.4
2025-11-08 05:52:30,94.4
2025-11-08 05:55:00,94.4
2025-11-08 05:57:30,94.4
2025-11-08 06:00:00,94.2
2025-11-08 06:02:30,94.2
2025-11-08 06:05:00,94.2
2025-11-08 06:07:30,94.2
2025-11-08 06:10:00,94.2
2025-11-08 06:12:30,94.0
2025-11-08 06:15:00,94.2
2025-11-08 06:17:30,94.2
2025-11-08 06:20:00,94.2
2025-11-08 06:22:30,94.2
2025-11-08 06:25:00,94.2
2025-11-08 06:27:30,94.2
2025-11-08 06:30:00,94.2
2025-11-08 06:32:30,94.1
2025-11-08 06:35:00,94.1
2025-11-08 06:37:30,93.7
2025-11-08 06:40:00,94.35
2025-11-08 06:42:30,94.1
2025-11-08 06:45:00,94.1
2025-11-08 06:47:30,94.1
2025-11-08 06:50:00,94.1
2025-11-08 06:52:30,93.7
2025-11-08 06:55:00,94.0
2025-11-08 06:57:30,93.9
2025-11-08 07:00:00,93.9
2025-11-08 07:02:30,94.0
2025-11-08 07:05:00,93.9
2025-11-08 07:07:30,93.9
2025-11-08 07:10:00,93.85
2025-11-08 07:12:30,93.9
2025-11-08 07:15:00,93.8
2025-11-08 07:17:30,93.7
2025-11-08 07:20:00,93.9
2025-11-08 07:22:30,93.7
2025-11-08 07:25:00,93.8
2025-11-08 07:27:30,93.8
2025-11-08 07:30:00,93.7
2025-11-08 07:32:30,93.8
2025-11-08 07:35:00,93.9
2025-11-08 07:37:30,93.7
2025-11-08 07:40:00,93.7
2025-11-08 07:42:30,93.8
2025-11-08 07:45:00,93.8
2025-11-08 07:47:30,93.6
2025-11-08 07:50:00,93.7
2025-11-08 07:52:30,93.5
2025-11-08 07:55:00,93.6
2025-11-08 07:57:30,93.6
2025-11-08 08:00:00,93.3
2025-11-08 08:02:30,93.3
2025-11-08 08:05:00,93.6
2025-11-08 08:07:30,93.1
2025-11-08 08:10:00,93.5
2025-11-08 08:12:30,93.3
2025-11-08 08:15:00,93.5
2025-11-08 08:17:30,93.3
2025-11-08 08:20:00,93.2
2025-11-08 08:22:30,93.44999999999999
2025-11-08 08:25:00,93.7
2025-11-08 08:27:30,93.4
2025-11-08 08:30:00,93.3
2025-11-08 08:32:30,93.1
2025-11-08 08:35:00,93.3
2025-11-08 08:37:30,93.55
2025-11-08 08:40:00,93.6
2025-11-08 08:42:30,93.1
2025-11-08 08:45:00,93.2
2025-11-08 08:47:30,92.9
2025-11-08 08:50:00,92.9
2025-11-08 08:52:30,92.9
2025-11-08 08:55:00,93.2
2025-11-08 08:57:30,92.9
2025-11-08 09:00:00,93.0
2025-11-08 09:02:30,93.1
2025-11-08 09:05:00,92.9
2025-11-08 09:07:30,92.94999999999999
2025-11-08 09:10:00,92.6
2025-11-08 09:12:30,92.9
2025-11-08 09:15:00,93.1
2025-11-08 09:17:30,93.1
2025-11-08 09:20:00,93.0
2025-11-08 09:22:30,92.9
2025-11-08 09:25:00,92.9
2025-11-08 09:27:30,93.1
2025-11-08 09:30:00,93.0
2025-11-08 09:32:30,93.2
2025-11-08 09:35:00,93.05
2025-11-08 09:37:30,93.1
2025-11-08 09:40:00,92.9
2025-11-08 09:42:30,93.19999999999999
2025-11-08 09:45:00,93.2
2025-11-08 09:47:30,93.0
2025-11-08 09:50:00,92.9
2025-11-08 09:52:30,93.1
2025-11-08 09:55:00,92.9
2025-11-08 09:57:30,93.3
2025-11-08 10:00:00,93.1
2025-11-08 10:02:30,93.1
2025-11-08 10:05:00,93.1
2025-11-08 10:07:30,93.1
2025-11-08 10:10:00,93.1
2025-11-08 10:12:30,92.9
2025-11-08 10:15:00,93.1
2025-11-08 10:17:30,93.0
2025-11-08 10:20:00,93.0
2025-11-08 10:22:30,93.1
2025-11-08 10:25:00,92.9
2025-11-08 10:27:30,92.9
2025-11-08 10:30:00,92.9
2025-11-08 10:32:30,92.85
2025-11-08 10:35:00,92.9
2025-11-08 10:37:30,92.9
2025-11-08 10:40:00,93.1
2025-11-08 10:42:30,92.8
2025-11-08 10:45:00,93.1
2025-11-08 10:47:30,92.8
2025-11-08 10:50:00,93.1
2025-11-08 10:52:30,93.0
2025-11-08 10:55:00,93.2
2025-11-08 10:57:30,92.9
2025-11-08 11:00:00,92.9
2025-11-08 11:02:30,92.9
2025-11-08 11:05:00,93.1
2025-11-08 11:07:30,93.2
2025-11-08 11:10:00,93.3
2025-11-08 11:12:30,93.1
2025-11-08 11:15:00,93.3
2025-11-08 11:17:30,93.4
2025-11-08 11:20:00,93.7
2025-11-08 11:22:30,93.7
2025-11-08 11:25:00,93.6
2025-11-08 11:27:30,93.7
2025-11-08 11:30:00,93.7
2025-11-08 11:32:30,93.8
2025-11-08 11:35:00,93.9
2025-11-08 11:37:30,93.9
2025-11-08 11:40:00,93.9
2025-11-08 11:42:30,93.9
2025-11-08 11:45:00,93.9
2025-11-08 11:47:30,94.1
2025-11-08 11:50:00,94.2
2025-11-08 11:52:30,94.2
2025-11-08 11:55:00,94.3
2025-11-08 11:57:30,94.35
2025-11-08 12:00:00,94.3
2025-11-08 12:02:30,94.6
2025-11-08 12:05:00,94.6
2025-11-08 12:07:30,94.6
2025-11-08 12:10:00,94.5
2025-11-08 12:12:30,94.6
2025-11-08 12:15:00,94.6
2025-11-08 12:17:30,95.0
2025-11-08 12:20:00,94.8
2025-11-08 12:22:30,94.9
2025-11-08 12:25:00,94.9
2025-11-08 12:27:30,94.9
2025-11-08 12:30:00,94.6
2025-11-08 12:32:30,95.0
2025-11-08 12:35:00,95.2
2025-11-08 12:37:30,95.0
2025-11-08 12:40:00,94.6
2025-11-08 12:42:30,95.0
2025-11-08 12:45:00,95.0
2025-11-08 12:47:30,95.0
2025-11-08 12:50:00,95.0
2025-11-08 12:52:30,95.0
2025-11-08 12:55:00,95.2
2025-11-08 12:57:30,95.3
2025-11-08 13:00:00,95.2
2025-11-08 13:02:30,95.3
2025-11-08 13:05:00,95.4
2025-11-08 13:07:30,95.45
2025-11-08 13:10:00,95.5
2025-11-08 13:12:30,95.5
2025-11-08 13:15:00,95.5
2025-11-08 13:17:30,95.5
2025-11-08 13:20:00,95.5
2025-11-08 13:22:30,95.9
2025-11-08 13:25:00,95.7
2025-11-08 13:27:30,95.9
2025-11-08 13:30:00,95.7
2025-11-08 13:32:30,95.7
2025-11-08 13:35:00,96.5
2025-11-08 13:37:30,95.9
2025-11-08 13:40:00,95.8
2025-11-08 13:42:30,95.7
2025-11-08 13:45:00,95.9
2025-11-08 13:47:30,96.4
2025-11-08 13:50:00,96.4
2025-11-08 13:52:30,96.5
2025-11-08 13:55:00,96.6
2025-11-08 13:57:30,96.5
2025-11-08 14:00:00,96.5
2025-11-08 14:02:30,96.7
2025-11-08 14:05:00,96.8
2025-11-08 14:07:30,96.7
2025-11-08 14:10:00,96.7
2025-11-08 14:12:30,96.65
2025-11-08 14:15:00,96.8
2025-11-08 14:17:30,96.8
2025-11-08 14:20:00,96.7
2025-11-08 14:22:30,96.7
2025-11-08 14:25:00,96.7
2025-11-08 14:27:30,96.6
2025-11-08 14:30:00,96.7
2025-11-08 14:32:30,96.7
2025-11-08 14:35:00,96.7
2025-11-08 14:37:30,96.6
2025-11-08 14:40:00,96.8
2025-11-08 14:42:30,96.7
2025-11-08 14:45:00,96.8
2025-11-08 14:47:30,96.85
2025-11-08 14:50:00,96.5
2025-11-08 14:52:30,96.7
2025-11-08 14:55:00,96.6
2025-11-08 14:57:30,96.7
2025-11-08 15:00:00,96.8
2025-11-08 15:02:30,96.8
2025-11-08 15:05:00,96.7
2025-11-08 15:07:30,96.7
2025-11-08 15:10:00,96.7
2025-11-08 15:12:30,96.6
2025-11-08 15:15:00,96.7
2025-11-08 15:17:30,96.7
2025-11-08 15:20:00,96.7
2025-11-08 15:22:30,96.7
2025-11-08 15:25:00,96.7
2025-11-08 15:27:30,96.7
2025-11-08 15:30:00,96.6
2025-11-08 15:32:30,96.5
2025-11-08 15:35:00,96.5
2025-11-08 15:37:30,96.4
2025-11-08 15:40:00,96.5
2025-11-08 15:42:30,96.4
2025-11-08 15:45:00,96.5
2025-11-08 15:47:30,96.5
2025-11-08 15:50:00,96.75
2025-11-08 15:52:30,96.8
2025-11-08 15:55:00,96.8
2025-11-08 15:57:30,96.5
2025-11-08 16:00:00,96.6
2025-11-08 16:02:30,96.5
2025-11-08 16:05:00,95.9
2025-11-08 16:07:30,96.8
2025-11-08 16:10:00,96.6
2025-11-08 16:12:30,96.6
2025-11-08 16:15:00,96.8
2025-11-08 16:17:30,96.6
2025-11-08 16:20:00,96.6
2025-11-08 16:22:30,96.6
2025-11-08 16:25:00,96.6
2025-11-08 16:27:30,96.6
2025-11-08 16:30:00,96.6
2025-11-08 16:32:30,96.6
2025-11-08 16:35:00,96.7
2025-11-08 16:37:30,96.7
2025-11-08 16:40:00,96.6
2025-11-08 16:42:30,96.7
2025-11-08 16:45:00,96.5
2025-11-08 16:47:30,96.85
2025-11-08 16:50:00,96.5
2025-11-08 16:52:30,96.7
2025-11-08 16:55:00,96.6
2025-11-08 16:57:30,96.6
2025-11-08 17:00:00,96.6
2025-11-08 17:02:30,96.7
2025-11-08 17:05:00,96.5
2025-11-08 17:07:30,96.7
2025-11-08 17:10:00,96.6
2025-11-08 17:12:30,96.8
2025-11-08 17:15:00,96.8
2025-11-08 17:17:30,96.85
2025-11-08 17:20:00,96.7
2025-11-08 17:22:30,96.6
2025-11-08 17:25:00,96.7
2025-11-08 17:27:30,96.5
2025-11-08 17:30:00,96.8
2025-11-08 17:32:30,96.6
2025-11-08 17:35:00,96.7
2025-11-08 17:37:30,96.5
2025-11-08 17:40:00,96.6
2025-11-08 17:42:30,96.5
2025-11-08 17:45:00,96.8
2025-11-08 17:47:30,96.65
2025-11-08 17:50:00,96.5
2025-11-08 17:52:30,96.7
2025-11-08 17:55:00,96.6
2025-11-08 17:57:30,96.7
2025-11-08 18:00:00,96.6
2025-11-08 18:02:30,96.7
2025-11-08 18:05:00,96.7
2025-11-08 18:07:30,96.7
2025-11-08 18:10:00,96.7
2025-11-08 18:12:30,96.5
2025-11-08 18:15:00,96.7
2025-11-08 18:17:30,96.8
2025-11-08 18:20:00,96.4
2025-11-08 18:22:30,96.5
2025-11-08 18:25:00,96.5
2025-11-08 18:27:30,96.7
2025-11-08 18:30:00,96.6
2025-11-08 18:32:30,96.5
2025-11-08 18:35:00,96.6
2025-11-08 18:37:30,96.6
2025-11-08 18:40:00,96.7
2025-11-08 18:42:30,96.6
2025-11-08 18:45:00,96.6
2025-11-08 18:47:30,96.6
2025-11-08 18:50:00,96.6
2025-11-08 18:52:30,96.7
2025-11-08 18:55:00,96.6
2025-11-08 18:57:30,96.6
2025-11-08 19:00:00,96.6
2025-11-08 19:02:30,96.5
2025-11-08 19:05:00,96.5
2025-11-08 19:07:30,96.6
2025-11-08 19:10:00,96.7
2025-11-08 19:12:30,96.5
2025-11-08 19:15:00,96.75
2025-11-08 19:17:30,96.7
2025-11-08 19:20:00,96.7
2025-11-08 19:22:30,96.6
2025-11-08 19:25:00,96.6
2025-11-08 19:27:30,96.6
2025-11-08 19:30:00,96.6
2025-11-08 19:32:30,96.5
2025-11-08 19:35:00,96.5
2025-11-08 19:37:30,96.9
2025-11-08 19:40:00,96.5
2025-11-08 19:42:30,96.6
2025-11-08 19:45:00,96.4
2025-11-08 19:47:30,96.6
2025-11-08 19:50:00,96.7
2025-11-08 19:52:30,96.5
2025-11-08 19:55:00,96.6
2025-11-08 19:57:30,96.7
2025-11-08 20:00:00,96.5
2025-11-08 20:02:30,96.6
2025-11-08 20:05:00,96.8
2025-11-08 20:07:30,96.5
2025-11-08 20:10:00,96.4
2025-11-08 20:12:30,96.5
2025-11-08 20:15:00,96.6
2025-11-08 20:17:30,96.5
2025-11-08 20:20:00,96.5
2025-11-08 20:22:30,96.5
2025-11-08 20:25:00,96.5
2025-11-08 20:27:30,96.4
2025-11-08 20:30:00,96.5
2025-11-08 20:32:30,96.55
2025-11-08 20:35:00,96.5
2025-11-08 20:37:30,96.55
2025-11-08 20:40:00,96.55
2025-11-08 20:42:30,96.6
2025-11-08 20:45:00,96.5
2025-11-08 20:47:30,96.7
2025-11-08 20:50:00,96.6
2025-11-08 20:52:30,96.4
2025-11-08 20:55:00,96.55
2025-11-08 20:57:30,96.55
2025-11-08 21:00:00,96.6
2025-11-08 21:02:30,96.5
2025-11-08 21:05:00,96.7
2025-11-08 21:07:30,96.5
2025-11-08 21:10:00,96.5
2025-11-08 21:12:30,96.4
2025-11-08 21:15:00,96.5
2025-11-08 21:17:30,96.5
2025-11-08 21:20:00,96.6
2025-11-08 21:22:30,96.5
2025-11-08 21:25:00,96.5
2025-11-08 21:27:30,96.5
2025-11-08 21:30:00,96.5
2025-11-08 21:32:30,96.8
2025-11-08 21:35:00,96.7
2025-11-08 21:37:30,96.6
2025-11-08 21:40:00,96.5
2025-11-08 21:42:30,96.65
2025-11-08 21:45:00,96.5
2025-11-08 21:47:30,96.7
2025-11-08 21:50:00,96.5
2025-11-08 21:52:30,96.5
2025-11-08 21:55:00,96.6
2025-11-08 21:57:30,96.6
2025-11-08 22:00:00,96.5
2025-11-08 22:02:30,96.6
2025-11-08 22:05:00,96.4
2025-11-08 22:07:30,96.4
2025-11-08 22:10:00,96.5
2025-11-08 22:12:30,96.7
2025-11-08 22:15:00,96.5
2025-11-08 22:17:30,96.5
2025-11-08 22:20:00,96.4
2025-11-08 22:22:30,96.5
2025-11-08 22:25:00,96.5
2025-11-08 22:27:30,96.5
2025-11-08 22:30:00,96.5
2025-11-08 22:32:30,96.5
2025-11-08 22:35:00,95.8
2025-11-08 22:37:30,96.5
2025-11-08 22:40:00,96.5
2025-11-08 22:42:30,95.5
2025-11-08 22:45:00,95.9
2025-11-08 22:47:30,96.6
2025-11-08 22:50:00,95.9
2025-11-08 22:52:30,96.4
2025-11-08 22:55:00,96.8
2025-11-08 22:57:30,96.6
2025-11-08 23:00:00,96.5
2025-11-08 23:02:30,96.4
2025-11-08 23:05:00,96.4
2025-11-08 23:07:30,96.4
2025-11-08 23:10:00,96.5
2025-11-08 23:12:30,96.4
2025-11-08 23:15:00,96.55
2025-11-08 23:17:30,96.5
2025-11-08 23:20:00,96.4
2025-11-08 23:22:30,96.4
2025-11-08 23:25:00,96.5
2025-11-08 23:27:30,96.4
2025-11-08 23:30:00,96.5
2025-11-08 23:32:30,96.4
2025-11-08 23:35:00,95.9
2025-11-08 23:37:30,95.9
2025-11-08 23:40:00,95.9
2025-11-08 23:42:30,96.4
2025-11-08 23:45:00,96.4
2025-11-08 23:47:30,96.4
2025-11-08 23:50:00,96.4
2025-11-08 23:52:30,96.5
2025-11-08 23:55:00,96.5
2025-11-08 23:57:30,96.5
2025-11-09 00:00:00,96.4
2025-11-09 00:02:30,96.5
2025-11-09 00:05:00,96.5
2025-11-09 00:07:30,96.4
2025-11-09 00:10:00,96.5
2025-11-09 00:12:30,96.4
2025-11-09 00:15:00,96.5
2025-11-09 00:17:30,96.4
2025-11-09 00:20:00,95.9
2025-11-09 00:22:30,96.5
2025-11-09 00:25:00,96.6
2025-11-09 00:27:30,95.80000000000001
2025-11-09 00:30:00,95.7
2025-11-09 00:32:30,95.7
2025-11-09 00:35:00,96.4
2025-11-09 00:37:30,95.9
2025-11-09 00:40:00,96.5
2025-11-09 00:42:30,96.5
2025-11-09 00:45:00,95.9
2025-11-09 00:47:30,96.4
2025-11-09 00:50:00,95.9
2025-11-09 00:52:30,96.5
2025-11-09 00:55:00,96.4
2025-11-09 00:57:30,96.4
2025-11-09 01:00:00,96.4
2025-11-09 01:02:30,96.4
2025-11-09 01:05:00,96.5
2025-11-09 01:07:30,96.5
2025-11-09 01:10:00,96.5
2025-11-09 01:12:30,96.5
2025-11-09 01:15:00,96.4
2025-11-09 01:17:30,96.6
2025-11-09 01:20:00,96.6
2025-11-09 01:22:30,96.15
2025-11-09 01:25:00,95.9
2025-11-09 01:27:30,96.5
2025-11-09 01:30:00,95.8
2025-11-09 01:32:30,95.8
2025-11-09 01:35:00,95.9
2025-11-09 01:37:30,95.9
2025-11-09 01:40:00,95.9
2025-11-09 01:42:30,95.9
2025-11-09 01:45:00,95.9
2025-11-09 01:47:30,95.9
2025-11-09 01:50:00,95.9
2025-11-09 01:52:30,95.8
2025-11-09 01:55:00,95.9
2025-11-09 01:57:30,95.9
2025-11-09 02:00:00,95.9
2025-11-09 02:02:30,95.9
2025-11-09 02:05:00,95.9
2025-11-09 02:07:30,95.9
2025-11-09 02:10:00,95.9
2025-11-09 02:12:30,95.9
2025-11-09 02:15:00,95.9
2025-11-09 02:17:30,96.4
2025-11-09 02:20:00,96.4
2025-11-09 02:22:30,96.4
2025-11-09 02:25:00,96.4
2025-11-09 02:27:30,96.4
2025-11-09 02:30:00,95.9
2025-11-09 02:32:30,95.9
2025-11-09 02:35:00,95.9
2025-11-09 02:37:30,95.9
2025-11-09 02:40:00,95.9
2025-11-09 02:42:30,95.9
2025-11-09 02:45:00,95.9
2025-11-09 02:47:30,95.9
2025-11-09 02:50:00,95.9
2025-11-09 02:52:30,95.9
2025-11-09 02:55:00,95.9
2025-11-09 02:57:30,96.4
2025-11-09 03:00:00,95.9
2025-11-09 03:02:30,95.9
2025-11-09 03:05:00,95.75
2025-11-09 03:07:30,95.7
2025-11-09 03:10:00,95.6
2025-11-09 03:12:30,96.4
2025-11-09 03:15:00,96.5
2025-11-09 03:17:30,95.8
2025-11-09 03:20:00,96.4
2025-11-09 03:22:30,96.6
2025-11-09 03:25:00,96.4
2025-11-09 03:27:30,95.8
2025-11-09 03:30:00,96.4
2025-11-09 03:32:30,96.2
2025-11-09 03:35:00,95.7
2025-11-09 03:37:30,96.4
2025-11-09 03:40:00,96.4
2025-11-09 03:42:30,96.2
2025-11-09 03:45:00,96.4
2025-11-09 03:47:30,95.9
2025-11-09 03:50:00,95.9
2025-11-09 03:52:30,96.4
2025-11-09 03:55:00,95.9
2025-11-09 03:57:30,95.9
2025-11-09 04:00:00,96.5
2025-11-09 04:02:30,95.9
2025-11-09 04:05:00,95.9
2025-11-09 04:07:30,95.9
2025-11-09 04:10:00,95.8
2025-11-09 04:12:30,95.9
2025-11-09 04:15:00,95.9
2025-11-09 04:17:30,95.9
2025-11-09 04:20:00,95.9
2025-11-09 04:22:30,96.4
2025-11-09 04:25:00,95.9
2025-11-09 04:27:30,96.4
2025-11-09 04:30:00,96.4
2025-11-09 04:32:30,95.7
2025-11-09 04:35:00,95.6
2025-11-09 04:37:30,96.4
2025-11-09 04:40:00,95.9
2025-11-09 04:42:30,95.9
2025-11-09 04:45:00,95.9
2025-11-09 04:47:30,95.9
2025-11-09 04:50:00,95.9
2025-11-09 04:52:30,95.9
2025-11-09 04:55:00,95.9
2025-11-09 04:57:30,95.9
2025-11-09 05:00:00,95.9
2025-11-09 05:02:30,95.9
2025-11-09 05:05:00,95.9
2025-11-09 05:07:30,95.9
2025-11-09 05:10:00,95.9
2025-11-09 05:12:30,95.9
2025-11-09 05:15:00,95.9
2025-11-09 05:17:30,95.9
2025-11-09 05:20:00,95.9
2025-11-09 05:22:30,95.8
2025-11-09 05:25:00,95.8
2025-11-09 05:27:30,95.8
2025-11-09 05:30:00,95.7
2025-11-09 05:32:30,95.7
2025-11-09 05:35:00,95.7
2025-11-09 05:37:30,95.7
2025-11-09 05:40:00,95.6
2025-11-09 05:42:30,95.7
2025-11-09 05:45:00,95.6
2025-11-09 05:47:30,95.6
2025-11-09 05:50:00,95.5
2025-11-09 05:52:30,95.6
2025-11-09 05:55:00,95.5
2025-11-09 05:57:30,95.5
2025-11-09 06:00:00,95.5
2025-11-09 06:02:30,95.5
2025-11-09 06:05:00,95.5
2025-11-09 06:07:30,95.5
2025-11-09 06:10:00,95.5
2025-11-09 06:12:30,95.5
2025-11-09 06:15:00,95.3
2025-11-09 06:17:30,95.5
2025-11-09 06:20:00,95.0
2025-11-09 06:22:30,95.3
2025-11-09 06:25:00,95.2
2025-11-09 06:27:30,95.6
2025-11-09 06:30:00,95.4
2025-11-09 06:32:30,95.8
2025-11-09 06:35:00,95.5
2025-11-09 06:37:30,95.0
2025-11-09 06:40:00,95.4
2025-11-09 06:42:30,95.5
2025-11-09 06:45:00,95.2
2025-11-09 06:47:30,95.2
2025-11-09 06:50:00,95.3
2025-11-09 06:52:30,95.3
2025-11-09 06:55:00,95.3
2025-11-09 06:57:30,95.3
2025-11-09 07:00:00,95.0
2025-11-09 07:02:30,95.0
2025-11-09 07:05:00,95.2
2025-11-09 07:07:30,95.2
2025-11-09 07:10:00,95.2
2025-11-09 07:12:30,95.0
2025-11-09 07:15:00,95.0
2025-11-09 07:17:30,95.15
2025-11-09 07:20:00,95.0
2025-11-09 07:22:30,95.1
2025-11-09 07:25:00,94.9
2025-11-09 07:27:30,95.1
2025-11-09 07:30:00,94.9
2025-11-09 07:32:30,94.9
2025-11-09 07:35:00,95.0
2025-11-09 07:37:30,95.0
2025-11-09 07:40:00,94.9
2025-11-09 07:42:30,94.95
2025-11-09 07:45:00,94.9
2025-11-09 07:47:30,94.6
2025-11-09 07:50:00,94.6
2025-11-09 07:52:30,94.6
2025-11-09 07:55:00,94.6
2025-11-09 07:57:30,94.6
2025-11-09 08:00:00,94.6
2025-11-09 08:02:30,94.6
2025-11-09 08:05:00,94.6
2025-11-09 08:07:30,94.4
2025-11-09 08:10:00,94.44999999999999
2025-11-09 08:12:30,94.4
2025-11-09 08:15:00,94.2
2025-11-09 08:17:30,94.4
2025-11-09 08:20:00,94.4
2025-11-09 08:22:30,94.44999999999999
2025-11-09 08:25:00,94.4
2025-11-09 08:27:30,94.3
2025-11-09 08:30:00,94.4
2025-11-09 08:32:30,94.4
2025-11-09 08:35:00,94.2
2025-11-09 08:37:30,94.19999999999999
2025-11-09 08:40:00,94.3
2025-11-09 08:42:30,94.2
2025-11-09 08:45:00,94.1
2025-11-09 08:47:30,94.4
2025-11-09 08:50:00,94.1
2025-11-09 08:52:30,94.2
2025-11-09 08:55:00,94.1
2025-11-09 08:57:30,94.2
2025-11-09 09:00:00,94.0
2025-11-09 09:02:30,94.25
2025-11-09 09:05:00,94.4
2025-11-09 09:07:30,94.2
2025-11-09 09:10:00,94.0
2025-11-09 09:12:30,94.1
2025-11-09 09:15:00,94.2
2025-11-09 09:17:30,94.2
2025-11-09 09:20:00,94.2
2025-11-09 09:22:30,94.2
2025-11-09 09:25:00,94.2
2025-11-09 09:27:30,94.2
2025-11-09 09:30:00,94.2
2025-11-09 09:32:30,94.2
2025-11-09 09:35:00,94.2
2025-11-09 09:37:30,94.2
2025-11-09 09:40:00,94.2
2025-11-09 09:42:30,94.2
2025-11-09 09:45:00,94.2
2025-11-09 09:47:30,94.2
2025-11-09 09:50:00,94.2
2025-11-09 09:52:30,94.2
2025-11-09 09:55:00,94.2
2025-11-09 09:57:30,94.2
2025-11-09 10:00:00,94.2
2025-11-09 10:02:30,94.2
2025-11-09 10:05:00,94.2
2025-11-09 10:07:30,94.2
2025-11-09 10:10:00,94.2
2025-11-09 10:12:30,94.2
2025-11-09 10:15:00,94.2
2025-11-09 10:17:30,94.2
2025-11-09 10:20:00,94.2
2025-11-09 10:22:30,94.2
2025-11-09 10:25:00,94.2
2025-11-09 10:27:30,94.2
2025-11-09 10:30:00,94.2
2025-11-09 10:32:30,94.2
2025-11-09 10:35:00,94.2
2025-11-09 10:37:30,94.2
2025-11-09 10:40:00,94.2
2025-11-09 10:42:30,94.2
2025-11-09 10:45:00,94.4
2025-11-09 10:47:30,94.3
2025-11-09 10:50:00,94.2
2025-11-09 10:52:30,94.1
2025-11-09 10:55:00,93.94999999999999
2025-11-09 10:57:30,94.25
2025-11-09 11:00:00,93.9
2025-11-09 11:02:30,94.3
2025-11-09 11:05:00,94.2
2025-11-09 11:07:30,94.1
2025-11-09 11:10:00,94.4
2025-11-09 11:12:30,94.3
2025-11-09 11:15:00,94.3
2025-11-09 11:17:30,94.6
2025-11-09 11:20:00,94.9
2025-11-09 11:22:30,94.6
2025-11-09 11:25:00,94.6
2025-11-09 11:27:30,94.9
2025-11-09 11:30:00,94.9
2025-11-09 11:32:30,95.0
2025-11-09 11:35:00,95.0
2025-11-09 11:37:30,95.2
2025-11-09 11:40:00,95.2
2025-11-09 11:42:30,95.2
2025-11-09 11:45:00,95.2
2025-11-09 11:47:30,95.3
2025-11-09 11:50:00,95.3
2025-11-09 11:52:30,95.4
2025-11-09 11:55:00,95.4
2025-11-09 11:57:30,95.15
2025-11-09 12:00:00,95.5
2025-11-09 12:02:30,95.5
2025-11-09 12:05:00,95.5
2025-11-09 12:07:30,95.5
2025-11-09 12:10:00,95.5
2025-11-09 12:12:30,95.9
2025-11-09 12:15:00,95.8
2025-11-09 12:17:30,95.7
2025-11-09 12:20:00,95.9
2025-11-09 12:22:30,95.7
2025-11-09 12:25:00,95.9
2025-11-09 12:27:30,96.19999999999999
2025-11-09 12:30:00,95.9
2025-11-09 12:32:30,95.9
2025-11-09 12:35:00,95.9
2025-11-09 12:37:30,96.4
2025-11-09 12:40:00,96.5
2025-11-09 12:42:30,95.9
2025-11-09 12:45:00,96.7
2025-11-09 12:47:30,95.9
2025-11-09 12:50:00,96.5
2025-11-09 12:52:30,96.55
2025-11-09 12:55:00,96.8
2025-11-09 12:57:30,96.7
2025-11-09 13:00:00,96.8
2025-11-09 13:02:30,96.7
2025-11-09 13:05:00,96.8
2025-11-09 13:07:30,96.9
2025-11-09 13:10:00,97.0
2025-11-09 13:12:30,97.0
2025-11-09 13:15:00,97.0
2025-11-09 13:17:30,97.0
2025-11-09 13:20:00,97.05
2025-11-09 13:22:30,97.2
2025-11-09 13:25:00,97.2
2025-11-09 13:27:30,97.2
2025-11-09 13:30:00,97.5
2025-11-09 13:32:30,97.6
2025-11-09 13:35:00,97.6
2025-11-09 13:37:30,97.7
2025-11-09 13:40:00,97.7
2025-11-09 13:42:30,97.7
2025-11-09 13:45:00,97.7
2025-11-09 13:47:30,97.7
2025-11-09 13:50:00,97.8
2025-11-09 13:52:30,97.8
2025-11-09 13:55:00,97.8
2025-11-09 13:57:30,97.9
2025-11-09 14:00:00,97.9
2025-11-09 14:02:30,97.9
2025-11-09 14:05:00,97.9
2025-11-09 14:07:30,97.9
2025-11-09 14:10:00,98.0
2025-11-09 14:12:30,98.0
2025-11-09 14:15:00,98.0
2025-11-09 14:17:30,98.0
2025-11-09 14:20:00,98.0
2025-11-09 14:22:30,98.0
2025-11-09 14:25:00,98.0
2025-11-09 14:27:30,98.0
2025-11-09 14:30:00,98.1
2025-11-09 14:32:30,98.0
2025-11-09 14:35:00,97.9
2025-11-09 14:37:30,98.0
2025-11-09 14:40:00,97.8
2025-11-09 14:42:30,97.9
2025-11-09 14:45:00,97.8
2025-11-09 14:47:30,98.0
2025-11-09 14:50:00,97.9
2025-11-09 14:52:30,97.8
2025-11-09 14:55:00,97.8
2025-11-09 14:57:30,97.8
2025-11-09 15:00:00,97.8
2025-11-09 15:02:30,97.8
2025-11-09 15:05:00,97.8
2025-11-09 15:07:30,97.8
2025-11-09 15:10:00,97.8
2025-11-09 15:12:30,97.8
2025-11-09 15:15:00,97.9
2025-11-09 15:17:30,97.9
2025-11-09 15:20:00,97.9
2025-11-09 15:22:30,97.8
2025-11-09 15:25:00,97.5
2025-11-09 15:27:30,97.6
2025-11-09 15:30:00,97.8
2025-11-09 15:32:30,97.8
2025-11-09 15:35:00,97.6
2025-11-09 15:37:30,97.8
2025-11-09 15:40:00,97.7
2025-11-09 15:42:30,97.8
2025-11-09 15:45:00,97.7
2025-11-09 15:47:30,98.0
2025-11-09 15:50:00,97.8
2025-11-09 15:52:30,97.9
2025-11-09 15:55:00,98.0
2025-11-09 15:57:30,98.0
2025-11-09 16:00:00,97.65
2025-11-09 16:02:30,97.8
2025-11-09 16:05:00,97.8
2025-11-09 16:07:30,97.8
2025-11-09 16:10:00,97.7
2025-11-09 16:12:30,97.9
2025-11-09 16:15:00,97.6
2025-11-09 16:17:30,97.9
2025-11-09 16:20:00,97.8
2025-11-09 16:22:30,97.9
2025-11-09 16:25:00,97.8
2025-11-09 16:27:30,97.9
2025-11-09 16:30:00,97.8
2025-11-09 16:32:30,97.95
2025-11-09 16:35:00,97.5
2025-11-09 16:37:30,97.8
2025-11-09 16:40:00,97.7
2025-11-09 16:42:30,97.8
2025-11-09 16:45:00,97.7
2025-11-09 16:47:30,97.7
2025-11-09 16:50:00,97.8
2025-11-09 16:52:30,98.0
2025-11-09 16:55:00,97.8
2025-11-09 16:57:30,97.8
2025-11-09 17:00:00,97.8
2025-11-09 17:02:30,97.95
2025-11-09 17:05:00,97.7
2025-11-09 17:07:30,97.6
2025-11-09 17:10:00,97.9
2025-11-09 17:12:30,97.8
2025-11-09 17:15:00,97.8
2025-11-09 17:17:30,98.0
2025-11-09 17:20:00,97.8
2025-11-09 17:22:30,97.8
2025-11-09 17:25:00,98.0
2025-11-09 17:27:30,97.7
2025-11-09 17:30:00,97.9
2025-11-09 17:32:30,97.69999999999999
2025-11-09 17:35:00,97.9
2025-11-09 17:37:30,97.8
2025-11-09 17:40:00,97.8
2025-11-09 17:42:30,97.7
2025-11-09 17:45:00,97.8
2025-11-09 17:47:30,97.8
2025-11-09 17:50:00,97.8
2025-11-09 17:52:30,97.8
2025-11-09 17:55:00,97.8
2025-11-09 17:57:30,97.8
2025-11-09 18:00:00,97.8
2025-11-09 18:02:30,97.8
2025-11-09 18:05:00,97.8
2025-11-09 18:07:30,97.8
2025-11-09 18:10:00,97.8
2025-11-09 18:12:30,97.8
2025-11-09 18:15:00,97.8
2025-11-09 18:17:30,97.8
2025-11-09 18:20:00,97.75
2025-11-09 18:22:30,97.8
2025-11-09 18:25:00,97.8
2025-11-09 18:27:30,97.75
2025-11-09 18:30:00,98.0
2025-11-09 18:32:30,97.7
2025-11-09 18:35:00,97.8
2025-11-09 18:37:30,98.0
2025-11-09 18:40:00,97.9
2025-11-09 18:42:30,97.9
2025-11-09 18:45:00,97.7
2025-11-09 18:47:30,97.7
2025-11-09 18:50:00,97.7
2025-11-09 18:52:30,97.8
2025-11-09 18:55:00,97.5
2025-11-09 18:57:30,97.7
2025-11-09 19:00:00,97.7
2025-11-09 19:02:30,97.7
2025-11-09 19:05:00,97.85
2025-11-09 19:07:30,97.8
2025-11-09 19:10:00,97.7
2025-11-09 19:12:30,97.7
2025-11-09 19:15:00,97.8
2025-11-09 19:17:30,97.7
2025-11-09 19:20:00,97.9
2025-11-09 19:22:30,97.7
2025-11-09 19:25:00,97.7
2025-11-09 19:27:30,97.8
2025-11-09 19:30:00,97.8
2025-11-09 19:32:30,97.9
2025-11-09 19:35:00,97.8
2025-11-09 19:37:30,97.7
2025-11-09 19:40:00,97.9
2025-11-09 19:42:30,97.7
2025-11-09 19:45:00,97.9
2025-11-09 19:47:30,97.7
2025-11-09 19:50:00,97.7
2025-11-09 19:52:30,97.8
2025-11-09 19:55:00,97.8
2025-11-09 19:57:30,97.8
2025-11-09 20:00:00,97.8
2025-11-09 20:02:30,97.8
2025-11-09 20:05:00,97.8
2025-11-09 20:07:30,97.8
2025-11-09 20:10:00,97.8
2025-11-09 20:12:30,97.8
2025-11-09 20:15:00,97.8
2025-11-09 20:17:30,97.7
2025-11-09 20:20:00,97.7
2025-11-09 20:22:30,97.7
2025-11-09 20:25:00,97.8
2025-11-09 20:27:30,97.5
2025-11-09 20:30:00,97.7
2025-11-09 20:32:30,97.7
2025-11-09 20:35:00,97.69999999999999
2025-11-09 20:37:30,97.8
2025-11-09 20:40:00,97.7
2025-11-09 20:42:30,97.7
2025-11-09 20:45:00,97.7
2025-11-09 20:47:30,97.8
2025-11-09 20:50:00,97.6
2025-11-09 20:52:30,97.7
2025-11-09 20:55:00,97.8
2025-11-09 20:57:30,97.8
2025-11-09 21:00:00,97.7
2025-11-09 21:02:30,97.7
2025-11-09 21:05:00,97.7
2025-11-09 21:07:30,97.5
2025-11-09 21:10:00,97.7
2025-11-09 21:12:30,97.7
2025-11-09 21:15:00,97.7
2025-11-09 21:17:30,97.8
2025-11-09 21:20:00,97.7
2025-11-09 21:22:30,97.7
2025-11-09 21:25:00,97.7
2025-11-09 21:27:30,97.7
2025-11-09 21:30:00,97.7
2025-11-09 21:32:30,97.7
2025-11-09 21:35:00,97.7
2025-11-09 21:37:30,97.7
2025-11-09 21:40:00,97.7
2025-11-09 21:42:30,97.7
2025-11-09 21:45:00,97.7
2025-11-09 21:47:30,97.7
2025-11-09 21:50:00,97.5
2025-11-09 21:52:30,97.6
2025-11-09 21:55:00,97.5
2025-11-09 21:57:30,97.7
2025-11-09 22:00:00,97.8
2025-11-09 22:02:30,97.7
2025-11-09 22:05:00,97.7
2025-11-09 22:07:30,97.7
2025-11-09 22:10:00,97.7
2025-11-09 22:12:30,97.7
2025-11-09 22:15:00,97.7
2025-11-09 22:17:30,97.5
2025-11-09 22:20:00,97.7
2025-11-09 22:22:30,97.7
2025-11-09 22:25:00,97.6
2025-11-09 22:27:30,97.7
2025-11-09 22:30:00,97.8
2025-11-09 22:32:30,97.5
2025-11-09 22:35:00,97.6
2025-11-09 22:37:30,97.7
2025-11-09 22:40:00,97.65
2025-11-09 22:42:30,97.75
2025-11-09 22:45:00,97.7
2025-11-09 22:47:30,97.7
2025-11-09 22:50:00,97.7
2025-11-09 22:52:30,97.7
2025-11-09 22:55:00,97.7
2025-11-09 22:57:30,97.7
2025-11-09 23:00:00,97.7
2025-11-09 23:02:30,97.7
2025-11-09 23:05:00,97.7
2025-11-09 23:07:30,97.7
2025-11-09 23:10:00,97.7
2025-11-09 23:12:30,97.7
2025-11-09 23:15:00,97.6
2025-11-09 23:17:30,97.5
2025-11-09 23:20:00,97.6
2025-11-09 23:22:30,97.6
2025-11-09 23:25:00,97.6
2025-11-09 23:27:30,97.6
2025-11-09 23:30:00,97.8
2025-11-09 23:32:30,97.7
2025-11-09 23:35:00,97.7
2025-11-09 23:37:30,97.6
2025-11-09 23:40:00,97.5
2025-11-09 23:42:30,97.7
2025-11-09 23:45:00,97.55
2025-11-09 23:47:30,97.5
2025-11-09 23:50:00,97.7
2025-11-09 23:52:30,97.7
2025-11-09 23:55:00,97.7
2025-11-09 23:57:30,97.7
2025-11-10 00:00:00,97.7
2025-11-10 00:02:30,97.6
2025-11-10 00:05:00,97.7
2025-11-10 00:07:30,97.7
2025-11-10 00:10:00,97.6
2025-11-10 00:12:30,97.5
2025-11-10 00:15:00,97.2
2025-11-10 00:17:30,97.55
2025-11-10 00:20:00,97.5
2025-11-10 00:22:30,97.5
2025-11-10 00:25:00,97.5
2025-11-10 00:27:30,97.5
2025-11-10 00:30:00,97.5
2025-11-10 00:32:30,97.5
2025-11-10 00:35:00,97.5
2025-11-10 00:37:30,97.5
2025-11-10 00:40:00,97.5
2025-11-10 00:42:30,97.7
2025-11-10 00:45:00,97.5
2025-11-10 00:47:30,97.2
2025-11-10 00:50:00,97.8
2025-11-10 00:52:30,97.6
2025-11-10 00:55:00,97.7
2025-11-10 00:57:30,97.7
2025-11-10 01:00:00,97.3
2025-11-10 01:02:30,97.7
2025-11-10 01:05:00,97.6
2025-11-10 01:07:30,97.6
2025-11-10 01:10:00,97.5
2025-11-10 01:12:30,97.5
2025-11-10 01:15:00,97.6
2025-11-10 01:17:30,97.7
2025-11-10 01:20:00,97.5
2025-11-10 01:22:30,97.5
2025-11-10 01:25:00,97.5
2025-11-10 01:27:30,97.5
2025-11-10 01:30:00,97.6
2025-11-10 01:32:30,97.5
2025-11-10 01:35:00,97.5
2025-11-10 01:37:30,97.5
2025-11-10 01:40:00,97.5
2025-11-10 01:42:30,97.6
2025-11-10 01:45:00,97.5
2025-11-10 01:47:30,97.6
2025-11-10 01:50:00,97.8
2025-11-10 01:52:30,97.5
2025-11-10 01:55:00,97.5
2025-11-10 01:57:30,97.5
2025-11-10 02:00:00,97.6
2025-11-10 02:02:30,97.5
2025-11-10 02:05:00,97.5
2025-11-10 02:07:30,97.5
2025-11-10 02:10:00,97.7
2025-11-10 02:12:30,97.25
2025-11-10 02:15:00,97.5
2025-11-10 02:17:30,97.5
2025-11-10 02:20:00,97.7
2025-11-10 02:22:30,97.5
2025-11-10 02:25:00,97.5
2025-11-10 02:27:30,97.5
2025-11-10 02:30:00,97.5
2025-11-10 02:32:30,97.5
2025-11-10 02:35:00,97.5
2025-11-10 02:37:30,97.5
2025-11-10 02:40:00,97.2
2025-11-10 02:42:30,97.5
2025-11-10 02:45:00,97.5
2025-11-10 02:47:30,97.0
2025-11-10 02:50:00,97.3
2025-11-10 02:52:30,97.3
2025-11-10 02:55:00,97.5
2025-11-10 02:57:30,97.5
2025-11-10 03:00:00,97.0
2025-11-10 03:02:30,97.4
2025-11-10 03:05:00,97.5
2025-11-10 03:07:30,97.6
2025-11-10 03:10:00,97.4
2025-11-10 03:12:30,97.0
2025-11-10 03:15:00,97.6
2025-11-10 03:17:30,97.4
2025-11-10 03:20:00,97.5
2025-11-10 03:22:30,97.4
2025-11-10 03:25:00,97.3
2025-11-10 03:27:30,97.4
2025-11-10 03:30:00,97.5
2025-11-10 03:32:30,97.2
2025-11-10 03:35:00,97.6
2025-11-10 03:37:30,97.7
2025-11-10 03:40:00,97.5
2025-11-10 03:42:30,97.7
2025-11-10 03:45:00,97.5
2025-11-10 03:47:30,97.6
2025-11-10 03:50:00,97.2
2025-11-10 03:52:30,97.65
2025-11-10 03:55:00,97.5
2025-11-10 03:57:30,96.85
2025-11-10 04:00:00,97.35
2025-11-10 04:02:30,97.6
2025-11-10 04:05:00,97.6
2025-11-10 04:07:30,96.7
2025-11-10 04:10:00,97.4
2025-11-10 04:12:30,97.0
2025-11-10 04:15:00,97.5
2025-11-10 04:17:30,97.6
2025-11-10 04:20:00,97.4
2025-11-10 04:22:30,97.6
2025-11-10 04:25:00,97.2
2025-11-10 04:27:30,97.4
2025-11-10 04:30:00,97.2
2025-11-10 04:32:30,97.4
2025-11-10 04:35:00,96.8
2025-11-10 04:37:30,97.5
2025-11-10 04:40:00,97.5
2025-11-10 04:42:30,96.9
2025-11-10 04:45:00,97.4
2025-11-10 04:47:30,97.5
2025-11-10 04:50:00,97.4
2025-11-10 04:52:30,97.2
2025-11-10 04:55:00,97.2
2025-11-10 04:57:30,97.2
2025-11-10 05:00:00,97.2
2025-11-10 05:02:30,97.2
2025-11-10 05:05:00,97.2
2025-11-10 05:07:30,97.2
2025-11-10 05:10:00,97.5
2025-11-10 05:12:30,96.7
2025-11-10 05:15:00,96.5
2025-11-10 05:17:30,96.9
2025-11-10 05:20:00,97.0
2025-11-10 05:22:30,96.7
2025-11-10 05:25:00,96.6
2025-11-10 05:27:30,96.8
2025-11-10 05:30:00,96.7
2025-11-10 05:32:30,96.7
2025-11-10 05:35:00,96.6
2025-11-10 05:37:30,96.6
2025-11-10 05:40:00,96.6
2025-11-10 05:42:30,96.6
2025-11-10 05:45:00,96.4
2025-11-10 05:47:30,96.4
2025-11-10 05:50:00,96.4
2025-11-10 05:52:30,96.1
2025-11-10 05:55:00,96.05000000000001
2025-11-10 05:57:30,95.8
2025-11-10 06:00:00,95.7
2025-11-10 06:02:30,95.9
2025-11-10 06:05:00,95.7
2025-11-10 06:07:30,95.7
2025-11-10 06:10:00,95.5
2025-11-10 06:12:30,95.5
2025-11-10 06:15:00,95.5
2025-11-10 06:17:30,95.5
2025-11-10 06:20:00,95.5
2025-11-10 06:22:30,95.4
2025-11-10 06:25:00,95.2
2025-11-10 06:27:30,95.4
2025-11-10 06:30:00,95.3
2025-11-10 06:32:30,95.5
2025-11-10 06:35:00,95.2
2025-11-10 06:37:30,95.1
2025-11-10 06:40:00,95.2
2025-11-10 06:42:30,95.0
2025-11-10 06:45:00,95.0
2025-11-10 06:47:30,95.1
2025-11-10 06:50:00,95.0
2025-11-10 06:52:30,94.9
2025-11-10 06:55:00,94.7
2025-11-10 06:57:30,94.6
2025-11-10 07:00:00,94.6
2025-11-10 07:02:30,94.6
2025-11-10 07:05:00,94.6
2025-11-10 07:07:30,94.2
2025-11-10 07:10:00,94.4
2025-11-10 07:12:30,94.30000000000001
2025-11-10 07:15:00,94.2
2025-11-10 07:17:30,94.2
2025-11-10 07:20:00,94.2
2025-11-10 07:22:30,94.2
2025-11-10 07:25:00,94.2
2025-11-10 07:27:30,94.2
2025-11-10 07:30:00,94.1
2025-11-10 07:32:30,94.1
2025-11-10 07:35:00,94.1
2025-11-10 07:37:30,94.0
2025-11-10 07:40:00,94.0
2025-11-10 07:42:30,93.85
2025-11-10 07:45:00,93.8
2025-11-10 07:47:30,93.6
2025-11-10 07:50:00,93.6
2025-11-10 07:52:30,93.5
2025-11-10 07:55:00,93.6
2025-11-10 07:57:30,93.3
2025-11-10 08:00:00,93.2
2025-11-10 08:02:30,93.6
2025-11-10 08:05:00,93.1
2025-11-10 08:07:30,93.2
2025-11-10 08:10:00,93.3
2025-11-10 08:12:30,93.1
2025-11-10 08:15:00,93.35
2025-11-10 08:17:30,93.1
2025-11-10 08:20:00,92.9
2025-11-10 08:22:30,93.3
2025-11-10 08:25:00,93.1
2025-11-10 08:27:30,92.9
2025-11-10 08:30:00,93.0
2025-11-10 08:32:30,93.1
2025-11-10 08:35:00,92.9
2025-11-10 08:37:30,92.9
2025-11-10 08:40:00,92.9
2025-11-10 08:42:30,92.9
2025-11-10 08:45:00,92.9
2025-11-10 08:47:30,92.8
2025-11-10 08:50:00,92.8
2025-11-10 08:52:30,92.8
2025-11-10 08:55:00,92.8
2025-11-10 08:57:30,92.8
2025-11-10 09:00:00,92.8
2025-11-10 09:02:30,92.8
2025-11-10 09:05:00,92.8
2025-11-10 09:07:30,92.7
2025-11-10 09:10:00,92.9
2025-11-10 09:12:30,92.85
2025-11-10 09:15:00,92.7
2025-11-10 09:17:30,92.8
2025-11-10 09:20:00,92.7
2025-11-10 09:22:30,92.3
2025-11-10 09:25:00,92.8
2025-11-10 09:27:30,92.7
2025-11-10 09:30:00,92.6
2025-11-10 09:32:30,92.6
2025-11-10 09:35:00,92.9
2025-11-10 09:37:30,93.05
2025-11-10 09:40:00,92.8
2025-11-10 09:42:30,92.9
2025-11-10 09:45:00,92.6
2025-11-10 09:47:30,92.7
2025-11-10 09:50:00,92.6
2025-11-10 09:52:30,92.8
2025-11-10 09:55:00,92.8
2025-11-10 09:57:30,92.7
2025-11-10 10:00:00,92.7
2025-11-10 10:02:30,92.9
2025-11-10 10:05:00,92.8
2025-11-10 10:07:30,92.6
2025-11-10 10:10:00,92.7
2025-11-10 10:12:30,92.9
2025-11-10 10:15:00,92.7
2025-11-10 10:17:30,92.4
2025-11-10 10:20:00,92.7
2025-11-10 10:22:30,92.8
2025-11-10 10:25:00,92.7
2025-11-10 10:27:30,92.6
2025-11-10 10:30:00,92.6
2025-11-10 10:32:30,92.7
2025-11-10 10:35:00,92.7
2025-11-10 10:37:30,92.6
2025-11-10 10:40:00,92.8
2025-11-10 10:42:30,92.7
2025-11-10 10:45:00,92.3
2025-11-10 10:47:30,92.75
2025-11-10 10:50:00,92.7
2025-11-10 10:52:30,92.6
2025-11-10 10:55:00,92.6
2025-11-10 10:57:30,92.7
2025-11-10 11:00:00,92.4
2025-11-10 11:02:30,92.7
2025-11-10 11:05:00,92.8
2025-11-10 11:07:30,92.80000000000001
2025-11-10 11:10:00,92.9
2025-11-10 11:12:30,92.9
2025-11-10 11:15:00,92.9
2025-11-10 11:17:30,92.9
2025-11-10 11:20:00,92.9
2025-11-10 11:22:30,92.9
2025-11-10 11:25:00,92.9
2025-11-10 11:27:30,93.2
2025-11-10 11:30:00,93.4
2025-11-10 11:32:30,93.6
2025-11-10 11:35:00,93.6
2025-11-10 11:37:30,93.6
2025-11-10 11:40:00,93.6
2025-11-10 11:42:30,93.7
2025-11-10 11:45:00,93.7
2025-11-10 11:47:30,93.7
2025-11-10 11:50:00,93.85
2025-11-10 11:52:30,93.9
2025-11-10 11:55:00,93.80000000000001
2025-11-10 11:57:30,93.9
2025-11-10 12:00:00,94.1
2025-11-10 12:02:30,93.9
2025-11-10 12:05:00,94.1
2025-11-10 12:07:30,94.2
2025-11-10 12:10:00,94.2
2025-11-10 12:12:30,94.3
2025-11-10 12:15:00,94.25
2025-11-10 12:17:30,94.2
2025-11-10 12:20:00,94.2
2025-11-10 12:22:30,94.2
2025-11-10 12:25:00,94.3
2025-11-10 12:27:30,94.3
2025-11-10 12:30:00,94.6
2025-11-10 12:32:30,94.4
2025-11-10 12:35:00,94.8
2025-11-10 12:37:30,94.9
2025-11-10 12:40:00,94.6
2025-11-10 12:42:30,94.9
2025-11-10 12:45:00,94.9
2025-11-10 12:47:30,94.9
2025-11-10 12:50:00,95.0
2025-11-10 12:52:30,95.0
2025-11-10 12:55:00,95.0
2025-11-10 12:57:30,95.2
2025-11-10 13:00:00,95.2
2025-11-10 13:02:30,95.2
2025-11-10 13:05:00,95.2
2025-11-10 13:07:30,95.2
2025-11-10 13:10:00,95.2
2025-11-10 13:12:30,95.4
2025-11-10 13:15:00,95.5
2025-11-10 13:17:30,95.5
2025-11-10 13:20:00,95.5
2025-11-10 13:22:30,95.5
2025-11-10 13:25:00,95.6
2025-11-10 13:27:30,95.6
2025-11-10 13:30:00,95.6
2025-11-10 13:32:30,95.7
2025-11-10 13:35:00,95.8
2025-11-10 13:37:30,95.7
2025-11-10 13:40:00,95.9
2025-11-10 13:42:30,95.9
2025-11-10 13:45:00,95.8
2025-11-10 13:47:30,96.4
2025-11-10 13:50:00,95.9
2025-11-10 13:52:30,95.7
2025-11-10 13:55:00,96.4
2025-11-10 13:57:30,96.4
2025-11-10 14:00:00,96.65
2025-11-10 14:02:30,96.5
2025-11-10 14:05:00,96.6
2025-11-10 14:07:30,96.6
2025-11-10 14:10:00,96.5
2025-11-10 14:12:30,96.5
2025-11-10 14:15:00,96.5
2025-11-10 14:17:30,96.4
2025-11-10 14:20:00,96.4
2025-11-10 14:22:30,96.6
2025-11-10 14:25:00,96.4
2025-11-10 14:27:30,95.9
2025-11-10 14:30:00,96.4
2025-11-10 14:32:30,96.6
2025-11-10 14:35:00,96.5
2025-11-10 14:37:30,96.5
2025-11-10 14:40:00,96.45
2025-11-10 14:42:30,96.5
2025-11-10 14:45:00,96.5
2025-11-10 14:47:30,96.4
2025-11-10 14:50:00,96.5
2025-11-10 14:52:30,96.4
2025-11-10 14:55:00,96.5
2025-11-10 14:57:30,96.6
2025-11-10 15:00:00,96.5
2025-11-10 15:02:30,96.5
2025-11-10 15:05:00,96.5
2025-11-10 15:07:30,96.4
2025-11-10 15:10:00,96.6
2025-11-10 15:12:30,96.5
2025-11-10 15:15:00,96.5
2025-11-10 15:17:30,96.5
2025-11-10 15:20:00,96.5
2025-11-10 15:22:30,96.5
2025-11-10 15:25:00,96.5
2025-11-10 15:27:30,96.4
2025-11-10 15:30:00,96.5
2025-11-10 15:32:30,96.5
2025-11-10 15:35:00,96.6
2025-11-10 15:37:30,96.5
2025-11-10 15:40:00,96.7
2025-11-10 15:42:30,96.5
2025-11-10 15:45:00,96.6
2025-11-10 15:47:30,96.5
2025-11-10 15:50:00,96.4
2025-11-10 15:52:30,96.5
2025-11-10 15:55:00,96.4
2025-11-10 15:57:30,96.7
2025-11-10 16:00:00,96.5
2025-11-10 16:02:30,96.4
2025-11-10 16:05:00,96.4
2025-11-10 16:07:30,96.15
2025-11-10 16:10:00,96.4
2025-11-10 16:12:30,96.5
2025-11-10 16:15:00,96.4
2025-11-10 16:17:30,96.4
2025-11-10 16:20:00,96.5
2025-11-10 16:22:30,96.5
2025-11-10 16:25:00,96.4
2025-11-10 16:27:30,96.5
2025-11-10 16:30:00,96.4
2025-11-10 16:32:30,96.55
2025-11-10 16:35:00,96.4
2025-11-10 16:37:30,96.4
2025-11-10 16:40:00,96.6
2025-11-10 16:42:30,96.4
2025-11-10 16:45:00,96.5
2025-11-10 16:47:30,96.5
2025-11-10 16:50:00,96.5
2025-11-10 16:52:30,96.5
2025-11-10 16:55:00,96.4
2025-11-10 16:57:30,96.5
2025-11-10 17:00:00,96.4
2025-11-10 17:02:30,96.4
2025-11-10 17:05:00,96.4
2025-11-10 17:07:30,96.4
2025-11-10 17:10:00,96.5
2025-11-10 17:12:30,96.5
2025-11-10 17:15:00,96.5
2025-11-10 17:17:30,96.5
2025-11-10 17:20:00,96.6
2025-11-10 17:22:30,96.5
2025-11-10 17:25:00,96.5
2025-11-10 17:27:30,96.5
2025-11-10 17:30:00,96.65
2025-11-10 17:32:30,96.4
2025-11-10 17:35:00,96.4
2025-11-10 17:37:30,96.5
2025-11-10 17:40:00,96.5
2025-11-10 17:42:30,96.5
2025-11-10 17:45:00,96.5
2025-11-10 17:47:30,96.5
2025-11-10 17:50:00,96.5
2025-11-10 17:52:30,96.5
2025-11-10 17:55:00,96.6
2025-11-10 17:57:30,96.5
2025-11-10 18:00:00,96.5
2025-11-10 18:02:30,96.4
2025-11-10 18:05:00,96.4
2025-11-10 18:07:30,96.4
2025-11-10 18:10:00,96.5
2025-11-10 18:12:30,96.5
2025-11-10 18:15:00,96.4
2025-11-10 18:17:30,96.4
2025-11-10 18:20:00,96.4
2025-11-10 18:22:30,96.4
2025-11-10 18:25:00,96.5
2025-11-10 18:27:30,95.9
2025-11-10 18:30:00,96.5
2025-11-10 18:32:30,96.5
2025-11-10 18:35:00,96.2
2025-11-10 18:37:30,96.4
2025-11-10 18:40:00,96.6
2025-11-10 18:42:30,96.5
2025-11-10 18:45:00,96.5
2025-11-10 18:47:30,96.5
2025-11-10 18:50:00,96.4
2025-11-10 18:52:30,96.5
2025-11-10 18:55:00,96.5
2025-11-10 18:57:30,96.6
2025-11-10 19:00:00,96.5
2025-11-10 19:02:30,96.5
2025-11-10 19:05:00,96.5
2025-11-10 19:07:30,96.5
2025-11-10 19:10:00,96.4
2025-11-10 19:12:30,96.4
2025-11-10 19:15:00,96.5
2025-11-10 19:17:30,96.5
2025-11-10 19:20:00,96.5
2025-11-10 19:22:30,96.5
2025-11-10 19:25:00,96.4
2025-11-10 19:27:30,96.4
2025-11-10 19:30:00,96.4
2025-11-10 19:32:30,96.4
2025-11-10 19:35:00,96.4
2025-11-10 19:37:30,96.4
2025-11-10 19:40:00,96.4
2025-11-10 19:42:30,96.5
2025-11-10 19:45:00,96.6
2025-11-10 19:47:30,96.5
2025-11-10 19:50:00,95.9
2025-11-10 19:52:30,96.4
2025-11-10 19:55:00,96.5
2025-11-10 19:57:30,95.5
2025-11-10 20:00:00,95.9
2025-11-10 20:02:30,96.5
2025-11-10 20:05:00,95.9
2025-11-10 20:07:30,96.5
2025-11-10 20:10:00,95.9
2025-11-10 20:12:30,96.4
2025-11-10 20:15:00,95.9
2025-11-10 20:17:30,96.4
2025-11-10 20:20:00,96.6
2025-11-10 20:22:30,96.5
2025-11-10 20:25:00,96.4
2025-11-10 20:27:30,95.7
2025-11-10 20:30:00,96.5
2025-11-10 20:32:30,96.4
2025-11-10 20:35:00,95.9
2025-11-10 20:37:30,95.9
2025-11-10 20:40:00,95.7
2025-11-10 20:42:30,95.9
2025-11-10 20:45:00,95.9
2025-11-10 20:47:30,95.9
2025-11-10 20:50:00,95.9
2025-11-10 20:52:30,95.9
2025-11-10 20:55:00,95.9
2025-11-10 20:57:30,95.9
2025-11-10 21:00:00,95.9
2025-11-10 21:02:30,95.9
2025-11-10 21:05:00,95.9
2025-11-10 21:07:30,95.9
2025-11-10 21:10:00,95.9
2025-11-10 21:12:30,95.9
2025-11-10 21:15:00,95.9
2025-11-10 21:17:30,95.9
2025-11-10 21:20:00,95.9
2025-11-10 21:22:30,96.4
2025-11-10 21:25:00,95.9
2025-11-10 21:27:30,96.4
2025-11-10 21:30:00,96.5
2025-11-10 21:32:30,96.5
2025-11-10 21:35:00,96.4
2025-11-10 21:37:30,96.15
2025-11-10 21:40:00,96.4
2025-11-10 21:42:30,95.8
2025-11-10 21:45:00,95.9
2025-11-10 21:47:30,96.4
2025-11-10 21:50:00,96.6
2025-11-10 21:52:30,95.9
2025-11-10 21:55:00,95.5
2025-11-10 21:57:30,95.9
2025-11-10 22:00:00,95.9
2025-11-10 22:02:30,96.15
2025-11-10 22:05:00,96.4
2025-11-10 22:07:30,96.4
2025-11-10 22:10:00,96.4
2025-11-10 22:12:30,96.4
2025-11-10 22:15:00,95.9
2025-11-10 22:17:30,95.9
2025-11-10 22:20:00,96.5
2025-11-10 22:22:30,95.9
2025-11-10 22:25:00,96.2
2025-11-10 22:27:30,95.9
2025-11-10 22:30:00,96.5
2025-11-10 22:32:30,95.9
2025-11-10 22:35:00,96.4
2025-11-10 22:37:30,96.4
2025-11-10 22:40:00,95.9
2025-11-10 22:42:30,96.4
2025-11-10 22:45:00,96.4
2025-11-10 22:47:30,95.9
2025-11-10 22:50:00,95.9
2025-11-10 22:52:30,95.9
2025-11-10 22:55:00,95.9
2025-11-10 22:57:30,95.9
2025-11-10 23:00:00,95.9
2025-11-10 23:02:30,95.9
2025-11-10 23:05:00,95.7
2025-11-10 23:07:30,96.4
2025-11-10 23:10:00,96.4
2025-11-10 23:12:30,96.15
2025-11-10 23:15:00,96.4
2025-11-10 23:17:30,96.4
2025-11-10 23:20:00,95.9
2025-11-10 23:22:30,95.9
2025-11-10 23:25:00,95.9
2025-11-10 23:27:30,95.9
2025-11-10 23:30:00,95.9
2025-11-10 23:32:30,95.9
2025-11-10 23:35:00,95.9
2025-11-10 23:37:30,95.9
2025-11-10 23:40:00,95.9
2025-11-10 23:42:30,95.9
2025-11-10 23:45:00,96.1
2025-11-10 23:47:30,95.8
2025-11-10 23:50:00,95.9
2025-11-10 23:52:30,95.9
2025-11-10 23:55:00,95.9
2025-11-10 23:57:30,95.9
2025-11-11 00:00:00,95.9
2025-11-11 00:02:30,95.9
2025-11-11 00:05:00,95.9
2025-11-11 00:07:30,95.9
2025-11-11 00:10:00,95.9
2025-11-11 00:12:30,95.9
2025-11-11 00:15:00,95.9
2025-11-11 00:17:30,95.9
2025-11-11 00:20:00,95.9
2025-11-11 00:22:30,95.9
2025-11-11 00:25:00,95.85
2025-11-11 00:27:30,95.80000000000001
2025-11-11 00:30:00,95.7
2025-11-11 00:32:30,95.7
2025-11-11 00:35:00,95.7
2025-11-11 00:37:30,95.7
2025-11-11 00:40:00,95.69999999999999
2025-11-11 00:42:30,95.7
2025-11-11 00:45:00,95.7
2025-11-11 00:47:30,95.8
2025-11-11 00:50:00,95.7
2025-11-11 00:52:30,95.9
2025-11-11 00:55:00,95.8
2025-11-11 00:57:30,95.9
2025-11-11 01:00:00,95.8
2025-11-11 01:02:30,95.8
2025-11-11 01:05:00,95.9
2025-11-11 01:07:30,95.75
2025-11-11 01:10:00,95.8
2025-11-11 01:12:30,95.8
2025-11-11 01:15:00,95.8
2025-11-11 01:17:30,95.7
2025-11-11 01:20:00,95.7
2025-11-11 01:22:30,95.9
2025-11-11 01:25:00,95.8
2025-11-11 01:27:30,95.9
2025-11-11 01:30:00,95.9
2025-11-11 01:32:30,95.9
2025-11-11 01:35:00,95.7
2025-11-11 01:37:30,95.8
2025-11-11 01:40:00,95.8
2025-11-11 01:42:30,95.9
2025-11-11 01:45:00,95.9
2025-11-11 01:47:30,95.8
2025-11-11 01:50:00,95.4
2025-11-11 01:52:30,95.75
2025-11-11 01:55:00,95.8
2025-11-11 01:57:30,95.9
2025-11-11 02:00:00,95.9
2025-11-11 02:02:30,95.7
2025-11-11 02:05:00,95.7
2025-11-11 02:07:30,95.7
2025-11-11 02:10:00,95.8
2025-11-11 02:12:30,95.8
2025-11-11 02:15:00,95.7
2025-11-11 02:17:30,95.8
2025-11-11 02:20:00,96.1
2025-11-11 02:22:30,95.6
2025-11-11 02:25:00,95.80000000000001
2025-11-11 02:27:30,95.8
2025-11-11 02:30:00,95.9
2025-11-11 02:32:30,95.6
2025-11-11 02:35:00,95.9
2025-11-11 02:37:30,95.9
2025-11-11 02:40:00,95.7
2025-11-11 02:42:30,95.8
2025-11-11 02:45:00,95.7
2025-11-11 02:47:30,95.8
2025-11-11 02:50:00,95.9
2025-11-11 02:52:30,95.80000000000001
2025-11-11 02:55:00,95.7
2025-11-11 02:57:30,95.7
2025-11-11 03:00:00,95.9
2025-11-11 03:02:30,95.8
2025-11-11 03:05:00,95.7
2025-11-11 03:07:30,95.7
2025-11-11 03:10:00,95.9
2025-11-11 03:12:30,95.7
2025-11-11 03:15:00,95.7
2025-11-11 03:17:30,95.9
2025-11-11 03:20:00,95.8
2025-11-11 03:22:30,95.7
2025-11-11 03:25:00,95.75
2025-11-11 03:27:30,95.7
2025-11-11 03:30:00,95.7
2025-11-11 03:32:30,95.5
2025-11-11 03:35:00,95.6
2025-11-11 03:37:30,95.6
2025-11-11 03:40:00,95.6
2025-11-11 03:42:30,95.6
2025-11-11 03:45:00,95.6
2025-11-11 03:47:30,95.6
2025-11-11 03:50:00,95.7
2025-11-11 03:52:30,95.7
2025-11-11 03:55:00,95.7
2025-11-11 03:57:30,95.7
2025-11-11 04:00:00,95.7
2025-11-11 04:02:30,95.7
2025-11-11 04:05:00,95.7
2025-11-11 04:07:30,95.7
2025-11-11 04:10:00,95.7
2025-11-11 04:12:30,95.7
2025-11-11 04:15:00,95.7
2025-11-11 04:17:30,95.6
2025-11-11 04:20:00,95.7
2025-11-11 04:22:30,95.7
2025-11-11 04:25:00,95.7
2025-11-11 04:27:30,95.7
2025-11-11 04:30:00,95.7
2025-11-11 04:32:30,95.65
2025-11-11 04:35:00,95.7
2025-11-11 04:37:30,95.6
2025-11-11 04:40:00,95.7
2025-11-11 04:42:30,95.6
2025-11-11 04:45:00,95.9
2025-11-11 04:47:30,95.8
2025-11-11 04:50:00,95.7
2025-11-11 04:52:30,95.5
2025-11-11 04:55:00,95.7
2025-11-11 04:57:30,95.7
2025-11-11 05:00:00,95.5
2025-11-11 05:02:30,95.5
2025-11-11 05:05:00,95.6
2025-11-11 05:07:30,95.6
2025-11-11 05:10:00,95.6
2025-11-11 05:12:30,95.5
2025-11-11 05:15:00,95.5
2025-11-11 05:17:30,95.5
2025-11-11 05:20:00,95.7
2025-11-11 05:22:30,95.6
2025-11-11 05:25:00,95.6
2025-11-11 05:27:30,95.6
2025-11-11 05:30:00,95.7
2025-11-11 05:32:30,95.5
2025-11-11 05:35:00,95.4
2025-11-11 05:37:30,95.5
2025-11-11 05:40:00,95.5
2025-11-11 05:42:30,95.5
2025-11-11 05:45:00,95.5
2025-11-11 05:47:30,95.5
2025-11-11 05:50:00,95.4
2025-11-11 05:52:30,95.5
2025-11-11 05:55:00,95.1
2025-11-11 05:57:30,95.3
2025-11-11 06:00:00,95.2
2025-11-11 06:02:30,95.2
2025-11-11 06:05:00,95.5
2025-11-11 06:07:30,95.2
2025-11-11 06:10:00,95.2
2025-11-11 06:12:30,95.2
2025-11-11 06:15:00,95.2
2025-11-11 06:17:30,95.2
2025-11-11 06:20:00,95.2
2025-11-11 06:22:30,95.2
2025-11-11 06:25:00,95.2
2025-11-11 06:27:30,95.1
2025-11-11 06:30:00,95.05
2025-11-11 06:32:30,95.0
2025-11-11 06:35:00,95.0
2025-11-11 06:37:30,95.0
2025-11-11 06:40:00,95.0
2025-11-11 06:42:30,95.0
2025-11-11 06:45:00,95.0
2025-11-11 06:47:30,95.0
2025-11-11 06:50:00,95.0
2025-11-11 06:52:30,95.0
2025-11-11 06:55:00,95.0
2025-11-11 06:57:30,95.0
2025-11-11 07:00:00,94.9
2025-11-11 07:02:30,95.1
2025-11-11 07:05:00,95.0
2025-11-11 07:07:30,94.6
2025-11-11 07:10:00,94.6
2025-11-11 07:12:30,94.6
2025-11-11 07:15:00,94.9
2025-11-11 07:17:30,94.6
2025-11-11 07:20:00,94.8
2025-11-11 07:22:30,94.4
2025-11-11 07:25:00,94.6
2025-11-11 07:27:30,94.6
2025-11-11 07:30:00,94.5
2025-11-11 07:32:30,94.6
2025-11-11 07:35:00,94.6
2025-11-11 07:37:30,94.5
2025-11-11 07:40:00,94.5
2025-11-11 07:42:30,94.4
2025-11-11 07:45:00,94.5
2025-11-11 07:47:30,94.4
2025-11-11 07:50:00,94.5
2025-11-11 07:52:30,94.3
2025-11-11 07:55:00,94.3
2025-11-11 07:57:30,94.3
2025-11-11 08:00:00,94.25
2025-11-11 08:02:30,94.2
2025-11-11 08:05:00,94.2
2025-11-11 08:07:30,94.2
2025-11-11 08:10:00,94.2
2025-11-11 08:12:30,94.1
2025-11-11 08:15:00,94.3
2025-11-11 08:17:30,94.1
2025-11-11 08:20:00,94.1
2025-11-11 08:22:30,94.2
2025-11-11 08:25:00,94.2
2025-11-11 08:27:30,94.0
2025-11-11 08:30:00,94.1
2025-11-11 08:32:30,94.15
2025-11-11 08:35:00,93.9
2025-11-11 08:37:30,93.9
2025-11-11 08:40:00,93.8
2025-11-11 08:42:30,94.1
2025-11-11 08:45:00,94.1
2025-11-11 08:47:30,94.1
2025-11-11 08:50:00,94.1
2025-11-11 08:52:30,93.7
2025-11-11 08:55:00,93.9
2025-11-11 08:57:30,93.8
2025-11-11 09:00:00,93.7
2025-11-11 09:02:30,93.95
2025-11-11 09:05:00,93.7
2025-11-11 09:07:30,93.9
2025-11-11 09:10:00,94.1
2025-11-11 09:12:30,93.9
2025-11-11 09:15:00,93.9
2025-11-11 09:17:30,93.9
2025-11-11 09:20:00,93.9
2025-11-11 09:22:30,93.9
2025-11-11 09:25:00,93.9
2025-11-11 09:27:30,93.9
2025-11-11 09:30:00,93.9
2025-11-11 09:32:30,93.9
2025-11-11 09:35:00,93.7
2025-11-11 09:37:30,93.8
2025-11-11 09:40:00,93.9
2025-11-11 09:42:30,93.7
2025-11-11 09:45:00,94.0
2025-11-11 09:47:30,94.1
2025-11-11 09:50:00,93.8
2025-11-11 09:52:30,93.9
2025-11-11 09:55:00,93.8
2025-11-11 09:57:30,93.9
2025-11-11 10:00:00,93.9
2025-11-11 10:02:30,93.94999999999999
2025-11-11 10:05:00,93.9
2025-11-11 10:07:30,93.9
2025-11-11 10:10:00,93.7
2025-11-11 10:12:30,93.8
2025-11-11 10:15:00,93.7
2025-11-11 10:17:30,93.7
2025-11-11 10:20:00,93.7
2025-11-11 10:22:30,93.9
2025-11-11 10:25:00,93.8
2025-11-11 10:27:30,93.8
2025-11-11 10:30:00,93.9
2025-11-11 10:32:30,93.9
2025-11-11 10:35:00,93.85
2025-11-11 10:37:30,93.8
2025-11-11 10:40:00,93.7
2025-11-11 10:42:30,93.9
2025-11-11 10:45:00,93.7
2025-11-11 10:47:30,93.7
2025-11-11 10:50:00,93.9
2025-11-11 10:52:30,93.8
2025-11-11 10:55:00,93.7
2025-11-11 10:57:30,93.9
2025-11-11 11:00:00,93.7
2025-11-11 11:02:30,93.9
2025-11-11 11:05:00,94.0
2025-11-11 11:07:30,94.0
2025-11-11 11:10:00,94.1
2025-11-11 11:12:30,94.1
2025-11-11 11:15:00,94.1
2025-11-11 11:17:30,94.2
2025-11-11 11:20:00,94.2
2025-11-11 11:22:30,94.2
2025-11-11 11:25:00,94.2
2025-11-11 11:27:30,94.4
2025-11-11 11:30:00,94.5
2025-11-11 11:32:30,94.55
2025-11-11 11:35:00,94.6
2025-11-11 11:37:30,94.6
2025-11-11 11:40:00,94.6
2025-11-11 11:42:30,94.9
2025-11-11 11:45:00,94.9
2025-11-11 11:47:30,94.95
2025-11-11 11:50:00,94.9
2025-11-11 11:52:30,95.0
2025-11-11 11:55:00,94.9
2025-11-11 11:57:30,95.0
2025-11-11 12:00:00,95.15
2025-11-11 12:02:30,95.2
2025-11-11 12:05:00,95.30000000000001
2025-11-11 12:07:30,95.0
2025-11-11 12:10:00,95.4
2025-11-11 12:12:30,95.3
2025-11-11 12:15:00,95.4
2025-11-11 12:17:30,95.4
2025-11-11 12:20:00,95.4
2025-11-11 12:22:30,95.7
2025-11-11 12:25:00,95.7
2025-11-11 12:27:30,95.7
2025-11-11 12:30:00,95.7
2025-11-11 12:32:30,95.7
2025-11-11 12:35:00,95.7
2025-11-11 12:37:30,95.8
2025-11-11 12:40:00,95.9
2025-11-11 12:42:30,95.7
2025-11-11 12:45:00,95.9
2025-11-11 12:47:30,96.4
2025-11-11 12:50:00,96.4
2025-11-11 12:52:30,96.5
2025-11-11 12:55:00,96.5
2025-11-11 12:57:30,96.7
2025-11-11 13:00:00,96.5
2025-11-11 13:02:30,96.65
2025-11-11 13:05:00,96.5
2025-11-11 13:07:30,96.7
2025-11-11 13:10:00,96.6
2025-11-11 13:12:30,96.8
2025-11-11 13:15:00,96.8
2025-11-11 13:17:30,97.0
2025-11-11 13:20:00,96.8
2025-11-11 13:22:30,96.35
2025-11-11 13:25:00,96.6
2025-11-11 13:27:30,96.9
2025-11-11 13:30:00,97.0
2025-11-11 13:32:30,97.0
2025-11-11 13:35:00,96.9
2025-11-11 13:37:30,97.2
2025-11-11 13:40:00,97.2
2025-11-11 13:42:30,97.3
2025-11-11 13:45:00,97.2
2025-11-11 13:47:30,97.3
2025-11-11 13:50:00,97.3
2025-11-11 13:52:30,97.7
2025-11-11 13:55:00,97.5
2025-11-11 13:57:30,97.5
2025-11-11 14:00:00,97.5
2025-11-11 14:02:30,97.7
2025-11-11 14:05:00,97.7
2025-11-11 14:07:30,97.7
2025-11-11 14:10:00,97.7
2025-11-11 14:12:30,97.7
2025-11-11 14:15:00,97.7
2025-11-11 14:17:30,97.7
2025-11-11 14:20:00,97.7
2025-11-11 14:22:30,97.7
2025-11-11 14:25:00,97.7
2025-11-11 14:27:30,97.7
2025-11-11 14:30:00,97.7
2025-11-11 14:32:30,97.7
2025-11-11 14:35:00,97.7
2025-11-11 14:37:30,97.7
2025-11-11 14:40:00,97.7
2025-11-11 14:42:30,97.7
2025-11-11 14:45:00,97.7
2025-11-11 14:47:30,97.7
2025-11-11 14:50:00,97.7
2025-11-11 14:52:30,97.7
2025-11-11 14:55:00,97.7
2025-11-11 14:57:30,97.7
2025-11-11 15:00:00,97.7
2025-11-11 15:02:30,97.7
2025-11-11 15:05:00,97.7
2025-11-11 15:07:30,97.7
2025-11-11 15:10:00,97.7
2025-11-11 15:12:30,97.7
2025-11-11 15:15:00,97.6
2025-11-11 15:17:30,97.6
2025-11-11 15:20:00,97.6
2025-11-11 15:22:30,97.5
2025-11-11 15:25:00,97.5
2025-11-11 15:27:30,97.5
2025-11-11 15:30:00,97.5
2025-11-11 15:32:30,97.5
2025-11-11 15:35:00,97.5
2025-11-11 15:37:30,97.7
2025-11-11 15:40:00,97.2
2025-11-11 15:42:30,97.7
2025-11-11 15:45:00,96.8
2025-11-11 15:47:30,97.7
2025-11-11 15:50:00,97.5
2025-11-11 15:52:30,97.6
2025-11-11 15:55:00,97.5
2025-11-11 15:57:30,97.6
2025-11-11 16:00:00,97.7
2025-11-11 16:02:30,97.6
2025-11-11 16:05:00,97.7
2025-11-11 16:07:30,97.6
2025-11-11 16:10:00,97.7
2025-11-11 16:12:30,97.5
2025-11-11 16:15:00,97.44999999999999
2025-11-11 16:17:30,97.69999999999999
2025-11-11 16:20:00,97.6
2025-11-11 16:22:30,97.6
2025-11-11 16:25:00,97.7
2025-11-11 16:27:30,97.2
2025-11-11 16:30:00,97.6
2025-11-11 16:32:30,97.7
2025-11-11 16:35:00,97.7
2025-11-11 16:37:30,97.6
2025-11-11 16:40:00,97.5
2025-11-11 16:42:30,97.7
2025-11-11 16:45:00,97.25
2025-11-11 16:47:30,97.6
2025-11-11 16:50:00,97.7
2025-11-11 16:52:30,97.6
2025-11-11 16:55:00,97.6
2025-11-11 16:57:30,97.2
2025-11-11 17:00:00,97.4
2025-11-11 17:02:30,97.4
2025-11-11 17:05:00,97.5
2025-11-11 17:07:30,97.7
2025-11-11 17:10:00,97.7
2025-11-11 17:12:30,97.5
2025-11-11 17:15:00,97.7
2025-11-11 17:17:30,97.5
2025-11-11 17:20:00,97.69999999999999
2025-11-11 17:22:30,97.55
2025-11-11 17:25:00,97.6
2025-11-11 17:27:30,97.4
2025-11-11 17:30:00,97.5
2025-11-11 17:32:30,97.6
2025-11-11 17:35:00,97.7
2025-11-11 17:37:30,97.7
2025-11-11 17:40:00,97.6
2025-11-11 17:42:30,97.7
2025-11-11 17:45:00,97.4
2025-11-11 17:47:30,97.7
2025-11-11 17:50:00,97.55
2025-11-11 17:52:30,97.6
2025-11-11 17:55:00,97.4
2025-11-11 17:57:30,97.5
2025-11-11 18:00:00,97.7
2025-11-11 18:02:30,97.5
2025-11-11 18:05:00,97.5
2025-11-11 18:07:30,97.5
2025-11-11 18:10:00,97.55
2025-11-11 18:12:30,97.7
2025-11-11 18:15:00,97.6
2025-11-11 18:17:30,97.7
2025-11-11 18:20:00,97.7
2025-11-11 18:22:30,97.7
2025-11-11 18:25:00,97.7
2025-11-11 18:27:30,97.7
2025-11-11 18:30:00,97.7
2025-11-11 18:32:30,97.7
2025-11-11 18:35:00,97.7
2025-11-11 18:37:30,97.7
2025-11-11 18:40:00,97.7
2025-11-11 18:42:30,97.7
2025-11-11 18:45:00,97.7
2025-11-11 18:47:30,97.4
2025-11-11 18:50:00,97.55000000000001
2025-11-11 18:52:30,97.5
2025-11-11 18:55:00,97.65
2025-11-11 18:57:30,97.2
2025-11-11 19:00:00,97.7
2025-11-11 19:02:30,97.5
2025-11-11 19:05:00,97.4
2025-11-11 19:07:30,97.7
2025-11-11 19:10:00,97.5
2025-11-11 19:12:30,97.7
2025-11-11 19:15:00,97.5
2025-11-11 19:17:30,97.7
2025-11-11 19:20:00,97.7
2025-11-11 19:22:30,97.45
2025-11-11 19:25:00,97.6
2025-11-11 19:27:30,97.2
2025-11-11 19:30:00,97.5
2025-11-11 19:32:30,97.5
2025-11-11 19:35:00,97.5
2025-11-11 19:37:30,97.5
2025-11-11 19:40:00,97.5
2025-11-11 19:42:30,97.5
2025-11-11 19:45:00,97.5
2025-11-11 19:47:30,97.5
2025-11-11 19:50:00,97.5
2025-11-11 19:52:30,97.5
2025-11-11 19:55:00,97.5
2025-11-11 19:57:30,97.5
2025-11-11 20:00:00,97.5
2025-11-11 20:02:30,97.5
2025-11-11 20:05:00,97.5
2025-11-11 20:07:30,97.6
2025-11-11 20:10:00,97.5
2025-11-11 20:12:30,97.5
2025-11-11 20:15:00,97.6
2025-11-11 20:17:30,97.7
2025-11-11 20:20:00,97.4
2025-11-11 20:22:30,97.2
2025-11-11 20:25:00,97.5
2025-11-11 20:27:30,97.5
2025-11-11 20:30:00,97.6
2025-11-11 20:32:30,97.6
2025-11-11 20:35:00,97.2
2025-11-11 20:37:30,97.3
2025-11-11 20:40:00,97.5
2025-11-11 20:42:30,97.4
2025-11-11 20:45:00,97.2
2025-11-11 20:47:30,97.5
2025-11-11 20:50:00,97.9
2025-11-11 20:52:30,97.5
2025-11-11 20:55:00,97.45
2025-11-11 20:57:30,97.45
2025-11-11 21:00:00,97.2
2025-11-11 21:02:30,97.45
2025-11-11 21:05:00,97.6
2025-11-11 21:07:30,97.5
2025-11-11 21:10:00,97.4
2025-11-11 21:12:30,97.2
2025-11-11 21:15:00,97.4
2025-11-11 21:17:30,97.6
2025-11-11 21:20:00,97.2
2025-11-11 21:22:30,97.2
2025-11-11 21:25:00,97.5
2025-11-11 21:27:30,97.2
2025-11-11 21:30:00,97.45
2025-11-11 21:32:30,97.4
2025-11-11 21:35:00,97.45
2025-11-11 21:37:30,97.35
2025-11-11 21:40:00,97.5
2025-11-11 21:42:30,97.2
2025-11-11 21:45:00,97.2
2025-11-11 21:47:30,97.5
2025-11-11 21:50:00,97.4
2025-11-11 21:52:30,97.2
2025-11-11 21:55:00,97.5
2025-11-11 21:57:30,97.5
2025-11-11 22:00:00,97.2
2025-11-11 22:02:30,97.6
2025-11-11 22:05:00,97.2
2025-11-11 22:07:30,97.45
2025-11-11 22:10:00,97.2
2025-11-11 22:12:30,97.0
2025-11-11 22:15:00,97.5
2025-11-11 22:17:30,97.2
2025-11-11 22:20:00,97.1
2025-11-11 22:22:30,97.4
2025-11-11 22:25:00,97.5
2025-11-11 22:27:30,97.4
2025-11-11 22:30:00,97.4
2025-11-11 22:32:30,97.4
2025-11-11 22:35:00,97.5
2025-11-11 22:37:30,97.35
2025-11-11 22:40:00,97.4
2025-11-11 22:42:30,97.2
2025-11-11 22:45:00,97.5
2025-11-11 22:47:30,97.5
2025-11-11 22:50:00,97.3
2025-11-11 22:52:30,97.7
2025-11-11 22:55:00,97.1
2025-11-11 22:57:30,97.2
2025-11-11 23:00:00,97.5
2025-11-11 23:02:30,97.2
2025-11-11 23:05:00,97.2
2025-11-11 23:07:30,97.7
2025-11-11 23:10:00,97.5
2025-11-11 23:12:30,97.5
2025-11-11 23:15:00,97.1
2025-11-11 23:17:30,97.6
2025-11-11 23:20:00,97.4
2025-11-11 23:22:30,97.4
2025-11-11 23:25:00,97.4
2025-11-11 23:27:30,97.3
2025-11-11 23:30:00,97.4
2025-11-11 23:32:30,97.4
2025-11-11 23:35:00,97.3
2025-11-11 23:37:30,97.25
2025-11-11 23:40:00,97.3
2025-11-11 23:42:30,97.5
2025-11-11 23:45:00,97.5
2025-11-11 23:47:30,97.5
2025-11-11 23:50:00,97.1
2025-11-11 23:52:30,97.2
2025-11-11 23:55:00,97.1
2025-11-11 23:57:30,97.2
2025-11-12 00:00:00,97.5
2025-11-12 00:02:30,97.6
2025-11-12 00:05:00,97.3
2025-11-12 00:07:30,97.6
2025-11-12 00:10:00,97.45
2025-11-12 00:12:30,97.0
2025-11-12 00:15:00,97.2
2025-11-12 00:17:30,97.2
2025-11-12 00:20:00,97.5
2025-11-12 00:22:30,97.3
2025-11-12 00:25:00,97.2
2025-11-12 00:27:30,97.4
2025-11-12 00:30:00,97.2
2025-11-12 00:32:30,97.5
2025-11-12 00:35:00,97.2
2025-11-12 00:37:30,97.3
2025-11-12 00:40:00,97.1
2025-11-12 00:42:30,96.8
2025-11-12 00:45:00,97.2
2025-11-12 00:47:30,97.4
2025-11-12 00:50:00,97.2
2025-11-12 00:52:30,97.2
2025-11-12 00:55:00,97.55000000000001
2025-11-12 00:57:30,97.2
2025-11-12 01:00:00,97.3
2025-11-12 01:02:30,97.3
2025-11-12 01:05:00,97.2
2025-11-12 01:07:30,97.1
2025-11-12 01:10:00,97.2
2025-11-12 01:12:30,97.3
2025-11-12 01:15:00,97.4
2025-11-12 01:17:30,97.2
2025-11-12 01:20:00,97.5
2025-11-12 01:22:30,97.4
2025-11-12 01:25:00,97.1
2025-11-12 01:27:30,97.0
2025-11-12 01:30:00,97.2
2025-11-12 01:32:30,97.2
2025-11-12 01:35:00,97.05
2025-11-12 01:37:30,97.2
2025-11-12 01:40:00,97.2
2025-11-12 01:42:30,97.1
2025-11-12 01:45:00,96.9
2025-11-12 01:47:30,97.1
2025-11-12 01:50:00,96.8
2025-11-12 01:52:30,97.5
2025-11-12 01:55:00,97.1
2025-11-12 01:57:30,97.5
2025-11-12 02:00:00,97.2
2025-11-12 02:02:30,97.1
2025-11-12 02:05:00,97.35
2025-11-12 02:07:30,97.2
2025-11-12 02:10:00,97.2
2025-11-12 02:12:30,97.2
2025-11-12 02:15:00,97.1
2025-11-12 02:17:30,97.0
2025-11-12 02:20:00,97.0
2025-11-12 02:22:30,97.0
2025-11-12 02:25:00,97.1
2025-11-12 02:27:30,97.2
2025-11-12 02:30:00,97.1
2025-11-12 02:32:30,96.8
2025-11-12 02:35:00,97.5
2025-11-12 02:37:30,97.0
2025-11-12 02:40:00,97.2
2025-11-12 02:42:30,97.5
2025-11-12 02:45:00,97.2
2025-11-12 02:47:30,97.2
2025-11-12 02:50:00,97.0
2025-11-12 02:52:30,97.2
2025-11-12 02:55:00,97.0
2025-11-12 02:57:30,97.2
2025-11-12 03:00:00,96.9
2025-11-12 03:02:30,97.1
2025-11-12 03:05:00,97.5
2025-11-12 03:07:30,97.2
2025-11-12 03:10:00,97.0
2025-11-12 03:12:30,97.2
2025-11-12 03:15:00,97.5
2025-11-12 03:17:30,97.1
2025-11-12 03:20:00,97.2
2025-11-12 03:22:30,97.6
2025-11-12 03:25:00,97.0
2025-11-12 03:27:30,97.5
2025-11-12 03:30:00,97.5
2025-11-12 03:32:30,97.5
2025-11-12 03:35:00,97.2
2025-11-12 03:37:30,97.5
2025-11-12 03:40:00,97.2
2025-11-12 03:42:30,96.94999999999999
2025-11-12 03:45:00,96.8
2025-11-12 03:47:30,97.2
2025-11-12 03:50:00,97.4
2025-11-12 03:52:30,97.5
2025-11-12 03:55:00,97.2
2025-11-12 03:57:30,97.2
2025-11-12 04:00:00,97.2
2025-11-12 04:02:30,97.2
2025-11-12 04:05:00,97.2
2025-11-12 04:07:30,97.2
2025-11-12 04:10:00,97.2
2025-11-12 04:12:30,97.2
2025-11-12 04:15:00,97.2
2025-11-12 04:17:30,97.1
2025-11-12 04:20:00,97.1
2025-11-12 04:22:30,97.2
2025-11-12 04:25:00,97.0
2025-11-12 04:27:30,97.0
2025-11-12 04:30:00,97.2
2025-11-12 04:32:30,97.0
2025-11-12 04:35:00,97.0
2025-11-12 04:37:30,97.4
2025-11-12 04:40:00,97.1
2025-11-12 04:42:30,96.8
2025-11-12 04:45:00,97.0
2025-11-12 04:47:30,97.0
2025-11-12 04:50:00,97.2
2025-11-12 04:52:30,97.5
2025-11-12 04:55:00,97.2
2025-11-12 04:57:30,97.1
2025-11-12 05:00:00,96.8
2025-11-12 05:02:30,97.0
2025-11-12 05:05:00,97.1
2025-11-12 05:07:30,97.05
2025-11-12 05:10:00,97.2
2025-11-12 05:12:30,97.0
2025-11-12 05:15:00,97.2
2025-11-12 05:17:30,97.1
2025-11-12 05:20:00,96.9
2025-11-12 05:22:30,97.0
2025-11-12 05:25:00,97.2
2025-11-12 05:27:30,97.0
2025-11-12 05:30:00,96.7
2025-11-12 05:32:30,96.9
2025-11-12 05:35:00,96.8
2025-11-12 05:37:30,97.15
2025-11-12 05:40:00,97.0
2025-11-12 05:42:30,96.8
2025-11-12 05:45:00,97.1
2025-11-12 05:47:30,96.8
2025-11-12 05:50:00,97.0
2025-11-12 05:52:30,97.2
2025-11-12 05:55:00,97.2
2025-11-12 05:57:30,96.9
2025-11-12 06:00:00,97.1
2025-11-12 06:02:30,97.2
2025-11-12 06:05:00,97.0
2025-11-12 06:07:30,97.2
2025-11-12 06:10:00,97.1
2025-11-12 06:12:30,96.75
2025-11-12 06:15:00,97.1
2025-11-12 06:17:30,97.1
2025-11-12 06:20:00,97.2
2025-11-12 06:22:30,96.9
2025-11-12 06:25:00,97.1
2025-11-12 06:27:30,97.0
2025-11-12 06:30:00,97.0
2025-11-12 06:32:30,97.1
2025-11-12 06:35:00,97.1
2025-11-12 06:37:30,97.0
2025-11-12 06:40:00,97.0
2025-11-12 06:42:30,97.0
2025-11-12 06:45:00,97.05000000000001
2025-11-12 06:47:30,97.2
2025-11-12 06:50:00,97.1
2025-11-12 06:52:30,97.0
2025-11-12 06:55:00,97.0
2025-11-12 06:57:30,97.0
2025-11-12 07:00:00,97.0
2025-11-12 07:02:30,97.2
2025-11-12 07:05:00,97.0
2025-11-12 07:07:30,97.0
2025-11-12 07:10:00,97.1
2025-11-12 07:12:30,97.0
2025-11-12 07:15:00,96.7
2025-11-12 07:17:30,97.2
2025-11-12 07:20:00,97.0
2025-11-12 07:22:30,97.1
2025-11-12 07:25:00,96.7
2025-11-12 07:27:30,97.1
2025-11-12 07:30:00,97.1
2025-11-12 07:32:30,97.0
2025-11-12 07:35:00,96.95
2025-11-12 07:37:30,97.1
2025-11-12 07:40:00,97.2
2025-11-12 07:42:30,97.4
2025-11-12 07:45:00,96.65
2025-11-12 07:47:30,97.0
2025-11-12 07:50:00,97.0
2025-11-12 07:52:30,97.0
2025-11-12 07:55:00,97.0
2025-11-12 07:57:30,97.0
2025-11-12 08:00:00,97.0
2025-11-12 08:02:30,96.8
2025-11-12 08:05:00,96.8
2025-11-12 08:07:30,96.8
2025-11-12 08:10:00,96.8
2025-11-12 08:12:30,96.8
2025-11-12 08:15:00,96.8
2025-11-12 08:17:30,96.8
2025-11-12 08:20:00,97.0
2025-11-12 08:22:30,97.1
2025-11-12 08:25:00,96.8
2025-11-12 08:27:30,96.8
2025-11-12 08:30:00,97.0
2025-11-12 08:32:30,97.3
2025-11-12 08:35:00,96.8
2025-11-12 08:37:30,97.0
2025-11-12 08:40:00,96.9
2025-11-12 08:42:30,96.75
2025-11-12 08:45:00,96.9
2025-11-12 08:47:30,97.0
2025-11-12 08:50:00,96.9
2025-11-12 08:52:30,96.8
2025-11-12 08:55:00,96.7
2025-11-12 08:57:30,96.6
2025-11-12 09:00:00,96.8
2025-11-12 09:02:30,96.9
2025-11-12 09:05:00,96.69999999999999
2025-11-12 09:07:30,96.9
2025-11-12 09:10:00,97.0
2025-11-12 09:12:30,97.1
2025-11-12 09:15:00,96.9
2025-11-12 09:17:30,96.8
2025-11-12 09:20:00,96.9
2025-11-12 09:22:30,96.8
2025-11-12 09:25:00,96.8
2025-11-12 09:27:30,97.0
2025-11-12 09:30:00,96.9
2025-11-12 09:32:30,96.8
2025-11-12 09:35:00,97.0
2025-11-12 09:37:30,97.0
2025-11-12 09:40:00,96.9
2025-11-12 09:42:30,96.80000000000001
2025-11-12 09:45:00,96.8
2025-11-12 09:47:30,96.95
2025-11-12 09:50:00,96.9
2025-11-12 09:52:30,96.9
2025-11-12 09:55:00,97.0
2025-11-12 09:57:30,96.8
2025-11-12 10:00:00,96.8
2025-11-12 10:02:30,96.8
2025-11-12 10:05:00,96.8
2025-11-12 10:07:30,96.8
2025-11-12 10:10:00,96.8
2025-11-12 10:12:30,96.8
2025-11-12 10:15:00,96.8
2025-11-12 10:17:30,96.8
2025-11-12 10:20:00,96.8
2025-11-12 10:22:30,96.8
2025-11-12 10:25:00,96.8
2025-11-12 10:27:30,96.8
2025-11-12 10:30:00,96.8
2025-11-12 10:32:30,96.8
2025-11-12 10:35:00,96.8
2025-11-12 10:37:30,97.0
2025-11-12 10:40:00,96.8
2025-11-12 10:42:30,96.8
2025-11-12 10:45:00,96.85
2025-11-12 10:47:30,96.7
2025-11-12 10:50:00,96.9
2025-11-12 10:52:30,96.95
2025-11-12 10:55:00,96.9
2025-11-12 10:57:30,96.8
2025-11-12 11:00:00,96.8
2025-11-12 11:02:30,96.8
2025-11-12 11:05:00,96.9
2025-11-12 11:07:30,96.9
2025-11-12 11:10:00,96.75
2025-11-12 11:12:30,97.0
2025-11-12 11:15:00,97.25
2025-11-12 11:17:30,97.3
2025-11-12 11:20:00,97.3
2025-11-12 11:22:30,97.5
2025-11-12 11:25:00,97.5
2025-11-12 11:27:30,97.5
2025-11-12 11:30:00,97.7
2025-11-12 11:32:30,97.7
2025-11-12 11:35:00,97.7
2025-11-12 11:37:30,97.7
2025-11-12 11:40:00,97.8
2025-11-12 11:42:30,97.9
2025-11-12 11:45:00,97.9
2025-11-12 11:47:30,97.9
2025-11-12 11:50:00,97.9
2025-11-12 11:52:30,98.1
2025-11-12 11:55:00,98.2
2025-11-12 11:57:30,98.0
2025-11-12 12:00:00,98.1
2025-11-12 12:02:30,98.5
2025-11-12 12:05:00,98.1
2025-11-12 12:07:30,98.5
2025-11-12 12:10:00,98.35
2025-11-12 12:12:30,98.1
2025-11-12 12:15:00,98.2
2025-11-12 12:17:30,98.25
2025-11-12 12:20:00,98.5
2025-11-12 12:22:30,98.5
2025-11-12 12:25:00,98.5
2025-11-12 12:27:30,98.8
2025-11-12 12:30:00,98.9
2025-11-12 12:32:30,98.9
2025-11-12 12:35:00,99.0
2025-11-12 12:37:30,99.0
2025-11-12 12:40:00,99.3
2025-11-12 12:42:30,99.30000000000001
2025-11-12 12:45:00,99.1
2025-11-12 12:47:30,99.0
2025-11-12 12:50:00,99.1
2025-11-12 12:52:30,99.2
2025-11-12 12:55:00,99.2
2025-11-12 12:57:30,99.0
2025-11-12 13:00:00,98.9
2025-11-12 13:02:30,99.0
2025-11-12 13:05:00,99.2
2025-11-12 13:07:30,99.0
2025-11-12 13:10:00,99.1
2025-11-12 13:12:30,99.0
2025-11-12 13:15:00,99.0
2025-11-12 13:17:30,99.1
2025-11-12 13:20:00,99.3
2025-11-12 13:22:30,99.3
2025-11-12 13:25:00,99.3
2025-11-12 13:27:30,99.3
2025-11-12 13:30:00,99.4
2025-11-12 13:32:30,99.4
2025-11-12 13:35:00,99.15
2025-11-12 13:37:30,99.3
2025-11-12 13:40:00,99.30000000000001
2025-11-12 13:42:30,99.35
2025-11-12 13:45:00,99.35
2025-11-12 13:47:30,99.35
2025-11-12 13:50:00,99.4
2025-11-12 13:52:30,99.4
2025-11-12 13:55:00,99.6
2025-11-12 13:57:30,99.1
2025-11-12 14:00:00,99.5
2025-11-12 14:02:30,99.1
2025-11-12 14:05:00,99.4
2025-11-12 14:07:30,99.4
2025-11-12 14:10:00,99.35
2025-11-12 14:12:30,99.1
2025-11-12 14:15:00,99.0
2025-11-12 14:17:30,99.1
2025-11-12 14:20:00,99.2
2025-11-12 14:22:30,99.1
2025-11-12 14:25:00,99.1
2025-11-12 14:27:30,99.1
2025-11-12 14:30:00,99.1
2025-11-12 14:32:30,99.15
2025-11-12 14:35:00,99.15
2025-11-12 14:37:30,99.19999999999999
2025-11-12 14:40:00,99.2
2025-11-12 14:42:30,99.2
2025-11-12 14:45:00,99.2
2025-11-12 14:47:30,99.2
2025-11-12 14:50:00,99.3
2025-11-12 14:52:30,99.3
2025-11-12 14:55:00,99.3
2025-11-12 14:57:30,99.3
2025-11-12 15:00:00,99.3
2025-11-12 15:02:30,99.3
2025-11-12 15:05:00,99.3
2025-11-12 15:07:30,99.25
2025-11-12 15:10:00,99.1
2025-11-12 15:12:30,99.30000000000001
2025-11-12 15:15:00,99.2
2025-11-12 15:17:30,99.4
2025-11-12 15:20:00,99.3
2025-11-12 15:22:30,99.1
2025-11-12 15:25:00,99.3
2025-11-12 15:27:30,99.4
2025-11-12 15:30:00,99.1
2025-11-12 15:32:30,99.1
2025-11-12 15:35:00,99.15
2025-11-12 15:37:30,99.3
2025-11-12 15:40:00,99.3
2025-11-12 15:42:30,99.3
2025-11-12 15:45:00,99.2
2025-11-12 15:47:30,99.3
2025-11-12 15:50:00,99.0
2025-11-12 15:52:30,99.2
2025-11-12 15:55:00,99.3
2025-11-12 15:57:30,99.2
2025-11-12 16:00:00,99.0
2025-11-12 16:02:30,99.1
2025-11-12 16:05:00,99.1
2025-11-12 16:07:30,99.0
2025-11-12 16:10:00,98.85
2025-11-12 16:12:30,99.1
2025-11-12 16:15:00,99.35
2025-11-12 16:17:30,99.1
2025-11-12 16:20:00,99.15
2025-11-12 16:22:30,99.3
2025-11-12 16:25:00,99.35
2025-11-12 16:27:30,99.3
2025-11-12 16:30:00,99.1
2025-11-12 16:32:30,99.2
2025-11-12 16:35:00,99.4
2025-11-12 16:37:30,99.0
2025-11-12 16:40:00,99.2
2025-11-12 16:42:30,99.3
2025-11-12 16:45:00,99.19999999999999
2025-11-12 16:47:30,99.2
2025-11-12 16:50:00,99.3
2025-11-12 16:52:30,99.3
2025-11-12 16:55:00,99.6
2025-11-12 16:57:30,99.2
2025-11-12 17:00:00,99.2
2025-11-12 17:02:30,99.3
2025-11-12 17:05:00,99.4
2025-11-12 17:07:30,99.5
2025-11-12 17:10:00,99.4
2025-11-12 17:12:30,99.4
2025-11-12 17:15:00,99.3
2025-11-12 17:17:30,99.4
2025-11-12 17:20:00,99.3
2025-11-12 17:22:30,99.3
2025-11-12 17:25:00,99.4
2025-11-12 17:27:30,99.1
2025-11-12 17:30:00,99.2
2025-11-12 17:32:30,99.2
2025-11-12 17:35:00,99.4
2025-11-12 17:37:30,99.3
2025-11-12 17:40:00,99.4
2025-11-12 17:42:30,99.3
2025-11-12 17:45:00,99.4
2025-11-12 17:47:30,99.2
2025-11-12 17:50:00,99.2
2025-11-12 17:52:30,99.3
2025-11-12 17:55:00,99.45
2025-11-12 17:57:30,99.4
2025-11-12 18:00:00,99.35
2025-11-12 18:02:30,99.3
2025-11-12 18:05:00,99.3
2025-11-12 18:07:30,99.3
2025-11-12 18:10:00,99.3
2025-11-12 18:12:30,99.3
2025-11-12 18:15:00,99.3
2025-11-12 18:17:30,99.3
2025-11-12 18:20:00,99.3
2025-11-12 18:22:30,99.4
2025-11-12 18:25:00,99.2
2025-11-12 18:27:30,99.3
2025-11-12 18:30:00,99.2
2025-11-12 18:32:30,99.0
2025-11-12 18:35:00,99.1
2025-11-12 18:37:30,99.2
2025-11-12 18:40:00,99.30000000000001
2025-11-12 18:42:30,99.2
2025-11-12 18:45:00,99.3
2025-11-12 18:47:30,99.4
2025-11-12 18:50:00,99.2
2025-11-12 18:52:30,99.1
2025-11-12 18:55:00,99.4
2025-11-12 18:57:30,99.1
2025-11-12 19:00:00,99.3
2025-11-12 19:02:30,99.1
2025-11-12 19:05:00,99.1
2025-11-12 19:07:30,99.0
2025-11-12 19:10:00,99.3
2025-11-12 19:12:30,99.35
2025-11-12 19:15:00,99.4
2025-11-12 19:17:30,99.4
2025-11-12 19:20:00,99.4
2025-11-12 19:22:30,99.1
2025-11-12 19:25:00,99.2
2025-11-12 19:27:30,99.3
2025-11-12 19:30:00,99.3
2025-11-12 19:32:30,99.3
2025-11-12 19:35:00,98.9
2025-11-12 19:37:30,99.2
2025-11-12 19:40:00,99.3
2025-11-12 19:42:30,99.1
2025-11-12 19:45:00,99.0
2025-11-12 19:47:30,99.1
2025-11-12 19:50:00,99.15
2025-11-12 19:52:30,99.2
2025-11-12 19:55:00,99.1
2025-11-12 19:57:30,99.1
2025-11-12 20:00:00,98.9
2025-11-12 20:02:30,99.1
2025-11-12 20:05:00,99.1
2025-11-12 20:07:30,99.2
2025-11-12 20:10:00,99.4
2025-11-12 20:12:30,99.3
2025-11-12 20:15:00,99.3
2025-11-12 20:17:30,99.3
2025-11-12 20:20:00,99.1
2025-11-12 20:22:30,98.94999999999999
2025-11-12 20:25:00,99.05000000000001
2025-11-12 20:27:30,99.3
2025-11-12 20:30:00,99.3
2025-11-12 20:32:30,99.2
2025-11-12 20:35:00,99.3
2025-11-12 20:37:30,99.3
2025-11-12 20:40:00,99.2
2025-11-12 20:42:30,99.2
2025-11-12 20:45:00,99.0
2025-11-12 20:47:30,99.2
2025-11-12 20:50:00,99.0
2025-11-12 20:52:30,99.2
2025-11-12 20:55:00,99.3
2025-11-12 20:57:30,99.3
2025-11-12 21:00:00,99.1
2025-11-12 21:02:30,99.2
2025-11-12 21:05:00,99.2
2025-11-12 21:07:30,99.1
2025-11-12 21:10:00,99.25
2025-11-12 21:12:30,99.05
2025-11-12 21:15:00,99.2
2025-11-12 21:17:30,99.1
2025-11-12 21:20:00,99.35
2025-11-12 21:22:30,99.2
2025-11-12 21:25:00,99.1
2025-11-12 21:27:30,99.1
2025-11-12 21:30:00,99.3
2025-11-12 21:32:30,99.1
2025-11-12 21:35:00,99.1
2025-11-12 21:37:30,99.1
2025-11-12 21:40:00,99.1
2025-11-12 21:42:30,99.1
2025-11-12 21:45:00,99.1
2025-11-12 21:47:30,99.1
2025-11-12 21:50:00,99.1
2025-11-12 21:52:30,99.1
2025-11-12 21:55:00,99.1
2025-11-12 21:57:30,99.1
2025-11-12 22:00:00,99.1
2025-11-12 22:02:30,99.1
2025-11-12 22:05:00,99.1
2025-11-12 22:07:30,99.1
2025-11-12 22:10:00,99.1
2025-11-12 22:12:30,99.1
2025-11-12 22:15:00,99.1
2025-11-12 22:17:30,99.1
2025-11-12 22:20:00,99.3
2025-11-12 22:22:30,99.1
2025-11-12 22:25:00,99.1
2025-11-12 22:27:30,99.15
2025-11-12 22:30:00,99.1
2025-11-12 22:32:30,99.1
2025-11-12 22:35:00,99.1
2025-11-12 22:37:30,99.0
2025-11-12 22:40:00,99.2
2025-11-12 22:42:30,99.15
2025-11-12 22:45:00,99.1
2025-11-12 22:47:30,99.1
2025-11-12 22:50:00,99.0
2025-11-12 22:52:30,99.1
2025-11-12 22:55:00,99.1
2025-11-12 22:57:30,99.15
2025-11-12 23:00:00,99.1
2025-11-12 23:02:30,99.2
2025-11-12 23:05:00,99.3
2025-11-12 23:07:30,99.2
2025-11-12 23:10:00,99.4
2025-11-12 23:12:30,99.15
2025-11-12 23:15:00,99.2
2025-11-12 23:17:30,99.1
2025-11-12 23:20:00,99.3
2025-11-12 23:22:30,99.2
2025-11-12 23:25:00,99.3
2025-11-12 23:27:30,99.1
2025-11-12 23:30:00,99.1
2025-11-12 23:32:30,99.2
2025-11-12 23:35:00,99.1
2025-11-12 23:37:30,99.15
2025-11-12 23:40:00,99.0
2025-11-12 23:42:30,99.1
2025-11-12 23:45:00,99.3
2025-11-12 23:47:30,99.1
2025-11-12 23:50:00,98.8
2025-11-12 23:52:30,99.1
2025-11-12 23:55:00,98.8
2025-11-12 23:57:30,99.0
2025-11-13 00:00:00,99.1
2025-11-13 00:02:30,99.2
2025-11-13 00:05:00,99.3
2025-11-13 00:07:30,99.05
2025-11-13 00:10:00,99.0
2025-11-13 00:12:30,99.0
2025-11-13 00:15:00,99.3
2025-11-13 00:17:30,99.1
2025-11-13 00:20:00,99.45
2025-11-13 00:22:30,99.1
2025-11-13 00:25:00,99.1
2025-11-13 00:27:30,99.0
2025-11-13 00:30:00,99.1
2025-11-13 00:32:30,99.1
2025-11-13 00:35:00,99.1
2025-11-13 00:37:30,99.1
2025-11-13 00:40:00,99.0
2025-11-13 00:42:30,99.1
2025-11-13 00:45:00,99.1
2025-11-13 00:47:30,99.3
2025-11-13 00:50:00,99.0
2025-11-13 00:52:30,99.1
2025-11-13 00:55:00,99.3
2025-11-13 00:57:30,99.1
2025-11-13 01:00:00,99.3
2025-11-13 01:02:30,99.2
2025-11-13 01:05:00,99.1
2025-11-13 01:07:30,99.3
2025-11-13 01:10:00,99.2
2025-11-13 01:12:30,99.1
2025-11-13 01:15:00,99.0
2025-11-13 01:17:30,99.4
2025-11-13 01:20:00,99.3
2025-11-13 01:22:30,99.3
2025-11-13 01:25:00,98.8
2025-11-13 01:27:30,99.1
2025-11-13 01:30:00,99.1
2025-11-13 01:32:30,99.1
2025-11-13 01:35:00,99.1
2025-11-13 01:37:30,99.1
2025-11-13 01:40:00,99.1
2025-11-13 01:42:30,99.1
2025-11-13 01:45:00,99.1
2025-11-13 01:47:30,99.1
2025-11-13 01:50:00,99.1
2025-11-13 01:52:30,99.1
2025-11-13 01:55:00,99.1
2025-11-13 01:57:30,99.1
2025-11-13 02:00:00,99.1
2025-11-13 02:02:30,99.3
2025-11-13 02:05:00,99.1
2025-11-13 02:07:30,99.1
2025-11-13 02:10:00,99.1
2025-11-13 02:12:30,99.1
2025-11-13 02:15:00,99.0
2025-11-13 02:17:30,99.1
2025-11-13 02:20:00,99.1
2025-11-13 02:22:30,99.15
2025-11-13 02:25:00,99.0
2025-11-13 02:27:30,99.2
2025-11-13 02:30:00,99.1
2025-11-13 02:32:30,99.2
2025-11-13 02:35:00,99.1
2025-11-13 02:37:30,99.0
2025-11-13 02:40:00,99.15
2025-11-13 02:42:30,99.0
2025-11-13 02:45:00,99.0
2025-11-13 02:47:30,99.2
2025-11-13 02:50:00,99.1
2025-11-13 02:52:30,99.0
2025-11-13 02:55:00,99.0
2025-11-13 02:57:30,99.0
2025-11-13 03:00:00,98.9
2025-11-13 03:02:30,99.2
2025-11-13 03:05:00,99.3
2025-11-13 03:07:30,99.1
2025-11-13 03:10:00,99.0
2025-11-13 03:12:30,99.0
2025-11-13 03:15:00,99.1
2025-11-13 03:17:30,99.1
2025-11-13 03:20:00,99.1
2025-11-13 03:22:30,99.1
2025-11-13 03:25:00,99.1
2025-11-13 03:27:30,99.1
2025-11-13 03:30:00,99.1
2025-11-13 03:32:30,99.1
2025-11-13 03:35:00,99.1
2025-11-13 03:37:30,99.1
2025-11-13 03:40:00,99.1
2025-11-13 03:42:30,99.1
2025-11-13 03:45:00,99.2
2025-11-13 03:47:30,99.0
2025-11-13 03:50:00,99.1
2025-11-13 03:52:30,99.1
2025-11-13 03:55:00,99.2
2025-11-13 03:57:30,99.0
2025-11-13 04:00:00,99.2
2025-11-13 04:02:30,99.1
2025-11-13 04:05:00,99.0
2025-11-13 04:07:30,99.05
2025-11-13 04:10:00,99.1
2025-11-13 04:12:30,99.0
2025-11-13 04:15:00,99.25
2025-11-13 04:17:30,99.05
2025-11-13 04:20:00,99.0
2025-11-13 04:22:30,98.8
2025-11-13 04:25:00,99.0
2025-11-13 04:27:30,99.1
2025-11-13 04:30:00,99.0
2025-11-13 04:32:30,99.0
2025-11-13 04:35:00,99.0
2025-11-13 04:37:30,99.0
2025-11-13 04:40:00,99.0
2025-11-13 04:42:30,99.0
2025-11-13 04:45:00,99.0
2025-11-13 04:47:30,99.0
2025-11-13 04:50:00,99.0
2025-11-13 04:52:30,99.0
2025-11-13 04:55:00,99.1
2025-11-13 04:57:30,99.1
2025-11-13 05:00:00,99.0
2025-11-13 05:02:30,98.9
2025-11-13 05:05:00,99.0
2025-11-13 05:07:30,99.0
2025-11-13 05:10:00,99.1
2025-11-13 05:12:30,99.0
2025-11-13 05:15:00,99.0
2025-11-13 05:17:30,99.0
2025-11-13 05:20:00,98.9
2025-11-13 05:22:30,99.1
2025-11-13 05:25:00,98.9
2025-11-13 05:27:30,99.0
2025-11-13 05:30:00,98.9
2025-11-13 05:32:30,99.1
2025-11-13 05:35:00,98.8
2025-11-13 05:37:30,99.0
2025-11-13 05:40:00,99.0
2025-11-13 05:42:30,99.0
2025-11-13 05:45:00,99.0
2025-11-13 05:47:30,99.0
2025-11-13 05:50:00,99.0
2025-11-13 05:52:30,99.0
2025-11-13 05:55:00,99.0
2025-11-13 05:57:30,99.0
2025-11-13 06:00:00,99.0
2025-11-13 06:02:30,99.0
2025-11-13 06:05:00,99.0
2025-11-13 06:07:30,99.0
2025-11-13 06:10:00,99.0
2025-11-13 06:12:30,99.0
2025-11-13 06:15:00,99.0
2025-11-13 06:17:30,99.0
2025-11-13 06:20:00,99.0
2025-11-13 06:22:30,99.0
2025-11-13 06:25:00,99.0
2025-11-13 06:27:30,99.0
2025-11-13 06:30:00,99.0
2025-11-13 06:32:30,99.0
2025-11-13 06:35:00,99.0
2025-11-13 06:37:30,99.0
2025-11-13 06:40:00,99.0
2025-11-13 06:42:30,99.0
2025-11-13 06:45:00,99.0
2025-11-13 06:47:30,99.0
2025-11-13 06:50:00,99.0
2025-11-13 06:52:30,99.1
2025-11-13 06:55:00,99.1
2025-11-13 06:57:30,99.0
2025-11-13 07:00:00,99.05
2025-11-13 07:02:30,98.95
2025-11-13 07:05:00,99.1
2025-11-13 07:07:30,98.9
2025-11-13 07:10:00,99.3
2025-11-13 07:12:30,98.8
2025-11-13 07:15:00,99.1
2025-11-13 07:17:30,99.0
2025-11-13 07:20:00,98.8
2025-11-13 07:22:30,98.9
2025-11-13 07:25:00,99.0
2025-11-13 07:27:30,98.85
2025-11-13 07:30:00,98.95
2025-11-13 07:32:30,98.9
2025-11-13 07:35:00,99.0
2025-11-13 07:37:30,99.0
2025-11-13 07:40:00,99.0
2025-11-13 07:42:30,99.0
2025-11-13 07:45:00,99.0
2025-11-13 07:47:30,99.0
2025-11-13 07:50:00,99.0
2025-11-13 07:52:30,99.0
2025-11-13 07:55:00,99.0
2025-11-13 07:57:30,99.0
2025-11-13 08:00:00,99.0
2025-11-13 08:02:30,99.0
2025-11-13 08:05:00,99.0
2025-11-13 08:07:30,99.0
2025-11-13 08:10:00,99.0
2025-11-13 08:12:30,99.0
2025-11-13 08:15:00,99.0
2025-11-13 08:17:30,99.1
2025-11-13 08:20:00,98.8
2025-11-13 08:22:30,99.0
2025-11-13 08:25:00,98.95
2025-11-13 08:27:30,98.6
2025-11-13 08:30:00,99.1
2025-11-13 08:32:30,99.0
2025-11-13 08:35:00,98.9
2025-11-13 08:37:30,99.0
2025-11-13 08:40:00,98.9
2025-11-13 08:42:30,99.0
2025-11-13 08:45:00,99.0
2025-11-13 08:47:30,98.8
2025-11-13 08:50:00,99.0
2025-11-13 08:52:30,98.9
2025-11-13 08:55:00,98.9
2025-11-13 08:57:30,99.0
2025-11-13 09:00:00,98.75
2025-11-13 09:02:30,98.95
2025-11-13 09:05:00,98.95
2025-11-13 09:07:30,99.0
2025-11-13 09:10:00,99.0
2025-11-13 09:12:30,99.0
2025-11-13 09:15:00,99.05
2025-11-13 09:17:30,98.9
2025-11-13 09:20:00,99.0
2025-11-13 09:22:30,99.0
2025-11-13 09:25:00,99.0
2025-11-13 09:27:30,99.0
2025-11-13 09:30:00,99.0
2025-11-13 09:32:30,99.0
2025-11-13 09:35:00,98.9
2025-11-13 09:37:30,98.9
2025-11-13 09:40:00,99.0
2025-11-13 09:42:30,98.9
2025-11-13 09:45:00,99.0
2025-11-13 09:47:30,99.0
2025-11-13 09:50:00,98.9
2025-11-13 09:52:30,99.0
2025-11-13 09:55:00,98.85
2025-11-13 09:57:30,98.8
2025-11-13 10:00:00,99.0
2025-11-13 10:02:30,99.0
2025-11-13 10:05:00,99.0
2025-11-13 10:07:30,98.5
2025-11-13 10:10:00,98.9
2025-11-13 10:12:30,98.85
2025-11-13 10:15:00,99.0
2025-11-13 10:17:30,98.9
2025-11-13 10:20:00,99.0
2025-11-13 10:22:30,99.0
2025-11-13 10:25:00,98.5
2025-11-13 10:27:30,98.9
2025-11-13 10:30:00,98.9
2025-11-13 10:32:30,98.9
2025-11-13 10:35:00,98.5
2025-11-13 10:37:30,98.8
2025-11-13 10:40:00,98.8
2025-11-13 10:42:30,98.8
2025-11-13 10:45:00,98.5
2025-11-13 10:47:30,98.5
2025-11-13 10:50:00,98.8
2025-11-13 10:52:30,98.8
2025-11-13 10:55:00,98.9
2025-11-13 10:57:30,99.0
2025-11-13 11:00:00,99.0
2025-11-13 11:02:30,98.9
2025-11-13 11:05:00,99.0
2025-11-13 11:07:30,99.1
2025-11-13 11:10:00,99.0
2025-11-13 11:12:30,99.05
2025-11-13 11:15:00,99.1
2025-11-13 11:17:30,98.9
2025-11-13 11:20:00,99.0
2025-11-13 11:22:30,99.1
2025-11-13 11:25:00,99.1
2025-11-13 11:27:30,98.9
2025-11-13 11:30:00,99.1
2025-11-13 11:32:30,99.2
2025-11-13 11:35:00,99.1
2025-11-13 11:37:30,99.30000000000001
2025-11-13 11:40:00,99.2
2025-11-13 11:42:30,99.3
2025-11-13 11:45:00,99.3
2025-11-13 11:47:30,99.35
2025-11-13 11:50:00,99.3
2025-11-13 11:52:30,99.3
2025-11-13 11:55:00,99.3
2025-11-13 11:57:30,99.3
2025-11-13 12:00:00,99.1
2025-11-13 12:02:30,99.3
2025-11-13 12:05:00,99.3
2025-11-13 12:07:30,99.3
2025-11-13 12:10:00,99.3
2025-11-13 12:12:30,99.3
2025-11-13 12:15:00,99.3
2025-11-13 12:17:30,99.3
2025-11-13 12:20:00,99.3
2025-11-13 12:22:30,99.3
2025-11-13 12:25:00,99.3
2025-11-13 12:27:30,99.3
2025-11-13 12:30:00,99.3
2025-11-13 12:32:30,99.3
2025-11-13 12:35:00,99.4
2025-11-13 12:37:30,99.3
2025-11-13 12:40:00,99.3
2025-11-13 12:42:30,99.0
2025-11-13 12:45:00,99.19999999999999
2025-11-13 12:47:30,99.6
2025-11-13 12:50:00,99.5
2025-11-13 12:52:30,99.4
2025-11-13 12:55:00,99.4
2025-11-13 12:57:30,99.3
2025-11-13 13:00:00,99.4
2025-11-13 13:02:30,99.3
2025-11-13 13:05:00,99.5
2025-11-13 13:07:30,99.4
2025-11-13 13:10:00,99.4
2025-11-13 13:12:30,99.3
2025-11-13 13:15:00,99.4
2025-11-13 13:17:30,99.4
2025-11-13 13:20:00,99.5
2025-11-13 13:22:30,99.05000000000001
2025-11-13 13:25:00,99.15
2025-11-13 13:27:30,99.6
2025-11-13 13:30:00,99.35
2025-11-13 13:32:30,99.5
2025-11-13 13:35:00,99.4
2025-11-13 13:37:30,99.4
2025-11-13 13:40:00,99.4
2025-11-13 13:42:30,99.4
2025-11-13 13:45:00,99.4
2025-11-13 13:47:30,99.4
2025-11-13 13:50:00,99.4
2025-11-13 13:52:30,99.4
2025-11-13 13:55:00,99.4
2025-11-13 13:57:30,99.5
2025-11-13 14:00:00,99.4
2025-11-13 14:02:30,99.2
2025-11-13 14:05:00,99.4
2025-11-13 14:07:30,99.5
2025-11-13 14:10:00,99.55
2025-11-13 14:12:30,99.4
2025-11-13 14:15:00,99.4
2025-11-13 14:17:30,99.7
2025-11-13 14:20:00,99.45
2025-11-13 14:22:30,99.4
2025-11-13 14:25:00,99.5
2025-11-13 14:27:30,99.5
2025-11-13 14:30:00,99.5
2025-11-13 14:32:30,99.2
2025-11-13 14:35:00,99.6
2025-11-13 14:37:30,99.4
2025-11-13 14:40:00,99.6
2025-11-13 14:42:30,99.7
2025-11-13 14:45:00,99.6
2025-11-13 14:47:30,99.6
2025-11-13 14:50:00,99.5
2025-11-13 14:52:30,99.5
2025-11-13 14:55:00,99.65
2025-11-13 14:57:30,99.4
2025-11-13 15:00:00,99.5
2025-11-13 15:02:30,99.55
2025-11-13 15:05:00,99.5
2025-11-13 15:07:30,99.5
2025-11-13 15:10:00,99.6
2025-11-13 15:12:30,99.6
2025-11-13 15:15:00,99.6
2025-11-13 15:17:30,99.5
2025-11-13 15:20:00,99.6
2025-11-13 15:22:30,99.6
2025-11-13 15:25:00,99.3
2025-11-13 15:27:30,99.4
2025-11-13 15:30:00,99.3
2025-11-13 15:32:30,99.45
2025-11-13 15:35:00,99.4
2025-11-13 15:37:30,99.65
2025-11-13 15:40:00,99.6
2025-11-13 15:42:30,99.6
2025-11-13 15:45:00,99.4
2025-11-13 15:47:30,99.8
2025-11-13 15:50:00,99.5
2025-11-13 15:52:30,99.5
2025-11-13 15:55:00,99.65
2025-11-13 15:57:30,99.4
2025-11-13 16:00:00,99.4
2025-11-13 16:02:30,99.6
2025-11-13 16:05:00,99.35
2025-11-13 16:07:30,99.5
2025-11-13 16:10:00,99.6
2025-11-13 16:12:30,99.5
2025-11-13 16:15:00,99.6
2025-11-13 16:17:30,99.6
2025-11-13 16:20:00,99.6
2025-11-13 16:22:30,99.45
2025-11-13 16:25:00,99.6
2025-11-13 16:27:30,99.6
2025-11-13 16:30:00,99.6
2025-11-13 16:32:30,99.30000000000001
2025-11-13 16:35:00,99.6
2025-11-13 16:37:30,99.75
2025-11-13 16:40:00,99.65
2025-11-13 16:42:30,99.6
2025-11-13 16:45:00,99.5
2025-11-13 16:47:30,99.6
2025-11-13 16:50:00,99.7
2025-11-13 16:52:30,99.7
2025-11-13 16:55:00,99.69999999999999
2025-11-13 16:57:30,99.6
2025-11-13 17:00:00,99.5
2025-11-13 17:02:30,99.7
2025-11-13 17:05:00,99.65
2025-11-13 17:07:30,99.6
2025-11-13 17:10:00,99.65
2025-11-13 17:12:30,99.6
2025-11-13 17:15:00,99.6
2025-11-13 17:17:30,99.6
2025-11-13 17:20:00,99.6
2025-11-13 17:22:30,99.6
2025-11-13 17:25:00,99.6
2025-11-13 17:27:30,99.6
2025-11-13 17:30:00,99.6
2025-11-13 17:32:30,99.6
2025-11-13 17:35:00,99.6
2025-11-13 17:37:30,99.6
2025-11-13 17:40:00,99.6
2025-11-13 17:42:30,99.6
2025-11-13 17:45:00,99.6
2025-11-13 17:47:30,99.6
2025-11-13 17:50:00,99.8
2025-11-13 17:52:30,99.6
2025-11-13 17:55:00,99.6
2025-11-13 17:57:30,99.7
2025-11-13 18:00:00,99.6
2025-11-13 18:02:30,99.4
2025-11-13 18:05:00,99.8
2025-11-13 18:07:30,99.5
2025-11-13 18:10:00,99.4
2025-11-13 18:12:30,99.3
2025-11-13 18:15:00,99.55
2025-11-13 18:17:30,99.6
2025-11-13 18:20:00,99.55
2025-11-13 18:22:30,99.5
2025-11-13 18:25:00,99.7
2025-11-13 18:27:30,99.65
2025-11-13 18:30:00,99.6
2025-11-13 18:32:30,99.5
2025-11-13 18:35:00,99.5
2025-11-13 18:37:30,99.69999999999999
2025-11-13 18:40:00,99.45
2025-11-13 18:42:30,99.6
2025-11-13 18:45:00,99.3
2025-11-13 18:47:30,99.6
2025-11-13 18:50:00,99.45
2025-11-13 18:52:30,99.6
2025-11-13 18:55:00,99.69999999999999
2025-11-13 18:57:30,99.6
2025-11-13 19:00:00,99.55
2025-11-13 19:02:30,99.9
2025-11-13 19:05:00,99.6
2025-11-13 19:07:30,99.3
2025-11-13 19:10:00,99.8
2025-11-13 19:12:30,99.69999999999999
2025-11-13 19:15:00,99.6
2025-11-13 19:17:30,99.7
2025-11-13 19:20:00,99.6
2025-11-13 19:22:30,99.6
2025-11-13 19:25:00,99.4
2025-11-13 19:27:30,99.4
2025-11-13 19:30:00,99.6
2025-11-13 19:32:30,99.6
2025-11-13 19:35:00,99.6
2025-11-13 19:37:30,99.6
2025-11-13 19:40:00,99.35
2025-11-13 19:42:30,99.6
2025-11-13 19:45:00,99.6
2025-11-13 19:47:30,99.6
2025-11-13 19:50:00,99.6
2025-11-13 19:52:30,99.55
2025-11-13 19:55:00,99.6
2025-11-13 19:57:30,99.6
2025-11-13 20:00:00,99.6
2025-11-13 20:02:30,99.55
2025-11-13 20:05:00,99.4
2025-11-13 20:07:30,99.6
2025-11-13 20:10:00,99.6
2025-11-13 20:12:30,99.6
2025-11-13 20:15:00,99.4
2025-11-13 20:17:30,99.5
2025-11-13 20:20:00,99.7
2025-11-13 20:22:30,99.6
2025-11-13 20:25:00,99.6
2025-11-13 20:27:30,99.3
2025-11-13 20:30:00,99.5
2025-11-13 20:32:30,99.5
2025-11-13 20:35:00,99.6
2025-11-13 20:37:30,99.5
2025-11-13 20:40:00,99.6
2025-11-13 20:42:30,99.55000000000001
2025-11-13 20:45:00,99.4
2025-11-13 20:47:30,99.45
2025-11-13 20:50:00,99.8
2025-11-13 20:52:30,99.6
2025-11-13 20:55:00,99.4
2025-11-13 20:57:30,99.5
2025-11-13 21:00:00,99.6
2025-11-13 21:02:30,99.6
2025-11-13 21:05:00,99.4
2025-11-13 21:07:30,99.5
2025-11-13 21:10:00,99.6
2025-11-13 21:12:30,99.55000000000001
2025-11-13 21:15:00,99.3
2025-11-13 21:17:30,99.6
2025-11-13 21:20:00,99.5
2025-11-13 21:22:30,99.2
2025-11-13 21:25:00,99.4
2025-11-13 21:27:30,99.6
2025-11-13 21:30:00,99.6
2025-11-13 21:32:30,99.35
2025-11-13 21:35:00,99.5
2025-11-13 21:37:30,99.5
2025-11-13 21:40:00,99.5
2025-11-13 21:42:30,99.2
2025-11-13 21:45:00,99.5
2025-11-13 21:47:30,99.5
2025-11-13 21:50:00,99.5
2025-11-13 21:52:30,99.6
2025-11-13 21:55:00,99.6
2025-11-13 21:57:30,99.5
2025-11-13 22:00:00,99.4
2025-11-13 22:02:30,99.4
2025-11-13 22:05:00,99.6
2025-11-13 22:07:30,99.6
2025-11-13 22:10:00,99.5
2025-11-13 22:12:30,99.6
2025-11-13 22:15:00,99.4
2025-11-13 22:17:30,99.45
2025-11-13 22:20:00,99.4
2025-11-13 22:22:30,99.6
2025-11-13 22:25:00,99.6
2025-11-13 22:27:30,99.6
2025-11-13 22:30:00,99.4
2025-11-13 22:32:30,99.5
2025-11-13 22:35:00,99.4
2025-11-13 22:37:30,99.4
2025-11-13 22:40:00,99.44999999999999
2025-11-13 22:42:30,99.5
2025-11-13 22:45:00,99.55
2025-11-13 22:47:30,99.4
2025-11-13 22:50:00,99.3
2025-11-13 22:52:30,99.5
2025-11-13 22:55:00,99.45
2025-11-13 22:57:30,99.6
2025-11-13 23:00:00,99.45
2025-11-13 23:02:30,99.4
2025-11-13 23:05:00,99.4
2025-11-13 23:07:30,99.5
2025-11-13 23:10:00,99.5
2025-11-13 23:12:30,99.5
2025-11-13 23:15:00,99.4
2025-11-13 23:17:30,99.4
2025-11-13 23:20:00,99.4
2025-11-13 23:22:30,99.6
2025-11-13 23:25:00,99.6
2025-11-13 23:27:30,99.2
2025-11-13 23:30:00,99.6
2025-11-13 23:32:30,99.6
2025-11-13 23:35:00,99.5
2025-11-13 23:37:30,99.3
2025-11-13 23:40:00,99.5
2025-11-13 23:42:30,99.45
2025-11-13 23:45:00,99.4
2025-11-13 23:47:30,99.5
2025-11-13 23:50:00,99.5
2025-11-13 23:52:30,99.6
2025-11-13 23:55:00,99.5
2025-11-13 23:57:30,99.3
2025-11-14 00:00:00,99.6
2025-11-14 00:02:30,99.6
2025-11-14 00:05:00,99.4
2025-11-14 00:07:30,99.4
2025-11-14 00:10:00,99.45
2025-11-14 00:12:30,99.44999999999999
2025-11-14 00:15:00,99.4
2025-11-14 00:17:30,99.5
2025-11-14 00:20:00,99.4
2025-11-14 00:22:30,99.4
2025-11-14 00:25:00,99.4
2025-11-14 00:27:30,99.4
2025-11-14 00:30:00,99.4
2025-11-14 00:32:30,99.4
2025-11-14 00:35:00,99.4
2025-11-14 00:37:30,99.5
2025-11-14 00:40:00,99.5
2025-11-14 00:42:30,99.5
2025-11-14 00:45:00,99.5
2025-11-14 00:47:30,99.5
2025-11-14 00:50:00,99.5
2025-11-14 00:52:30,99.5
2025-11-14 00:55:00,99.5
2025-11-14 00:57:30,99.4
2025-11-14 01:00:00,99.3
2025-11-14 01:02:30,99.4
2025-11-14 01:05:00,99.4
2025-11-14 01:07:30,99.4
2025-11-14 01:10:00,99.4
2025-11-14 01:12:30,99.3
2025-11-14 01:15:00,99.4
2025-11-14 01:17:30,99.4
2025-11-14 01:20:00,99.45
2025-11-14 01:22:30,99.45
2025-11-14 01:25:00,99.5
2025-11-14 01:27:30,99.3
2025-11-14 01:30:00,99.3
2025-11-14 01:32:30,99.4
2025-11-14 01:35:00,99.3
2025-11-14 01:37:30,99.3
2025-11-14 01:40:00,99.4
2025-11-14 01:42:30,99.3
2025-11-14 01:45:00,99.5
2025-11-14 01:47:30,99.35
2025-11-14 01:50:00,99.45
2025-11-14 01:52:30,99.5
2025-11-14 01:55:00,99.25
2025-11-14 01:57:30,99.5
2025-11-14 02:00:00,99.3
2025-11-14 02:02:30,99.45
2025-11-14 02:05:00,99.4
2025-11-14 02:07:30,99.4
2025-11-14 02:10:00,99.4
2025-11-14 02:12:30,99.4
2025-11-14 02:15:00,99.4
2025-11-14 02:17:30,99.3
2025-11-14 02:20:00,99.4
2025-11-14 02:22:30,99.4
2025-11-14 02:25:00,99.6
2025-11-14 02:27:30,99.5
2025-11-14 02:30:00,99.4
2025-11-14 02:32:30,99.4
2025-11-14 02:35:00,99.4
2025-11-14 02:37:30,99.4
2025-11-14 02:40:00,99.3
2025-11-14 02:42:30,99.4
2025-11-14 02:45:00,99.4
2025-11-14 02:47:30,99.4
2025-11-14 02:50:00,99.5
2025-11-14 02:52:30,99.4
2025-11-14 02:55:00,99.3
2025-11-14 02:57:30,99.3
2025-11-14 03:00:00,99.4
2025-11-14 03:02:30,99.4
2025-11-14 03:05:00,99.4
2025-11-14 03:07:30,99.4
2025-11-14 03:10:00,99.4
2025-11-14 03:12:30,99.4
2025-11-14 03:15:00,99.4
2025-11-14 03:17:30,99.4
2025-11-14 03:20:00,99.4
2025-11-14 03:22:30,99.4
2025-11-14 03:25:00,99.4
2025-11-14 03:27:30,99.4
2025-11-14 03:30:00,99.4
2025-11-14 03:32:30,99.4
2025-11-14 03:35:00,99.4
2025-11-14 03:37:30,99.4
2025-11-14 03:40:00,99.5
2025-11-14 03:42:30,99.4
2025-11-14 03:45:00,99.4
2025-11-14 03:47:30,99.4
2025-11-14 03:50:00,99.4
2025-11-14 03:52:30,99.4
2025-11-14 03:55:00,99.4
2025-11-14 03:57:30,99.4
2025-11-14 04:00:00,99.3
2025-11-14 04:02:30,99.3
2025-11-14 04:05:00,99.3
2025-11-14 04:07:30,99.3
2025-11-14 04:10:00,99.3
2025-11-14 04:12:30,99.3
2025-11-14 04:15:00,99.3
2025-11-14 04:17:30,99.3
2025-11-14 04:20:00,99.3
2025-11-14 04:22:30,99.3
2025-11-14 04:25:00,99.3
2025-11-14 04:27:30,99.3
2025-11-14 04:30:00,99.3
2025-11-14 04:32:30,99.3
2025-11-14 04:35:00,99.3
2025-11-14 04:37:30,99.3
2025-11-14 04:40:00,99.0
2025-11-14 04:42:30,99.3
2025-11-14 04:45:00,99.35
2025-11-14 04:47:30,99.2
2025-11-14 04:50:00,99.2
2025-11-14 04:52:30,99.4
2025-11-14 04:55:00,99.4
2025-11-14 04:57:30,99.4
2025-11-14 05:00:00,99.19999999999999
2025-11-14 05:02:30,99.3
2025-11-14 05:05:00,99.2
2025-11-14 05:07:30,99.3
2025-11-14 05:10:00,99.1
2025-11-14 05:12:30,99.1
2025-11-14 05:15:00,99.2
2025-11-14 05:17:30,99.19999999999999
2025-11-14 05:20:00,99.1
2025-11-14 05:22:30,99.0
2025-11-14 05:25:00,99.2
2025-11-14 05:27:30,99.0
2025-11-14 05:30:00,99.1
2025-11-14 05:32:30,98.8
2025-11-14 05:35:00,98.5
2025-11-14 05:37:30,99.0
2025-11-14 05:40:00,98.5
2025-11-14 05:42:30,98.8
2025-11-14 05:45:00,98.5
2025-11-14 05:47:30,98.5
2025-11-14 05:50:00,98.95
2025-11-14 05:52:30,98.1
2025-11-14 05:55:00,98.5
2025-11-14 05:57:30,98.5
2025-11-14 06:00:00,98.2
2025-11-14 06:02:30,98.5
2025-11-14 06:05:00,98.0
2025-11-14 06:07:30,98.3
2025-11-14 06:10:00,98.2
2025-11-14 06:12:30,98.2
2025-11-14 06:15:00,98.3
2025-11-14 06:17:30,98.0
2025-11-14 06:20:00,98.2
2025-11-14 06:22:30,98.1
2025-11-14 06:25:00,98.1
2025-11-14 06:27:30,97.8
2025-11-14 06:30:00,98.1
2025-11-14 06:32:30,98.1
2025-11-14 06:35:00,98.1
2025-11-14 06:37:30,98.1
2025-11-14 06:40:00,98.1
2025-11-14 06:42:30,98.0
2025-11-14 06:45:00,98.0
2025-11-14 06:47:30,98.0
2025-11-14 06:50:00,98.0
2025-11-14 06:52:30,98.0
2025-11-14 06:55:00,97.85
2025-11-14 06:57:30,97.8
2025-11-14 07:00:00,97.8
2025-11-14 07:02:30,97.8
2025-11-14 07:05:00,97.8
2025-11-14 07:07:30,97.7
2025-11-14 07:10:00,97.7
2025-11-14 07:12:30,97.7
2025-11-14 07:15:00,97.8
2025-11-14 07:17:30,97.5
2025-11-14 07:20:00,97.5
2025-11-14 07:22:30,97.6
2025-11-14 07:25:00,97.5
2025-11-14 07:27:30,97.35
2025-11-14 07:30:00,97.5
2025-11-14 07:32:30,97.5
2025-11-14 07:35:00,97.2
2025-11-14 07:37:30,97.2
2025-11-14 07:40:00,97.0
2025-11-14 07:42:30,97.2
2025-11-14 07:45:00,97.0
2025-11-14 07:47:30,97.4
2025-11-14 07:50:00,97.1
2025-11-14 07:52:30,97.0
2025-11-14 07:55:00,96.85
2025-11-14 07:57:30,96.9
2025-11-14 08:00:00,97.0
2025-11-14 08:02:30,97.0
2025-11-14 08:05:00,96.7
2025-11-14 08:07:30,97.0
2025-11-14 08:10:00,96.9
2025-11-14 08:12:30,96.8
2025-11-14 08:15:00,96.7
2025-11-14 08:17:30,96.7
2025-11-14 08:20:00,96.8
2025-11-14 08:22:30,96.5
2025-11-14 08:25:00,96.5
2025-11-14 08:27:30,96.7
2025-11-14 08:30:00,96.6
2025-11-14 08:32:30,96.4
2025-11-14 08:35:00,96.7
2025-11-14 08:37:30,96.5
2025-11-14 08:40:00,96.5
2025-11-14 08:42:30,96.5
2025-11-14 08:45:00,96.5
2025-11-14 08:47:30,96.4
2025-11-14 08:50:00,96.5
2025-11-14 08:52:30,96.5
2025-11-14 08:55:00,96.4
2025-11-14 08:57:30,96.4
2025-11-14 09:00:00,96.4
2025-11-14 09:02:30,96.4
2025-11-14 09:05:00,96.4
2025-11-14 09:07:30,96.4
2025-11-14 09:10:00,96.1
2025-11-14 09:12:30,95.9
2025-11-14 09:15:00,95.9
2025-11-14 09:17:30,95.9
2025-11-14 09:20:00,95.9
2025-11-14 09:22:30,95.7
2025-11-14 09:25:00,95.7
2025-11-14 09:27:30,95.9
2025-11-14 09:30:00,95.65
2025-11-14 09:32:30,95.8
2025-11-14 09:35:00,95.7
2025-11-14 09:37:30,95.7
2025-11-14 09:40:00,95.7
2025-11-14 09:42:30,95.9
2025-11-14 09:45:00,95.9
2025-11-14 09:47:30,95.7
2025-11-14 09:50:00,95.9
2025-11-14 09:52:30,95.8
2025-11-14 09:55:00,95.7
2025-11-14 09:57:30,95.9
2025-11-14 10:00:00,95.8
2025-11-14 10:02:30,95.8
2025-11-14 10:05:00,95.65
2025-11-14 10:07:30,95.7
2025-11-14 10:10:00,95.7
2025-11-14 10:12:30,95.9
2025-11-14 10:15:00,95.8
2025-11-14 10:17:30,95.9
2025-11-14 10:20:00,95.9
2025-11-14 10:22:30,95.9
2025-11-14 10:25:00,95.8
2025-11-14 10:27:30,95.7
2025-11-14 10:30:00,95.8
2025-11-14 10:32:30,95.8
2025-11-14 10:35:00,96.15
2025-11-14 10:37:30,95.9
2025-11-14 10:40:00,95.9
2025-11-14 10:42:30,95.7
2025-11-14 10:45:00,95.5
2025-11-14 10:47:30,95.7
2025-11-14 10:50:00,95.8
2025-11-14 10:52:30,95.8
2025-11-14 10:55:00,95.9
2025-11-14 10:57:30,96.4
2025-11-14 11:00:00,95.8
2025-11-14 11:02:30,95.7
2025-11-14 11:05:00,95.5
2025-11-14 11:07:30,95.7
2025-11-14 11:10:00,95.7
2025-11-14 11:12:30,95.7
2025-11-14 11:15:00,95.7
2025-11-14 11:17:30,95.9
2025-11-14 11:20:00,96.4
2025-11-14 11:22:30,96.4
2025-11-14 11:25:00,96.5
2025-11-14 11:27:30,96.4
2025-11-14 11:30:00,96.4
2025-11-14 11:32:30,96.7
2025-11-14 11:35:00,96.7
2025-11-14 11:37:30,96.7
2025-11-14 11:40:00,96.3
2025-11-14 11:42:30,96.8
2025-11-14 11:45:00,96.7
2025-11-14 11:47:30,96.65
2025-11-14 11:50:00,96.9
2025-11-14 11:52:30,97.0
2025-11-14 11:55:00,97.0
2025-11-14 11:57:30,97.0
2025-11-14 12:00:00,97.1
2025-11-14 12:02:30,97.15
2025-11-14 12:05:00,97.2
2025-11-14 12:07:30,97.2
2025-11-14 12:10:00,96.8
2025-11-14 12:12:30,97.2
2025-11-14 12:15:00,97.6
2025-11-14 12:17:30,97.75
2025-11-14 12:20:00,97.8
2025-11-14 12:22:30,97.5
2025-11-14 12:25:00,97.75
2025-11-14 12:27:30,97.8
2025-11-14 12:30:00,97.5
2025-11-14 12:32:30,97.8
2025-11-14 12:35:00,98.0
2025-11-14 12:37:30,97.9
2025-11-14 12:40:00,98.0
2025-11-14 12:42:30,98.0
2025-11-14 12:45:00,98.0
2025-11-14 12:47:30,98.1
2025-11-14 12:50:00,98.1
2025-11-14 12:52:30,98.1
2025-11-14 12:55:00,98.1
2025-11-14 12:57:30,98.3
2025-11-14 13:00:00,98.2
2025-11-14 13:02:30,98.5
2025-11-14 13:05:00,98.3
2025-11-14 13:07:30,98.5
2025-11-14 13:10:00,98.5
2025-11-14 13:12:30,98.5
2025-11-14 13:15:00,98.8
2025-11-14 13:17:30,98.8
2025-11-14 13:20:00,98.8
2025-11-14 13:22:30,98.8
2025-11-14 13:25:00,98.8
2025-11-14 13:27:30,98.9
2025-11-14 13:30:00,98.9
2025-11-14 13:32:30,99.0
2025-11-14 13:35:00,99.1
2025-11-14 13:37:30,99.1
2025-11-14 13:40:00,99.19999999999999
2025-11-14 13:42:30,99.2
2025-11-14 13:45:00,99.2
2025-11-14 13:47:30,99.19999999999999
2025-11-14 13:50:00,99.2
2025-11-14 13:52:30,99.2
2025-11-14 13:55:00,99.2
2025-11-14 13:57:30,99.35
2025-11-14 14:00:00,99.3
2025-11-14 14:02:30,99.1
2025-11-14 14:05:00,99.2
2025-11-14 14:07:30,99.3
2025-11-14 14:10:00,99.4
2025-11-14 14:12:30,99.4
2025-11-14 14:15:00,99.45
2025-11-14 14:17:30,99.45
2025-11-14 14:20:00,99.5
2025-11-14 14:22:30,99.5
2025-11-14 14:25:00,99.5
2025-11-14 14:27:30,99.5
2025-11-14 14:30:00,99.55
2025-11-14 14:32:30,99.55
2025-11-14 14:35:00,99.6
2025-11-14 14:37:30,99.69999999999999
2025-11-14 14:40:00,99.8
2025-11-14 14:42:30,99.75
2025-11-14 14:45:00,99.8
2025-11-14 14:47:30,99.65
2025-11-14 14:50:00,99.85
2025-11-14 14:52:30,99.8
2025-11-14 14:55:00,99.9
2025-11-14 14:57:30,99.6
2025-11-14 15:00:00,99.825
2025-11-14 15:02:30,99.80000000000001
2025-11-14 15:05:00,99.9
2025-11-14 15:07:30,99.9
2025-11-14 15:10:00,99.9
2025-11-14 15:12:30,99.8993288590604
2025-11-14 15:15:00,99.89865771812082
2025-11-14 15:17:30,99.89798657718121
2025-11-14 15:20:00,99.89731543624161
2025-11-14 15:22:30,99.89664429530202
2025-11-14 15:25:00,99.89597315436242
2025-11-14 15:27:30,99.89530201342282
2025-11-14 15:30:00,99.89463087248323
2025-11-14 15:32:30,99.89395973154363
2025-11-14 15:35:00,99.89328859060403
2025-11-14 15:37:30,99.89261744966443
2025-11-14 15:40:00,99.89194630872484
2025-11-14 15:42:30,99.89127516778524
2025-11-14 15:45:00,99.89060402684564
2025-11-14 15:47:30,99.88993288590605
2025-11-14 15:50:00,99.88926174496645
2025-11-14 15:52:30,99.88859060402685
2025-11-14 15:55:00,99.88791946308726
2025-11-14 15:57:30,99.88724832214766
2025-11-14 16:00:00,99.88657718120805
2025-11-14 16:02:30,99.88590604026847
2025-11-14 16:05:00,99.88523489932886
2025-11-14 16:07:30,99.88456375838926
2025-11-14 16:10:00,99.88389261744967
2025-11-14 16:12:30,99.88322147651007
2025-11-14 16:15:00,99.88255033557047
2025-11-14 16:17:30,99.88187919463088
2025-11-14 16:20:00,99.88120805369128
2025-11-14 16:22:30,99.88053691275168
2025-11-14 16:25:00,99.87986577181209
2025-11-14 16:27:30,99.87919463087249
2025-11-14 16:30:00,99.87852348993289
2025-11-14 16:32:30,99.87785234899329
2025-11-14 16:35:00,99.8771812080537
2025-11-14 16:37:30,99.8765100671141
2025-11-14 16:40:00,99.8758389261745
2025-11-14 16:42:30,99.87516778523491
2025-11-14 16:45:00,99.8744966442953
2025-11-14 16:47:30,99.8738255033557
2025-11-14 16:50:00,99.87315436241612
2025-11-14 16:52:30,99.87248322147651
2025-11-14 16:55:00,99.87181208053691
2025-11-14 16:57:30,99.87114093959732
2025-11-14 17:00:00,99.87046979865772
2025-11-14 17:02:30,99.86979865771812
2025-11-14 17:05:00,99.86912751677853
2025-11-14 17:07:30,99.86845637583893
2025-11-14 17:10:00,99.86778523489933
2025-11-14 17:12:30,99.86711409395974
2025-11-14 17:15:00,99.86644295302014
2025-11-14 17:17:30,99.86577181208054
2025-11-14 17:20:00,99.86510067114095
2025-11-14 17:22:30,99.86442953020135
2025-11-14 17:25:00,99.86375838926175
2025-11-14 17:27:30,99.86308724832215
2025-11-14 17:30:00,99.86241610738256
2025-11-14 17:32:30,99.86174496644296
2025-11-14 17:35:00,99.86107382550335
2025-11-14 17:37:30,99.86040268456377
2025-11-14 17:40:00,99.85973154362416
2025-11-14 17:42:30,99.85906040268456
2025-11-14 17:45:00,99.85838926174497
2025-11-14 17:47:30,99.85771812080537
2025-11-14 17:50:00,99.85704697986577
2025-11-14 17:52:30,99.85637583892618
2025-11-14 17:55:00,99.85570469798658
2025-11-14 17:57:30,99.85503355704698
2025-11-14 18:00:00,99.85436241610739
2025-11-14 18:02:30,99.85369127516779
2025-11-14 18:05:00,99.85302013422819
2025-11-14 18:07:30,99.8523489932886
2025-11-14 18:10:00,99.851677852349
2025-11-14 18:12:30,99.8510067114094
2025-11-14 18:15:00,99.85033557046981
2025-11-14 18:17:30,99.84966442953021
2025-11-14 18:20:00,99.8489932885906
2025-11-14 18:22:30,99.848322147651
2025-11-14 18:25:00,99.84765100671142
2025-11-14 18:27:30,99.84697986577181
2025-11-14 18:30:00,99.84630872483221
2025-11-14 18:32:30,99.84563758389262
2025-11-14 18:35:00,99.84496644295302
2025-11-14 18:37:30,99.84429530201342
2025-11-14 18:40:00,99.84362416107383
2025-11-14 18:42:30,99.84295302013423
2025-11-14 18:45:00,99.84228187919463
2025-11-14 18:47:30,99.84161073825504
2025-11-14 18:50:00,99.84093959731544
2025-11-14 18:52:30,99.84026845637584
2025-11-14 18:55:00,99.83959731543625
2025-11-14 18:57:30,99.83892617449665
2025-11-14 19:00:00,99.83825503355705
2025-11-14 19:02:30,99.83758389261746
2025-11-14 19:05:00,99.83691275167786
2025-11-14 19:07:30,99.83624161073826
2025-11-14 19:10:00,99.83557046979865
2025-11-14 19:12:30,99.83489932885907
2025-11-14 19:15:00,99.83422818791946
2025-11-14 19:17:30,99.83355704697986
2025-11-14 19:20:00,99.83288590604027
2025-11-14 19:22:30,99.83221476510067
2025-11-14 19:25:00,99.83154362416107
2025-11-14 19:27:30,99.83087248322148
2025-11-14 19:30:00,99.83020134228188
2025-11-14 19:32:30,99.82953020134228
2025-11-14 19:35:00,99.82885906040269
2025-11-14 19:37:30,99.82818791946309
2025-11-14 19:40:00,99.82751677852349
2025-11-14 19:42:30,99.8268456375839
2025-11-14 19:45:00,99.8261744966443
2025-11-14 19:47:30,99.8255033557047
2025-11-14 19:50:00,99.82483221476511
2025-11-14 19:52:30,99.82416107382551
2025-11-14 19:55:00,99.8234899328859
2025-11-14 19:57:30,99.82281879194632
2025-11-14 20:00:00,99.82214765100672
2025-11-14 20:02:30,99.82147651006711
2025-11-14 20:05:00,99.82080536912751
2025-11-14 20:07:30,99.82013422818792
2025-11-14 20:10:00,99.81946308724832
2025-11-14 20:12:30,99.81879194630872
2025-11-14 20:15:00,99.81812080536913
2025-11-14 20:17:30,99.81744966442953
2025-11-14 20:20:00,99.81677852348993
2025-11-14 20:22:30,99.81610738255034
2025-11-14 20:25:00,99.81543624161074
2025-11-14 20:27:30,99.81476510067114
2025-11-14 20:30:00,99.81409395973155
2025-11-14 20:32:30,99.81342281879195
2025-11-14 20:35:00,99.81275167785235
2025-11-14 20:37:30,99.81208053691276
2025-11-14 20:40:00,99.81140939597316
2025-11-14 20:42:30,99.81073825503356
2025-11-14 20:45:00,99.81006711409397
2025-11-14 20:47:30,99.80939597315437
2025-11-14 20:50:00,99.80872483221476
2025-11-14 20:52:30,99.80805369127518
2025-11-14 20:55:00,99.80738255033557
2025-11-14 20:57:30,99.80671140939597
2025-11-14 21:00:00,99.80604026845637
2025-11-14 21:02:30,99.80536912751678
2025-11-14 21:05:00,99.80469798657718
2025-11-14 21:07:30,99.80402684563758
2025-11-14 21:10:00,99.80335570469799
2025-11-14 21:12:30,99.80268456375839
2025-11-14 21:15:00,99.80201342281879
2025-11-14 21:17:30,99.8013422818792
2025-11-14 21:20:00,99.8006711409396
2025-11-14 21:22:30,99.8
2025-11-14 21:25:00,99.79932885906041
2025-11-14 21:27:30,99.79865771812081
2025-11-14 21:30:00,99.7979865771812
2025-11-14 21:32:30,99.79731543624162
2025-11-14 21:35:00,99.79664429530202
2025-11-14 21:37:30,99.79597315436241
2025-11-14 21:40:00,99.79530201342283
2025-11-14 21:42:30,99.79463087248322
2025-11-14 21:45:00,99.79395973154362
2025-11-14 21:47:30,99.79328859060404
2025-11-14 21:50:00,99.79261744966443
2025-11-14 21:52:30,99.79194630872483
2025-11-14 21:55:00,99.79127516778523
2025-11-14 21:57:30,99.79060402684564
2025-11-14 22:00:00,99.78993288590604
2025-11-14 22:02:30,99.78926174496644
2025-11-14 22:05:00,99.78859060402685
2025-11-14 22:07:30,99.78791946308725
2025-11-14 22:10:00,99.78724832214765
2025-11-14 22:12:30,99.78657718120806
2025-11-14 22:15:00,99.78590604026846
2025-11-14 22:17:30,99.78523489932886
2025-11-14 22:20:00,99.78456375838927
2025-11-14 22:22:30,99.78389261744967
2025-11-14 22:25:00,99.78322147651006
2025-11-14 22:27:30,99.78255033557048
2025-11-14 22:30:00,99.78187919463087
2025-11-14 22:32:30,99.78120805369127
2025-11-14 22:35:00,99.78053691275169
2025-11-14 22:37:30,99.77986577181208
2025-11-14 22:40:00,99.77919463087248
2025-11-14 22:42:30,99.77852348993288
2025-11-14 22:45:00,99.77785234899329
2025-11-14 22:47:30,99.77718120805369
2025-11-14 22:50:00,99.77651006711409
2025-11-14 22:52:30,99.7758389261745
2025-11-14 22:55:00,99.7751677852349
2025-11-14 22:57:30,99.7744966442953
2025-11-14 23:00:00,99.77382550335571
2025-11-14 23:02:30,99.77315436241611
2025-11-14 23:05:00,99.7724832214765
2025-11-14 23:07:30,99.77181208053692
2025-11-14 23:10:00,99.77114093959732
2025-11-14 23:12:30,99.77046979865771
2025-11-14 23:15:00,99.76979865771813
2025-11-14 23:17:30,99.76912751677852
2025-11-14 23:20:00,99.76845637583892
2025-11-14 23:22:30,99.76778523489934
2025-11-14 23:25:00,99.76711409395973
2025-11-14 23:27:30,99.76644295302013
2025-11-14 23:30:00,99.76577181208054
2025-11-14 23:32:30,99.76510067114094
2025-11-14 23:35:00,99.76442953020134
2025-11-14 23:37:30,99.76375838926174
2025-11-14 23:40:00,99.76308724832215
2025-11-14 23:42:30,99.76241610738255
2025-11-14 23:45:00,99.76174496644295
2025-11-14 23:47:30,99.76107382550336
2025-11-14 23:50:00,99.76040268456376
2025-11-14 23:52:30,99.75973154362416
2025-11-14 23:55:00,99.75906040268457
2025-11-14 23:57:30,99.75838926174497
2025-11-15 00:00:00,99.75771812080536
2025-11-15 00:02:30,99.75704697986578
2025-11-15 00:05:00,99.75637583892617
2025-11-15 00:07:30,99.75570469798657
2025-11-15 00:10:00,99.75503355704699
2025-11-15 00:12:30,99.75436241610738
2025-11-15 00:15:00,99.75369127516778
2025-11-15 00:17:30,99.7530201342282
2025-11-15 00:20:00,99.75234899328859
2025-11-15 00:22:30,99.75167785234899
2025-11-15 00:25:00,99.7510067114094
2025-11-15 00:27:30,99.7503355704698
2025-11-15 00:30:00,99.7496644295302
2025-11-15 00:32:30,99.7489932885906
2025-11-15 00:35:00,99.74832214765101
2025-11-15 00:37:30,99.74765100671141
2025-11-15 00:40:00,99.7469798657718
2025-11-15 00:42:30,99.74630872483222
2025-11-15 00:45:00,99.74563758389262
2025-11-15 00:47:30,99.74496644295301
2025-11-15 00:50:00,99.74429530201343
2025-11-15 00:52:30,99.74362416107383
2025-11-15 00:55:00,99.74295302013422
2025-11-15 00:57:30,99.74228187919464
2025-11-15 01:00:00,99.74161073825503
2025-11-15 01:02:30,99.74093959731543
2025-11-15 01:05:00,99.74026845637584
2025-11-15 01:07:30,99.73959731543624
2025-11-15 01:10:00,99.73892617449664
2025-11-15 01:12:30,99.73825503355705
2025-11-15 01:15:00,99.73758389261745
2025-11-15 01:17:30,99.73691275167785
2025-11-15 01:20:00,99.73624161073826
2025-11-15 01:22:30,99.73557046979866
2025-11-15 01:25:00,99.73489932885906
2025-11-15 01:27:30,99.73422818791946
2025-11-15 01:30:00,99.73355704697987
2025-11-15 01:32:30,99.73288590604027
2025-11-15 01:35:00,99.73221476510066
2025-11-15 01:37:30,99.73154362416108
2025-11-15 01:40:00,99.73087248322148
2025-11-15 01:42:30,99.73020134228187
2025-11-15 01:45:00,99.72953020134229
2025-11-15 01:47:30,99.72885906040268
2025-11-15 01:50:00,99.72818791946308
2025-11-15 01:52:30,99.7275167785235
2025-11-15 01:55:00,99.72684563758389
2025-11-15 01:57:30,99.72617449664429
2025-11-15 02:00:00,99.7255033557047
2025-11-15 02:02:30,99.7248322147651
2025-11-15 02:05:00,99.7241610738255
2025-11-15 02:07:30,99.72348993288591
2025-11-15 02:10:00,99.72281879194631
2025-11-15 02:12:30,99.72214765100671
2025-11-15 02:15:00,99.7214765100671
2025-11-15 02:17:30,99.72080536912752
2025-11-15 02:20:00,99.72013422818792
2025-11-15 02:22:30,99.71946308724831
2025-11-15 02:25:00,99.71879194630873
2025-11-15 02:27:30,99.71812080536913
2025-11-15 02:30:00,99.71744966442952
2025-11-15 02:32:30,99.71677852348994
2025-11-15 02:35:00,99.71610738255033
2025-11-15 02:37:30,99.71543624161073
2025-11-15 02:40:00,99.71476510067114
2025-11-15 02:42:30,99.71409395973154
2025-11-15 02:45:00,99.71342281879194
2025-11-15 02:47:30,99.71275167785235
2025-11-15 02:50:00,99.71208053691275
2025-11-15 02:52:30,99.71140939597315
2025-11-15 02:55:00,99.71073825503356
2025-11-15 02:57:30,99.71006711409396
2025-11-15 03:00:00,99.70939597315436
2025-11-15 03:02:30,99.70872483221477
2025-11-15 03:05:00,99.70805369127517
2025-11-15 03:07:30,99.70738255033557
2025-11-15 03:10:00,99.70671140939596
2025-11-15 03:12:30,99.70604026845638
2025-11-15 03:15:00,99.70536912751678
2025-11-15 03:17:30,99.70469798657717
2025-11-15 03:20:00,99.70402684563759
2025-11-15 03:22:30,99.70335570469798
2025-11-15 03:25:00,99.70268456375838
2025-11-15 03:27:30,99.7020134228188
2025-11-15 03:30:00,99.70134228187919
2025-11-15 03:32:30,99.70067114093959
2025-11-15 03:35:00,99.7
2025-11-15 03:37:30,99.6993288590604
2025-11-15 03:40:00,99.6986577181208
2025-11-15 03:42:30,99.69798657718121
2025-11-15 03:45:00,99.69731543624161
2025-11-15 03:47:30,99.69664429530201
2025-11-15 03:50:00,99.69597315436242
2025-11-15 03:52:30,99.69530201342282
2025-11-15 03:55:00,99.69463087248322
2025-11-15 03:57:30,99.69395973154363
2025-11-15 04:00:00,99.69328859060403
2025-11-15 04:02:30,99.69261744966443
2025-11-15 04:05:00,99.69194630872482
2025-11-15 04:07:30,99.69127516778524
2025-11-15 04:10:00,99.69060402684563
2025-11-15 04:12:30,99.68993288590603
2025-11-15 04:15:00,99.68926174496644
2025-11-15 04:17:30,99.68859060402684
2025-11-15 04:20:00,99.68791946308724
2025-11-15 04:22:30,99.68724832214765
2025-11-15 04:25:00,99.68657718120805
2025-11-15 04:27:30,99.68590604026845
2025-11-15 04:30:00,99.68523489932886
2025-11-15 04:32:30,99.68456375838926
2025-11-15 04:35:00,99.68389261744966
2025-11-15 04:37:30,99.68322147651007
2025-11-15 04:40:00,99.68255033557047
2025-11-15 04:42:30,99.68187919463087
2025-11-15 04:45:00,99.68120805369128
2025-11-15 04:47:30,99.68053691275168
2025-11-15 04:50:00,99.67986577181208
2025-11-15 04:52:30,99.67919463087249
2025-11-15 04:55:00,99.67852348993289
2025-11-15 04:57:30,99.67785234899328
2025-11-15 05:00:00,99.67718120805368
2025-11-15 05:02:30,99.6765100671141
2025-11-15 05:05:00,99.67583892617449
2025-11-15 05:07:30,99.67516778523489
2025-11-15 05:10:00,99.6744966442953
2025-11-15 05:12:30,99.6738255033557
2025-11-15 05:15:00,99.6731543624161
2025-11-15 05:17:30,99.67248322147651
2025-11-15 05:20:00,99.67181208053691
2025-11-15 05:22:30,99.67114093959731
2025-11-15 05:25:00,99.67046979865772
2025-11-15 05:27:30,99.66979865771812
2025-11-15 05:30:00,99.66912751677852
2025-11-15 05:32:30,99.66845637583893
2025-11-15 05:35:00,99.66778523489933
2025-11-15 05:37:30,99.66711409395973
2025-11-15 05:40:00,99.66644295302014
2025-11-15 05:42:30,99.66577181208054
2025-11-15 05:45:00,99.66510067114093
2025-11-15 05:47:30,99.66442953020135
2025-11-15 05:50:00,99.66375838926174
2025-11-15 05:52:30,99.66308724832214
2025-11-15 05:55:00,99.66241610738254
2025-11-15 05:57:30,99.66174496644295
2025-11-15 06:00:00,99.66107382550335
2025-11-15 06:02:30,99.66040268456375
2025-11-15 06:05:00,99.65973154362416
2025-11-15 06:07:30,99.65906040268456
2025-11-15 06:10:00,99.65838926174496
2025-11-15 06:12:30,99.65771812080537
2025-11-15 06:15:00,99.65704697986577
2025-11-15 06:17:30,99.65637583892617
2025-11-15 06:20:00,99.65570469798658
2025-11-15 06:22:30,99.65503355704698
2025-11-15 06:25:00,99.65436241610738
2025-11-15 06:27:30,99.65369127516779
2025-11-15 06:30:00,99.65302013422819
2025-11-15 06:32:30,99.65234899328858
2025-11-15 06:35:00,99.651677852349
2025-11-15 06:37:30,99.6510067114094
2025-11-15 06:40:00,99.65033557046979
2025-11-15 06:42:30,99.64966442953019
2025-11-15 06:45:00,99.6489932885906
2025-11-15 06:47:30,99.648322147651
2025-11-15 06:50:00,99.6476510067114
2025-11-15 06:52:30,99.64697986577181
2025-11-15 06:55:00,99.64630872483221
2025-11-15 06:57:30,99.64563758389261
2025-11-15 07:00:00,99.64496644295302
2025-11-15 07:02:30,99.64429530201342
2025-11-15 07:05:00,99.64362416107382
2025-11-15 07:07:30,99.64295302013423
2025-11-15 07:10:00,99.64228187919463
2025-11-15 07:12:30,99.64161073825503
2025-11-15 07:15:00,99.64093959731544
2025-11-15 07:17:30,99.64026845637584
2025-11-15 07:20:00,99.63959731543623
2025-11-15 07:22:30,99.63892617449665
2025-11-15 07:25:00,99.63825503355704
2025-11-15 07:27:30,99.63758389261744
2025-11-15 07:30:00,99.63691275167785
2025-11-15 07:32:30,99.63624161073825
2025-11-15 07:35:00,99.63557046979865
2025-11-15 07:37:30,99.63489932885905
2025-11-15 07:40:00,99.63422818791946
2025-11-15 07:42:30,99.63355704697986
2025-11-15 07:45:00,99.63288590604026
2025-11-15 07:47:30,99.63221476510067
2025-11-15 07:50:00,99.63154362416107
2025-11-15 07:52:30,99.63087248322147
2025-11-15 07:55:00,99.63020134228188
2025-11-15 07:57:30,99.62953020134228
2025-11-15 08:00:00,99.62885906040268
2025-11-15 08:02:30,99.62818791946309
2025-11-15 08:05:00,99.62751677852349
2025-11-15 08:07:30,99.62684563758388
2025-11-15 08:10:00,99.6261744966443
2025-11-15 08:12:30,99.6255033557047
2025-11-15 08:15:00,99.62483221476509
2025-11-15 08:17:30,99.6241610738255
2025-11-15 08:20:00,99.6234899328859
2025-11-15 08:22:30,99.6228187919463
2025-11-15 08:25:00,99.62214765100671
2025-11-15 08:27:30,99.62147651006711
2025-11-15 08:30:00,99.62080536912751
2025-11-15 08:32:30,99.62013422818791
2025-11-15 08:35:00,99.61946308724832
2025-11-15 08:37:30,99.61879194630872
2025-11-15 08:40:00,99.61812080536912
2025-11-15 08:42:30,99.61744966442953
2025-11-15 08:45:00,99.61677852348993
2025-11-15 08:47:30,99.61610738255033
2025-11-15 08:50:00,99.61543624161074
2025-11-15 08:52:30,99.61476510067114
2025-11-15 08:55:00,99.61409395973153
2025-11-15 08:57:30,99.61342281879195
2025-11-15 09:00:00,99.61275167785234
2025-11-15 09:02:30,99.61208053691274
2025-11-15 09:05:00,99.61140939597315
2025-11-15 09:07:30,99.61073825503355
2025-11-15 09:10:00,99.61006711409395
2025-11-15 09:12:30,99.60939597315436
2025-11-15 09:15:00,99.60872483221476
2025-11-15 09:17:30,99.60805369127516
2025-11-15 09:20:00,99.60738255033557
2025-11-15 09:22:30,99.60671140939597
2025-11-15 09:25:00,99.60604026845637
2025-11-15 09:27:30,99.60536912751677
2025-11-15 09:30:00,99.60469798657718
2025-11-15 09:32:30,99.60402684563758
2025-11-15 09:35:00,99.60335570469798
2025-11-15 09:37:30,99.60268456375839
2025-11-15 09:40:00,99.60201342281879
2025-11-15 09:42:30,99.60134228187918
2025-11-15 09:45:00,99.6006711409396
2025-11-15 09:47:30,99.6
2025-11-15 09:50:00,99.4
2025-11-15 09:52:30,99.4
2025-11-15 09:55:00,99.5
2025-11-15 09:57:30,99.6
2025-11-15 10:00:00,99.8
2025-11-15 10:02:30,99.6
2025-11-15 10:05:00,99.7
2025-11-15 10:07:30,99.5
2025-11-15 10:10:00,99.35
2025-11-15 10:12:30,99.65
2025-11-15 10:15:00,99.35
2025-11-15 10:17:30,99.75
2025-11-15 10:20:00,99.69999999999999
2025-11-15 10:22:30,99.4
2025-11-15 10:25:00,99.6
2025-11-15 10:27:30,99.7
2025-11-15 10:30:00,99.55000000000001
2025-11-15 10:32:30,99.6
2025-11-15 10:35:00,99.7
2025-11-15 10:37:30,99.65
2025-11-15 10:40:00,99.6
2025-11-15 10:42:30,99.6
2025-11-15 10:45:00,99.6
2025-11-15 10:47:30,99.6
2025-11-15 10:50:00,99.6
2025-11-15 10:52:30,99.6
2025-11-15 10:55:00,99.6
2025-11-15 10:57:30,99.6
2025-11-15 11:00:00,99.6
2025-11-15 11:02:30,99.6
2025-11-15 11:05:00,99.5
2025-11-15 11:07:30,99.6
2025-11-15 11:10:00,99.6
2025-11-15 11:12:30,99.69999999999999
2025-11-15 11:15:00,99.8
2025-11-15 11:17:30,99.65
2025-11-15 11:20:00,99.6
2025-11-15 11:22:30,99.8
2025-11-15 11:25:00,99.1
2025-11-15 11:27:30,99.85
2025-11-15 11:30:00,99.8
2025-11-15 11:32:30,99.55
2025-11-15 11:35:00,99.45
2025-11-15 11:37:30,99.6
2025-11-15 11:40:00,99.8
2025-11-15 11:42:30,99.55000000000001
2025-11-15 11:45:00,99.8
2025-11-15 11:47:30,99.8
2025-11-15 11:50:00,99.6
2025-11-15 11:52:30,99.6
2025-11-15 11:55:00,99.6
2025-11-15 11:57:30,99.6
2025-11-15 12:00:00,99.65
2025-11-15 12:02:30,99.6
2025-11-15 12:05:00,99.4
2025-11-15 12:07:30,99.6
2025-11-15 12:10:00,99.69999999999999
2025-11-15 12:12:30,99.7
2025-11-15 12:15:00,99.5
2025-11-15 12:17:30,99.6
2025-11-15 12:20:00,99.45
2025-11-15 12:22:30,99.75
2025-11-15 12:25:00,99.6
2025-11-15 12:27:30,99.6
2025-11-15 12:30:00,99.65
2025-11-15 12:32:30,99.6
2025-11-15 12:35:00,99.8
2025-11-15 12:37:30,99.6
2025-11-15 12:40:00,99.75
2025-11-15 12:42:30,99.3
2025-11-15 12:45:00,99.7
2025-11-15 12:47:30,99.2
2025-11-15 12:50:00,99.8
2025-11-15 12:52:30,99.55000000000001
2025-11-15 12:55:00,98.9
2025-11-15 12:57:30,99.6
2025-11-15 13:00:00,99.6
2025-11-15 13:02:30,99.7
2025-11-15 13:05:00,99.55000000000001
2025-11-15 13:07:30,99.6
2025-11-15 13:10:00,99.69999999999999
2025-11-15 13:12:30,99.75
2025-11-15 13:15:00,99.4
2025-11-15 13:17:30,99.5
2025-11-15 13:20:00,99.8
2025-11-15 13:22:30,99.4
2025-11-15 13:25:00,99.6
2025-11-15 13:27:30,99.3
2025-11-15 13:30:00,99.5
2025-11-15 13:32:30,99.6
2025-11-15 13:35:00,99.45
2025-11-15 13:37:30,99.5
2025-11-15 13:40:00,99.6
2025-11-15 13:42:30,99.6
2025-11-15 13:45:00,99.6
2025-11-15 13:47:30,99.45
2025-11-15 13:50:00,99.6
2025-11-15 13:52:30,99.75
2025-11-15 13:55:00,99.7
2025-11-15 13:57:30,99.6
2025-11-15 14:00:00,99.6
2025-11-15 14:02:30,99.65
2025-11-15 14:05:00,99.8
2025-11-15 14:07:30,99.6
2025-11-15 14:10:00,99.69999999999999
2025-11-15 14:12:30,99.6
2025-11-15 14:15:00,99.6
2025-11-15 14:17:30,99.4
2025-11-15 14:20:00,99.5
2025-11-15 14:22:30,99.6
2025-11-15 14:25:00,99.65
2025-11-15 14:27:30,99.4
2025-11-15 14:30:00,99.6
2025-11-15 14:32:30,99.6
2025-11-15 14:35:00,99.7
2025-11-15 14:37:30,99.19999999999999
2025-11-15 14:40:00,99.7
2025-11-15 14:42:30,99.65
2025-11-15 14:45:00,99.5
2025-11-15 14:47:30,99.8
2025-11-15 14:50:00,99.0
2025-11-15 14:52:30,99.8
2025-11-15 14:55:00,99.6
2025-11-15 14:57:30,99.8
2025-11-15 15:00:00,99.5
2025-11-15 15:02:30,99.4
2025-11-15 15:05:00,99.3
2025-11-15 15:07:30,99.3
2025-11-15 15:10:00,99.5
2025-11-15 15:12:30,99.6
2025-11-15 15:15:00,99.5
2025-11-15 15:17:30,99.7
2025-11-15 15:20:00,99.55
2025-11-15 15:22:30,99.7
2025-11-15 15:25:00,99.5
2025-11-15 15:27:30,99.35
2025-11-15 15:30:00,99.5
2025-11-15 15:32:30,99.4
2025-11-15 15:35:00,99.5
2025-11-15 15:37:30,99.5
2025-11-15 15:40:00,99.5
2025-11-15 15:42:30,99.55
2025-11-15 15:45:00,99.4
2025-11-15 15:47:30,99.6
2025-11-15 15:50:00,99.6
2025-11-15 15:52:30,99.55000000000001
2025-11-15 15:55:00,99.7
2025-11-15 15:57:30,99.7
2025-11-15 16:00:00,99.6
2025-11-15 16:02:30,99.5
2025-11-15 16:05:00,99.55000000000001
2025-11-15 16:07:30,99.6
2025-11-15 16:10:00,99.6
2025-11-15 16:12:30,99.6
2025-11-15 16:15:00,99.6
2025-11-15 16:17:30,99.6
2025-11-15 16:20:00,99.6
2025-11-15 16:22:30,99.6
2025-11-15 16:25:00,99.6
2025-11-15 16:27:30,99.6
2025-11-15 16:30:00,99.6
2025-11-15 16:32:30,99.6
2025-11-15 16:35:00,99.5
2025-11-15 16:37:30,99.35
2025-11-15 16:40:00,99.69999999999999
2025-11-15 16:42:30,99.5
2025-11-15 16:45:00,99.6
2025-11-15 16:47:30,99.5
2025-11-15 16:50:00,99.6
2025-11-15 16:52:30,99.2
2025-11-15 16:55:00,99.69999999999999
2025-11-15 16:57:30,99.5
2025-11-15 17:00:00,99.4
2025-11-15 17:02:30,99.5
2025-11-15 17:05:00,99.6
2025-11-15 17:07:30,99.5
2025-11-15 17:10:00,99.85
2025-11-15 17:12:30,99.6
2025-11-15 17:15:00,99.35
2025-11-15 17:17:30,99.5
2025-11-15 17:20:00,99.8
2025-11-15 17:22:30,99.5
2025-11-15 17:25:00,99.4
2025-11-15 17:27:30,99.44999999999999
2025-11-15 17:30:00,99.6
2025-11-15 17:32:30,99.5
2025-11-15 17:35:00,99.55
2025-11-15 17:37:30,99.4
2025-11-15 17:40:00,99.5
2025-11-15 17:42:30,99.5
2025-11-15 17:45:00,99.45
2025-11-15 17:47:30,99.6
2025-11-15 17:50:00,99.8
2025-11-15 17:52:30,99.4
2025-11-15 17:55:00,99.8
2025-11-15 17:57:30,99.6
2025-11-15 18:00:00,99.6
2025-11-15 18:02:30,99.7
2025-11-15 18:05:00,99.6
2025-11-15 18:07:30,99.8
2025-11-15 18:10:00,99.6
2025-11-15 18:12:30,99.6
2025-11-15 18:15:00,99.8
2025-11-15 18:17:30,99.6
2025-11-15 18:20:00,99.6
2025-11-15 18:22:30,99.6
2025-11-15 18:25:00,99.6
2025-11-15 18:27:30,99.5
2025-11-15 18:30:00,99.6
2025-11-15 18:32:30,99.5
2025-11-15 18:35:00,99.4
2025-11-15 18:37:30,99.6
2025-11-15 18:40:00,99.30000000000001
2025-11-15 18:42:30,99.4
2025-11-15 18:45:00,99.4
2025-11-15 18:47:30,99.5
2025-11-15 18:50:00,99.4
2025-11-15 18:52:30,99.3
2025-11-15 18:55:00,99.8
2025-11-15 18:57:30,99.69999999999999
2025-11-15 19:00:00,99.6
2025-11-15 19:02:30,99.6
2025-11-15 19:05:00,99.5
2025-11-15 19:07:30,99.65
2025-11-15 19:10:00,99.6
2025-11-15 19:12:30,99.8
2025-11-15 19:15:00,99.4
2025-11-15 19:17:30,99.6
2025-11-15 19:20:00,99.5
2025-11-15 19:22:30,99.3
2025-11-15 19:25:00,99.6
2025-11-15 19:27:30,99.55
2025-11-15 19:30:00,99.45
2025-11-15 19:32:30,99.8
2025-11-15 19:35:00,99.5
2025-11-15 19:37:30,99.4
2025-11-15 19:40:00,99.8
2025-11-15 19:42:30,99.7
2025-11-15 19:45:00,99.6
2025-11-15 19:47:30,99.4
2025-11-15 19:50:00,99.6
2025-11-15 19:52:30,99.4
2025-11-15 19:55:00,99.45
2025-11-15 19:57:30,99.35
2025-11-15 20:00:00,99.65
2025-11-15 20:02:30,99.4
2025-11-15 20:05:00,99.4
2025-11-15 20:07:30,99.6
2025-11-15 20:10:00,99.6
2025-11-15 20:12:30,99.4
2025-11-15 20:15:00,99.4
2025-11-15 20:17:30,99.4
2025-11-15 20:20:00,99.5
2025-11-15 20:22:30,99.8
2025-11-15 20:25:00,99.5
2025-11-15 20:27:30,99.6
2025-11-15 20:30:00,99.5
2025-11-15 20:32:30,99.6
2025-11-15 20:35:00,99.4
2025-11-15 20:37:30,99.5
2025-11-15 20:40:00,99.55
2025-11-15 20:42:30,99.4
2025-11-15 20:45:00,99.7
2025-11-15 20:47:30,99.65
2025-11-15 20:50:00,99.4
2025-11-15 20:52:30,99.65
2025-11-15 20:55:00,99.5
2025-11-15 20:57:30,99.4
2025-11-15 21:00:00,99.4
2025-11-15 21:02:30,99.6
2025-11-15 21:05:00,99.5
2025-11-15 21:07:30,99.6
2025-11-15 21:10:00,99.6
2025-11-15 21:12:30,99.4
2025-11-15 21:15:00,99.7
2025-11-15 21:17:30,99.5
2025-11-15 21:20:00,99.35
2025-11-15 21:22:30,99.6
2025-11-15 21:25:00,99.4
2025-11-15 21:27:30,99.6
2025-11-15 21:30:00,99.3
2025-11-15 21:32:30,99.6
2025-11-15 21:35:00,99.5
2025-11-15 21:37:30,99.55000000000001
2025-11-15 21:40:00,99.45
2025-11-15 21:42:30,99.2
2025-11-15 21:45:00,99.4
2025-11-15 21:47:30,99.35
2025-11-15 21:50:00,99.6
2025-11-15 21:52:30,99.45
2025-11-15 21:55:00,99.55
2025-11-15 21:57:30,99.5
2025-11-15 22:00:00,99.6
2025-11-15 22:02:30,99.4
2025-11-15 22:05:00,99.4
2025-11-15 22:07:30,99.4
2025-11-15 22:10:00,99.4
2025-11-15 22:12:30,99.3
2025-11-15 22:15:00,99.5
2025-11-15 22:17:30,99.5
2025-11-15 22:20:00,99.4
2025-11-15 22:22:30,99.6
2025-11-15 22:25:00,99.5
2025-11-15 22:27:30,99.5
2025-11-15 22:30:00,99.4
2025-11-15 22:32:30,99.4
2025-11-15 22:35:00,99.3
2025-11-15 22:37:30,99.0
2025-11-15 22:40:00,99.6
2025-11-15 22:42:30,99.5
2025-11-15 22:45:00,99.5
2025-11-15 22:47:30,99.4
2025-11-15 22:50:00,99.4
2025-11-15 22:52:30,99.5
2025-11-15 22:55:00,99.45
2025-11-15 22:57:30,99.45
2025-11-15 23:00:00,99.4
2025-11-15 23:02:30,99.6
2025-11-15 23:05:00,99.4
2025-11-15 23:07:30,99.55
2025-11-15 23:10:00,99.5
2025-11-15 23:12:30,99.4
2025-11-15 23:15:00,99.4
2025-11-15 23:17:30,99.4
2025-11-15 23:20:00,99.3
2025-11-15 23:22:30,99.4
2025-11-15 23:25:00,99.4
2025-11-15 23:27:30,99.4
2025-11-15 23:30:00,99.4
2025-11-15 23:32:30,99.3
2025-11-15 23:35:00,99.3
2025-11-15 23:37:30,99.3
2025-11-15 23:40:00,99.3
2025-11-15 23:42:30,99.3
2025-11-15 23:45:00,99.3
2025-11-15 23:47:30,99.3
2025-11-15 23:50:00,99.3
2025-11-15 23:52:30,99.3
2025-11-15 23:55:00,99.3
2025-11-15 23:57:30,99.3
2025-11-16 00:00:00,99.4
2025-11-16 00:02:30,99.4
2025-11-16 00:05:00,99.4
2025-11-16 00:07:30,99.4
2025-11-16 00:10:00,99.4
2025-11-16 00:12:30,99.4
2025-11-16 00:15:00,99.4
2025-11-16 00:17:30,99.4
2025-11-16 00:20:00,99.4
2025-11-16 00:22:30,99.4
2025-11-16 00:25:00,99.4
2025-11-16 00:27:30,99.4
2025-11-16 00:30:00,99.4
2025-11-16 00:32:30,99.4
2025-11-16 00:35:00,99.4
2025-11-16 00:37:30,99.3
2025-11-16 00:40:00,99.3
2025-11-16 00:42:30,99.3
2025-11-16 00:45:00,99.3
2025-11-16 00:47:30,99.3
2025-11-16 00:50:00,99.3
2025-11-16 00:52:30,99.5
2025-11-16 00:55:00,99.2
2025-11-16 00:57:30,99.6
2025-11-16 01:00:00,99.5
2025-11-16 01:02:30,99.4
2025-11-16 01:05:00,99.35
2025-11-16 01:07:30,99.4
2025-11-16 01:10:00,99.3
2025-11-16 01:12:30,99.0
2025-11-16 01:15:00,99.5
2025-11-16 01:17:30,99.4
2025-11-16 01:20:00,99.3
2025-11-16 01:22:30,99.2
2025-11-16 01:25:00,99.4
2025-11-16 01:27:30,99.4
2025-11-16 01:30:00,99.6
2025-11-16 01:32:30,99.5
2025-11-16 01:35:00,99.3
2025-11-16 01:37:30,99.4
2025-11-16 01:40:00,99.3
2025-11-16 01:42:30,99.4
2025-11-16 01:45:00,99.4
2025-11-16 01:47:30,99.55
2025-11-16 01:50:00,99.3
2025-11-16 01:52:30,99.3
2025-11-16 01:55:00,99.1
2025-11-16 01:57:30,99.3
2025-11-16 02:00:00,99.4
2025-11-16 02:02:30,99.4
2025-11-16 02:05:00,99.5
2025-11-16 02:07:30,99.35
2025-11-16 02:10:00,99.3
2025-11-16 02:12:30,99.4
2025-11-16 02:15:00,99.6
2025-11-16 02:17:30,98.5
2025-11-16 02:20:00,98.8
2025-11-16 02:22:30,98.6
2025-11-16 02:25:00,99.15
2025-11-16 02:27:30,99.4
2025-11-16 02:30:00,99.4
2025-11-16 02:32:30,99.4
2025-11-16 02:35:00,98.95
2025-11-16 02:37:30,98.5
2025-11-16 02:40:00,98.5
2025-11-16 02:42:30,98.5
2025-11-16 02:45:00,98.8
2025-11-16 02:47:30,98.9
2025-11-16 02:50:00,98.8
2025-11-16 02:52:30,99.4
2025-11-16 02:55:00,99.35
2025-11-16 02:57:30,99.6
2025-11-16 03:00:00,99.3
2025-11-16 03:02:30,99.4
2025-11-16 03:05:00,99.4
2025-11-16 03:07:30,99.4
2025-11-16 03:10:00,99.4
2025-11-16 03:12:30,99.4
2025-11-16 03:15:00,99.4
2025-11-16 03:17:30,99.4
2025-11-16 03:20:00,99.3
2025-11-16 03:22:30,99.3
2025-11-16 03:25:00,99.5
2025-11-16 03:27:30,99.4
2025-11-16 03:30:00,99.4
2025-11-16 03:32:30,99.2
2025-11-16 03:35:00,99.35
2025-11-16 03:37:30,99.2
2025-11-16 03:40:00,99.3
2025-11-16 03:42:30,99.45
2025-11-16 03:45:00,99.3
2025-11-16 03:47:30,99.2
2025-11-16 03:50:00,99.3
2025-11-16 03:52:30,99.1
2025-11-16 03:55:00,99.4
2025-11-16 03:57:30,99.35
2025-11-16 04:00:00,99.35
2025-11-16 04:02:30,99.35
2025-11-16 04:05:00,99.4
2025-11-16 04:07:30,99.4
2025-11-16 04:10:00,99.3
2025-11-16 04:12:30,99.4
2025-11-16 04:15:00,99.3
2025-11-16 04:17:30,99.0
2025-11-16 04:20:00,99.3
2025-11-16 04:22:30,99.45
2025-11-16 04:25:00,99.4
2025-11-16 04:27:30,99.4
2025-11-16 04:30:00,99.2
2025-11-16 04:32:30,99.3
2025-11-16 04:35:00,99.2
2025-11-16 04:37:30,99.3
2025-11-16 04:40:00,99.0
2025-11-16 04:42:30,99.1
2025-11-16 04:45:00,99.4
2025-11-16 04:47:30,99.3
2025-11-16 04:50:00,99.1
2025-11-16 04:52:30,99.30000000000001
2025-11-16 04:55:00,99.0
2025-11-16 04:57:30,99.4
2025-11-16 05:00:00,99.3
2025-11-16 05:02:30,99.2
2025-11-16 05:05:00,99.2
2025-11-16 05:07:30,99.4
2025-11-16 05:10:00,99.3
2025-11-16 05:12:30,99.3
2025-11-16 05:15:00,99.2
2025-11-16 05:17:30,99.1
2025-11-16 05:20:00,99.3
2025-11-16 05:22:30,99.3
2025-11-16 05:25:00,99.3
2025-11-16 05:27:30,99.3
2025-11-16 05:30:00,99.3
2025-11-16 05:32:30,99.3
2025-11-16 05:35:00,99.3
2025-11-16 05:37:30,99.3
2025-11-16 05:40:00,99.3
2025-11-16 05:42:30,99.3
2025-11-16 05:45:00,99.3
2025-11-16 05:47:30,99.3
2025-11-16 05:50:00,99.1
2025-11-16 05:52:30,99.1
2025-11-16 05:55:00,99.3
2025-11-16 05:57:30,99.4
2025-11-16 06:00:00,99.4
2025-11-16 06:02:30,99.2
2025-11-16 06:05:00,99.4
2025-11-16 06:07:30,99.4
2025-11-16 06:10:00,99.4
2025-11-16 06:12:30,99.3
2025-11-16 06:15:00,99.2
2025-11-16 06:17:30,99.3
2025-11-16 06:20:00,99.2
2025-11-16 06:22:30,99.3
2025-11-16 06:25:00,99.4
2025-11-16 06:27:30,99.2
2025-11-16 06:30:00,99.4
2025-11-16 06:32:30,99.4
2025-11-16 06:35:00,99.0
2025-11-16 06:37:30,99.1
2025-11-16 06:40:00,99.1
2025-11-16 06:42:30,99.1
2025-11-16 06:45:00,99.2
2025-11-16 06:47:30,99.4
2025-11-16 06:50:00,99.3
2025-11-16 06:52:30,99.3
2025-11-16 06:55:00,99.2
2025-11-16 06:57:30,99.3
2025-11-16 07:00:00,99.1
2025-11-16 07:02:30,99.2
2025-11-16 07:05:00,99.3
2025-11-16 07:07:30,99.4
2025-11-16 07:10:00,99.15
2025-11-16 07:12:30,99.3
2025-11-16 07:15:00,99.4
2025-11-16 07:17:30,99.4
2025-11-16 07:20:00,99.3
2025-11-16 07:22:30,99.2
2025-11-16 07:25:00,99.3
2025-11-16 07:27:30,99.2
2025-11-16 07:30:00,99.3
2025-11-16 07:32:30,99.3
2025-11-16 07:35:00,99.3
2025-11-16 07:37:30,99.3
2025-11-16 07:40:00,99.3
2025-11-16 07:42:30,99.3
2025-11-16 07:45:00,99.25
2025-11-16 07:47:30,99.25
2025-11-16 07:50:00,99.1
2025-11-16 07:52:30,98.9
2025-11-16 07:55:00,98.9
2025-11-16 07:57:30,99.1
2025-11-16 08:00:00,99.1
2025-11-16 08:02:30,99.1
2025-11-16 08:05:00,99.3
2025-11-16 08:07:30,99.25
2025-11-16 08:10:00,99.1
2025-11-16 08:12:30,99.1
2025-11-16 08:15:00,99.1
2025-11-16 08:17:30,99.2
2025-11-16 08:20:00,99.1
2025-11-16 08:22:30,99.1
2025-11-16 08:25:00,99.1
2025-11-16 08:27:30,99.1
2025-11-16 08:30:00,99.0
2025-11-16 08:32:30,99.1
2025-11-16 08:35:00,98.9
2025-11-16 08:37:30,98.5
2025-11-16 08:40:00,97.7
2025-11-16 08:42:30,98.375
2025-11-16 08:45:00,98.5
2025-11-16 08:47:30,98.8
2025-11-16 08:50:00,98.1
2025-11-16 08:52:30,99.1
2025-11-16 08:55:00,98.5
2025-11-16 08:57:30,99.0
2025-11-16 09:00:00,99.35
2025-11-16 09:02:30,99.3
2025-11-16 09:05:00,99.3
2025-11-16 09:07:30,99.0
2025-11-16 09:10:00,99.0
2025-11-16 09:12:30,99.0
2025-11-16 09:15:00,99.05
2025-11-16 09:17:30,99.2
2025-11-16 09:20:00,99.3
2025-11-16 09:22:30,99.1
2025-11-16 09:25:00,99.4
2025-11-16 09:27:30,99.0
2025-11-16 09:30:00,99.1
2025-11-16 09:32:30,99.0
2025-11-16 09:35:00,99.1
2025-11-16 09:37:30,99.2
2025-11-16 09:40:00,99.3
2025-11-16 09:42:30,99.1
2025-11-16 09:45:00,99.1
2025-11-16 09:47:30,99.1
2025-11-16 09:50:00,99.1
2025-11-16 09:52:30,99.1
2025-11-16 09:55:00,99.1
2025-11-16 09:57:30,99.1
2025-11-16 10:00:00,99.1
2025-11-16 10:02:30,99.5
2025-11-16 10:05:00,99.1
2025-11-16 10:07:30,99.2
2025-11-16 10:10:00,99.25
2025-11-16 10:12:30,99.1
2025-11-16 10:15:00,99.0
2025-11-16 10:17:30,99.15
2025-11-16 10:20:00,99.3
2025-11-16 10:22:30,99.2
2025-11-16 10:25:00,99.3
2025-11-16 10:27:30,99.0
2025-11-16 10:30:00,99.05000000000001
2025-11-16 10:32:30,99.1
2025-11-16 10:35:00,99.1
2025-11-16 10:37:30,99.0
2025-11-16 10:40:00,99.1
2025-11-16 10:42:30,99.1
2025-11-16 10:45:00,99.1
2025-11-16 10:47:30,99.30000000000001
2025-11-16 10:50:00,99.4
2025-11-16 10:52:30,99.1
2025-11-16 10:55:00,99.3
2025-11-16 10:57:30,99.4
2025-11-16 11:00:00,99.5
2025-11-16 11:02:30,99.3
2025-11-16 11:05:00,99.4
2025-11-16 11:07:30,99.1
2025-11-16 11:10:00,99.1
2025-11-16 11:12:30,99.1
2025-11-16 11:15:00,99.1
2025-11-16 11:17:30,99.1
2025-11-16 11:20:00,98.3
2025-11-16 11:22:30,99.1
2025-11-16 11:25:00,99.3
2025-11-16 11:27:30,98.5
2025-11-16 11:30:00,99.1
2025-11-16 11:32:30,99.3
2025-11-16 11:35:00,98.69999999999999
2025-11-16 11:37:30,99.3
2025-11-16 11:40:00,99.3
2025-11-16 11:42:30,99.35
2025-11-16 11:45:00,99.2
2025-11-16 11:47:30,99.3
2025-11-16 11:50:00,99.3
2025-11-16 11:52:30,99.4
2025-11-16 11:55:00,99.4
2025-11-16 11:57:30,99.2
2025-11-16 12:00:00,99.4
2025-11-16 12:02:30,99.3
2025-11-16 12:05:00,99.2
2025-11-16 12:07:30,99.4
2025-11-16 12:10:00,99.0
2025-11-16 12:12:30,99.35
2025-11-16 12:15:00,99.4
2025-11-16 12:17:30,99.3
2025-11-16 12:20:00,99.1
2025-11-16 12:22:30,99.35
2025-11-16 12:25:00,99.1
2025-11-16 12:27:30,99.4
2025-11-16 12:30:00,99.0
2025-11-16 12:32:30,99.3
2025-11-16 12:35:00,99.2
2025-11-16 12:37:30,99.3
2025-11-16 12:40:00,99.4
2025-11-16 12:42:30,99.1
2025-11-16 12:45:00,98.9
2025-11-16 12:47:30,99.15
2025-11-16 12:50:00,99.3
2025-11-16 12:52:30,99.3
2025-11-16 12:55:00,99.3
2025-11-16 12:57:30,99.3
2025-11-16 13:00:00,99.4
2025-11-16 13:02:30,99.3
2025-11-16 13:05:00,99.3
2025-11-16 13:07:30,99.3
2025-11-16 13:10:00,99.3
2025-11-16 13:12:30,99.15
2025-11-16 13:15:00,99.3
2025-11-16 13:17:30,99.3
2025-11-16 13:20:00,99.4
2025-11-16 13:22:30,99.55
2025-11-16 13:25:00,99.25
2025-11-16 13:27:30,99.4
2025-11-16 13:30:00,99.5
2025-11-16 13:32:30,99.3
2025-11-16 13:35:00,99.0
2025-11-16 13:37:30,99.0
2025-11-16 13:40:00,99.2
2025-11-16 13:42:30,99.3
2025-11-16 13:45:00,99.1
2025-11-16 13:47:30,99.3
2025-11-16 13:50:00,99.4
2025-11-16 13:52:30,99.3
2025-11-16 13:55:00,99.4
2025-11-16 13:57:30,99.3
2025-11-16 14:00:00,99.3
2025-11-16 14:02:30,99.4
2025-11-16 14:05:00,98.9
2025-11-16 14:07:30,99.55000000000001
2025-11-16 14:10:00,99.4
2025-11-16 14:12:30,99.3
2025-11-16 14:15:00,99.3
2025-11-16 14:17:30,99.4
2025-11-16 14:20:00,99.3
2025-11-16 14:22:30,99.4
2025-11-16 14:25:00,99.4
2025-11-16 14:27:30,99.2
2025-11-16 14:30:00,99.35
2025-11-16 14:32:30,99.4
2025-11-16 14:35:00,99.3
2025-11-16 14:37:30,99.1
2025-11-16 14:40:00,99.1
2025-11-16 14:42:30,99.3
2025-11-16 14:45:00,99.3
2025-11-16 14:47:30,99.2
2025-11-16 14:50:00,99.3
2025-11-16 14:52:30,99.3
2025-11-16 14:55:00,99.3
2025-11-16 14:57:30,99.3
2025-11-16 15:00:00,99.4
2025-11-16 15:02:30,99.3
2025-11-16 15:05:00,99.3
2025-11-16 15:07:30,99.3
2025-11-16 15:10:00,99.3
2025-11-16 15:12:30,99.4
2025-11-16 15:15:00,99.3
2025-11-16 15:17:30,99.35
2025-11-16 15:20:00,99.0
2025-11-16 15:22:30,99.4
2025-11-16 15:25:00,99.19999999999999
2025-11-16 15:27:30,99.4
2025-11-16 15:30:00,99.3
2025-11-16 15:32:30,99.2
2025-11-16 15:35:00,99.4
2025-11-16 15:37:30,99.5
2025-11-16 15:40:00,99.3
2025-11-16 15:42:30,99.0
2025-11-16 15:45:00,99.2
2025-11-16 15:47:30,99.2
2025-11-16 15:50:00,99.3
2025-11-16 15:52:30,99.15
2025-11-16 15:55:00,99.15
2025-11-16 15:57:30,99.1
2025-11-16 16:00:00,99.1
2025-11-16 16:02:30,99.4
2025-11-16 16:05:00,99.1
2025-11-16 16:07:30,98.9
2025-11-16 16:10:00,99.1
2025-11-16 16:12:30,99.2
2025-11-16 16:15:00,99.1
2025-11-16 16:17:30,99.0
2025-11-16 16:20:00,99.2
2025-11-16 16:22:30,99.1
2025-11-16 16:25:00,99.1
2025-11-16 16:27:30,99.25
2025-11-16 16:30:00,99.25
2025-11-16 16:32:30,99.3
2025-11-16 16:35:00,99.3
2025-11-16 16:37:30,99.1
2025-11-16 16:40:00,99.0
2025-11-16 16:42:30,99.3
2025-11-16 16:45:00,98.9
2025-11-16 16:47:30,99.2
2025-11-16 16:50:00,99.1
2025-11-16 16:52:30,99.2
2025-11-16 16:55:00,99.2
2025-11-16 16:57:30,99.3
2025-11-16 17:00:00,99.1
2025-11-16 17:02:30,99.4
2025-11-16 17:05:00,99.1
2025-11-16 17:07:30,99.3
2025-11-16 17:10:00,99.0
2025-11-16 17:12:30,99.0
2025-11-16 17:15:00,99.2
2025-11-16 17:17:30,99.1
2025-11-16 17:20:00,99.3
2025-11-16 17:22:30,99.3
2025-11-16 17:25:00,99.2
2025-11-16 17:27:30,98.9
2025-11-16 17:30:00,99.1
2025-11-16 17:32:30,99.2
2025-11-16 17:35:00,99.3
2025-11-16 17:37:30,99.1
2025-11-16 17:40:00,99.3
2025-11-16 17:42:30,99.55
2025-11-16 17:45:00,99.1
2025-11-16 17:47:30,99.1
2025-11-16 17:50:00,99.4
2025-11-16 17:52:30,99.1
2025-11-16 17:55:00,99.15
2025-11-16 17:57:30,99.2
2025-11-16 18:00:00,99.1
2025-11-16 18:02:30,99.3
2025-11-16 18:05:00,99.1
2025-11-16 18:07:30,99.2
2025-11-16 18:10:00,99.2
2025-11-16 18:12:30,99.0
2025-11-16 18:15:00,99.1
2025-11-16 18:17:30,99.0
2025-11-16 18:20:00,99.0
2025-11-16 18:22:30,99.3
2025-11-16 18:25:00,99.1
2025-11-16 18:27:30,99.1
2025-11-16 18:30:00,99.1
2025-11-16 18:32:30,99.1
2025-11-16 18:35:00,99.1
2025-11-16 18:37:30,99.1
2025-11-16 18:40:00,99.1
2025-11-16 18:42:30,99.1
2025-11-16 18:45:00,99.1
2025-11-16 18:47:30,99.1
2025-11-16 18:50:00,99.1
2025-11-16 18:52:30,99.0
2025-11-16 18:55:00,99.3
2025-11-16 18:57:30,99.1
2025-11-16 19:00:00,99.0
2025-11-16 19:02:30,99.0
2025-11-16 19:05:00,99.1
2025-11-16 19:07:30,99.0
2025-11-16 19:10:00,99.1
2025-11-16 19:12:30,99.0
2025-11-16 19:15:00,99.05
2025-11-16 19:17:30,99.3
2025-11-16 19:20:00,99.1
2025-11-16 19:22:30,99.0
2025-11-16 19:25:00,99.1
2025-11-16 19:27:30,99.05
2025-11-16 19:30:00,99.2
2025-11-16 19:32:30,99.0
2025-11-16 19:35:00,99.0
2025-11-16 19:37:30,99.1
2025-11-16 19:40:00,99.1
2025-11-16 19:42:30,99.0
2025-11-16 19:45:00,99.0
2025-11-16 19:47:30,99.0
2025-11-16 19:50:00,99.1
2025-11-16 19:52:30,98.9
2025-11-16 19:55:00,99.0
2025-11-16 19:57:30,99.0
2025-11-16 20:00:00,99.1
2025-11-16 20:02:30,99.1
2025-11-16 20:05:00,99.1
2025-11-16 20:07:30,99.1
2025-11-16 20:10:00,99.1
2025-11-16 20:12:30,99.1
2025-11-16 20:15:00,99.1
2025-11-16 20:17:30,99.1
2025-11-16 20:20:00,99.1
2025-11-16 20:22:30,99.1
2025-11-16 20:25:00,99.1
2025-11-16 20:27:30,99.1
2025-11-16 20:30:00,99.0
2025-11-16 20:32:30,99.0
2025-11-16 20:35:00,99.0
2025-11-16 20:37:30,99.0
2025-11-16 20:40:00,98.8
2025-11-16 20:42:30,99.0
2025-11-16 20:45:00,99.1
2025-11-16 20:47:30,99.0
2025-11-16 20:50:00,99.0
2025-11-16 20:52:30,99.1
2025-11-16 20:55:00,98.8
2025-11-16 20:57:30,99.0
2025-11-16 21:00:00,99.0
2025-11-16 21:02:30,99.0
2025-11-16 21:05:00,99.1
2025-11-16 21:07:30,99.2
2025-11-16 21:10:00,99.0
2025-11-16 21:12:30,98.9
2025-11-16 21:15:00,98.8
2025-11-16 21:17:30,99.0
2025-11-16 21:20:00,99.0
2025-11-16 21:22:30,99.0
2025-11-16 21:25:00,99.1
2025-11-16 21:27:30,98.8
2025-11-16 21:30:00,98.9
2025-11-16 21:32:30,99.15
2025-11-16 21:35:00,99.1
2025-11-16 21:37:30,98.9
2025-11-16 21:40:00,99.1
2025-11-16 21:42:30,98.4
2025-11-16 21:45:00,99.3
2025-11-16 21:47:30,99.19999999999999
2025-11-16 21:50:00,99.0
2025-11-16 21:52:30,99.0
2025-11-16 21:55:00,98.5
2025-11-16 21:57:30,98.8
2025-11-16 22:00:00,99.0
2025-11-16 22:02:30,99.0
2025-11-16 22:05:00,99.1
2025-11-16 22:07:30,99.0
2025-11-16 22:10:00,99.0
2025-11-16 22:12:30,99.1
2025-11-16 22:15:00,99.0
2025-11-16 22:17:30,99.0
2025-11-16 22:20:00,99.0
2025-11-16 22:22:30,98.5
2025-11-16 22:25:00,99.1
2025-11-16 22:27:30,99.1
2025-11-16 22:30:00,98.3
2025-11-16 22:32:30,98.5
2025-11-16 22:35:00,98.9
2025-11-16 22:37:30,98.8
2025-11-16 22:40:00,98.5
2025-11-16 22:42:30,98.5
2025-11-16 22:45:00,99.0
2025-11-16 22:47:30,98.5
2025-11-16 22:50:00,98.7
2025-11-16 22:52:30,98.8
2025-11-16 22:55:00,98.5
2025-11-16 22:57:30,98.5
2025-11-16 23:00:00,98.0
2025-11-16 23:02:30,98.15
2025-11-16 23:05:00,99.19999999999999
2025-11-16 23:07:30,99.1
2025-11-16 23:10:00,99.0
2025-11-16 23:12:30,99.0
2025-11-16 23:15:00,99.1
2025-11-16 23:17:30,99.2
2025-11-16 23:20:00,99.0
2025-11-16 23:22:30,98.8
2025-11-16 23:25:00,99.1
2025-11-16 23:27:30,99.2
2025-11-16 23:30:00,98.9
2025-11-16 23:32:30,98.8
2025-11-16 23:35:00,98.9
2025-11-16 23:37:30,99.0
2025-11-16 23:40:00,98.9
2025-11-16 23:42:30,99.0
2025-11-16 23:45:00,99.0
2025-11-16 23:47:30,99.0
2025-11-16 23:50:00,99.0
2025-11-16 23:52:30,99.0
2025-11-16 23:55:00,99.0
2025-11-16 23:57:30,99.0
2025-11-17 00:00:00,99.0
2025-11-17 00:02:30,99.0
2025-11-17 00:05:00,99.0
2025-11-17 00:07:30,99.0
2025-11-17 00:10:00,99.0
2025-11-17 00:12:30,99.0
2025-11-17 00:15:00,99.0
2025-11-17 00:17:30,99.0
2025-11-17 00:20:00,99.0
2025-11-17 00:22:30,99.0
2025-11-17 00:25:00,99.0
2025-11-17 00:27:30,99.0
2025-11-17 00:30:00,99.0
2025-11-17 00:32:30,99.0
2025-11-17 00:35:00,99.0
2025-11-17 00:37:30,99.1
2025-11-17 00:40:00,99.0
2025-11-17 00:42:30,99.0
2025-11-17 00:45:00,99.0
2025-11-17 00:47:30,99.0
2025-11-17 00:50:00,99.05
2025-11-17 00:52:30,98.8
2025-11-17 00:55:00,99.05
2025-11-17 00:57:30,99.05
2025-11-17 01:00:00,99.0
2025-11-17 01:02:30,98.9
2025-11-17 01:05:00,99.0
2025-11-17 01:07:30,99.0
2025-11-17 01:10:00,99.0
2025-11-17 01:12:30,99.0
2025-11-17 01:15:00,99.0
2025-11-17 01:17:30,99.0
2025-11-17 01:20:00,98.8
2025-11-17 01:22:30,99.0
2025-11-17 01:25:00,99.0
2025-11-17 01:27:30,98.9
2025-11-17 01:30:00,98.7
2025-11-17 01:32:30,98.5
2025-11-17 01:35:00,99.0
2025-11-17 01:37:30,99.0
2025-11-17 01:40:00,99.0
2025-11-17 01:42:30,98.9
2025-11-17 01:45:00,98.5
2025-11-17 01:47:30,99.0
2025-11-17 01:50:00,98.9
2025-11-17 01:52:30,98.8
2025-11-17 01:55:00,98.9
2025-11-17 01:57:30,98.8
2025-11-17 02:00:00,99.0
2025-11-17 02:02:30,99.0
2025-11-17 02:05:00,98.8
2025-11-17 02:07:30,98.8
2025-11-17 02:10:00,98.5
2025-11-17 02:12:30,99.0
2025-11-17 02:15:00,99.0
2025-11-17 02:17:30,98.8
2025-11-17 02:20:00,99.0
2025-11-17 02:22:30,98.9
2025-11-17 02:25:00,98.9
2025-11-17 02:27:30,98.95
2025-11-17 02:30:00,99.0
2025-11-17 02:32:30,99.0
2025-11-17 02:35:00,98.9
2025-11-17 02:37:30,99.0
2025-11-17 02:40:00,98.8
2025-11-17 02:42:30,98.8
2025-11-17 02:45:00,99.0
2025-11-17 02:47:30,99.0
2025-11-17 02:50:00,98.5
2025-11-17 02:52:30,99.0
2025-11-17 02:55:00,98.9
2025-11-17 02:57:30,99.0
2025-11-17 03:00:00,99.0
2025-11-17 03:02:30,98.9
2025-11-17 03:05:00,99.0
2025-11-17 03:07:30,99.0
2025-11-17 03:10:00,98.5
2025-11-17 03:12:30,98.5
2025-11-17 03:15:00,98.5
2025-11-17 03:17:30,99.0
2025-11-17 03:20:00,99.0
2025-11-17 03:22:30,98.5
2025-11-17 03:25:00,98.5
2025-11-17 03:27:30,98.5
2025-11-17 03:30:00,99.1
2025-11-17 03:32:30,98.8
2025-11-17 03:35:00,98.5
2025-11-17 03:37:30,98.9
2025-11-17 03:40:00,98.9
2025-11-17 03:42:30,98.5
2025-11-17 03:45:00,99.0
2025-11-17 03:47:30,99.0
2025-11-17 03:50:00,98.5
2025-11-17 03:52:30,98.65
2025-11-17 03:55:00,98.8
2025-11-17 03:57:30,98.5
2025-11-17 04:00:00,98.5
2025-11-17 04:02:30,98.5
2025-11-17 04:05:00,98.8
2025-11-17 04:07:30,98.9
2025-11-17 04:10:00,99.0
2025-11-17 04:12:30,98.5
2025-11-17 04:15:00,98.44999999999999
2025-11-17 04:17:30,98.8
2025-11-17 04:20:00,98.8
2025-11-17 04:22:30,98.8
2025-11-17 04:25:00,98.6
2025-11-17 04:27:30,98.5
2025-11-17 04:30:00,98.75
2025-11-17 04:32:30,98.6
2025-11-17 04:35:00,98.4
2025-11-17 04:37:30,98.5
2025-11-17 04:40:00,98.2
2025-11-17 04:42:30,98.9
2025-11-17 04:45:00,98.9
2025-11-17 04:47:30,98.4
2025-11-17 04:50:00,97.9
2025-11-17 04:52:30,98.5
2025-11-17 04:55:00,98.3
2025-11-17 04:57:30,98.5
2025-11-17 05:00:00,98.1
2025-11-17 05:02:30,98.4
2025-11-17 05:05:00,98.1
2025-11-17 05:07:30,98.5
2025-11-17 05:10:00,97.7
2025-11-17 05:12:30,98.5
2025-11-17 05:15:00,97.45
2025-11-17 05:17:30,98.5
2025-11-17 05:20:00,98.1
2025-11-17 05:22:30,98.3
2025-11-17 05:25:00,97.5
2025-11-17 05:27:30,98.3
2025-11-17 05:30:00,98.3
2025-11-17 05:32:30,97.8
2025-11-17 05:35:00,97.0
2025-11-17 05:37:30,97.5
2025-11-17 05:40:00,98.1
2025-11-17 05:42:30,97.8
2025-11-17 05:45:00,97.83333333333333
2025-11-17 05:47:30,97.73333333333333
2025-11-17 05:50:00,97.6
2025-11-17 05:52:30,97.7
2025-11-17 05:55:00,97.5
2025-11-17 05:57:30,98.0
2025-11-17 06:00:00,97.66666666666667
2025-11-17 06:02:30,97.5
2025-11-17 06:05:00,96.45
2025-11-17 06:07:30,97.2
2025-11-17 06:10:00,98.0
2025-11-17 06:12:30,97.5
2025-11-17 06:15:00,97.8
2025-11-17 06:17:30,97.7
2025-11-17 06:20:00,97.8
2025-11-17 06:22:30,97.9
2025-11-17 06:25:00,97.7
2025-11-17 06:27:30,97.0
2025-11-17 06:30:00,96.8
2025-11-17 06:32:30,97.7
2025-11-17 06:35:00,97.7
2025-11-17 06:37:30,97.5
2025-11-17 06:40:00,97.6
2025-11-17 06:42:30,96.9
2025-11-17 06:45:00,97.5
2025-11-17 06:47:30,97.6
2025-11-17 06:50:00,97.5
2025-11-17 06:52:30,96.7
2025-11-17 06:55:00,96.82499999999999
2025-11-17 06:57:30,96.7
2025-11-17 07:00:00,96.4
2025-11-17 07:02:30,95.4
2025-11-17 07:05:00,95.9
2025-11-17 07:07:30,95.65
2025-11-17 07:10:00,95.775
2025-11-17 07:12:30,96.075
2025-11-17 07:15:00,97.2
2025-11-17 07:17:30,96.8
2025-11-17 07:20:00,97.1
2025-11-17 07:22:30,97.0
2025-11-17 07:25:00,97.0
2025-11-17 07:27:30,96.8
2025-11-17 07:30:00,96.8
2025-11-17 07:32:30,96.8
2025-11-17 07:35:00,96.8
2025-11-17 07:37:30,96.8
2025-11-17 07:40:00,96.8
2025-11-17 07:42:30,96.75
2025-11-17 07:45:00,96.7
2025-11-17 07:47:30,96.75
2025-11-17 07:50:00,96.6
2025-11-17 07:52:30,96.6
2025-11-17 07:55:00,96.6
2025-11-17 07:57:30,95.9
2025-11-17 08:00:00,94.9
2025-11-17 08:02:30,95.6
2025-11-17 08:05:00,95.9
2025-11-17 08:07:30,95.9
2025-11-17 08:10:00,95.5
2025-11-17 08:12:30,95.9
2025-11-17 08:15:00,95.3
2025-11-17 08:17:30,95.9
2025-11-17 08:20:00,95.575
2025-11-17 08:22:30,95.9
2025-11-17 08:25:00,95.2
2025-11-17 08:27:30,94.2
2025-11-17 08:30:00,94.83333333333333
2025-11-17 08:32:30,95.6
2025-11-17 08:35:00,95.1
2025-11-17 08:37:30,95.5
2025-11-17 08:40:00,95.5
2025-11-17 08:42:30,95.5
2025-11-17 08:45:00,95.6
2025-11-17 08:47:30,95.3
2025-11-17 08:50:00,95.4
2025-11-17 08:52:30,95.4
2025-11-17 08:55:00,95.6
2025-11-17 08:57:30,95.5
2025-11-17 09:00:00,95.3
2025-11-17 09:02:30,95.4
2025-11-17 09:05:00,95.3
2025-11-17 09:07:30,95.2
2025-11-17 09:10:00,95.9
2025-11-17 09:12:30,95.1
2025-11-17 09:15:00,95.3
2025-11-17 09:17:30,95.3
2025-11-17 09:20:00,95.5
2025-11-17 09:22:30,95.3
2025-11-17 09:25:00,95.3
2025-11-17 09:27:30,95.4
2025-11-17 09:30:00,95.0
2025-11-17 09:32:30,95.5
2025-11-17 09:35:00,95.0
2025-11-17 09:37:30,95.2
2025-11-17 09:40:00,95.3
2025-11-17 09:42:30,95.5
2025-11-17 09:45:00,95.3
2025-11-17 09:47:30,95.5
2025-11-17 09:50:00,95.375
2025-11-17 09:52:30,95.5
2025-11-17 09:55:00,95.2
2025-11-17 09:57:30,94.2
2025-11-17 10:00:00,94.9
2025-11-17 10:02:30,95.2
2025-11-17 10:05:00,95.0
2025-11-17 10:07:30,95.5
2025-11-17 10:10:00,95.2
2025-11-17 10:12:30,95.1
2025-11-17 10:15:00,95.4
2025-11-17 10:17:30,95.3
2025-11-17 10:20:00,95.4
2025-11-17 10:22:30,94.9
2025-11-17 10:25:00,95.2
2025-11-17 10:27:30,95.2
2025-11-17 10:30:00,95.5
2025-11-17 10:32:30,95.4
2025-11-17 10:35:00,94.6
2025-11-17 10:37:30,95.2
2025-11-17 10:40:00,95.0
2025-11-17 10:42:30,95.5
2025-11-17 10:45:00,95.2
2025-11-17 10:47:30,95.1
2025-11-17 10:50:00,95.3
2025-11-17 10:52:30,95.5
2025-11-17 10:55:00,95.0
2025-11-17 10:57:30,95.1
2025-11-17 11:00:00,95.0
2025-11-17 11:02:30,95.0
2025-11-17 11:05:00,95.0
2025-11-17 11:07:30,95.1
2025-11-17 11:10:00,95.0
2025-11-17 11:12:30,95.025
2025-11-17 11:15:00,95.0
2025-11-17 11:17:30,95.0
2025-11-17 11:20:00,95.5
2025-11-17 11:22:30,95.33333333333333
2025-11-17 11:25:00,95.38333333333333
2025-11-17 11:27:30,95.5
2025-11-17 11:30:00,95.2
2025-11-17 11:32:30,95.3
2025-11-17 11:35:00,95.0
2025-11-17 11:37:30,95.5
2025-11-17 11:40:00,95.6
2025-11-17 11:42:30,95.0
2025-11-17 11:45:00,95.0
2025-11-17 11:47:30,95.2
2025-11-17 11:50:00,95.4
2025-11-17 11:52:30,95.5
2025-11-17 11:55:00,95.1
2025-11-17 11:57:30,94.0
2025-11-17 12:00:00,94.56666666666666
2025-11-17 12:02:30,95.2
2025-11-17 12:05:00,94.6
2025-11-17 12:07:30,93.7
2025-11-17 12:10:00,93.9
2025-11-17 12:12:30,94.16666666666667
2025-11-17 12:15:00,94.16666666666667
2025-11-17 12:17:30,94.9
2025-11-17 12:20:00,94.79166666666666
2025-11-17 12:22:30,95.1
2025-11-17 12:25:00,95.0
2025-11-17 12:27:30,95.4
2025-11-17 12:30:00,95.4
2025-11-17 12:32:30,94.3
2025-11-17 12:35:00,95.0
2025-11-17 12:37:30,95.3
2025-11-17 12:40:00,95.3
2025-11-17 12:42:30,95.4
2025-11-17 12:45:00,95.0
2025-11-17 12:47:30,95.4
2025-11-17 12:50:00,95.4
2025-11-17 12:52:30,95.2
2025-11-17 12:55:00,95.0
2025-11-17 12:57:30,95.3
2025-11-17 13:00:00,95.4
2025-11-17 13:02:30,95.0
2025-11-17 13:05:00,95.0
2025-11-17 13:07:30,95.0
2025-11-17 13:10:00,94.9
2025-11-17 13:12:30,95.0
2025-11-17 13:15:00,95.0
2025-11-17 13:17:30,95.4
2025-11-17 13:20:00,95.0
2025-11-17 13:22:30,95.0
2025-11-17 13:25:00,95.0
2025-11-17 13:27:30,95.2
2025-11-17 13:30:00,95.3
2025-11-17 13:32:30,95.45
2025-11-17 13:35:00,95.25
2025-11-17 13:37:30,95.2
2025-11-17 13:40:00,95.5
2025-11-17 13:42:30,95.4
2025-11-17 13:45:00,95.4
2025-11-17 13:47:30,95.4
2025-11-17 13:50:00,95.3
2025-11-17 13:52:30,95.44999999999999
2025-11-17 13:55:00,95.5
2025-11-17 13:57:30,95.2
2025-11-17 14:00:00,95.4
2025-11-17 14:02:30,95.4
2025-11-17 14:05:00,95.4
2025-11-17 14:07:30,95.1
2025-11-17 14:10:00,95.4
2025-11-17 14:12:30,95.4
2025-11-17 14:15:00,95.4
2025-11-17 14:17:30,95.4
2025-11-17 14:20:00,95.4
2025-11-17 14:22:30,95.4
2025-11-17 14:25:00,95.4
2025-11-17 14:27:30,95.4
2025-11-17 14:30:00,95.35
2025-11-17 14:32:30,95.35
2025-11-17 14:35:00,95.4
2025-11-17 14:37:30,95.2
2025-11-17 14:40:00,95.4
2025-11-17 14:42:30,95.3
2025-11-17 14:45:00,95.3
2025-11-17 14:47:30,95.4
2025-11-17 14:50:00,95.0
2025-11-17 14:52:30,95.3
2025-11-17 14:55:00,95.0
2025-11-17 14:57:30,95.4
2025-11-17 15:00:00,95.2
2025-11-17 15:02:30,95.2
2025-11-17 15:05:00,95.3
2025-11-17 15:07:30,95.45
2025-11-17 15:10:00,95.65
2025-11-17 15:12:30,95.4
2025-11-17 15:15:00,95.4
2025-11-17 15:17:30,95.4
2025-11-17 15:20:00,95.2
2025-11-17 15:22:30,95.4
2025-11-17 15:25:00,95.4
2025-11-17 15:27:30,95.4
2025-11-17 15:30:00,95.15
2025-11-17 15:32:30,95.5
2025-11-17 15:35:00,95.4
2025-11-17 15:37:30,94.9
2025-11-17 15:40:00,95.30000000000001
2025-11-17 15:42:30,95.5
2025-11-17 15:45:00,95.0
2025-11-17 15:47:30,95.2
2025-11-17 15:50:00,95.0
2025-11-17 15:52:30,95.4
2025-11-17 15:55:00,95.5
2025-11-17 15:57:30,95.1
2025-11-17 16:00:00,95.35
2025-11-17 16:02:30,95.3
2025-11-17 16:05:00,95.5
2025-11-17 16:07:30,95.0
2025-11-17 16:10:00,95.5
2025-11-17 16:12:30,95.0
2025-11-17 16:15:00,95.1
2025-11-17 16:17:30,95.15
2025-11-17 16:20:00,95.15
2025-11-17 16:22:30,94.9
2025-11-17 16:25:00,95.1
2025-11-17 16:27:30,95.4
2025-11-17 16:30:00,94.8
2025-11-17 16:32:30,95.2
2025-11-17 16:35:00,95.1
2025-11-17 16:37:30,95.1
2025-11-17 16:40:00,95.0
2025-11-17 16:42:30,95.2
2025-11-17 16:45:00,95.3
2025-11-17 16:47:30,95.2
2025-11-17 16:50:00,95.0
2025-11-17 16:52:30,95.2
2025-11-17 16:55:00,95.5
2025-11-17 16:57:30,95.45
2025-11-17 17:00:00,95.45
2025-11-17 17:02:30,95.5
2025-11-17 17:05:00,95.2
2025-11-17 17:07:30,95.45
2025-11-17 17:10:00,95.0
2025-11-17 17:12:30,95.3
2025-11-17 17:15:00,95.3
2025-11-17 17:17:30,95.3
2025-11-17 17:20:00,95.4
2025-11-17 17:22:30,95.2
2025-11-17 17:25:00,95.3
2025-11-17 17:27:30,95.2
2025-11-17 17:30:00,95.3
2025-11-17 17:32:30,95.25
2025-11-17 17:35:00,95.1
2025-11-17 17:37:30,95.2
2025-11-17 17:40:00,95.2
2025-11-17 17:42:30,95.4
2025-11-17 17:45:00,95.2
2025-11-17 17:47:30,94.6
2025-11-17 17:50:00,95.2
2025-11-17 17:52:30,95.0
2025-11-17 17:55:00,95.0
2025-11-17 17:57:30,95.2
2025-11-17 18:00:00,94.4
2025-11-17 18:02:30,95.05
2025-11-17 18:05:00,94.475
2025-11-17 18:07:30,94.1
2025-11-17 18:10:00,94.35
2025-11-17 18:12:30,95.45
2025-11-17 18:15:00,95.2
2025-11-17 18:17:30,95.0
2025-11-17 18:20:00,94.9
2025-11-17 18:22:30,94.9
2025-11-17 18:25:00,95.35
2025-11-17 18:27:30,95.0
2025-11-17 18:30:00,95.0
2025-11-17 18:32:30,94.6
2025-11-17 18:35:00,95.0
2025-11-17 18:37:30,95.0
2025-11-17 18:40:00,95.2
2025-11-17 18:42:30,94.9
2025-11-17 18:45:00,95.2
2025-11-17 18:47:30,95.1
2025-11-17 18:50:00,95.0
2025-11-17 18:52:30,94.8
2025-11-17 18:55:00,94.9
2025-11-17 18:57:30,94.9
2025-11-17 19:00:00,95.2
2025-11-17 19:02:30,94.6
2025-11-17 19:05:00,95.0
2025-11-17 19:07:30,95.30000000000001
2025-11-17 19:10:00,94.9
2025-11-17 19:12:30,94.6
2025-11-17 19:15:00,95.0
2025-11-17 19:17:30,94.9
2025-11-17 19:20:00,95.1
2025-11-17 19:22:30,95.25
2025-11-17 19:25:00,95.3
2025-11-17 19:27:30,94.9
2025-11-17 19:30:00,95.1
2025-11-17 19:32:30,95.0
2025-11-17 19:35:00,94.75
2025-11-17 19:37:30,95.0
2025-11-17 19:40:00,94.6
2025-11-17 19:42:30,94.1
2025-11-17 19:45:00,95.25
2025-11-17 19:47:30,95.2
2025-11-17 19:50:00,94.5
2025-11-17 19:52:30,94.35
2025-11-17 19:55:00,95.2
2025-11-17 19:57:30,95.2
2025-11-17 20:00:00,94.6
2025-11-17 20:02:30,94.9
2025-11-17 20:05:00,95.2
2025-11-17 20:07:30,95.3
2025-11-17 20:10:00,95.2
2025-11-17 20:12:30,95.4
2025-11-17 20:15:00,95.2
2025-11-17 20:17:30,95.3
2025-11-17 20:20:00,95.2
2025-11-17 20:22:30,95.2
2025-11-17 20:25:00,95.2
2025-11-17 20:27:30,95.0
2025-11-17 20:30:00,95.2
2025-11-17 20:32:30,95.2
2025-11-17 20:35:00,95.0
2025-11-17 20:37:30,95.3
2025-11-17 20:40:00,95.2
2025-11-17 20:42:30,95.0
2025-11-17 20:45:00,95.0
2025-11-17 20:47:30,95.4
2025-11-17 20:50:00,95.0
2025-11-17 20:52:30,95.0
2025-11-17 20:55:00,95.2
2025-11-17 20:57:30,94.6
2025-11-17 21:00:00,95.0
2025-11-17 21:02:30,95.2
2025-11-17 21:05:00,95.2
2025-11-17 21:07:30,95.1
2025-11-17 21:10:00,95.1
2025-11-17 21:12:30,95.4
2025-11-17 21:15:00,95.1
2025-11-17 21:17:30,95.0
2025-11-17 21:20:00,95.2
2025-11-17 21:22:30,95.0
2025-11-17 21:25:00,95.2
2025-11-17 21:27:30,95.0
2025-11-17 21:30:00,95.2
2025-11-17 21:32:30,95.1
2025-11-17 21:35:00,95.2
2025-11-17 21:37:30,95.2
2025-11-17 21:40:00,95.2
2025-11-17 21:42:30,95.2
2025-11-17 21:45:00,95.2
2025-11-17 21:47:30,95.2
2025-11-17 21:50:00,95.2
2025-11-17 21:52:30,95.2
2025-11-17 21:55:00,95.2
2025-11-17 21:57:30,95.2
2025-11-17 22:00:00,95.2
2025-11-17 22:02:30,95.0
2025-11-17 22:05:00,95.1
2025-11-17 22:07:30,95.1
2025-11-17 22:10:00,95.3
2025-11-17 22:12:30,94.6
2025-11-17 22:15:00,95.1
2025-11-17 22:17:30,95.0
2025-11-17 22:20:00,94.6
2025-11-17 22:22:30,95.4
2025-11-17 22:25:00,95.0
2025-11-17 22:27:30,94.9
2025-11-17 22:30:00,95.0
2025-11-17 22:32:30,95.1
2025-11-17 22:35:00,95.2
2025-11-17 22:37:30,95.1
2025-11-17 22:40:00,95.0
2025-11-17 22:42:30,95.2
2025-11-17 22:45:00,95.0
2025-11-17 22:47:30,95.0
2025-11-17 22:50:00,95.0
2025-11-17 22:52:30,95.2
2025-11-17 22:55:00,95.0
2025-11-17 22:57:30,95.1
2025-11-17 23:00:00,95.0
2025-11-17 23:02:30,95.1
2025-11-17 23:05:00,95.0
2025-11-17 23:07:30,95.1
2025-11-17 23:10:00,95.0
2025-11-17 23:12:30,95.0
2025-11-17 23:15:00,95.0
2025-11-17 23:17:30,95.2
2025-11-17 23:20:00,95.1
2025-11-17 23:22:30,95.0
2025-11-17 23:25:00,94.9
2025-11-17 23:27:30,95.0
2025-11-17 23:30:00,95.3
2025-11-17 23:32:30,95.25
2025-11-17 23:35:00,95.0
2025-11-17 23:37:30,95.0
2025-11-17 23:40:00,95.1
2025-11-17 23:42:30,95.1
2025-11-17 23:45:00,94.8
2025-11-17 23:47:30,95.2
2025-11-17 23:50:00,95.0
2025-11-17 23:52:30,95.0
2025-11-17 23:55:00,95.1
2025-11-17 23:57:30,95.1
2025-11-18 00:00:00,94.9
2025-11-18 00:02:30,95.3
2025-11-18 00:05:00,95.0
2025-11-18 00:07:30,94.6
2025-11-18 00:10:00,95.1
2025-11-18 00:12:30,95.0
2025-11-18 00:15:00,94.9
2025-11-18 00:17:30,95.0
2025-11-18 00:20:00,94.6
2025-11-18 00:22:30,95.0
2025-11-18 00:25:00,95.2
2025-11-18 00:27:30,95.2
2025-11-18 00:30:00,95.0
2025-11-18 00:32:30,95.2
2025-11-18 00:35:00,94.6
2025-11-18 00:37:30,95.0
2025-11-18 00:40:00,95.0
2025-11-18 00:42:30,95.0
2025-11-18 00:45:00,95.0
2025-11-18 00:47:30,95.0
2025-11-18 00:50:00,95.0
2025-11-18 00:52:30,95.0
2025-11-18 00:55:00,94.6
2025-11-18 00:57:30,95.0
2025-11-18 01:00:00,95.15
2025-11-18 01:02:30,94.9
2025-11-18 01:05:00,95.0
2025-11-18 01:07:30,95.2
2025-11-18 01:10:00,95.2
2025-11-18 01:12:30,95.25
2025-11-18 01:15:00,94.9
2025-11-18 01:17:30,95.0
2025-11-18 01:20:00,95.0
2025-11-18 01:22:30,95.0
2025-11-18 01:25:00,95.0
2025-11-18 01:27:30,95.0
2025-11-18 01:30:00,95.0
2025-11-18 01:32:30,95.1
2025-11-18 01:35:00,94.6
2025-11-18 01:37:30,95.0
2025-11-18 01:40:00,95.2
2025-11-18 01:42:30,94.6
2025-11-18 01:45:00,95.2
2025-11-18 01:47:30,95.2
2025-11-18 01:50:00,95.0
2025-11-18 01:52:30,94.6
2025-11-18 01:55:00,94.6
2025-11-18 01:57:30,95.2
2025-11-18 02:00:00,95.0
2025-11-18 02:02:30,95.1
2025-11-18 02:05:00,95.1
2025-11-18 02:07:30,95.0
2025-11-18 02:10:00,95.0
2025-11-18 02:12:30,95.0
2025-11-18 02:15:00,95.0
2025-11-18 02:17:30,95.0
2025-11-18 02:20:00,95.0
2025-11-18 02:22:30,95.0
2025-11-18 02:25:00,95.0
2025-11-18 02:27:30,95.0
2025-11-18 02:30:00,95.0
2025-11-18 02:32:30,95.0
2025-11-18 02:35:00,95.0
2025-11-18 02:37:30,95.0
2025-11-18 02:40:00,95.0
2025-11-18 02:42:30,95.0
2025-11-18 02:45:00,95.0
2025-11-18 02:47:30,95.0
2025-11-18 02:50:00,95.0
2025-11-18 02:52:30,95.0
2025-11-18 02:55:00,95.0
2025-11-18 02:57:30,95.0
2025-11-18 03:00:00,95.0
2025-11-18 03:02:30,95.0
2025-11-18 03:05:00,95.0
2025-11-18 03:07:30,95.0
2025-11-18 03:10:00,95.0
2025-11-18 03:12:30,95.0
2025-11-18 03:15:00,95.0
2025-11-18 03:17:30,95.0
2025-11-18 03:20:00,95.0
2025-11-18 03:22:30,95.0
2025-11-18 03:25:00,95.0
2025-11-18 03:27:30,95.0
2025-11-18 03:30:00,95.0
2025-11-18 03:32:30,95.0
2025-11-18 03:35:00,95.0
2025-11-18 03:37:30,95.0
2025-11-18 03:40:00,95.0
2025-11-18 03:42:30,95.0
2025-11-18 03:45:00,95.0
2025-11-18 03:47:30,95.0
2025-11-18 03:50:00,95.0
2025-11-18 03:52:30,95.0
2025-11-18 03:55:00,95.2
2025-11-18 03:57:30,94.6
2025-11-18 04:00:00,94.2
2025-11-18 04:02:30,94.1
2025-11-18 04:05:00,94.3
2025-11-18 04:07:30,95.0
2025-11-18 04:10:00,94.9
2025-11-18 04:12:30,94.15
2025-11-18 04:15:00,94.4
2025-11-18 04:17:30,95.0
2025-11-18 04:20:00,94.825
2025-11-18 04:22:30,94.9
2025-11-18 04:25:00,95.0
2025-11-18 04:27:30,95.0
2025-11-18 04:30:00,94.2
2025-11-18 04:32:30,93.6
2025-11-18 04:35:00,93.96666666666665
2025-11-18 04:37:30,94.1
2025-11-18 04:40:00,94.9
2025-11-18 04:42:30,94.4
2025-11-18 04:45:00,94.4
2025-11-18 04:47:30,94.4
2025-11-18 04:50:00,94.9
2025-11-18 04:52:30,94.5
2025-11-18 04:55:00,94.2
2025-11-18 04:57:30,94.1
2025-11-18 05:00:00,93.2
2025-11-18 05:02:30,93.65
2025-11-18 05:05:00,93.36666666666667
2025-11-18 05:07:30,93.69166666666666
2025-11-18 05:10:00,93.25
2025-11-18 05:12:30,93.68541666666667
2025-11-18 05:15:00,94.2
2025-11-18 05:17:30,93.6
2025-11-18 05:20:00,94.3
2025-11-18 05:22:30,93.2
2025-11-18 05:25:00,93.75
2025-11-18 05:27:30,94.5
2025-11-18 05:30:00,95.0
2025-11-18 05:32:30,95.0
2025-11-18 05:35:00,94.5
2025-11-18 05:37:30,95.0
2025-11-18 05:40:00,95.0
2025-11-18 05:42:30,95.0
2025-11-18 05:45:00,94.9
2025-11-18 05:47:30,94.9
2025-11-18 05:50:00,94.9
2025-11-18 05:52:30,94.6
2025-11-18 05:55:00,94.6
2025-11-18 05:57:30,94.6
2025-11-18 06:00:00,94.9
2025-11-18 06:02:30,95.0
2025-11-18 06:05:00,94.6
2025-11-18 06:07:30,94.9
2025-11-18 06:10:00,94.6
2025-11-18 06:12:30,94.6
2025-11-18 06:15:00,94.9
2025-11-18 06:17:30,95.0
2025-11-18 06:20:00,94.8
2025-11-18 06:22:30,94.9
2025-11-18 06:25:00,94.6
2025-11-18 06:27:30,94.9
2025-11-18 06:30:00,95.0
2025-11-18 06:32:30,95.0
2025-11-18 06:35:00,94.6
2025-11-18 06:37:30,95.0
2025-11-18 06:40:00,95.0
2025-11-18 06:42:30,95.0
2025-11-18 06:45:00,95.0
2025-11-18 06:47:30,95.0
2025-11-18 06:50:00,95.0
2025-11-18 06:52:30,95.0
2025-11-18 06:55:00,95.0
2025-11-18 06:57:30,94.9
2025-11-18 07:00:00,95.0
2025-11-18 07:02:30,94.6
2025-11-18 07:05:00,95.0
2025-11-18 07:07:30,95.0
2025-11-18 07:10:00,94.9
2025-11-18 07:12:30,94.6
2025-11-18 07:15:00,95.0
2025-11-18 07:17:30,94.9
2025-11-18 07:20:00,94.6
2025-11-18 07:22:30,94.9
2025-11-18 07:25:00,94.9
2025-11-18 07:27:30,94.9
2025-11-18 07:30:00,95.0
2025-11-18 07:32:30,94.9
2025-11-18 07:35:00,95.0
2025-11-18 07:37:30,94.6
2025-11-18 07:40:00,94.5
2025-11-18 07:42:30,95.0
2025-11-18 07:45:00,94.6
2025-11-18 07:47:30,94.9
2025-11-18 07:50:00,94.9
2025-11-18 07:52:30,95.0
2025-11-18 07:55:00,95.0
2025-11-18 07:57:30,94.9
2025-11-18 08:00:00,94.9
2025-11-18 08:02:30,94.6
2025-11-18 08:05:00,94.6
2025-11-18 08:07:30,94.2
2025-11-18 08:10:00,94.6
2025-11-18 08:12:30,94.9
2025-11-18 08:15:00,94.9
2025-11-18 08:17:30,94.6
2025-11-18 08:20:00,94.9
2025-11-18 08:22:30,94.6
2025-11-18 08:25:00,94.6
2025-11-18 08:27:30,94.9
2025-11-18 08:30:00,94.6
2025-11-18 08:32:30,94.9
2025-11-18 08:35:00,94.6
2025-11-18 08:37:30,95.0
2025-11-18 08:40:00,94.9
2025-11-18 08:42:30,94.6
2025-11-18 08:45:00,94.9
2025-11-18 08:47:30,94.6
2025-11-18 08:50:00,94.6
2025-11-18 08:52:30,95.0
2025-11-18 08:55:00,94.55000000000001
2025-11-18 08:57:30,94.9
2025-11-18 09:00:00,94.9
2025-11-18 09:02:30,94.9
2025-11-18 09:05:00,94.6
2025-11-18 09:07:30,95.0
2025-11-18 09:10:00,94.9
2025-11-18 09:12:30,94.8
2025-11-18 09:15:00,95.0
2025-11-18 09:17:30,94.9
2025-11-18 09:20:00,95.1
2025-11-18 09:22:30,94.9
2025-11-18 09:25:00,95.0
2025-11-18 09:27:30,95.0
2025-11-18 09:30:00,95.0
2025-11-18 09:32:30,95.0
2025-11-18 09:35:00,95.0
2025-11-18 09:37:30,95.1
2025-11-18 09:40:00,94.6
2025-11-18 09:42:30,95.0
2025-11-18 09:45:00,95.0
2025-11-18 09:47:30,95.0
2025-11-18 09:50:00,94.9
2025-11-18 09:52:30,95.0
2025-11-18 09:55:00,95.0
2025-11-18 09:57:30,95.2
2025-11-18 10:00:00,95.2
2025-11-18 10:02:30,94.9
2025-11-18 10:05:00,95.05
2025-11-18 10:07:30,94.6
2025-11-18 10:10:00,95.0
2025-11-18 10:12:30,95.1
2025-11-18 10:15:00,95.0
2025-11-18 10:17:30,95.0
2025-11-18 10:20:00,95.1
2025-11-18 10:22:30,94.9
2025-11-18 10:25:00,94.6
2025-11-18 10:27:30,95.0
2025-11-18 10:30:00,94.9
2025-11-18 10:32:30,94.9
2025-11-18 10:35:00,94.6
2025-11-18 10:37:30,94.1
2025-11-18 10:40:00,94.5
2025-11-18 10:42:30,94.9
2025-11-18 10:45:00,94.9
2025-11-18 10:47:30,93.85
2025-11-18 10:50:00,94.3
2025-11-18 10:52:30,95.0
2025-11-18 10:55:00,94.2
2025-11-18 10:57:30,94.55000000000001
2025-11-18 11:00:00,94.4
2025-11-18 11:02:30,94.6
2025-11-18 11:05:00,94.2
2025-11-18 11:07:30,95.0
2025-11-18 11:10:00,94.66666666666667
2025-11-18 11:12:30,94.8
2025-11-18 11:15:00,94.50416666666666
2025-11-18 11:17:30,94.05
2025-11-18 11:20:00,94.5
2025-11-18 11:22:30,93.6
2025-11-18 11:25:00,93.1
2025-11-18 11:27:30,94.1
2025-11-18 11:30:00,94.6
2025-11-18 11:32:30,95.0
2025-11-18 11:35:00,95.0
2025-11-18 11:37:30,95.0
2025-11-18 11:40:00,94.3
2025-11-18 11:42:30,94.6
2025-11-18 11:45:00,94.67499999999998
2025-11-18 11:47:30,94.9
2025-11-18 11:50:00,94.9
2025-11-18 11:52:30,94.6
2025-11-18 11:55:00,94.95
2025-11-18 11:57:30,94.6125
2025-11-18 12:00:00,94.45
2025-11-18 12:02:30,94.45
2025-11-18 12:05:00,94.6
2025-11-18 12:07:30,94.2875
2025-11-18 12:10:00,94.5
2025-11-18 12:12:30,93.6
2025-11-18 12:15:00,93.1
2025-11-18 12:17:30,93.52499999999999
2025-11-18 12:20:00,93.7
2025-11-18 12:22:30,93.7
2025-11-18 12:25:00,94.6
2025-11-18 12:27:30,94.6
2025-11-18 12:30:00,94.6
2025-11-18 12:32:30,95.1
2025-11-18 12:35:00,94.4
2025-11-18 12:37:30,94.9
2025-11-18 12:40:00,94.625
2025-11-18 12:42:30,95.0
2025-11-18 12:45:00,94.2
2025-11-18 12:47:30,94.9
2025-11-18 12:50:00,94.4
2025-11-18 12:52:30,93.7
2025-11-18 12:55:00,94.6
2025-11-18 12:57:30,93.6
2025-11-18 13:00:00,94.6
2025-11-18 13:02:30,95.2
2025-11-18 13:05:00,94.2
2025-11-18 13:07:30,94.6
2025-11-18 13:10:00,94.4
2025-11-18 13:12:30,93.9
2025-11-18 13:15:00,95.0
2025-11-18 13:17:30,94.55000000000001
2025-11-18 13:20:00,94.9
2025-11-18 13:22:30,94.4
2025-11-18 13:25:00,93.3
2025-11-18 13:27:30,93.85
2025-11-18 13:30:00,94.9
2025-11-18 13:32:30,95.0
2025-11-18 13:35:00,95.0
2025-11-18 13:37:30,94.83333333333333
2025-11-18 13:40:00,94.5
2025-11-18 13:42:30,94.34444444444443
2025-11-18 13:45:00,93.7
2025-11-18 13:47:30,93.2
2025-11-18 13:50:00,93.5
2025-11-18 13:52:30,94.4
2025-11-18 13:55:00,93.6
2025-11-18 13:57:30,93.1
2025-11-18 14:00:00,93.3
2025-11-18 14:02:30,94.1
2025-11-18 14:05:00,93.3
2025-11-18 14:07:30,94.2
2025-11-18 14:10:00,94.6
2025-11-18 14:12:30,94.6
2025-11-18 14:15:00,94.6
2025-11-18 14:17:30,95.1
2025-11-18 14:20:00,95.0
2025-11-18 14:22:30,94.9
2025-11-18 14:25:00,94.95
2025-11-18 14:27:30,94.9
2025-11-18 14:30:00,95.0
2025-11-18 14:32:30,94.4
2025-11-18 14:35:00,94.4
2025-11-18 14:37:30,94.2
2025-11-18 14:40:00,94.4
2025-11-18 14:42:30,93.9
2025-11-18 14:45:00,94.4
2025-11-18 14:47:30,94.4
2025-11-18 14:50:00,95.0
2025-11-18 14:52:30,94.5
2025-11-18 14:55:00,94.6
2025-11-18 14:57:30,94.44999999999999
2025-11-18 15:00:00,94.44999999999999
2025-11-18 15:02:30,95.0
2025-11-18 15:05:00,94.2
2025-11-18 15:07:30,94.2
2025-11-18 15:10:00,95.0
2025-11-18 15:12:30,94.3
2025-11-18 15:15:00,94.5
2025-11-18 15:17:30,94.2
2025-11-18 15:20:00,94.4
2025-11-18 15:22:30,94.9
2025-11-18 15:25:00,94.5
2025-11-18 15:27:30,94.3
2025-11-18 15:30:00,94.9
2025-11-18 15:32:30,94.5
2025-11-18 15:35:00,94.9
2025-11-18 15:37:30,94.5
2025-11-18 15:40:00,95.0
2025-11-18 15:42:30,94.2
2025-11-18 15:45:00,94.1
2025-11-18 15:47:30,95.0
2025-11-18 15:50:00,94.4
2025-11-18 15:52:30,94.3
2025-11-18 15:55:00,93.4
2025-11-18 15:57:30,93.3
2025-11-18 16:00:00,93.43333333333332
2025-11-18 16:02:30,93.33333333333333
2025-11-18 16:05:00,93.6
2025-11-18 16:07:30,93.0
2025-11-18 16:10:00,94.15
2025-11-18 16:12:30,94.9
2025-11-18 16:15:00,94.2
2025-11-18 16:17:30,94.9
2025-11-18 16:20:00,95.1
2025-11-18 16:22:30,94.6
2025-11-18 16:25:00,94.4
2025-11-18 16:27:30,94.6
2025-11-18 16:30:00,95.1
2025-11-18 16:32:30,95.0
2025-11-18 16:35:00,94.5
2025-11-18 16:37:30,94.6
2025-11-18 16:40:00,94.6
2025-11-18 16:42:30,95.0
2025-11-18 16:45:00,94.6
2025-11-18 16:47:30,94.4
2025-11-18 16:50:00,94.9
2025-11-18 16:52:30,95.0
2025-11-18 16:55:00,94.2
2025-11-18 16:57:30,94.6
2025-11-18 17:00:00,94.9
2025-11-18 17:02:30,94.35
2025-11-18 17:05:00,94.6
2025-11-18 17:07:30,94.6
2025-11-18 17:10:00,94.6
2025-11-18 17:12:30,94.4
2025-11-18 17:15:00,94.4
2025-11-18 17:17:30,94.9
2025-11-18 17:20:00,94.5
2025-11-18 17:22:30,94.9
2025-11-18 17:25:00,94.6
2025-11-18 17:27:30,94.9
2025-11-18 17:30:00,94.75
2025-11-18 17:32:30,94.2
2025-11-18 17:35:00,94.95
2025-11-18 17:37:30,94.9
2025-11-18 17:40:00,94.55000000000001
2025-11-18 17:42:30,94.6
2025-11-18 17:45:00,94.8
2025-11-18 17:47:30,94.6
2025-11-18 17:50:00,94.6
2025-11-18 17:52:30,94.6
2025-11-18 17:55:00,94.6
2025-11-18 17:57:30,94.6
2025-11-18 18:00:00,94.6
2025-11-18 18:02:30,94.6
2025-11-18 18:05:00,94.6
2025-11-18 18:07:30,94.6
2025-11-18 18:10:00,94.6
2025-11-18 18:12:30,94.6
2025-11-18 18:15:00,94.6
2025-11-18 18:17:30,94.6
2025-11-18 18:20:00,94.6
2025-11-18 18:22:30,94.6
2025-11-18 18:25:00,94.6
2025-11-18 18:27:30,94.6
2025-11-18 18:30:00,94.6
2025-11-18 18:32:30,94.6
2025-11-18 18:35:00,94.6
2025-11-18 18:37:30,94.6
2025-11-18 18:40:00,94.6
2025-11-18 18:42:30,94.6
2025-11-18 18:45:00,94.6
2025-11-18 18:47:30,94.6
2025-11-18 18:50:00,94.6
2025-11-18 18:52:30,94.6
2025-11-18 18:55:00,94.6
2025-11-18 18:57:30,94.6
2025-11-18 19:00:00,94.6
2025-11-18 19:02:30,94.6
2025-11-18 19:05:00,94.6
2025-11-18 19:07:30,94.6
2025-11-18 19:10:00,94.6
2025-11-18 19:12:30,94.6
2025-11-18 19:15:00,94.6
2025-11-18 19:17:30,94.6
2025-11-18 19:20:00,94.6
2025-11-18 19:22:30,94.6
2025-11-18 19:25:00,94.6
2025-11-18 19:27:30,94.4
2025-11-18 19:30:00,94.4
2025-11-18 19:32:30,94.0
2025-11-18 19:35:00,94.2
2025-11-18 19:37:30,94.1
2025-11-18 19:40:00,94.4
2025-11-18 19:42:30,94.1
2025-11-18 19:45:00,94.475
2025-11-18 19:47:30,94.9
2025-11-18 19:50:00,94.5
2025-11-18 19:52:30,94.60000000000001
2025-11-18 19:55:00,94.275
2025-11-18 19:57:30,94.4
2025-11-18 20:00:00,93.6
2025-11-18 20:02:30,94.4
2025-11-18 20:05:00,94.6
2025-11-18 20:07:30,94.53333333333335
2025-11-18 20:10:00,94.58333333333334
2025-11-18 20:12:30,94.6
2025-11-18 20:15:00,94.6
2025-11-18 20:17:30,94.6
2025-11-18 20:20:00,94.6
2025-11-18 20:22:30,94.6
2025-11-18 20:25:00,94.6
2025-11-18 20:27:30,94.6
2025-11-18 20:30:00,94.6
2025-11-18 20:32:30,94.6
2025-11-18 20:35:00,94.6
2025-11-18 20:37:30,94.6
2025-11-18 20:40:00,94.6
2025-11-18 20:42:30,94.6
2025-11-18 20:45:00,94.6
2025-11-18 20:47:30,94.6
2025-11-18 20:50:00,94.6
2025-11-18 20:52:30,94.6
2025-11-18 20:55:00,94.6
2025-11-18 20:57:30,94.6
2025-11-18 21:00:00,94.6
2025-11-18 21:02:30,94.6
2025-11-18 21:05:00,94.6
2025-11-18 21:07:30,94.6
2025-11-18 21:10:00,94.6
2025-11-18 21:12:30,94.6
2025-11-18 21:15:00,94.6
2025-11-18 21:17:30,94.6
2025-11-18 21:20:00,94.6
2025-11-18 21:22:30,94.6
2025-11-18 21:25:00,94.6
2025-11-18 21:27:30,94.6
2025-11-18 21:30:00,94.6
2025-11-18 21:32:30,94.6
2025-11-18 21:35:00,94.5
2025-11-18 21:37:30,94.5
2025-11-18 21:40:00,94.2
2025-11-18 21:42:30,94.5
2025-11-18 21:45:00,94.5
2025-11-18 21:47:30,94.6
2025-11-18 21:50:00,94.65
2025-11-18 21:52:30,94.4
2025-11-18 21:55:00,94.4
2025-11-18 21:57:30,94.2
2025-11-18 22:00:00,94.5
2025-11-18 22:02:30,94.9
2025-11-18 22:05:00,94.75
2025-11-18 22:07:30,94.95
2025-11-18 22:10:00,94.4
2025-11-18 22:12:30,94.6
2025-11-18 22:15:00,94.6
2025-11-18 22:17:30,94.5
2025-11-18 22:20:00,94.6
2025-11-18 22:22:30,94.9
2025-11-18 22:25:00,94.6
2025-11-18 22:27:30,94.5
2025-11-18 22:30:00,94.4
2025-11-18 22:32:30,94.6
2025-11-18 22:35:00,94.6
2025-11-18 22:37:30,94.5
2025-11-18 22:40:00,94.2
2025-11-18 22:42:30,94.6
2025-11-18 22:45:00,94.4
2025-11-18 22:47:30,94.3
2025-11-18 22:50:00,94.5
2025-11-18 22:52:30,94.6
2025-11-18 22:55:00,94.6
2025-11-18 22:57:30,94.6
2025-11-18 23:00:00,94.6
2025-11-18 23:02:30,94.6
2025-11-18 23:05:00,94.6
2025-11-18 23:07:30,94.6
2025-11-18 23:10:00,94.6
2025-11-18 23:12:30,94.6
2025-11-18 23:15:00,94.4
2025-11-18 23:17:30,94.6
2025-11-18 23:20:00,94.6
2025-11-18 23:22:30,94.6
2025-11-18 23:25:00,94.4
2025-11-18 23:27:30,94.9
2025-11-18 23:30:00,94.5
2025-11-18 23:32:30,94.6
2025-11-18 23:35:00,94.5
2025-11-18 23:37:30,94.3
2025-11-18 23:40:00,94.6
2025-11-18 23:42:30,94.4
2025-11-18 23:45:00,94.6
2025-11-18 23:47:30,94.4
2025-11-18 23:50:00,94.4
2025-11-18 23:52:30,94.6
2025-11-18 23:55:00,94.6
2025-11-18 23:57:30,94.4
2025-11-19 00:00:00,94.3
2025-11-19 00:02:30,94.4
2025-11-19 00:05:00,94.6
2025-11-19 00:07:30,94.4
2025-11-19 00:10:00,94.6
2025-11-19 00:12:30,94.5
2025-11-19 00:15:00,94.6
2025-11-19 00:17:30,94.5
2025-11-19 00:20:00,94.2
2025-11-19 00:22:30,94.1
2025-11-19 00:25:00,94.4
2025-11-19 00:27:30,94.2
2025-11-19 00:30:00,94.4
2025-11-19 00:32:30,94.4
2025-11-19 00:35:00,94.6
2025-11-19 00:37:30,94.6
2025-11-19 00:40:00,94.4
2025-11-19 00:42:30,94.6
2025-11-19 00:45:00,94.6
2025-11-19 00:47:30,94.6
2025-11-19 00:50:00,94.35
2025-11-19 00:52:30,94.3
2025-11-19 00:55:00,94.55
2025-11-19 00:57:30,94.4
2025-11-19 01:00:00,94.5
2025-11-19 01:02:30,94.4
2025-11-19 01:05:00,94.4
2025-11-19 01:07:30,94.4
2025-11-19 01:10:00,94.4
2025-11-19 01:12:30,94.4
2025-11-19 01:15:00,94.3
2025-11-19 01:17:30,94.2
2025-11-19 01:20:00,94.2
2025-11-19 01:22:30,93.8
2025-11-19 01:25:00,93.8
2025-11-19 01:27:30,93.8
2025-11-19 01:30:00,93.1
2025-11-19 01:32:30,92.94999999999999
2025-11-19 01:35:00,93.7
2025-11-19 01:37:30,92.7
2025-11-19 01:40:00,93.15
2025-11-19 01:42:30,93.9
2025-11-19 01:45:00,92.8
2025-11-19 01:47:30,93.48333333333333
2025-11-19 01:50:00,93.75
2025-11-19 01:52:30,94.0
2025-11-19 01:55:00,94.0
2025-11-19 01:57:30,94.55
2025-11-19 02:00:00,94.0
2025-11-19 02:02:30,94.0
2025-11-19 02:05:00,94.1
2025-11-19 02:07:30,93.9
2025-11-19 02:10:00,94.0
2025-11-19 02:12:30,93.9
2025-11-19 02:15:00,93.9
2025-11-19 02:17:30,93.8
2025-11-19 02:20:00,93.9
2025-11-19 02:22:30,94.0
2025-11-19 02:25:00,93.9
2025-11-19 02:27:30,93.9
2025-11-19 02:30:00,93.9
2025-11-19 02:32:30,94.0
2025-11-19 02:35:00,93.9
2025-11-19 02:37:30,94.0
2025-11-19 02:40:00,94.1
2025-11-19 02:42:30,94.3
2025-11-19 02:45:00,94.2
2025-11-19 02:47:30,93.1
2025-11-19 02:50:00,93.1
2025-11-19 02:52:30,93.75
2025-11-19 02:55:00,94.5
2025-11-19 02:57:30,94.6
2025-11-19 03:00:00,94.1
2025-11-19 03:02:30,94.4
2025-11-19 03:05:00,94.2
2025-11-19 03:07:30,94.2
2025-11-19 03:10:00,94.4
2025-11-19 03:12:30,93.6
2025-11-19 03:15:00,94.2
2025-11-19 03:17:30,94.0
2025-11-19 03:20:00,93.7
2025-11-19 03:22:30,94.3
2025-11-19 03:25:00,94.35
2025-11-19 03:27:30,94.6
2025-11-19 03:30:00,94.5
2025-11-19 03:32:30,94.4
2025-11-19 03:35:00,94.3
2025-11-19 03:37:30,94.2
2025-11-19 03:40:00,94.3
2025-11-19 03:42:30,94.5
2025-11-19 03:45:00,94.6
2025-11-19 03:47:30,94.4
2025-11-19 03:50:00,94.3
2025-11-19 03:52:30,94.2
2025-11-19 03:55:00,94.3
2025-11-19 03:57:30,94.1
2025-11-19 04:00:00,94.5
2025-11-19 04:02:30,94.2
2025-11-19 04:05:00,94.2
2025-11-19 04:07:30,94.4
2025-11-19 04:10:00,94.3
2025-11-19 04:12:30,94.2
2025-11-19 04:15:00,94.3
2025-11-19 04:17:30,94.5
2025-11-19 04:20:00,94.3
2025-11-19 04:22:30,94.3
2025-11-19 04:25:00,94.2
2025-11-19 04:27:30,94.3
2025-11-19 04:30:00,94.3
2025-11-19 04:32:30,94.3
2025-11-19 04:35:00,94.3
2025-11-19 04:37:30,94.2
2025-11-19 04:40:00,94.2
2025-11-19 04:42:30,94.2
2025-11-19 04:45:00,94.2
2025-11-19 04:47:30,94.2
2025-11-19 04:50:00,94.2
2025-11-19 04:52:30,94.1
2025-11-19 04:55:00,94.2
2025-11-19 04:57:30,94.2
2025-11-19 05:00:00,94.4
2025-11-19 05:02:30,94.2
2025-11-19 05:05:00,94.3
2025-11-19 05:07:30,94.2
2025-11-19 05:10:00,94.4
2025-11-19 05:12:30,94.2
2025-11-19 05:15:00,94.2
2025-11-19 05:17:30,94.4
2025-11-19 05:20:00,94.2
2025-11-19 05:22:30,94.3
2025-11-19 05:25:00,94.4
2025-11-19 05:27:30,94.2
2025-11-19 05:30:00,94.3
2025-11-19 05:32:30,94.2
2025-11-19 05:35:00,94.4
2025-11-19 05:37:30,94.3
2025-11-19 05:40:00,94.4
2025-11-19 05:42:30,94.3
2025-11-19 05:45:00,94.4
2025-11-19 05:47:30,94.3
2025-11-19 05:50:00,94.2
2025-11-19 05:52:30,94.2
2025-11-19 05:55:00,94.2
2025-11-19 05:57:30,94.2
2025-11-19 06:00:00,94.2
2025-11-19 06:02:30,94.2
2025-11-19 06:05:00,94.2
2025-11-19 06:07:30,94.19999999999999
2025-11-19 06:10:00,94.1
2025-11-19 06:12:30,94.1
2025-11-19 06:15:00,94.1
2025-11-19 06:17:30,93.9
2025-11-19 06:20:00,93.9
2025-11-19 06:22:30,93.9
2025-11-19 06:25:00,94.1
2025-11-19 06:27:30,93.7
2025-11-19 06:30:00,93.9
2025-11-19 06:32:30,93.9
2025-11-19 06:35:00,94.2
2025-11-19 06:37:30,94.2
2025-11-19 06:40:00,93.9
2025-11-19 06:42:30,94.3
2025-11-19 06:45:00,94.2
2025-11-19 06:47:30,94.2
2025-11-19 06:50:00,93.9
2025-11-19 06:52:30,93.9
2025-11-19 06:55:00,94.4
2025-11-19 06:57:30,94.2
2025-11-19 07:00:00,94.2
2025-11-19 07:02:30,94.2
2025-11-19 07:05:00,94.2
2025-11-19 07:07:30,94.2
2025-11-19 07:10:00,94.2
2025-11-19 07:12:30,94.2
2025-11-19 07:15:00,94.2
2025-11-19 07:17:30,94.2
2025-11-19 07:20:00,94.2
2025-11-19 07:22:30,94.2
2025-11-19 07:25:00,94.2
2025-11-19 07:27:30,94.2
2025-11-19 07:30:00,94.2
2025-11-19 07:32:30,94.2
2025-11-19 07:35:00,94.2
2025-11-19 07:37:30,94.2
2025-11-19 07:40:00,94.2
2025-11-19 07:42:30,94.2
2025-11-19 07:45:00,94.2
2025-11-19 07:47:30,94.2
2025-11-19 07:50:00,94.2
2025-11-19 07:52:30,94.2
2025-11-19 07:55:00,94.2
2025-11-19 07:57:30,94.2
2025-11-19 08:00:00,94.2
2025-11-19 08:02:30,94.2
2025-11-19 08:05:00,94.2
2025-11-19 08:07:30,94.2
2025-11-19 08:10:00,94.2
2025-11-19 08:12:30,94.2
2025-11-19 08:15:00,94.1
2025-11-19 08:17:30,94.1
2025-11-19 08:20:00,94.1
2025-11-19 08:22:30,93.7
2025-11-19 08:25:00,94.2
2025-11-19 08:27:30,94.1
2025-11-19 08:30:00,94.1
2025-11-19 08:32:30,94.2
2025-11-19 08:35:00,94.5
2025-11-19 08:37:30,93.8
2025-11-19 08:40:00,94.2
2025-11-19 08:42:30,94.2
2025-11-19 08:45:00,94.2
2025-11-19 08:47:30,94.2
2025-11-19 08:50:00,94.0
2025-11-19 08:52:30,94.2
2025-11-19 08:55:00,94.2
2025-11-19 08:57:30,93.9
2025-11-19 09:00:00,94.1
2025-11-19 09:02:30,94.0
2025-11-19 09:05:00,94.0
2025-11-19 09:07:30,94.0
2025-11-19 09:10:00,94.0
2025-11-19 09:12:30,94.0
2025-11-19 09:15:00,94.0
2025-11-19 09:17:30,94.19999999999999
2025-11-19 09:20:00,94.2
2025-11-19 09:22:30,94.2
2025-11-19 09:25:00,94.19999999999999
2025-11-19 09:27:30,94.25
2025-11-19 09:30:00,94.2
2025-11-19 09:32:30,94.3
2025-11-19 09:35:00,94.0
2025-11-19 09:37:30,94.2
2025-11-19 09:40:00,94.0
2025-11-19 09:42:30,94.2
2025-11-19 09:45:00,94.2
2025-11-19 09:47:30,94.2
2025-11-19 09:50:00,94.2
2025-11-19 09:52:30,94.2
2025-11-19 09:55:00,94.2
2025-11-19 09:57:30,94.2
2025-11-19 10:00:00,94.2
2025-11-19 10:02:30,94.2
2025-11-19 10:05:00,94.2
2025-11-19 10:07:30,94.2
2025-11-19 10:10:00,94.2
2025-11-19 10:12:30,94.1
2025-11-19 10:15:00,94.1
2025-11-19 10:17:30,94.0
2025-11-19 10:20:00,94.1
2025-11-19 10:22:30,94.2
2025-11-19 10:25:00,93.85
2025-11-19 10:27:30,94.25
2025-11-19 10:30:00,94.1
2025-11-19 10:32:30,94.0
2025-11-19 10:35:00,93.85
2025-11-19 10:37:30,92.9
2025-11-19 10:40:00,92.3
2025-11-19 10:42:30,92.725
2025-11-19 10:45:00,93.3
2025-11-19 10:47:30,92.4
2025-11-19 10:50:00,93.25
2025-11-19 10:52:30,94.0
2025-11-19 10:55:00,94.4
2025-11-19 10:57:30,93.7
2025-11-19 11:00:00,92.8
2025-11-19 11:02:30,93.25
2025-11-19 11:05:00,94.2
2025-11-19 11:07:30,94.2
2025-11-19 11:10:00,94.16666666666667
2025-11-19 11:12:30,94.1
2025-11-19 11:15:00,93.76666666666665
2025-11-19 11:17:30,93.2
2025-11-19 11:20:00,93.6
2025-11-19 11:22:30,93.375
2025-11-19 11:25:00,92.6
2025-11-19 11:27:30,92.85833333333333
2025-11-19 11:30:00,93.9
2025-11-19 11:32:30,93.65277777777777
2025-11-19 11:35:00,93.71319444444444
2025-11-19 11:37:30,94.2
2025-11-19 11:40:00,93.1
2025-11-19 11:42:30,92.6
2025-11-19 11:45:00,91.9
2025-11-19 11:47:30,92.25
2025-11-19 11:50:00,92.075
2025-11-19 11:52:30,92.1625
2025-11-19 11:55:00,92.11875
2025-11-19 11:57:30,92.140625
2025-11-19 12:00:00,92.1296875
2025-11-19 12:02:30,92.25677083333333
2025-11-19 12:05:00,92.32161458333334
2025-11-19 12:07:30,92.5
2025-11-19 12:10:00,92.4
2025-11-19 12:12:30,93.6
2025-11-19 12:15:00,93.35
2025-11-19 12:17:30,93.95
2025-11-19 12:20:00,94.15
2025-11-19 12:22:30,94.0
2025-11-19 12:25:00,93.95
2025-11-19 12:27:30,94.2
2025-11-19 12:30:00,94.0
2025-11-19 12:32:30,94.2
2025-11-19 12:35:00,93.35
2025-11-19 12:37:30,93.1
2025-11-19 12:40:00,94.0
2025-11-19 12:42:30,94.1
2025-11-19 12:45:00,94.15
2025-11-19 12:47:30,94.0875
2025-11-19 12:50:00,94.2
2025-11-19 12:52:30,93.9
2025-11-19 12:55:00,94.1
2025-11-19 12:57:30,93.75
2025-11-19 13:00:00,94.1
2025-11-19 13:02:30,94.1
2025-11-19 13:05:00,93.35
2025-11-19 13:07:30,94.15
2025-11-19 13:10:00,93.9
2025-11-19 13:12:30,94.2
2025-11-19 13:15:00,93.875
2025-11-19 13:17:30,93.7
2025-11-19 13:20:00,93.7
2025-11-19 13:22:30,93.0
2025-11-19 13:25:00,93.2
2025-11-19 13:27:30,94.30000000000001
2025-11-19 13:30:00,94.15
2025-11-19 13:32:30,94.2
2025-11-19 13:35:00,93.7
2025-11-19 13:37:30,94.05000000000001
2025-11-19 13:40:00,94.05000000000001
2025-11-19 13:42:30,94.15
2025-11-19 13:45:00,93.7
2025-11-19 13:47:30,93.95
2025-11-19 13:50:00,94.1
2025-11-19 13:52:30,94.1
2025-11-19 13:55:00,94.0
2025-11-19 13:57:30,94.1
2025-11-19 14:00:00,94.2
2025-11-19 14:02:30,94.15
2025-11-19 14:05:00,93.95
2025-11-19 14:07:30,94.05
2025-11-19 14:10:00,93.9
2025-11-19 14:12:30,94.1
2025-11-19 14:15:00,94.5
2025-11-19 14:17:30,93.44999999999999
2025-11-19 14:20:00,94.05000000000001
2025-11-19 14:22:30,94.1
2025-11-19 14:25:00,94.2
2025-11-19 14:27:30,93.75
2025-11-19 14:30:00,94.4
2025-11-19 14:32:30,94.15
2025-11-19 14:35:00,94.2
2025-11-19 14:37:30,94.15
2025-11-19 14:40:00,94.0
2025-11-19 14:42:30,94.05000000000001
2025-11-19 14:45:00,94.4
2025-11-19 14:47:30,94.25
2025-11-19 14:50:00,94.1
2025-11-19 14:52:30,93.55000000000001
2025-11-19 14:55:00,93.7
2025-11-19 14:57:30,94.1
2025-11-19 15:00:00,93.35
2025-11-19 15:02:30,92.7
2025-11-19 15:05:00,92.9
2025-11-19 15:07:30,93.9
2025-11-19 15:10:00,92.8
2025-11-19 15:12:30,92.8
2025-11-19 15:15:00,93.9
2025-11-19 15:17:30,93.7
2025-11-19 15:20:00,94.5
2025-11-19 15:22:30,94.07499999999999
2025-11-19 15:25:00,94.2
2025-11-19 15:27:30,93.9
2025-11-19 15:30:00,94.1
2025-11-19 15:32:30,93.6
2025-11-19 15:35:00,92.9
2025-11-19 15:37:30,93.55000000000001
2025-11-19 15:40:00,93.8
2025-11-19 15:42:30,93.9
2025-11-19 15:45:00,93.9
2025-11-19 15:47:30,93.8
2025-11-19 15:50:00,94.1
2025-11-19 15:52:30,94.2
2025-11-19 15:55:00,93.9
2025-11-19 15:57:30,94.10000000000001
2025-11-19 16:00:00,94.2
2025-11-19 16:02:30,93.8
2025-11-19 16:05:00,93.1
2025-11-19 16:07:30,92.4
2025-11-19 16:10:00,92.56666666666666
2025-11-19 16:12:30,93.7
2025-11-19 16:15:00,93.59166666666667
2025-11-19 16:17:30,94.2
2025-11-19 16:20:00,93.9
2025-11-19 16:22:30,93.9
2025-11-19 16:25:00,93.9
2025-11-19 16:27:30,94.1
2025-11-19 16:30:00,94.2
2025-11-19 16:32:30,93.6
2025-11-19 16:35:00,93.9
2025-11-19 16:37:30,93.3
2025-11-19 16:40:00,93.6
2025-11-19 16:42:30,92.8
2025-11-19 16:45:00,93.7
2025-11-19 16:47:30,93.1
2025-11-19 16:50:00,94.0
2025-11-19 16:52:30,93.5
2025-11-19 16:55:00,93.3
2025-11-19 16:57:30,93.6
2025-11-19 17:00:00,93.5
2025-11-19 17:02:30,94.2
2025-11-19 17:05:00,94.2
2025-11-19 17:07:30,93.9
2025-11-19 17:10:00,93.8
2025-11-19 17:12:30,93.9
2025-11-19 17:15:00,93.9
2025-11-19 17:17:30,93.9
2025-11-19 17:20:00,94.1
2025-11-19 17:22:30,94.0
2025-11-19 17:25:00,94.2
2025-11-19 17:27:30,93.3
2025-11-19 17:30:00,93.9
2025-11-19 17:32:30,93.6
2025-11-19 17:35:00,92.8
2025-11-19 17:37:30,93.1
2025-11-19 17:40:00,93.8
2025-11-19 17:42:30,93.9
2025-11-19 17:45:00,94.0
2025-11-19 17:47:30,93.875
2025-11-19 17:50:00,93.7
2025-11-19 17:52:30,93.9
2025-11-19 17:55:00,93.7
2025-11-19 17:57:30,93.85000000000001
2025-11-19 18:00:00,94.1
2025-11-19 18:02:30,93.7
2025-11-19 18:05:00,93.85
2025-11-19 18:07:30,93.7
2025-11-19 18:10:00,93.9
2025-11-19 18:12:30,93.8
2025-11-19 18:15:00,93.35
2025-11-19 18:17:30,93.3
2025-11-19 18:20:00,93.9
2025-11-19 18:22:30,94.1
2025-11-19 18:25:00,94.2
2025-11-19 18:27:30,94.1
2025-11-19 18:30:00,94.2
2025-11-19 18:32:30,94.2
2025-11-19 18:35:00,94.1
2025-11-19 18:37:30,93.9
2025-11-19 18:40:00,94.1
2025-11-19 18:42:30,94.2
2025-11-19 18:45:00,94.0
2025-11-19 18:47:30,94.1
2025-11-19 18:50:00,94.2
2025-11-19 18:52:30,93.9
2025-11-19 18:55:00,93.75
2025-11-19 18:57:30,94.1
2025-11-19 19:00:00,94.1
2025-11-19 19:02:30,94.1
2025-11-19 19:05:00,94.1
2025-11-19 19:07:30,94.1
2025-11-19 19:10:00,94.1
2025-11-19 19:12:30,94.1
2025-11-19 19:15:00,94.1
2025-11-19 19:17:30,94.2
2025-11-19 19:20:00,94.2
2025-11-19 19:22:30,94.0
2025-11-19 19:25:00,93.7
2025-11-19 19:27:30,94.2
2025-11-19 19:30:00,93.9
2025-11-19 19:32:30,94.2
2025-11-19 19:35:00,94.05000000000001
2025-11-19 19:37:30,93.7
2025-11-19 19:40:00,94.1
2025-11-19 19:42:30,94.1
2025-11-19 19:45:00,93.9
2025-11-19 19:47:30,94.2
2025-11-19 19:50:00,94.0
2025-11-19 19:52:30,93.8
2025-11-19 19:55:00,94.2
2025-11-19 19:57:30,94.1
2025-11-19 20:00:00,94.1
2025-11-19 20:02:30,94.15
2025-11-19 20:05:00,93.7
2025-11-19 20:07:30,94.0
2025-11-19 20:10:00,93.9
2025-11-19 20:12:30,94.1
2025-11-19 20:15:00,94.1
2025-11-19 20:17:30,94.1
2025-11-19 20:20:00,93.9
2025-11-19 20:22:30,94.1
2025-11-19 20:25:00,94.0
2025-11-19 20:27:30,94.0
2025-11-19 20:30:00,93.80000000000001
2025-11-19 20:32:30,94.1
2025-11-19 20:35:00,94.1
2025-11-19 20:37:30,93.9
2025-11-19 20:40:00,94.0
2025-11-19 20:42:30,94.1
2025-11-19 20:45:00,94.1
2025-11-19 20:47:30,94.0
2025-11-19 20:50:00,93.9
2025-11-19 20:52:30,93.9
2025-11-19 20:55:00,93.9
2025-11-19 20:57:30,93.9
2025-11-19 21:00:00,93.9
2025-11-19 21:02:30,93.9
2025-11-19 21:05:00,93.9
2025-11-19 21:07:30,93.9
2025-11-19 21:10:00,93.9
2025-11-19 21:12:30,94.2
2025-11-19 21:15:00,93.9
2025-11-19 21:17:30,94.0
2025-11-19 21:20:00,94.1
2025-11-19 21:22:30,93.9
2025-11-19 21:25:00,93.7
2025-11-19 21:27:30,93.9
2025-11-19 21:30:00,94.05
2025-11-19 21:32:30,94.0
2025-11-19 21:35:00,93.9
2025-11-19 21:37:30,93.7
2025-11-19 21:40:00,94.1
2025-11-19 21:42:30,93.9
2025-11-19 21:45:00,94.0
2025-11-19 21:47:30,93.8
2025-11-19 21:50:00,93.9
2025-11-19 21:52:30,94.2
2025-11-19 21:55:00,94.1
2025-11-19 21:57:30,93.9
2025-11-19 22:00:00,93.9
2025-11-19 22:02:30,93.9
2025-11-19 22:05:00,94.0
2025-11-19 22:07:30,93.8
2025-11-19 22:10:00,94.0
2025-11-19 22:12:30,93.9
2025-11-19 22:15:00,93.9
2025-11-19 22:17:30,94.05
2025-11-19 22:20:00,93.6
2025-11-19 22:22:30,94.2
2025-11-19 22:25:00,93.9
2025-11-19 22:27:30,93.9
2025-11-19 22:30:00,93.9
2025-11-19 22:32:30,94.0
2025-11-19 22:35:00,94.1
2025-11-19 22:37:30,93.6
2025-11-19 22:40:00,94.1
2025-11-19 22:42:30,93.8
2025-11-19 22:45:00,93.9
2025-11-19 22:47:30,94.1
2025-11-19 22:50:00,93.5
2025-11-19 22:52:30,93.9
2025-11-19 22:55:00,94.0
2025-11-19 22:57:30,93.9
2025-11-19 23:00:00,93.8
2025-11-19 23:02:30,94.0
2025-11-19 23:05:00,93.9
2025-11-19 23:07:30,94.1
2025-11-19 23:10:00,93.9
2025-11-19 23:12:30,94.2
2025-11-19 23:15:00,93.9
2025-11-19 23:17:30,94.1
2025-11-19 23:20:00,93.9
2025-11-19 23:22:30,94.0
2025-11-19 23:25:00,94.1
2025-11-19 23:27:30,94.0
2025-11-19 23:30:00,94.1
2025-11-19 23:32:30,94.0
2025-11-19 23:35:00,94.2
2025-11-19 23:37:30,94.0
2025-11-19 23:40:00,93.9
2025-11-19 23:42:30,93.9
2025-11-19 23:45:00,93.9
2025-11-19 23:47:30,94.1
2025-11-19 23:50:00,93.7
2025-11-19 23:52:30,94.0
2025-11-19 23:55:00,93.7
2025-11-19 23:57:30,93.2
2025-11-20 00:00:00,93.5
2025-11-20 00:02:30,93.8
2025-11-20 00:05:00,93.2
2025-11-20 00:07:30,92.9
2025-11-20 00:10:00,93.5
2025-11-20 00:12:30,92.5
2025-11-20 00:15:00,93.2
2025-11-20 00:17:30,93.8
2025-11-20 00:20:00,93.6
2025-11-20 00:22:30,93.9
2025-11-20 00:25:00,92.9
2025-11-20 00:27:30,93.6
2025-11-20 00:30:00,93.3
2025-11-20 00:32:30,92.6
2025-11-20 00:35:00,92.0
2025-11-20 00:37:30,92.3
2025-11-20 00:40:00,92.3
2025-11-20 00:42:30,92.33333333333333
2025-11-20 00:45:00,92.4
2025-11-20 00:47:30,92.64444444444445
2025-11-20 00:50:00,93.2
2025-11-20 00:52:30,94.0
2025-11-20 00:55:00,93.3
2025-11-20 00:57:30,93.5
2025-11-20 01:00:00,93.225
2025-11-20 01:02:30,92.6
2025-11-20 01:05:00,93.5
2025-11-20 01:07:30,93.03333333333335
2025-11-20 01:10:00,92.3
2025-11-20 01:12:30,93.0
2025-11-20 01:15:00,93.35
2025-11-20 01:17:30,92.3
2025-11-20 01:20:00,92.82499999999999
2025-11-20 01:22:30,93.7
2025-11-20 01:25:00,93.7
2025-11-20 01:27:30,93.7
2025-11-20 01:30:00,93.35
2025-11-20 01:32:30,93.19999999999999
2025-11-20 01:35:00,92.8
2025-11-20 01:37:30,93.3
2025-11-20 01:40:00,93.9
2025-11-20 01:42:30,93.69999999999999
2025-11-20 01:45:00,93.7
2025-11-20 01:47:30,93.9
2025-11-20 01:50:00,93.7
2025-11-20 01:52:30,93.53333333333335
2025-11-20 01:55:00,93.0
2025-11-20 01:57:30,92.3
2025-11-20 02:00:00,92.86666666666667
2025-11-20 02:02:30,93.8
2025-11-20 02:05:00,93.3
2025-11-20 02:07:30,92.4
2025-11-20 02:10:00,93.3
2025-11-20 02:12:30,93.9
2025-11-20 02:15:00,93.3
2025-11-20 02:17:30,93.60000000000001
2025-11-20 02:20:00,93.9
2025-11-20 02:22:30,93.3
2025-11-20 02:25:00,92.3
2025-11-20 02:27:30,92.8
2025-11-20 02:30:00,93.6
2025-11-20 02:32:30,93.6
2025-11-20 02:35:00,93.6
2025-11-20 02:37:30,93.8
2025-11-20 02:40:00,93.6
2025-11-20 02:42:30,93.9
2025-11-20 02:45:00,93.9
2025-11-20 02:47:30,93.9
2025-11-20 02:50:00,93.7
2025-11-20 02:52:30,93.7
2025-11-20 02:55:00,93.7
2025-11-20 02:57:30,93.9
2025-11-20 03:00:00,93.8
2025-11-20 03:02:30,93.7
2025-11-20 03:05:00,93.7
2025-11-20 03:07:30,93.7
2025-11-20 03:10:00,93.7
2025-11-20 03:12:30,93.7
2025-11-20 03:15:00,93.7
2025-11-20 03:17:30,93.7
2025-11-20 03:20:00,93.7
2025-11-20 03:22:30,93.7
2025-11-20 03:25:00,93.7
2025-11-20 03:27:30,93.7
2025-11-20 03:30:00,93.7
2025-11-20 03:32:30,93.7
2025-11-20 03:35:00,93.8
2025-11-20 03:37:30,93.9
2025-11-20 03:40:00,93.8
2025-11-20 03:42:30,93.3
2025-11-20 03:45:00,93.7
2025-11-20 03:47:30,93.6
2025-11-20 03:50:00,93.9
2025-11-20 03:52:30,93.9
2025-11-20 03:55:00,93.8
2025-11-20 03:57:30,93.3
2025-11-20 04:00:00,92.9
2025-11-20 04:02:30,93.1
2025-11-20 04:05:00,93.9
2025-11-20 04:07:30,93.5
2025-11-20 04:10:00,93.7
2025-11-20 04:12:30,93.6
2025-11-20 04:15:00,93.6
2025-11-20 04:17:30,93.6
2025-11-20 04:20:00,93.9
2025-11-20 04:22:30,93.5
2025-11-20 04:25:00,93.6
2025-11-20 04:27:30,93.7
2025-11-20 04:30:00,93.7
2025-11-20 04:32:30,93.525
2025-11-20 04:35:00,93.1
2025-11-20 04:37:30,93.6
2025-11-20 04:40:00,93.15
2025-11-20 04:42:30,93.4
2025-11-20 04:45:00,92.5
2025-11-20 04:47:30,92.4
2025-11-20 04:50:00,92.9
2025-11-20 04:52:30,92.4
2025-11-20 04:55:00,92.9
2025-11-20 04:57:30,92.0
2025-11-20 05:00:00,92.9
2025-11-20 05:02:30,93.7
2025-11-20 05:05:00,92.6
2025-11-20 05:07:30,92.3
2025-11-20 05:10:00,92.8
2025-11-20 05:12:30,92.4
2025-11-20 05:15:00,93.6
2025-11-20 05:17:30,92.9
2025-11-20 05:20:00,91.8
2025-11-20 05:22:30,91.3
2025-11-20 05:25:00,91.55
2025-11-20 05:27:30,91.85000000000001
2025-11-20 05:30:00,92.125
2025-11-20 05:32:30,92.7
2025-11-20 05:35:00,92.4
2025-11-20 05:37:30,93.3
2025-11-20 05:40:00,93.1
2025-11-20 05:42:30,93.1
2025-11-20 05:45:00,93.1
2025-11-20 05:47:30,93.1
2025-11-20 05:50:00,93.1
2025-11-20 05:52:30,93.1
2025-11-20 05:55:00,93.1
2025-11-20 05:57:30,93.1
2025-11-20 06:00:00,93.0
2025-11-20 06:02:30,92.9
2025-11-20 06:05:00,92.9
2025-11-20 06:07:30,92.9
2025-11-20 06:10:00,92.9
2025-11-20 06:12:30,92.9
2025-11-20 06:15:00,92.8
2025-11-20 06:17:30,92.8
2025-11-20 06:20:00,92.8
2025-11-20 06:22:30,92.8
2025-11-20 06:25:00,92.8
2025-11-20 06:27:30,92.8
2025-11-20 06:30:00,92.8
2025-11-20 06:32:30,92.75
2025-11-20 06:35:00,92.7
2025-11-20 06:37:30,92.7
2025-11-20 06:40:00,92.6
2025-11-20 06:42:30,92.6
2025-11-20 06:45:00,92.6
2025-11-20 06:47:30,92.6
2025-11-20 06:50:00,92.6
2025-11-20 06:52:30,92.5
2025-11-20 06:55:00,92.4
2025-11-20 06:57:30,92.4
2025-11-20 07:00:00,92.3
2025-11-20 07:02:30,92.3
2025-11-20 07:05:00,92.3
2025-11-20 07:07:30,92.3
2025-11-20 07:10:00,92.3
2025-11-20 07:12:30,92.3
2025-11-20 07:15:00,92.3
2025-11-20 07:17:30,92.3
2025-11-20 07:20:00,92.3
2025-11-20 07:22:30,92.2
2025-11-20 07:25:00,91.8
2025-11-20 07:27:30,92.0
2025-11-20 07:30:00,92.1
2025-11-20 07:32:30,92.0
2025-11-20 07:35:00,92.0
2025-11-20 07:37:30,91.8
2025-11-20 07:40:00,91.8
2025-11-20 07:42:30,92.0
2025-11-20 07:45:00,91.8
2025-11-20 07:47:30,91.8
2025-11-20 07:50:00,91.6
2025-11-20 07:52:30,91.5
2025-11-20 07:55:00,91.6
2025-11-20 07:57:30,91.6
2025-11-20 08:00:00,91.5
2025-11-20 08:02:30,91.5
2025-11-20 08:05:00,91.5
2025-11-20 08:07:30,91.4
2025-11-20 08:10:00,91.3
2025-11-20 08:12:30,91.3
2025-11-20 08:15:00,91.3
2025-11-20 08:17:30,91.3
2025-11-20 08:20:00,91.3
2025-11-20 08:22:30,91.3
2025-11-20 08:25:00,91.3
2025-11-20 08:27:30,91.2
2025-11-20 08:30:00,91.3
2025-11-20 08:32:30,91.4
2025-11-20 08:35:00,91.2
2025-11-20 08:37:30,91.1
2025-11-20 08:40:00,91.2
2025-11-20 08:42:30,91.2
2025-11-20 08:45:00,91.3
2025-11-20 08:47:30,90.7
2025-11-20 08:50:00,90.7
2025-11-20 08:52:30,90.6
2025-11-20 08:55:00,90.6
2025-11-20 08:57:30,90.6
2025-11-20 09:00:00,90.5
2025-11-20 09:02:30,90.5
2025-11-20 09:05:00,90.5
2025-11-20 09:07:30,90.5
2025-11-20 09:10:00,90.5
2025-11-20 09:12:30,90.5
2025-11-20 09:15:00,90.5
2025-11-20 09:17:30,90.5
2025-11-20 09:20:00,90.7
2025-11-20 09:22:30,90.2
2025-11-20 09:25:00,90.5
2025-11-20 09:27:30,90.3
2025-11-20 09:30:00,90.7
2025-11-20 09:32:30,90.5
2025-11-20 09:35:00,90.3
2025-11-20 09:37:30,90.5
2025-11-20 09:40:00,90.4
2025-11-20 09:42:30,90.4
2025-11-20 09:45:00,90.2
2025-11-20 09:47:30,90.3
2025-11-20 09:50:00,90.5
2025-11-20 09:52:30,90.5
2025-11-20 09:55:00,90.5
2025-11-20 09:57:30,90.3
2025-11-20 10:00:00,90.5
2025-11-20 10:02:30,90.3
2025-11-20 10:05:00,90.4
2025-11-20 10:07:30,90.2
2025-11-20 10:10:00,90.3
2025-11-20 10:12:30,90.2
2025-11-20 10:15:00,90.1
2025-11-20 10:17:30,90.3
2025-11-20 10:20:00,90.0
2025-11-20 10:22:30,90.1
2025-11-20 10:25:00,90.5
2025-11-20 10:27:30,90.3
2025-11-20 10:30:00,90.1
2025-11-20 10:32:30,90.4
2025-11-20 10:35:00,90.5
2025-11-20 10:37:30,90.4
2025-11-20 10:40:00,90.5
2025-11-20 10:42:30,90.5
2025-11-20 10:45:00,90.4
2025-11-20 10:47:30,90.3
2025-11-20 10:50:00,90.3
2025-11-20 10:52:30,90.3
2025-11-20 10:55:00,90.3
2025-11-20 10:57:30,90.5
2025-11-20 11:00:00,90.3
2025-11-20 11:02:30,90.3
2025-11-20 11:05:00,90.3
2025-11-20 11:07:30,90.3
2025-11-20 11:10:00,90.5
2025-11-20 11:12:30,90.4
2025-11-20 11:15:00,90.2
2025-11-20 11:17:30,90.2
2025-11-20 11:20:00,90.3
2025-11-20 11:22:30,90.2
2025-11-20 11:25:00,90.1
2025-11-20 11:27:30,90.4
2025-11-20 11:30:00,90.3
2025-11-20 11:32:30,90.3
2025-11-20 11:35:00,90.4
2025-11-20 11:37:30,90.2
2025-11-20 11:40:00,90.6
2025-11-20 11:42:30,90.55000000000001
2025-11-20 11:45:00,90.5
2025-11-20 11:47:30,90.2
2025-11-20 11:50:00,90.5
2025-11-20 11:52:30,90.35
2025-11-20 11:55:00,90.25
2025-11-20 11:57:30,90.4
2025-11-20 12:00:00,90.4
2025-11-20 12:02:30,90.2
2025-11-20 12:05:00,90.3
2025-11-20 12:07:30,90.5
2025-11-20 12:10:00,90.5
2025-11-20 12:12:30,90.5
2025-11-20 12:15:00,90.3
2025-11-20 12:17:30,90.5
2025-11-20 12:20:00,90.3
2025-11-20 12:22:30,90.5
2025-11-20 12:25:00,90.5
2025-11-20 12:27:30,90.5
2025-11-20 12:30:00,90.5
2025-11-20 12:32:30,90.2
2025-11-20 12:35:00,90.5
2025-11-20 12:37:30,90.5
2025-11-20 12:40:00,90.45
2025-11-20 12:42:30,90.2
2025-11-20 12:45:00,89.8
2025-11-20 12:47:30,90.3
2025-11-20 12:50:00,89.7
2025-11-20 12:52:30,90.3
2025-11-20 12:55:00,90.3
2025-11-20 12:57:30,90.5
2025-11-20 13:00:00,90.5
2025-11-20 13:02:30,90.4
2025-11-20 13:05:00,90.3
2025-11-20 13:07:30,90.5
2025-11-20 13:10:00,90.3
2025-11-20 13:12:30,90.4
2025-11-20 13:15:00,90.4
2025-11-20 13:17:30,90.3
2025-11-20 13:20:00,90.4
2025-11-20 13:22:30,90.4
2025-11-20 13:25:00,90.3
2025-11-20 13:27:30,90.2
2025-11-20 13:30:00,90.3
2025-11-20 13:32:30,90.1
2025-11-20 13:35:00,90.3
2025-11-20 13:37:30,90.3
2025-11-20 13:40:00,90.2
2025-11-20 13:42:30,90.3
2025-11-20 13:45:00,90.5
2025-11-20 13:47:30,90.3
2025-11-20 13:50:00,90.2
2025-11-20 13:52:30,90.5
2025-11-20 13:55:00,90.3
2025-11-20 13:57:30,90.4
2025-11-20 14:00:00,90.3
2025-11-20 14:02:30,90.4
2025-11-20 14:05:00,90.0
2025-11-20 14:07:30,90.5
2025-11-20 14:10:00,90.4
2025-11-20 14:12:30,90.0875
2025-11-20 14:15:00,89.8
2025-11-20 14:17:30,89.65
2025-11-20 14:20:00,89.7
2025-11-20 14:22:30,90.3
2025-11-20 14:25:00,90.5
2025-11-20 14:27:30,90.3
2025-11-20 14:30:00,90.5
2025-11-20 14:32:30,90.4
2025-11-20 14:35:00,90.2
2025-11-20 14:37:30,90.3
2025-11-20 14:40:00,90.4
2025-11-20 14:42:30,90.1
2025-11-20 14:45:00,90.3
2025-11-20 14:47:30,90.7
2025-11-20 14:50:00,90.3
2025-11-20 14:52:30,90.4
2025-11-20 14:55:00,90.4
2025-11-20 14:57:30,90.6
2025-11-20 15:00:00,90.3
2025-11-20 15:02:30,90.5
2025-11-20 15:05:00,90.5
2025-11-20 15:07:30,90.4
2025-11-20 15:10:00,90.5
2025-11-20 15:12:30,90.3
2025-11-20 15:15:00,90.4
2025-11-20 15:17:30,90.2
2025-11-20 15:20:00,90.5
2025-11-20 15:22:30,90.3
2025-11-20 15:25:00,90.3
2025-11-20 15:27:30,90.3
2025-11-20 15:30:00,90.3
2025-11-20 15:32:30,90.4
2025-11-20 15:35:00,90.5
2025-11-20 15:37:30,90.7
2025-11-20 15:40:00,90.6
2025-11-20 15:42:30,90.5
2025-11-20 15:45:00,90.5
2025-11-20 15:47:30,90.5
2025-11-20 15:50:00,90.7
2025-11-20 15:52:30,90.4
2025-11-20 15:55:00,90.4
2025-11-20 15:57:30,90.4
2025-11-20 16:00:00,90.4
2025-11-20 16:02:30,90.4
2025-11-20 16:05:00,90.4
2025-11-20 16:07:30,90.3
2025-11-20 16:10:00,90.3
2025-11-20 16:12:30,90.3
2025-11-20 16:15:00,90.3
2025-11-20 16:17:30,90.3
2025-11-20 16:20:00,90.3
2025-11-20 16:22:30,90.3
2025-11-20 16:25:00,90.3
2025-11-20 16:27:30,90.4
2025-11-20 16:30:00,90.3
2025-11-20 16:32:30,90.4
2025-11-20 16:35:00,90.5
2025-11-20 16:37:30,90.4
2025-11-20 16:40:00,90.3
2025-11-20 16:42:30,90.5
2025-11-20 16:45:00,90.5
2025-11-20 16:47:30,90.4
2025-11-20 16:50:00,90.7
2025-11-20 16:52:30,90.3
2025-11-20 16:55:00,90.5
2025-11-20 16:57:30,90.5
2025-11-20 17:00:00,90.5
2025-11-20 17:02:30,90.4
2025-11-20 17:05:00,90.3
2025-11-20 17:07:30,90.5
2025-11-20 17:10:00,90.4
2025-11-20 17:12:30,90.5
2025-11-20 17:15:00,90.5
2025-11-20 17:17:30,90.4
2025-11-20 17:20:00,90.1
2025-11-20 17:22:30,90.5
2025-11-20 17:25:00,90.4
2025-11-20 17:27:30,90.2
2025-11-20 17:30:00,90.5
2025-11-20 17:32:30,90.4
2025-11-20 17:35:00,90.5
2025-11-20 17:37:30,90.4
2025-11-20 17:40:00,90.4
2025-11-20 17:42:30,90.5
2025-11-20 17:45:00,90.4
2025-11-20 17:47:30,90.4
2025-11-20 17:50:00,90.4
2025-11-20 17:52:30,90.5
2025-11-20 17:55:00,90.3
2025-11-20 17:57:30,90.3
2025-11-20 18:00:00,90.3
2025-11-20 18:02:30,90.5
2025-11-20 18:05:00,90.3
2025-11-20 18:07:30,90.5
2025-11-20 18:10:00,90.5
2025-11-20 18:12:30,90.4
2025-11-20 18:15:00,90.3
2025-11-20 18:17:30,90.5
2025-11-20 18:20:00,90.2
2025-11-20 18:22:30,90.3
2025-11-20 18:25:00,90.3
2025-11-20 18:27:30,90.7
2025-11-20 18:30:00,90.1
2025-11-20 18:32:30,90.25
2025-11-20 18:35:00,90.5
2025-11-20 18:37:30,90.4
2025-11-20 18:40:00,90.2
2025-11-20 18:42:30,90.3
2025-11-20 18:45:00,90.7
2025-11-20 18:47:30,90.2
2025-11-20 18:50:00,90.3
2025-11-20 18:52:30,90.6
2025-11-20 18:55:00,90.3
2025-11-20 18:57:30,90.3
2025-11-20 19:00:00,90.3
2025-11-20 19:02:30,90.3
2025-11-20 19:05:00,90.3
2025-11-20 19:07:30,90.3
2025-11-20 19:10:00,90.3
2025-11-20 19:12:30,90.3
2025-11-20 19:15:00,90.4
2025-11-20 19:17:30,90.5
2025-11-20 19:20:00,90.2
2025-11-20 19:22:30,90.35
2025-11-20 19:25:00,90.3
2025-11-20 19:27:30,90.3
2025-11-20 19:30:00,90.35
2025-11-20 19:32:30,90.4
2025-11-20 19:35:00,90.4
2025-11-20 19:37:30,90.7
2025-11-20 19:40:00,90.2
2025-11-20 19:42:30,90.3
2025-11-20 19:45:00,90.3
2025-11-20 19:47:30,90.30000000000001
2025-11-20 19:50:00,90.5
2025-11-20 19:52:30,90.4
2025-11-20 19:55:00,90.4
2025-11-20 19:57:30,90.30000000000001
2025-11-20 20:00:00,90.3
2025-11-20 20:02:30,90.25
2025-11-20 20:05:00,90.3
2025-11-20 20:07:30,90.3
2025-11-20 20:10:00,90.3
2025-11-20 20:12:30,90.3
2025-11-20 20:15:00,90.3
2025-11-20 20:17:30,90.3
2025-11-20 20:20:00,90.3
2025-11-20 20:22:30,90.3
2025-11-20 20:25:00,90.3
2025-11-20 20:27:30,90.3
2025-11-20 20:30:00,90.3
2025-11-20 20:32:30,90.3
2025-11-20 20:35:00,90.3
2025-11-20 20:37:30,90.35
2025-11-20 20:40:00,90.2
2025-11-20 20:42:30,90.2
2025-11-20 20:45:00,90.3
2025-11-20 20:47:30,90.3
2025-11-20 20:50:00,90.3
2025-11-20 20:52:30,90.2
2025-11-20 20:55:00,90.5
2025-11-20 20:57:30,90.55000000000001
2025-11-20 21:00:00,90.3
2025-11-20 21:02:30,90.3
2025-11-20 21:05:00,90.4
2025-11-20 21:07:30,90.3
2025-11-20 21:10:00,90.2
2025-11-20 21:12:30,90.3
2025-11-20 21:15:00,90.2
2025-11-20 21:17:30,90.3
2025-11-20 21:20:00,90.2
2025-11-20 21:22:30,90.25
2025-11-20 21:25:00,90.3
2025-11-20 21:27:30,90.3
2025-11-20 21:30:00,90.3
2025-11-20 21:32:30,90.3
2025-11-20 21:35:00,90.3
2025-11-20 21:37:30,90.3
2025-11-20 21:40:00,90.3
2025-11-20 21:42:30,90.3
2025-11-20 21:45:00,90.25
2025-11-20 21:47:30,90.2
2025-11-20 21:50:00,90.2
2025-11-20 21:52:30,90.2
2025-11-20 21:55:00,90.2
2025-11-20 21:57:30,90.2
2025-11-20 22:00:00,90.2
2025-11-20 22:02:30,90.2
2025-11-20 22:05:00,90.2
2025-11-20 22:07:30,90.2
2025-11-20 22:10:00,90.2
2025-11-20 22:12:30,90.2
2025-11-20 22:15:00,90.2
2025-11-20 22:17:30,90.2
2025-11-20 22:20:00,90.1
2025-11-20 22:22:30,90.5
2025-11-20 22:25:00,90.2
2025-11-20 22:27:30,90.0
2025-11-20 22:30:00,90.1
2025-11-20 22:32:30,90.2
2025-11-20 22:35:00,89.8
2025-11-20 22:37:30,90.3
2025-11-20 22:40:00,90.1
2025-11-20 22:42:30,90.2
2025-11-20 22:45:00,90.2
2025-11-20 22:47:30,90.2
2025-11-20 22:50:00,90.2
2025-11-20 22:52:30,90.2
2025-11-20 22:55:00,90.2
2025-11-20 22:57:30,90.2
2025-11-20 23:00:00,90.3
2025-11-20 23:02:30,90.2
2025-11-20 23:05:00,90.2
2025-11-20 23:07:30,90.3
2025-11-20 23:10:00,90.4
2025-11-20 23:12:30,90.1
2025-11-20 23:15:00,90.3
2025-11-20 23:17:30,90.3
2025-11-20 23:20:00,90.3
2025-11-20 23:22:30,90.3
2025-11-20 23:25:00,90.2
2025-11-20 23:27:30,90.15
2025-11-20 23:30:00,90.3
2025-11-20 23:32:30,90.0
2025-11-20 23:35:00,90.2
2025-11-20 23:37:30,90.2
2025-11-20 23:40:00,90.2
2025-11-20 23:42:30,90.2
2025-11-20 23:45:00,90.2
2025-11-20 23:47:30,90.2
2025-11-20 23:50:00,90.2
2025-11-20 23:52:30,90.2
2025-11-20 23:55:00,90.3
2025-11-20 23:57:30,90.3
2025-11-21 00:00:00,90.0
2025-11-21 00:02:30,90.2
2025-11-21 00:05:00,90.1
2025-11-21 00:07:30,90.3
2025-11-21 00:10:00,90.2
2025-11-21 00:12:30,90.1
2025-11-21 00:15:00,90.2
2025-11-21 00:17:30,90.1
2025-11-21 00:20:00,90.2
2025-11-21 00:22:30,90.3
2025-11-21 00:25:00,90.1
2025-11-21 00:27:30,90.2
2025-11-21 00:30:00,90.2
2025-11-21 00:32:30,90.2
2025-11-21 00:35:00,90.2
2025-11-21 00:37:30,90.2
2025-11-21 00:40:00,90.2
2025-11-21 00:42:30,90.2
2025-11-21 00:45:00,90.2
2025-11-21 00:47:30,90.2
2025-11-21 00:50:00,90.2
2025-11-21 00:52:30,90.2
2025-11-21 00:55:00,90.2
2025-11-21 00:57:30,90.2
2025-11-21 01:00:00,90.2
2025-11-21 01:02:30,90.2
2025-11-21 01:05:00,90.2
2025-11-21 01:07:30,90.3
2025-11-21 01:10:00,90.1
2025-11-21 01:12:30,90.3
2025-11-21 01:15:00,90.2
2025-11-21 01:17:30,90.3
2025-11-21 01:20:00,90.1
2025-11-21 01:22:30,90.2
2025-11-21 01:25:00,90.1
2025-11-21 01:27:30,90.3
2025-11-21 01:30:00,90.1
2025-11-21 01:32:30,90.1
2025-11-21 01:35:00,90.1
2025-11-21 01:37:30,90.0
2025-11-21 01:40:00,90.1
2025-11-21 01:42:30,89.8
2025-11-21 01:45:00,89.8
2025-11-21 01:47:30,90.0
2025-11-21 01:50:00,90.2
2025-11-21 01:52:30,89.2
2025-11-21 01:55:00,90.0
2025-11-21 01:57:30,90.1
2025-11-21 02:00:00,90.1
2025-11-21 02:02:30,90.0
2025-11-21 02:05:00,89.8
2025-11-21 02:07:30,89.7
2025-11-21 02:10:00,90.2
2025-11-21 02:12:30,90.2
2025-11-21 02:15:00,90.2
2025-11-21 02:17:30,90.2
2025-11-21 02:20:00,90.0
2025-11-21 02:22:30,90.1
2025-11-21 02:25:00,89.2
2025-11-21 02:27:30,89.6
2025-11-21 02:30:00,90.1
2025-11-21 02:32:30,89.8
2025-11-21 02:35:00,89.4
2025-11-21 02:37:30,89.8
2025-11-21 02:40:00,90.0
2025-11-21 02:42:30,89.65
2025-11-21 02:45:00,89.7
2025-11-21 02:47:30,89.1
2025-11-21 02:50:00,89.2
2025-11-21 02:52:30,90.2
2025-11-21 02:55:00,90.2
2025-11-21 02:57:30,90.0
2025-11-21 03:00:00,89.8
2025-11-21 03:02:30,89.4
2025-11-21 03:05:00,89.1
2025-11-21 03:07:30,89.7
2025-11-21 03:10:00,90.1
2025-11-21 03:12:30,89.925
2025-11-21 03:15:00,90.2
2025-11-21 03:17:30,89.7
2025-11-21 03:20:00,89.67500000000001
2025-11-21 03:22:30,89.4
2025-11-21 03:25:00,89.4
2025-11-21 03:27:30,88.5
2025-11-21 03:30:00,89.10000000000001
2025-11-21 03:32:30,89.4
2025-11-21 03:35:00,89.8
2025-11-21 03:37:30,90.3
2025-11-21 03:40:00,90.1
2025-11-21 03:42:30,89.8
2025-11-21 03:45:00,90.0
2025-11-21 03:47:30,90.0
2025-11-21 03:50:00,90.2
2025-11-21 03:52:30,90.2
2025-11-21 03:55:00,89.8
2025-11-21 03:57:30,90.0
2025-11-21 04:00:00,90.2
2025-11-21 04:02:30,90.2
2025-11-21 04:05:00,90.2
2025-11-21 04:07:30,89.4
2025-11-21 04:10:00,89.8
2025-11-21 04:12:30,90.3
2025-11-21 04:15:00,89.7
2025-11-21 04:17:30,89.8
2025-11-21 04:20:00,89.625
2025-11-21 04:22:30,90.1
2025-11-21 04:25:00,88.9
2025-11-21 04:27:30,89.8
2025-11-21 04:30:00,90.1
2025-11-21 04:32:30,89.8
2025-11-21 04:35:00,89.7
2025-11-21 04:37:30,89.8
2025-11-21 04:40:00,89.8
2025-11-21 04:42:30,90.2
2025-11-21 04:45:00,90.0
2025-11-21 04:47:30,89.7
2025-11-21 04:50:00,89.8
2025-11-21 04:52:30,89.8
2025-11-21 04:55:00,90.1
2025-11-21 04:57:30,90.2
2025-11-21 05:00:00,89.4
2025-11-21 05:02:30,89.8
2025-11-21 05:05:00,89.9
2025-11-21 05:07:30,89.4
2025-11-21 05:10:00,88.9
2025-11-21 05:12:30,89.2
2025-11-21 05:15:00,89.4
2025-11-21 05:17:30,89.9
2025-11-21 05:20:00,89.8
2025-11-21 05:22:30,89.57499999999999
2025-11-21 05:25:00,89.7
2025-11-21 05:27:30,88.9
2025-11-21 05:30:00,90.0
2025-11-21 05:32:30,89.1
2025-11-21 05:35:00,88.6
2025-11-21 05:37:30,89.4
2025-11-21 05:40:00,89.4
2025-11-21 05:42:30,89.3
2025-11-21 05:45:00,89.4
2025-11-21 05:47:30,89.9
2025-11-21 05:50:00,90.05000000000001
2025-11-21 05:52:30,89.7
2025-11-21 05:55:00,90.0
2025-11-21 05:57:30,89.8
2025-11-21 06:00:00,89.3
2025-11-21 06:02:30,90.0
2025-11-21 06:05:00,89.7
2025-11-21 06:07:30,89.43333333333332
2025-11-21 06:10:00,88.6
2025-11-21 06:12:30,88.1
2025-11-21 06:15:00,88.5
2025-11-21 06:17:30,88.46666666666665
2025-11-21 06:20:00,88.8
2025-11-21 06:22:30,89.01666666666665
2025-11-21 06:25:00,89.9
2025-11-21 06:27:30,88.9
2025-11-21 06:30:00,90.0
2025-11-21 06:32:30,89.4
2025-11-21 06:35:00,90.0
2025-11-21 06:37:30,89.4
2025-11-21 06:40:00,90.0
2025-11-21 06:42:30,89.7
2025-11-21 06:45:00,88.6
2025-11-21 06:47:30,88.5
2025-11-21 06:50:00,88.5
2025-11-21 06:52:30,88.5
2025-11-21 06:55:00,88.5
2025-11-21 06:57:30,88.5
2025-11-21 07:00:00,88.73333333333333
2025-11-21 07:02:30,88.60833333333333
2025-11-21 07:05:00,89.2
2025-11-21 07:07:30,89.35208333333334
2025-11-21 07:10:00,89.8
2025-11-21 07:12:30,89.8
2025-11-21 07:15:00,89.7
2025-11-21 07:17:30,89.2
2025-11-21 07:20:00,90.0
2025-11-21 07:22:30,89.0
2025-11-21 07:25:00,88.0
2025-11-21 07:27:30,88.5
2025-11-21 07:30:00,89.35
2025-11-21 07:32:30,88.5
2025-11-21 07:35:00,89.3
2025-11-21 07:37:30,88.5
2025-11-21 07:40:00,88.0
2025-11-21 07:42:30,88.7
2025-11-21 07:45:00,89.3
2025-11-21 07:47:30,89.4
2025-11-21 07:50:00,88.85
2025-11-21 07:52:30,88.95
2025-11-21 07:55:00,88.0
2025-11-21 07:57:30,88.9
2025-11-21 08:00:00,89.8
2025-11-21 08:02:30,89.8
2025-11-21 08:05:00,89.8
2025-11-21 08:07:30,89.8
2025-11-21 08:10:00,89.7
2025-11-21 08:12:30,89.8
2025-11-21 08:15:00,89.8
2025-11-21 08:17:30,89.7
2025-11-21 08:20:00,90.0
2025-11-21 08:22:30,89.8
2025-11-21 08:25:00,89.7
2025-11-21 08:27:30,89.8
2025-11-21 08:30:00,89.4
2025-11-21 08:32:30,89.8
2025-11-21 08:35:00,89.8
2025-11-21 08:37:30,89.8
2025-11-21 08:40:00,89.8
2025-11-21 08:42:30,89.8
2025-11-21 08:45:00,89.8
2025-11-21 08:47:30,89.8
2025-11-21 08:50:00,89.8
2025-11-21 08:52:30,89.8
2025-11-21 08:55:00,89.8
2025-11-21 08:57:30,89.8
2025-11-21 09:00:00,89.8
2025-11-21 09:02:30,89.8
2025-11-21 09:05:00,89.7
2025-11-21 09:07:30,89.8
2025-11-21 09:10:00,89.9
2025-11-21 09:12:30,89.8
2025-11-21 09:15:00,90.0
2025-11-21 09:17:30,89.8
2025-11-21 09:20:00,90.0
2025-11-21 09:22:30,90.0
2025-11-21 09:25:00,89.8
2025-11-21 09:27:30,90.0
2025-11-21 09:30:00,89.9
2025-11-21 09:32:30,89.7
2025-11-21 09:35:00,89.4
2025-11-21 09:37:30,89.7
2025-11-21 09:40:00,89.65
2025-11-21 09:42:30,89.8
2025-11-21 09:45:00,89.7
2025-11-21 09:47:30,89.4
2025-11-21 09:50:00,89.55000000000001
2025-11-21 09:52:30,89.8
2025-11-21 09:55:00,89.3
2025-11-21 09:57:30,89.3
2025-11-21 10:00:00,89.42500000000001
2025-11-21 10:02:30,89.7
2025-11-21 10:05:00,89.4
2025-11-21 10:07:30,89.2
2025-11-21 10:10:00,89.2
2025-11-21 10:12:30,89.8
2025-11-21 10:15:00,89.1
2025-11-21 10:17:30,89.2
2025-11-21 10:20:00,89.2
2025-11-21 10:22:30,89.4
2025-11-21 10:25:00,89.4
2025-11-21 10:27:30,89.2
2025-11-21 10:30:00,89.9
2025-11-21 10:32:30,89.8
2025-11-21 10:35:00,89.7
2025-11-21 10:37:30,89.8
2025-11-21 10:40:00,89.8
2025-11-21 10:42:30,89.8
2025-11-21 10:45:00,89.8
2025-11-21 10:47:30,89.8
2025-11-21 10:50:00,89.8
2025-11-21 10:52:30,89.8
2025-11-21 10:55:00,89.8
2025-11-21 10:57:30,89.8
2025-11-21 11:00:00,89.8
2025-11-21 11:02:30,89.8
2025-11-21 11:05:00,89.7
2025-11-21 11:07:30,89.8
2025-11-21 11:10:00,89.8
2025-11-21 11:12:30,89.7
2025-11-21 11:15:00,89.8
2025-11-21 11:17:30,89.8
2025-11-21 11:20:00,89.8
2025-11-21 11:22:30,89.8
2025-11-21 11:25:00,89.8
2025-11-21 11:27:30,89.8
2025-11-21 11:30:00,89.8
2025-11-21 11:32:30,89.8
2025-11-21 11:35:00,89.8
2025-11-21 11:37:30,89.8
2025-11-21 11:40:00,89.8
2025-11-21 11:42:30,89.8
2025-11-21 11:45:00,89.8
2025-11-21 11:47:30,89.7
2025-11-21 11:50:00,89.8
2025-11-21 11:52:30,89.8
2025-11-21 11:55:00,89.7
2025-11-21 11:57:30,88.9
2025-11-21 12:00:00,89.0
2025-11-21 12:02:30,89.7
2025-11-21 12:05:00,89.2
2025-11-21 12:07:30,89.8
2025-11-21 12:10:00,89.625
2025-11-21 12:12:30,89.8
2025-11-21 12:15:00,89.7
2025-11-21 12:17:30,89.7
2025-11-21 12:20:00,89.25
2025-11-21 12:22:30,90.0
2025-11-21 12:25:00,90.0
2025-11-21 12:27:30,90.1
2025-11-21 12:30:00,89.9
2025-11-21 12:32:30,89.85
2025-11-21 12:35:00,89.94999999999999
2025-11-21 12:37:30,89.7
2025-11-21 12:40:00,89.8
2025-11-21 12:42:30,89.8
2025-11-21 12:45:00,89.8
2025-11-21 12:47:30,89.8
2025-11-21 12:50:00,89.8
2025-11-21 12:52:30,89.8
2025-11-21 12:55:00,89.8
2025-11-21 12:57:30,89.8
2025-11-21 13:00:00,89.8
2025-11-21 13:02:30,89.8
2025-11-21 13:05:00,89.8
2025-11-21 13:07:30,89.8
2025-11-21 13:10:00,89.8
2025-11-21 13:12:30,89.8
2025-11-21 13:15:00,89.8
2025-11-21 13:17:30,89.8
2025-11-21 13:20:00,89.8
2025-11-21 13:22:30,89.8
2025-11-21 13:25:00,89.9
2025-11-21 13:27:30,89.95
2025-11-21 13:30:00,89.9
2025-11-21 13:32:30,89.7
2025-11-21 13:35:00,89.9
2025-11-21 13:37:30,89.9
2025-11-21 13:40:00,90.0
2025-11-21 13:42:30,89.8
2025-11-21 13:45:00,89.9
2025-11-21 13:47:30,90.1
2025-11-21 13:50:00,89.7
2025-11-21 13:52:30,89.8
2025-11-21 13:55:00,89.8
2025-11-21 13:57:30,89.8
2025-11-21 14:00:00,89.7
2025-11-21 14:02:30,89.8
2025-11-21 14:05:00,89.7
2025-11-21 14:07:30,89.8
2025-11-21 14:10:00,89.7
2025-11-21 14:12:30,89.7
2025-11-21 14:15:00,89.4
2025-11-21 14:17:30,89.8
2025-11-21 14:20:00,89.3
2025-11-21 14:22:30,89.4
2025-11-21 14:25:00,89.7
2025-11-21 14:27:30,89.8
2025-11-21 14:30:00,89.8
2025-11-21 14:32:30,89.8
2025-11-21 14:35:00,89.8
2025-11-21 14:37:30,89.8
2025-11-21 14:40:00,89.8
2025-11-21 14:42:30,89.8
2025-11-21 14:45:00,89.8
2025-11-21 14:47:30,89.7
2025-11-21 14:50:00,89.8
2025-11-21 14:52:30,89.8
2025-11-21 14:55:00,90.0
2025-11-21 14:57:30,89.8
2025-11-21 15:00:00,89.7
2025-11-21 15:02:30,89.7
2025-11-21 15:05:00,89.8
2025-11-21 15:07:30,90.0
2025-11-21 15:10:00,89.8
2025-11-21 15:12:30,89.8
2025-11-21 15:15:00,89.75
2025-11-21 15:17:30,89.8
2025-11-21 15:20:00,89.8
2025-11-21 15:22:30,90.0
2025-11-21 15:25:00,89.8
2025-11-21 15:27:30,90.0
2025-11-21 15:30:00,90.0
2025-11-21 15:32:30,89.7
2025-11-21 15:35:00,89.9
2025-11-21 15:37:30,89.8
2025-11-21 15:40:00,89.8
2025-11-21 15:42:30,89.7
2025-11-21 15:45:00,89.4
2025-11-21 15:47:30,90.0
2025-11-21 15:50:00,89.8
2025-11-21 15:52:30,89.8
2025-11-21 15:55:00,89.8
2025-11-21 15:57:30,89.9
2025-11-21 16:00:00,89.8
2025-11-21 16:02:30,89.8
2025-11-21 16:05:00,89.8
2025-11-21 16:07:30,89.7
2025-11-21 16:10:00,89.8
2025-11-21 16:12:30,89.8
2025-11-21 16:15:00,89.8
2025-11-21 16:17:30,89.4
2025-11-21 16:20:00,89.7
2025-11-21 16:22:30,90.0
2025-11-21 16:25:00,89.4
2025-11-21 16:27:30,89.8
2025-11-21 16:30:00,89.8
2025-11-21 16:32:30,89.8
2025-11-21 16:35:00,89.8
2025-11-21 16:37:30,89.8
2025-11-21 16:40:00,89.8
2025-11-21 16:42:30,89.8
2025-11-21 16:45:00,89.8
2025-11-21 16:47:30,89.8
2025-11-21 16:50:00,89.8
2025-11-21 16:52:30,89.8
2025-11-21 16:55:00,89.8
2025-11-21 16:57:30,89.8
2025-11-21 17:00:00,89.8
2025-11-21 17:02:30,89.8
2025-11-21 17:05:00,89.8
2025-11-21 17:07:30,89.8
2025-11-21 17:10:00,89.8
2025-11-21 17:12:30,89.8
2025-11-21 17:15:00,89.8
2025-11-21 17:17:30,89.8
2025-11-21 17:20:00,89.8
2025-11-21 17:22:30,89.8
2025-11-21 17:25:00,89.8
2025-11-21 17:27:30,89.8
2025-11-21 17:30:00,90.0
2025-11-21 17:32:30,89.8
2025-11-21 17:35:00,90.0
2025-11-21 17:37:30,89.8
2025-11-21 17:40:00,90.0
2025-11-21 17:42:30,89.75
2025-11-21 17:45:00,89.8
2025-11-21 17:47:30,89.8
2025-11-21 17:50:00,89.8
2025-11-21 17:52:30,89.8
2025-11-21 17:55:00,89.8
2025-11-21 17:57:30,89.8
2025-11-21 18:00:00,89.8
2025-11-21 18:02:30,89.8
2025-11-21 18:05:00,89.8
2025-11-21 18:07:30,89.8
2025-11-21 18:10:00,89.8
2025-11-21 18:12:30,89.8
2025-11-21 18:15:00,89.8
2025-11-21 18:17:30,89.8
2025-11-21 18:20:00,89.8
2025-11-21 18:22:30,89.8
2025-11-21 18:25:00,89.8
2025-11-21 18:27:30,89.7
2025-11-21 18:30:00,89.7
2025-11-21 18:32:30,89.8
2025-11-21 18:35:00,89.4
2025-11-21 18:37:30,89.8
2025-11-21 18:40:00,89.8
2025-11-21 18:42:30,89.7
2025-11-21 18:45:00,89.7
2025-11-21 18:47:30,89.8
2025-11-21 18:50:00,89.4
2025-11-21 18:52:30,89.8
2025-11-21 18:55:00,89.30000000000001
2025-11-21 18:57:30,89.7
2025-11-21 19:00:00,90.0
2025-11-21 19:02:30,89.7
2025-11-21 19:05:00,89.8
2025-11-21 19:07:30,89.8
2025-11-21 19:10:00,89.8
2025-11-21 19:12:30,89.8
2025-11-21 19:15:00,89.8
2025-11-21 19:17:30,89.8
2025-11-21 19:20:00,89.8
2025-11-21 19:22:30,89.8
2025-11-21 19:25:00,89.9
2025-11-21 19:27:30,89.55
2025-11-21 19:30:00,89.7
2025-11-21 19:32:30,89.9
2025-11-21 19:35:00,89.7
2025-11-21 19:37:30,89.8
2025-11-21 19:40:00,89.7
2025-11-21 19:42:30,89.7
2025-11-21 19:45:00,89.8
2025-11-21 19:47:30,89.8
2025-11-21 19:50:00,89.9
2025-11-21 19:52:30,89.8
2025-11-21 19:55:00,89.8
2025-11-21 19:57:30,89.8
2025-11-21 20:00:00,89.8
2025-11-21 20:02:30,89.7
2025-11-21 20:05:00,89.8
2025-11-21 20:07:30,89.8
2025-11-21 20:10:00,89.4
2025-11-21 20:12:30,89.4
2025-11-21 20:15:00,89.8
2025-11-21 20:17:30,89.8
2025-11-21 20:20:00,90.0
2025-11-21 20:22:30,89.8
2025-11-21 20:25:00,89.4
2025-11-21 20:27:30,89.7
2025-11-21 20:30:00,89.8
2025-11-21 20:32:30,89.7
2025-11-21 20:35:00,89.8
2025-11-21 20:37:30,89.8
2025-11-21 20:40:00,89.4
2025-11-21 20:42:30,89.7
2025-11-21 20:45:00,89.7
2025-11-21 20:47:30,89.8
2025-11-21 20:50:00,89.7
2025-11-21 20:52:30,89.7
2025-11-21 20:55:00,89.4
2025-11-21 20:57:30,89.4
2025-11-21 21:00:00,89.7
2025-11-21 21:02:30,89.8
2025-11-21 21:05:00,89.8
2025-11-21 21:07:30,89.8
2025-11-21 21:10:00,89.7
2025-11-21 21:12:30,89.8
2025-11-21 21:15:00,89.7
2025-11-21 21:17:30,89.7
2025-11-21 21:20:00,89.7
2025-11-21 21:22:30,89.8
2025-11-21 21:25:00,89.7
2025-11-21 21:27:30,89.7
2025-11-21 21:30:00,89.4
2025-11-21 21:32:30,89.8
2025-11-21 21:35:00,89.8
2025-11-21 21:37:30,89.7
2025-11-21 21:40:00,89.8
2025-11-21 21:42:30,89.4
2025-11-21 21:45:00,89.4
2025-11-21 21:47:30,89.7
2025-11-21 21:50:00,89.7
2025-11-21 21:52:30,89.7
2025-11-21 21:55:00,89.9
2025-11-21 21:57:30,90.0
2025-11-21 22:00:00,89.7
2025-11-21 22:02:30,89.9
2025-11-21 22:05:00,89.8
2025-11-21 22:07:30,89.4
2025-11-21 22:10:00,89.8
2025-11-21 22:12:30,89.8
2025-11-21 22:15:00,89.4
2025-11-21 22:17:30,89.55000000000001
2025-11-21 22:20:00,89.6
2025-11-21 22:22:30,89.4
2025-11-21 22:25:00,89.75
2025-11-21 22:27:30,89.4
2025-11-21 22:30:00,89.8
2025-11-21 22:32:30,89.55000000000001
2025-11-21 22:35:00,89.6
2025-11-21 22:37:30,89.7
2025-11-21 22:40:00,89.75
2025-11-21 22:42:30,89.7
2025-11-21 22:45:00,89.7
2025-11-21 22:47:30,89.7
2025-11-21 22:50:00,89.7
2025-11-21 22:52:30,89.6
2025-11-21 22:55:00,89.7
2025-11-21 22:57:30,89.55000000000001
2025-11-21 23:00:00,89.55000000000001
2025-11-21 23:02:30,89.55000000000001
2025-11-21 23:05:00,89.4
2025-11-21 23:07:30,89.0
2025-11-21 23:10:00,89.4
2025-11-21 23:12:30,89.7
2025-11-21 23:15:00,89.4
2025-11-21 23:17:30,89.4
2025-11-21 23:20:00,89.7
2025-11-21 23:22:30,89.4
2025-11-21 23:25:00,89.4
2025-11-21 23:27:30,89.8
2025-11-21 23:30:00,89.8
2025-11-21 23:32:30,89.8
2025-11-21 23:35:00,89.7
2025-11-21 23:37:30,89.7
2025-11-21 23:40:00,89.8
2025-11-21 23:42:30,89.7
2025-11-21 23:45:00,89.7
2025-11-21 23:47:30,89.7
2025-11-21 23:50:00,89.4
2025-11-21 23:52:30,89.7
2025-11-21 23:55:00,89.7
2025-11-21 23:57:30,89.7
2025-11-22 00:00:00,89.7
2025-11-22 00:02:30,89.7
2025-11-22 00:05:00,89.4
2025-11-22 00:07:30,88.9
2025-11-22 00:10:00,89.4
2025-11-22 00:12:30,89.2
2025-11-22 00:15:00,89.4
2025-11-22 00:17:30,89.4
2025-11-22 00:20:00,89.2
2025-11-22 00:22:30,89.4
2025-11-22 00:25:00,89.4
2025-11-22 00:27:30,89.4
2025-11-22 00:30:00,89.8
2025-11-22 00:32:30,89.2
2025-11-22 00:35:00,89.55000000000001
2025-11-22 00:37:30,89.7
2025-11-22 00:40:00,89.4
2025-11-22 00:42:30,89.8
2025-11-22 00:45:00,89.7
2025-11-22 00:47:30,89.4
2025-11-22 00:50:00,89.3
2025-11-22 00:52:30,89.4
2025-11-22 00:55:00,89.4
2025-11-22 00:57:30,89.4
2025-11-22 01:00:00,89.4
2025-11-22 01:02:30,89.4
2025-11-22 01:05:00,89.4
2025-11-22 01:07:30,89.4
2025-11-22 01:10:00,89.4
2025-11-22 01:12:30,89.4
2025-11-22 01:15:00,89.4
2025-11-22 01:17:30,89.4
2025-11-22 01:20:00,89.4
2025-11-22 01:22:30,89.4
2025-11-22 01:25:00,89.4
2025-11-22 01:27:30,89.4
2025-11-22 01:30:00,89.4
2025-11-22 01:32:30,89.4
2025-11-22 01:35:00,89.4
2025-11-22 01:37:30,89.4
2025-11-22 01:40:00,89.4
2025-11-22 01:42:30,89.4
2025-11-22 01:45:00,89.4
2025-11-22 01:47:30,89.4
2025-11-22 01:50:00,89.4
2025-11-22 01:52:30,89.4
2025-11-22 01:55:00,89.4
2025-11-22 01:57:30,89.4
2025-11-22 02:00:00,89.4
2025-11-22 02:02:30,89.4
2025-11-22 02:05:00,89.4
2025-11-22 02:07:30,89.4
2025-11-22 02:10:00,89.4
2025-11-22 02:12:30,89.4
2025-11-22 02:15:00,89.4
2025-11-22 02:17:30,89.3
2025-11-22 02:20:00,89.4
2025-11-22 02:22:30,89.2
2025-11-22 02:25:00,89.4
2025-11-22 02:27:30,89.4
2025-11-22 02:30:00,89.4
2025-11-22 02:32:30,89.4
2025-11-22 02:35:00,89.4
2025-11-22 02:37:30,89.4
2025-11-22 02:40:00,89.4
2025-11-22 02:42:30,89.4
2025-11-22 02:45:00,89.4
2025-11-22 02:47:30,89.4
2025-11-22 02:50:00,89.4
2025-11-22 02:52:30,89.4
2025-11-22 02:55:00,89.4
2025-11-22 02:57:30,89.4
2025-11-22 03:00:00,89.4
2025-11-22 03:02:30,89.4
2025-11-22 03:05:00,89.4
2025-11-22 03:07:30,89.4
2025-11-22 03:10:00,89.3
2025-11-22 03:12:30,89.4
2025-11-22 03:15:00,89.7
2025-11-22 03:17:30,89.3
2025-11-22 03:20:00,89.4
2025-11-22 03:22:30,89.4
2025-11-22 03:25:00,89.2
2025-11-22 03:27:30,89.4
2025-11-22 03:30:00,89.3
2025-11-22 03:32:30,89.4
2025-11-22 03:35:00,89.3
2025-11-22 03:37:30,89.4
2025-11-22 03:40:00,89.2
2025-11-22 03:42:30,89.4
2025-11-22 03:45:00,89.4
2025-11-22 03:47:30,88.9
2025-11-22 03:50:00,89.4
2025-11-22 03:52:30,89.1
2025-11-22 03:55:00,89.0
2025-11-22 03:57:30,89.0
2025-11-22 04:00:00,89.4
2025-11-22 04:02:30,89.2
2025-11-22 04:05:00,89.4
2025-11-22 04:07:30,89.2
2025-11-22 04:10:00,89.2
2025-11-22 04:12:30,89.3
2025-11-22 04:15:00,89.4
2025-11-22 04:17:30,89.4
2025-11-22 04:20:00,89.3
2025-11-22 04:22:30,89.2
2025-11-22 04:25:00,89.4
2025-11-22 04:27:30,89.4
2025-11-22 04:30:00,89.4
2025-11-22 04:32:30,89.4
2025-11-22 04:35:00,89.4
2025-11-22 04:37:30,89.4
2025-11-22 04:40:00,89.4
2025-11-22 04:42:30,89.4
2025-11-22 04:45:00,89.4
2025-11-22 04:47:30,89.4
2025-11-22 04:50:00,89.4
2025-11-22 04:52:30,89.4
2025-11-22 04:55:00,89.4
2025-11-22 04:57:30,89.4
2025-11-22 05:00:00,89.4
2025-11-22 05:02:30,89.4
2025-11-22 05:05:00,89.4
2025-11-22 05:07:30,89.4
2025-11-22 05:10:00,89.4
2025-11-22 05:12:30,89.4
2025-11-22 05:15:00,89.4
2025-11-22 05:17:30,89.4
2025-11-22 05:20:00,89.4
2025-11-22 05:22:30,89.4
2025-11-22 05:25:00,89.2
2025-11-22 05:27:30,89.3
2025-11-22 05:30:00,89.4
2025-11-22 05:32:30,89.4
2025-11-22 05:35:00,89.4
2025-11-22 05:37:30,89.3
2025-11-22 05:40:00,89.4
2025-11-22 05:42:30,89.4
2025-11-22 05:45:00,89.4
2025-11-22 05:47:30,89.05000000000001
2025-11-22 05:50:00,89.35
2025-11-22 05:52:30,89.3
2025-11-22 05:55:00,89.0
2025-11-22 05:57:30,89.55000000000001
2025-11-22 06:00:00,89.9
2025-11-22 06:02:30,89.4
2025-11-22 06:05:00,89.3
2025-11-22 06:07:30,89.4
2025-11-22 06:10:00,89.2
2025-11-22 06:12:30,89.7
2025-11-22 06:15:00,89.7
2025-11-22 06:17:30,89.2
2025-11-22 06:20:00,89.4
2025-11-22 06:22:30,88.9
2025-11-22 06:25:00,88.7
2025-11-22 06:27:30,89.2
2025-11-22 06:30:00,88.9
2025-11-22 06:32:30,89.3
2025-11-22 06:35:00,89.4
2025-11-22 06:37:30,89.4
2025-11-22 06:40:00,89.1
2025-11-22 06:42:30,89.2
2025-11-22 06:45:00,89.2
2025-11-22 06:47:30,89.4
2025-11-22 06:50:00,89.4
2025-11-22 06:52:30,89.4
2025-11-22 06:55:00,89.4
2025-11-22 06:57:30,89.3
2025-11-22 07:00:00,89.4
2025-11-22 07:02:30,88.9
2025-11-22 07:05:00,89.3
2025-11-22 07:07:30,88.9
2025-11-22 07:10:00,89.1
2025-11-22 07:12:30,89.4
2025-11-22 07:15:00,89.3
2025-11-22 07:17:30,89.2
2025-11-22 07:20:00,89.2
2025-11-22 07:22:30,89.0
2025-11-22 07:25:00,88.9
2025-11-22 07:27:30,89.3
2025-11-22 07:30:00,89.3
2025-11-22 07:32:30,89.3
2025-11-22 07:35:00,89.4
2025-11-22 07:37:30,89.7
2025-11-22 07:40:00,89.4
2025-11-22 07:42:30,89.3
2025-11-22 07:45:00,89.4
2025-11-22 07:47:30,89.2
2025-11-22 07:50:00,88.9
2025-11-22 07:52:30,89.4
2025-11-22 07:55:00,89.3
2025-11-22 07:57:30,89.3
2025-11-22 08:00:00,89.4
2025-11-22 08:02:30,89.2
2025-11-22 08:05:00,89.2
2025-11-22 08:07:30,89.4
2025-11-22 08:10:00,89.4
2025-11-22 08:12:30,89.1
2025-11-22 08:15:00,89.2
2025-11-22 08:17:30,89.4
2025-11-22 08:20:00,89.4
2025-11-22 08:22:30,89.2
2025-11-22 08:25:00,89.1
2025-11-22 08:27:30,88.9
2025-11-22 08:30:00,89.2
2025-11-22 08:32:30,89.3
2025-11-22 08:35:00,89.1
2025-11-22 08:37:30,88.7
2025-11-22 08:40:00,88.9
2025-11-22 08:42:30,89.1
2025-11-22 08:45:00,88.9
2025-11-22 08:47:30,89.2
2025-11-22 08:50:00,89.7
2025-11-22 08:52:30,89.4
2025-11-22 08:55:00,88.9
2025-11-22 08:57:30,89.1
2025-11-22 09:00:00,89.3
2025-11-22 09:02:30,88.7
2025-11-22 09:05:00,89.05000000000001
2025-11-22 09:07:30,89.2
2025-11-22 09:10:00,89.2
2025-11-22 09:12:30,88.9
2025-11-22 09:15:00,89.0
2025-11-22 09:17:30,89.2
2025-11-22 09:20:00,88.9
2025-11-22 09:22:30,89.4
2025-11-22 09:25:00,89.2
2025-11-22 09:27:30,89.4
2025-11-22 09:30:00,89.4
2025-11-22 09:32:30,89.1
2025-11-22 09:35:00,89.4
2025-11-22 09:37:30,89.1
2025-11-22 09:40:00,89.3
2025-11-22 09:42:30,89.4
2025-11-22 09:45:00,89.1
2025-11-22 09:47:30,89.44999999999999
2025-11-22 09:50:00,89.0
2025-11-22 09:52:30,89.2
2025-11-22 09:55:00,89.2
2025-11-22 09:57:30,89.0
2025-11-22 10:00:00,89.25
2025-11-22 10:02:30,89.15
2025-11-22 10:05:00,89.2
2025-11-22 10:07:30,89.0
2025-11-22 10:10:00,89.1
2025-11-22 10:12:30,89.2
2025-11-22 10:15:00,89.2
2025-11-22 10:17:30,89.4
2025-11-22 10:20:00,89.2
2025-11-22 10:22:30,89.1
2025-11-22 10:25:00,88.9
2025-11-22 10:27:30,89.0
2025-11-22 10:30:00,89.1
2025-11-22 10:32:30,88.9
2025-11-22 10:35:00,89.1
2025-11-22 10:37:30,88.7
2025-11-22 10:40:00,89.1
2025-11-22 10:42:30,89.2
2025-11-22 10:45:00,89.2
2025-11-22 10:47:30,89.2
2025-11-22 10:50:00,88.8
2025-11-22 10:52:30,89.2
2025-11-22 10:55:00,89.1
2025-11-22 10:57:30,89.2
2025-11-22 11:00:00,89.3
2025-11-22 11:02:30,89.1
2025-11-22 11:05:00,89.0
2025-11-22 11:07:30,89.1
2025-11-22 11:10:00,89.2
2025-11-22 11:12:30,89.2
2025-11-22 11:15:00,89.2
2025-11-22 11:17:30,89.3
2025-11-22 11:20:00,89.2
2025-11-22 11:22:30,89.3
2025-11-22 11:25:00,88.9
2025-11-22 11:27:30,89.0
2025-11-22 11:30:00,89.3
2025-11-22 11:32:30,89.4
2025-11-22 11:35:00,89.0
2025-11-22 11:37:30,89.0
2025-11-22 11:40:00,89.2
2025-11-22 11:42:30,89.4
2025-11-22 11:45:00,89.0
2025-11-22 11:47:30,89.2
2025-11-22 11:50:00,89.1
2025-11-22 11:52:30,89.0
2025-11-22 11:55:00,89.4
2025-11-22 11:57:30,89.2
2025-11-22 12:00:00,89.2
2025-11-22 12:02:30,89.4
2025-11-22 12:05:00,89.2
2025-11-22 12:07:30,88.8
2025-11-22 12:10:00,89.4
2025-11-22 12:12:30,88.9
2025-11-22 12:15:00,88.7
2025-11-22 12:17:30,89.1
2025-11-22 12:20:00,88.9
2025-11-22 12:22:30,88.9
2025-11-22 12:25:00,89.2
2025-11-22 12:27:30,88.8
2025-11-22 12:30:00,88.9
2025-11-22 12:32:30,88.9
2025-11-22 12:35:00,88.7
2025-11-22 12:37:30,89.0
2025-11-22 12:40:00,89.0
2025-11-22 12:42:30,89.0
2025-11-22 12:45:00,88.6
2025-11-22 12:47:30,88.7
2025-11-22 12:50:00,88.9
2025-11-22 12:52:30,88.9
2025-11-22 12:55:00,88.9
2025-11-22 12:57:30,88.6
2025-11-22 13:00:00,88.8
2025-11-22 13:02:30,88.8
2025-11-22 13:05:00,88.8
2025-11-22 13:07:30,88.9
2025-11-22 13:10:00,88.8
2025-11-22 13:12:30,88.8
2025-11-22 13:15:00,88.7
2025-11-22 13:17:30,88.7
2025-11-22 13:20:00,88.7
2025-11-22 13:22:30,88.80000000000001
2025-11-22 13:25:00,88.7
2025-11-22 13:27:30,88.8
2025-11-22 13:30:00,88.6
2025-11-22 13:32:30,88.7
2025-11-22 13:35:00,88.6
2025-11-22 13:37:30,88.5
2025-11-22 13:40:00,88.8
2025-11-22 13:42:30,88.7
2025-11-22 13:45:00,88.5
2025-11-22 13:47:30,88.7
2025-11-22 13:50:00,88.5
2025-11-22 13:52:30,88.65
2025-11-22 13:55:00,88.5
2025-11-22 13:57:30,88.9
2025-11-22 14:00:00,88.5
2025-11-22 14:02:30,88.7
2025-11-22 14:05:00,88.6
2025-11-22 14:07:30,88.4
2025-11-22 14:10:00,88.6
2025-11-22 14:12:30,88.9
2025-11-22 14:15:00,88.7
2025-11-22 14:17:30,88.5
2025-11-22 14:20:00,88.4
2025-11-22 14:22:30,88.5
2025-11-22 14:25:00,88.5
2025-11-22 14:27:30,88.5
2025-11-22 14:30:00,88.5
2025-11-22 14:32:30,88.5
2025-11-22 14:35:00,88.5
2025-11-22 14:37:30,88.5
2025-11-22 14:40:00,88.5
2025-11-22 14:42:30,88.5
2025-11-22 14:45:00,88.4
2025-11-22 14:47:30,88.4
2025-11-22 14:50:00,88.4
2025-11-22 14:52:30,88.4
2025-11-22 14:55:00,88.1
2025-11-22 14:57:30,88.1
2025-11-22 15:00:00,88.4
2025-11-22 15:02:30,88.1
2025-11-22 15:05:00,88.0
2025-11-22 15:07:30,88.1
2025-11-22 15:10:00,88.0
2025-11-22 15:12:30,87.8
2025-11-22 15:15:00,88.0
2025-11-22 15:17:30,88.0
2025-11-22 15:20:00,88.0
2025-11-22 15:22:30,88.0
2025-11-22 15:25:00,87.9
2025-11-22 15:27:30,88.0
2025-11-22 15:30:00,88.0
2025-11-22 15:32:30,88.0
2025-11-22 15:35:00,87.9
2025-11-22 15:37:30,88.0
2025-11-22 15:40:00,87.9
2025-11-22 15:42:30,88.0
2025-11-22 15:45:00,88.0
2025-11-22 15:47:30,88.0
2025-11-22 15:50:00,88.0
2025-11-22 15:52:30,88.0
2025-11-22 15:55:00,88.0
2025-11-22 15:57:30,88.0
2025-11-22 16:00:00,87.9
2025-11-22 16:02:30,88.0
2025-11-22 16:05:00,87.9
2025-11-22 16:07:30,88.1
2025-11-22 16:10:00,87.8
2025-11-22 16:12:30,88.1
2025-11-22 16:15:00,88.0
2025-11-22 16:17:30,87.9
2025-11-22 16:20:00,88.4
2025-11-22 16:22:30,88.0
2025-11-22 16:25:00,87.8
2025-11-22 16:27:30,88.0
2025-11-22 16:30:00,87.9
2025-11-22 16:32:30,88.0
2025-11-22 16:35:00,88.0
2025-11-22 16:37:30,88.0
2025-11-22 16:40:00,88.0
2025-11-22 16:42:30,88.0
2025-11-22 16:45:00,88.0
2025-11-22 16:47:30,88.0
2025-11-22 16:50:00,88.0
2025-11-22 16:52:30,88.0
2025-11-22 16:55:00,88.0
2025-11-22 16:57:30,88.0
2025-11-22 17:00:00,88.0
2025-11-22 17:02:30,88.0
2025-11-22 17:05:00,88.0
2025-11-22 17:07:30,88.0
2025-11-22 17:10:00,88.0
2025-11-22 17:12:30,88.0
2025-11-22 17:15:00,88.0
2025-11-22 17:17:30,88.0
2025-11-22 17:20:00,88.0
2025-11-22 17:22:30,88.0
2025-11-22 17:25:00,88.0
2025-11-22 17:27:30,88.0
2025-11-22 17:30:00,88.0
2025-11-22 17:32:30,88.0
2025-11-22 17:35:00,88.0
2025-11-22 17:37:30,88.0
2025-11-22 17:40:00,88.0
2025-11-22 17:42:30,88.0
2025-11-22 17:45:00,88.0
2025-11-22 17:47:30,88.0
2025-11-22 17:50:00,88.0
2025-11-22 17:52:30,88.0
2025-11-22 17:55:00,88.0
2025-11-22 17:57:30,88.0
2025-11-22 18:00:00,88.0
2025-11-22 18:02:30,88.0
2025-11-22 18:05:00,88.0
2025-11-22 18:07:30,88.0
2025-11-22 18:10:00,88.0
2025-11-22 18:12:30,88.0
2025-11-22 18:15:00,88.0
2025-11-22 18:17:30,88.0
2025-11-22 18:20:00,88.0
2025-11-22 18:22:30,88.0
2025-11-22 18:25:00,88.0
2025-11-22 18:27:30,88.0
2025-11-22 18:30:00,88.0
2025-11-22 18:32:30,88.0
2025-11-22 18:35:00,88.0
2025-11-22 18:37:30,87.9
2025-11-22 18:40:00,88.0
2025-11-22 18:42:30,88.0
2025-11-22 18:45:00,88.0
2025-11-22 18:47:30,88.0
2025-11-22 18:50:00,88.0
2025-11-22 18:52:30,88.0
2025-11-22 18:55:00,88.0
2025-11-22 18:57:30,88.0
2025-11-22 19:00:00,88.0
2025-11-22 19:02:30,88.0
2025-11-22 19:05:00,88.0
2025-11-22 19:07:30,88.0
2025-11-22 19:10:00,88.0
2025-11-22 19:12:30,88.0
2025-11-22 19:15:00,88.0
2025-11-22 19:17:30,88.0
2025-11-22 19:20:00,88.0
2025-11-22 19:22:30,88.0
2025-11-22 19:25:00,88.0
2025-11-22 19:27:30,88.0
2025-11-22 19:30:00,88.8
2025-11-22 19:32:30,87.9
2025-11-22 19:35:00,88.0
2025-11-22 19:37:30,88.0
2025-11-22 19:40:00,87.7
2025-11-22 19:42:30,87.725
2025-11-22 19:45:00,87.6
2025-11-22 19:47:30,87.6
2025-11-22 19:50:00,87.6
2025-11-22 19:52:30,87.2
2025-11-22 19:55:00,88.0
2025-11-22 19:57:30,87.7
2025-11-22 20:00:00,87.925
2025-11-22 20:02:30,88.0
2025-11-22 20:05:00,88.0
2025-11-22 20:07:30,87.6
2025-11-22 20:10:00,87.4
2025-11-22 20:12:30,86.4
2025-11-22 20:15:00,87.6
2025-11-22 20:17:30,87.6
2025-11-22 20:20:00,87.8
2025-11-22 20:22:30,87.5
2025-11-22 20:25:00,87.6
2025-11-22 20:27:30,87.5
2025-11-22 20:30:00,87.5
2025-11-22 20:32:30,87.4
2025-11-22 20:35:00,87.9
2025-11-22 20:37:30,87.575
2025-11-22 20:40:00,87.5
2025-11-22 20:42:30,87.5
2025-11-22 20:45:00,87.4
2025-11-22 20:47:30,87.8
2025-11-22 20:50:00,87.7
2025-11-22 20:52:30,87.4
2025-11-22 20:55:00,87.6
2025-11-22 20:57:30,87.4
2025-11-22 21:00:00,87.1
2025-11-22 21:02:30,87.0
2025-11-22 21:05:00,87.2
2025-11-22 21:07:30,86.6
2025-11-22 21:10:00,86.87500000000001
2025-11-22 21:12:30,87.4
2025-11-22 21:15:00,86.3
2025-11-22 21:17:30,86.7
2025-11-22 21:20:00,87.6
2025-11-22 21:22:30,86.4
2025-11-22 21:25:00,87.2
2025-11-22 21:27:30,87.6
2025-11-22 21:30:00,87.6
2025-11-22 21:32:30,87.7
2025-11-22 21:35:00,87.6
2025-11-22 21:37:30,87.6
2025-11-22 21:40:00,87.6
2025-11-22 21:42:30,87.5
2025-11-22 21:45:00,87.9
2025-11-22 21:47:30,87.9
2025-11-22 21:50:00,87.8
2025-11-22 21:52:30,87.7
2025-11-22 21:55:00,87.7
2025-11-22 21:57:30,87.7
2025-11-22 22:00:00,87.9
2025-11-22 22:02:30,87.1
2025-11-22 22:05:00,87.85
2025-11-22 22:07:30,87.6
2025-11-22 22:10:00,87.9
2025-11-22 22:12:30,87.7
2025-11-22 22:15:00,87.7
2025-11-22 22:17:30,87.8
2025-11-22 22:20:00,87.7
2025-11-22 22:22:30,87.5
2025-11-22 22:25:00,87.9
2025-11-22 22:27:30,87.5
2025-11-22 22:30:00,87.2
2025-11-22 22:32:30,87.0
2025-11-22 22:35:00,87.2
2025-11-22 22:37:30,87.2
2025-11-22 22:40:00,87.2
2025-11-22 22:42:30,87.2
2025-11-22 22:45:00,88.0
2025-11-22 22:47:30,87.63333333333333
2025-11-22 22:50:00,87.7
2025-11-22 22:52:30,86.7
2025-11-22 22:55:00,86.1
2025-11-22 22:57:30,86.40000000000002
2025-11-22 23:00:00,86.3
2025-11-22 23:02:30,86.4
2025-11-22 23:05:00,86.675
2025-11-22 23:07:30,86.5
2025-11-22 23:10:00,87.5
2025-11-22 23:12:30,87.26666666666667
2025-11-22 23:15:00,87.8
2025-11-22 23:17:30,87.65555555555557
2025-11-22 23:20:00,87.9
2025-11-22 23:22:30,87.81388888888888
2025-11-22 23:25:00,88.0
2025-11-22 23:27:30,87.7
2025-11-22 23:30:00,87.9
2025-11-22 23:32:30,87.7625
2025-11-22 23:35:00,87.9
2025-11-22 23:37:30,87.55000000000001
2025-11-22 23:40:00,87.1
2025-11-22 23:42:30,87.3
2025-11-22 23:45:00,86.3
2025-11-22 23:47:30,86.8
2025-11-22 23:50:00,87.8
2025-11-22 23:52:30,87.7
2025-11-22 23:55:00,86.7
2025-11-22 23:57:30,87.8
2025-11-23 00:00:00,87.4
2025-11-23 00:02:30,87.8
2025-11-23 00:05:00,87.8
2025-11-23 00:07:30,87.8
2025-11-23 00:10:00,87.9
2025-11-23 00:12:30,87.1
2025-11-23 00:15:00,88.0
2025-11-23 00:17:30,87.7
2025-11-23 00:20:00,87.2
2025-11-23 00:22:30,86.4
2025-11-23 00:25:00,87.2
2025-11-23 00:27:30,86.6
2025-11-23 00:30:00,87.4
2025-11-23 00:32:30,87.4
2025-11-23 00:35:00,87.6
2025-11-23 00:37:30,87.6
2025-11-23 00:40:00,87.7
2025-11-23 00:42:30,87.7
2025-11-23 00:45:00,87.8
2025-11-23 00:47:30,87.7
2025-11-23 00:50:00,87.4
2025-11-23 00:52:30,87.8
2025-11-23 00:55:00,87.2
2025-11-23 00:57:30,86.6
2025-11-23 01:00:00,86.7
2025-11-23 01:02:30,87.3
2025-11-23 01:05:00,87.6
2025-11-23 01:07:30,87.7
2025-11-23 01:10:00,88.0
2025-11-23 01:12:30,87.7
2025-11-23 01:15:00,87.9
2025-11-23 01:17:30,87.9
2025-11-23 01:20:00,87.7
2025-11-23 01:22:30,87.6
2025-11-23 01:25:00,88.0
2025-11-23 01:27:30,87.8
2025-11-23 01:30:00,87.9
2025-11-23 01:32:30,87.9
2025-11-23 01:35:00,87.9
2025-11-23 01:37:30,87.8
2025-11-23 01:40:00,87.7
2025-11-23 01:42:30,87.6
2025-11-23 01:45:00,87.7
2025-11-23 01:47:30,87.7
2025-11-23 01:50:00,87.9
2025-11-23 01:52:30,87.9
2025-11-23 01:55:00,87.7
2025-11-23 01:57:30,87.7
2025-11-23 02:00:00,87.8
2025-11-23 02:02:30,87.9
2025-11-23 02:05:00,87.9
2025-11-23 02:07:30,88.0
2025-11-23 02:10:00,87.8
2025-11-23 02:12:30,87.9
2025-11-23 02:15:00,87.7
2025-11-23 02:17:30,88.0
2025-11-23 02:20:00,87.6
2025-11-23 02:22:30,87.7
2025-11-23 02:25:00,87.7
2025-11-23 02:27:30,87.80000000000001
2025-11-23 02:30:00,87.7
2025-11-23 02:32:30,87.7
2025-11-23 02:35:00,87.7
2025-11-23 02:37:30,87.7
2025-11-23 02:40:00,87.7
2025-11-23 02:42:30,87.7
2025-11-23 02:45:00,87.7
2025-11-23 02:47:30,87.7
2025-11-23 02:50:00,87.7
2025-11-23 02:52:30,87.7
2025-11-23 02:55:00,87.7
2025-11-23 02:57:30,87.9
2025-11-23 03:00:00,87.9
2025-11-23 03:02:30,87.8
2025-11-23 03:05:00,87.7
2025-11-23 03:07:30,87.7
2025-11-23 03:10:00,87.8
2025-11-23 03:12:30,87.4
2025-11-23 03:15:00,87.6
2025-11-23 03:17:30,87.7
2025-11-23 03:20:00,87.7
2025-11-23 03:22:30,87.7
2025-11-23 03:25:00,87.7
2025-11-23 03:27:30,87.7
2025-11-23 03:30:00,87.7
2025-11-23 03:32:30,87.6
2025-11-23 03:35:00,87.7
2025-11-23 03:37:30,87.6
2025-11-23 03:40:00,87.6
2025-11-23 03:42:30,87.7
2025-11-23 03:45:00,87.9
2025-11-23 03:47:30,87.9
2025-11-23 03:50:00,88.0
2025-11-23 03:52:30,87.6
2025-11-23 03:55:00,87.8
2025-11-23 03:57:30,87.6
2025-11-23 04:00:00,87.8
2025-11-23 04:02:30,87.9
2025-11-23 04:05:00,87.4
2025-11-23 04:07:30,87.6
2025-11-23 04:10:00,87.6
2025-11-23 04:12:30,87.8
2025-11-23 04:15:00,87.5
2025-11-23 04:17:30,87.6
2025-11-23 04:20:00,87.7
2025-11-23 04:22:30,87.6
2025-11-23 04:25:00,87.9
2025-11-23 04:27:30,87.6
2025-11-23 04:30:00,87.7
2025-11-23 04:32:30,87.7
2025-11-23 04:35:00,87.7
2025-11-23 04:37:30,87.7
2025-11-23 04:40:00,87.7
2025-11-23 04:42:30,87.7
2025-11-23 04:45:00,87.7
2025-11-23 04:47:30,87.7
2025-11-23 04:50:00,87.7
2025-11-23 04:52:30,87.6
2025-11-23 04:55:00,87.3
2025-11-23 04:57:30,87.7
2025-11-23 05:00:00,87.7
2025-11-23 05:02:30,87.5
2025-11-23 05:05:00,87.4
2025-11-23 05:07:30,87.3
2025-11-23 05:10:00,87.5
2025-11-23 05:12:30,87.5
2025-11-23 05:15:00,87.4
2025-11-23 05:17:30,87.5
2025-11-23 05:20:00,87.2
2025-11-23 05:22:30,87.4
2025-11-23 05:25:00,87.2
2025-11-23 05:27:30,87.3
2025-11-23 05:30:00,87.3
2025-11-23 05:32:30,87.1
2025-11-23 05:35:00,87.2
2025-11-23 05:37:30,86.7
2025-11-23 05:40:00,87.2
2025-11-23 05:42:30,86.6
2025-11-23 05:45:00,86.5
2025-11-23 05:47:30,86.7
2025-11-23 05:50:00,86.85
2025-11-23 05:52:30,86.6
2025-11-23 05:55:00,86.3
2025-11-23 05:57:30,86.5
2025-11-23 06:00:00,86.5
2025-11-23 06:02:30,86.5
2025-11-23 06:05:00,86.5
2025-11-23 06:07:30,86.4
2025-11-23 06:10:00,86.4
2025-11-23 06:12:30,86.4
2025-11-23 06:15:00,86.4
2025-11-23 06:17:30,86.3
2025-11-23 06:20:00,86.3
2025-11-23 06:22:30,86.1
2025-11-23 06:25:00,86.1
2025-11-23 06:27:30,86.1
2025-11-23 06:30:00,86.0
2025-11-23 06:32:30,85.9
2025-11-23 06:35:00,85.9
2025-11-23 06:37:30,86.0
2025-11-23 06:40:00,86.0
2025-11-23 06:42:30,85.9
2025-11-23 06:45:00,85.9
2025-11-23 06:47:30,85.4
2025-11-23 06:50:00,85.4
2025-11-23 06:52:30,85.3
2025-11-23 06:55:00,85.3
2025-11-23 06:57:30,85.3
2025-11-23 07:00:00,85.3
2025-11-23 07:02:30,85.2
2025-11-23 07:05:00,85.1
2025-11-23 07:07:30,85.1
2025-11-23 07:10:00,85.0
2025-11-23 07:12:30,85.0
2025-11-23 07:15:00,85.0
2025-11-23 07:17:30,85.0
2025-11-23 07:20:00,85.0
2025-11-23 07:22:30,85.0
2025-11-23 07:25:00,84.9
2025-11-23 07:27:30,84.8
2025-11-23 07:30:00,84.8
2025-11-23 07:32:30,84.8
2025-11-23 07:35:00,84.6
2025-11-23 07:37:30,84.6
2025-11-23 07:40:00,84.5
2025-11-23 07:42:30,84.5
2025-11-23 07:45:00,84.5
2025-11-23 07:47:30,84.5
2025-11-23 07:50:00,84.5
2025-11-23 07:52:30,84.2
2025-11-23 07:55:00,84.2
2025-11-23 07:57:30,84.1
2025-11-23 08:00:00,84.1
2025-11-23 08:02:30,84.1
2025-11-23 08:05:00,84.1
2025-11-23 08:07:30,83.7
2025-11-23 08:10:00,84.1
2025-11-23 08:12:30,84.0
2025-11-23 08:15:00,83.8
2025-11-23 08:17:30,84.0
2025-11-23 08:20:00,83.8
2025-11-23 08:22:30,83.8
2025-11-23 08:25:00,83.8
2025-11-23 08:27:30,83.6
2025-11-23 08:30:00,83.3
2025-11-23 08:32:30,83.2
2025-11-23 08:35:00,83.8
2025-11-23 08:37:30,83.2
2025-11-23 08:40:00,83.6
2025-11-23 08:42:30,82.4
2025-11-23 08:45:00,81.4
2025-11-23 08:47:30,82.2
2025-11-23 08:50:00,82.8
2025-11-23 08:52:30,82.5
2025-11-23 08:55:00,82.0
2025-11-23 08:57:30,82.25
2025-11-23 09:00:00,83.3
2025-11-23 09:02:30,83.2
2025-11-23 09:05:00,83.3
2025-11-23 09:07:30,83.4
2025-11-23 09:10:00,83.2
2025-11-23 09:12:30,83.2
2025-11-23 09:15:00,83.2
2025-11-23 09:17:30,82.8
2025-11-23 09:20:00,82.3
2025-11-23 09:22:30,82.7
2025-11-23 09:25:00,82.2
2025-11-23 09:27:30,82.2
2025-11-23 09:30:00,83.1
2025-11-23 09:32:30,82.75
2025-11-23 09:35:00,83.0
2025-11-23 09:37:30,82.7
2025-11-23 09:40:00,82.6
2025-11-23 09:42:30,82.7
2025-11-23 09:45:00,83.2
2025-11-23 09:47:30,83.2
2025-11-23 09:50:00,82.7
2025-11-23 09:52:30,82.7
2025-11-23 09:55:00,82.8
2025-11-23 09:57:30,82.6
2025-11-23 10:00:00,83.2
2025-11-23 10:02:30,82.8
2025-11-23 10:05:00,82.6
2025-11-23 10:07:30,82.8
2025-11-23 10:10:00,83.2
2025-11-23 10:12:30,83.2
2025-11-23 10:15:00,83.2
2025-11-23 10:17:30,83.1
2025-11-23 10:20:00,82.8
2025-11-23 10:22:30,83.3
2025-11-23 10:25:00,82.8
2025-11-23 10:27:30,83.1
2025-11-23 10:30:00,82.94999999999999
2025-11-23 10:32:30,83.2
2025-11-23 10:35:00,82.8
2025-11-23 10:37:30,82.8
2025-11-23 10:40:00,82.8
2025-11-23 10:42:30,82.8
2025-11-23 10:45:00,82.4
2025-11-23 10:47:30,82.4
2025-11-23 10:50:00,82.4
2025-11-23 10:52:30,82.5
2025-11-23 10:55:00,82.4
2025-11-23 10:57:30,81.5
2025-11-23 11:00:00,81.6
2025-11-23 11:02:30,81.76666666666667
2025-11-23 11:05:00,82.8
2025-11-23 11:07:30,82.2
2025-11-23 11:10:00,82.725
2025-11-23 11:12:30,83.1
2025-11-23 11:15:00,82.8
2025-11-23 11:17:30,83.5
2025-11-23 11:20:00,83.3
2025-11-23 11:22:30,83.2
2025-11-23 11:25:00,82.8
2025-11-23 11:27:30,83.2
2025-11-23 11:30:00,82.8
2025-11-23 11:32:30,83.7
2025-11-23 11:35:00,83.325
2025-11-23 11:37:30,83.6
2025-11-23 11:40:00,83.2
2025-11-23 11:42:30,82.3
2025-11-23 11:45:00,81.9
2025-11-23 11:47:30,82.3
2025-11-23 11:50:00,82.39999999999999
2025-11-23 11:52:30,82.7
2025-11-23 11:55:00,82.7
2025-11-23 11:57:30,82.7
2025-11-23 12:00:00,82.7
2025-11-23 12:02:30,82.7
2025-11-23 12:05:00,82.7
2025-11-23 12:07:30,82.7
2025-11-23 12:10:00,82.7
2025-11-23 12:12:30,82.7
2025-11-23 12:15:00,82.7
2025-11-23 12:17:30,82.7
2025-11-23 12:20:00,82.7
2025-11-23 12:22:30,82.7
2025-11-23 12:25:00,82.7
2025-11-23 12:27:30,82.7
2025-11-23 12:30:00,82.7
2025-11-23 12:32:30,82.7
2025-11-23 12:35:00,82.7
2025-11-23 12:37:30,82.7
2025-11-23 12:40:00,82.7
2025-11-23 12:42:30,82.7
2025-11-23 12:45:00,82.7
2025-11-23 12:47:30,82.7
2025-11-23 12:50:00,82.7
2025-11-23 12:52:30,82.7
2025-11-23 12:55:00,82.7
2025-11-23 12:57:30,82.7
2025-11-23 13:00:00,82.7
2025-11-23 13:02:30,82.7
2025-11-23 13:05:00,82.7
2025-11-23 13:07:30,82.7
2025-11-23 13:10:00,82.7
2025-11-23 13:12:30,82.7
2025-11-23 13:15:00,82.7
2025-11-23 13:17:30,82.7
2025-11-23 13:20:00,82.7
2025-11-23 13:22:30,82.7
2025-11-23 13:25:00,82.7
2025-11-23 13:27:30,82.7
2025-11-23 13:30:00,82.7
2025-11-23 13:32:30,82.7
2025-11-23 13:35:00,82.7
2025-11-23 13:37:30,82.7
2025-11-23 13:40:00,82.7
2025-11-23 13:42:30,82.7
2025-11-23 13:45:00,82.7
2025-11-23 13:47:30,82.7
2025-11-23 13:50:00,82.7
2025-11-23 13:52:30,82.7
2025-11-23 13:55:00,82.7
2025-11-23 13:57:30,82.7
2025-11-23 14:00:00,82.7
2025-11-23 14:02:30,82.7
2025-11-23 14:05:00,82.7
2025-11-23 14:07:30,82.7
2025-11-23 14:10:00,82.7
2025-11-23 14:12:30,82.7
2025-11-23 14:15:00,82.7
2025-11-23 14:17:30,82.7
2025-11-23 14:20:00,82.7
2025-11-23 14:22:30,82.7
2025-11-23 14:25:00,82.7
2025-11-23 14:27:30,82.7
2025-11-23 14:30:00,82.7
2025-11-23 14:32:30,82.7
2025-11-23 14:35:00,82.7
2025-11-23 14:37:30,82.7
2025-11-23 14:40:00,82.7
2025-11-23 14:42:30,82.7
2025-11-23 14:45:00,82.7
2025-11-23 14:47:30,82.7
2025-11-23 14:50:00,82.7
2025-11-23 14:52:30,82.7
2025-11-23 14:55:00,82.7
2025-11-23 14:57:30,82.7
2025-11-23 15:00:00,82.7
2025-11-23 15:02:30,82.7
2025-11-23 15:05:00,82.7
2025-11-23 15:07:30,82.7
2025-11-23 15:10:00,82.7
2025-11-23 15:12:30,82.7
2025-11-23 15:15:00,82.7
2025-11-23 15:17:30,82.7
2025-11-23 15:20:00,82.7
2025-11-23 15:22:30,82.7
2025-11-23 15:25:00,82.7
2025-11-23 15:27:30,82.7
2025-11-23 15:30:00,82.7
2025-11-23 15:32:30,82.7
2025-11-23 15:35:00,82.7
2025-11-23 15:37:30,82.7
2025-11-23 15:40:00,82.7
2025-11-23 15:42:30,82.7
2025-11-23 15:45:00,82.7
2025-11-23 15:47:30,82.7
2025-11-23 15:50:00,82.7
2025-11-23 15:52:30,82.7
2025-11-23 15:55:00,82.7
2025-11-23 15:57:30,82.7
2025-11-23 16:00:00,82.7
2025-11-23 16:02:30,82.7
2025-11-23 16:05:00,82.7
2025-11-23 16:07:30,82.7
2025-11-23 16:10:00,82.7
2025-11-23 16:12:30,82.7
2025-11-23 16:15:00,82.7
2025-11-23 16:17:30,82.7
2025-11-23 16:20:00,82.7
2025-11-23 16:22:30,82.7
2025-11-23 16:25:00,82.7
2025-11-23 16:27:30,82.7
2025-11-23 16:30:00,82.7
2025-11-23 16:32:30,82.7
2025-11-23 16:35:00,82.7
2025-11-23 16:37:30,82.7
2025-11-23 16:40:00,82.7
2025-11-23 16:42:30,82.7
2025-11-23 16:45:00,82.7
2025-11-23 16:47:30,82.7
2025-11-23 16:50:00,82.7
2025-11-23 16:52:30,82.7
2025-11-23 16:55:00,82.7
2025-11-23 16:57:30,82.7
2025-11-23 17:00:00,82.7
2025-11-23 17:02:30,82.7
2025-11-23 17:05:00,82.7
2025-11-23 17:07:30,82.7
2025-11-23 17:10:00,82.7
2025-11-23 17:12:30,82.7
2025-11-23 17:15:00,82.7
2025-11-23 17:17:30,82.7
2025-11-23 17:20:00,82.7
2025-11-23 17:22:30,82.7
2025-11-23 17:25:00,82.7
2025-11-23 17:27:30,82.7
2025-11-23 17:30:00,82.7
2025-11-23 17:32:30,82.7
2025-11-23 17:35:00,82.7
2025-11-23 17:37:30,82.7
2025-11-23 17:40:00,82.7
2025-11-23 17:42:30,82.7
2025-11-23 17:45:00,82.7
2025-11-23 17:47:30,82.7
2025-11-23 17:50:00,82.7
2025-11-23 17:52:30,82.7
2025-11-23 17:55:00,82.7
2025-11-23 17:57:30,82.7
2025-11-23 18:00:00,82.7
2025-11-23 18:02:30,82.7
2025-11-23 18:05:00,82.7
2025-11-23 18:07:30,82.7
2025-11-23 18:10:00,82.7
2025-11-23 18:12:30,82.7
2025-11-23 18:15:00,82.7
2025-11-23 18:17:30,82.7
2025-11-23 18:20:00,82.7
2025-11-23 18:22:30,82.7
2025-11-23 18:25:00,82.7
2025-11-23 18:27:30,82.7
2025-11-23 18:30:00,82.7
2025-11-23 18:32:30,82.7
2025-11-23 18:35:00,82.7
2025-11-23 18:37:30,82.7
2025-11-23 18:40:00,82.7
2025-11-23 18:42:30,82.7
2025-11-23 18:45:00,82.7
2025-11-23 18:47:30,82.7
2025-11-23 18:50:00,82.7
2025-11-23 18:52:30,82.7
2025-11-23 18:55:00,82.7
2025-11-23 18:57:30,82.7
2025-11-23 19:00:00,82.7
2025-11-23 19:02:30,82.7
2025-11-23 19:05:00,82.7
2025-11-23 19:07:30,82.7
2025-11-23 19:10:00,82.7
2025-11-23 19:12:30,82.7
2025-11-23 19:15:00,82.7
2025-11-23 19:17:30,82.7
2025-11-23 19:20:00,82.7
2025-11-23 19:22:30,82.7
2025-11-23 19:25:00,82.7
2025-11-23 19:27:30,82.7
2025-11-23 19:30:00,82.7
2025-11-23 19:32:30,82.7
2025-11-23 19:35:00,82.7
2025-11-23 19:37:30,82.7
2025-11-23 19:40:00,82.7
2025-11-23 19:42:30,82.7
2025-11-23 19:45:00,82.7
2025-11-23 19:47:30,82.7
2025-11-23 19:50:00,82.7
2025-11-23 19:52:30,82.7
2025-11-23 19:55:00,82.7
2025-11-23 19:57:30,82.7
2025-11-23 20:00:00,82.7
2025-11-23 20:02:30,82.7
2025-11-23 20:05:00,82.7
2025-11-23 20:07:30,82.7
2025-11-23 20:10:00,82.7
2025-11-23 20:12:30,82.7
2025-11-23 20:15:00,82.7
2025-11-23 20:17:30,82.7
2025-11-23 20:20:00,82.7
2025-11-23 20:22:30,82.7
2025-11-23 20:25:00,82.7
2025-11-23 20:27:30,82.7
2025-11-23 20:30:00,82.7
2025-11-23 20:32:30,82.7
2025-11-23 20:35:00,82.7
2025-11-23 20:37:30,82.7
2025-11-23 20:40:00,82.7
2025-11-23 20:42:30,82.7
2025-11-23 20:45:00,82.7
2025-11-23 20:47:30,82.7
2025-11-23 20:50:00,82.7
2025-11-23 20:52:30,82.7
2025-11-23 20:55:00,82.7
2025-11-23 20:57:30,82.7
2025-11-23 21:00:00,82.7
2025-11-23 21:02:30,82.7
2025-11-23 21:05:00,82.7
2025-11-23 21:07:30,82.7
2025-11-23 21:10:00,82.7
2025-11-23 21:12:30,82.7
2025-11-23 21:15:00,82.7
2025-11-23 21:17:30,82.7
2025-11-23 21:20:00,82.7
2025-11-23 21:22:30,82.7
2025-11-23 21:25:00,82.7
2025-11-23 21:27:30,82.7
2025-11-23 21:30:00,82.7
2025-11-23 21:32:30,82.7
2025-11-23 21:35:00,82.7
2025-11-23 21:37:30,82.7
2025-11-23 21:40:00,82.7
2025-11-23 21:42:30,82.7
2025-11-23 21:45:00,82.7
2025-11-23 21:47:30,82.7
2025-11-23 21:50:00,82.7
2025-11-23 21:52:30,82.7
2025-11-23 21:55:00,82.7
2025-11-23 21:57:30,82.7
2025-11-23 22:00:00,82.7
2025-11-23 22:02:30,82.7
2025-11-23 22:05:00,82.7
2025-11-23 22:07:30,82.7
2025-11-23 22:10:00,82.7
2025-11-23 22:12:30,82.7
2025-11-23 22:15:00,82.7
2025-11-23 22:17:30,82.7
2025-11-23 22:20:00,82.7
2025-11-23 22:22:30,82.7
2025-11-23 22:25:00,82.7
2025-11-23 22:27:30,82.7
2025-11-23 22:30:00,82.7
2025-11-23 22:32:30,82.7
2025-11-23 22:35:00,82.7
2025-11-23 22:37:30,82.7
2025-11-23 22:40:00,82.7
2025-11-23 22:42:30,82.7
2025-11-23 22:45:00,82.7
2025-11-23 22:47:30,82.7
2025-11-23 22:50:00,82.7
2025-11-23 22:52:30,82.7
2025-11-23 22:55:00,82.7
2025-11-23 22:57:30,82.7
2025-11-23 23:00:00,82.7
2025-11-23 23:02:30,82.7
2025-11-23 23:05:00,82.7
2025-11-23 23:07:30,82.7
2025-11-23 23:10:00,82.7
2025-11-23 23:12:30,82.7
2025-11-23 23:15:00,82.7
2025-11-23 23:17:30,83.06666666666666
2025-11-23 23:20:00,83.18888888888888
2025-11-23 23:22:30,83.8
2025-11-23 23:25:00,84.02222222222221
2025-11-23 23:27:30,84.5
2025-11-23 23:30:00,84.6
2025-11-23 23:32:30,85.4
2025-11-23 23:35:00,86.6
2025-11-23 23:37:30,86.1
2025-11-23 23:40:00,86.1
2025-11-23 23:42:30,85.875
2025-11-23 23:45:00,86.4
2025-11-23 23:47:30,86.24375
2025-11-23 23:50:00,86.3
2025-11-23 23:52:30,86.4
2025-11-23 23:55:00,86.4
2025-11-23 23:57:30,86.4
2025-11-24 00:00:00,86.4
2025-11-24 00:02:30,86.4
2025-11-24 00:05:00,86.4
2025-11-24 00:07:30,86.4
2025-11-24 00:10:00,86.4
2025-11-24 00:12:30,86.3
2025-11-24 00:15:00,86.4
2025-11-24 00:17:30,86.4
2025-11-24 00:20:00,86.4
2025-11-24 00:22:30,86.3
2025-11-24 00:25:00,86.65
2025-11-24 00:27:30,86.3
2025-11-24 00:30:00,86.4
2025-11-24 00:32:30,86.4
2025-11-24 00:35:00,86.2
2025-11-24 00:37:30,86.3
2025-11-24 00:40:00,86.4
2025-11-24 00:42:30,86.5
2025-11-24 00:45:00,86.3
2025-11-24 00:47:30,86.3
2025-11-24 00:50:00,86.4
2025-11-24 00:52:30,86.2
2025-11-24 00:55:00,86.35
2025-11-24 00:57:30,86.4
2025-11-24 01:00:00,86.3
2025-11-24 01:02:30,86.4
2025-11-24 01:05:00,86.5
2025-11-24 01:07:30,86.4
2025-11-24 01:10:00,86.3
2025-11-24 01:12:30,86.4
2025-11-24 01:15:00,86.4
2025-11-24 01:17:30,86.2
2025-11-24 01:20:00,86.4
2025-11-24 01:22:30,86.4
2025-11-24 01:25:00,86.4
2025-11-24 01:27:30,86.4
2025-11-24 01:30:00,86.3
2025-11-24 01:32:30,86.4
2025-11-24 01:35:00,86.4
2025-11-24 01:37:30,86.4
2025-11-24 01:40:00,86.7
2025-11-24 01:42:30,86.3
2025-11-24 01:45:00,86.4
2025-11-24 01:47:30,86.3
2025-11-24 01:50:00,86.3
2025-11-24 01:52:30,86.3
2025-11-24 01:55:00,86.3
2025-11-24 01:57:30,86.3
2025-11-24 02:00:00,86.3
2025-11-24 02:02:30,86.3
2025-11-24 02:05:00,86.3
2025-11-24 02:07:30,86.3
2025-11-24 02:10:00,86.3
2025-11-24 02:12:30,86.3
2025-11-24 02:15:00,86.4
2025-11-24 02:17:30,86.3
2025-11-24 02:20:00,86.4
2025-11-24 02:22:30,86.25
2025-11-24 02:25:00,86.3
2025-11-24 02:27:30,86.2
2025-11-24 02:30:00,86.3
2025-11-24 02:32:30,86.4
2025-11-24 02:35:00,86.4
2025-11-24 02:37:30,86.4
2025-11-24 02:40:00,86.4
2025-11-24 02:42:30,86.4
2025-11-24 02:45:00,86.4
2025-11-24 02:47:30,86.4
2025-11-24 02:50:00,86.4
2025-11-24 02:52:30,86.4
2025-11-24 02:55:00,86.4
2025-11-24 02:57:30,86.3
2025-11-24 03:00:00,86.3
2025-11-24 03:02:30,86.4
2025-11-24 03:05:00,86.3
2025-11-24 03:07:30,86.2
2025-11-24 03:10:00,86.3
2025-11-24 03:12:30,86.3
2025-11-24 03:15:00,86.4
2025-11-24 03:17:30,86.3
2025-11-24 03:20:00,86.4
2025-11-24 03:22:30,86.4
2025-11-24 03:25:00,86.4
2025-11-24 03:27:30,86.3
2025-11-24 03:30:00,86.4
2025-11-24 03:32:30,86.4
2025-11-24 03:35:00,86.3
2025-11-24 03:37:30,86.3
2025-11-24 03:40:00,86.4
2025-11-24 03:42:30,86.4
2025-11-24 03:45:00,86.3
2025-11-24 03:47:30,86.4
2025-11-24 03:50:00,86.3
2025-11-24 03:52:30,86.0
2025-11-24 03:55:00,86.3
2025-11-24 03:57:30,86.2
2025-11-24 04:00:00,86.3
2025-11-24 04:02:30,85.4
2025-11-24 04:05:00,86.1
2025-11-24 04:07:30,86.3
2025-11-24 04:10:00,86.2
2025-11-24 04:12:30,86.2
2025-11-24 04:15:00,86.0
2025-11-24 04:17:30,85.9
2025-11-24 04:20:00,86.3
2025-11-24 04:22:30,86.4
2025-11-24 04:25:00,86.3
2025-11-24 04:27:30,86.3
2025-11-24 04:30:00,86.5
2025-11-24 04:32:30,86.5
2025-11-24 04:35:00,86.3
2025-11-24 04:37:30,86.3
2025-11-24 04:40:00,86.4
2025-11-24 04:42:30,86.6
2025-11-24 04:45:00,86.2
2025-11-24 04:47:30,86.3
2025-11-24 04:50:00,86.2
2025-11-24 04:52:30,86.2
2025-11-24 04:55:00,86.3
2025-11-24 04:57:30,86.2
2025-11-24 05:00:00,86.3
2025-11-24 05:02:30,86.3
2025-11-24 05:05:00,86.3
2025-11-24 05:07:30,86.3
2025-11-24 05:10:00,86.3
2025-11-24 05:12:30,86.1
2025-11-24 05:15:00,86.2
2025-11-24 05:17:30,86.2
2025-11-24 05:20:00,86.1
2025-11-24 05:22:30,86.1
2025-11-24 05:25:00,85.3
2025-11-24 05:27:30,86.3
2025-11-24 05:30:00,86.1
2025-11-24 05:32:30,86.1
2025-11-24 05:35:00,86.2
2025-11-24 05:37:30,86.1
2025-11-24 05:40:00,86.1
2025-11-24 05:42:30,86.1
2025-11-24 05:45:00,86.3
2025-11-24 05:47:30,86.1
2025-11-24 05:50:00,85.925
2025-11-24 05:52:30,85.1
2025-11-24 05:55:00,86.2
2025-11-24 05:57:30,85.3
2025-11-24 06:00:00,86.0
2025-11-24 06:02:30,85.42500000000001
2025-11-24 06:05:00,85.4
2025-11-24 06:07:30,85.0
2025-11-24 06:10:00,85.1
2025-11-24 06:12:30,84.1
2025-11-24 06:15:00,85.0
2025-11-24 06:17:30,85.0
2025-11-24 06:20:00,84.975
2025-11-24 06:22:30,84.6
2025-11-24 06:25:00,85.3
2025-11-24 06:27:30,85.26666666666667
2025-11-24 06:30:00,84.1
2025-11-24 06:32:30,84.65555555555555
2025-11-24 06:35:00,84.6
2025-11-24 06:37:30,85.3
2025-11-24 06:40:00,84.94999999999999
2025-11-24 06:42:30,84.0
2025-11-24 06:45:00,84.0
2025-11-24 06:47:30,84.36666666666666
2025-11-24 06:50:00,85.1
2025-11-24 06:52:30,85.9
2025-11-24 06:55:00,85.46666666666665
2025-11-24 06:57:30,85.4
2025-11-24 07:00:00,85.42222222222222
2025-11-24 07:02:30,85.4
2025-11-24 07:05:00,85.48055555555555
2025-11-24 07:07:30,85.9
2025-11-24 07:10:00,85.2
2025-11-24 07:12:30,85.4
2025-11-24 07:15:00,85.0
2025-11-24 07:17:30,85.3
2025-11-24 07:20:00,85.3
2025-11-24 07:22:30,85.3
2025-11-24 07:25:00,85.4
2025-11-24 07:27:30,85.3
2025-11-24 07:30:00,85.4
2025-11-24 07:32:30,85.3
2025-11-24 07:35:00,85.1
2025-11-24 07:37:30,85.1
2025-11-24 07:40:00,85.2
2025-11-24 07:42:30,85.4
2025-11-24 07:45:00,85.2
2025-11-24 07:47:30,84.1
2025-11-24 07:50:00,85.0
2025-11-24 07:52:30,85.3
2025-11-24 07:55:00,85.0
2025-11-24 07:57:30,85.1
2025-11-24 08:00:00,84.9
2025-11-24 08:02:30,84.1
2025-11-24 08:05:00,84.8
2025-11-24 08:07:30,85.1
2025-11-24 08:10:00,84.7
2025-11-24 08:12:30,85.0
2025-11-24 08:15:00,84.1
2025-11-24 08:17:30,83.4
2025-11-24 08:20:00,83.89999999999999
2025-11-24 08:22:30,84.2
2025-11-24 08:25:00,85.0
2025-11-24 08:27:30,84.55
2025-11-24 08:30:00,85.0
2025-11-24 08:32:30,84.0
2025-11-24 08:35:00,84.9
2025-11-24 08:37:30,85.0
2025-11-24 08:40:00,85.0
2025-11-24 08:42:30,85.0
2025-11-24 08:45:00,84.7
2025-11-24 08:47:30,85.0
2025-11-24 08:50:00,85.0
2025-11-24 08:52:30,85.0
2025-11-24 08:55:00,85.0
2025-11-24 08:57:30,84.9
2025-11-24 09:00:00,84.8
2025-11-24 09:02:30,85.0
2025-11-24 09:05:00,84.5
2025-11-24 09:07:30,85.0
2025-11-24 09:10:00,84.6
2025-11-24 09:12:30,84.8
2025-11-24 09:15:00,84.8
2025-11-24 09:17:30,85.3
2025-11-24 09:20:00,84.7
2025-11-24 09:22:30,84.8
2025-11-24 09:25:00,85.1
2025-11-24 09:27:30,85.0
2025-11-24 09:30:00,85.1
2025-11-24 09:32:30,85.0
2025-11-24 09:35:00,84.9
2025-11-24 09:37:30,85.1
2025-11-24 09:40:00,85.0
2025-11-24 09:42:30,85.05
2025-11-24 09:45:00,85.1
2025-11-24 09:47:30,85.1
2025-11-24 09:50:00,85.0
2025-11-24 09:52:30,84.9
2025-11-24 09:55:00,85.3
2025-11-24 09:57:30,85.0
2025-11-24 10:00:00,84.9
2025-11-24 10:02:30,85.0
2025-11-24 10:05:00,85.0
2025-11-24 10:07:30,85.0
2025-11-24 10:10:00,85.0
2025-11-24 10:12:30,85.0
2025-11-24 10:15:00,85.0
2025-11-24 10:17:30,85.0
2025-11-24 10:20:00,85.0
2025-11-24 10:22:30,85.0
2025-11-24 10:25:00,85.0
2025-11-24 10:27:30,85.0
2025-11-24 10:30:00,85.0
2025-11-24 10:32:30,85.0
2025-11-24 10:35:00,84.8
2025-11-24 10:37:30,85.1
2025-11-24 10:40:00,85.0
2025-11-24 10:42:30,85.0
2025-11-24 10:45:00,85.0
2025-11-24 10:47:30,85.0
2025-11-24 10:50:00,84.5
2025-11-24 10:52:30,84.9
2025-11-24 10:55:00,84.5
2025-11-24 10:57:30,83.5
2025-11-24 11:00:00,84.25
2025-11-24 11:02:30,84.5
2025-11-24 11:05:00,84.5
2025-11-24 11:07:30,84.5
2025-11-24 11:10:00,84.5
2025-11-24 11:12:30,84.8
2025-11-24 11:15:00,85.0
2025-11-24 11:17:30,85.0
2025-11-24 11:20:00,85.1
2025-11-24 11:22:30,85.1
2025-11-24 11:25:00,85.4
2025-11-24 11:27:30,85.4
2025-11-24 11:30:00,85.1
2025-11-24 11:32:30,85.4
2025-11-24 11:35:00,85.4
2025-11-24 11:37:30,85.3
2025-11-24 11:40:00,85.4
2025-11-24 11:42:30,85.3
2025-11-24 11:45:00,85.9
2025-11-24 11:47:30,85.75
2025-11-24 11:50:00,86.1
2025-11-24 11:52:30,86.1
2025-11-24 11:55:00,86.2
2025-11-24 11:57:30,86.4
2025-11-24 12:00:00,86.35
2025-11-24 12:02:30,86.2
2025-11-24 12:05:00,86.3
2025-11-24 12:07:30,86.3
2025-11-24 12:10:00,86.4
2025-11-24 12:12:30,86.4
2025-11-24 12:15:00,86.7
2025-11-24 12:17:30,86.5
2025-11-24 12:20:00,86.5
2025-11-24 12:22:30,86.3
2025-11-24 12:25:00,87.1
2025-11-24 12:27:30,87.25
2025-11-24 12:30:00,87.2
2025-11-24 12:32:30,87.1
2025-11-24 12:35:00,87.2
2025-11-24 12:37:30,87.2
2025-11-24 12:40:00,87.2
2025-11-24 12:42:30,87.1
2025-11-24 12:45:00,87.1
2025-11-24 12:47:30,87.2
2025-11-24 12:50:00,87.75
2025-11-24 12:52:30,87.425
2025-11-24 12:55:00,87.1
2025-11-24 12:57:30,87.11875
2025-11-24 13:00:00,87.6
2025-11-24 13:02:30,87.4046875
2025-11-24 13:05:00,87.3
2025-11-24 13:07:30,87.6
2025-11-24 13:10:00,87.5
2025-11-24 13:12:30,87.6
2025-11-24 13:15:00,87.5
2025-11-24 13:17:30,87.7
2025-11-24 13:20:00,87.6
2025-11-24 13:22:30,87.9
2025-11-24 13:25:00,87.9
2025-11-24 13:27:30,88.0
2025-11-24 13:30:00,87.8
2025-11-24 13:32:30,87.9
2025-11-24 13:35:00,87.9
2025-11-24 13:37:30,87.9
2025-11-24 13:40:00,87.8
2025-11-24 13:42:30,87.4
2025-11-24 13:45:00,87.95
2025-11-24 13:47:30,87.8
2025-11-24 13:50:00,88.0
2025-11-24 13:52:30,87.8
2025-11-24 13:55:00,88.0
2025-11-24 13:57:30,87.95
2025-11-24 14:00:00,88.1
2025-11-24 14:02:30,87.4
2025-11-24 14:05:00,88.0
2025-11-24 14:07:30,87.96666666666665
2025-11-24 14:10:00,88.24166666666666
2025-11-24 14:12:30,88.5
2025-11-24 14:15:00,88.5
2025-11-24 14:17:30,88.1
2025-11-24 14:20:00,87.6
2025-11-24 14:22:30,88.5
2025-11-24 14:25:00,88.5
2025-11-24 14:27:30,88.0
2025-11-24 14:30:00,88.5
2025-11-24 14:32:30,88.5
2025-11-24 14:35:00,88.1
2025-11-24 14:37:30,88.5
2025-11-24 14:40:00,88.1
2025-11-24 14:42:30,87.9
2025-11-24 14:45:00,87.1
2025-11-24 14:47:30,87.75
2025-11-24 14:50:00,88.0
2025-11-24 14:52:30,88.0
2025-11-24 14:55:00,88.0
2025-11-24 14:57:30,88.0
2025-11-24 15:00:00,88.0
2025-11-24 15:02:30,88.0
2025-11-24 15:05:00,88.1
2025-11-24 15:07:30,87.9
2025-11-24 15:10:00,88.0
2025-11-24 15:12:30,87.9
2025-11-24 15:15:00,87.9
2025-11-24 15:17:30,87.9
2025-11-24 15:20:00,87.9
2025-11-24 15:22:30,87.9
2025-11-24 15:25:00,88.0
2025-11-24 15:27:30,87.9
2025-11-24 15:30:00,87.85
2025-11-24 15:32:30,87.9
2025-11-24 15:35:00,87.6
2025-11-24 15:37:30,87.2
2025-11-24 15:40:00,88.0
2025-11-24 15:42:30,88.5
2025-11-24 15:45:00,87.9
2025-11-24 15:47:30,87.6
2025-11-24 15:50:00,87.5
2025-11-24 15:52:30,88.0
2025-11-24 15:55:00,88.5
2025-11-24 15:57:30,87.9
2025-11-24 16:00:00,87.9
2025-11-24 16:02:30,88.07499999999999
2025-11-24 16:05:00,88.1
2025-11-24 16:07:30,88.4
2025-11-24 16:10:00,88.0
2025-11-24 16:12:30,88.6
2025-11-24 16:15:00,88.5
2025-11-24 16:17:30,88.25
2025-11-24 16:20:00,88.0
2025-11-24 16:22:30,87.9875
2025-11-24 16:25:00,87.2
2025-11-24 16:27:30,87.2625
2025-11-24 16:30:00,87.265625
2025-11-24 16:32:30,86.6
2025-11-24 16:35:00,87.18854166666667
2025-11-24 16:37:30,87.16284722222223
2025-11-24 16:40:00,87.7
2025-11-24 16:42:30,88.4
2025-11-24 16:45:00,88.45
2025-11-24 16:47:30,88.5
2025-11-24 16:50:00,88.4
2025-11-24 16:52:30,88.4
2025-11-24 16:55:00,88.4
2025-11-24 16:57:30,88.4
2025-11-24 17:00:00,88.4
2025-11-24 17:02:30,88.5
2025-11-24 17:05:00,88.4
2025-11-24 17:07:30,88.45
2025-11-24 17:10:00,88.42500000000001
2025-11-24 17:12:30,88.45833333333333
2025-11-24 17:15:00,88.34583333333333
2025-11-24 17:17:30,88.5
2025-11-24 17:20:00,88.0
2025-11-24 17:22:30,87.7
2025-11-24 17:25:00,88.0
2025-11-24 17:27:30,86.9
2025-11-24 17:30:00,86.2
2025-11-24 17:32:30,86.5
2025-11-24 17:35:00,86.43333333333332
2025-11-24 17:37:30,86.50833333333333
2025-11-24 17:40:00,86.6
2025-11-24 17:42:30,86.5
2025-11-24 17:45:00,86.8
2025-11-24 17:47:30,86.65
2025-11-24 17:50:00,86.725
2025-11-24 17:52:30,86.6875
2025-11-24 17:55:00,86.70625
2025-11-24 17:57:30,86.696875
2025-11-24 18:00:00,86.7015625
2025-11-24 18:02:30,86.69921875
2025-11-24 18:05:00,86.700390625
2025-11-24 18:07:30,86.6998046875
2025-11-24 18:10:00,86.70009765625
2025-11-24 18:12:30,86.699951171875
2025-11-24 18:15:00,86.7000244140625
2025-11-24 18:17:30,86.69998779296876
2025-11-24 18:20:00,86.70000610351562
2025-11-24 18:22:30,86.69999694824219
2025-11-24 18:25:00,86.7000015258789
2025-11-24 18:27:30,86.69999923706055
2025-11-24 18:30:00,86.70000038146972
2025-11-24 18:32:30,86.69999980926514
2025-11-24 18:35:00,86.70000009536743
2025-11-24 18:37:30,86.69999995231629
2025-11-24 18:40:00,86.70000002384185
2025-11-24 18:42:30,86.69999998807907
2025-11-24 18:45:00,86.70000000596046
2025-11-24 18:47:30,86.69999999701977
2025-11-24 18:50:00,86.70000000149011
2025-11-24 18:52:30,86.69999999925494
2025-11-24 18:55:00,86.70000000037253
2025-11-24 18:57:30,86.69999999981374
2025-11-24 19:00:00,86.70000000009313
2025-11-24 19:02:30,86.69999999995343
2025-11-24 19:05:00,86.70000000002328
2025-11-24 19:07:30,86.69999999998836
2025-11-24 19:10:00,86.70000000000582
2025-11-24 19:12:30,86.69999999999709
2025-11-24 19:15:00,86.70000000000145
2025-11-24 19:17:30,86.69999999999928
2025-11-24 19:20:00,86.70000000000036
2025-11-24 19:22:30,86.69999999999982
2025-11-24 19:25:00,86.70000000000009
2025-11-24 19:27:30,86.69999999999996
2025-11-24 19:30:00,86.70000000000002
2025-11-24 19:32:30,86.69999999999999
2025-11-24 19:35:00,86.7
2025-11-24 19:37:30,86.69999999999999
2025-11-24 19:40:00,86.69999999999999
2025-11-24 19:42:30,86.69999999999999
2025-11-24 19:45:00,86.69999999999999
2025-11-24 19:47:30,86.69999999999999
2025-11-24 19:50:00,86.69999999999999
2025-11-24 19:52:30,86.69999999999999
2025-11-24 19:55:00,86.69999999999999
2025-11-24 19:57:30,86.69999999999999
2025-11-24 20:00:00,86.69999999999999
2025-11-24 20:02:30,86.69999999999999
2025-11-24 20:05:00,86.69999999999999
2025-11-24 20:07:30,86.69999999999999
2025-11-24 20:10:00,86.69999999999999
2025-11-24 20:12:30,86.69999999999999
2025-11-24 20:15:00,86.69999999999999
2025-11-24 20:17:30,86.69999999999999
2025-11-24 20:20:00,86.69999999999999
2025-11-24 20:22:30,86.69999999999999
2025-11-24 20:25:00,86.69999999999999
2025-11-24 20:27:30,86.69999999999999
2025-11-24 20:30:00,86.69999999999999
2025-11-24 20:32:30,86.69999999999999
2025-11-24 20:35:00,86.69999999999999
2025-11-24 20:37:30,86.69999999999999
2025-11-24 20:40:00,86.69999999999999
2025-11-24 20:42:30,86.69999999999999
2025-11-24 20:45:00,86.69999999999999
2025-11-24 20:47:30,86.69999999999999
2025-11-24 20:50:00,86.69999999999999
2025-11-24 20:52:30,86.69999999999999
2025-11-24 20:55:00,86.69999999999999
2025-11-24 20:57:30,86.69999999999999
2025-11-24 21:00:00,86.69999999999999
2025-11-24 21:02:30,86.69999999999999
2025-11-24 21:05:00,86.69999999999999
2025-11-24 21:07:30,86.69999999999999
2025-11-24 21:10:00,86.69999999999999
2025-11-24 21:12:30,86.69999999999999
2025-11-24 21:15:00,86.69999999999999
2025-11-24 21:17:30,86.69999999999999
2025-11-24 21:20:00,86.69999999999999
2025-11-24 21:22:30,86.69999999999999
2025-11-24 21:25:00,86.69999999999999
2025-11-24 21:27:30,86.69999999999999
2025-11-24 21:30:00,86.69999999999999
2025-11-24 21:32:30,86.69999999999999
2025-11-24 21:35:00,86.69999999999999
2025-11-24 21:37:30,86.69999999999999
2025-11-24 21:40:00,86.69999999999999
2025-11-24 21:42:30,86.69999999999999
2025-11-24 21:45:00,86.69999999999999
2025-11-24 21:47:30,86.69999999999999
2025-11-24 21:50:00,86.69999999999999
2025-11-24 21:52:30,86.69999999999999
2025-11-24 21:55:00,86.69999999999999
2025-11-24 21:57:30,86.69999999999999
2025-11-24 22:00:00,86.69999999999999
2025-11-24 22:02:30,86.69999999999999
2025-11-24 22:05:00,86.69999999999999
2025-11-24 22:07:30,86.69999999999999
2025-11-24 22:10:00,86.69999999999999
2025-11-24 22:12:30,86.69999999999999
2025-11-24 22:15:00,86.69999999999999
2025-11-24 22:17:30,86.69999999999999
2025-11-24 22:20:00,86.69999999999999
2025-11-24 22:22:30,86.69999999999999
2025-11-24 22:25:00,86.69999999999999
2025-11-24 22:27:30,86.69999999999999
2025-11-24 22:30:00,86.69999999999999
2025-11-24 22:32:30,86.69999999999999
2025-11-24 22:35:00,86.69999999999999
2025-11-24 22:37:30,86.69999999999999
2025-11-24 22:40:00,86.69999999999999
2025-11-24 22:42:30,86.69999999999999
2025-11-24 22:45:00,86.69999999999999
2025-11-24 22:47:30,86.69999999999999
2025-11-24 22:50:00,86.69999999999999
2025-11-24 22:52:30,86.69999999999999
2025-11-24 22:55:00,86.69999999999999
2025-11-24 22:57:30,86.69999999999999
2025-11-24 23:00:00,86.69999999999999
2025-11-24 23:02:30,86.69999999999999
2025-11-24 23:05:00,86.69999999999999
2025-11-24 23:07:30,86.69999999999999
2025-11-24 23:10:00,86.69999999999999
2025-11-24 23:12:30,86.69999999999999
2025-11-24 23:15:00,86.69999999999999
2025-11-24 23:17:30,86.69999999999999
2025-11-24 23:20:00,86.69999999999999
2025-11-24 23:22:30,86.69999999999999
2025-11-24 23:25:00,86.69999999999999
2025-11-24 23:27:30,86.69999999999999
2025-11-24 23:30:00,86.69999999999999
2025-11-24 23:32:30,86.69999999999999
2025-11-24 23:35:00,86.69999999999999
2025-11-24 23:37:30,86.69999999999999
2025-11-24 23:40:00,86.69999999999999
2025-11-24 23:42:30,86.69999999999999
2025-11-24 23:45:00,86.69999999999999
2025-11-24 23:47:30,86.69999999999999
2025-11-24 23:50:00,86.69999999999999
2025-11-24 23:52:30,86.69999999999999
2025-11-24 23:55:00,86.69999999999999
2025-11-24 23:57:30,86.69999999999999
2025-11-25 00:00:00,86.69999999999999
2025-11-25 00:02:30,86.69999999999999
2025-11-25 00:05:00,86.69999999999999
2025-11-25 00:07:30,86.69999999999999
2025-11-25 00:10:00,86.69999999999999
2025-11-25 00:12:30,86.69999999999999
2025-11-25 00:15:00,86.69999999999999
2025-11-25 00:17:30,86.69999999999999
2025-11-25 00:20:00,86.69999999999999
2025-11-25 00:22:30,86.69999999999999
2025-11-25 00:25:00,86.69999999999999
2025-11-25 00:27:30,86.69999999999999
2025-11-25 00:30:00,86.69999999999999
2025-11-25 00:32:30,86.69999999999999
2025-11-25 00:35:00,86.69999999999999
2025-11-25 00:37:30,86.69999999999999
2025-11-25 00:40:00,86.69999999999999
2025-11-25 00:42:30,86.69999999999999
2025-11-25 00:45:00,86.69999999999999
2025-11-25 00:47:30,86.69999999999999
2025-11-25 00:50:00,86.69999999999999
2025-11-25 00:52:30,86.69999999999999
2025-11-25 00:55:00,86.69999999999999
2025-11-25 00:57:30,86.69999999999999
2025-11-25 01:00:00,86.69999999999999
2025-11-25 01:02:30,86.69999999999999
2025-11-25 01:05:00,86.69999999999999
2025-11-25 01:07:30,86.69999999999999
2025-11-25 01:10:00,86.69999999999999
2025-11-25 01:12:30,86.69999999999999
2025-11-25 01:15:00,86.69999999999999
2025-11-25 01:17:30,86.69999999999999
2025-11-25 01:20:00,86.69999999999999
2025-11-25 01:22:30,86.69999999999999
2025-11-25 01:25:00,86.69999999999999
2025-11-25 01:27:30,86.69999999999999
2025-11-25 01:30:00,86.69999999999999
2025-11-25 01:32:30,87.09929191716766
2025-11-25 01:35:00,87.90120240480962
2025-11-25 01:37:30,87.89787575150301
2025-11-25 01:40:00,87.89454909819639
2025-11-25 01:42:30,87.89122244488978
2025-11-25 01:45:00,87.88789579158316
2025-11-25 01:47:30,87.88456913827655
2025-11-25 01:50:00,87.88124248496995
2025-11-25 01:52:30,87.87791583166333
2025-11-25 01:55:00,87.87458917835671
2025-11-25 01:57:30,87.8712625250501
2025-11-25 02:00:00,87.86793587174348
2025-11-25 02:02:30,87.86460921843687
2025-11-25 02:05:00,87.86128256513027
2025-11-25 02:07:30,87.85795591182365
2025-11-25 02:10:00,87.85462925851704
2025-11-25 02:12:30,87.85130260521042
2025-11-25 02:15:00,87.8479759519038
2025-11-25 02:17:30,87.84464929859719
2025-11-25 02:20:00,87.84132264529057
2025-11-25 02:22:30,87.83799599198397
2025-11-25 02:25:00,87.83466933867736
2025-11-25 02:27:30,87.83134268537074
2025-11-25 02:30:00,87.82801603206413
2025-11-25 02:32:30,87.82468937875751
2025-11-25 02:35:00,87.8213627254509
2025-11-25 02:37:30,87.8180360721443
2025-11-25 02:40:00,87.81470941883768
2025-11-25 02:42:30,87.81138276553106
2025-11-25 02:45:00,87.80805611222445
2025-11-25 02:47:30,87.80472945891783
2025-11-25 02:50:00,87.80140280561122
2025-11-25 02:52:30,87.7980761523046
2025-11-25 02:55:00,87.794749498998
2025-11-25 02:57:30,87.79142284569139
2025-11-25 03:00:00,87.78809619238477
2025-11-25 03:02:30,87.78476953907816
2025-11-25 03:05:00,87.78144288577154
2025-11-25 03:07:30,87.77811623246492
2025-11-25 03:10:00,87.77478957915832
2025-11-25 03:12:30,87.77146292585171
2025-11-25 03:15:00,87.76813627254509
2025-11-25 03:17:30,87.76480961923848
2025-11-25 03:20:00,87.76148296593186
2025-11-25 03:22:30,87.75815631262525
2025-11-25 03:25:00,87.75482965931863
2025-11-25 03:27:30,87.75150300601203
2025-11-25 03:30:00,87.74817635270541
2025-11-25 03:32:30,87.7448496993988
2025-11-25 03:35:00,87.74152304609218
2025-11-25 03:37:30,87.73819639278557
2025-11-25 03:40:00,87.73486973947895
2025-11-25 03:42:30,87.73154308617235
2025-11-25 03:45:00,87.72821643286574
2025-11-25 03:47:30,87.72488977955912
2025-11-25 03:50:00,87.7215631262525
2025-11-25 03:52:30,87.71823647294589
2025-11-25 03:55:00,87.71490981963927
2025-11-25 03:57:30,87.71158316633266
2025-11-25 04:00:00,87.70825651302606
2025-11-25 04:02:30,87.70492985971944
2025-11-25 04:05:00,87.70160320641283
2025-11-25 04:07:30,87.69827655310621
2025-11-25 04:10:00,87.6949498997996
2025-11-25 04:12:30,87.69162324649298
2025-11-25 04:15:00,87.68829659318638
2025-11-25 04:17:30,87.68496993987976
2025-11-25 04:20:00,87.68164328657315
2025-11-25 04:22:30,87.67831663326653
2025-11-25 04:25:00,87.67498997995992
2025-11-25 04:27:30,87.6716633266533
2025-11-25 04:30:00,87.66833667334669
2025-11-25 04:32:30,87.66501002004009
2025-11-25 04:35:00,87.66168336673347
2025-11-25 04:37:30,87.65835671342685
2025-11-25 04:40:00,87.65503006012024
2025-11-25 04:42:30,87.65170340681362
2025-11-25 04:45:00,87.64837675350701
2025-11-25 04:47:30,87.64505010020041
2025-11-25 04:50:00,87.64172344689379
2025-11-25 04:52:30,87.63839679358718
2025-11-25 04:55:00,87.63507014028056
2025-11-25 04:57:30,87.63174348697395
2025-11-25 05:00:00,87.62841683366733
2025-11-25 05:02:30,87.62509018036071
2025-11-25 05:05:00,87.62176352705411
2025-11-25 05:07:30,87.6184368737475
2025-11-25 05:10:00,87.61511022044088
2025-11-25 05:12:30,87.61178356713427
2025-11-25 05:15:00,87.60845691382765
2025-11-25 05:17:30,87.60513026052104
2025-11-25 05:20:00,87.60180360721444
2025-11-25 05:22:30,87.59847695390782
2025-11-25 05:25:00,87.5951503006012
2025-11-25 05:27:30,87.59182364729459
2025-11-25 05:30:00,87.58849699398797
2025-11-25 05:32:30,87.58517034068136
2025-11-25 05:35:00,87.58184368737474
2025-11-25 05:37:30,87.57851703406814
2025-11-25 05:40:00,87.57519038076153
2025-11-25 05:42:30,87.57186372745491
2025-11-25 05:45:00,87.5685370741483
2025-11-25 05:47:30,87.56521042084168
2025-11-25 05:50:00,87.56188376753506
2025-11-25 05:52:30,87.55855711422846
2025-11-25 05:55:00,87.55523046092185
2025-11-25 05:57:30,87.55190380761523
2025-11-25 06:00:00,87.54857715430862
2025-11-25 06:02:30,87.545250501002
2025-11-25 06:05:00,87.54192384769539
2025-11-25 06:07:30,87.53859719438877
2025-11-25 06:10:00,87.53527054108217
2025-11-25 06:12:30,87.53194388777555
2025-11-25 06:15:00,87.52861723446894
2025-11-25 06:17:30,87.52529058116232
2025-11-25 06:20:00,87.52196392785571
2025-11-25 06:22:30,87.51863727454909
2025-11-25 06:25:00,87.51531062124249
2025-11-25 06:27:30,87.51198396793588
2025-11-25 06:30:00,87.50865731462926
2025-11-25 06:32:30,87.50533066132265
2025-11-25 06:35:00,87.50200400801603
2025-11-25 06:37:30,87.49867735470941
2025-11-25 06:40:00,87.4953507014028
2025-11-25 06:42:30,87.4920240480962
2025-11-25 06:45:00,87.48869739478958
2025-11-25 06:47:30,87.48537074148297
2025-11-25 06:50:00,87.48204408817635
2025-11-25 06:52:30,87.47871743486974
2025-11-25 06:55:00,87.47539078156312
2025-11-25 06:57:30,87.47206412825652
2025-11-25 07:00:00,87.4687374749499
2025-11-25 07:02:30,87.46541082164329
2025-11-25 07:05:00,87.46208416833667
2025-11-25 07:07:30,87.45875751503006
2025-11-25 07:10:00,87.45543086172344
2025-11-25 07:12:30,87.45210420841683
2025-11-25 07:15:00,87.44877755511023
2025-11-25 07:17:30,87.44545090180361
2025-11-25 07:20:00,87.442124248497
2025-11-25 07:22:30,87.43879759519038
2025-11-25 07:25:00,87.43547094188376
2025-11-25 07:27:30,87.43214428857715
2025-11-25 07:30:00,87.42881763527055
2025-11-25 07:32:30,87.42549098196393
2025-11-25 07:35:00,87.42216432865732
2025-11-25 07:37:30,87.4188376753507
2025-11-25 07:40:00,87.41551102204409
2025-11-25 07:42:30,87.41218436873747
2025-11-25 07:45:00,87.40885771543086
2025-11-25 07:47:30,87.40553106212425
2025-11-25 07:50:00,87.40220440881764
2025-11-25 07:52:30,87.39887775551102
2025-11-25 07:55:00,87.39555110220441
2025-11-25 07:57:30,87.39222444889779
2025-11-25 08:00:00,87.38889779559118
2025-11-25 08:02:30,87.38557114228458
2025-11-25 08:05:00,87.38224448897796
2025-11-25 08:07:30,87.37891783567134
2025-11-25 08:10:00,87.37559118236473
2025-11-25 08:12:30,87.37226452905811
2025-11-25 08:15:00,87.3689378757515
2025-11-25 08:17:30,87.36561122244488
2025-11-25 08:20:00,87.36228456913828
2025-11-25 08:22:30,87.35895791583167
2025-11-25 08:25:00,87.35563126252505
2025-11-25 08:27:30,87.35230460921844
2025-11-25 08:30:00,87.34897795591182
2025-11-25 08:32:30,87.3456513026052
2025-11-25 08:35:00,87.3423246492986
2025-11-25 08:37:30,87.33899799599199
2025-11-25 08:40:00,87.33567134268537
2025-11-25 08:42:30,87.33234468937876
2025-11-25 08:45:00,87.32901803607214
2025-11-25 08:47:30,87.32569138276553
2025-11-25 08:50:00,87.32236472945891
2025-11-25 08:52:30,87.31903807615231
2025-11-25 08:55:00,87.3157114228457
2025-11-25 08:57:30,87.31238476953908
2025-11-25 09:00:00,87.30905811623246
2025-11-25 09:02:30,87.30573146292585
2025-11-25 09:05:00,87.30240480961923
2025-11-25 09:07:30,87.29907815631263
2025-11-25 09:10:00,87.29575150300602
2025-11-25 09:12:30,87.2924248496994
2025-11-25 09:15:00,87.28909819639279
2025-11-25 09:17:30,87.28577154308617
2025-11-25 09:20:00,87.28244488977955
2025-11-25 09:22:30,87.27911823647294
2025-11-25 09:25:00,87.27579158316634
2025-11-25 09:27:30,87.27246492985972
2025-11-25 09:30:00,87.26913827655311
2025-11-25 09:32:30,87.26581162324649
2025-11-25 09:35:00,87.26248496993988
2025-11-25 09:37:30,87.25915831663326
2025-11-25 09:40:00,87.25583166332666
2025-11-25 09:42:30,87.25250501002004
2025-11-25 09:45:00,87.24917835671343
2025-11-25 09:47:30,87.24585170340681
2025-11-25 09:50:00,87.2425250501002
2025-11-25 09:52:30,87.23919839679358
2025-11-25 09:55:00,87.23587174348697
2025-11-25 09:57:30,87.23254509018037
2025-11-25 10:00:00,87.22921843687375
2025-11-25 10:02:30,87.22589178356714
2025-11-25 10:05:00,87.22256513026052
2025-11-25 10:07:30,87.2192384769539
2025-11-25 10:10:00,87.21591182364729
2025-11-25 10:12:30,87.21258517034069
2025-11-25 10:15:00,87.20925851703407
2025-11-25 10:17:30,87.20593186372746
2025-11-25 10:20:00,87.20260521042084
2025-11-25 10:22:30,87.19927855711423
2025-11-25 10:25:00,87.19595190380761
2025-11-25 10:27:30,87.192625250501
2025-11-25 10:30:00,87.1892985971944
2025-11-25 10:32:30,87.18597194388778
2025-11-25 10:35:00,87.18264529058116
2025-11-25 10:37:30,87.17931863727455
2025-11-25 10:40:00,87.17599198396793
2025-11-25 10:42:30,87.17266533066132
2025-11-25 10:45:00,87.16933867735472
2025-11-25 10:47:30,87.1660120240481
2025-11-25 10:50:00,87.16268537074149
2025-11-25 10:52:30,87.15935871743487
2025-11-25 10:55:00,87.15603206412825
2025-11-25 10:57:30,87.15270541082164
2025-11-25 11:00:00,87.14937875751502
2025-11-25 11:02:30,87.14605210420842
2025-11-25 11:05:00,87.1427254509018
2025-11-25 11:07:30,87.13939879759519
2025-11-25 11:10:00,87.13607214428858
2025-11-25 11:12:30,87.13274549098196
2025-11-25 11:15:00,87.12941883767535
2025-11-25 11:17:30,87.12609218436874
2025-11-25 11:20:00,87.12276553106213
2025-11-25 11:22:30,87.11943887775551
2025-11-25 11:25:00,87.1161122244489
2025-11-25 11:27:30,87.11278557114228
2025-11-25 11:30:00,87.10945891783567
2025-11-25 11:32:30,87.10613226452905
2025-11-25 11:35:00,87.10280561122245
2025-11-25 11:37:30,87.09947895791584
2025-11-25 11:40:00,87.09615230460922
2025-11-25 11:42:30,87.0928256513026
2025-11-25 11:45:00,87.08949899799599
2025-11-25 11:47:30,87.08617234468937
2025-11-25 11:50:00,87.08284569138277
2025-11-25 11:52:30,87.07951903807616
2025-11-25 11:55:00,87.07619238476954
2025-11-25 11:57:30,87.07286573146293
2025-11-25 12:00:00,87.06953907815631
2025-11-25 12:02:30,87.0662124248497
2025-11-25 12:05:00,87.06288577154308
2025-11-25 12:07:30,87.05955911823648
2025-11-25 12:10:00,87.05623246492986
2025-11-25 12:12:30,87.05290581162325
2025-11-25 12:15:00,87.04957915831663
2025-11-25 12:17:30,87.04625250501002
2025-11-25 12:20:00,87.0429258517034
2025-11-25 12:22:30,87.0395991983968
2025-11-25 12:25:00,87.03627254509018
2025-11-25 12:27:30,87.03294589178357
2025-11-25 12:30:00,87.02961923847695
2025-11-25 12:32:30,87.02629258517034
2025-11-25 12:35:00,87.02296593186372
2025-11-25 12:37:30,87.01963927855711
2025-11-25 12:40:00,87.0163126252505
2025-11-25 12:42:30,87.01298597194389
2025-11-25 12:45:00,87.00965931863728
2025-11-25 12:47:30,87.00633266533066
2025-11-25 12:50:00,87.00300601202404
2025-11-25 12:52:30,86.99967935871743
2025-11-25 12:55:00,86.99635270541083
2025-11-25 12:57:30,86.99302605210421
2025-11-25 13:00:00,86.9896993987976
2025-11-25 13:02:30,86.98637274549098
2025-11-25 13:05:00,86.98304609218437
2025-11-25 13:07:30,86.97971943887775
2025-11-25 13:10:00,86.97639278557114
2025-11-25 13:12:30,86.97306613226453
2025-11-25 13:15:00,86.96973947895792
2025-11-25 13:17:30,86.9664128256513
2025-11-25 13:20:00,86.96308617234469
2025-11-25 13:22:30,86.95975951903807
2025-11-25 13:25:00,86.95643286573146
2025-11-25 13:27:30,86.95310621242486
2025-11-25 13:30:00,86.94977955911824
2025-11-25 13:32:30,86.94645290581163
2025-11-25 13:35:00,86.94312625250501
2025-11-25 13:37:30,86.9397995991984
2025-11-25 13:40:00,86.93647294589178
2025-11-25 13:42:30,86.93314629258516
2025-11-25 13:45:00,86.92981963927856
2025-11-25 13:47:30,86.92649298597195
2025-11-25 13:50:00,86.92316633266533
2025-11-25 13:52:30,86.91983967935872
2025-11-25 13:55:00,86.9165130260521
2025-11-25 13:57:30,86.91318637274549
2025-11-25 14:00:00,86.90985971943888
2025-11-25 14:02:30,86.90653306613227
2025-11-25 14:05:00,86.90320641282565
2025-11-25 14:07:30,86.89987975951904
2025-11-25 14:10:00,86.89655310621242
2025-11-25 14:12:30,86.89322645290581
2025-11-25 14:15:00,86.88989979959919
2025-11-25 14:17:30,86.88657314629259
2025-11-25 14:20:00,86.88324649298598
2025-11-25 14:22:30,86.87991983967936
2025-11-25 14:25:00,86.87659318637274
2025-11-25 14:27:30,86.87326653306613
2025-11-25 14:30:00,86.86993987975951
2025-11-25 14:32:30,86.86661322645291
2025-11-25 14:35:00,86.8632865731463
2025-11-25 14:37:30,86.85995991983968
2025-11-25 14:40:00,86.85663326653307
2025-11-25 14:42:30,86.85330661322645
2025-11-25 14:45:00,86.84997995991984
2025-11-25 14:47:30,86.84665330661322
2025-11-25 14:50:00,86.84332665330662
2025-11-25 14:52:30,86.84
2025-11-25 14:55:00,86.83667334669339
2025-11-25 14:57:30,86.83334669338677
2025-11-25 15:00:00,86.83002004008016
2025-11-25 15:02:30,86.82669338677354
2025-11-25 15:05:00,86.82336673346694
2025-11-25 15:07:30,86.82004008016033
2025-11-25 15:10:00,86.81671342685371
2025-11-25 15:12:30,86.8133867735471
2025-11-25 15:15:00,86.81006012024048
2025-11-25 15:17:30,86.80673346693386
2025-11-25 15:20:00,86.80340681362725
2025-11-25 15:22:30,86.80008016032065
2025-11-25 15:25:00,86.79675350701403
2025-11-25 15:27:30,86.79342685370742
2025-11-25 15:30:00,86.7901002004008
2025-11-25 15:32:30,86.78677354709419
2025-11-25 15:35:00,86.78344689378757
2025-11-25 15:37:30,86.78012024048097
2025-11-25 15:40:00,86.77679358717435
2025-11-25 15:42:30,86.77346693386774
2025-11-25 15:45:00,86.77014028056112
2025-11-25 15:47:30,86.7668136272545
2025-11-25 15:50:00,86.76348697394789
2025-11-25 15:52:30,86.76016032064128
2025-11-25 15:55:00,86.75683366733467
2025-11-25 15:57:30,86.75350701402806
2025-11-25 16:00:00,86.75018036072144
2025-11-25 16:02:30,86.74685370741483
2025-11-25 16:05:00,86.74352705410821
2025-11-25 16:07:30,86.7402004008016
2025-11-25 16:10:00,86.736873747495
2025-11-25 16:12:30,86.73354709418838
2025-11-25 16:15:00,86.73022044088177
2025-11-25 16:17:30,86.72689378757515
2025-11-25 16:20:00,86.72356713426854
2025-11-25 16:22:30,86.72024048096192
2025-11-25 16:25:00,86.7169138276553
2025-11-25 16:27:30,86.7135871743487
2025-11-25 16:30:00,86.71026052104209
2025-11-25 16:32:30,86.70693386773547
2025-11-25 16:35:00,86.70360721442886
2025-11-25 16:37:30,86.70028056112224
2025-11-25 16:40:00,86.69695390781563
2025-11-25 16:42:30,86.69362725450902
2025-11-25 16:45:00,86.69030060120241
2025-11-25 16:47:30,86.6869739478958
2025-11-25 16:50:00,86.68364729458918
2025-11-25 16:52:30,86.68032064128256
2025-11-25 16:55:00,86.67699398797595
2025-11-25 16:57:30,86.67366733466933
2025-11-25 17:00:00,86.67034068136273
2025-11-25 17:02:30,86.66701402805612
2025-11-25 17:05:00,86.6636873747495
2025-11-25 17:07:30,86.66036072144288
2025-11-25 17:10:00,86.65703406813627
2025-11-25 17:12:30,86.65370741482965
2025-11-25 17:15:00,86.65038076152305
2025-11-25 17:17:30,86.64705410821644
2025-11-25 17:20:00,86.64372745490982
2025-11-25 17:22:30,86.6404008016032
2025-11-25 17:25:00,86.63707414829659
2025-11-25 17:27:30,86.63374749498998
2025-11-25 17:30:00,86.63042084168336
2025-11-25 17:32:30,86.62709418837676
2025-11-25 17:35:00,86.62376753507014
2025-11-25 17:37:30,86.62044088176353
2025-11-25 17:40:00,86.61711422845691
2025-11-25 17:42:30,86.6137875751503
2025-11-25 17:45:00,86.61046092184368
2025-11-25 17:47:30,86.60713426853708
2025-11-25 17:50:00,86.60380761523047
2025-11-25 17:52:30,86.60048096192385
2025-11-25 17:55:00,86.59715430861723
2025-11-25 17:57:30,86.59382765531062
2025-11-25 18:00:00,86.590501002004
2025-11-25 18:02:30,86.58717434869739
2025-11-25 18:05:00,86.58384769539079
2025-11-25 18:07:30,86.58052104208417
2025-11-25 18:10:00,86.57719438877756
2025-11-25 18:12:30,86.57386773547094
2025-11-25 18:15:00,86.57054108216433
2025-11-25 18:17:30,86.56721442885771
2025-11-25 18:20:00,86.56388777555111
2025-11-25 18:22:30,86.5605611222445
2025-11-25 18:25:00,86.55723446893788
2025-11-25 18:27:30,86.55390781563126
2025-11-25 18:30:00,86.55058116232465
2025-11-25 18:32:30,86.54725450901803
2025-11-25 18:35:00,86.54392785571142
2025-11-25 18:37:30,86.54060120240482
2025-11-25 18:40:00,86.5372745490982
2025-11-25 18:42:30,86.53394789579158
2025-11-25 18:45:00,86.53062124248497
2025-11-25 18:47:30,86.52729458917835
2025-11-25 18:50:00,86.52396793587174
2025-11-25 18:52:30,86.52064128256514
2025-11-25 18:55:00,86.51731462925852
2025-11-25 18:57:30,86.5139879759519
2025-11-25 19:00:00,86.51066132264529
2025-11-25 19:02:30,86.50733466933868
2025-11-25 19:05:00,86.50400801603206
2025-11-25 19:07:30,86.50068136272544
2025-11-25 19:10:00,86.49735470941884
2025-11-25 19:12:30,86.49402805611223
2025-11-25 19:15:00,86.49070140280561
2025-11-25 19:17:30,86.487374749499
2025-11-25 19:20:00,86.48404809619238
2025-11-25 19:22:30,86.48072144288577
2025-11-25 19:25:00,86.47739478957917
2025-11-25 19:27:30,86.47406813627255
2025-11-25 19:30:00,86.47074148296593
2025-11-25 19:32:30,86.46741482965932
2025-11-25 19:35:00,86.4640881763527
2025-11-25 19:37:30,86.46076152304609
2025-11-25 19:40:00,86.45743486973947
2025-11-25 19:42:30,86.45410821643287
2025-11-25 19:45:00,86.45078156312626
2025-11-25 19:47:30,86.44745490981964
2025-11-25 19:50:00,86.44412825651303
2025-11-25 19:52:30,86.44080160320641
2025-11-25 19:55:00,86.4374749498998
2025-11-25 19:57:30,86.4341482965932
2025-11-25 20:00:00,86.43082164328658
2025-11-25 20:02:30,86.42749498997996
2025-11-25 20:05:00,86.42416833667335
2025-11-25 20:07:30,86.42084168336673
2025-11-25 20:10:00,86.41751503006012
2025-11-25 20:12:30,86.41418837675351
2025-11-25 20:15:00,86.4108617234469
2025-11-25 20:17:30,86.40753507014028
2025-11-25 20:20:00,86.40420841683367
2025-11-25 20:22:30,86.40088176352705
2025-11-25 20:25:00,86.39755511022044
2025-11-25 20:27:30,86.39422845691382
2025-11-25 20:30:00,86.39090180360722
2025-11-25 20:32:30,86.3875751503006
2025-11-25 20:35:00,86.38424849699399
2025-11-25 20:37:30,86.38092184368737
2025-11-25 20:40:00,86.37759519038076
2025-11-25 20:42:30,86.37426853707414
2025-11-25 20:45:00,86.37094188376753
2025-11-25 20:47:30,86.36761523046093
2025-11-25 20:50:00,86.36428857715431
2025-11-25 20:52:30,86.3609619238477
2025-11-25 20:55:00,86.35763527054108
2025-11-25 20:57:30,86.35430861723447
2025-11-25 21:00:00,86.35098196392785
2025-11-25 21:02:30,86.34765531062125
2025-11-25 21:05:00,86.34432865731463
2025-11-25 21:07:30,86.34100200400802
2025-11-25 21:10:00,86.3376753507014
2025-11-25 21:12:30,86.33434869739479
2025-11-25 21:15:00,86.33102204408817
2025-11-25 21:17:30,86.32769539078157
2025-11-25 21:20:00,86.32436873747496
2025-11-25 21:22:30,86.32104208416834
2025-11-25 21:25:00,86.31771543086172
2025-11-25 21:27:30,86.31438877755511
2025-11-25 21:30:00,86.3110621242485
2025-11-25 21:32:30,86.30773547094188
2025-11-25 21:35:00,86.30440881763528
2025-11-25 21:37:30,86.30108216432866
2025-11-25 21:40:00,86.29775551102205
2025-11-25 21:42:30,86.29442885771543
2025-11-25 21:45:00,86.29110220440882
2025-11-25 21:47:30,86.2877755511022
2025-11-25 21:50:00,86.28444889779558
2025-11-25 21:52:30,86.28112224448898
2025-11-25 21:55:00,86.27779559118237
2025-11-25 21:57:30,86.27446893787575
2025-11-25 22:00:00,86.27114228456914
2025-11-25 22:02:30,86.26781563126252
2025-11-25 22:05:00,86.2644889779559
2025-11-25 22:07:30,86.2611623246493
2025-11-25 22:10:00,86.25783567134269
2025-11-25 22:12:30,86.25450901803607
2025-11-25 22:15:00,86.25118236472946
2025-11-25 22:17:30,86.24785571142284
2025-11-25 22:20:00,86.24452905811623
2025-11-25 22:22:30,86.24120240480963
2025-11-25 22:25:00,86.23787575150301
2025-11-25 22:27:30,86.2345490981964
2025-11-25 22:30:00,86.23122244488978
2025-11-25 22:32:30,86.22789579158317
2025-11-25 22:35:00,86.22456913827655
2025-11-25 22:37:30,86.22124248496993
2025-11-25 22:40:00,86.21791583166333
2025-11-25 22:42:30,86.21458917835672
2025-11-25 22:45:00,86.2112625250501
2025-11-25 22:47:30,86.20793587174349
2025-11-25 22:50:00,86.20460921843687
2025-11-25 22:52:30,86.20128256513026
2025-11-25 22:55:00,86.19795591182364
2025-11-25 22:57:30,86.19462925851704
2025-11-25 23:00:00,86.19130260521042
2025-11-25 23:02:30,86.18797595190381
2025-11-25 23:05:00,86.1846492985972
2025-11-25 23:07:30,86.18132264529058
2025-11-25 23:10:00,86.17799599198396
2025-11-25 23:12:30,86.17466933867736
2025-11-25 23:15:00,86.17134268537075
2025-11-25 23:17:30,86.16801603206413
2025-11-25 23:20:00,86.16468937875752
2025-11-25 23:22:30,86.1613627254509
2025-11-25 23:25:00,86.15803607214428
2025-11-25 23:27:30,86.15470941883768
2025-11-25 23:30:00,86.15138276553107
2025-11-25 23:32:30,86.14805611222445
2025-11-25 23:35:00,86.14472945891784
2025-11-25 23:37:30,86.14140280561122
2025-11-25 23:40:00,86.1380761523046
2025-11-25 23:42:30,86.13474949899799
2025-11-25 23:45:00,86.13142284569139
2025-11-25 23:47:30,86.12809619238477
2025-11-25 23:50:00,86.12476953907816
2025-11-25 23:52:30,86.12144288577154
2025-11-25 23:55:00,86.11811623246493
2025-11-25 23:57:30,86.11478957915831
2025-11-26 00:00:00,86.1114629258517
2025-11-26 00:02:30,86.1081362725451
2025-11-26 00:05:00,86.10480961923848
2025-11-26 00:07:30,86.10148296593187
2025-11-26 00:10:00,86.09815631262525
2025-11-26 00:12:30,86.09482965931863
2025-11-26 00:15:00,86.09150300601202
2025-11-26 00:17:30,86.08817635270542
2025-11-26 00:20:00,86.0848496993988
2025-11-26 00:22:30,86.08152304609219
2025-11-26 00:25:00,86.07819639278557
2025-11-26 00:27:30,86.07486973947896
2025-11-26 00:30:00,86.07154308617234
2025-11-26 00:32:30,86.06821643286574
2025-11-26 00:35:00,86.06488977955912
2025-11-26 00:37:30,86.06156312625251
2025-11-26 00:40:00,86.0582364729459
2025-11-26 00:42:30,86.05490981963928
2025-11-26 00:45:00,86.05158316633266
2025-11-26 00:47:30,86.04825651302605
2025-11-26 00:50:00,86.04492985971945
2025-11-26 00:52:30,86.04160320641283
2025-11-26 00:55:00,86.03827655310621
2025-11-26 00:57:30,86.0349498997996
2025-11-26 01:00:00,86.03162324649298
2025-11-26 01:02:30,86.02829659318637
2025-11-26 01:05:00,86.02496993987975
2025-11-26 01:07:30,86.02164328657315
2025-11-26 01:10:00,86.01831663326654
2025-11-26 01:12:30,86.01498997995992
2025-11-26 01:15:00,86.0116633266533
2025-11-26 01:17:30,86.00833667334669
2025-11-26 01:20:00,86.00501002004007
2025-11-26 01:22:30,86.00168336673347
2025-11-26 01:25:00,85.99835671342686
2025-11-26 01:27:30,85.99503006012024
2025-11-26 01:30:00,85.99170340681363
2025-11-26 01:32:30,85.98837675350701
2025-11-26 01:35:00,85.9850501002004
2025-11-26 01:37:30,85.9817234468938
2025-11-26 01:40:00,85.97839679358718
2025-11-26 01:42:30,85.97507014028056
2025-11-26 01:45:00,85.97174348697395
2025-11-26 01:47:30,85.96841683366733
2025-11-26 01:50:00,85.96509018036072
2025-11-26 01:52:30,85.9617635270541
2025-11-26 01:55:00,85.9584368737475
2025-11-26 01:57:30,85.95511022044089
2025-11-26 02:00:00,85.95178356713427
2025-11-26 02:02:30,85.94845691382766
2025-11-26 02:05:00,85.94513026052104
2025-11-26 02:07:30,85.94180360721442
2025-11-26 02:10:00,85.93847695390781
2025-11-26 02:12:30,85.93515030060121
2025-11-26 02:15:00,85.93182364729459
2025-11-26 02:17:30,85.92849699398798
2025-11-26 02:20:00,85.92517034068136
2025-11-26 02:22:30,85.92184368737475
2025-11-26 02:25:00,85.91851703406813
2025-11-26 02:27:30,85.91519038076153
2025-11-26 02:30:00,85.91186372745491
2025-11-26 02:32:30,85.9085370741483
2025-11-26 02:35:00,85.90521042084168
2025-11-26 02:37:30,85.90188376753507
2025-11-26 02:40:00,85.89855711422845
2025-11-26 02:42:30,85.89523046092185
2025-11-26 02:45:00,85.89190380761524
2025-11-26 02:47:30,85.88857715430862
2025-11-26 02:50:00,85.885250501002
2025-11-26 02:52:30,85.88192384769539
2025-11-26 02:55:00,85.87859719438877
2025-11-26 02:57:30,85.87527054108216
2025-11-26 03:00:00,85.87194388777556
2025-11-26 03:02:30,85.86861723446894
2025-11-26 03:05:00,85.86529058116233
2025-11-26 03:07:30,85.86196392785571
2025-11-26 03:10:00,85.8586372745491
2025-11-26 03:12:30,85.85531062124248
2025-11-26 03:15:00,85.85198396793587
2025-11-26 03:17:30,85.84865731462926
2025-11-26 03:20:00,85.84533066132265
2025-11-26 03:22:30,85.84200400801603
2025-11-26 03:25:00,85.83867735470942
2025-11-26 03:27:30,85.8353507014028
2025-11-26 03:30:00,85.83202404809619
2025-11-26 03:32:30,85.82869739478959
2025-11-26 03:35:00,85.82537074148297
2025-11-26 03:37:30,85.82204408817636
2025-11-26 03:40:00,85.81871743486974
2025-11-26 03:42:30,85.81539078156312
2025-11-26 03:45:00,85.81206412825651
2025-11-26 03:47:30,85.80873747494991
2025-11-26 03:50:00,85.80541082164329
2025-11-26 03:52:30,85.80208416833668
2025-11-26 03:55:00,85.79875751503006
2025-11-26 03:57:30,85.79543086172345
2025-11-26 04:00:00,85.79210420841683
2025-11-26 04:02:30,85.78877755511022
2025-11-26 04:05:00,85.78545090180361
2025-11-26 04:07:30,85.782124248497
2025-11-26 04:10:00,85.77879759519038
2025-11-26 04:12:30,85.77547094188377
2025-11-26 04:15:00,85.77214428857715
2025-11-26 04:17:30,85.76881763527054
2025-11-26 04:20:00,85.76549098196392
2025-11-26 04:22:30,85.76216432865732
2025-11-26 04:25:00,85.7588376753507
2025-11-26 04:27:30,85.75551102204409
2025-11-26 04:30:00,85.75218436873747
2025-11-26 04:32:30,85.74885771543086
2025-11-26 04:35:00,85.74553106212424
2025-11-26 04:37:30,85.74220440881764
2025-11-26 04:40:00,85.73887775551103
2025-11-26 04:42:30,85.73555110220441
2025-11-26 04:45:00,85.7322244488978
2025-11-26 04:47:30,85.72889779559118
2025-11-26 04:50:00,85.72557114228456
2025-11-26 04:52:30,85.72224448897796
2025-11-26 04:55:00,85.71891783567135
2025-11-26 04:57:30,85.71559118236473
2025-11-26 05:00:00,85.71226452905812
2025-11-26 05:02:30,85.7089378757515
2025-11-26 05:05:00,85.70561122244489
2025-11-26 05:07:30,85.70228456913827
2025-11-26 05:10:00,85.69895791583167
2025-11-26 05:12:30,85.69563126252505
2025-11-26 05:15:00,85.69230460921844
2025-11-26 05:17:30,85.68897795591182
2025-11-26 05:20:00,85.68565130260521
2025-11-26 05:22:30,85.6823246492986
2025-11-26 05:25:00,85.67899799599198
2025-11-26 05:27:30,85.67567134268538
2025-11-26 05:30:00,85.67234468937876
2025-11-26 05:32:30,85.66901803607215
2025-11-26 05:35:00,85.66569138276553
2025-11-26 05:37:30,85.66236472945891
2025-11-26 05:40:00,85.6590380761523
2025-11-26 05:42:30,85.6557114228457
2025-11-26 05:45:00,85.65238476953908
2025-11-26 05:47:30,85.64905811623247
2025-11-26 05:50:00,85.64573146292585
2025-11-26 05:52:30,85.64240480961924
2025-11-26 05:55:00,85.63907815631262
2025-11-26 05:57:30,85.63575150300602
2025-11-26 06:00:00,85.6324248496994
2025-11-26 06:02:30,85.62909819639279
2025-11-26 06:05:00,85.62577154308617
2025-11-26 06:07:30,85.62244488977956
2025-11-26 06:10:00,85.61911823647294
2025-11-26 06:12:30,85.61579158316633
2025-11-26 06:15:00,85.61246492985973
2025-11-26 06:17:30,85.60913827655311
2025-11-26 06:20:00,85.6058116232465
2025-11-26 06:22:30,85.60248496993988
2025-11-26 06:25:00,85.59915831663326
2025-11-26 06:27:30,85.59583166332665
2025-11-26 06:30:00,85.59250501002003
2025-11-26 06:32:30,85.58917835671343
2025-11-26 06:35:00,85.58585170340682
2025-11-26 06:37:30,85.5825250501002
2025-11-26 06:40:00,85.57919839679359
2025-11-26 06:42:30,85.57587174348697
2025-11-26 06:45:00,85.57254509018036
2025-11-26 06:47:30,85.56921843687375
2025-11-26 06:50:00,85.56589178356714
2025-11-26 06:52:30,85.56256513026052
2025-11-26 06:55:00,85.55923847695391
2025-11-26 06:57:30,85.55591182364729
2025-11-26 07:00:00,85.55258517034068
2025-11-26 07:02:30,85.54925851703408
2025-11-26 07:05:00,85.54593186372746
2025-11-26 07:07:30,85.54260521042085
2025-11-26 07:10:00,85.53927855711423
2025-11-26 07:12:30,85.53595190380761
2025-11-26 07:15:00,85.532625250501
2025-11-26 07:17:30,85.52929859719438
2025-11-26 07:20:00,85.52597194388778
2025-11-26 07:22:30,85.52264529058117
2025-11-26 07:25:00,85.51931863727455
2025-11-26 07:27:30,85.51599198396794
2025-11-26 07:30:00,85.51266533066132
2025-11-26 07:32:30,85.5093386773547
2025-11-26 07:35:00,85.50601202404809
2025-11-26 07:37:30,85.50268537074149
2025-11-26 07:40:00,85.49935871743487
2025-11-26 07:42:30,85.49603206412826
2025-11-26 07:45:00,85.49270541082164
2025-11-26 07:47:30,85.48937875751503
2025-11-26 07:50:00,85.48605210420841
2025-11-26 07:52:30,85.48272545090181
2025-11-26 07:55:00,85.4793987975952
2025-11-26 07:57:30,85.47607214428858
2025-11-26 08:00:00,85.47274549098196
2025-11-26 08:02:30,85.46941883767535
2025-11-26 08:05:00,85.46609218436873
2025-11-26 08:07:30,85.46276553106213
2025-11-26 08:10:00,85.45943887775552
2025-11-26 08:12:30,85.4561122244489
2025-11-26 08:15:00,85.45278557114229
2025-11-26 08:17:30,85.44945891783567
2025-11-26 08:20:00,85.44613226452906
2025-11-26 08:22:30,85.44280561122244
2025-11-26 08:25:00,85.43947895791584
2025-11-26 08:27:30,85.43615230460922
2025-11-26 08:30:00,85.43282565130261
2025-11-26 08:32:30,85.42949899799599
2025-11-26 08:35:00,85.42617234468938
2025-11-26 08:37:30,85.42284569138276
2025-11-26 08:40:00,85.41951903807615
2025-11-26 08:42:30,85.41619238476954
2025-11-26 08:45:00,85.41286573146293
2025-11-26 08:47:30,85.40953907815631
2025-11-26 08:50:00,85.4062124248497
2025-11-26 08:52:30,85.40288577154308
2025-11-26 08:55:00,85.39955911823647
2025-11-26 08:57:30,85.39623246492987
2025-11-26 09:00:00,85.39290581162325
2025-11-26 09:02:30,85.38957915831664
2025-11-26 09:05:00,85.38625250501002
2025-11-26 09:07:30,85.3829258517034
2025-11-26 09:10:00,85.37959919839679
2025-11-26 09:12:30,85.37627254509019
2025-11-26 09:15:00,85.37294589178357
2025-11-26 09:17:30,85.36961923847696
2025-11-26 09:20:00,85.36629258517034
2025-11-26 09:22:30,85.36296593186373
2025-11-26 09:25:00,85.35963927855711
2025-11-26 09:27:30,85.3563126252505
2025-11-26 09:30:00,85.3529859719439
2025-11-26 09:32:30,85.34965931863728
2025-11-26 09:35:00,85.34633266533066
2025-11-26 09:37:30,85.34300601202405
2025-11-26 09:40:00,85.33967935871743
2025-11-26 09:42:30,85.33635270541082
2025-11-26 09:45:00,85.3330260521042
2025-11-26 09:47:30,85.3296993987976
2025-11-26 09:50:00,85.32637274549099
2025-11-26 09:52:30,85.32304609218437
2025-11-26 09:55:00,85.31971943887775
2025-11-26 09:57:30,85.31639278557114
2025-11-26 10:00:00,85.31306613226452
2025-11-26 10:02:30,85.30973947895792
2025-11-26 10:05:00,85.30641282565131
2025-11-26 10:07:30,85.30308617234469
2025-11-26 10:10:00,85.29975951903808
2025-11-26 10:12:30,85.29643286573146
2025-11-26 10:15:00,85.29310621242485
2025-11-26 10:17:30,85.28977955911824
2025-11-26 10:20:00,85.28645290581163
2025-11-26 10:22:30,85.28312625250501
2025-11-26 10:25:00,85.2797995991984
2025-11-26 10:27:30,85.27647294589178
2025-11-26 10:30:00,85.27314629258517
2025-11-26 10:32:30,85.26981963927855
2025-11-26 10:35:00,85.26649298597195
2025-11-26 10:37:30,85.26316633266534
2025-11-26 10:40:00,85.25983967935872
2025-11-26 10:42:30,85.2565130260521
2025-11-26 10:45:00,85.25318637274549
2025-11-26 10:47:30,85.24985971943887
2025-11-26 10:50:00,85.24653306613226
2025-11-26 10:52:30,85.24320641282566
2025-11-26 10:55:00,85.23987975951904
2025-11-26 10:57:30,85.23655310621243
2025-11-26 11:00:00,85.23322645290581
2025-11-26 11:02:30,85.2298997995992
2025-11-26 11:05:00,85.22657314629258
2025-11-26 11:07:30,85.22324649298598
2025-11-26 11:10:00,85.21991983967936
2025-11-26 11:12:30,85.21659318637275
2025-11-26 11:15:00,85.21326653306613
2025-11-26 11:17:30,85.20993987975952
2025-11-26 11:20:00,85.2066132264529
2025-11-26 11:22:30,85.2032865731463
2025-11-26 11:25:00,85.19995991983969
2025-11-26 11:27:30,85.19663326653307
2025-11-26 11:30:00,85.19330661322645
2025-11-26 11:32:30,85.18997995991984
2025-11-26 11:35:00,85.18665330661322
2025-11-26 11:37:30,85.18332665330661
2025-11-26 11:40:00,85.18
2025-11-26 11:42:30,85.17667334669339
2025-11-26 11:45:00,85.17334669338678
2025-11-26 11:47:30,85.17002004008016
2025-11-26 11:50:00,85.16669338677355
2025-11-26 11:52:30,85.16336673346693
2025-11-26 11:55:00,85.16004008016031
2025-11-26 11:57:30,85.15671342685371
2025-11-26 12:00:00,85.1533867735471
2025-11-26 12:02:30,85.15006012024048
2025-11-26 12:05:00,85.14673346693387
2025-11-26 12:07:30,85.14340681362725
2025-11-26 12:10:00,85.14008016032064
2025-11-26 12:12:30,85.13675350701403
2025-11-26 12:15:00,85.13342685370742
2025-11-26 12:17:30,85.1301002004008
2025-11-26 12:20:00,85.12677354709419
2025-11-26 12:22:30,85.12344689378757
2025-11-26 12:25:00,85.12012024048096
2025-11-26 12:27:30,85.11679358717436
2025-11-26 12:30:00,85.11346693386774
2025-11-26 12:32:30,85.11014028056113
2025-11-26 12:35:00,85.10681362725451
2025-11-26 12:37:30,85.1034869739479
2025-11-26 12:40:00,85.10016032064128
2025-11-26 12:42:30,85.09683366733466
2025-11-26 12:45:00,85.09350701402806
2025-11-26 12:47:30,85.09018036072145
2025-11-26 12:50:00,85.08685370741483
2025-11-26 12:52:30,85.08352705410822
2025-11-26 12:55:00,85.0802004008016
2025-11-26 12:57:30,85.07687374749499
2025-11-26 13:00:00,85.07354709418837
2025-11-26 13:02:30,85.07022044088177
2025-11-26 13:05:00,85.06689378757515
2025-11-26 13:07:30,85.06356713426854
2025-11-26 13:10:00,85.06024048096192
2025-11-26 13:12:30,85.05691382765531
2025-11-26 13:15:00,85.05358717434869
2025-11-26 13:17:30,85.05026052104209
2025-11-26 13:20:00,85.04693386773548
2025-11-26 13:22:30,85.04360721442886
2025-11-26 13:25:00,85.04028056112224
2025-11-26 13:27:30,85.03695390781563
2025-11-26 13:30:00,85.03362725450901
2025-11-26 13:32:30,85.03030060120241
2025-11-26 13:35:00,85.0269739478958
2025-11-26 13:37:30,85.02364729458918
2025-11-26 13:40:00,85.02032064128257
2025-11-26 13:42:30,85.01699398797595
2025-11-26 13:45:00,85.01366733466934
2025-11-26 13:47:30,85.01034068136272
2025-11-26 13:50:00,85.00701402805612
2025-11-26 13:52:30,85.0036873747495
2025-11-26 13:55:00,85.00036072144289
2025-11-26 13:57:30,84.99703406813627
2025-11-26 14:00:00,84.99370741482966
2025-11-26 14:02:30,84.99038076152304
2025-11-26 14:05:00,84.98705410821643
2025-11-26 14:07:30,84.98372745490983
2025-11-26 14:10:00,84.98040080160321
2025-11-26 14:12:30,84.9770741482966
2025-11-26 14:15:00,84.97374749498998
2025-11-26 14:17:30,84.97042084168336
2025-11-26 14:20:00,84.96709418837675
2025-11-26 14:22:30,84.96376753507015
2025-11-26 14:25:00,84.96044088176353
2025-11-26 14:27:30,84.95711422845692
2025-11-26 14:30:00,84.9537875751503
2025-11-26 14:32:30,84.95046092184369
2025-11-26 14:35:00,84.94713426853707
2025-11-26 14:37:30,84.94380761523047
2025-11-26 14:40:00,84.94048096192385
2025-11-26 14:42:30,84.93715430861724
2025-11-26 14:45:00,84.93382765531062
2025-11-26 14:47:30,84.93050100200401
2025-11-26 14:50:00,84.92717434869739
2025-11-26 14:52:30,84.92384769539078
2025-11-26 14:55:00,84.92052104208418
2025-11-26 14:57:30,84.91719438877756
2025-11-26 15:00:00,84.91386773547094
2025-11-26 15:02:30,84.91054108216433
2025-11-26 15:05:00,84.90721442885771
2025-11-26 15:07:30,84.9038877755511
2025-11-26 15:10:00,84.90056112224448
2025-11-26 15:12:30,84.89723446893788
2025-11-26 15:15:00,84.89390781563127
2025-11-26 15:17:30,84.89058116232465
2025-11-26 15:20:00,84.88725450901804
2025-11-26 15:22:30,84.88392785571142
2025-11-26 15:25:00,84.8806012024048
2025-11-26 15:27:30,84.8772745490982
2025-11-26 15:30:00,84.87394789579159
2025-11-26 15:32:30,84.87062124248497
2025-11-26 15:35:00,84.86729458917836
2025-11-26 15:37:30,84.86396793587174
2025-11-26 15:40:00,84.86064128256513
2025-11-26 15:42:30,84.85731462925852
2025-11-26 15:45:00,84.85398797595191
2025-11-26 15:47:30,84.8506613226453
2025-11-26 15:50:00,84.84733466933868
2025-11-26 15:52:30,84.84400801603206
2025-11-26 15:55:00,84.84068136272545
2025-11-26 15:57:30,84.83735470941883
2025-11-26 16:00:00,84.83402805611223
2025-11-26 16:02:30,84.83070140280562
2025-11-26 16:05:00,84.827374749499
2025-11-26 16:07:30,84.82404809619239
2025-11-26 16:10:00,84.82072144288577
2025-11-26 16:12:30,84.81739478957915
2025-11-26 16:15:00,84.81406813627254
2025-11-26 16:17:30,84.81074148296594
2025-11-26 16:20:00,84.80741482965932
2025-11-26 16:22:30,84.8040881763527
2025-11-26 16:25:00,84.80076152304609
2025-11-26 16:27:30,84.79743486973948
2025-11-26 16:30:00,84.79410821643286
2025-11-26 16:32:30,84.79078156312626
2025-11-26 16:35:00,84.78745490981964
2025-11-26 16:37:30,84.78412825651303
2025-11-26 16:40:00,84.78080160320641
2025-11-26 16:42:30,84.7774749498998
2025-11-26 16:45:00,84.77414829659318
2025-11-26 16:47:30,84.77082164328658
2025-11-26 16:50:00,84.76749498997997
2025-11-26 16:52:30,84.76416833667335
2025-11-26 16:55:00,84.76084168336673
2025-11-26 16:57:30,84.75751503006012
2025-11-26 17:00:00,84.7541883767535
2025-11-26 17:02:30,84.75086172344689
2025-11-26 17:05:00,84.74753507014029
2025-11-26 17:07:30,84.74420841683367
2025-11-26 17:10:00,84.74088176352706
2025-11-26 17:12:30,84.73755511022044
2025-11-26 17:15:00,84.73422845691383
2025-11-26 17:17:30,84.73090180360721
2025-11-26 17:20:00,84.7275751503006
2025-11-26 17:22:30,84.724248496994
2025-11-26 17:25:00,84.72092184368738
2025-11-26 17:27:30,84.71759519038076
2025-11-26 17:30:00,84.71426853707415
2025-11-26 17:32:30,84.71094188376753
2025-11-26 17:35:00,84.70761523046092
2025-11-26 17:37:30,84.70428857715432
2025-11-26 17:40:00,84.7009619238477
2025-11-26 17:42:30,84.69763527054108
2025-11-26 17:45:00,84.69430861723447
2025-11-26 17:47:30,84.69098196392785
2025-11-26 17:50:00,84.68765531062124
2025-11-26 17:52:30,84.68432865731464
2025-11-26 17:55:00,84.68100200400802
2025-11-26 17:57:30,84.6776753507014
2025-11-26 18:00:00,84.67434869739479
2025-11-26 18:02:30,84.67102204408818
2025-11-26 18:05:00,84.66769539078156
2025-11-26 18:07:30,84.66436873747494
2025-11-26 18:10:00,84.66104208416834
2025-11-26 18:12:30,84.65771543086173
2025-11-26 18:15:00,84.65438877755511
2025-11-26 18:17:30,84.6510621242485
2025-11-26 18:20:00,84.64773547094188
2025-11-26 18:22:30,84.64440881763527
2025-11-26 18:25:00,84.64108216432867
2025-11-26 18:27:30,84.63775551102205
2025-11-26 18:30:00,84.63442885771543
2025-11-26 18:32:30,84.63110220440882
2025-11-26 18:35:00,84.6277755511022
2025-11-26 18:37:30,84.62444889779559
2025-11-26 18:40:00,84.62112224448897
2025-11-26 18:42:30,84.61779559118237
2025-11-26 18:45:00,84.61446893787576
2025-11-26 18:47:30,84.61114228456914
2025-11-26 18:50:00,84.60781563126253
2025-11-26 18:52:30,84.60448897795591
2025-11-26 18:55:00,84.6011623246493
2025-11-26 18:57:30,84.5978356713427
2025-11-26 19:00:00,84.59450901803608
2025-11-26 19:02:30,84.59118236472946
2025-11-26 19:05:00,84.58785571142285
2025-11-26 19:07:30,84.58452905811623
2025-11-26 19:10:00,84.58120240480962
2025-11-26 19:12:30,84.577875751503
2025-11-26 19:15:00,84.5745490981964
2025-11-26 19:17:30,84.57122244488978
2025-11-26 19:20:00,84.56789579158317
2025-11-26 19:22:30,84.56456913827655
2025-11-26 19:25:00,84.56124248496994
2025-11-26 19:27:30,84.55791583166332
2025-11-26 19:30:00,84.55458917835672
2025-11-26 19:32:30,84.5512625250501
2025-11-26 19:35:00,84.54793587174349
2025-11-26 19:37:30,84.54460921843688
2025-11-26 19:40:00,84.54128256513026
2025-11-26 19:42:30,84.53795591182364
2025-11-26 19:45:00,84.53462925851703
2025-11-26 19:47:30,84.53130260521043
2025-11-26 19:50:00,84.52797595190381
2025-11-26 19:52:30,84.5246492985972
2025-11-26 19:55:00,84.52132264529058
2025-11-26 19:57:30,84.51799599198397
2025-11-26 20:00:00,84.51466933867735
2025-11-26 20:02:30,84.51134268537075
2025-11-26 20:05:00,84.50801603206413
2025-11-26 20:07:30,84.50468937875752
2025-11-26 20:10:00,84.5013627254509
2025-11-26 20:12:30,84.49803607214429
2025-11-26 20:15:00,84.49470941883767
2025-11-26 20:17:30,84.49138276553106
2025-11-26 20:20:00,84.48805611222446
2025-11-26 20:22:30,84.48472945891784
2025-11-26 20:25:00,84.48140280561122
2025-11-26 20:27:30,84.47807615230461
2025-11-26 20:30:00,84.474749498998
2025-11-26 20:32:30,84.47142284569138
2025-11-26 20:35:00,84.46809619238476
2025-11-26 20:37:30,84.46476953907816
2025-11-26 20:40:00,84.46144288577155
2025-11-26 20:42:30,84.45811623246493
2025-11-26 20:45:00,84.45478957915832
2025-11-26 20:47:30,84.4514629258517
2025-11-26 20:50:00,84.44813627254509
2025-11-26 20:52:30,84.44480961923848
2025-11-26 20:55:00,84.44148296593187
2025-11-26 20:57:30,84.43815631262525
2025-11-26 21:00:00,84.43482965931864
2025-11-26 21:02:30,84.43150300601202
2025-11-26 21:05:00,84.4281763527054
2025-11-26 21:07:30,84.4248496993988
2025-11-26 21:10:00,84.42152304609219
2025-11-26 21:12:30,84.41819639278557
2025-11-26 21:15:00,84.41486973947896
2025-11-26 21:17:30,84.41154308617234
2025-11-26 21:20:00,84.40821643286573
2025-11-26 21:22:30,84.40488977955911
2025-11-26 21:25:00,84.40156312625251
2025-11-26 21:27:30,84.3982364729459
2025-11-26 21:30:00,84.39490981963928
2025-11-26 21:32:30,84.39158316633267
2025-11-26 21:35:00,84.38825651302605
2025-11-26 21:37:30,84.38492985971943
2025-11-26 21:40:00,84.38160320641282
2025-11-26 21:42:30,84.37827655310622
2025-11-26 21:45:00,84.3749498997996
2025-11-26 21:47:30,84.37162324649299
2025-11-26 21:50:00,84.36829659318637
2025-11-26 21:52:30,84.36496993987976
2025-11-26 21:55:00,84.36164328657314
2025-11-26 21:57:30,84.35831663326654
2025-11-26 22:00:00,84.35498997995992
2025-11-26 22:02:30,84.35166332665331
2025-11-26 22:05:00,84.3483366733467
2025-11-26 22:07:30,84.34501002004008
2025-11-26 22:10:00,84.34168336673346
2025-11-26 22:12:30,84.33835671342686
2025-11-26 22:15:00,84.33503006012025
2025-11-26 22:17:30,84.33170340681363
2025-11-26 22:20:00,84.32837675350702
2025-11-26 22:22:30,84.3250501002004
2025-11-26 22:25:00,84.32172344689378
2025-11-26 22:27:30,84.31839679358717
2025-11-26 22:30:00,84.31507014028057
2025-11-26 22:32:30,84.31174348697395
2025-11-26 22:35:00,84.30841683366734
2025-11-26 22:37:30,84.30509018036072
2025-11-26 22:40:00,84.3017635270541
2025-11-26 22:42:30,84.29843687374749
2025-11-26 22:45:00,84.29511022044088
2025-11-26 22:47:30,84.29178356713427
2025-11-26 22:50:00,84.28845691382766
2025-11-26 22:52:30,84.28513026052104
2025-11-26 22:55:00,84.28180360721443
2025-11-26 22:57:30,84.27847695390781
2025-11-26 23:00:00,84.2751503006012
2025-11-26 23:02:30,84.2718236472946
2025-11-26 23:05:00,84.26849699398798
2025-11-26 23:07:30,84.26517034068137
2025-11-26 23:10:00,84.26184368737475
2025-11-26 23:12:30,84.25851703406813
2025-11-26 23:15:00,84.25519038076152
2025-11-26 23:17:30,84.25186372745492
2025-11-26 23:20:00,84.2485370741483
2025-11-26 23:22:30,84.24521042084169
2025-11-26 23:25:00,84.24188376753507
2025-11-26 23:27:30,84.23855711422846
2025-11-26 23:30:00,84.23523046092184
2025-11-26 23:32:30,84.23190380761523
2025-11-26 23:35:00,84.22857715430862
2025-11-26 23:37:30,84.22525050100201
2025-11-26 23:40:00,84.2219238476954
2025-11-26 23:42:30,84.21859719438878
2025-11-26 23:45:00,84.21527054108216
2025-11-26 23:47:30,84.21194388777555
2025-11-26 23:50:00,84.20861723446893
2025-11-26 23:52:30,84.20529058116233
2025-11-26 23:55:00,84.20196392785572
2025-11-26 23:57:30,84.1986372745491
2025-11-27 00:00:00,84.19531062124248
2025-11-27 00:02:30,84.19198396793587
2025-11-27 00:05:00,84.18865731462925
2025-11-27 00:07:30,84.18533066132265
2025-11-27 00:10:00,84.18200400801604
2025-11-27 00:12:30,84.17867735470942
2025-11-27 00:15:00,84.1753507014028
2025-11-27 00:17:30,84.17202404809619
2025-11-27 00:20:00,84.16869739478958
2025-11-27 00:22:30,84.16537074148297
2025-11-27 00:25:00,84.16204408817636
2025-11-27 00:27:30,84.15871743486974
2025-11-27 00:30:00,84.15539078156313
2025-11-27 00:32:30,84.15206412825651
2025-11-27 00:35:00,84.1487374749499
2025-11-27 00:37:30,84.14541082164328
2025-11-27 00:40:00,84.14208416833668
2025-11-27 00:42:30,84.13875751503006
2025-11-27 00:45:00,84.13543086172345
2025-11-27 00:47:30,84.13210420841683
2025-11-27 00:50:00,84.12877755511022
2025-11-27 00:52:30,84.1254509018036
2025-11-27 00:55:00,84.12212424849699
2025-11-27 00:57:30,84.11879759519039
2025-11-27 01:00:00,84.11547094188377
2025-11-27 01:02:30,84.11214428857716
2025-11-27 01:05:00,84.10881763527054
2025-11-27 01:07:30,84.10549098196392
2025-11-27 01:10:00,84.10216432865731
2025-11-27 01:12:30,84.09883767535071
2025-11-27 01:15:00,84.0955110220441
2025-11-27 01:17:30,84.09218436873748
2025-11-27 01:20:00,84.08885771543086
2025-11-27 01:22:30,84.08553106212425
2025-11-27 01:25:00,84.08220440881763
2025-11-27 01:27:30,84.07887775551103
2025-11-27 01:30:00,84.07555110220441
2025-11-27 01:32:30,84.0722244488978
2025-11-27 01:35:00,84.06889779559118
2025-11-27 01:37:30,84.06557114228457
2025-11-27 01:40:00,84.06224448897795
2025-11-27 01:42:30,84.05891783567134
2025-11-27 01:45:00,84.05559118236474
2025-11-27 01:47:30,84.05226452905812
2025-11-27 01:50:00,84.0489378757515
2025-11-27 01:52:30,84.04561122244489
2025-11-27 01:55:00,84.04228456913827
2025-11-27 01:57:30,84.03895791583166
2025-11-27 02:00:00,84.03563126252504
2025-11-27 02:02:30,84.03230460921844
2025-11-27 02:05:00,84.02897795591183
2025-11-27 02:07:30,84.02565130260521
2025-11-27 02:10:00,84.0223246492986
2025-11-27 02:12:30,84.01899799599198
2025-11-27 02:15:00,84.01567134268537
2025-11-27 02:17:30,84.01234468937876
2025-11-27 02:20:00,84.00901803607215
2025-11-27 02:22:30,84.00569138276553
2025-11-27 02:25:00,84.00236472945892
2025-11-27 02:27:30,83.9990380761523
2025-11-27 02:30:00,83.99571142284569
2025-11-27 02:32:30,83.99238476953909
2025-11-27 02:35:00,83.98905811623247
2025-11-27 02:37:30,83.98573146292586
2025-11-27 02:40:00,83.98240480961924
2025-11-27 02:42:30,83.97907815631262
2025-11-27 02:45:00,83.97575150300601
2025-11-27 02:47:30,83.9724248496994
2025-11-27 02:50:00,83.96909819639279
2025-11-27 02:52:30,83.96577154308618
2025-11-27 02:55:00,83.96244488977956
2025-11-27 02:57:30,83.95911823647295
2025-11-27 03:00:00,83.95579158316633
2025-11-27 03:02:30,83.95246492985972
2025-11-27 03:05:00,83.9491382765531
2025-11-27 03:07:30,83.9458116232465
2025-11-27 03:10:00,83.94248496993988
2025-11-27 03:12:30,83.93915831663327
2025-11-27 03:15:00,83.93583166332665
2025-11-27 03:17:30,83.93250501002004
2025-11-27 03:20:00,83.92917835671342
2025-11-27 03:22:30,83.92585170340682
2025-11-27 03:25:00,83.9225250501002
2025-11-27 03:27:30,83.91919839679359
2025-11-27 03:30:00,83.91587174348697
2025-11-27 03:32:30,83.91254509018036
2025-11-27 03:35:00,83.90921843687374
2025-11-27 03:37:30,83.90589178356714
2025-11-27 03:40:00,83.90256513026053
2025-11-27 03:42:30,83.89923847695391
2025-11-27 03:45:00,83.8959118236473
2025-11-27 03:47:30,83.89258517034068
2025-11-27 03:50:00,83.88925851703407
2025-11-27 03:52:30,83.88593186372745
2025-11-27 03:55:00,83.88260521042085
2025-11-27 03:57:30,83.87927855711423
2025-11-27 04:00:00,83.87595190380762
2025-11-27 04:02:30,83.872625250501
2025-11-27 04:05:00,83.86929859719439
2025-11-27 04:07:30,83.86597194388777
2025-11-27 04:10:00,83.86264529058116
2025-11-27 04:12:30,83.85931863727455
2025-11-27 04:15:00,83.85599198396794
2025-11-27 04:17:30,83.85266533066132
2025-11-27 04:20:00,83.84933867735471
2025-11-27 04:22:30,83.8460120240481
2025-11-27 04:25:00,83.84268537074148
2025-11-27 04:27:30,83.83935871743488
2025-11-27 04:30:00,83.83603206412826
2025-11-27 04:32:30,83.83270541082165
2025-11-27 04:35:00,83.82937875751503
2025-11-27 04:37:30,83.82605210420842
2025-11-27 04:40:00,83.8227254509018
2025-11-27 04:42:30,83.8193987975952
2025-11-27 04:45:00,83.81607214428858
2025-11-27 04:47:30,83.81274549098197
2025-11-27 04:50:00,83.80941883767535
2025-11-27 04:52:30,83.80609218436874
2025-11-27 04:55:00,83.80276553106212
2025-11-27 04:57:30,83.7994388777555
2025-11-27 05:00:00,83.7961122244489
2025-11-27 05:02:30,83.79278557114229
2025-11-27 05:05:00,83.78945891783567
2025-11-27 05:07:30,83.78613226452906
2025-11-27 05:10:00,83.78280561122244
2025-11-27 05:12:30,83.77947895791583
2025-11-27 05:15:00,83.77615230460921
2025-11-27 05:17:30,83.77282565130261
2025-11-27 05:20:00,83.769498997996
2025-11-27 05:22:30,83.76617234468938
2025-11-27 05:25:00,83.76284569138276
2025-11-27 05:27:30,83.75951903807615
2025-11-27 05:30:00,83.75619238476953
2025-11-27 05:32:30,83.75286573146293
2025-11-27 05:35:00,83.74953907815632
2025-11-27 05:37:30,83.7462124248497
2025-11-27 05:40:00,83.74288577154309
2025-11-27 05:42:30,83.73955911823647
2025-11-27 05:45:00,83.73623246492986
2025-11-27 05:47:30,83.73290581162325
2025-11-27 05:50:00,83.72957915831664
2025-11-27 05:52:30,83.72625250501002
2025-11-27 05:55:00,83.72292585170341
2025-11-27 05:57:30,83.71959919839679
2025-11-27 06:00:00,83.71627254509018
2025-11-27 06:02:30,83.71294589178356
2025-11-27 06:05:00,83.70961923847696
2025-11-27 06:07:30,83.70629258517035
2025-11-27 06:10:00,83.70296593186373
2025-11-27 06:12:30,83.69963927855711
2025-11-27 06:15:00,83.6963126252505
2025-11-27 06:17:30,83.69298597194388
2025-11-27 06:20:00,83.68965931863727
2025-11-27 06:22:30,83.68633266533067
2025-11-27 06:25:00,83.68300601202405
2025-11-27 06:27:30,83.67967935871744
2025-11-27 06:30:00,83.67635270541082
2025-11-27 06:32:30,83.6730260521042
2025-11-27 06:35:00,83.66969939879759
2025-11-27 06:37:30,83.66637274549099
2025-11-27 06:40:00,83.66304609218437
2025-11-27 06:42:30,83.65971943887776
2025-11-27 06:45:00,83.65639278557114
2025-11-27 06:47:30,83.65306613226453
2025-11-27 06:50:00,83.64973947895791
2025-11-27 06:52:30,83.64641282565131
2025-11-27 06:55:00,83.6430861723447
2025-11-27 06:57:30,83.63975951903808
2025-11-27 07:00:00,83.63643286573146
2025-11-27 07:02:30,83.63310621242485
2025-11-27 07:05:00,83.62977955911823
2025-11-27 07:07:30,83.62645290581162
2025-11-27 07:10:00,83.62312625250502
2025-11-27 07:12:30,83.6197995991984
2025-11-27 07:15:00,83.61647294589179
2025-11-27 07:17:30,83.61314629258517
2025-11-27 07:20:00,83.60981963927856
2025-11-27 07:22:30,83.60649298597194
2025-11-27 07:25:00,83.60316633266532
2025-11-27 07:27:30,83.59983967935872
2025-11-27 07:30:00,83.59651302605211
2025-11-27 07:32:30,83.59318637274549
2025-11-27 07:35:00,83.58985971943888
2025-11-27 07:37:30,83.58653306613226
2025-11-27 07:40:00,83.58320641282565
2025-11-27 07:42:30,83.57987975951905
2025-11-27 07:45:00,83.57655310621243
2025-11-27 07:47:30,83.57322645290581
2025-11-27 07:50:00,83.5698997995992
2025-11-27 07:52:30,83.56657314629258
2025-11-27 07:55:00,83.56324649298597
2025-11-27 07:57:30,83.55991983967937
2025-11-27 08:00:00,83.55659318637275
2025-11-27 08:02:30,83.55326653306614
2025-11-27 08:05:00,83.54993987975952
2025-11-27 08:07:30,83.5466132264529
2025-11-27 08:10:00,83.54328657314629
2025-11-27 08:12:30,83.53995991983967
2025-11-27 08:15:00,83.53663326653307
2025-11-27 08:17:30,83.53330661322646
2025-11-27 08:20:00,83.52997995991984
2025-11-27 08:22:30,83.52665330661323
2025-11-27 08:25:00,83.52332665330661
2025-11-27 08:27:30,83.52
2025-11-27 08:30:00,83.5166733466934
2025-11-27 08:32:30,83.51334669338678
2025-11-27 08:35:00,83.51002004008016
2025-11-27 08:37:30,83.50669338677355
2025-11-27 08:40:00,83.50336673346693
2025-11-27 08:42:30,83.50004008016032
2025-11-27 08:45:00,83.4967134268537
2025-11-27 08:47:30,83.4933867735471
2025-11-27 08:50:00,83.49006012024049
2025-11-27 08:52:30,83.48673346693387
2025-11-27 08:55:00,83.48340681362725
2025-11-27 08:57:30,83.48008016032064
2025-11-27 09:00:00,83.47675350701402
2025-11-27 09:02:30,83.47342685370742
2025-11-27 09:05:00,83.47010020040081
2025-11-27 09:07:30,83.46677354709419
2025-11-27 09:10:00,83.46344689378758
2025-11-27 09:12:30,83.46012024048096
2025-11-27 09:15:00,83.45679358717435
2025-11-27 09:17:30,83.45346693386773
2025-11-27 09:20:00,83.45014028056113
2025-11-27 09:22:30,83.44681362725451
2025-11-27 09:25:00,83.4434869739479
2025-11-27 09:27:30,83.44016032064128
2025-11-27 09:30:00,83.43683366733467
2025-11-27 09:32:30,83.43350701402805
2025-11-27 09:35:00,83.43018036072145
2025-11-27 09:37:30,83.42685370741484
2025-11-27 09:40:00,83.42352705410822
2025-11-27 09:42:30,83.4202004008016
2025-11-27 09:45:00,83.41687374749499
2025-11-27 09:47:30,83.41354709418837
2025-11-27 09:50:00,83.41022044088176
2025-11-27 09:52:30,83.40689378757516
2025-11-27 09:55:00,83.40356713426854
2025-11-27 09:57:30,83.40024048096193
2025-11-27 10:00:00,83.39691382765531
2025-11-27 10:02:30,83.3935871743487
2025-11-27 10:05:00,83.39026052104208
2025-11-27 10:07:30,83.38693386773548
2025-11-27 10:10:00,83.38360721442886
2025-11-27 10:12:30,83.38028056112225
2025-11-27 10:15:00,83.37695390781563
2025-11-27 10:17:30,83.37362725450902
2025-11-27 10:20:00,83.3703006012024
2025-11-27 10:22:30,83.36697394789579
2025-11-27 10:25:00,83.36364729458919
2025-11-27 10:27:30,83.36032064128257
2025-11-27 10:30:00,83.35699398797595
2025-11-27 10:32:30,83.35366733466934
2025-11-27 10:35:00,83.35034068136272
2025-11-27 10:37:30,83.34701402805611
2025-11-27 10:40:00,83.3436873747495
2025-11-27 10:42:30,83.34036072144289
2025-11-27 10:45:00,83.33703406813628
2025-11-27 10:47:30,83.33370741482966
2025-11-27 10:50:00,83.33038076152305
2025-11-27 10:52:30,83.32705410821643
2025-11-27 10:55:00,83.32372745490981
2025-11-27 10:57:30,83.32040080160321
2025-11-27 11:00:00,83.3170741482966
2025-11-27 11:02:30,83.31374749498998
2025-11-27 11:05:00,83.31042084168337
2025-11-27 11:07:30,83.30709418837675
2025-11-27 11:10:00,83.30376753507014
2025-11-27 11:12:30,83.30044088176354
2025-11-27 11:15:00,83.29711422845692
2025-11-27 11:17:30,83.2937875751503
2025-11-27 11:20:00,83.29046092184369
2025-11-27 11:22:30,83.28713426853707
2025-11-27 11:25:00,83.28380761523046
2025-11-27 11:27:30,83.28048096192384
2025-11-27 11:30:00,83.27715430861724
2025-11-27 11:32:30,83.27382765531063
2025-11-27 11:35:00,83.27050100200401
2025-11-27 11:37:30,83.2671743486974
2025-11-27 11:40:00,83.26384769539078
2025-11-27 11:42:30,83.26052104208416
2025-11-27 11:45:00,83.25719438877756
2025-11-27 11:47:30,83.25386773547095
2025-11-27 11:50:00,83.25054108216433
2025-11-27 11:52:30,83.24721442885772
2025-11-27 11:55:00,83.2438877755511
2025-11-27 11:57:30,83.24056112224449
2025-11-27 12:00:00,83.23723446893787
2025-11-27 12:02:30,83.23390781563127
2025-11-27 12:05:00,83.23058116232465
2025-11-27 12:07:30,83.22725450901804
2025-11-27 12:10:00,83.22392785571142
2025-11-27 12:12:30,83.22060120240481
2025-11-27 12:15:00,83.21727454909819
2025-11-27 12:17:30,83.21394789579159
2025-11-27 12:20:00,83.21062124248498
2025-11-27 12:22:30,83.20729458917836
2025-11-27 12:25:00,83.20396793587174
2025-11-27 12:27:30,83.20064128256513
2025-11-27 12:30:00,83.19731462925851
2025-11-27 12:32:30,83.1939879759519
2025-11-27 12:35:00,83.1906613226453
2025-11-27 12:37:30,83.18733466933868
2025-11-27 12:40:00,83.18400801603207
2025-11-27 12:42:30,83.18068136272545
2025-11-27 12:45:00,83.17735470941884
2025-11-27 12:47:30,83.17402805611222
2025-11-27 12:50:00,83.17070140280562
2025-11-27 12:52:30,83.167374749499
2025-11-27 12:55:00,83.16404809619239
2025-11-27 12:57:30,83.16072144288577
2025-11-27 13:00:00,83.15739478957916
2025-11-27 13:02:30,83.15406813627254
2025-11-27 13:05:00,83.15074148296593
2025-11-27 13:07:30,83.14741482965933
2025-11-27 13:10:00,83.14408817635271
2025-11-27 13:12:30,83.1407615230461
2025-11-27 13:15:00,83.13743486973948
2025-11-27 13:17:30,83.13410821643286
2025-11-27 13:20:00,83.13078156312625
2025-11-27 13:22:30,83.12745490981965
2025-11-27 13:25:00,83.12412825651303
2025-11-27 13:27:30,83.12080160320642
2025-11-27 13:30:00,83.1174749498998
2025-11-27 13:32:30,83.11414829659319
2025-11-27 13:35:00,83.11082164328657
2025-11-27 13:37:30,83.10749498997995
2025-11-27 13:40:00,83.10416833667335
2025-11-27 13:42:30,83.10084168336674
2025-11-27 13:45:00,83.09751503006012
2025-11-27 13:47:30,83.09418837675351
2025-11-27 13:50:00,83.09086172344689
2025-11-27 13:52:30,83.08753507014028
2025-11-27 13:55:00,83.08420841683368
2025-11-27 13:57:30,83.08088176352706
2025-11-27 14:00:00,83.07755511022044
2025-11-27 14:02:30,83.07422845691383
2025-11-27 14:05:00,83.07090180360721
2025-11-27 14:07:30,83.0675751503006
2025-11-27 14:10:00,83.06424849699398
2025-11-27 14:12:30,83.06092184368738
2025-11-27 14:15:00,83.05759519038077
2025-11-27 14:17:30,83.05426853707415
2025-11-27 14:20:00,83.05094188376754
2025-11-27 14:22:30,83.04761523046092
2025-11-27 14:25:00,83.0442885771543
2025-11-27 14:27:30,83.0409619238477
2025-11-27 14:30:00,83.03763527054109
2025-11-27 14:32:30,83.03430861723447
2025-11-27 14:35:00,83.03098196392786
2025-11-27 14:37:30,83.02765531062124
2025-11-27 14:40:00,83.02432865731463
2025-11-27 14:42:30,83.02100200400801
2025-11-27 14:45:00,83.01767535070141
2025-11-27 14:47:30,83.0143486973948
2025-11-27 14:50:00,83.01102204408818
2025-11-27 14:52:30,83.00769539078156
2025-11-27 14:55:00,83.00436873747495
2025-11-27 14:57:30,83.00104208416833
2025-11-27 15:00:00,82.99771543086173
2025-11-27 15:02:30,82.99438877755512
2025-11-27 15:05:00,82.9910621242485
2025-11-27 15:07:30,82.98773547094189
2025-11-27 15:10:00,82.98440881763527
2025-11-27 15:12:30,82.98108216432865
2025-11-27 15:15:00,82.97775551102204
2025-11-27 15:17:30,82.97442885771544
2025-11-27 15:20:00,82.97110220440882
2025-11-27 15:22:30,82.9677755511022
2025-11-27 15:25:00,82.96444889779559
2025-11-27 15:27:30,82.96112224448898
2025-11-27 15:30:00,82.95779559118236
2025-11-27 15:32:30,82.95446893787576
2025-11-27 15:35:00,82.95114228456914
2025-11-27 15:37:30,82.94781563126253
2025-11-27 15:40:00,82.94448897795591
2025-11-27 15:42:30,82.9411623246493
2025-11-27 15:45:00,82.93783567134268
2025-11-27 15:47:30,82.93450901803607
2025-11-27 15:50:00,82.93118236472947
2025-11-27 15:52:30,82.92785571142285
2025-11-27 15:55:00,82.92452905811624
2025-11-27 15:57:30,82.92120240480962
2025-11-27 16:00:00,82.917875751503
2025-11-27 16:02:30,82.91454909819639
2025-11-27 16:05:00,82.91122244488979
2025-11-27 16:07:30,82.90789579158317
2025-11-27 16:10:00,82.90456913827656
2025-11-27 16:12:30,82.90124248496994
2025-11-27 16:15:00,82.89791583166333
2025-11-27 16:17:30,82.89458917835671
2025-11-27 16:20:00,82.8912625250501
2025-11-27 16:22:30,82.8879358717435
2025-11-27 16:25:00,82.88460921843688
2025-11-27 16:27:30,82.88128256513026
2025-11-27 16:30:00,82.87795591182365
2025-11-27 16:32:30,82.87462925851703
2025-11-27 16:35:00,82.87130260521042
2025-11-27 16:37:30,82.86797595190382
2025-11-27 16:40:00,82.8646492985972
2025-11-27 16:42:30,82.86132264529058
2025-11-27 16:45:00,82.85799599198397
2025-11-27 16:47:30,82.85466933867735
2025-11-27 16:50:00,82.85134268537074
2025-11-27 16:52:30,82.84801603206412
2025-11-27 16:55:00,82.84468937875752
2025-11-27 16:57:30,82.8413627254509
2025-11-27 17:00:00,82.83803607214429
2025-11-27 17:02:30,82.83470941883768
2025-11-27 17:05:00,82.83138276553106
2025-11-27 17:07:30,82.82805611222444
2025-11-27 17:10:00,82.82472945891784
2025-11-27 17:12:30,82.82140280561123
2025-11-27 17:15:00,82.81807615230461
2025-11-27 17:17:30,82.814749498998
2025-11-27 17:20:00,82.81142284569138
2025-11-27 17:22:30,82.80809619238477
2025-11-27 17:25:00,82.80476953907815
2025-11-27 17:27:30,82.80144288577155
2025-11-27 17:30:00,82.79811623246493
2025-11-27 17:32:30,82.79478957915832
2025-11-27 17:35:00,82.7914629258517
2025-11-27 17:37:30,82.78813627254509
2025-11-27 17:40:00,82.78480961923847
2025-11-27 17:42:30,82.78148296593187
2025-11-27 17:45:00,82.77815631262526
2025-11-27 17:47:30,82.77482965931864
2025-11-27 17:50:00,82.77150300601203
2025-11-27 17:52:30,82.76817635270541
2025-11-27 17:55:00,82.7648496993988
2025-11-27 17:57:30,82.76152304609218
2025-11-27 18:00:00,82.75819639278558
2025-11-27 18:02:30,82.75486973947896
2025-11-27 18:05:00,82.75154308617235
2025-11-27 18:07:30,82.74821643286573
2025-11-27 18:10:00,82.74488977955912
2025-11-27 18:12:30,82.7415631262525
2025-11-27 18:15:00,82.7382364729459
2025-11-27 18:17:30,82.73490981963928
2025-11-27 18:20:00,82.73158316633267
2025-11-27 18:22:30,82.72825651302605
2025-11-27 18:25:00,82.72492985971944
2025-11-27 18:27:30,82.72160320641282
2025-11-27 18:30:00,82.71827655310621
2025-11-27 18:32:30,82.7149498997996
2025-11-27 18:35:00,82.71162324649299
2025-11-27 18:37:30,82.70829659318638
2025-11-27 18:40:00,82.70496993987976
2025-11-27 18:42:30,82.70164328657314
2025-11-27 18:45:00,82.69831663326653
2025-11-27 18:47:30,82.69498997995993
2025-11-27 18:50:00,82.69166332665331
2025-11-27 18:52:30,82.6883366733467
2025-11-27 18:55:00,82.68501002004008
2025-11-27 18:57:30,82.68168336673347
2025-11-27 19:00:00,82.67835671342685
2025-11-27 19:02:30,82.67503006012024
2025-11-27 19:05:00,82.67170340681363
2025-11-27 19:07:30,82.66837675350702
2025-11-27 19:10:00,82.6650501002004
2025-11-27 19:12:30,82.66172344689379
2025-11-27 19:15:00,82.65839679358717
2025-11-27 19:17:30,82.65507014028056
2025-11-27 19:20:00,82.65174348697396
2025-11-27 19:22:30,82.64841683366734
2025-11-27 19:25:00,82.64509018036073
2025-11-27 19:27:30,82.64176352705411
2025-11-27 19:30:00,82.6384368737475
2025-11-27 19:32:30,82.63511022044088
2025-11-27 19:35:00,82.63178356713426
2025-11-27 19:37:30,82.62845691382766
2025-11-27 19:40:00,82.62513026052105
2025-11-27 19:42:30,82.62180360721443
2025-11-27 19:45:00,82.61847695390782
2025-11-27 19:47:30,82.6151503006012
2025-11-27 19:50:00,82.61182364729459
2025-11-27 19:52:30,82.60849699398798
2025-11-27 19:55:00,82.60517034068137
2025-11-27 19:57:30,82.60184368737475
2025-11-27 20:00:00,82.59851703406814
2025-11-27 20:02:30,82.59519038076152
2025-11-27 20:05:00,82.5918637274549
2025-11-27 20:07:30,82.58853707414829
2025-11-27 20:10:00,82.58521042084169
2025-11-27 20:12:30,82.58188376753507
2025-11-27 20:15:00,82.57855711422846
2025-11-27 20:17:30,82.57523046092184
2025-11-27 20:20:00,82.57190380761523
2025-11-27 20:22:30,82.56857715430861
2025-11-27 20:25:00,82.56525050100201
2025-11-27 20:27:30,82.5619238476954
2025-11-27 20:30:00,82.55859719438878
2025-11-27 20:32:30,82.55527054108217
2025-11-27 20:35:00,82.55194388777555
2025-11-27 20:37:30,82.54861723446894
2025-11-27 20:40:00,82.54529058116232
2025-11-27 20:42:30,82.54196392785572
2025-11-27 20:45:00,82.5386372745491
2025-11-27 20:47:30,82.53531062124249
2025-11-27 20:50:00,82.53198396793587
2025-11-27 20:52:30,82.52865731462926
2025-11-27 20:55:00,82.52533066132264
2025-11-27 20:57:30,82.52200400801604
2025-11-27 21:00:00,82.51867735470942
2025-11-27 21:02:30,82.51535070140281
2025-11-27 21:05:00,82.5120240480962
2025-11-27 21:07:30,82.50869739478958
2025-11-27 21:10:00,82.50537074148296
2025-11-27 21:12:30,82.50204408817635
2025-11-27 21:15:00,82.49871743486975
2025-11-27 21:17:30,82.49539078156313
2025-11-27 21:20:00,82.49206412825652
2025-11-27 21:22:30,82.4887374749499
2025-11-27 21:25:00,82.48541082164328
2025-11-27 21:27:30,82.48208416833667
2025-11-27 21:30:00,82.47875751503007
2025-11-27 21:32:30,82.47543086172345
2025-11-27 21:35:00,82.47210420841684
2025-11-27 21:37:30,82.46877755511022
2025-11-27 21:40:00,82.4654509018036
2025-11-27 21:42:30,82.46212424849699
2025-11-27 21:45:00,82.45879759519039
2025-11-27 21:47:30,82.45547094188377
2025-11-27 21:50:00,82.45214428857716
2025-11-27 21:52:30,82.44881763527054
2025-11-27 21:55:00,82.44549098196393
2025-11-27 21:57:30,82.44216432865731
2025-11-27 22:00:00,82.4388376753507
2025-11-27 22:02:30,82.4355110220441
2025-11-27 22:05:00,82.43218436873748
2025-11-27 22:07:30,82.42885771543087
2025-11-27 22:10:00,82.42553106212425
2025-11-27 22:12:30,82.42220440881763
2025-11-27 22:15:00,82.41887775551102
2025-11-27 22:17:30,82.4155511022044
2025-11-27 22:20:00,82.4122244488978
2025-11-27 22:22:30,82.40889779559119
2025-11-27 22:25:00,82.40557114228457
2025-11-27 22:27:30,82.40224448897796
2025-11-27 22:30:00,82.39891783567134
2025-11-27 22:32:30,82.39559118236473
2025-11-27 22:35:00,82.39226452905812
2025-11-27 22:37:30,82.38893787575151
2025-11-27 22:40:00,82.3856112224449
2025-11-27 22:42:30,82.38228456913828
2025-11-27 22:45:00,82.37895791583166
2025-11-27 22:47:30,82.37563126252505
2025-11-27 22:50:00,82.37230460921845
2025-11-27 22:52:30,82.36897795591183
2025-11-27 22:55:00,82.36565130260522
2025-11-27 22:57:30,82.3623246492986
2025-11-27 23:00:00,82.35899799599198
2025-11-27 23:02:30,82.35567134268537
2025-11-27 23:05:00,82.35234468937875
2025-11-27 23:07:30,82.34901803607215
2025-11-27 23:10:00,82.34569138276554
2025-11-27 23:12:30,82.34236472945892
2025-11-27 23:15:00,82.3390380761523
2025-11-27 23:17:30,82.33571142284569
2025-11-27 23:20:00,82.33238476953908
2025-11-27 23:22:30,82.32905811623246
2025-11-27 23:25:00,82.32573146292586
2025-11-27 23:27:30,82.32240480961924
2025-11-27 23:30:00,82.31907815631263
2025-11-27 23:32:30,82.31575150300601
2025-11-27 23:35:00,82.3124248496994
2025-11-27 23:37:30,82.30909819639278
2025-11-27 23:40:00,82.30577154308618
2025-11-27 23:42:30,82.30244488977957
2025-11-27 23:45:00,82.29911823647295
2025-11-27 23:47:30,82.29579158316633
2025-11-27 23:50:00,82.29246492985972
2025-11-27 23:52:30,82.2891382765531
2025-11-27 23:55:00,82.2858116232465
2025-11-27 23:57:30,82.28248496993989
2025-11-28 00:00:00,82.27915831663327
2025-11-28 00:02:30,82.27583166332666
2025-11-28 00:05:00,82.27250501002004
2025-11-28 00:07:30,82.26917835671343
2025-11-28 00:10:00,82.26585170340681
2025-11-28 00:12:30,82.26252505010021
2025-11-28 00:15:00,82.2591983967936
2025-11-28 00:17:30,82.25587174348698
2025-11-28 00:20:00,82.25254509018036
2025-11-28 00:22:30,82.24921843687375
2025-11-28 00:25:00,82.24589178356713
2025-11-28 00:27:30,82.24256513026052
2025-11-28 00:30:00,82.23923847695391
2025-11-28 00:32:30,82.2359118236473
2025-11-28 00:35:00,82.23258517034068
2025-11-28 00:37:30,82.22925851703407
2025-11-28 00:40:00,82.22593186372745
2025-11-28 00:42:30,82.22260521042084
2025-11-28 00:45:00,82.21927855711424
2025-11-28 00:47:30,82.21595190380762
2025-11-28 00:50:00,82.212625250501
2025-11-28 00:52:30,82.20929859719439
2025-11-28 00:55:00,82.20597194388777
2025-11-28 00:57:30,82.20264529058116
2025-11-28 01:00:00,82.19931863727456
2025-11-28 01:02:30,82.19599198396794
2025-11-28 01:05:00,82.19266533066133
2025-11-28 01:07:30,82.18933867735471
2025-11-28 01:10:00,82.1860120240481
2025-11-28 01:12:30,82.18268537074148
2025-11-28 01:15:00,82.17935871743487
2025-11-28 01:17:30,82.17603206412826
2025-11-28 01:20:00,82.17270541082165
2025-11-28 01:22:30,82.16937875751503
2025-11-28 01:25:00,82.16605210420842
2025-11-28 01:27:30,82.1627254509018
2025-11-28 01:30:00,82.15939879759519
2025-11-28 01:32:30,82.15607214428857
2025-11-28 01:35:00,82.15274549098197
2025-11-28 01:37:30,82.14941883767536
2025-11-28 01:40:00,82.14609218436874
2025-11-28 01:42:30,82.14276553106212
2025-11-28 01:45:00,82.13943887775551
2025-11-28 01:47:30,82.1361122244489
2025-11-28 01:50:00,82.13278557114229
2025-11-28 01:52:30,82.12945891783568
2025-11-28 01:55:00,82.12613226452906
2025-11-28 01:57:30,82.12280561122245
2025-11-28 02:00:00,82.11947895791583
2025-11-28 02:02:30,82.11615230460922
2025-11-28 02:05:00,82.11282565130261
2025-11-28 02:07:30,82.109498997996
2025-11-28 02:10:00,82.10617234468938
2025-11-28 02:12:30,82.10284569138277
2025-11-28 02:15:00,82.09951903807615
2025-11-28 02:17:30,82.09619238476954
2025-11-28 02:20:00,82.09286573146292
2025-11-28 02:22:30,82.08953907815632
2025-11-28 02:25:00,82.0862124248497
2025-11-28 02:27:30,82.08288577154309
2025-11-28 02:30:00,82.07955911823647
2025-11-28 02:32:30,82.07623246492986
2025-11-28 02:35:00,82.07290581162324
2025-11-28 02:37:30,82.06957915831663
2025-11-28 02:40:00,82.06625250501003
2025-11-28 02:42:30,82.06292585170341
2025-11-28 02:45:00,82.0595991983968
2025-11-28 02:47:30,82.05627254509018
2025-11-28 02:50:00,82.05294589178357
2025-11-28 02:52:30,82.04961923847695
2025-11-28 02:55:00,82.04629258517035
2025-11-28 02:57:30,82.04296593186373
2025-11-28 03:00:00,82.03963927855712
2025-11-28 03:02:30,82.0363126252505
2025-11-28 03:05:00,82.03298597194389
2025-11-28 03:07:30,82.02965931863727
2025-11-28 03:10:00,82.02633266533067
2025-11-28 03:12:30,82.02300601202406
2025-11-28 03:15:00,82.01967935871744
2025-11-28 03:17:30,82.01635270541082
2025-11-28 03:20:00,82.01302605210421
2025-11-28 03:22:30,82.0096993987976
2025-11-28 03:25:00,82.00637274549098
2025-11-28 03:27:30,82.00304609218438
2025-11-28 03:30:00,81.99971943887776
2025-11-28 03:32:30,81.99639278557115
2025-11-28 03:35:00,81.99306613226453
2025-11-28 03:37:30,81.98973947895792
2025-11-28 03:40:00,81.9864128256513
2025-11-28 03:42:30,81.98308617234468
2025-11-28 03:45:00,81.97975951903808
2025-11-28 03:47:30,81.97643286573147
2025-11-28 03:50:00,81.97310621242485
2025-11-28 03:52:30,81.96977955911824
2025-11-28 03:55:00,81.96645290581162
2025-11-28 03:57:30,81.963126252505
2025-11-28 04:00:00,81.9597995991984
2025-11-28 04:02:30,81.95647294589179
2025-11-28 04:05:00,81.95314629258517
2025-11-28 04:07:30,81.94981963927856
2025-11-28 04:10:00,81.94649298597194
2025-11-28 04:12:30,81.94316633266533
2025-11-28 04:15:00,81.93983967935873
2025-11-28 04:17:30,81.93651302605211
2025-11-28 04:20:00,81.9331863727455
2025-11-28 04:22:30,81.92985971943888
2025-11-28 04:25:00,81.92653306613227
2025-11-28 04:27:30,81.92320641282565
2025-11-28 04:30:00,81.91987975951903
2025-11-28 04:32:30,81.91655310621243
2025-11-28 04:35:00,81.91322645290582
2025-11-28 04:37:30,81.9098997995992
2025-11-28 04:40:00,81.90657314629259
2025-11-28 04:42:30,81.90324649298597
2025-11-28 04:45:00,81.89991983967936
2025-11-28 04:47:30,81.89659318637274
2025-11-28 04:50:00,81.89326653306614
2025-11-28 04:52:30,81.88993987975952
2025-11-28 04:55:00,81.88661322645291
2025-11-28 04:57:30,81.8832865731463
2025-11-28 05:00:00,81.87995991983968
2025-11-28 05:02:30,81.87663326653306
2025-11-28 05:05:00,81.87330661322646
2025-11-28 05:07:30,81.86997995991985
2025-11-28 05:10:00,81.86665330661323
2025-11-28 05:12:30,81.86332665330661
2025-11-28 05:15:00,81.86
2025-11-28 05:17:30,81.85667334669338
2025-11-28 05:20:00,81.85334669338678
2025-11-28 05:22:30,81.85002004008017
2025-11-28 05:25:00,81.84669338677355
2025-11-28 05:27:30,81.84336673346694
2025-11-28 05:30:00,81.84004008016032
2025-11-28 05:32:30,81.8367134268537
2025-11-28 05:35:00,81.83338677354709
2025-11-28 05:37:30,81.83006012024049
2025-11-28 05:40:00,81.82673346693387
2025-11-28 05:42:30,81.82340681362726
2025-11-28 05:45:00,81.82008016032064
2025-11-28 05:47:30,81.81675350701403
2025-11-28 05:50:00,81.81342685370741
2025-11-28 05:52:30,81.8101002004008
2025-11-28 05:55:00,81.8067735470942
2025-11-28 05:57:30,81.80344689378758
2025-11-28 06:00:00,81.80012024048096
2025-11-28 06:02:30,81.79679358717435
2025-11-28 06:05:00,81.79346693386773
2025-11-28 06:07:30,81.79014028056112
2025-11-28 06:10:00,81.78681362725452
2025-11-28 06:12:30,81.7834869739479
2025-11-28 06:15:00,81.78016032064129
2025-11-28 06:17:30,81.77683366733467
2025-11-28 06:20:00,81.77350701402806
2025-11-28 06:22:30,81.77018036072144
2025-11-28 06:25:00,81.76685370741484
2025-11-28 06:27:30,81.76352705410822
2025-11-28 06:30:00,81.76020040080161
2025-11-28 06:32:30,81.75687374749499
2025-11-28 06:35:00,81.75354709418838
2025-11-28 06:37:30,81.75022044088176
2025-11-28 06:40:00,81.74689378757515
2025-11-28 06:42:30,81.74356713426855
2025-11-28 06:45:00,81.74024048096193
2025-11-28 06:47:30,81.73691382765531
2025-11-28 06:50:00,81.7335871743487
2025-11-28 06:52:30,81.73026052104208
2025-11-28 06:55:00,81.72693386773547
2025-11-28 06:57:30,81.72360721442885
2025-11-28 07:00:00,81.72028056112225
2025-11-28 07:02:30,81.71695390781564
2025-11-28 07:05:00,81.71362725450902
2025-11-28 07:07:30,81.7103006012024
2025-11-28 07:10:00,81.70697394789579
2025-11-28 07:12:30,81.70364729458917
2025-11-28 07:15:00,81.70032064128257
2025-11-28 07:17:30,81.69699398797596
2025-11-28 07:20:00,81.69366733466934
2025-11-28 07:22:30,81.69034068136273
2025-11-28 07:25:00,81.68701402805611
2025-11-28 07:27:30,81.6836873747495
2025-11-28 07:30:00,81.6803607214429
2025-11-28 07:32:30,81.67703406813628
2025-11-28 07:35:00,81.67370741482966
2025-11-28 07:37:30,81.67038076152305
2025-11-28 07:40:00,81.66705410821643
2025-11-28 07:42:30,81.66372745490982
2025-11-28 07:45:00,81.6604008016032
2025-11-28 07:47:30,81.6570741482966
2025-11-28 07:50:00,81.65374749498999
2025-11-28 07:52:30,81.65042084168337
2025-11-28 07:55:00,81.64709418837676
2025-11-28 07:57:30,81.64376753507014
2025-11-28 08:00:00,81.64044088176352
2025-11-28 08:02:30,81.63711422845691
2025-11-28 08:05:00,81.63378757515031
2025-11-28 08:07:30,81.63046092184369
2025-11-28 08:10:00,81.62713426853708
2025-11-28 08:12:30,81.62380761523046
2025-11-28 08:15:00,81.62048096192385
2025-11-28 08:17:30,81.61715430861723
2025-11-28 08:20:00,81.61382765531063
2025-11-28 08:22:30,81.61050100200401
2025-11-28 08:25:00,81.6071743486974
2025-11-28 08:27:30,81.60384769539078
2025-11-28 08:30:00,81.60052104208417
2025-11-28 08:32:30,81.59719438877755
2025-11-28 08:35:00,81.59386773547095
2025-11-28 08:37:30,81.59054108216434
2025-11-28 08:40:00,81.58721442885772
2025-11-28 08:42:30,81.5838877755511
2025-11-28 08:45:00,81.58056112224449
2025-11-28 08:47:30,81.57723446893787
2025-11-28 08:50:00,81.57390781563126
2025-11-28 08:52:30,81.57058116232466
2025-11-28 08:55:00,81.56725450901804
2025-11-28 08:57:30,81.56392785571143
2025-11-28 09:00:00,81.56060120240481
2025-11-28 09:02:30,81.5572745490982
2025-11-28 09:05:00,81.55394789579158
2025-11-28 09:07:30,81.55062124248497
2025-11-28 09:10:00,81.54729458917836
2025-11-28 09:12:30,81.54396793587175
2025-11-28 09:15:00,81.54064128256513
2025-11-28 09:17:30,81.53731462925852
2025-11-28 09:20:00,81.5339879759519
2025-11-28 09:22:30,81.53066132264529
2025-11-28 09:25:00,81.52733466933869
2025-11-28 09:27:30,81.52400801603207
2025-11-28 09:30:00,81.52068136272545
2025-11-28 09:32:30,81.51735470941884
2025-11-28 09:35:00,81.51402805611222
2025-11-28 09:37:30,81.51070140280561
2025-11-28 09:40:00,81.50737474949901
2025-11-28 09:42:30,81.50404809619239
2025-11-28 09:45:00,81.50072144288578
2025-11-28 09:47:30,81.49739478957916
2025-11-28 09:50:00,81.49406813627255
2025-11-28 09:52:30,81.49074148296593
2025-11-28 09:55:00,81.48741482965931
2025-11-28 09:57:30,81.48408817635271
2025-11-28 10:00:00,81.4807615230461
2025-11-28 10:02:30,81.47743486973948
2025-11-28 10:05:00,81.47410821643287
2025-11-28 10:07:30,81.47078156312625
2025-11-28 10:10:00,81.46745490981964
2025-11-28 10:12:30,81.46412825651302
2025-11-28 10:15:00,81.46080160320642
2025-11-28 10:17:30,81.4574749498998
2025-11-28 10:20:00,81.45414829659319
2025-11-28 10:22:30,81.45082164328657
2025-11-28 10:25:00,81.44749498997996
2025-11-28 10:27:30,81.44416833667334
2025-11-28 10:30:00,81.44084168336674
2025-11-28 10:32:30,81.43751503006013
2025-11-28 10:35:00,81.43418837675351
2025-11-28 10:37:30,81.4308617234469
2025-11-28 10:40:00,81.42753507014028
2025-11-28 10:42:30,81.42420841683366
2025-11-28 10:45:00,81.42088176352706
2025-11-28 10:47:30,81.41755511022045
2025-11-28 10:50:00,81.41422845691383
2025-11-28 10:52:30,81.41090180360722
2025-11-28 10:55:00,81.4075751503006
2025-11-28 10:57:30,81.40424849699399
2025-11-28 11:00:00,81.40092184368737
2025-11-28 11:02:30,81.39759519038077
2025-11-28 11:05:00,81.39426853707415
2025-11-28 11:07:30,81.39094188376754
2025-11-28 11:10:00,81.38761523046092
2025-11-28 11:12:30,81.38428857715431
2025-11-28 11:15:00,81.38096192384769
2025-11-28 11:17:30,81.37763527054108
2025-11-28 11:20:00,81.37430861723448
2025-11-28 11:22:30,81.37098196392786
2025-11-28 11:25:00,81.36765531062125
2025-11-28 11:27:30,81.36432865731463
2025-11-28 11:30:00,81.36100200400801
2025-11-28 11:32:30,81.3576753507014
2025-11-28 11:35:00,81.3543486973948
2025-11-28 11:37:30,81.35102204408818
2025-11-28 11:40:00,81.34769539078157
2025-11-28 11:42:30,81.34436873747495
2025-11-28 11:45:00,81.34104208416834
2025-11-28 11:47:30,81.33771543086172
2025-11-28 11:50:00,81.33438877755512
2025-11-28 11:52:30,81.3310621242485
2025-11-28 11:55:00,81.32773547094189
2025-11-28 11:57:30,81.32440881763527
2025-11-28 12:00:00,81.32108216432866
2025-11-28 12:02:30,81.31775551102204
2025-11-28 12:05:00,81.31442885771543
2025-11-28 12:07:30,81.31110220440883
2025-11-28 12:10:00,81.30777555110221
2025-11-28 12:12:30,81.3044488977956
2025-11-28 12:15:00,81.30112224448898
2025-11-28 12:17:30,81.29779559118236
2025-11-28 12:20:00,81.29446893787575
2025-11-28 12:22:30,81.29114228456913
2025-11-28 12:25:00,81.28781563126253
2025-11-28 12:27:30,81.28448897795592
2025-11-28 12:30:00,81.2811623246493
2025-11-28 12:32:30,81.27783567134269
2025-11-28 12:35:00,81.27450901803607
2025-11-28 12:37:30,81.27118236472946
2025-11-28 12:40:00,81.26785571142285
2025-11-28 12:42:30,81.26452905811624
2025-11-28 12:45:00,81.26120240480962
2025-11-28 12:47:30,81.25787575150301
2025-11-28 12:50:00,81.25454909819639
2025-11-28 12:52:30,81.25122244488978
2025-11-28 12:55:00,81.24789579158318
2025-11-28 12:57:30,81.24456913827656
2025-11-28 13:00:00,81.24124248496994
2025-11-28 13:02:30,81.23791583166333
2025-11-28 13:05:00,81.23458917835671
2025-11-28 13:07:30,81.2312625250501
2025-11-28 13:10:00,81.22793587174348
2025-11-28 13:12:30,81.22460921843688
2025-11-28 13:15:00,81.22128256513027
2025-11-28 13:17:30,81.21795591182365
2025-11-28 13:20:00,81.21462925851704
2025-11-28 13:22:30,81.21130260521042
2025-11-28 13:25:00,81.2079759519038
2025-11-28 13:27:30,81.20464929859719
2025-11-28 13:30:00,81.20132264529059
2025-11-28 13:32:30,81.19799599198397
2025-11-28 13:35:00,81.19466933867736
2025-11-28 13:37:30,81.19134268537074
2025-11-28 13:40:00,81.18801603206413
2025-11-28 13:42:30,81.18468937875751
2025-11-28 13:45:00,81.18136272545091
2025-11-28 13:47:30,81.1780360721443
2025-11-28 13:50:00,81.17470941883768
2025-11-28 13:52:30,81.17138276553106
2025-11-28 13:55:00,81.16805611222445
2025-11-28 13:57:30,81.16472945891783
2025-11-28 14:00:00,81.16140280561123
2025-11-28 14:02:30,81.15807615230462
2025-11-28 14:05:00,81.154749498998
2025-11-28 14:07:30,81.15142284569139
2025-11-28 14:10:00,81.14809619238477
2025-11-28 14:12:30,81.14476953907815
2025-11-28 14:15:00,81.14144288577154
2025-11-28 14:17:30,81.13811623246494
2025-11-28 14:20:00,81.13478957915832
2025-11-28 14:22:30,81.13146292585171
2025-11-28 14:25:00,81.12813627254509
2025-11-28 14:27:30,81.12480961923848
2025-11-28 14:30:00,81.12148296593186
2025-11-28 14:32:30,81.11815631262525
2025-11-28 14:35:00,81.11482965931864
2025-11-28 14:37:30,81.11150300601203
2025-11-28 14:40:00,81.10817635270541
2025-11-28 14:42:30,81.1048496993988
2025-11-28 14:45:00,81.10152304609218
2025-11-28 14:47:30,81.09819639278557
2025-11-28 14:50:00,81.09486973947897
2025-11-28 14:52:30,81.09154308617235
2025-11-28 14:55:00,81.08821643286574
2025-11-28 14:57:30,81.08488977955912
2025-11-28 15:00:00,81.0815631262525
2025-11-28 15:02:30,81.07823647294589
2025-11-28 15:05:00,81.07490981963929
2025-11-28 15:07:30,81.07158316633267
2025-11-28 15:10:00,81.06825651302606
2025-11-28 15:12:30,81.06492985971944
2025-11-28 15:15:00,81.06160320641283
2025-11-28 15:17:30,81.05827655310621
2025-11-28 15:20:00,81.0549498997996
2025-11-28 15:22:30,81.051623246493
2025-11-28 15:25:00,81.04829659318638
2025-11-28 15:27:30,81.04496993987976
2025-11-28 15:30:00,81.04164328657315
2025-11-28 15:32:30,81.03831663326653
2025-11-28 15:35:00,81.03498997995992
2025-11-28 15:37:30,81.0316633266533
2025-11-28 15:40:00,81.0283366733467
2025-11-28 15:42:30,81.02501002004009
2025-11-28 15:45:00,81.02168336673347
2025-11-28 15:47:30,81.01835671342685
2025-11-28 15:50:00,81.01503006012024
2025-11-28 15:52:30,81.01170340681362
2025-11-28 15:55:00,81.00837675350702
2025-11-28 15:57:30,81.0050501002004
2025-11-28 16:00:00,81.00172344689379
2025-11-28 16:02:30,80.99839679358718
2025-11-28 16:05:00,80.99507014028056
2025-11-28 16:07:30,80.99174348697395
2025-11-28 16:10:00,80.98841683366734
2025-11-28 16:12:30,80.98509018036073
2025-11-28 16:15:00,80.98176352705411
2025-11-28 16:17:30,80.9784368737475
2025-11-28 16:20:00,80.97511022044088
2025-11-28 16:22:30,80.97178356713427
2025-11-28 16:25:00,80.96845691382765
2025-11-28 16:27:30,80.96513026052105
2025-11-28 16:30:00,80.96180360721443
2025-11-28 16:32:30,80.95847695390782
2025-11-28 16:35:00,80.9551503006012
2025-11-28 16:37:30,80.95182364729459
2025-11-28 16:40:00,80.94849699398797
2025-11-28 16:42:30,80.94517034068136
2025-11-28 16:45:00,80.94184368737476
2025-11-28 16:47:30,80.93851703406814
2025-11-28 16:50:00,80.93519038076153
2025-11-28 16:52:30,80.93186372745491
2025-11-28 16:55:00,80.9285370741483
2025-11-28 16:57:30,80.92521042084168
2025-11-28 17:00:00,80.92188376753508
2025-11-28 17:02:30,80.91855711422846
2025-11-28 17:05:00,80.91523046092185
2025-11-28 17:07:30,80.91190380761523
2025-11-28 17:10:00,80.90857715430862
2025-11-28 17:12:30,80.905250501002
2025-11-28 17:15:00,80.9019238476954
2025-11-28 17:17:30,80.89859719438878
2025-11-28 17:20:00,80.89527054108217
2025-11-28 17:22:30,80.89194388777555
2025-11-28 17:25:00,80.88861723446894
2025-11-28 17:27:30,80.88529058116232
2025-11-28 17:30:00,80.88196392785571
2025-11-28 17:32:30,80.8786372745491
2025-11-28 17:35:00,80.87531062124249
2025-11-28 17:37:30,80.87198396793588
2025-11-28 17:40:00,80.86865731462926
2025-11-28 17:42:30,80.86533066132264
2025-11-28 17:45:00,80.86200400801603
2025-11-28 17:47:30,80.85867735470941
2025-11-28 17:50:00,80.85535070140281
2025-11-28 17:52:30,80.8520240480962
2025-11-28 17:55:00,80.84869739478958
2025-11-28 17:57:30,80.84537074148297
2025-11-28 18:00:00,80.84204408817635
2025-11-28 18:02:30,80.83871743486974
2025-11-28 18:05:00,80.83539078156313
2025-11-28 18:07:30,80.83206412825652
2025-11-28 18:10:00,80.8287374749499
2025-11-28 18:12:30,80.82541082164329
2025-11-28 18:15:00,80.82208416833667
2025-11-28 18:17:30,80.81875751503006
2025-11-28 18:20:00,80.81543086172346
2025-11-28 18:22:30,80.81210420841684
2025-11-28 18:25:00,80.80877755511023
2025-11-28 18:27:30,80.80545090180361
2025-11-28 18:30:00,80.802124248497
2025-11-28 18:32:30,80.79879759519038
2025-11-28 18:35:00,80.79547094188376
2025-11-28 18:37:30,80.79214428857716
2025-11-28 18:40:00,80.78881763527055
2025-11-28 18:42:30,80.78549098196393
2025-11-28 18:45:00,80.78216432865732
2025-11-28 18:47:30,80.7788376753507
2025-11-28 18:50:00,80.77551102204409
2025-11-28 18:52:30,80.77218436873747
2025-11-28 18:55:00,80.76885771543087
2025-11-28 18:57:30,80.76553106212425
2025-11-28 19:00:00,80.76220440881764
2025-11-28 19:02:30,80.75887775551102
2025-11-28 19:05:00,80.75555110220441
2025-11-28 19:07:30,80.75222444889779
2025-11-28 19:10:00,80.74889779559119
2025-11-28 19:12:30,80.74557114228458
2025-11-28 19:15:00,80.74224448897796
2025-11-28 19:17:30,80.73891783567134
2025-11-28 19:20:00,80.73559118236473
2025-11-28 19:22:30,80.73226452905811
2025-11-28 19:25:00,80.72893787575151
2025-11-28 19:27:30,80.7256112224449
2025-11-28 19:30:00,80.72228456913828
2025-11-28 19:32:30,80.71895791583167
2025-11-28 19:35:00,80.71563126252505
2025-11-28 19:37:30,80.71230460921844
2025-11-28 19:40:00,80.70897795591182
2025-11-28 19:42:30,80.70565130260522
2025-11-28 19:45:00,80.7023246492986
2025-11-28 19:47:30,80.69899799599199
2025-11-28 19:50:00,80.69567134268537
2025-11-28 19:52:30,80.69234468937876
2025-11-28 19:55:00,80.68901803607214
2025-11-28 19:57:30,80.68569138276553
2025-11-28 20:00:00,80.68236472945893
2025-11-28 20:02:30,80.67903807615231
2025-11-28 20:05:00,80.6757114228457
2025-11-28 20:07:30,80.67238476953908
2025-11-28 20:10:00,80.66905811623246
2025-11-28 20:12:30,80.66573146292585
2025-11-28 20:15:00,80.66240480961925
2025-11-28 20:17:30,80.65907815631263
2025-11-28 20:20:00,80.65575150300602
2025-11-28 20:22:30,80.6524248496994
2025-11-28 20:25:00,80.64909819639279
2025-11-28 20:27:30,80.64577154308617
2025-11-28 20:30:00,80.64244488977957
2025-11-28 20:32:30,80.63911823647295
2025-11-28 20:35:00,80.63579158316634
2025-11-28 20:37:30,80.63246492985972
2025-11-28 20:40:00,80.6291382765531
2025-11-28 20:42:30,80.62581162324649
2025-11-28 20:45:00,80.62248496993988
2025-11-28 20:47:30,80.61915831663327
2025-11-28 20:50:00,80.61583166332666
2025-11-28 20:52:30,80.61250501002004
2025-11-28 20:55:00,80.60917835671343
2025-11-28 20:57:30,80.60585170340681
2025-11-28 21:00:00,80.6025250501002
2025-11-28 21:02:30,80.59919839679358
2025-11-28 21:05:00,80.59587174348698
2025-11-28 21:07:30,80.59254509018037
2025-11-28 21:10:00,80.58921843687375
2025-11-28 21:12:30,80.58589178356713
2025-11-28 21:15:00,80.58256513026052
2025-11-28 21:17:30,80.5792384769539
2025-11-28 21:20:00,80.5759118236473
2025-11-28 21:22:30,80.57258517034069
2025-11-28 21:25:00,80.56925851703407
2025-11-28 21:27:30,80.56593186372746
2025-11-28 21:30:00,80.56260521042084
2025-11-28 21:32:30,80.55927855711423
2025-11-28 21:35:00,80.55595190380762
2025-11-28 21:37:30,80.55262525050101
2025-11-28 21:40:00,80.5492985971944
2025-11-28 21:42:30,80.54597194388778
2025-11-28 21:45:00,80.54264529058116
2025-11-28 21:47:30,80.53931863727455
2025-11-28 21:50:00,80.53599198396793
2025-11-28 21:52:30,80.53266533066133
2025-11-28 21:55:00,80.52933867735472
2025-11-28 21:57:30,80.5260120240481
2025-11-28 22:00:00,80.52268537074148
2025-11-28 22:02:30,80.51935871743487
2025-11-28 22:05:00,80.51603206412825
2025-11-28 22:07:30,80.51270541082164
2025-11-28 22:10:00,80.50937875751504
2025-11-28 22:12:30,80.50605210420842
2025-11-28 22:15:00,80.5027254509018
2025-11-28 22:17:30,80.49939879759519
2025-11-28 22:20:00,80.49607214428858
2025-11-28 22:22:30,80.49274549098196
2025-11-28 22:25:00,80.48941883767536
2025-11-28 22:27:30,80.48609218436874
2025-11-28 22:30:00,80.48276553106213
2025-11-28 22:32:30,80.47943887775551
2025-11-28 22:35:00,80.4761122244489
2025-11-28 22:37:30,80.47278557114228
2025-11-28 22:40:00,80.46945891783568
2025-11-28 22:42:30,80.46613226452907
2025-11-28 22:45:00,80.46280561122245
2025-11-28 22:47:30,80.45947895791583
2025-11-28 22:50:00,80.45615230460922
2025-11-28 22:52:30,80.4528256513026
2025-11-28 22:55:00,80.44949899799599
2025-11-28 22:57:30,80.44617234468939
2025-11-28 23:00:00,80.44284569138277
2025-11-28 23:02:30,80.43951903807616
2025-11-28 23:05:00,80.43619238476954
2025-11-28 23:07:30,80.43286573146293
2025-11-28 23:10:00,80.42953907815631
2025-11-28 23:12:30,80.4262124248497
2025-11-28 23:15:00,80.4228857715431
2025-11-28 23:17:30,80.41955911823648
2025-11-28 23:20:00,80.41623246492986
2025-11-28 23:22:30,80.41290581162325
2025-11-28 23:25:00,80.40957915831663
2025-11-28 23:27:30,80.40625250501002
2025-11-28 23:30:00,80.40292585170342
2025-11-28 23:32:30,80.3995991983968
2025-11-28 23:35:00,80.39627254509018
2025-11-28 23:37:30,80.39294589178357
2025-11-28 23:40:00,80.38961923847695
2025-11-28 23:42:30,80.38629258517034
2025-11-28 23:45:00,80.38296593186374
2025-11-28 23:47:30,80.37963927855712
2025-11-28 23:50:00,80.3763126252505
2025-11-28 23:52:30,80.37298597194389
2025-11-28 23:55:00,80.36965931863728
2025-11-28 23:57:30,80.36633266533066
2025-11-29 00:00:00,80.36300601202404
2025-11-29 00:02:30,80.35967935871744
2025-11-29 00:05:00,80.35635270541083
2025-11-29 00:07:30,80.35302605210421
2025-11-29 00:10:00,80.3496993987976
2025-11-29 00:12:30,80.34637274549098
2025-11-29 00:15:00,80.34304609218437
2025-11-29 00:17:30,80.33971943887775
2025-11-29 00:20:00,80.33639278557115
2025-11-29 00:22:30,80.33306613226453
2025-11-29 00:25:00,80.32973947895792
2025-11-29 00:27:30,80.3264128256513
2025-11-29 00:30:00,80.32308617234469
2025-11-29 00:32:30,80.31975951903807
2025-11-29 00:35:00,80.31643286573147
2025-11-29 00:37:30,80.31310621242486
2025-11-29 00:40:00,80.30977955911824
2025-11-29 00:42:30,80.30645290581162
2025-11-29 00:45:00,80.30312625250501
2025-11-29 00:47:30,80.2997995991984
2025-11-29 00:50:00,80.2964729458918
2025-11-29 00:52:30,80.29314629258518
2025-11-29 00:55:00,80.28981963927856
2025-11-29 00:57:30,80.28649298597195
2025-11-29 01:00:00,80.28316633266533
2025-11-29 01:02:30,80.27983967935872
2025-11-29 01:05:00,80.2765130260521
2025-11-29 01:07:30,80.2731863727455
2025-11-29 01:10:00,80.26985971943888
2025-11-29 01:12:30,80.26653306613227
2025-11-29 01:15:00,80.26320641282565
2025-11-29 01:17:30,80.25987975951904
2025-11-29 01:20:00,80.25655310621242
2025-11-29 01:22:30,80.2532264529058
2025-11-29 01:25:00,80.2498997995992
2025-11-29 01:27:30,80.24657314629259
2025-11-29 01:30:00,80.24324649298597
2025-11-29 01:32:30,80.23991983967936
2025-11-29 01:35:00,80.23659318637274
2025-11-29 01:37:30,80.23326653306613
2025-11-29 01:40:00,80.22993987975953
2025-11-29 01:42:30,80.22661322645291
2025-11-29 01:45:00,80.2232865731463
2025-11-29 01:47:30,80.21995991983968
2025-11-29 01:50:00,80.21663326653307
2025-11-29 01:52:30,80.21330661322645
2025-11-29 01:55:00,80.20997995991985
2025-11-29 01:57:30,80.20665330661323
2025-11-29 02:00:00,80.20332665330662
2025-11-29 02:02:30,80.2
2025-11-29 02:05:00,80.19667334669339
2025-11-29 02:07:30,80.19334669338677
2025-11-29 02:10:00,80.19002004008016
2025-11-29 02:12:30,80.18669338677356
2025-11-29 02:15:00,80.18336673346694
2025-11-29 02:17:30,80.18004008016032
2025-11-29 02:20:00,80.17671342685371
2025-11-29 02:22:30,80.1733867735471
2025-11-29 02:25:00,80.17006012024048
2025-11-29 02:27:30,80.16673346693386
2025-11-29 02:30:00,80.16340681362726
2025-11-29 02:32:30,80.16008016032065
2025-11-29 02:35:00,80.15675350701403
2025-11-29 02:37:30,80.15342685370742
2025-11-29 02:40:00,80.1501002004008
2025-11-29 02:42:30,80.14677354709418
2025-11-29 02:45:00,80.14344689378758
2025-11-29 02:47:30,80.14012024048097
2025-11-29 02:50:00,80.13679358717435
2025-11-29 02:52:30,80.13346693386774
2025-11-29 02:55:00,80.13014028056112
2025-11-29 02:57:30,80.1268136272545
2025-11-29 03:00:00,80.1234869739479
2025-11-29 03:02:30,80.12016032064129
2025-11-29 03:05:00,80.11683366733467
2025-11-29 03:07:30,80.11350701402806
2025-11-29 03:10:00,80.11018036072144
2025-11-29 03:12:30,80.10685370741483
2025-11-29 03:15:00,80.10352705410821
2025-11-29 03:17:30,80.10020040080161
2025-11-29 03:20:00,80.096873747495
2025-11-29 03:22:30,80.09354709418838
2025-11-29 03:25:00,80.09022044088177
2025-11-29 03:27:30,80.08689378757515
2025-11-29 03:30:00,80.08356713426853
2025-11-29 03:32:30,80.08024048096192
2025-11-29 03:35:00,80.07691382765532
2025-11-29 03:37:30,80.0735871743487
2025-11-29 03:40:00,80.07026052104209
2025-11-29 03:42:30,80.06693386773547
2025-11-29 03:45:00,80.06360721442886
2025-11-29 03:47:30,80.06028056112224
2025-11-29 03:50:00,80.05695390781564
2025-11-29 03:52:30,80.05362725450902
2025-11-29 03:55:00,80.05030060120241
2025-11-29 03:57:30,80.0469739478958
2025-11-29 04:00:00,80.04364729458918
2025-11-29 04:02:30,80.04032064128256
2025-11-29 04:05:00,80.03699398797596
2025-11-29 04:07:30,80.03366733466935
2025-11-29 04:10:00,80.03034068136273
2025-11-29 04:12:30,80.02701402805612
2025-11-29 04:15:00,80.0236873747495
2025-11-29 04:17:30,80.02036072144288
2025-11-29 04:20:00,80.01703406813627
2025-11-29 04:22:30,80.01370741482967
2025-11-29 04:25:00,80.01038076152305
2025-11-29 04:27:30,80.00705410821644
2025-11-29 04:30:00,80.00372745490982
2025-11-29 04:32:30,80.0004008016032
2025-11-29 04:35:00,79.99707414829659
2025-11-29 04:37:30,79.99374749498998
2025-11-29 04:40:00,79.99042084168337
2025-11-29 04:42:30,79.98709418837676
2025-11-29 04:45:00,79.98376753507014
2025-11-29 04:47:30,79.98044088176353
2025-11-29 04:50:00,79.97711422845691
2025-11-29 04:52:30,79.9737875751503
2025-11-29 04:55:00,79.9704609218437
2025-11-29 04:57:30,79.96713426853708
2025-11-29 05:00:00,79.96380761523046
2025-11-29 05:02:30,79.96048096192385
2025-11-29 05:05:00,79.95715430861723
2025-11-29 05:07:30,79.95382765531062
2025-11-29 05:10:00,79.95050100200402
2025-11-29 05:12:30,79.9471743486974
2025-11-29 05:15:00,79.94384769539079
2025-11-29 05:17:30,79.94052104208417
2025-11-29 05:20:00,79.93719438877756
2025-11-29 05:22:30,79.93386773547094
2025-11-29 05:25:00,79.93054108216432
2025-11-29 05:27:30,79.92721442885772
2025-11-29 05:30:00,79.92388777555111
2025-11-29 05:32:30,79.9205611222445
2025-11-29 05:35:00,79.91723446893788
2025-11-29 05:37:30,79.91390781563126
2025-11-29 05:40:00,79.91058116232465
2025-11-29 05:42:30,79.90725450901803
2025-11-29 05:45:00,79.90392785571143
2025-11-29 05:47:30,79.90060120240481
2025-11-29 05:50:00,79.8972745490982
2025-11-29 05:52:30,79.89394789579158
2025-11-29 05:55:00,79.89062124248497
2025-11-29 05:57:30,79.88729458917835
2025-11-29 06:00:00,79.88396793587175
2025-11-29 06:02:30,79.88064128256514
2025-11-29 06:05:00,79.87731462925852
2025-11-29 06:07:30,79.8739879759519
2025-11-29 06:10:00,79.87066132264529
2025-11-29 06:12:30,79.86733466933867
2025-11-29 06:15:00,79.86400801603207
2025-11-29 06:17:30,79.86068136272546
2025-11-29 06:20:00,79.85735470941884
2025-11-29 06:22:30,79.85402805611223
2025-11-29 06:25:00,79.85070140280561
2025-11-29 06:27:30,79.847374749499
2025-11-29 06:30:00,79.84404809619238
2025-11-29 06:32:30,79.84072144288578
2025-11-29 06:35:00,79.83739478957916
2025-11-29 06:37:30,79.83406813627255
2025-11-29 06:40:00,79.83074148296593
2025-11-29 06:42:30,79.82741482965932
2025-11-29 06:45:00,79.8240881763527
2025-11-29 06:47:30,79.82076152304609
2025-11-29 06:50:00,79.81743486973949
2025-11-29 06:52:30,79.81410821643287
2025-11-29 06:55:00,79.81078156312626
2025-11-29 06:57:30,79.80745490981964
2025-11-29 07:00:00,79.80412825651302
2025-11-29 07:02:30,79.80080160320641
2025-11-29 07:05:00,79.79747494989981
2025-11-29 07:07:30,79.79414829659319
2025-11-29 07:10:00,79.79082164328658
2025-11-29 07:12:30,79.78749498997996
2025-11-29 07:15:00,79.78416833667335
2025-11-29 07:17:30,79.78084168336673
2025-11-29 07:20:00,79.77751503006013
2025-11-29 07:22:30,79.77418837675351
2025-11-29 07:25:00,79.7708617234469
2025-11-29 07:27:30,79.76753507014028
2025-11-29 07:30:00,79.76420841683367
2025-11-29 07:32:30,79.76088176352705
2025-11-29 07:35:00,79.75755511022044
2025-11-29 07:37:30,79.75422845691384
2025-11-29 07:40:00,79.75090180360722
2025-11-29 07:42:30,79.7475751503006
2025-11-29 07:45:00,79.74424849699399
2025-11-29 07:47:30,79.74092184368737
2025-11-29 07:50:00,79.73759519038076
2025-11-29 07:52:30,79.73426853707414
2025-11-29 07:55:00,79.73094188376754
2025-11-29 07:57:30,79.72761523046093
2025-11-29 08:00:00,79.72428857715431
2025-11-29 08:02:30,79.7209619238477
2025-11-29 08:05:00,79.71763527054108
2025-11-29 08:07:30,79.71430861723447
2025-11-29 08:10:00,79.71098196392786
2025-11-29 08:12:30,79.70765531062125
2025-11-29 08:15:00,79.70432865731463
2025-11-29 08:17:30,79.70100200400802
2025-11-29 08:20:00,79.6976753507014
2025-11-29 08:22:30,79.69434869739479
2025-11-29 08:25:00,79.69102204408819
2025-11-29 08:27:30,79.68769539078157
2025-11-29 08:30:00,79.68436873747495
2025-11-29 08:32:30,79.68104208416834
2025-11-29 08:35:00,79.67771543086172
2025-11-29 08:37:30,79.67438877755511
2025-11-29 08:40:00,79.6710621242485
2025-11-29 08:42:30,79.66773547094189
2025-11-29 08:45:00,79.66440881763528
2025-11-29 08:47:30,79.66108216432866
2025-11-29 08:50:00,79.65775551102205
2025-11-29 08:52:30,79.65442885771543
2025-11-29 08:55:00,79.65110220440882
2025-11-29 08:57:30,79.6477755511022
2025-11-29 09:00:00,79.6444488977956
2025-11-29 09:02:30,79.64112224448898
2025-11-29 09:05:00,79.63779559118237
2025-11-29 09:07:30,79.63446893787575
2025-11-29 09:10:00,79.63114228456914
2025-11-29 09:12:30,79.62781563126252
2025-11-29 09:15:00,79.62448897795592
2025-11-29 09:17:30,79.6211623246493
2025-11-29 09:20:00,79.61783567134269
2025-11-29 09:22:30,79.61450901803607
2025-11-29 09:25:00,79.61118236472946
2025-11-29 09:27:30,79.60785571142284
2025-11-29 09:30:00,79.60452905811624
2025-11-29 09:32:30,79.60120240480963
2025-11-29 09:35:00,79.59787575150301
2025-11-29 09:37:30,79.5945490981964
2025-11-29 09:40:00,79.59122244488978
2025-11-29 09:42:30,79.58789579158316
2025-11-29 09:45:00,79.58456913827655
2025-11-29 09:47:30,79.58124248496995
2025-11-29 09:50:00,79.57791583166333
2025-11-29 09:52:30,79.57458917835672
2025-11-29 09:55:00,79.5712625250501
2025-11-29 09:57:30,79.56793587174349
2025-11-29 10:00:00,79.56460921843687
2025-11-29 10:02:30,79.56128256513026
2025-11-29 10:05:00,79.55795591182365
2025-11-29 10:07:30,79.55462925851704
2025-11-29 10:10:00,79.55130260521042
2025-11-29 10:12:30,79.54797595190381
2025-11-29 10:15:00,79.5446492985972
2025-11-29 10:17:30,79.54132264529058
2025-11-29 10:20:00,79.53799599198398
2025-11-29 10:22:30,79.53466933867736
2025-11-29 10:25:00,79.53134268537075
2025-11-29 10:27:30,79.52801603206413
2025-11-29 10:30:00,79.52468937875751
2025-11-29 10:32:30,79.5213627254509
2025-11-29 10:35:00,79.5180360721443
2025-11-29 10:37:30,79.51470941883768
2025-11-29 10:40:00,79.51138276553107
2025-11-29 10:42:30,79.50805611222445
2025-11-29 10:45:00,79.50472945891784
2025-11-29 10:47:30,79.50140280561122
2025-11-29 10:50:00,79.4980761523046
2025-11-29 10:52:30,79.494749498998
2025-11-29 10:55:00,79.49142284569139
2025-11-29 10:57:30,79.48809619238477
2025-11-29 11:00:00,79.48476953907816
2025-11-29 11:02:30,79.48144288577154
2025-11-29 11:05:00,79.47811623246493
2025-11-29 11:07:30,79.47478957915831
2025-11-29 11:10:00,79.47146292585171
2025-11-29 11:12:30,79.4681362725451
2025-11-29 11:15:00,79.46480961923848
2025-11-29 11:17:30,79.46148296593186
2025-11-29 11:20:00,79.45815631262525
2025-11-29 11:22:30,79.45482965931863
2025-11-29 11:25:00,79.45150300601203
2025-11-29 11:27:30,79.44817635270542
2025-11-29 11:30:00,79.4448496993988
2025-11-29 11:32:30,79.44152304609219
2025-11-29 11:35:00,79.43819639278557
2025-11-29 11:37:30,79.43486973947896
2025-11-29 11:40:00,79.43154308617235
2025-11-29 11:42:30,79.42821643286574
2025-11-29 11:45:00,79.42488977955912
2025-11-29 11:47:30,79.42156312625251
2025-11-29 11:50:00,79.41823647294589
2025-11-29 11:52:30,79.41490981963928
2025-11-29 11:55:00,79.41158316633266
2025-11-29 11:57:30,79.40825651302606
2025-11-29 12:00:00,79.40492985971945
2025-11-29 12:02:30,79.40160320641283
2025-11-29 12:05:00,79.39827655310621
2025-11-29 12:07:30,79.3949498997996
2025-11-29 12:10:00,79.39162324649298
2025-11-29 12:12:30,79.38829659318637
2025-11-29 12:15:00,79.38496993987977
2025-11-29 12:17:30,79.38164328657315
2025-11-29 12:20:00,79.37831663326654
2025-11-29 12:22:30,79.37498997995992
2025-11-29 12:25:00,79.3716633266533
2025-11-29 12:27:30,79.36833667334669
2025-11-29 12:30:00,79.36501002004009
2025-11-29 12:32:30,79.36168336673347
2025-11-29 12:35:00,79.35835671342686
2025-11-29 12:37:30,79.35503006012024
2025-11-29 12:40:00,79.35170340681363
2025-11-29 12:42:30,79.34837675350701
2025-11-29 12:45:00,79.34505010020041
2025-11-29 12:47:30,79.3417234468938
2025-11-29 12:50:00,79.33839679358718
2025-11-29 12:52:30,79.33507014028056
2025-11-29 12:55:00,79.33174348697395
2025-11-29 12:57:30,79.32841683366733
2025-11-29 13:00:00,79.32509018036072
2025-11-29 13:02:30,79.32176352705412
2025-11-29 13:05:00,79.3184368737475
2025-11-29 13:07:30,79.31511022044089
2025-11-29 13:10:00,79.31178356713427
2025-11-29 13:12:30,79.30845691382765
2025-11-29 13:15:00,79.30513026052104
2025-11-29 13:17:30,79.30180360721442
2025-11-29 13:20:00,79.29847695390782
2025-11-29 13:22:30,79.29515030060121
2025-11-29 13:25:00,79.29182364729459
2025-11-29 13:27:30,79.28849699398798
2025-11-29 13:30:00,79.28517034068136
2025-11-29 13:32:30,79.28184368737475
2025-11-29 13:35:00,79.27851703406814
2025-11-29 13:37:30,79.27519038076153
2025-11-29 13:40:00,79.27186372745491
2025-11-29 13:42:30,79.2685370741483
2025-11-29 13:45:00,79.26521042084168
2025-11-29 13:47:30,79.26188376753507
2025-11-29 13:50:00,79.25855711422847
2025-11-29 13:52:30,79.25523046092185
2025-11-29 13:55:00,79.25190380761524
2025-11-29 13:57:30,79.24857715430862
2025-11-29 14:00:00,79.245250501002
2025-11-29 14:02:30,79.24192384769539
2025-11-29 14:05:00,79.23859719438877
2025-11-29 14:07:30,79.23527054108217
2025-11-29 14:10:00,79.23194388777556
2025-11-29 14:12:30,79.22861723446894
2025-11-29 14:15:00,79.22529058116233
2025-11-29 14:17:30,79.22196392785571
2025-11-29 14:20:00,79.2186372745491
2025-11-29 14:22:30,79.21531062124248
2025-11-29 14:25:00,79.21198396793588
2025-11-29 14:27:30,79.20865731462926
2025-11-29 14:30:00,79.20533066132265
2025-11-29 14:32:30,79.20200400801603
2025-11-29 14:35:00,79.19867735470942
2025-11-29 14:37:30,79.19535070140282
2025-11-29 14:40:00,79.1920240480962
2025-11-29 14:42:30,79.18869739478959
2025-11-29 14:45:00,79.18537074148297
2025-11-29 14:47:30,79.18204408817635
2025-11-29 14:50:00,79.17871743486974
2025-11-29 14:52:30,79.17539078156312
2025-11-29 14:55:00,79.17206412825652
2025-11-29 14:57:30,79.1687374749499
2025-11-29 15:00:00,79.16541082164329
2025-11-29 15:02:30,79.16208416833668
2025-11-29 15:05:00,79.15875751503006
2025-11-29 15:07:30,79.15543086172345
2025-11-29 15:10:00,79.15210420841683
2025-11-29 15:12:30,79.14877755511023
2025-11-29 15:15:00,79.14545090180361
2025-11-29 15:17:30,79.142124248497
2025-11-29 15:20:00,79.13879759519038
2025-11-29 15:22:30,79.13547094188377
2025-11-29 15:25:00,79.13214428857715
2025-11-29 15:27:30,79.12881763527054
2025-11-29 15:30:00,79.12549098196394
2025-11-29 15:32:30,79.12216432865732
2025-11-29 15:35:00,79.1188376753507
2025-11-29 15:37:30,79.11551102204409
2025-11-29 15:40:00,79.11218436873747
2025-11-29 15:42:30,79.10885771543087
2025-11-29 15:45:00,79.10553106212426
2025-11-29 15:47:30,79.10220440881764
2025-11-29 15:50:00,79.09887775551103
2025-11-29 15:52:30,79.09555110220441
2025-11-29 15:55:00,79.0922244488978
2025-11-29 15:57:30,79.08889779559118
2025-11-29 16:00:00,79.08557114228458
2025-11-29 16:02:30,79.08224448897796
2025-11-29 16:05:00,79.07891783567135
2025-11-29 16:07:30,79.07559118236473
2025-11-29 16:10:00,79.07226452905812
2025-11-29 16:12:30,79.0689378757515
2025-11-29 16:15:00,79.06561122244489
2025-11-29 16:17:30,79.06228456913828
2025-11-29 16:20:00,79.05895791583167
2025-11-29 16:22:30,79.05563126252505
2025-11-29 16:25:00,79.05230460921844
2025-11-29 16:27:30,79.04897795591182
2025-11-29 16:30:00,79.04565130260521
2025-11-29 16:32:30,79.04232464929859
2025-11-29 16:35:00,79.03899799599199
2025-11-29 16:37:30,79.03567134268538
2025-11-29 16:40:00,79.03234468937876
2025-11-29 16:42:30,79.02901803607215
2025-11-29 16:45:00,79.02569138276553
2025-11-29 16:47:30,79.02236472945893
2025-11-29 16:50:00,79.01903807615231
2025-11-29 16:52:30,79.0157114228457
2025-11-29 16:55:00,79.01238476953908
2025-11-29 16:57:30,79.00905811623247
2025-11-29 17:00:00,79.00573146292585
2025-11-29 17:02:30,79.00240480961924
2025-11-29 17:05:00,78.99907815631263
2025-11-29 17:07:30,78.99575150300602
2025-11-29 17:10:00,78.9924248496994
2025-11-29 17:12:30,78.98909819639279
2025-11-29 17:15:00,78.98577154308617
2025-11-29 17:17:30,78.98244488977956
2025-11-29 17:20:00,78.97911823647294
2025-11-29 17:22:30,78.97579158316634
2025-11-29 17:25:00,78.97246492985973
2025-11-29 17:27:30,78.96913827655311
2025-11-29 17:30:00,78.9658116232465
2025-11-29 17:32:30,78.96248496993988
2025-11-29 17:35:00,78.95915831663326
2025-11-29 17:37:30,78.95583166332665
2025-11-29 17:40:00,78.95250501002005
2025-11-29 17:42:30,78.94917835671343
2025-11-29 17:45:00,78.94585170340682
2025-11-29 17:47:30,78.9425250501002
2025-11-29 17:50:00,78.93919839679359
2025-11-29 17:52:30,78.93587174348698
2025-11-29 17:55:00,78.93254509018037
2025-11-29 17:57:30,78.92921843687375
2025-11-29 18:00:00,78.92589178356714
2025-11-29 18:02:30,78.92256513026052
2025-11-29 18:05:00,78.91923847695391
2025-11-29 18:07:30,78.91591182364729
2025-11-29 18:10:00,78.91258517034069
2025-11-29 18:12:30,78.90925851703408
2025-11-29 18:15:00,78.90593186372746
2025-11-29 18:17:30,78.90260521042084
2025-11-29 18:20:00,78.89927855711423
2025-11-29 18:22:30,78.89595190380761
2025-11-29 18:25:00,78.892625250501
2025-11-29 18:27:30,78.8892985971944
2025-11-29 18:30:00,78.88597194388778
2025-11-29 18:32:30,78.88264529058117
2025-11-29 18:35:00,78.87931863727455
2025-11-29 18:37:30,78.87599198396794
2025-11-29 18:40:00,78.87266533066132
2025-11-29 18:42:30,78.8693386773547
2025-11-29 18:45:00,78.8660120240481
2025-11-29 18:47:30,78.86268537074149
2025-11-29 18:50:00,78.85935871743487
2025-11-29 18:52:30,78.85603206412826
2025-11-29 18:55:00,78.85270541082164
2025-11-29 18:57:30,78.84937875751504
2025-11-29 19:00:00,78.84605210420843
2025-11-29 19:02:30,78.84272545090181
2025-11-29 19:05:00,78.8393987975952
2025-11-29 19:07:30,78.83607214428858
2025-11-29 19:10:00,78.83274549098196
2025-11-29 19:12:30,78.82941883767535
2025-11-29 19:15:00,78.82609218436875
2025-11-29 19:17:30,78.82276553106213
2025-11-29 19:20:00,78.81943887775552
2025-11-29 19:22:30,78.8161122244489
2025-11-29 19:25:00,78.81278557114229
2025-11-29 19:27:30,78.80945891783567
2025-11-29 19:30:00,78.80613226452905
2025-11-29 19:32:30,78.80280561122245
2025-11-29 19:35:00,78.79947895791584
2025-11-29 19:37:30,78.79615230460922
2025-11-29 19:40:00,78.7928256513026
2025-11-29 19:42:30,78.78949899799599
2025-11-29 19:45:00,78.78617234468938
2025-11-29 19:47:30,78.78284569138276
2025-11-29 19:50:00,78.77951903807616
2025-11-29 19:52:30,78.77619238476954
2025-11-29 19:55:00,78.77286573146293
2025-11-29 19:57:30,78.76953907815631
2025-11-29 20:00:00,78.7662124248497
2025-11-29 20:02:30,78.7628857715431
2025-11-29 20:05:00,78.75955911823648
2025-11-29 20:07:30,78.75623246492987
2025-11-29 20:10:00,78.75290581162325
2025-11-29 20:12:30,78.74957915831664
2025-11-29 20:15:00,78.74625250501002
2025-11-29 20:17:30,78.7429258517034
2025-11-29 20:20:00,78.7395991983968
2025-11-29 20:22:30,78.73627254509019
2025-11-29 20:25:00,78.73294589178357
2025-11-29 20:27:30,78.72961923847696
2025-11-29 20:30:00,78.72629258517034
2025-11-29 20:32:30,78.72296593186373
2025-11-29 20:35:00,78.71963927855711
2025-11-29 20:37:30,78.71631262525051
2025-11-29 20:40:00,78.7129859719439
2025-11-29 20:42:30,78.70965931863728
2025-11-29 20:45:00,78.70633266533066
2025-11-29 20:47:30,78.70300601202405
2025-11-29 20:50:00,78.69967935871743
2025-11-29 20:52:30,78.69635270541082
2025-11-29 20:55:00,78.69302605210422
2025-11-29 20:57:30,78.6896993987976
2025-11-29 21:00:00,78.68637274549098
2025-11-29 21:02:30,78.68304609218437
2025-11-29 21:05:00,78.67971943887775
2025-11-29 21:07:30,78.67639278557115
2025-11-29 21:10:00,78.67306613226454
2025-11-29 21:12:30,78.66973947895792
2025-11-29 21:15:00,78.6664128256513
2025-11-29 21:17:30,78.66308617234469
2025-11-29 21:20:00,78.65975951903808
2025-11-29 21:22:30,78.65643286573146
2025-11-29 21:25:00,78.65310621242486
2025-11-29 21:27:30,78.64977955911824
2025-11-29 21:30:00,78.64645290581163
2025-11-29 21:32:30,78.64312625250501
2025-11-29 21:35:00,78.6397995991984
2025-11-29 21:37:30,78.63647294589178
2025-11-29 21:40:00,78.63314629258517
2025-11-29 21:42:30,78.62981963927857
2025-11-29 21:45:00,78.62649298597195
2025-11-29 21:47:30,78.62316633266533
2025-11-29 21:50:00,78.61983967935872
2025-11-29 21:52:30,78.6165130260521
2025-11-29 21:55:00,78.61318637274549
2025-11-29 21:57:30,78.60985971943887
2025-11-29 22:00:00,78.60653306613227
2025-11-29 22:02:30,78.60320641282566
2025-11-29 22:05:00,78.59987975951904
2025-11-29 22:07:30,78.59655310621243
2025-11-29 22:10:00,78.59322645290581
2025-11-29 22:12:30,78.58989979959921
2025-11-29 22:15:00,78.5865731462926
2025-11-29 22:17:30,78.58324649298598
2025-11-29 22:20:00,78.57991983967936
2025-11-29 22:22:30,78.57659318637275
2025-11-29 22:25:00,78.57326653306613
2025-11-29 22:27:30,78.56993987975952
2025-11-29 22:30:00,78.56661322645292
2025-11-29 22:32:30,78.5632865731463
2025-11-29 22:35:00,78.55995991983968
2025-11-29 22:37:30,78.55663326653307
2025-11-29 22:40:00,78.55330661322645
2025-11-29 22:42:30,78.54997995991984
2025-11-29 22:45:00,78.54665330661322
2025-11-29 22:47:30,78.54332665330662
2025-11-29 22:50:00,78.54
2025-11-29 22:52:30,78.53667334669339
2025-11-29 22:55:00,78.53334669338678
2025-11-29 22:57:30,78.53002004008016
2025-11-29 23:00:00,78.52669338677354
2025-11-29 23:02:30,78.52336673346693
2025-11-29 23:05:00,78.52004008016033
2025-11-29 23:07:30,78.51671342685371
2025-11-29 23:10:00,78.5133867735471
2025-11-29 23:12:30,78.51006012024048
2025-11-29 23:15:00,78.50673346693387
2025-11-29 23:17:30,78.50340681362727
2025-11-29 23:20:00,78.50008016032065
2025-11-29 23:22:30,78.49675350701403
2025-11-29 23:25:00,78.49342685370742
2025-11-29 23:27:30,78.4901002004008
2025-11-29 23:30:00,78.48677354709419
2025-11-29 23:32:30,78.48344689378757
2025-11-29 23:35:00,78.48012024048097
2025-11-29 23:37:30,78.47679358717436
2025-11-29 23:40:00,78.47346693386774
2025-11-29 23:42:30,78.47014028056113
2025-11-29 23:45:00,78.46681362725451
2025-11-29 23:47:30,78.4634869739479
2025-11-29 23:50:00,78.46016032064128
2025-11-29 23:52:30,78.45683366733468
2025-11-29 23:55:00,78.45350701402806
2025-11-29 23:57:30,78.45018036072145
2025-11-30 00:00:00,78.44685370741483
2025-11-30 00:02:30,78.44352705410822
2025-11-30 00:05:00,78.4402004008016
2025-11-30 00:07:30,78.43687374749499
2025-11-30 00:10:00,78.43354709418838
2025-11-30 00:12:30,78.43022044088177
2025-11-30 00:15:00,78.42689378757515
2025-11-30 00:17:30,78.42356713426854
2025-11-30 00:20:00,78.42024048096192
2025-11-30 00:22:30,78.41691382765532
2025-11-30 00:25:00,78.4135871743487
2025-11-30 00:27:30,78.41026052104209
2025-11-30 00:30:00,78.40693386773548
2025-11-30 00:32:30,78.40360721442886
2025-11-30 00:35:00,78.40028056112224
2025-11-30 00:37:30,78.39695390781563
2025-11-30 00:40:00,78.39362725450903
2025-11-30 00:42:30,78.39030060120241
2025-11-30 00:45:00,78.3869739478958
2025-11-30 00:47:30,78.38364729458918
2025-11-30 00:50:00,78.38032064128257
2025-11-30 00:52:30,78.37699398797595
2025-11-30 00:55:00,78.37366733466934
2025-11-30 00:57:30,78.37034068136273
2025-11-30 01:00:00,78.36701402805612
2025-11-30 01:02:30,78.3636873747495
2025-11-30 01:05:00,78.36036072144289
2025-11-30 01:07:30,78.35703406813627
2025-11-30 01:10:00,78.35370741482966
2025-11-30 01:12:30,78.35038076152304
2025-11-30 01:15:00,78.34705410821644
2025-11-30 01:17:30,78.34372745490982
2025-11-30 01:20:00,78.34040080160321
2025-11-30 01:22:30,78.3370741482966
2025-11-30 01:25:00,78.33374749498998
2025-11-30 01:27:30,78.33042084168338
2025-11-30 01:30:00,78.32709418837676
2025-11-30 01:32:30,78.32376753507015
2025-11-30 01:35:00,78.32044088176353
2025-11-30 01:37:30,78.31711422845692
2025-11-30 01:40:00,78.3137875751503
2025-11-30 01:42:30,78.31046092184368
2025-11-30 01:45:00,78.30713426853708
2025-11-30 01:47:30,78.30380761523047
2025-11-30 01:50:00,78.30048096192385
2025-11-30 01:52:30,78.29715430861724
2025-11-30 01:55:00,78.29382765531062
2025-11-30 01:57:30,78.290501002004
2025-11-30 02:00:00,78.28717434869739
2025-11-30 02:02:30,78.28384769539079
2025-11-30 02:05:00,78.28052104208417
2025-11-30 02:07:30,78.27719438877756
2025-11-30 02:10:00,78.27386773547094
2025-11-30 02:12:30,78.27054108216433
2025-11-30 02:15:00,78.26721442885771
2025-11-30 02:17:30,78.2638877755511
2025-11-30 02:20:00,78.2605611222445
2025-11-30 02:22:30,78.25723446893788
2025-11-30 02:25:00,78.25390781563127
2025-11-30 02:27:30,78.25058116232465
2025-11-30 02:30:00,78.24725450901803
2025-11-30 02:32:30,78.24392785571143
2025-11-30 02:35:00,78.24060120240482
2025-11-30 02:37:30,78.2372745490982
2025-11-30 02:40:00,78.23394789579159
2025-11-30 02:42:30,78.23062124248497
2025-11-30 02:45:00,78.22729458917836
2025-11-30 02:47:30,78.22396793587174
2025-11-30 02:50:00,78.22064128256514
2025-11-30 02:52:30,78.21731462925852
2025-11-30 02:55:00,78.21398797595191
2025-11-30 02:57:30,78.2106613226453
2025-11-30 03:00:00,78.20733466933868
2025-11-30 03:02:30,78.20400801603206
2025-11-30 03:05:00,78.20068136272545
2025-11-30 03:07:30,78.19735470941885
2025-11-30 03:10:00,78.19402805611223
2025-11-30 03:12:30,78.19070140280562
2025-11-30 03:15:00,78.187374749499
2025-11-30 03:17:30,78.18404809619238
2025-11-30 03:20:00,78.18072144288577
2025-11-30 03:22:30,78.17739478957915
2025-11-30 03:25:00,78.17406813627255
2025-11-30 03:27:30,78.17074148296594
2025-11-30 03:30:00,78.16741482965932
2025-11-30 03:32:30,78.1640881763527
2025-11-30 03:35:00,78.16076152304609
2025-11-30 03:37:30,78.15743486973949
2025-11-30 03:40:00,78.15410821643287
2025-11-30 03:42:30,78.15078156312626
2025-11-30 03:45:00,78.14745490981964
2025-11-30 03:47:30,78.14412825651303
2025-11-30 03:50:00,78.14080160320641
2025-11-30 03:52:30,78.1374749498998
2025-11-30 03:55:00,78.1341482965932
2025-11-30 03:57:30,78.13082164328658
2025-11-30 04:00:00,78.12749498997997
2025-11-30 04:02:30,78.12416833667335
2025-11-30 04:05:00,78.12084168336673
2025-11-30 04:07:30,78.11751503006012
2025-11-30 04:10:00,78.1141883767535
2025-11-30 04:12:30,78.1108617234469
2025-11-30 04:15:00,78.10753507014029
2025-11-30 04:17:30,78.10420841683367
2025-11-30 04:20:00,78.10088176352706
2025-11-30 04:22:30,78.09755511022044
2025-11-30 04:25:00,78.09422845691383
2025-11-30 04:27:30,78.09090180360721
2025-11-30 04:30:00,78.08757515030061
2025-11-30 04:32:30,78.084248496994
2025-11-30 04:35:00,78.08092184368738
2025-11-30 04:37:30,78.07759519038076
2025-11-30 04:40:00,78.07426853707415
2025-11-30 04:42:30,78.07094188376755
2025-11-30 04:45:00,78.06761523046093
2025-11-30 04:47:30,78.06428857715431
2025-11-30 04:50:00,78.0609619238477
2025-11-30 04:52:30,78.05763527054108
2025-11-30 04:55:00,78.05430861723447
2025-11-30 04:57:30,78.05098196392785
2025-11-30 05:00:00,78.04765531062125
2025-11-30 05:02:30,78.04432865731464
2025-11-30 05:05:00,78.04100200400802
2025-11-30 05:07:30,78.0376753507014
2025-11-30 05:10:00,78.03434869739479
2025-11-30 05:12:30,78.03102204408817
2025-11-30 05:15:00,78.02769539078156
2025-11-30 05:17:30,78.02436873747496
2025-11-30 05:20:00,78.02104208416834
2025-11-30 05:22:30,78.01771543086173
2025-11-30 05:25:00,78.01438877755511
2025-11-30 05:27:30,78.0110621242485
2025-11-30 05:30:00,78.00773547094188
2025-11-30 05:32:30,78.00440881763527
2025-11-30 05:35:00,78.00108216432866
2025-11-30 05:37:30,77.99775551102205
2025-11-30 05:40:00,77.99442885771543
2025-11-30 05:42:30,77.99110220440882
2025-11-30 05:45:00,77.9877755511022
2025-11-30 05:47:30,77.9844488977956
2025-11-30 05:50:00,77.98112224448899
2025-11-30 05:52:30,77.97779559118237
2025-11-30 05:55:00,77.97446893787576
2025-11-30 05:57:30,77.97114228456914
2025-11-30 06:00:00,77.96781563126252
2025-11-30 06:02:30,77.96448897795591
2025-11-30 06:05:00,77.96116232464931
2025-11-30 06:07:30,77.95783567134269
2025-11-30 06:10:00,77.95450901803608
2025-11-30 06:12:30,77.95118236472946
2025-11-30 06:15:00,77.94785571142285
2025-11-30 06:17:30,77.94452905811623
2025-11-30 06:20:00,77.94120240480962
2025-11-30 06:22:30,77.93787575150301
2025-11-30 06:25:00,77.9345490981964
2025-11-30 06:27:30,77.93122244488978
2025-11-30 06:30:00,77.92789579158317
2025-11-30 06:32:30,77.92456913827655
2025-11-30 06:35:00,77.92124248496994
2025-11-30 06:37:30,77.91791583166332
2025-11-30 06:40:00,77.91458917835672
2025-11-30 06:42:30,77.9112625250501
2025-11-30 06:45:00,77.90793587174349
2025-11-30 06:47:30,77.90460921843687
2025-11-30 06:50:00,77.90128256513026
2025-11-30 06:52:30,77.89795591182366
2025-11-30 06:55:00,77.89462925851704
2025-11-30 06:57:30,77.89130260521043
2025-11-30 07:00:00,77.88797595190381
2025-11-30 07:02:30,77.8846492985972
2025-11-30 07:05:00,77.88132264529058
2025-11-30 07:07:30,77.87799599198397
2025-11-30 07:10:00,77.87466933867736
2025-11-30 07:12:30,77.87134268537075
2025-11-30 07:15:00,77.86801603206413
2025-11-30 07:17:30,77.86468937875752
2025-11-30 07:20:00,77.8613627254509
2025-11-30 07:22:30,77.85803607214429
2025-11-30 07:25:00,77.85470941883767
2025-11-30 07:27:30,77.85138276553107
2025-11-30 07:30:00,77.84805611222446
2025-11-30 07:32:30,77.84472945891784
2025-11-30 07:35:00,77.84140280561122
2025-11-30 07:37:30,77.83807615230461
2025-11-30 07:40:00,77.834749498998
2025-11-30 07:42:30,77.83142284569138
2025-11-30 07:45:00,77.82809619238478
2025-11-30 07:47:30,77.82476953907816
2025-11-30 07:50:00,77.82144288577155
2025-11-30 07:52:30,77.81811623246493
2025-11-30 07:55:00,77.81478957915832
2025-11-30 07:57:30,77.81146292585171
2025-11-30 08:00:00,77.8081362725451
2025-11-30 08:02:30,77.80480961923848
2025-11-30 08:05:00,77.80148296593187
2025-11-30 08:07:30,77.79815631262525
2025-11-30 08:10:00,77.79482965931864
2025-11-30 08:12:30,77.79150300601202
2025-11-30 08:15:00,77.78817635270542
2025-11-30 08:17:30,77.7848496993988
2025-11-30 08:20:00,77.78152304609219
2025-11-30 08:22:30,77.77819639278557
2025-11-30 08:25:00,77.77486973947896
2025-11-30 08:27:30,77.77154308617234
2025-11-30 08:30:00,77.76821643286573
2025-11-30 08:32:30,77.76488977955913
2025-11-30 08:35:00,77.76156312625251
2025-11-30 08:37:30,77.7582364729459
2025-11-30 08:40:00,77.75490981963928
2025-11-30 08:42:30,77.75158316633267
2025-11-30 08:45:00,77.74825651302605
2025-11-30 08:47:30,77.74492985971943
2025-11-30 08:50:00,77.74160320641283
2025-11-30 08:52:30,77.73827655310622
2025-11-30 08:55:00,77.7349498997996
2025-11-30 08:57:30,77.73162324649299
2025-11-30 09:00:00,77.72829659318637
2025-11-30 09:02:30,77.72496993987977
2025-11-30 09:05:00,77.72164328657315
2025-11-30 09:07:30,77.71831663326654
2025-11-30 09:10:00,77.71498997995992
2025-11-30 09:12:30,77.71166332665331
2025-11-30 09:15:00,77.7083366733467
2025-11-30 09:17:30,77.70501002004008
2025-11-30 09:20:00,77.70168336673348
2025-11-30 09:22:30,77.69835671342686
2025-11-30 09:25:00,77.69503006012025
2025-11-30 09:27:30,77.69170340681363
2025-11-30 09:30:00,77.68837675350701
2025-11-30 09:32:30,77.6850501002004
2025-11-30 09:35:00,77.68172344689378
2025-11-30 09:37:30,77.67839679358718
2025-11-30 09:40:00,77.67507014028057
2025-11-30 09:42:30,77.67174348697395
2025-11-30 09:45:00,77.66841683366734
2025-11-30 09:47:30,77.66509018036072
2025-11-30 09:50:00,77.6617635270541
2025-11-30 09:52:30,77.65843687374749
2025-11-30 09:55:00,77.65511022044089
2025-11-30 09:57:30,77.65178356713427
2025-11-30 10:00:00,77.64845691382766
2025-11-30 10:02:30,77.64513026052104
2025-11-30 10:05:00,77.64180360721443
2025-11-30 10:07:30,77.63847695390783
2025-11-30 10:10:00,77.63515030060121
2025-11-30 10:12:30,77.6318236472946
2025-11-30 10:15:00,77.62849699398798
2025-11-30 10:17:30,77.62517034068136
2025-11-30 10:20:00,77.62184368737475
2025-11-30 10:22:30,77.61851703406813
2025-11-30 10:25:00,77.61519038076153
2025-11-30 10:27:30,77.61186372745492
2025-11-30 10:30:00,77.6085370741483
2025-11-30 10:32:30,77.60521042084169
2025-11-30 10:35:00,77.60188376753507
2025-11-30 10:37:30,77.59855711422846
2025-11-30 10:40:00,77.59523046092184
2025-11-30 10:42:30,77.59190380761524
2025-11-30 10:45:00,77.58857715430862
2025-11-30 10:47:30,77.58525050100201
2025-11-30 10:50:00,77.58192384769539
2025-11-30 10:52:30,77.57859719438878
2025-11-30 10:55:00,77.57527054108216
2025-11-30 10:57:30,77.57194388777555
2025-11-30 11:00:00,77.56861723446895
2025-11-30 11:02:30,77.56529058116233
2025-11-30 11:05:00,77.56196392785571
2025-11-30 11:07:30,77.5586372745491
2025-11-30 11:10:00,77.55531062124248
2025-11-30 11:12:30,77.55198396793588
2025-11-30 11:15:00,77.54865731462927
2025-11-30 11:17:30,77.54533066132265
2025-11-30 11:20:00,77.54200400801604
2025-11-30 11:22:30,77.53867735470942
2025-11-30 11:25:00,77.5353507014028
2025-11-30 11:27:30,77.53202404809619
2025-11-30 11:30:00,77.52869739478959
2025-11-30 11:32:30,77.52537074148297
2025-11-30 11:35:00,77.52204408817636
2025-11-30 11:37:30,77.51871743486974
2025-11-30 11:40:00,77.51539078156313
2025-11-30 11:42:30,77.51206412825651
2025-11-30 11:45:00,77.5087374749499
2025-11-30 11:47:30,77.5054108216433
2025-11-30 11:50:00,77.50208416833668
2025-11-30 11:52:30,77.49875751503006
2025-11-30 11:55:00,77.49543086172345
2025-11-30 11:57:30,77.49210420841683
2025-11-30 12:00:00,77.48877755511022
2025-11-30 12:02:30,77.4854509018036
2025-11-30 12:05:00,77.482124248497
2025-11-30 12:07:30,77.47879759519039
2025-11-30 12:10:00,77.47547094188377
2025-11-30 12:12:30,77.47214428857716
2025-11-30 12:15:00,77.46881763527054
2025-11-30 12:17:30,77.46549098196394
2025-11-30 12:20:00,77.46216432865732
2025-11-30 12:22:30,77.45883767535071
2025-11-30 12:25:00,77.45551102204409
2025-11-30 12:27:30,77.45218436873748
2025-11-30 12:30:00,77.44885771543086
2025-11-30 12:32:30,77.44553106212425
2025-11-30 12:35:00,77.44220440881764
2025-11-30 12:37:30,77.43887775551103
2025-11-30 12:40:00,77.43555110220441
2025-11-30 12:42:30,77.4322244488978
2025-11-30 12:45:00,77.42889779559118
2025-11-30 12:47:30,77.42557114228457
2025-11-30 12:50:00,77.42224448897795
2025-11-30 12:52:30,77.41891783567135
2025-11-30 12:55:00,77.41559118236474
2025-11-30 12:57:30,77.41226452905812
2025-11-30 13:00:00,77.4089378757515
2025-11-30 13:02:30,77.40561122244489
2025-11-30 13:05:00,77.40228456913827
2025-11-30 13:07:30,77.39895791583166
2025-11-30 13:10:00,77.39563126252506
2025-11-30 13:12:30,77.39230460921844
2025-11-30 13:15:00,77.38897795591183
2025-11-30 13:17:30,77.38565130260521
2025-11-30 13:20:00,77.3823246492986
2025-11-30 13:22:30,77.378997995992
2025-11-30 13:25:00,77.37567134268538
2025-11-30 13:27:30,77.37234468937876
2025-11-30 13:30:00,77.36901803607215
2025-11-30 13:32:30,77.36569138276553
2025-11-30 13:35:00,77.36236472945892
2025-11-30 13:37:30,77.3590380761523
2025-11-30 13:40:00,77.3557114228457
2025-11-30 13:42:30,77.35238476953909
2025-11-30 13:45:00,77.34905811623247
2025-11-30 13:47:30,77.34573146292585
2025-11-30 13:50:00,77.34240480961924
2025-11-30 13:52:30,77.33907815631262
2025-11-30 13:55:00,77.33575150300601
2025-11-30 13:57:30,77.33242484969941
2025-11-30 14:00:00,77.32909819639279
2025-11-30 14:02:30,77.32577154308618
2025-11-30 14:05:00,77.32244488977956
2025-11-30 14:07:30,77.31911823647295
2025-11-30 14:10:00,77.31579158316633
2025-11-30 14:12:30,77.31246492985971
2025-11-30 14:15:00,77.30913827655311
2025-11-30 14:17:30,77.3058116232465
2025-11-30 14:20:00,77.30248496993988
2025-11-30 14:22:30,77.29915831663327
2025-11-30 14:25:00,77.29583166332665
2025-11-30 14:27:30,77.29250501002005
2025-11-30 14:30:00,77.28917835671344
2025-11-30 14:32:30,77.28585170340682
2025-11-30 14:35:00,77.2825250501002
2025-11-30 14:37:30,77.27919839679359
2025-11-30 14:40:00,77.27587174348697
2025-11-30 14:42:30,77.27254509018036
2025-11-30 14:45:00,77.26921843687376
2025-11-30 14:47:30,77.26589178356714
2025-11-30 14:50:00,77.26256513026053
2025-11-30 14:52:30,77.25923847695391
2025-11-30 14:55:00,77.2559118236473
2025-11-30 14:57:30,77.25258517034068
2025-11-30 15:00:00,77.24925851703406
2025-11-30 15:02:30,77.24593186372746
2025-11-30 15:05:00,77.24260521042085
2025-11-30 15:07:30,77.23927855711423
2025-11-30 15:10:00,77.23595190380762
2025-11-30 15:12:30,77.232625250501
2025-11-30 15:15:00,77.22929859719439
2025-11-30 15:17:30,77.22597194388777
2025-11-30 15:20:00,77.22264529058117
2025-11-30 15:22:30,77.21931863727455
2025-11-30 15:25:00,77.21599198396794
2025-11-30 15:27:30,77.21266533066132
2025-11-30 15:30:00,77.20933867735471
2025-11-30 15:32:30,77.2060120240481
2025-11-30 15:35:00,77.20268537074149
2025-11-30 15:37:30,77.19935871743488
2025-11-30 15:40:00,77.19603206412826
2025-11-30 15:42:30,77.19270541082165
2025-11-30 15:45:00,77.18937875751503
2025-11-30 15:47:30,77.18605210420841
2025-11-30 15:50:00,77.18272545090181
2025-11-30 15:52:30,77.1793987975952
2025-11-30 15:55:00,77.17607214428858
2025-11-30 15:57:30,77.17274549098197
2025-11-30 16:00:00,77.16941883767535
2025-11-30 16:02:30,77.16609218436874
2025-11-30 16:05:00,77.16276553106212
2025-11-30 16:07:30,77.15943887775552
2025-11-30 16:10:00,77.1561122244489
2025-11-30 16:12:30,77.15278557114229
2025-11-30 16:15:00,77.14945891783567
2025-11-30 16:17:30,77.14613226452906
2025-11-30 16:20:00,77.14280561122244
2025-11-30 16:22:30,77.13947895791583
2025-11-30 16:25:00,77.13615230460923
2025-11-30 16:27:30,77.13282565130261
2025-11-30 16:30:00,77.129498997996
2025-11-30 16:32:30,77.12617234468938
2025-11-30 16:35:00,77.12284569138276
2025-11-30 16:37:30,77.11951903807616
2025-11-30 16:40:00,77.11619238476955
2025-11-30 16:42:30,77.11286573146293
2025-11-30 16:45:00,77.10953907815632
2025-11-30 16:47:30,77.1062124248497
2025-11-30 16:50:00,77.10288577154309
2025-11-30 16:52:30,77.09955911823647
2025-11-30 16:55:00,77.09623246492987
2025-11-30 16:57:30,77.09290581162325
2025-11-30 17:00:00,77.08957915831664
2025-11-30 17:02:30,77.08625250501002
2025-11-30 17:05:00,77.08292585170341
2025-11-30 17:07:30,77.07959919839679
2025-11-30 17:10:00,77.07627254509018
2025-11-30 17:12:30,77.07294589178358
2025-11-30 17:15:00,77.06961923847696
2025-11-30 17:17:30,77.06629258517034
2025-11-30 17:20:00,77.06296593186373
2025-11-30 17:22:30,77.05963927855711
2025-11-30 17:25:00,77.0563126252505
2025-11-30 17:27:30,77.05298597194388
2025-11-30 17:30:00,77.04965931863728
2025-11-30 17:32:30,77.04633266533067
2025-11-30 17:35:00,77.04300601202405
2025-11-30 17:37:30,77.03967935871744
2025-11-30 17:40:00,77.03635270541082
2025-11-30 17:42:30,77.03302605210422
2025-11-30 17:45:00,77.0296993987976
2025-11-30 17:47:30,77.02637274549099
2025-11-30 17:50:00,77.02304609218437
2025-11-30 17:52:30,77.01971943887776
2025-11-30 17:55:00,77.01639278557114
2025-11-30 17:57:30,77.01306613226453
2025-11-30 18:00:00,77.00973947895793
2025-11-30 18:02:30,77.00641282565131
2025-11-30 18:05:00,77.0030861723447
2025-11-30 18:07:30,76.99975951903808
2025-11-30 18:10:00,76.99643286573146
2025-11-30 18:12:30,76.99310621242485
2025-11-30 18:15:00,76.98977955911823
2025-11-30 18:17:30,76.98645290581163
2025-11-30 18:20:00,76.98312625250502
2025-11-30 18:22:30,76.9797995991984
2025-11-30 18:25:00,76.97647294589179
2025-11-30 18:27:30,76.97314629258517
2025-11-30 18:30:00,76.96981963927855
2025-11-30 18:32:30,76.96649298597194
2025-11-30 18:35:00,76.96316633266534
2025-11-30 18:37:30,76.95983967935872
2025-11-30 18:40:00,76.95651302605211
2025-11-30 18:42:30,76.95318637274549
2025-11-30 18:45:00,76.94985971943888
2025-11-30 18:47:30,76.94653306613228
2025-11-30 18:50:00,76.94320641282566
2025-11-30 18:52:30,76.93987975951904
2025-11-30 18:55:00,76.93655310621243
2025-11-30 18:57:30,76.93322645290581
2025-11-30 19:00:00,76.9298997995992
2025-11-30 19:02:30,76.92657314629258
2025-11-30 19:05:00,76.92324649298598
2025-11-30 19:07:30,76.91991983967937
2025-11-30 19:10:00,76.91659318637275
2025-11-30 19:12:30,76.91326653306614
2025-11-30 19:15:00,76.90993987975952
2025-11-30 19:17:30,76.9066132264529
2025-11-30 19:20:00,76.90328657314629
2025-11-30 19:22:30,76.89995991983969
2025-11-30 19:25:00,76.89663326653307
2025-11-30 19:27:30,76.89330661322646
2025-11-30 19:30:00,76.88997995991984
2025-11-30 19:32:30,76.88665330661323
2025-11-30 19:35:00,76.88332665330661
2025-11-30 19:37:30,76.88
2025-11-30 19:40:00,76.8766733466934
2025-11-30 19:42:30,76.87334669338678
2025-11-30 19:45:00,76.87002004008016
2025-11-30 19:47:30,76.86669338677355
2025-11-30 19:50:00,76.86336673346693
2025-11-30 19:52:30,76.86004008016033
2025-11-30 19:55:00,76.85671342685372
2025-11-30 19:57:30,76.8533867735471
2025-11-30 20:00:00,76.85006012024049
2025-11-30 20:02:30,76.84673346693387
2025-11-30 20:05:00,76.84340681362725
2025-11-30 20:07:30,76.84008016032064
2025-11-30 20:10:00,76.83675350701404
2025-11-30 20:12:30,76.83342685370742
2025-11-30 20:15:00,76.8301002004008
2025-11-30 20:17:30,76.82677354709419
2025-11-30 20:20:00,76.82344689378758
2025-11-30 20:22:30,76.82012024048096
2025-11-30 20:25:00,76.81679358717435
2025-11-30 20:27:30,76.81346693386774
2025-11-30 20:30:00,76.81014028056113
2025-11-30 20:32:30,76.80681362725451
2025-11-30 20:35:00,76.8034869739479
2025-11-30 20:37:30,76.80016032064128
2025-11-30 20:40:00,76.79683366733467
2025-11-30 20:42:30,76.79350701402805
2025-11-30 20:45:00,76.79018036072145
2025-11-30 20:47:30,76.78685370741483
2025-11-30 20:50:00,76.78352705410822
2025-11-30 20:52:30,76.7802004008016
2025-11-30 20:55:00,76.77687374749499
2025-11-30 20:57:30,76.77354709418839
2025-11-30 21:00:00,76.77022044088177
2025-11-30 21:02:30,76.76689378757516
2025-11-30 21:05:00,76.76356713426854
2025-11-30 21:07:30,76.76024048096193
2025-11-30 21:10:00,76.75691382765531
2025-11-30 21:12:30,76.7535871743487
2025-11-30 21:15:00,76.7502605210421
2025-11-30 21:17:30,76.74693386773548
2025-11-30 21:20:00,76.74360721442886
2025-11-30 21:22:30,76.74028056112225
2025-11-30 21:25:00,76.73695390781563
2025-11-30 21:27:30,76.73362725450902
2025-11-30 21:30:00,76.7303006012024
2025-11-30 21:32:30,76.7269739478958
2025-11-30 21:35:00,76.72364729458918
2025-11-30 21:37:30,76.72032064128257
2025-11-30 21:40:00,76.71699398797595
2025-11-30 21:42:30,76.71366733466934
2025-11-30 21:45:00,76.71034068136272
2025-11-30 21:47:30,76.70701402805611
2025-11-30 21:50:00,76.7036873747495
2025-11-30 21:52:30,76.70036072144289
2025-11-30 21:55:00,76.69703406813628
2025-11-30 21:57:30,76.69370741482966
2025-11-30 22:00:00,76.69038076152304
2025-11-30 22:02:30,76.68705410821644
2025-11-30 22:05:00,76.68372745490983
2025-11-30 22:07:30,76.68040080160321
2025-11-30 22:10:00,76.6770741482966
2025-11-30 22:12:30,76.67374749498998
2025-11-30 22:15:00,76.67042084168337
2025-11-30 22:17:30,76.66709418837675
2025-11-30 22:20:00,76.66376753507015
2025-11-30 22:22:30,76.66044088176353
2025-11-30 22:25:00,76.65711422845692
2025-11-30 22:27:30,76.6537875751503
2025-11-30 22:30:00,76.65046092184369
2025-11-30 22:32:30,76.64713426853707
2025-11-30 22:35:00,76.64380761523046
2025-11-30 22:37:30,76.64048096192386
2025-11-30 22:40:00,76.63715430861724
2025-11-30 22:42:30,76.63382765531063
2025-11-30 22:45:00,76.63050100200401
2025-11-30 22:47:30,76.6271743486974
2025-11-30 22:50:00,76.62384769539078
2025-11-30 22:52:30,76.62052104208416
2025-11-30 22:55:00,76.61719438877756
2025-11-30 22:57:30,76.61386773547095
2025-11-30 23:00:00,76.61054108216433
2025-11-30 23:02:30,76.60721442885772
2025-11-30 23:05:00,76.6038877755511
2025-11-30 23:07:30,76.6005611222445
2025-11-30 23:10:00,76.59723446893788
2025-11-30 23:12:30,76.59390781563127
2025-11-30 23:15:00,76.59058116232465
2025-11-30 23:17:30,76.58725450901804
2025-11-30 23:20:00,76.58392785571142
2025-11-30 23:22:30,76.58060120240481
2025-11-30 23:25:00,76.5772745490982
2025-11-30 23:27:30,76.57394789579159
2025-11-30 23:30:00,76.57062124248498
2025-11-30 23:32:30,76.56729458917836
2025-11-30 23:35:00,76.56396793587174
2025-11-30 23:37:30,76.56064128256513
2025-11-30 23:40:00,76.55731462925851
2025-11-30 23:42:30,76.55398797595191
2025-11-30 23:45:00,76.5506613226453
2025-11-30 23:47:30,76.54733466933868
2025-11-30 23:50:00,76.54400801603207
2025-11-30 23:52:30,76.54068136272545
2025-11-30 23:55:00,76.53735470941884
2025-11-30 23:57:30,76.53402805611222
2025-12-01 00:00:00,76.53070140280562
2025-12-01 00:02:30,76.527374749499
2025-12-01 00:05:00,76.52404809619239
2025-12-01 00:07:30,76.52072144288577
2025-12-01 00:10:00,76.51739478957916
2025-12-01 00:12:30,76.51406813627256
2025-12-01 00:15:00,76.51074148296594
2025-12-01 00:17:30,76.50741482965933
2025-12-01 00:20:00,76.50408817635271
2025-12-01 00:22:30,76.5007615230461
2025-12-01 00:25:00,76.49743486973948
2025-12-01 00:27:30,76.49410821643286
2025-12-01 00:30:00,76.49078156312626
2025-12-01 00:32:30,76.48745490981965
2025-12-01 00:35:00,76.48412825651303
2025-12-01 00:37:30,76.48080160320642
2025-12-01 00:40:00,76.4774749498998
2025-12-01 00:42:30,76.47414829659319
2025-12-01 00:45:00,76.47082164328657
2025-12-01 00:47:30,76.46749498997997
2025-12-01 00:50:00,76.46416833667335
2025-12-01 00:52:30,76.46084168336674
2025-12-01 00:55:00,76.45751503006012
2025-12-01 00:57:30,76.4541883767535
2025-12-01 01:00:00,76.45086172344689
2025-12-01 01:02:30,76.44753507014028
2025-12-01 01:05:00,76.44420841683367
2025-12-01 01:07:30,76.44088176352706
2025-12-01 01:10:00,76.43755511022044
2025-12-01 01:12:30,76.43422845691383
2025-12-01 01:15:00,76.43090180360721
2025-12-01 01:17:30,76.42757515030061
2025-12-01 01:20:00,76.424248496994
2025-12-01 01:22:30,76.42092184368738
2025-12-01 01:25:00,76.41759519038077
2025-12-01 01:27:30,76.41426853707415
2025-12-01 01:30:00,76.41094188376753
2025-12-01 01:32:30,76.40761523046092
2025-12-01 01:35:00,76.40428857715432
2025-12-01 01:37:30,76.4009619238477
2025-12-01 01:40:00,76.39763527054109
2025-12-01 01:42:30,76.39430861723447
2025-12-01 01:45:00,76.39098196392786
2025-12-01 01:47:30,76.38765531062124
2025-12-01 01:50:00,76.38432865731463
2025-12-01 01:52:30,76.38100200400802
2025-12-01 01:55:00,76.37767535070141
2025-12-01 01:57:30,76.3743486973948
2025-12-01 02:00:00,76.37102204408818
2025-12-01 02:02:30,76.36769539078156
2025-12-01 02:05:00,76.36436873747495
2025-12-01 02:07:30,76.36104208416833
2025-12-01 02:10:00,76.35771543086173
2025-12-01 02:12:30,76.35438877755512
2025-12-01 02:15:00,76.3510621242485
2025-12-01 02:17:30,76.34773547094188
2025-12-01 02:20:00,76.34440881763527
2025-12-01 02:22:30,76.34108216432867
2025-12-01 02:25:00,76.33775551102205
2025-12-01 02:27:30,76.33442885771544
2025-12-01 02:30:00,76.33110220440882
2025-12-01 02:32:30,76.3277755511022
2025-12-01 02:35:00,76.32444889779559
2025-12-01 02:37:30,76.32112224448898
2025-12-01 02:40:00,76.31779559118237
2025-12-01 02:42:30,76.31446893787576
2025-12-01 02:45:00,76.31114228456914
2025-12-01 02:47:30,76.30781563126253
2025-12-01 02:50:00,76.30448897795591
2025-12-01 02:52:30,76.3011623246493
2025-12-01 02:55:00,76.29783567134268
2025-12-01 02:57:30,76.29450901803608
2025-12-01 03:00:00,76.29118236472947
2025-12-01 03:02:30,76.28785571142285
2025-12-01 03:05:00,76.28452905811623
2025-12-01 03:07:30,76.28120240480962
2025-12-01 03:10:00,76.277875751503
2025-12-01 03:12:30,76.27454909819639
2025-12-01 03:15:00,76.27122244488979
2025-12-01 03:17:30,76.26789579158317
2025-12-01 03:20:00,76.26456913827656
2025-12-01 03:22:30,76.26124248496994
2025-12-01 03:25:00,76.25791583166333
2025-12-01 03:27:30,76.25458917835672
2025-12-01 03:30:00,76.25126252505011
2025-12-01 03:32:30,76.2479358717435
2025-12-01 03:35:00,76.24460921843688
2025-12-01 03:37:30,76.24128256513026
2025-12-01 03:40:00,76.23795591182365
2025-12-01 03:42:30,76.23462925851703
2025-12-01 03:45:00,76.23130260521043
2025-12-01 03:47:30,76.22797595190382
2025-12-01 03:50:00,76.2246492985972
2025-12-01 03:52:30,76.22132264529058
2025-12-01 03:55:00,76.21799599198397
2025-12-01 03:57:30,76.21466933867735
2025-12-01 04:00:00,76.21134268537074
2025-12-01 04:02:30,76.20801603206414
2025-12-01 04:05:00,76.20468937875752
2025-12-01 04:07:30,76.2013627254509
2025-12-01 04:10:00,76.19803607214429
2025-12-01 04:12:30,76.19470941883768
2025-12-01 04:15:00,76.19138276553106
2025-12-01 04:17:30,76.18805611222444
2025-12-01 04:20:00,76.18472945891784
2025-12-01 04:22:30,76.18140280561123
2025-12-01 04:25:00,76.17807615230461
2025-12-01 04:27:30,76.174749498998
2025-12-01 04:30:00,76.17142284569138
2025-12-01 04:32:30,76.16809619238478
2025-12-01 04:35:00,76.16476953907816
2025-12-01 04:37:30,76.16144288577155
2025-12-01 04:40:00,76.15811623246493
2025-12-01 04:42:30,76.15478957915832
2025-12-01 04:45:00,76.1514629258517
2025-12-01 04:47:30,76.14813627254509
2025-12-01 04:50:00,76.14480961923849
2025-12-01 04:52:30,76.14148296593187
2025-12-01 04:55:00,76.13815631262526
2025-12-01 04:57:30,76.13482965931864
2025-12-01 05:00:00,76.13150300601203
2025-12-01 05:02:30,76.12817635270541
2025-12-01 05:05:00,76.1248496993988
2025-12-01 05:07:30,76.1215230460922
2025-12-01 05:10:00,76.11819639278558
2025-12-01 05:12:30,76.11486973947896
2025-12-01 05:15:00,76.11154308617235
2025-12-01 05:17:30,76.10821643286573
2025-12-01 05:20:00,76.10488977955912
2025-12-01 05:22:30,76.1015631262525
2025-12-01 05:25:00,76.0982364729459
2025-12-01 05:27:30,76.09490981963928
2025-12-01 05:30:00,76.09158316633267
2025-12-01 05:32:30,76.08825651302605
2025-12-01 05:35:00,76.08492985971944
2025-12-01 05:37:30,76.08160320641284
2025-12-01 05:40:00,76.07827655310622
2025-12-01 05:42:30,76.0749498997996
2025-12-01 05:45:00,76.07162324649299
2025-12-01 05:47:30,76.06829659318637
2025-12-01 05:50:00,76.06496993987976
2025-12-01 05:52:30,76.06164328657314
2025-12-01 05:55:00,76.05831663326654
2025-12-01 05:57:30,76.05498997995993
2025-12-01 06:00:00,76.05166332665331
2025-12-01 06:02:30,76.0483366733467
2025-12-01 06:05:00,76.04501002004008
2025-12-01 06:07:30,76.04168336673347
2025-12-01 06:10:00,76.03835671342685
2025-12-01 06:12:30,76.03503006012025
2025-12-01 06:15:00,76.03170340681363
2025-12-01 06:17:30,76.02837675350702
2025-12-01 06:20:00,76.0250501002004
2025-12-01 06:22:30,76.02172344689379
2025-12-01 06:25:00,76.01839679358717
2025-12-01 06:27:30,76.01507014028056
2025-12-01 06:30:00,76.01174348697396
2025-12-01 06:32:30,76.00841683366734
2025-12-01 06:35:00,76.00509018036072
2025-12-01 06:37:30,76.00176352705411
2025-12-01 06:40:00,75.9984368737475
2025-12-01 06:42:30,75.99511022044089
2025-12-01 06:45:00,75.99178356713428
2025-12-01 06:47:30,75.98845691382766
2025-12-01 06:50:00,75.98513026052105
2025-12-01 06:52:30,75.98180360721443
2025-12-01 06:55:00,75.97847695390782
2025-12-01 06:57:30,75.9751503006012
2025-12-01 07:00:00,75.9718236472946
2025-12-01 07:02:30,75.96849699398798
2025-12-01 07:05:00,75.96517034068137
2025-12-01 07:07:30,75.96184368737475
2025-12-01 07:10:00,75.95851703406814
2025-12-01 07:12:30,75.95519038076152
2025-12-01 07:15:00,75.9518637274549
2025-12-01 07:17:30,75.9485370741483
2025-12-01 07:20:00,75.94521042084169
2025-12-01 07:22:30,75.94188376753507
2025-12-01 07:25:00,75.93855711422846
2025-12-01 07:27:30,75.93523046092184
2025-12-01 07:30:00,75.93190380761523
2025-12-01 07:32:30,75.92857715430861
2025-12-01 07:35:00,75.92525050100201
2025-12-01 07:37:30,75.9219238476954
2025-12-01 07:40:00,75.91859719438878
2025-12-01 07:42:30,75.91527054108217
2025-12-01 07:45:00,75.91194388777555
2025-12-01 07:47:30,75.90861723446895
2025-12-01 07:50:00,75.90529058116233
2025-12-01 07:52:30,75.90196392785572
2025-12-01 07:55:00,75.8986372745491
2025-12-01 07:57:30,75.89531062124249
2025-12-01 08:00:00,75.89198396793587
2025-12-01 08:02:30,75.88865731462926
2025-12-01 08:05:00,75.88533066132266
2025-12-01 08:07:30,75.88200400801604
2025-12-01 08:10:00,75.87867735470942
2025-12-01 08:12:30,75.87535070140281
2025-12-01 08:15:00,75.8720240480962
2025-12-01 08:17:30,75.86869739478958
2025-12-01 08:20:00,75.86537074148296
2025-12-01 08:22:30,75.86204408817636
2025-12-01 08:25:00,75.85871743486975
2025-12-01 08:27:30,75.85539078156313
2025-12-01 08:30:00,75.85206412825652
2025-12-01 08:32:30,75.8487374749499
2025-12-01 08:35:00,75.84541082164328
2025-12-01 08:37:30,75.84208416833667
2025-12-01 08:40:00,75.83875751503007
2025-12-01 08:42:30,75.83543086172345
2025-12-01 08:45:00,75.83210420841684
2025-12-01 08:47:30,75.82877755511022
2025-12-01 08:50:00,75.8254509018036
2025-12-01 08:52:30,75.822124248497
2025-12-01 08:55:00,75.81879759519039
2025-12-01 08:57:30,75.81547094188377
2025-12-01 09:00:00,75.81214428857716
2025-12-01 09:02:30,75.80881763527054
2025-12-01 09:05:00,75.80549098196393
2025-12-01 09:07:30,75.80216432865731
2025-12-01 09:10:00,75.79883767535071
2025-12-01 09:12:30,75.7955110220441
2025-12-01 09:15:00,75.79218436873748
2025-12-01 09:17:30,75.78885771543086
2025-12-01 09:20:00,75.78553106212425
2025-12-01 09:22:30,75.78220440881763
2025-12-01 09:25:00,75.77887775551102
2025-12-01 09:27:30,75.77555110220442
2025-12-01 09:30:00,75.7722244488978
2025-12-01 09:32:30,75.76889779559119
2025-12-01 09:35:00,75.76557114228457
2025-12-01 09:37:30,75.76224448897796
2025-12-01 09:40:00,75.75891783567134
2025-12-01 09:42:30,75.75559118236474
2025-12-01 09:45:00,75.75226452905812
2025-12-01 09:47:30,75.74893787575151
2025-12-01 09:50:00,75.7456112224449
2025-12-01 09:52:30,75.74228456913828
2025-12-01 09:55:00,75.73895791583166
2025-12-01 09:57:30,75.73563126252506
2025-12-01 10:00:00,75.73230460921845
2025-12-01 10:02:30,75.72897795591183
2025-12-01 10:05:00,75.72565130260521
2025-12-01 10:07:30,75.7223246492986
2025-12-01 10:10:00,75.71899799599198
2025-12-01 10:12:30,75.71567134268537
2025-12-01 10:15:00,75.71234468937877
2025-12-01 10:17:30,75.70901803607215
2025-12-01 10:20:00,75.70569138276554
2025-12-01 10:22:30,75.70236472945892
2025-12-01 10:25:00,75.6990380761523
2025-12-01 10:27:30,75.69571142284569
2025-12-01 10:30:00,75.69238476953907
2025-12-01 10:32:30,75.68905811623247
2025-12-01 10:35:00,75.68573146292586
2025-12-01 10:37:30,75.68240480961924
2025-12-01 10:40:00,75.67907815631263
2025-12-01 10:42:30,75.67575150300601
2025-12-01 10:45:00,75.6724248496994
2025-12-01 10:47:30,75.6690981963928
2025-12-01 10:50:00,75.66577154308618
2025-12-01 10:52:30,75.66244488977956
2025-12-01 10:55:00,75.65911823647295
2025-12-01 10:57:30,75.65579158316633
2025-12-01 11:00:00,75.65246492985972
2025-12-01 11:02:30,75.64913827655312
2025-12-01 11:05:00,75.6458116232465
2025-12-01 11:07:30,75.64248496993989
2025-12-01 11:10:00,75.63915831663327
2025-12-01 11:12:30,75.63583166332666
2025-12-01 11:15:00,75.63250501002004
2025-12-01 11:17:30,75.62917835671342
2025-12-01 11:20:00,75.62585170340682
2025-12-01 11:22:30,75.62252505010021
2025-12-01 11:25:00,75.61919839679359
2025-12-01 11:27:30,75.61587174348698
2025-12-01 11:30:00,75.61254509018036
2025-12-01 11:32:30,75.60921843687375
2025-12-01 11:35:00,75.60589178356713
2025-12-01 11:37:30,75.60256513026053
2025-12-01 11:40:00,75.59923847695391
2025-12-01 11:42:30,75.5959118236473
2025-12-01 11:45:00,75.59258517034068
2025-12-01 11:47:30,75.58925851703407
2025-12-01 11:50:00,75.58593186372745
2025-12-01 11:52:30,75.58260521042085
2025-12-01 11:55:00,75.57927855711424
2025-12-01 11:57:30,75.57595190380762
2025-12-01 12:00:00,75.572625250501
2025-12-01 12:02:30,75.56929859719439
2025-12-01 12:05:00,75.56597194388777
2025-12-01 12:07:30,75.56264529058117
2025-12-01 12:10:00,75.55931863727456
2025-12-01 12:12:30,75.55599198396794
2025-12-01 12:15:00,75.55266533066133
2025-12-01 12:17:30,75.54933867735471
2025-12-01 12:20:00,75.5460120240481
2025-12-01 12:22:30,75.54268537074148
2025-12-01 12:25:00,75.53935871743488
2025-12-01 12:27:30,75.53603206412826
2025-12-01 12:30:00,75.53270541082165
2025-12-01 12:32:30,75.52937875751503
2025-12-01 12:35:00,75.52605210420842
2025-12-01 12:37:30,75.5227254509018
2025-12-01 12:40:00,75.51939879759519
2025-12-01 12:42:30,75.51607214428859
2025-12-01 12:45:00,75.51274549098197
2025-12-01 12:47:30,75.50941883767536
2025-12-01 12:50:00,75.50609218436874
2025-12-01 12:52:30,75.50276553106212
2025-12-01 12:55:00,75.49943887775551
2025-12-01 12:57:30,75.49611222444891
2025-12-01 13:00:00,75.49278557114229
2025-12-01 13:02:30,75.48945891783568
2025-12-01 13:05:00,75.48613226452906
2025-12-01 13:07:30,75.48280561122245
2025-12-01 13:10:00,75.47947895791583
2025-12-01 13:12:30,75.47615230460923
2025-12-01 13:15:00,75.47282565130261
2025-12-01 13:17:30,75.469498997996
2025-12-01 13:20:00,75.46617234468938
2025-12-01 13:22:30,75.46284569138277
2025-12-01 13:25:00,75.45951903807615
2025-12-01 13:27:30,75.45619238476954
2025-12-01 13:30:00,75.45286573146294
2025-12-01 13:32:30,75.44953907815632
2025-12-01 13:35:00,75.4462124248497
2025-12-01 13:37:30,75.44288577154309
2025-12-01 13:40:00,75.43955911823647
2025-12-01 13:42:30,75.43623246492986
2025-12-01 13:45:00,75.43290581162324
2025-12-01 13:47:30,75.42957915831664
2025-12-01 13:50:00,75.42625250501003
2025-12-01 13:52:30,75.42292585170341
2025-12-01 13:55:00,75.4195991983968
2025-12-01 13:57:30,75.41627254509018
2025-12-01 14:00:00,75.41294589178356
2025-12-01 14:02:30,75.40961923847696
2025-12-01 14:05:00,75.40629258517035
2025-12-01 14:07:30,75.40296593186373
2025-12-01 14:10:00,75.39963927855712
2025-12-01 14:12:30,75.3963126252505
2025-12-01 14:15:00,75.39298597194389
2025-12-01 14:17:30,75.38965931863729
2025-12-01 14:20:00,75.38633266533067
2025-12-01 14:22:30,75.38300601202405
2025-12-01 14:25:00,75.37967935871744
2025-12-01 14:27:30,75.37635270541082
2025-12-01 14:30:00,75.37302605210421
2025-12-01 14:32:30,75.3696993987976
2025-12-01 14:35:00,75.36637274549099
2025-12-01 14:37:30,75.36304609218438
2025-12-01 14:40:00,75.35971943887776
2025-12-01 14:42:30,75.35639278557115
2025-12-01 14:45:00,75.35306613226453
2025-12-01 14:47:30,75.34973947895791
2025-12-01 14:50:00,75.3464128256513
2025-12-01 14:52:30,75.3430861723447
2025-12-01 14:55:00,75.33975951903808
2025-12-01 14:57:30,75.33643286573147
2025-12-01 15:00:00,75.33310621242485
2025-12-01 15:02:30,75.32977955911824
2025-12-01 15:05:00,75.32645290581162
2025-12-01 15:07:30,75.32312625250502
2025-12-01 15:10:00,75.3197995991984
2025-12-01 15:12:30,75.31647294589179
2025-12-01 15:15:00,75.31314629258517
2025-12-01 15:17:30,75.30981963927856
2025-12-01 15:20:00,75.30649298597194
2025-12-01 15:22:30,75.30316633266534
2025-12-01 15:25:00,75.29983967935873
2025-12-01 15:27:30,75.29651302605211
2025-12-01 15:30:00,75.2931863727455
2025-12-01 15:32:30,75.28985971943888
2025-12-01 15:35:00,75.28653306613226
2025-12-01 15:37:30,75.28320641282565
2025-12-01 15:40:00,75.27987975951905
2025-12-01 15:42:30,75.27655310621243
2025-12-01 15:45:00,75.27322645290582
2025-12-01 15:47:30,75.2698997995992
2025-12-01 15:50:00,75.26657314629259
2025-12-01 15:52:30,75.26324649298597
2025-12-01 15:55:00,75.25991983967936
2025-12-01 15:57:30,75.25659318637275
2025-12-01 16:00:00,75.25326653306614
2025-12-01 16:02:30,75.24993987975952
2025-12-01 16:05:00,75.24661322645291
2025-12-01 16:07:30,75.24328657314629
2025-12-01 16:10:00,75.23995991983968
2025-12-01 16:12:30,75.23663326653308
2025-12-01 16:15:00,75.23330661322646
2025-12-01 16:17:30,75.22997995991985
2025-12-01 16:20:00,75.22665330661323
2025-12-01 16:22:30,75.22332665330661
2025-12-01 16:25:00,75.22
2025-12-01 16:27:30,75.2166733466934
2025-12-01 16:30:00,75.21334669338678
2025-12-01 16:32:30,75.21002004008017
2025-12-01 16:35:00,75.20669338677355
2025-12-01 16:37:30,75.20336673346694
2025-12-01 16:40:00,75.20004008016032
2025-12-01 16:42:30,75.1967134268537
2025-12-01 16:45:00,75.1933867735471
2025-12-01 16:47:30,75.19006012024049
2025-12-01 16:50:00,75.18673346693387
2025-12-01 16:52:30,75.18340681362726
2025-12-01 16:55:00,75.18008016032064
2025-12-01 16:57:30,75.17675350701403
2025-12-01 17:00:00,75.17342685370741
2025-12-01 17:02:30,75.17010020040081
2025-12-01 17:05:00,75.1667735470942
2025-12-01 17:07:30,75.16344689378758
2025-12-01 17:10:00,75.16012024048096
2025-12-01 17:12:30,75.15679358717435
2025-12-01 17:15:00,75.15346693386773
2025-12-01 17:17:30,75.15014028056113
2025-12-01 17:20:00,75.14681362725452
2025-12-01 17:22:30,75.1434869739479
2025-12-01 17:25:00,75.14016032064129
2025-12-01 17:27:30,75.13683366733467
2025-12-01 17:30:00,75.13350701402805
2025-12-01 17:32:30,75.13018036072145
2025-12-01 17:35:00,75.12685370741484
2025-12-01 17:37:30,75.12352705410822
2025-12-01 17:40:00,75.12020040080161
2025-12-01 17:42:30,75.11687374749499
2025-12-01 17:45:00,75.11354709418838
2025-12-01 17:47:30,75.11022044088176
2025-12-01 17:50:00,75.10689378757516
2025-12-01 17:52:30,75.10356713426854
2025-12-01 17:55:00,75.10024048096193
2025-12-01 17:57:30,75.09691382765531
2025-12-01 18:00:00,75.0935871743487
2025-12-01 18:02:30,75.09026052104208
2025-12-01 18:05:00,75.08693386773547
2025-12-01 18:07:30,75.08360721442887
2025-12-01 18:10:00,75.08028056112225
2025-12-01 18:12:30,75.07695390781564
2025-12-01 18:15:00,75.07362725450902
2025-12-01 18:17:30,75.0703006012024
2025-12-01 18:20:00,75.06697394789579
2025-12-01 18:22:30,75.06364729458919
2025-12-01 18:25:00,75.06032064128257
2025-12-01 18:27:30,75.05699398797596
2025-12-01 18:30:00,75.05366733466934
2025-12-01 18:32:30,75.05034068136273
2025-12-01 18:35:00,75.04701402805611
2025-12-01 18:37:30,75.04368737474951
2025-12-01 18:40:00,75.0403607214429
2025-12-01 18:42:30,75.03703406813628
2025-12-01 18:45:00,75.03370741482966
2025-12-01 18:47:30,75.03038076152305
2025-12-01 18:50:00,75.02705410821643
2025-12-01 18:52:30,75.02372745490982
2025-12-01 18:55:00,75.02040080160322
2025-12-01 18:57:30,75.0170741482966
2025-12-01 19:00:00,75.01374749498999
2025-12-01 19:02:30,75.01042084168337
2025-12-01 19:05:00,75.00709418837675
2025-12-01 19:07:30,75.00376753507014
2025-12-01 19:10:00,75.00044088176352
2025-12-01 19:12:30,74.99711422845692
2025-12-01 19:15:00,74.99378757515031
2025-12-01 19:17:30,74.99046092184369
2025-12-01 19:20:00,74.98713426853708
2025-12-01 19:22:30,74.98380761523046
2025-12-01 19:25:00,74.98048096192385
2025-12-01 19:27:30,74.97715430861724
2025-12-01 19:30:00,74.97382765531063
2025-12-01 19:32:30,74.97050100200401
2025-12-01 19:35:00,74.9671743486974
2025-12-01 19:37:30,74.96384769539078
2025-12-01 19:40:00,74.96052104208417
2025-12-01 19:42:30,74.95719438877757
2025-12-01 19:45:00,74.95386773547095
2025-12-01 19:47:30,74.95054108216434
2025-12-01 19:50:00,74.94721442885772
2025-12-01 19:52:30,74.9438877755511
2025-12-01 19:55:00,74.94056112224449
2025-12-01 19:57:30,74.93723446893787
2025-12-01 20:00:00,74.93390781563127
2025-12-01 20:02:30,74.93058116232466
2025-12-01 20:05:00,74.92725450901804
2025-12-01 20:07:30,74.92392785571143
2025-12-01 20:10:00,74.92060120240481
2025-12-01 20:12:30,74.9172745490982
2025-12-01 20:15:00,74.91394789579158
2025-12-01 20:17:30,74.91062124248498
2025-12-01 20:20:00,74.90729458917836
2025-12-01 20:22:30,74.90396793587175
2025-12-01 20:25:00,74.90064128256513
2025-12-01 20:27:30,74.89731462925852
2025-12-01 20:30:00,74.8939879759519
2025-12-01 20:32:30,74.8906613226453
2025-12-01 20:35:00,74.88733466933868
2025-12-01 20:37:30,74.88400801603207
2025-12-01 20:40:00,74.88068136272545
2025-12-01 20:42:30,74.87735470941884
2025-12-01 20:45:00,74.87402805611222
2025-12-01 20:47:30,74.87070140280562
2025-12-01 20:50:00,74.867374749499
2025-12-01 20:52:30,74.86404809619239
2025-12-01 20:55:00,74.86072144288578
2025-12-01 20:57:30,74.85739478957916
2025-12-01 21:00:00,74.85406813627255
2025-12-01 21:02:30,74.85074148296593
2025-12-01 21:05:00,74.84741482965933
2025-12-01 21:07:30,74.84408817635271
2025-12-01 21:10:00,74.8407615230461
2025-12-01 21:12:30,74.83743486973948
2025-12-01 21:15:00,74.83410821643287
2025-12-01 21:17:30,74.83078156312625
2025-12-01 21:20:00,74.82745490981964
2025-12-01 21:22:30,74.82412825651303
2025-12-01 21:25:00,74.82080160320642
2025-12-01 21:27:30,74.8174749498998
2025-12-01 21:30:00,74.81414829659319
2025-12-01 21:32:30,74.81082164328657
2025-12-01 21:35:00,74.80749498997996
2025-12-01 21:37:30,74.80416833667336
2025-12-01 21:40:00,74.80084168336674
2025-12-01 21:42:30,74.79751503006013
2025-12-01 21:45:00,74.79418837675351
2025-12-01 21:47:30,74.7908617234469
2025-12-01 21:50:00,74.78753507014028
2025-12-01 21:52:30,74.78420841683368
2025-12-01 21:55:00,74.78088176352706
2025-12-01 21:57:30,74.77755511022045
2025-12-01 22:00:00,74.77422845691383
2025-12-01 22:02:30,74.77090180360722
2025-12-01 22:05:00,74.7675751503006
2025-12-01 22:07:30,74.76424849699399
2025-12-01 22:10:00,74.76092184368738
2025-12-01 22:12:30,74.75759519038077
2025-12-01 22:15:00,74.75426853707415
2025-12-01 22:17:30,74.75094188376754
2025-12-01 22:20:00,74.74761523046092
2025-12-01 22:22:30,74.74428857715431
2025-12-01 22:25:00,74.74096192384769
2025-12-01 22:27:30,74.73763527054109
2025-12-01 22:30:00,74.73430861723448
2025-12-01 22:32:30,74.73098196392786
2025-12-01 22:35:00,74.72765531062124
2025-12-01 22:37:30,74.72432865731463
2025-12-01 22:40:00,74.72100200400801
2025-12-01 22:42:30,74.71767535070141
2025-12-01 22:45:00,74.7143486973948
2025-12-01 22:47:30,74.71102204408818
2025-12-01 22:50:00,74.70769539078157
2025-12-01 22:52:30,74.70436873747495
2025-12-01 22:55:00,74.70104208416834
2025-12-01 22:57:30,74.69771543086173
2025-12-01 23:00:00,74.69438877755512
2025-12-01 23:02:30,74.6910621242485
2025-12-01 23:05:00,74.68773547094189
2025-12-01 23:07:30,74.68440881763527
2025-12-01 23:10:00,74.68108216432866
2025-12-01 23:12:30,74.67775551102204
2025-12-01 23:15:00,74.67442885771544
2025-12-01 23:17:30,74.67110220440883
2025-12-01 23:20:00,74.66777555110221
2025-12-01 23:22:30,74.6644488977956
2025-12-01 23:25:00,74.66112224448898
2025-12-01 23:27:30,74.65779559118236
2025-12-01 23:30:00,74.65446893787575
2025-12-01 23:32:30,74.65114228456915
2025-12-01 23:35:00,74.64781563126253
2025-12-01 23:37:30,74.64448897795592
2025-12-01 23:40:00,74.6411623246493
2025-12-01 23:42:30,74.63783567134269
2025-12-01 23:45:00,74.63450901803607
2025-12-01 23:47:30,74.63118236472947
2025-12-01 23:50:00,74.62785571142285
2025-12-01 23:52:30,74.62452905811624
2025-12-01 23:55:00,74.62120240480962
2025-12-01 23:57:30,74.61787575150301
2025-12-02 00:00:00,74.61454909819639
2025-12-02 00:02:30,74.61122244488979
2025-12-02 00:05:00,74.60789579158318
2025-12-02 00:07:30,74.60456913827656
2025-12-02 00:10:00,74.60124248496994
2025-12-02 00:12:30,74.59791583166333
2025-12-02 00:15:00,74.59458917835671
2025-12-02 00:17:30,74.5912625250501
2025-12-02 00:20:00,74.5879358717435
2025-12-02 00:22:30,74.58460921843688
2025-12-02 00:25:00,74.58128256513027
2025-12-02 00:27:30,74.57795591182365
2025-12-02 00:30:00,74.57462925851704
2025-12-02 00:32:30,74.57130260521042
2025-12-02 00:35:00,74.5679759519038
2025-12-02 00:37:30,74.5646492985972
2025-12-02 00:40:00,74.56132264529059
2025-12-02 00:42:30,74.55799599198397
2025-12-02 00:45:00,74.55466933867736
2025-12-02 00:47:30,74.55134268537074
2025-12-02 00:50:00,74.54801603206413
2025-12-02 00:52:30,74.54468937875752
2025-12-02 00:55:00,74.54136272545091
2025-12-02 00:57:30,74.5380360721443
2025-12-02 01:00:00,74.53470941883768
2025-12-02 01:02:30,74.53138276553106
2025-12-02 01:05:00,74.52805611222445
2025-12-02 01:07:30,74.52472945891785
2025-12-02 01:10:00,74.52140280561123
2025-12-02 01:12:30,74.51807615230462
2025-12-02 01:15:00,74.514749498998
2025-12-02 01:17:30,74.51142284569138
2025-12-02 01:20:00,74.50809619238477
2025-12-02 01:22:30,74.50476953907815
2025-12-02 01:25:00,74.50144288577155
2025-12-02 01:27:30,74.49811623246494
2025-12-02 01:30:00,74.49478957915832
2025-12-02 01:32:30,74.4914629258517
2025-12-02 01:35:00,74.48813627254509
2025-12-02 01:37:30,74.48480961923848
2025-12-02 01:40:00,74.48148296593186
2025-12-02 01:42:30,74.47815631262526
2025-12-02 01:45:00,74.47482965931864
2025-12-02 01:47:30,74.47150300601203
2025-12-02 01:50:00,74.46817635270541
2025-12-02 01:52:30,74.4648496993988
2025-12-02 01:55:00,74.46152304609218
2025-12-02 01:57:30,74.45819639278558
2025-12-02 02:00:00,74.45486973947897
2025-12-02 02:02:30,74.45154308617235
2025-12-02 02:05:00,74.44821643286573
2025-12-02 02:07:30,74.44488977955912
2025-12-02 02:10:00,74.4415631262525
2025-12-02 02:12:30,74.4382364729459
2025-12-02 02:15:00,74.43490981963929
2025-12-02 02:17:30,74.43158316633267
2025-12-02 02:20:00,74.42825651302606
2025-12-02 02:22:30,74.42492985971944
2025-12-02 02:25:00,74.42160320641283
2025-12-02 02:27:30,74.41827655310621
2025-12-02 02:30:00,74.41494989979961
2025-12-02 02:32:30,74.411623246493
2025-12-02 02:35:00,74.40829659318638
2025-12-02 02:37:30,74.40496993987976
2025-12-02 02:40:00,74.40164328657315
2025-12-02 02:42:30,74.39831663326653
2025-12-02 02:45:00,74.39498997995992
2025-12-02 02:47:30,74.39166332665332
2025-12-02 02:50:00,74.3883366733467
2025-12-02 02:52:30,74.38501002004008
2025-12-02 02:55:00,74.38168336673347
2025-12-02 02:57:30,74.37835671342685
2025-12-02 03:00:00,74.37503006012024
2025-12-02 03:02:30,74.37170340681364
2025-12-02 03:05:00,74.36837675350702
2025-12-02 03:07:30,74.3650501002004
2025-12-02 03:10:00,74.36172344689379
2025-12-02 03:12:30,74.35839679358718
2025-12-02 03:15:00,74.35507014028056
2025-12-02 03:17:30,74.35174348697396
2025-12-02 03:20:00,74.34841683366734
2025-12-02 03:22:30,74.34509018036073
2025-12-02 03:25:00,74.34176352705411
2025-12-02 03:27:30,74.3384368737475
2025-12-02 03:30:00,74.33511022044088
2025-12-02 03:32:30,74.33178356713427
2025-12-02 03:35:00,74.32845691382767
2025-12-02 03:37:30,74.32513026052105
2025-12-02 03:40:00,74.32180360721443
2025-12-02 03:42:30,74.31847695390782
2025-12-02 03:45:00,74.3151503006012
2025-12-02 03:47:30,74.31182364729459
2025-12-02 03:50:00,74.30849699398797
2025-12-02 03:52:30,74.30517034068137
2025-12-02 03:55:00,74.30184368737476
2025-12-02 03:57:30,74.29851703406814
2025-12-02 04:00:00,74.29519038076153
2025-12-02 04:02:30,74.29186372745491
2025-12-02 04:05:00,74.2885370741483
2025-12-02 04:07:30,74.2852104208417
2025-12-02 04:10:00,74.28188376753508
2025-12-02 04:12:30,74.27855711422846
2025-12-02 04:15:00,74.27523046092185
2025-12-02 04:17:30,74.27190380761523
2025-12-02 04:20:00,74.26857715430862
2025-12-02 04:22:30,74.26525050100201
2025-12-02 04:25:00,74.2619238476954
2025-12-02 04:27:30,74.25859719438878
2025-12-02 04:30:00,74.25527054108217
2025-12-02 04:32:30,74.25194388777555
2025-12-02 04:35:00,74.24861723446894
2025-12-02 04:37:30,74.24529058116232
2025-12-02 04:40:00,74.24196392785572
2025-12-02 04:42:30,74.2386372745491
2025-12-02 04:45:00,74.23531062124249
2025-12-02 04:47:30,74.23198396793588
2025-12-02 04:50:00,74.22865731462926
2025-12-02 04:52:30,74.22533066132264
2025-12-02 04:55:00,74.22200400801603
2025-12-02 04:57:30,74.21867735470943
2025-12-02 05:00:00,74.21535070140281
2025-12-02 05:02:30,74.2120240480962
2025-12-02 05:05:00,74.20869739478958
2025-12-02 05:07:30,74.20537074148297
2025-12-02 05:10:00,74.20204408817635
2025-12-02 05:12:30,74.19871743486975
2025-12-02 05:15:00,74.19539078156313
2025-12-02 05:17:30,74.19206412825652
2025-12-02 05:20:00,74.1887374749499
2025-12-02 05:22:30,74.18541082164329
2025-12-02 05:25:00,74.18208416833667
2025-12-02 05:27:30,74.17875751503007
2025-12-02 05:30:00,74.17543086172346
2025-12-02 05:32:30,74.17210420841684
2025-12-02 05:35:00,74.16877755511022
2025-12-02 05:37:30,74.16545090180361
2025-12-02 05:40:00,74.162124248497
2025-12-02 05:42:30,74.15879759519038
2025-12-02 05:45:00,74.15547094188378
2025-12-02 05:47:30,74.15214428857716
2025-12-02 05:50:00,74.14881763527055
2025-12-02 05:52:30,74.14549098196393
2025-12-02 05:55:00,74.14216432865732
2025-12-02 05:57:30,74.1388376753507
2025-12-02 06:00:00,74.13551102204408
2025-12-02 06:02:30,74.13218436873748
2025-12-02 06:05:00,74.12885771543087
2025-12-02 06:07:30,74.12553106212425
2025-12-02 06:10:00,74.12220440881764
2025-12-02 06:12:30,74.11887775551102
2025-12-02 06:15:00,74.1155511022044
2025-12-02 06:17:30,74.1122244488978
2025-12-02 06:20:00,74.10889779559119
2025-12-02 06:22:30,74.10557114228457
2025-12-02 06:25:00,74.10224448897796
2025-12-02 06:27:30,74.09891783567134
2025-12-02 06:30:00,74.09559118236473
2025-12-02 06:32:30,74.09226452905813
2025-12-02 06:35:00,74.08893787575151
2025-12-02 06:37:30,74.0856112224449
2025-12-02 06:40:00,74.08228456913828
2025-12-02 06:42:30,74.07895791583167
2025-12-02 06:45:00,74.07563126252505
2025-12-02 06:47:30,74.07230460921843
2025-12-02 06:50:00,74.06897795591183
2025-12-02 06:52:30,74.06565130260522
2025-12-02 06:55:00,74.0623246492986
2025-12-02 06:57:30,74.05899799599199
2025-12-02 07:00:00,74.05567134268537
2025-12-02 07:02:30,74.05234468937876
2025-12-02 07:05:00,74.04901803607214
2025-12-02 07:07:30,74.04569138276554
2025-12-02 07:10:00,74.04236472945892
2025-12-02 07:12:30,74.03903807615231
2025-12-02 07:15:00,74.0357114228457
2025-12-02 07:17:30,74.03238476953908
2025-12-02 07:20:00,74.02905811623246
2025-12-02 07:22:30,74.02573146292586
2025-12-02 07:25:00,74.02240480961925
2025-12-02 07:27:30,74.01907815631263
2025-12-02 07:30:00,74.01575150300602
2025-12-02 07:32:30,74.0124248496994
2025-12-02 07:35:00,74.00909819639278
2025-12-02 07:37:30,74.00577154308618
2025-12-02 07:40:00,74.00244488977957
2025-12-02 07:42:30,73.99911823647295
2025-12-02 07:45:00,73.99579158316634
2025-12-02 07:47:30,73.99246492985972
2025-12-02 07:50:00,73.9891382765531
2025-12-02 07:52:30,73.98581162324649
2025-12-02 07:55:00,73.98248496993989
2025-12-02 07:57:30,73.97915831663327
2025-12-02 08:00:00,73.97583166332666
2025-12-02 08:02:30,73.97250501002004
2025-12-02 08:05:00,73.96917835671343
2025-12-02 08:07:30,73.96585170340681
2025-12-02 08:10:00,73.9625250501002
2025-12-02 08:12:30,73.9591983967936
2025-12-02 08:15:00,73.95587174348698
2025-12-02 08:17:30,73.95254509018037
2025-12-02 08:20:00,73.94921843687375
2025-12-02 08:22:30,73.94589178356713
2025-12-02 08:25:00,73.94256513026052
2025-12-02 08:27:30,73.93923847695392
2025-12-02 08:30:00,73.9359118236473
2025-12-02 08:32:30,73.93258517034069
2025-12-02 08:35:00,73.92925851703407
2025-12-02 08:37:30,73.92593186372746
2025-12-02 08:40:00,73.92260521042084
2025-12-02 08:42:30,73.91927855711424
2025-12-02 08:45:00,73.91595190380762
2025-12-02 08:47:30,73.91262525050101
2025-12-02 08:50:00,73.9092985971944
2025-12-02 08:52:30,73.90597194388778
2025-12-02 08:55:00,73.90264529058116
2025-12-02 08:57:30,73.89931863727455
2025-12-02 09:00:00,73.89599198396795
2025-12-02 09:02:30,73.89266533066133
2025-12-02 09:05:00,73.88933867735471
2025-12-02 09:07:30,73.8860120240481
2025-12-02 09:10:00,73.88268537074148
2025-12-02 09:12:30,73.87935871743487
2025-12-02 09:15:00,73.87603206412825
2025-12-02 09:17:30,73.87270541082165
2025-12-02 09:20:00,73.86937875751504
2025-12-02 09:22:30,73.86605210420842
2025-12-02 09:25:00,73.8627254509018
2025-12-02 09:27:30,73.85939879759519
2025-12-02 09:30:00,73.85607214428858
2025-12-02 09:32:30,73.85274549098197
2025-12-02 09:35:00,73.84941883767536
2025-12-02 09:37:30,73.84609218436874
2025-12-02 09:40:00,73.84276553106213
2025-12-02 09:42:30,73.83943887775551
2025-12-02 09:45:00,73.8361122244489
2025-12-02 09:47:30,73.8327855711423
2025-12-02 09:50:00,73.82945891783568
2025-12-02 09:52:30,73.82613226452906
2025-12-02 09:55:00,73.82280561122245
2025-12-02 09:57:30,73.81947895791583
2025-12-02 10:00:00,73.81615230460922
2025-12-02 10:02:30,73.8128256513026
2025-12-02 10:05:00,73.809498997996
2025-12-02 10:07:30,73.80617234468939
2025-12-02 10:10:00,73.80284569138277
2025-12-02 10:12:30,73.79951903807616
2025-12-02 10:15:00,73.79619238476954
2025-12-02 10:17:30,73.79286573146292
2025-12-02 10:20:00,73.78953907815631
2025-12-02 10:22:30,73.78621242484971
2025-12-02 10:25:00,73.78288577154309
2025-12-02 10:27:30,73.77955911823648
2025-12-02 10:30:00,73.77623246492986
2025-12-02 10:32:30,73.77290581162325
2025-12-02 10:35:00,73.76957915831663
2025-12-02 10:37:30,73.76625250501003
2025-12-02 10:40:00,73.76292585170341
2025-12-02 10:42:30,73.7595991983968
2025-12-02 10:45:00,73.75627254509018
2025-12-02 10:47:30,73.75294589178357
2025-12-02 10:50:00,73.74961923847695
2025-12-02 10:52:30,73.74629258517035
2025-12-02 10:55:00,73.74296593186374
2025-12-02 10:57:30,73.73963927855712
2025-12-02 11:00:00,73.7363126252505
2025-12-02 11:02:30,73.73298597194389
2025-12-02 11:05:00,73.72965931863727
2025-12-02 11:07:30,73.72633266533066
2025-12-02 11:10:00,73.72300601202406
2025-12-02 11:12:30,73.71967935871744
2025-12-02 11:15:00,73.71635270541083
2025-12-02 11:17:30,73.71302605210421
2025-12-02 11:20:00,73.7096993987976
2025-12-02 11:22:30,73.70637274549098
2025-12-02 11:25:00,73.70304609218437
2025-12-02 11:27:30,73.69971943887776
2025-12-02 11:30:00,73.69639278557115
2025-12-02 11:32:30,73.69306613226453
2025-12-02 11:35:00,73.68973947895792
2025-12-02 11:37:30,73.6864128256513
2025-12-02 11:40:00,73.6830861723447
2025-12-02 11:42:30,73.67975951903809
2025-12-02 11:45:00,73.67643286573147
2025-12-02 11:47:30,73.67310621242486
2025-12-02 11:50:00,73.66977955911824
2025-12-02 11:52:30,73.66645290581162
2025-12-02 11:55:00,73.66312625250501
2025-12-02 11:57:30,73.65979959919841
2025-12-02 12:00:00,73.65647294589179
2025-12-02 12:02:30,73.65314629258518
2025-12-02 12:05:00,73.64981963927856
2025-12-02 12:07:30,73.64649298597195
2025-12-02 12:10:00,73.64316633266533
2025-12-02 12:12:30,73.63983967935872
2025-12-02 12:15:00,73.63651302605211
2025-12-02 12:17:30,73.6331863727455
2025-12-02 12:20:00,73.62985971943888
2025-12-02 12:22:30,73.62653306613227
2025-12-02 12:25:00,73.62320641282565
2025-12-02 12:27:30,73.61987975951904
2025-12-02 12:30:00,73.61655310621242
2025-12-02 12:32:30,73.61322645290582
2025-12-02 12:35:00,73.6098997995992
2025-12-02 12:37:30,73.60657314629259
2025-12-02 12:40:00,73.60324649298597
2025-12-02 12:42:30,73.59991983967936
2025-12-02 12:45:00,73.59659318637276
2025-12-02 12:47:30,73.59326653306614
2025-12-02 12:50:00,73.58993987975953
2025-12-02 12:52:30,73.58661322645291
2025-12-02 12:55:00,73.5832865731463
2025-12-02 12:57:30,73.57995991983968
2025-12-02 13:00:00,73.57663326653307
2025-12-02 13:02:30,73.57330661322646
2025-12-02 13:05:00,73.56997995991985
2025-12-02 13:07:30,73.56665330661323
2025-12-02 13:10:00,73.56332665330662
2025-12-02 13:12:30,73.56
2025-12-02 13:15:00,73.55667334669339
2025-12-02 13:17:30,73.55334669338677
2025-12-02 13:20:00,73.55002004008017
2025-12-02 13:22:30,73.54669338677355
2025-12-02 13:25:00,73.54336673346694
2025-12-02 13:27:30,73.54004008016032
2025-12-02 13:30:00,73.53671342685371
2025-12-02 13:32:30,73.5333867735471
2025-12-02 13:35:00,73.53006012024048
2025-12-02 13:37:30,73.52673346693388
2025-12-02 13:40:00,73.52340681362726
2025-12-02 13:42:30,73.52008016032065
2025-12-02 13:45:00,73.51675350701403
2025-12-02 13:47:30,73.51342685370741
2025-12-02 13:50:00,73.51010020040081
2025-12-02 13:52:30,73.5067735470942
2025-12-02 13:55:00,73.50344689378758
2025-12-02 13:57:30,73.50012024048097
2025-12-02 14:00:00,73.49679358717435
2025-12-02 14:02:30,73.49346693386774
2025-12-02 14:05:00,73.49014028056112
2025-12-02 14:07:30,73.48681362725452
2025-12-02 14:10:00,73.4834869739479
2025-12-02 14:12:30,73.48016032064129
2025-12-02 14:15:00,73.47683366733467
2025-12-02 14:17:30,73.47350701402806
2025-12-02 14:20:00,73.47018036072144
2025-12-02 14:22:30,73.46685370741483
2025-12-02 14:25:00,73.46352705410823
2025-12-02 14:27:30,73.46020040080161
2025-12-02 14:30:00,73.456873747495
2025-12-02 14:32:30,73.45354709418838
2025-12-02 14:35:00,73.45022044088176
2025-12-02 14:37:30,73.44689378757515
2025-12-02 14:40:00,73.44356713426853
2025-12-02 14:42:30,73.44024048096193
2025-12-02 14:45:00,73.43691382765532
2025-12-02 14:47:30,73.4335871743487
2025-12-02 14:50:00,73.43026052104209
2025-12-02 14:52:30,73.42693386773547
2025-12-02 14:55:00,73.42360721442887
2025-12-02 14:57:30,73.42028056112225
2025-12-02 15:00:00,73.41695390781564
2025-12-02 15:02:30,73.41362725450902
2025-12-02 15:05:00,73.41030060120241
2025-12-02 15:07:30,73.40697394789579
2025-12-02 15:10:00,73.40364729458918
2025-12-02 15:12:30,73.40032064128258
2025-12-02 15:15:00,73.39699398797596
2025-12-02 15:17:30,73.39366733466935
2025-12-02 15:20:00,73.39034068136273
2025-12-02 15:22:30,73.38701402805611
2025-12-02 15:25:00,73.3836873747495
2025-12-02 15:27:30,73.38036072144288
2025-12-02 15:30:00,73.37703406813628
2025-12-02 15:32:30,73.37370741482967
2025-12-02 15:35:00,73.37038076152305
2025-12-02 15:37:30,73.36705410821644
2025-12-02 15:40:00,73.36372745490982
2025-12-02 15:42:30,73.3604008016032
2025-12-02 15:45:00,73.35707414829659
2025-12-02 15:47:30,73.35374749498999
2025-12-02 15:50:00,73.35042084168337
2025-12-02 15:52:30,73.34709418837676
2025-12-02 15:55:00,73.34376753507014
2025-12-02 15:57:30,73.34044088176353
2025-12-02 16:00:00,73.33711422845693
2025-12-02 16:02:30,73.33378757515031
2025-12-02 16:05:00,73.3304609218437
2025-12-02 16:07:30,73.32713426853708
2025-12-02 16:10:00,73.32380761523046
2025-12-02 16:12:30,73.32048096192385
2025-12-02 16:15:00,73.31715430861723
2025-12-02 16:17:30,73.31382765531063
2025-12-02 16:20:00,73.31050100200402
2025-12-02 16:22:30,73.3071743486974
2025-12-02 16:25:00,73.30384769539079
2025-12-02 16:27:30,73.30052104208417
2025-12-02 16:30:00,73.29719438877756
2025-12-02 16:32:30,73.29386773547094
2025-12-02 16:35:00,73.29054108216434
2025-12-02 16:37:30,73.28721442885772
2025-12-02 16:40:00,73.28388777555111
2025-12-02 16:42:30,73.28056112224449
2025-12-02 16:45:00,73.27723446893788
2025-12-02 16:47:30,73.27390781563126
2025-12-02 16:50:00,73.27058116232465
2025-12-02 16:52:30,73.26725450901804
2025-12-02 16:55:00,73.26392785571143
2025-12-02 16:57:30,73.26060120240481
2025-12-02 17:00:00,73.2572745490982
2025-12-02 17:02:30,73.25394789579158
2025-12-02 17:05:00,73.25062124248498
2025-12-02 17:07:30,73.24729458917837
2025-12-02 17:10:00,73.24396793587175
2025-12-02 17:12:30,73.24064128256514
2025-12-02 17:15:00,73.23731462925852
2025-12-02 17:17:30,73.2339879759519
2025-12-02 17:20:00,73.23066132264529
2025-12-02 17:22:30,73.22733466933869
2025-12-02 17:25:00,73.22400801603207
2025-12-02 17:27:30,73.22068136272546
2025-12-02 17:30:00,73.21735470941884
2025-12-02 17:32:30,73.21402805611223
2025-12-02 17:35:00,73.21070140280561
2025-12-02 17:37:30,73.207374749499
2025-12-02 17:40:00,73.2040480961924
2025-12-02 17:42:30,73.20072144288578
2025-12-02 17:45:00,73.19739478957916
2025-12-02 17:47:30,73.19406813627255
2025-12-02 17:50:00,73.19074148296593
2025-12-02 17:52:30,73.18741482965932
2025-12-02 17:55:00,73.1840881763527
2025-12-02 17:57:30,73.1807615230461
2025-12-02 18:00:00,73.17743486973949
2025-12-02 18:02:30,73.17410821643287
2025-12-02 18:05:00,73.17078156312625
2025-12-02 18:07:30,73.16745490981964
2025-12-02 18:10:00,73.16412825651304
2025-12-02 18:12:30,73.16080160320642
2025-12-02 18:15:00,73.15747494989981
2025-12-02 18:17:30,73.15414829659319
2025-12-02 18:20:00,73.15082164328658
2025-12-02 18:22:30,73.14749498997996
2025-12-02 18:25:00,73.14416833667335
2025-12-02 18:27:30,73.14084168336674
2025-12-02 18:30:00,73.13751503006013
2025-12-02 18:32:30,73.13418837675351
2025-12-02 18:35:00,73.1308617234469
2025-12-02 18:37:30,73.12753507014028
2025-12-02 18:40:00,73.12420841683367
2025-12-02 18:42:30,73.12088176352705
2025-12-02 18:45:00,73.11755511022045
2025-12-02 18:47:30,73.11422845691384
2025-12-02 18:50:00,73.11090180360722
2025-12-02 18:52:30,73.1075751503006
2025-12-02 18:55:00,73.10424849699399
2025-12-02 18:57:30,73.10092184368737
2025-12-02 19:00:00,73.09759519038076
2025-12-02 19:02:30,73.09426853707416
2025-12-02 19:05:00,73.09094188376754
2025-12-02 19:07:30,73.08761523046093
2025-12-02 19:10:00,73.08428857715431
2025-12-02 19:12:30,73.0809619238477
2025-12-02 19:15:00,73.0776352705411
2025-12-02 19:17:30,73.07430861723448
2025-12-02 19:20:00,73.07098196392786
2025-12-02 19:22:30,73.06765531062125
2025-12-02 19:25:00,73.06432865731463
2025-12-02 19:27:30,73.06100200400802
2025-12-02 19:30:00,73.0576753507014
2025-12-02 19:32:30,73.0543486973948
2025-12-02 19:35:00,73.05102204408819
2025-12-02 19:37:30,73.04769539078157
2025-12-02 19:40:00,73.04436873747495
2025-12-02 19:42:30,73.04104208416834
2025-12-02 19:45:00,73.03771543086172
2025-12-02 19:47:30,73.03438877755511
2025-12-02 19:50:00,73.0310621242485
2025-12-02 19:52:30,73.02773547094189
2025-12-02 19:55:00,73.02440881763528
2025-12-02 19:57:30,73.02108216432866
2025-12-02 20:00:00,73.01775551102205
2025-12-02 20:02:30,73.01442885771543
2025-12-02 20:05:00,73.01110220440881
2025-12-02 20:07:30,73.00777555110221
2025-12-02 20:10:00,73.0044488977956
2025-12-02 20:12:30,73.00112224448898
2025-12-02 20:15:00,72.99779559118237
2025-12-02 20:17:30,72.99446893787575
2025-12-02 20:20:00,72.99114228456915
2025-12-02 20:22:30,72.98781563126254
2025-12-02 20:25:00,72.98448897795592
2025-12-02 20:27:30,72.9811623246493
2025-12-02 20:30:00,72.97783567134269
2025-12-02 20:32:30,72.97450901803607
2025-12-02 20:35:00,72.97118236472946
2025-12-02 20:37:30,72.96785571142286
2025-12-02 20:40:00,72.96452905811624
2025-12-02 20:42:30,72.96120240480963
2025-12-02 20:45:00,72.95787575150301
2025-12-02 20:47:30,72.9545490981964
2025-12-02 20:50:00,72.95122244488978
2025-12-02 20:52:30,72.94789579158316
2025-12-02 20:55:00,72.94456913827656
2025-12-02 20:57:30,72.94124248496995
2025-12-02 21:00:00,72.93791583166333
2025-12-02 21:02:30,72.93458917835672
2025-12-02 21:05:00,72.9312625250501
2025-12-02 21:07:30,72.92793587174349
2025-12-02 21:10:00,72.92460921843687
2025-12-02 21:12:30,72.92128256513027
2025-12-02 21:15:00,72.91795591182365
2025-12-02 21:17:30,72.91462925851704
2025-12-02 21:20:00,72.91130260521042
2025-12-02 21:22:30,72.90797595190381
2025-12-02 21:25:00,72.9046492985972
2025-12-02 21:27:30,72.90132264529059
2025-12-02 21:30:00,72.89799599198398
2025-12-02 21:32:30,72.89466933867736
2025-12-02 21:35:00,72.89134268537074
2025-12-02 21:37:30,72.88801603206413
2025-12-02 21:40:00,72.88468937875751
2025-12-02 21:42:30,72.88136272545091
2025-12-02 21:45:00,72.8780360721443
2025-12-02 21:47:30,72.87470941883768
2025-12-02 21:50:00,72.87138276553107
2025-12-02 21:52:30,72.86805611222445
2025-12-02 21:55:00,72.86472945891784
2025-12-02 21:57:30,72.86140280561122
2025-12-02 22:00:00,72.85807615230462
2025-12-02 22:02:30,72.854749498998
2025-12-02 22:05:00,72.85142284569139
2025-12-02 22:07:30,72.84809619238477
2025-12-02 22:10:00,72.84476953907816
2025-12-02 22:12:30,72.84144288577154
2025-12-02 22:15:00,72.83811623246493
2025-12-02 22:17:30,72.83478957915833
2025-12-02 22:20:00,72.83146292585171
2025-12-02 22:22:30,72.8281362725451
2025-12-02 22:25:00,72.82480961923848
2025-12-02 22:27:30,72.82148296593186
2025-12-02 22:30:00,72.81815631262526
2025-12-02 22:32:30,72.81482965931865
2025-12-02 22:35:00,72.81150300601203
2025-12-02 22:37:30,72.80817635270542
2025-12-02 22:40:00,72.8048496993988
2025-12-02 22:42:30,72.80152304609219
2025-12-02 22:45:00,72.79819639278557
2025-12-02 22:47:30,72.79486973947897
2025-12-02 22:50:00,72.79154308617235
2025-12-02 22:52:30,72.78821643286574
2025-12-02 22:55:00,72.78488977955912
2025-12-02 22:57:30,72.78156312625251
2025-12-02 23:00:00,72.77823647294589
2025-12-02 23:02:30,72.77490981963928
2025-12-02 23:05:00,72.77158316633268
2025-12-02 23:07:30,72.76825651302606
2025-12-02 23:10:00,72.76492985971944
2025-12-02 23:12:30,72.76160320641283
2025-12-02 23:15:00,72.75827655310621
2025-12-02 23:17:30,72.7549498997996
2025-12-02 23:20:00,72.75162324649298
2025-12-02 23:22:30,72.74829659318638
2025-12-02 23:25:00,72.74496993987977
2025-12-02 23:27:30,72.74164328657315
2025-12-02 23:30:00,72.73831663326654
2025-12-02 23:32:30,72.73498997995992
2025-12-02 23:35:00,72.73166332665332
2025-12-02 23:37:30,72.7283366733467
2025-12-02 23:40:00,72.72501002004009
2025-12-02 23:42:30,72.72168336673347
2025-12-02 23:45:00,72.71835671342686
2025-12-02 23:47:30,72.71503006012024
2025-12-02 23:50:00,72.71170340681363
2025-12-02 23:52:30,72.70837675350703
2025-12-02 23:55:00,72.70505010020041
2025-12-02 23:57:30,72.7017234468938
2025-12-03 00:00:00,72.69839679358718
2025-12-03 00:02:30,72.69507014028056
2025-12-03 00:05:00,72.69174348697395
2025-12-03 00:07:30,72.68841683366733
2025-12-03 00:10:00,72.68509018036073
2025-12-03 00:12:30,72.68176352705412
2025-12-03 00:15:00,72.6784368737475
2025-12-03 00:17:30,72.67511022044089
2025-12-03 00:20:00,72.67178356713427
2025-12-03 00:22:30,72.66845691382765
2025-12-03 00:25:00,72.66513026052104
2025-12-03 00:27:30,72.66180360721444
2025-12-03 00:30:00,72.65847695390782
2025-12-03 00:32:30,72.6551503006012
2025-12-03 00:35:00,72.65182364729459
2025-12-03 00:37:30,72.64849699398798
2025-12-03 00:40:00,72.64517034068137
2025-12-03 00:42:30,72.64184368737476
2025-12-03 00:45:00,72.63851703406814
2025-12-03 00:47:30,72.63519038076153
2025-12-03 00:50:00,72.63186372745491
2025-12-03 00:52:30,72.6285370741483
2025-12-03 00:55:00,72.62521042084168
2025-12-03 00:57:30,72.62188376753508
2025-12-03 01:00:00,72.61855711422847
2025-12-03 01:02:30,72.61523046092185
2025-12-03 01:05:00,72.61190380761523
2025-12-03 01:07:30,72.60857715430862
2025-12-03 01:10:00,72.605250501002
2025-12-03 01:12:30,72.60192384769539
2025-12-03 01:15:00,72.59859719438879
2025-12-03 01:17:30,72.59527054108217
2025-12-03 01:20:00,72.59194388777556
2025-12-03 01:22:30,72.58861723446894
2025-12-03 01:25:00,72.58529058116233
2025-12-03 01:27:30,72.58196392785571
2025-12-03 01:30:00,72.5786372745491
2025-12-03 01:32:30,72.5753106212425
2025-12-03 01:35:00,72.57198396793588
2025-12-03 01:37:30,72.56865731462926
2025-12-03 01:40:00,72.56533066132265
2025-12-03 01:42:30,72.56200400801603
2025-12-03 01:45:00,72.55867735470943
2025-12-03 01:47:30,72.55535070140282
2025-12-03 01:50:00,72.5520240480962
2025-12-03 01:52:30,72.54869739478958
2025-12-03 01:55:00,72.54537074148297
2025-12-03 01:57:30,72.54204408817635
2025-12-03 02:00:00,72.53871743486974
2025-12-03 02:02:30,72.53539078156314
2025-12-03 02:05:00,72.53206412825652
2025-12-03 02:07:30,72.5287374749499
2025-12-03 02:10:00,72.52541082164329
2025-12-03 02:12:30,72.52208416833668
2025-12-03 02:15:00,72.51875751503006
2025-12-03 02:17:30,72.51543086172344
2025-12-03 02:20:00,72.51210420841684
2025-12-03 02:22:30,72.50877755511023
2025-12-03 02:25:00,72.50545090180361
2025-12-03 02:27:30,72.502124248497
2025-12-03 02:30:00,72.49879759519038
2025-12-03 02:32:30,72.49547094188378
2025-12-03 02:35:00,72.49214428857715
2025-12-03 02:37:30,72.48881763527055
2025-12-03 02:40:00,72.48549098196393
2025-12-03 02:42:30,72.48216432865732
2025-12-03 02:45:00,72.4788376753507
2025-12-03 02:47:30,72.47551102204409
2025-12-03 02:50:00,72.47218436873749
2025-12-03 02:52:30,72.46885771543086
2025-12-03 02:55:00,72.46553106212426
2025-12-03 02:57:30,72.46220440881764
2025-12-03 03:00:00,72.45887775551103
2025-12-03 03:02:30,72.45555110220441
2025-12-03 03:05:00,72.4522244488978
2025-12-03 03:07:30,72.4488977955912
2025-12-03 03:10:00,72.44557114228458
2025-12-03 03:12:30,72.44224448897796
2025-12-03 03:15:00,72.43891783567135
2025-12-03 03:17:30,72.43559118236473
2025-12-03 03:20:00,72.43226452905812
2025-12-03 03:22:30,72.4289378757515
2025-12-03 03:25:00,72.4256112224449
2025-12-03 03:27:30,72.42228456913828
2025-12-03 03:30:00,72.41895791583167
2025-12-03 03:32:30,72.41563126252505
2025-12-03 03:35:00,72.41230460921844
2025-12-03 03:37:30,72.40897795591184
2025-12-03 03:40:00,72.40565130260521
2025-12-03 03:42:30,72.4023246492986
2025-12-03 03:45:00,72.39899799599199
2025-12-03 03:47:30,72.39567134268538
2025-12-03 03:50:00,72.39234468937876
2025-12-03 03:52:30,72.38901803607214
2025-12-03 03:55:00,72.38569138276554
2025-12-03 03:57:30,72.38236472945891
2025-12-03 04:00:00,72.37903807615231
2025-12-03 04:02:30,72.3757114228457
2025-12-03 04:05:00,72.37238476953908
2025-12-03 04:07:30,72.36905811623247
2025-12-03 04:10:00,72.36573146292585
2025-12-03 04:12:30,72.36240480961925
2025-12-03 04:15:00,72.35907815631263
2025-12-03 04:17:30,72.35575150300602
2025-12-03 04:20:00,72.3524248496994
2025-12-03 04:22:30,72.34909819639279
2025-12-03 04:25:00,72.34577154308617
2025-12-03 04:27:30,72.34244488977956
2025-12-03 04:30:00,72.33911823647296
2025-12-03 04:32:30,72.33579158316634
2025-12-03 04:35:00,72.33246492985973
2025-12-03 04:37:30,72.32913827655311
2025-12-03 04:40:00,72.3258116232465
2025-12-03 04:42:30,72.3224849699399
2025-12-03 04:45:00,72.31915831663326
2025-12-03 04:47:30,72.31583166332666
2025-12-03 04:50:00,72.31250501002005
2025-12-03 04:52:30,72.30917835671343
2025-12-03 04:55:00,72.30585170340682
2025-12-03 04:57:30,72.3025250501002
2025-12-03 05:00:00,72.2991983967936
2025-12-03 05:02:30,72.29587174348697
2025-12-03 05:05:00,72.29254509018037
2025-12-03 05:07:30,72.28921843687375
2025-12-03 05:10:00,72.28589178356714
2025-12-03 05:12:30,72.28256513026052
2025-12-03 05:15:00,72.2792384769539
2025-12-03 05:17:30,72.2759118236473
2025-12-03 05:20:00,72.27258517034069
2025-12-03 05:22:30,72.26925851703407
2025-12-03 05:25:00,72.26593186372746
2025-12-03 05:27:30,72.26260521042084
2025-12-03 05:30:00,72.25927855711423
2025-12-03 05:32:30,72.25595190380761
2025-12-03 05:35:00,72.25262525050101
2025-12-03 05:37:30,72.2492985971944
2025-12-03 05:40:00,72.24597194388778
2025-12-03 05:42:30,72.24264529058117
2025-12-03 05:45:00,72.23931863727455
2025-12-03 05:47:30,72.23599198396795
2025-12-03 05:50:00,72.23266533066132
2025-12-03 05:52:30,72.22933867735472
2025-12-03 05:55:00,72.2260120240481
2025-12-03 05:57:30,72.22268537074149
2025-12-03 06:00:00,72.21935871743487
2025-12-03 06:02:30,72.21603206412826
2025-12-03 06:05:00,72.21270541082166
2025-12-03 06:07:30,72.20937875751503
2025-12-03 06:10:00,72.20605210420842
2025-12-03 06:12:30,72.20272545090181
2025-12-03 06:15:00,72.1993987975952
2025-12-03 06:17:30,72.19607214428858
2025-12-03 06:20:00,72.19274549098196
2025-12-03 06:22:30,72.18941883767536
2025-12-03 06:25:00,72.18609218436875
2025-12-03 06:27:30,72.18276553106213
2025-12-03 06:30:00,72.17943887775552
2025-12-03 06:32:30,72.1761122244489
2025-12-03 06:35:00,72.17278557114228
2025-12-03 06:37:30,72.16945891783567
2025-12-03 06:40:00,72.16613226452907
2025-12-03 06:42:30,72.16280561122245
2025-12-03 06:45:00,72.15947895791584
2025-12-03 06:47:30,72.15615230460922
2025-12-03 06:50:00,72.1528256513026
2025-12-03 06:52:30,72.149498997996
2025-12-03 06:55:00,72.14617234468938
2025-12-03 06:57:30,72.14284569138277
2025-12-03 07:00:00,72.13951903807616
2025-12-03 07:02:30,72.13619238476954
2025-12-03 07:05:00,72.13286573146293
2025-12-03 07:07:30,72.12953907815631
2025-12-03 07:10:00,72.12621242484971
2025-12-03 07:12:30,72.12288577154308
2025-12-03 07:15:00,72.11955911823648
2025-12-03 07:17:30,72.11623246492987
2025-12-03 07:20:00,72.11290581162325
2025-12-03 07:22:30,72.10957915831663
2025-12-03 07:25:00,72.10625250501002
2025-12-03 07:27:30,72.10292585170342
2025-12-03 07:30:00,72.0995991983968
2025-12-03 07:32:30,72.09627254509019
2025-12-03 07:35:00,72.09294589178357
2025-12-03 07:37:30,72.08961923847696
2025-12-03 07:40:00,72.08629258517034
2025-12-03 07:42:30,72.08296593186373
2025-12-03 07:45:00,72.07963927855712
2025-12-03 07:47:30,72.07631262525051
2025-12-03 07:50:00,72.0729859719439
2025-12-03 07:52:30,72.06965931863728
2025-12-03 07:55:00,72.06633266533066
2025-12-03 07:57:30,72.06300601202406
2025-12-03 08:00:00,72.05967935871743
2025-12-03 08:02:30,72.05635270541083
2025-12-03 08:05:00,72.05302605210422
2025-12-03 08:07:30,72.0496993987976
2025-12-03 08:10:00,72.04637274549098
2025-12-03 08:12:30,72.04304609218437
2025-12-03 08:15:00,72.03971943887777
2025-12-03 08:17:30,72.03639278557114
2025-12-03 08:20:00,72.03306613226454
2025-12-03 08:22:30,72.02973947895792
2025-12-03 08:25:00,72.0264128256513
2025-12-03 08:27:30,72.02308617234469
2025-12-03 08:30:00,72.01975951903808
2025-12-03 08:32:30,72.01643286573147
2025-12-03 08:35:00,72.01310621242486
2025-12-03 08:37:30,72.00977955911824
2025-12-03 08:40:00,72.00645290581163
2025-12-03 08:42:30,72.00312625250501
2025-12-03 08:45:00,71.9997995991984
2025-12-03 08:47:30,71.99647294589178
2025-12-03 08:50:00,71.99314629258518
2025-12-03 08:52:30,71.98981963927856
2025-12-03 08:55:00,71.98649298597195
2025-12-03 08:57:30,71.98316633266533
2025-12-03 09:00:00,71.97983967935872
2025-12-03 09:02:30,71.97651302605212
2025-12-03 09:05:00,71.97318637274549
2025-12-03 09:07:30,71.96985971943889
2025-12-03 09:10:00,71.96653306613227
2025-12-03 09:12:30,71.96320641282566
2025-12-03 09:15:00,71.95987975951904
2025-12-03 09:17:30,71.95655310621243
2025-12-03 09:20:00,71.95322645290582
2025-12-03 09:22:30,71.9498997995992
2025-12-03 09:25:00,71.9465731462926
2025-12-03 09:27:30,71.94324649298598
2025-12-03 09:30:00,71.93991983967936
2025-12-03 09:32:30,71.93659318637275
2025-12-03 09:35:00,71.93326653306613
2025-12-03 09:37:30,71.92993987975953
2025-12-03 09:40:00,71.92661322645291
2025-12-03 09:42:30,71.9232865731463
2025-12-03 09:45:00,71.91995991983968
2025-12-03 09:47:30,71.91663326653307
2025-12-03 09:50:00,71.91330661322645
2025-12-03 09:52:30,71.90997995991984
2025-12-03 09:55:00,71.90665330661324
2025-12-03 09:57:30,71.90332665330662
2025-12-03 10:00:00,71.9
2025-12-03 10:02:30,71.9
2025-12-03 10:05:00,71.9
