freq_cpd,amp_raw,amp_clean
0.0,1.0381875333828405,0.8646976706587324
0.05859375,2.8268086934438243,2.48513395345427
0.1171875,3.113422273952224,2.911972288808254
0.17578125,2.082664768069445,2.068063073730475
0.234375,0.9492876404723384,0.9721803751293179
0.29296874999999994,0.4687371870996454,0.45959545795866924
0.3515625,0.35894965093033326,0.3836965540322182
0.4101562499999999,0.3848262597647837,0.3865575550412194
0.46875,0.5296766306549332,0.5368480430683483
0.52734375,0.7165474769896162,0.7380022207603563
0.5859374999999999,0.7116278157864372,0.7097519734677155
0.64453125,0.5079914354997279,0.4952368295112119
0.703125,0.25008405412667667,0.2539224168185935
0.76171875,0.16297940213455003,0.13902982799974742
0.8203124999999998,0.2940613167337709,0.3065502781409315
0.87890625,0.2311518240284443,0.2572858361327838
0.9375,0.21265747287615935,0.19427976929883617
0.9960937499999998,0.5398138981642717,0.5084874540295229
1.0546875,0.336829171809426,0.3146050140413404
1.11328125,0.2145876109302595,0.2007894998099956
1.1718749999999998,0.3820182940100516,0.37822318050196985
1.23046875,0.28530541288583766,0.2723097680164743
1.2890625,0.27402409137759787,0.261615446727971
1.3476562499999998,0.28834470118378935,0.296441544430326
1.40625,0.21475040380388521,0.21990843750430175
1.4648437499999998,0.08560968678514877,0.09416758545185769
1.5234375,0.10212997267104461,0.13398655227042056
1.58203125,0.21747782261168308,0.24267464589778737
1.6406249999999996,0.27364152317131407,0.28074353010765135
1.69921875,0.2761226652322114,0.26838334870434544
1.7578125,0.23448984128941022,0.21045412938772515
1.8164062499999996,0.2376213181677474,0.21586401420533013
1.875,0.23992239141086832,0.22912498679743357
1.93359375,0.10235946724463595,0.09792594120178791
1.9921874999999996,0.21939012012078973,0.1877469940381919
2.05078125,0.22959146228940389,0.196009460311338
2.109375,0.050765230653423137,0.03488951992093828
2.1679687499999996,0.0949795221819607,0.11686024249206099
2.2265625,0.11698672945643579,0.12487498019114504
2.28515625,0.08734136923544787,0.06662397314239286
2.3437499999999996,0.06669120129614818,0.05760644881253156
2.40234375,0.07749290519273233,0.07775957470250397
2.4609375,0.07237432403211821,0.08168472492379261
2.5195312499999996,0.07592271392560837,0.10081119943688782
2.578125,0.07758103049834447,0.1002187774883061
2.63671875,0.04618172572551122,0.0662151238589979
2.6953124999999996,0.012610702194413556,0.022675813714517892
2.75390625,0.02273860797687841,0.01717667053926796
2.8125,0.0859818452251762,0.08273965374977174
2.8710937499999996,0.16054097407257972,0.14914912295906746
2.9296874999999996,0.1285477851936527,0.10476453265516578
2.98828125,0.05499244415530702,0.04155076997685914
3.046875,0.09915389459157536,0.08158992854045014
3.105468749999999,0.061633480369501926,0.04229998111994884
3.1640625,0.0597731279777141,0.0659273726595042
3.22265625,0.04388556443277351,0.052115897573167605
3.281249999999999,0.019831781547455324,0.013107718754517833
3.33984375,0.038549999904494335,0.03175518100885897
3.3984375,0.027065960068774847,0.029149015536166684
3.457031249999999,0.038229680751619144,0.036023435262295844
3.515625,0.07296471096838875,0.08109439291359637
3.57421875,0.0749669680031503,0.08918965798120569
3.632812499999999,0.060303622076992754,0.0720620564557454
3.69140625,0.030899106633427997,0.0507714871084647
3.75,0.024264933141758857,0.03614320638523018
3.808593749999999,0.04375960731251137,0.045155798656940374
3.8671875,0.06075889213907553,0.06062955946338399
3.92578125,0.032958001612275745,0.027586395008364486
3.984374999999999,0.05704331534357518,0.051528999196154286
4.04296875,0.08797965393352497,0.07781088538324367
4.1015625,0.06307632013761154,0.04725732873102273
4.160156249999999,0.06609648359282287,0.053791431403558645
4.21875,0.05390647650009109,0.052658288536434956
4.27734375,0.026388459185179725,0.01938248530600675
4.335937499999999,0.05609189657216584,0.03495202514209051
4.39453125,0.06364160934173481,0.04739711005296105
4.453125,0.029119468861141532,0.029295166136405825
4.511718749999999,0.024778589794367447,0.028323169709219536
4.5703125,0.05557676275958755,0.060983508175997556
4.62890625,0.0488779451691947,0.05770860247468461
4.687499999999999,0.022748750910127253,0.03718750905032563
4.74609375,0.014577018474072181,0.0396610632508284
4.8046875,0.0321568117266684,0.059391691614461145
4.863281249999999,0.04897934587888563,0.06059954273312123
4.921875,0.03121726720350714,0.027062905084518075
4.98046875,0.02542736946624095,0.034384097853382284
5.039062499999999,0.04423075401295895,0.041531149723563233
5.09765625,0.03735670352384534,0.029940423184640262
5.15625,0.05722970937635551,0.03590272273596865
5.214843749999999,0.047210495042676624,0.027742461888513877
5.2734375,0.019244320568044947,0.012095610215022664
5.33203125,0.02114763468070435,0.003810042904111593
5.390624999999999,0.01980476902404938,0.008424815919240705
5.44921875,0.011197337268031113,0.018458966816370093
5.5078125,0.028587774877840613,0.025450732061174368
5.566406249999999,0.031640122766068694,0.026623672833111664
5.625,0.042021476585905715,0.04042757637945183
5.683593749999999,0.03971783783012383,0.03491818904291073
5.742187499999999,0.02942679458914572,0.02238295145571511
5.80078125,0.01629290116945699,0.025719231751730284
5.859374999999999,0.024784864214652168,0.04224702956528164
5.917968749999999,0.03239756547724446,0.03906507313142009
5.9765625,0.005910989539569052,0.027865728364393504
6.035156249999998,0.04200899530909063,0.05096098311515445
6.09375,0.0506066400387918,0.05104844505021422
6.15234375,0.04361245959200802,0.04129202539981606
6.210937499999998,0.056478949925352344,0.04164348879688521
6.26953125,0.06467606275192342,0.039587619831022124
6.328125,0.06213949144937788,0.03876380720131651
6.386718749999998,0.058052275293303784,0.04179411898735971
6.4453125,0.04385972823279001,0.037984195583934045
6.50390625,0.026326496737018146,0.025892306670120407
6.562499999999998,0.019586754833060275,0.014472240575964381
6.62109375,0.01106768038693474,0.008765644808930922
6.6796875,0.008465858658695351,0.012653445087121566
6.738281249999998,0.022927907355261255,0.02049933225342756
6.796875,0.029347045938868603,0.025912029161961142
6.85546875,0.01640738839169297,0.017495343527591887
6.914062499999998,0.012755997751504685,0.021970590361524052
6.97265625,0.017380083658151222,0.02302050159403751
7.03125,0.011844765012761277,0.008521120311697633
7.089843749999998,0.007803162119330864,0.00809526527809767
7.1484375,0.015583896981067593,0.014941054895592287
7.20703125,0.026243357660240253,0.015624367085495156
7.265624999999998,0.044252066282604204,0.022783714596808183
7.32421875,0.056245289163244894,0.02595395352302604
7.3828125,0.04727585850598348,0.019951435666024423
7.441406249999998,0.030568463531758835,0.01290381745798745
7.5,0.022294074193466785,0.010094901777887834
7.55859375,0.02724489387779061,0.015792123804673708
7.617187499999998,0.032627101177225344,0.017741758997611823
7.67578125,0.031295326573390216,0.015485526688224716
7.734375,0.024661264006076333,0.020882497428728643
7.792968749999998,0.018005069513465023,0.02553834236125471
7.8515625,0.02155945559716942,0.024263524925432368
7.91015625,0.026916628526809757,0.019075429061330026
7.968749999999998,0.02127669674151711,0.0159981322236722
8.02734375,0.004540962233103819,0.01996936685962116
8.0859375,0.018498933299556233,0.02883361042984366
8.144531249999998,0.02837782790064845,0.024320804359519034
8.203125,0.019094343435869528,0.006199089339705124
8.26171875,0.002401583496865371,0.009228158849098484
8.320312499999998,0.01150963224197721,0.013567289404477382
8.37890625,0.0174180529995036,0.011624964051918466
8.4375,0.024534932434862714,0.005796837897734137
8.496093749999998,0.022470551911225094,0.007968596443138075
8.5546875,0.011194254265028444,0.013621182043891417
8.61328125,0.013419763445420996,0.016411485638849154
8.671874999999998,0.03478948018831799,0.025341434247133372
8.73046875,0.04927720229459023,0.031061401579011955
8.7890625,0.03953365265197967,0.02457010984402589
8.847656249999998,0.013585412163998823,0.015690323538860095
8.90625,0.00939978920282373,0.012668766418127295
8.96484375,0.017388732122410076,0.0174286103831714
9.023437499999998,0.02945626155348114,0.027194547044437283
9.08203125,0.028240983527157853,0.02615679530268176
9.140625,0.01556356286245423,0.023280476917257202
9.199218749999998,0.017420999840783262,0.020824204115829522
9.2578125,0.026512095830606056,0.013806524374607203
9.31640625,0.02800584433502123,0.010818256667639622
9.374999999999998,0.02034225671647974,0.007046518718354385
9.43359375,0.01216860975969156,0.010120919092357288
9.4921875,0.016231322022527306,0.0164535214717585
9.550781249999998,0.01746544278877812,0.005932772886719272
9.609375,0.015546573171001351,0.0030565975525112346
9.66796875,0.016891036037871416,0.002539271170185752
9.726562499999998,0.025163890717025017,0.014775963814138112
9.78515625,0.03241014193689142,0.021729783616451812
9.84375,0.02846868848525653,0.014482533933157352
9.902343749999998,0.01783766338764756,0.009683752612484657
9.9609375,0.0124623051253121,0.008415920914236484
10.01953125,0.01337986789172021,0.0031429256383246028
10.078124999999998,0.01635452525840817,0.0019814855183463193
10.13671875,0.018848072013927648,0.001092682842684076
10.1953125,0.012566603772648122,0.008081818207528289
10.253906249999998,0.0058878853255689275,0.0136201354299696
10.3125,0.018418957392916716,0.012826081507288414
10.37109375,0.017623530210651342,0.009982997819158863
10.429687499999998,0.013095654826868915,0.01039875041784116
10.48828125,0.006383193518542618,0.005292373478849609
10.546875,0.0170071936438695,0.007729624634438378
10.605468749999998,0.029869763428102332,0.015393808973870214
10.6640625,0.033789802613732635,0.017208715583624152
10.72265625,0.024706951521170546,0.01288498382152363
10.781249999999998,0.01129968098432438,0.012259030805346736
10.83984375,0.008038658578159911,0.018109694691802097
10.8984375,0.015847798139938203,0.021257559466170563
10.957031249999998,0.022094000356220667,0.016751581550302912
11.015625,0.03060532008054417,0.016984747215867006
11.07421875,0.026416280777919326,0.021961282747604616
11.132812499999998,0.006571173993980402,0.025050315346714036
11.19140625,0.011951830409572194,0.021777655722576294
11.25,0.009894108651268406,0.015214416217180357
11.308593749999998,0.007477714062911646,0.01119117562762224
11.367187499999998,0.005914247524857728,0.005141314733069266
11.42578125,0.012534756643803935,0.012993331341202312
11.484374999999998,0.024373895076385422,0.020822569945926052
11.542968749999998,0.035574268237116645,0.024384845241657033
11.6015625,0.029186514758561464,0.015234888030890369
11.660156249999998,0.010540602766356589,0.015342244701874749
11.718749999999998,0.019834648670336106,0.021657364068192724
11.77734375,0.013045138548403114,0.007736659837270831
11.835937499999998,0.005820652689309172,0.011248709602919009
11.894531249999998,0.010814436016643175,0.017293804749679887
11.953125,0.0039078014438191835,0.009762078988878129
12.01171875,0.02645715664553955,0.005967147117051039
12.070312499999996,0.04061316066668797,0.015842013891310267
12.12890625,0.035783191639330525,0.017365855033454055
12.1875,0.019150574596713817,0.010956143555845618
12.246093749999996,0.016764028223351542,0.01358701809699639
12.3046875,0.01713060156110006,0.019158006511228017
12.36328125,0.005708881711176343,0.014125877279956567
12.421874999999996,0.01171708719531039,0.008927271161379901
12.48046875,0.00769516519067333,0.012691321783113689
12.5390625,0.01946629827700763,0.011175670072550338
12.597656249999996,0.026300632231808077,0.00677444458757626
12.65625,0.02109947604910522,0.0051039052877524015
12.71484375,0.010028493129023364,0.005488992421167943
12.773437499999996,0.013847284130787634,0.01393872747062041
12.83203125,0.018571547429162574,0.013866011600324572
12.890625,0.013492492479883128,0.008278156883175462
12.949218749999996,0.01555150544348061,0.016031353528518526
13.0078125,0.008074279217865288,0.013529426174911045
13.06640625,0.010817224896640327,0.00270013794728311
13.124999999999996,0.02728898763309047,0.011520505206144671
13.18359375,0.03088383471696771,0.013964010633790087
13.2421875,0.020080618024211815,0.007185451272943186
13.300781249999996,0.011535488394060009,0.013452594509869463
13.359375,0.017708165351041336,0.01937967908612282
13.41796875,0.02228787271178779,0.017294802031155493
13.476562499999996,0.020320981898921286,0.00910596100244107
13.53515625,0.011941619276139018,0.00591671458401074
13.59375,0.0019370234940805238,0.003646805765886931
13.652343749999996,0.01983755890724069,0.009544919653363093
13.7109375,0.03162395867217675,0.019437566721760356
13.76953125,0.02604959855553796,0.016222331181408742
13.828124999999996,0.014567395571392604,0.008241196618645176
13.88671875,0.0037691804815281455,0.012977118574260564
13.9453125,0.023798197948514822,0.019238225787402887
14.003906249999996,0.02443366994291228,0.016844035222274664
14.0625,0.009647430359277877,0.008067324874034878
14.12109375,0.0029376450642297773,0.013020501737930007
14.179687499999996,0.007979776137502757,0.016967977623513385
14.23828125,0.013507900699057942,0.009009108877911039
14.296875,0.02094296308591272,0.004238273088937258
14.355468749999996,0.020282505894241673,0.004804809892811263
14.4140625,0.011292170391944793,0.0025716699563323006
14.47265625,0.0022485656576027636,0.004476202349402101
14.531249999999996,0.008079150621071304,0.006630939370702629
14.58984375,0.014683566723275514,0.005577419778922425
14.6484375,0.013358959206053091,0.005057778615812649
14.707031249999996,0.007785377884701703,0.006086340173442492
14.765625,0.005863315729120063,0.005232798169720257
14.82421875,0.017929761840196307,0.00403727378480678
14.882812499999996,0.028045837365510785,0.010933543584129783
14.94140625,0.020633858000365133,0.009399679112185803
15.0,0.0018850153552125723,0.0013621083202981382
15.058593749999996,0.017874816397693585,0.008343442527019311
15.1171875,0.0135401528024624,0.0033768520278466066
15.17578125,0.012548213917956068,0.010268131110241448
15.234374999999996,0.022518026254314642,0.01627796618318027
15.29296875,0.008202508917519778,0.009220128237954072
15.3515625,0.01263913100632136,0.001027926846300435
15.410156249999996,0.020374253878843927,0.0027696903489685724
15.46875,0.018246391922198124,0.008494853566911627
15.52734375,0.011430203867381368,0.012179731746753892
15.585937499999996,0.018862507511975667,0.012594021759566013
15.64453125,0.02899501916410524,0.014794866382046351
15.703125,0.01815777010346034,0.00944127085101457
15.761718749999996,0.008040066754022785,0.01100620615876045
15.8203125,0.011538457816672789,0.012580816663510385
15.87890625,0.016680326721877105,0.012466942132376405
15.937499999999996,0.02213551165231372,0.015713090153859986
15.99609375,0.010756750239328153,0.008375901346087488
16.0546875,0.006690061371921128,0.002833260585859561
16.113281249999996,0.013553967142087233,0.006732354766486117
16.171875,0.013110820258693702,0.00683352231413411
16.23046875,0.015418966188860116,0.0038984522722485164
16.289062499999996,0.025824709943992063,0.00834473701580734
16.34765625,0.026213069417760745,0.015786515042377526
16.40625,0.010698875750762019,0.01606045533778753
16.464843749999996,0.01572151925839789,0.010008486841524201
16.5234375,0.021078968551517575,0.0075527670661918785
16.58203125,0.007705377877879013,0.001564291031009724
16.640624999999996,0.009845939344547644,0.010318023125872352
16.69921875,0.01567208167321441,0.013354274168536401
16.7578125,0.009144672274676356,0.011462067146229587
16.816406249999996,0.00778545879757562,0.007775789595330772
16.875,0.00228612286269922,0.003143718844495445
16.93359375,0.011807875997206809,0.013380578934065954
16.992187499999996,0.020783800255995247,0.014940561021130179
17.05078125,0.019852751011757968,0.00990433201784752
17.109375,0.012668011616225706,0.009330603801782576
17.167968749999996,0.007013477790676697,0.012232981491446386
17.2265625,0.0026470344181780243,0.015082548759216096
17.28515625,0.005189706351551499,0.013947939876582561
17.343749999999996,0.009246226698587443,0.009883811406068239
17.40234375,0.005745181182002019,0.007323484015259787
17.4609375,0.008004334181319878,0.003044999600197913
17.519531249999996,0.0163785647161549,0.013610709059631855
17.578125,0.01696111551583662,0.015079191464812033
17.63671875,0.011226677877840442,0.007033800333194381
17.695312499999996,0.01765697104570821,0.0030204320848787884
17.75390625,0.01408132789944696,0.007383040449359062
17.8125,0.007643186279670875,0.008373305768634808
17.871093749999996,0.017652801475705544,0.007284318331327043
17.9296875,0.016814187331468347,0.0033418748643988683
17.98828125,0.011059681935480403,0.005272752087244298
18.046874999999996,0.011023540142980237,0.009751835743681663
18.10546875,0.01436106413329914,0.00957504620251457
18.1640625,0.008645706677069835,0.00402580143189582
18.222656249999996,0.00577511412189171,0.0067764748174472126
18.28125,0.014320206272138966,0.014722533408240748
18.33984375,0.009545480018513687,0.013120096775894381
18.398437499999996,0.006254192929083495,0.002893377216040929
18.45703125,0.019097738565332898,0.006341780295272911
18.515625,0.019252675751497344,0.00860264475166181
18.574218749999996,0.015283460982075722,0.009961737486440251
18.6328125,0.01280046491319492,0.011131722092786964
18.69140625,0.008254400358961545,0.011733084490444726
18.749999999999996,0.006306968451002704,0.011582313711911034
18.80859375,0.00486205364864646,0.007628691720458631
18.8671875,0.0030693420620711916,0.004745471457846114
18.925781249999996,0.0057759723605178915,0.005124083080841973
18.984375,0.00696321836129321,0.0024809608077908277
19.04296875,0.014530839993685022,0.006019224079001311
19.101562499999996,0.024815879781185674,0.011476984620410854
19.16015625,0.02738865049175506,0.01282060004868353
19.21875,0.016384583061381863,0.008940497254131832
19.277343749999996,0.005016944398197976,0.0012893051560308763
19.3359375,0.010944662222545433,0.004830708498489077
19.39453125,0.006014512688353673,0.006489162532615074
19.453124999999996,0.0021491606934449835,0.007893213534731644
19.51171875,0.010069791192491058,0.009996802916745793
19.5703125,0.022604889220490237,0.016388304851507836
19.628906249999996,0.03079505030189114,0.019837673610166112
19.6875,0.02242427437672941,0.010557241975599605
19.74609375,0.019378993693276923,0.006453333433482688
19.804687499999996,0.014707199147955386,0.011094749050856875
19.86328125,0.009856452658394644,0.003165498946993515
19.921875,0.02110055398981002,0.011370379064778096
19.980468749999996,0.016939980943821924,0.016620153503062753
20.0390625,0.00628744861750139,0.008063866561573242
20.09765625,0.011668420287109862,0.007169121487954084
20.156249999999996,0.015337360171581431,0.01386931038944014
20.21484375,0.011269620153007627,0.01692002437845848
20.2734375,0.003226755268447295,0.013503582866380237
20.332031249999996,0.013862800907591764,0.008731821036908402
20.390625,0.016249026098064254,0.0066286148826687165
20.44921875,0.015393257638978853,0.007650621003681617
20.507812499999996,0.009599334832656499,0.008224950864598426
20.56640625,0.004279508354250524,0.004571323913121286
20.625,0.013947855308487843,0.006591091787649658
20.683593749999996,0.021407362112362372,0.009305595937971525
20.7421875,0.01978049936581401,0.0020161681231908235
20.80078125,0.013158395099264208,0.00948692908584297
20.859374999999996,0.009475972365208868,0.008936453031012159
20.91796875,0.005163863151468737,0.000447735310370086
20.9765625,0.0086053910046544,0.0077576149331415566
21.035156249999996,0.020827844799161284,0.012967953135537552
21.09375,0.023730770026871458,0.015460591886277216
21.15234375,0.01330040693433975,0.012752624089995697
21.210937499999996,0.0037739458244684145,0.005701014187786296
21.26953125,0.013818370358191506,0.006102367752446734
21.328125,0.010509905378445514,0.005654140483731925
21.386718749999996,0.011039207254992234,0.00591569109567752
21.4453125,0.009580320649686915,0.006271745877496107
21.50390625,0.004341217407035285,0.006327572254278519
21.562499999999996,0.003342310710716912,0.005284453065348546
21.62109375,0.012360106025156758,0.005609631532605474
21.6796875,0.0142474563994349,0.005141427040077118
21.738281249999996,0.00931812586961713,0.0021267051399046603
21.796875,0.009117018181716126,0.0016794458150751468
21.85546875,0.006197380541213579,0.0017771542066581348
21.914062499999996,0.007864724244405001,0.0006086330725052539
21.97265625,0.011894161270714495,0.006050914831825156
22.03125,0.01182161480857209,0.008769286144501674
22.089843749999996,0.006099660727107177,0.004549660539106667
22.1484375,0.006101032205759056,0.007632283893240031
22.20703125,0.01369903834013405,0.009345268723304849
22.265624999999996,0.009804159260287585,0.006895670326991107
22.32421875,0.003365086137437595,0.008091741086912586
22.3828125,0.0046360797441861125,0.004213302934259275
22.441406249999996,0.01461849587506097,0.005996506468033677
22.5,0.020698304410410796,0.011508823973231642
22.558593749999996,0.0168123611076474,0.012187181758956486
22.617187499999996,0.00932388597536555,0.010201880650450976
22.67578125,0.007333920476344256,0.006220304467803511
22.734374999999996,0.009787204848242978,0.0015357915518112873
22.792968749999996,0.010668344491033493,0.005610401884447036
22.8515625,0.012068120974773762,0.01101425980838036
22.910156249999996,0.0120311445899398,0.0123365982536872
22.968749999999996,0.006133627003113712,0.00904935159067423
23.02734375,0.0025384092956133027,0.005466601357630144
23.085937499999996,0.005104975334248238,0.004484454847711502
23.144531249999996,0.009003422412660132,0.008156958022635304
23.203125,0.01650205240527663,0.012335095556422234
23.261718749999996,0.015232231370360214,0.012551426558496231
23.320312499999996,0.00839095180189313,0.004762483749104371
23.37890625,0.012857745220962325,0.008045654253169358
23.437499999999996,0.016005825591314648,0.013434181244034308
23.496093749999996,0.010794439829706409,0.006074013007485008
23.5546875,0.010335496075287432,0.004928209985668532
23.613281249999996,0.013189489193189533,0.008712425509484352
23.671874999999996,0.007018924585657162,0.006088123536324703
23.73046875,0.010421925790977662,0.010162762382700028
23.789062499999996,0.014365922037629673,0.01518997056304425
23.847656249999996,0.0043795155565372204,0.010367498947500883
23.90625,0.008189843804026285,0.005327567932249607
23.964843749999996,0.009351804968419449,0.006709683044455617
24.0234375,0.012953279994919489,0.010439619526137327
24.08203125,0.015688367441862115,0.01035626263259499
24.140624999999993,0.011936904448482168,0.006801082505929323
24.19921875,0.00663093872424047,0.004261322252949868
24.2578125,0.004964957390179844,0.003953711363586562
24.316406249999993,0.007742453229217792,0.004459398047759819
24.375,0.013920314785852178,0.005768201674841098
24.43359375,0.020297909878026238,0.008293200344870761
24.492187499999993,0.021441796565844908,0.011725677695501235
24.55078125,0.010660332821002146,0.00885393385241923
24.609375,0.008458736450384727,0.003935252297406373
24.667968749999993,0.016820160600793967,0.011457631511375594
24.7265625,0.006230710250113793,0.007200578816110132
24.78515625,0.009070475590217904,0.00499781353711923
24.843749999999993,0.011844200053341414,0.005550528038202712
24.90234375,0.012611466892433908,0.005491744290824459
24.9609375,0.018223281643722496,0.008894392823393682
25.019531249999993,0.019637864105294375,0.011117303487646798
25.078125,0.010544428480369659,0.010445967162634651
25.13671875,0.004970514547189733,0.007306768535539312
25.195312499999993,0.012419398671037639,0.007601299675770553
25.25390625,0.00881781513409799,0.011428289006222983
25.3125,0.0032608620269828016,0.010309813129454727
25.371093749999993,0.0022021897596040535,0.005614269035051314
25.4296875,0.014011877246909063,0.00242942922676524
25.48828125,0.01976978079737058,0.004604159585870556
25.546874999999993,0.01980958736183422,0.008666124403291953
25.60546875,0.017680987866333698,0.011431341187657514
25.6640625,0.012847865410794922,0.014250799819083532
25.722656249999993,0.006859314637325399,0.012274722517042628
25.78125,0.008210843455787497,0.006610216160223486
25.83984375,0.013292930140702186,0.004315540892060153
25.898437499999993,0.010948245868764412,0.00668999632977048
25.95703125,0.009160427259057864,0.012807634549755012
26.015625,0.008174559057129958,0.006204648679720982
26.074218749999993,0.02239575041574024,0.00810960500842079
26.1328125,0.023859886768206762,0.01227745005898276
26.19140625,0.01443896240198934,0.007889169795672286
26.249999999999993,0.007586140490603233,0.006060042319736784
26.30859375,0.00789828441952455,0.0044203723425755535
26.3671875,0.01438264219480439,0.0035668545211885675
26.425781249999993,0.014968903353372707,0.004930784813707085
26.484375,0.008064539955215014,0.0014482015066257187
26.54296875,0.003724536752406988,0.008111494275112959
26.601562499999993,0.006000309462947545,0.004682418700082826
26.66015625,0.012776875786538074,0.008522210926006671
26.71875,0.020553063803447118,0.015202264457850254
26.777343749999993,0.01853972829234164,0.009244034600626744
26.8359375,0.009101660321230585,0.0018162595958958136
26.89453125,0.0026615341704205897,0.005351857878189441
26.953124999999993,0.013127537582284719,0.005498483245560852
27.01171875,0.01586997486357287,0.002116852467019135
27.0703125,0.0070425925719722225,0.0054264644441480835
27.128906249999993,0.0016954805090150734,0.008773910482366467
27.1875,0.005785162557779704,0.008157948633433785
27.24609375,0.008260936703473621,0.006687722423487693
27.304687499999993,0.003984291255919541,0.00801265234894581
27.36328125,0.006651290597482464,0.010119908730471576
27.421875,0.013815254008112088,0.014861008272583107
27.480468749999993,0.011384504926434925,0.014552758257941835
27.5390625,0.006147171727820502,0.005487894186483251
27.59765625,0.015173875673905926,0.009998952233035048
27.656249999999993,0.012006623359012963,0.013810776059750758
27.71484375,0.005165034885292454,0.01054116418199477
27.7734375,0.012396675573175595,0.006093925363028975
27.832031249999993,0.013238287064598269,0.00829166203747116
27.890625,0.00515840130450725,0.005800351731608464
27.94921875,0.009066755826648773,0.0014519288726917877
28.007812499999993,0.013450451817519313,0.007740000435088062
28.06640625,0.009296210355880607,0.009132551049168658
28.125,0.008942890368727122,0.0049342557423578
28.183593749999993,0.008524803677343294,0.0030831845074602198
28.2421875,0.008838990627585927,0.0032979268279448855
28.30078125,0.018225709160630967,0.007017954161882649
28.359374999999993,0.02102091404112412,0.005871791266653213
28.41796875,0.015863097779587963,0.004202444488264288
28.4765625,0.005565185935958831,0.006088739141110698
28.535156249999993,0.008628792543137268,0.00787297877059196
28.59375,0.016096479201797288,0.0104662152394236
28.65234375,0.017961474232403293,0.008252394561128688
28.710937499999993,0.019967026559253212,0.0057856260869356526
28.76953125,0.018106457280550943,0.006749011113289235
28.828125,0.015858179841751092,0.006232353434089995
28.886718749999993,0.012318712520412617,0.0072837032229718214
28.9453125,0.007521971596393218,0.006041027356588266
29.00390625,0.005684508687748287,0.00708741178389759
29.062499999999993,0.00677782514313756,0.010486291789202126
29.12109375,0.009431557226339779,0.008261674722334727
29.1796875,0.01517797840817646,0.004991223566832726
29.238281249999993,0.017359092234906136,0.009616683864250583
29.296875,0.01630009506650046,0.009230972514279609
29.35546875,0.020139024052583165,0.008108406461187361
29.414062499999993,0.019405104088716558,0.009011279748454391
29.47265625,0.008831214582026263,0.007621502521342893
29.53125,0.007722490794326233,0.004616659746715312
29.589843749999993,0.01401405975106553,0.005210271843039312
29.6484375,0.011406838422117933,0.0071598717893060606
29.70703125,0.00653057925543933,0.006666612360752059
29.765624999999993,0.010600733950436137,0.0038088018137911236
29.82421875,0.011271645034285656,0.0015379775384045452
29.8828125,0.006567278509525239,0.003714425295637887
29.941406249999993,0.00519989658509739,0.007598646597928953
30.0,0.01188839911315998,0.0108114957203704
30.05859375,0.019022361957670396,0.012481126795809453
30.117187499999993,0.018165391899519052,0.014330733746371387
30.17578125,0.007832060702678102,0.014995943605111056
30.234375,0.0036201595962820723,0.012143472331875555
30.292968749999993,0.006636943439008037,0.008285912115763181
30.3515625,0.006599809769601752,0.00863449366679023
30.41015625,0.008112256658194105,0.012463751973849852
30.468749999999993,0.011499341849462191,0.012323824013993295
30.52734375,0.009599995075022658,0.005497675395424145
30.5859375,0.010128921368106229,0.0027798772302392947
30.644531249999993,0.012613724148764011,0.006034789168653234
30.703125,0.007004975147062103,0.003259406712789441
30.76171875,0.008372421812648696,0.001577901079892596
30.820312499999993,0.018296532538896064,0.003985773658549997
30.87890625,0.0190648342429004,0.0035312664536816564
30.9375,0.010301641465497615,0.001416694633733832
30.996093749999993,0.0065195911532424725,0.0015448505827407115
31.0546875,0.008659575158634317,0.0049449508779390045
31.11328125,0.006888105348857313,0.007698234612051769
31.171874999999993,0.00577100658604767,0.006744714119357284
31.23046875,0.006998366730690639,0.0038028714338713496
31.2890625,0.007839686947930522,0.001886305151277504
31.347656249999993,0.007663459319409391,0.0030833258423321706
31.40625,0.009107464341703014,0.007753582107763066
31.46484375,0.012381702139756581,0.009376533388268184
31.523437499999993,0.015246732119414694,0.006342828870137326
31.58203125,0.01183062263932392,0.004207294552720268
31.640625,0.0023970126137741426,0.004553461635035637
31.699218749999993,0.00850522593452371,0.0031287585228422466
31.7578125,0.010854274976951031,0.002865754222934936
31.81640625,0.012693184294930703,0.0033552683659355547
31.874999999999993,0.010129514227455134,0.0031405674975917117
31.93359375,0.006142711257902362,0.004791171156584593
31.9921875,0.013492253662844216,0.0070859141072744675
32.05078124999999,0.01731258708867175,0.00559976158390672
32.109375,0.013710920512264274,0.00037840093519328933
32.16796875,0.005439561249106194,0.00434522642441886
32.22656249999999,0.002068728752394341,0.00333065453633747
32.28515625,0.005709586064809172,0.0006858281527520904
32.34375,0.00941146833513784,0.002887501310013084
32.40234374999999,0.010566695308488513,0.003520259895764917
32.4609375,0.00978414218062875,0.0006124108998155643
32.51953125,0.01182804911084977,0.0059159462475973645
32.57812499999999,0.013028773294482727,0.006807859192492051
32.63671875,0.006262520185505309,0.002740272470910525
32.6953125,0.004537493590668996,0.0023773067532264465
32.75390624999999,0.009504287069355612,0.00532878570944051
32.8125,0.010915504813274881,0.006679149739656916
32.87109375,0.012569714782246964,0.00718948061295185
32.92968749999999,0.016732121665627528,0.010048361715182388
32.98828125,0.023066620034584876,0.013264540760597328
33.046875,0.023652627680493393,0.010227031539798075
33.10546874999999,0.01940868854334044,0.005611315179466164
33.1640625,0.01870176858494586,0.006560077074034882
33.22265625,0.01691856409064462,0.009868756846907942
33.28124999999999,0.015046175479461726,0.013988948142389365
33.33984375,0.009158820657425338,0.013123092843764169
33.3984375,0.004952771644547638,0.01091149414327029
33.45703124999999,0.01245032739130065,0.008945204291191907
33.515625,0.014439737192238558,0.00676599930523551
33.57421875,0.005377814496172706,0.0005713505546199195
33.63281249999999,0.0055483859611115535,0.0053520696961404535
33.69140625,0.008254042676164803,0.0027756313163524436
33.75,0.011282983572731844,0.005887560978330736
33.80859374999999,0.011363470264365638,0.0055330420793285855
33.8671875,0.008155163312722185,0.0020100477850524723
33.92578125,0.008066251505707073,0.004108859546702299
33.98437499999999,0.01505717369552387,0.0035738092225151737
34.04296875,0.01896939777563404,0.005890266411392962
34.1015625,0.010495777796952354,0.006872633745866041
34.16015624999999,0.00026293321177567547,0.004653138413680421
34.21875,0.0034969659907544046,0.007295169727717773
34.27734375,0.011705286488368015,0.009715250454491385
34.33593749999999,0.016286036946009587,0.008016765820903153
34.39453125,0.011431933985323125,0.0061677240632001945
34.453125,0.006867799001317254,0.008300144074473336
34.51171874999999,0.0051331957059604656,0.006390611885158984
34.5703125,0.003506147948688289,0.004119550264486918
34.62890625,0.006149171961807336,0.0050792673318633885
34.68749999999999,0.0040598693010383555,0.009732355820590805
34.74609375,0.008918123082232837,0.011664577052989244
34.8046875,0.005574024830280795,0.00847852681952469
34.86328124999999,0.005347827158652416,0.007488473522905682
34.921875,0.011160298107550063,0.009218850105968466
34.98046875,0.012816396244098678,0.008837224740453902
35.03906249999999,0.015361002604469653,0.0071709391744306334
35.09765625,0.015543864846626006,0.005178990998584041
35.15625,0.011363306425585206,0.0037146705193558615
35.21484374999999,0.0085795026535596,0.005793233068403394
35.2734375,0.009841370065817256,0.006588699813730927
35.33203125,0.011531835868104015,0.006924563725058025
35.39062499999999,0.010546086183387935,0.006711461633482012
35.44921875,0.005572507466701179,0.006718004750268007
35.5078125,0.0038429294899801148,0.0076157467011865225
35.56640624999999,0.00885713934280586,0.006939790323347633
35.625,0.011014432565726958,0.005139363137019615
35.68359375,0.007165731249151401,0.0025645573548845513
35.74218749999999,0.00373552324300286,0.003453292212844217
35.80078125,0.007848544483475012,0.005159193524467309
35.859375,0.003854964169585684,0.006043689487086901
35.91796874999999,0.0050367598434133,0.007835015104531218
35.9765625,0.008023034063350077,0.00881244585028215
36.03515625,0.0107888711547543,0.008211213889459987
36.09374999999999,0.014111687243493657,0.006943653324997837
36.15234375,0.01690058755627842,0.00424795136899742
36.2109375,0.018062114617866807,0.0029507417404070015
36.26953124999999,0.014556888619354755,0.0040790959128867346
36.328125,0.006299063536247328,0.002161339768406868
36.38671875,0.006398990933098904,0.004046742174032228
36.44531249999999,0.006789564895827693,0.006909316350984986
36.50390625,0.00574940900036734,0.006962542477987434
36.5625,0.007168320182103702,0.007104211979017937
36.62109374999999,0.004869827320034177,0.005903415785209744
36.6796875,0.001457861880644679,0.002782759551994042
36.73828125,0.0031808373812793993,0.0012060463632304417
36.79687499999999,0.004446125112252432,0.002639876686265462
36.85546875,0.0056229220922328965,0.004348935191823884
36.9140625,0.00765612946018123,0.0035285334591675654
36.97265624999999,0.008541389202158476,0.0026036863337082473
37.03125,0.007762227285650544,0.00024762689201153086
37.08984375,0.008370241929980425,0.0059144976723100595
37.14843749999999,0.01068767439632294,0.007943526881983392
37.20703125,0.01228717238680736,0.00679406292869985
37.265625,0.009405311349735017,0.0064427050999331815
37.32421874999999,0.004205214481258493,0.002805621954773227
37.3828125,0.010835344738808737,0.003908438881292998
37.44140625,0.01420132680856493,0.007685981436711496
37.49999999999999,0.013655143026564176,0.008690002477524944
37.55859375,0.008887292320339092,0.009757002200201526
37.6171875,0.005033398254422512,0.010111927426882748
37.67578124999999,0.006131224465575821,0.008967746639480923
37.734375,0.00804136528835684,0.00857830943771553
37.79296875,0.012261798749528463,0.009244316484041578
37.85156249999999,0.013369072897327193,0.007705140478621534
37.91015625,0.011076122565084803,0.0033752638840608283
37.96875,0.01017346127828831,0.0038898328708701774
38.02734374999999,0.015854720677239604,0.006600361810462216
38.0859375,0.022324415630436467,0.00779608976334194
38.14453125,0.021584585886152162,0.006747043900524669
38.20312499999999,0.01706712063851143,0.008310245983939197
38.26171875,0.012182804528160188,0.008242617654723224
38.3203125,0.007572422546200974,0.004104147291841694
38.37890624999999,0.0028225747015360085,0.0043702243365499336
38.4375,0.0029742614695775623,0.00684892138963766
38.49609375,0.006232649344771922,0.0038639588661390045
38.55468749999999,0.005234600161373587,0.00253360707498054
38.61328125,0.0023725979037692723,0.004562147812534664
38.671875,0.007690720892351682,0.0033617721598073343
38.73046874999999,0.015870048990856568,0.007205349618995712
38.7890625,0.015436159601409162,0.00546793578420884
38.84765625,0.00837934833162941,0.007086869474563893
38.90624999999999,0.007073302877452824,0.009818880942315653
38.96484375,0.0051799629782112305,0.005187264941050095
39.0234375,0.004253001903862403,0.002524369543528669
39.08203124999999,0.005751822078848069,0.004768612854913619
39.140625,0.011155915159726063,0.0049018585755090495
39.19921875,0.010128428509524202,0.0017349018103128269
39.25781249999999,0.005101287550914604,0.005518762244231469
39.31640625,0.008333425614421778,0.006981050593195362
39.375,0.01382636255088315,0.0020108015554405477
39.43359374999999,0.011103190081791623,0.0066926476130624215
39.4921875,0.004698173080073549,0.008801436608212606
39.55078125,0.008075097171917785,0.009492680127962234
39.60937499999999,0.0006917794548991621,0.0063785118296077635
39.66796875,0.006572881132399539,0.0028162065433808324
39.7265625,0.00763747160750329,0.005145300623977853
39.78515624999999,0.009598663757140902,0.004633907334955923
39.84375,0.007165332554671201,0.002227713852925595
39.90234375,0.0022146709066158867,0.0026043221621554744
39.96093749999999,0.004234408522223135,0.005509425949094406
40.01953125,0.0039982778297116646,0.005390938610015102
40.078125,0.007813418610004256,0.005505707984858536
40.13671874999999,0.010798087912890402,0.005043965065577171
40.1953125,0.00658631460957232,0.00356070145552498
40.25390625,0.005647076107323654,0.0046549072914214866
40.31249999999999,0.011296654005437182,0.0057122172210825805
40.37109375,0.015109411616476612,0.0008639527055965699
40.4296875,0.015512353104041192,0.006012525858972273
40.48828124999999,0.013063313711947456,0.008391192689621735
40.546875,0.018191047499066127,0.008661822662324488
40.60546875,0.023520321978904794,0.007268435731901291
40.66406249999999,0.02291270103525592,0.004608286606432832
40.72265625,0.01452487786365432,0.0015583294815276552
40.78125,0.010534136910880771,0.004974243752901667
40.83984374999999,0.014992425440395873,0.009199235533710605
40.8984375,0.01493524932104767,0.011101964938849932
40.95703125,0.013533754298873045,0.009662422865330667
41.01562499999999,0.013342671356680116,0.0052487576209942245
41.07421875,0.011784970050733883,0.0009435973425524838
41.1328125,0.006655850845579575,0.0029787671788145545
41.19140624999999,0.003917678646362241,0.00036962541729964433
41.25,0.006013439323264929,0.005597723129417642
41.30859375,0.008610522159317735,0.011080148203062874
41.36718749999999,0.00741012704901486,0.01077307800458672
41.42578125,0.004928055121685093,0.00410141356599306
41.484375,0.006606037372200334,0.001577448338684481
41.54296874999999,0.007084364019901492,0.0013903613975686238
41.6015625,0.007080223638333486,0.0012905030689320776
41.66015625,0.010098768588098125,0.002658491700548876
41.71874999999999,0.00933474487450702,0.0021858713700682055
41.77734375,0.003997515322057861,0.00598061296741027
41.8359375,0.001075727315930979,0.009203532516744875
41.89453124999999,0.004233130178646638,0.009817686135442575
41.953125,0.005965742647814267,0.007898417015353787
42.01171875,0.004242652800951685,0.0056864277990161406
42.07031249999999,0.006269075704505466,0.008493675522899148
42.12890625,0.011245060221202037,0.010694834128412153
42.1875,0.008350724936976672,0.006385301102601682
42.24609374999999,0.004382872256465936,0.004818525191037358
42.3046875,0.006022592085503286,0.007741724545531997
42.36328125,0.0014760254786983747,0.00680481410537
42.42187499999999,0.0015148446094053628,0.007606661208865898
42.48046875,0.0022822991137801973,0.007856301479823068
42.5390625,0.004487989418743594,0.006186861268595412
42.59765624999999,0.007239546030934901,0.005602673500551961
42.65625,0.010645163525904146,0.005773242594009776
42.71484375,0.011318595082210673,0.005371956324415348
42.77343749999999,0.011625652694729408,0.006118986769805038
42.83203125,0.012131189490429706,0.005372492308542254
42.890625,0.004487674413272179,0.0012224639485474643
42.94921874999999,0.008745501939371738,0.0035807881680889465
43.0078125,0.005048220322513,0.00925710461124303
43.06640625,0.006845142027880436,0.0134580582023242
43.12499999999999,0.013703043361656255,0.01138133972827741
43.18359375,0.014016803623034198,0.008270785761793752
43.2421875,0.010236916902340602,0.007372872984408517
43.30078124999999,0.006331382214927587,0.003661204597311971
43.359375,0.017360411532924717,0.005895425948230136
43.41796875,0.020037945371529562,0.008422399738868195
43.47656249999999,0.010567011056484856,0.00339668433970468
43.53515625,0.002137780811531813,0.004129892960869554
43.59375,0.00729864893109532,0.0066704223587276314
43.65234374999999,0.0024007063553419107,0.005775711847971871
43.7109375,0.005530340508163086,0.005455884760216197
43.76953125,0.008193944523879795,0.00591828054817229
43.82812499999999,0.008777339736053213,0.0034824276744765707
43.88671875,0.006341746539010486,0.002856782653884224
43.9453125,0.0022423300816926,0.00933612923653534
44.00390624999999,0.00915683478418155,0.01082903028523907
44.0625,0.008941146761197314,0.0062771165144712
44.12109375,0.005709592597389851,0.004783882165887575
44.17968749999999,0.0057633907478022856,0.0086038278937136
44.23828125,0.008570482746519684,0.007330018153500384
44.296875,0.010125641320237013,0.002780720367382751
44.35546874999999,0.008480555162099722,0.0013104365513669435
44.4140625,0.0051611346371907745,0.0008209497572016339
44.47265625,0.006471127754236794,0.00534679228986418
44.53124999999999,0.0059604567310545566,0.0067118917713928535
44.58984375,0.008914712048230465,0.004156301357199072
44.6484375,0.007700399456765254,0.0018080664650687406
44.70703124999999,0.007990802390411306,0.0020289415869989757
44.765625,0.00931440951130926,0.0037347828495466963
44.82421875,0.012056608360272352,0.0027970723933957147
44.88281249999999,0.016550989430576465,0.007158727689009493
44.94140625,0.01585722744396368,0.009835099955179213
45.0,0.014558238495833173,0.007451949446863806
45.05859374999999,0.010772548730353212,0.004433573623656287
45.11718749999999,0.005739026695292914,0.000879507920038476
45.17578125,0.012342557772020176,0.006531316923522424
45.23437499999999,0.014782239803652075,0.008644109876397308
45.29296874999999,0.014153609934431294,0.005151808055056545
45.3515625,0.012202761027141148,0.002824102100051946
45.41015624999999,0.006378073955893058,0.008273770813989289
45.46874999999999,0.0033196051270196164,0.008903329614489409
45.52734375,0.005593935680822795,0.0072180352487766445
45.58593749999999,0.005007812594751112,0.006393397056351942
45.64453124999999,0.004984206282241005,0.0038358448776187205
45.703125,0.008456853226174734,0.0011993213123987472
45.76171874999999,0.012568193858767764,0.0024372421725331562
45.82031249999999,0.013744416797695044,0.0017930200848468505
45.87890625,0.01281193594769319,0.0038578917061717066
45.93749999999999,0.01796178479598687,0.007412315879861181
45.99609374999999,0.020491755977048182,0.006566573672058807
46.0546875,0.015400042674519972,0.005136397376284617
46.11328124999999,0.011748575653455986,0.005084019158640171
46.17187499999999,0.011188885140549791,0.004466961113848207
46.23046875,0.007947977184333557,0.0034082722678825815
46.28906249999999,0.005390093666603969,0.002178678562428447
46.34765624999999,0.005828456768538908,0.002679796145588698
46.40625,0.0036980529637874954,0.003916601298258989
46.46484374999999,0.0023002728743340864,0.004254157360891968
46.52343749999999,0.004464501802949156,0.005362582136720249
46.58203125,0.002238857259222588,0.005482669919785309
46.64062499999999,0.001509231463135535,0.005432437218292416
46.69921874999999,0.004756415662701468,0.006322308787171244
46.7578125,0.005923031747812309,0.006385177455292689
46.81640624999999,0.004351565091222917,0.006326048266477566
46.87499999999999,0.005578588987621696,0.007271690445262862
46.93359375,0.0010866716920723085,0.007201602414644704
46.99218749999999,0.005037763436963448,0.006256025375132636
47.05078124999999,0.005596077493366006,0.00391245426652089
47.109375,0.0015604525149780246,0.003316624974915202
47.16796874999999,0.004115011232820975,0.003156806743295771
47.22656249999999,0.005973706719817437,0.005595646379338432
47.28515625,0.0047033494045091336,0.008477932139391893
47.34374999999999,0.004418450277341692,0.009721140537455415
47.40234374999999,0.005471111343028359,0.010255587667309992
47.4609375,0.005856816886799717,0.009069256199615683
47.51953124999999,0.003076077289102264,0.006678215859190328
47.57812499999999,0.0016788740055096718,0.004679477735065196
47.63671875,0.004192788206143789,0.004710887303773245
47.69531249999999,0.005454281686978144,0.005870624725888259
47.75390624999999,0.0036514148378230544,0.008057309508396499
47.8125,0.0034116066676202054,0.00917867912461946
47.87109374999999,0.006651592981557091,0.00755624658556785
47.92968749999999,0.01289921435223451,0.004431479842931087
47.98828125,0.018471314918490165,0.0045988775757493956
48.046875,0.01926643875904978,0.006853510161409679
48.105468749999986,0.017077640353661074,0.007942775812488888
48.1640625,0.01483704778115411,0.010030529598341938
48.22265625,0.011756489072636685,0.011206388825017649
48.281249999999986,0.01028023760353384,0.009698096038366208
48.33984375,0.0121419453076301,0.0068554315793459605
48.3984375,0.014795278124796628,0.00836971645366759
48.457031249999986,0.014311300050579102,0.006837351610544005
48.515625,0.01195704131057168,0.002862043377249359
48.57421875,0.009917998893745757,0.0056176798025534035
48.632812499999986,0.006017475927612305,0.005671932247380569
48.69140625,0.006074334127693796,0.004629090303884838
48.75,0.0081131323171067,0.004983366159956453
48.808593749999986,0.005478361811217686,0.0035625464552323923
48.8671875,0.0034020545395210553,0.004786164409203764
48.92578125,0.004141849218652845,0.003606275445534037
48.984374999999986,0.003925777538516564,0.003839374030155062
49.04296875,0.0020358890618448738,0.0032383609678330824
49.1015625,0.002807307024788716,0.0003257006069992651
49.160156249999986,0.0036612997188610464,0.003818176989179046
49.21875,0.006316102941648227,0.004330934747758156
49.27734375,0.009606885428523258,0.006003512411085052
49.335937499999986,0.01215801113922047,0.007892068946359368
49.39453125,0.012581033384437666,0.009689998308605266
49.453125,0.010450578310089572,0.01285110136098844
49.511718749999986,0.005703209698547464,0.011674894062764
49.5703125,0.004006458145472292,0.00746336653214251
49.62890625,0.009991951171734527,0.004628193196307291
49.687499999999986,0.01580415385476416,0.0035163012267679103
49.74609375,0.014859874219145969,0.0024517433983164256
49.8046875,0.009288471993446259,0.0048464886047741365
49.863281249999986,0.006667294168825196,0.006129176770807613
49.921875,0.008844557242264697,0.005405050863451162
49.98046875,0.013759238119130447,0.007165670249108277
50.039062499999986,0.0161591104413357,0.007299653962721727
50.09765625,0.010531774439972134,0.005218098212045969
50.15625,0.006217964880728422,0.005767418121283569
50.214843749999986,0.006236612669332365,0.0041865238404102745
50.2734375,0.004264949826580161,0.0040114006978317655
50.33203125,0.0024313417891583216,0.0050107052685558606
50.390624999999986,0.009076927457881563,0.007071679907644489
50.44921875,0.018383362553913696,0.007644921708711471
50.5078125,0.022717880672921784,0.005906156010664272
50.566406249999986,0.020752933906997742,0.005229759297967263
50.625,0.011151012591909587,0.00261494385193549
50.68359375,0.006190939817967193,0.004020507214925527
50.742187499999986,0.012515952223356644,0.005792397688687372
50.80078125,0.010398345005801349,0.004701589333564401
50.859375,0.00518518153729365,0.003542570256082335
50.917968749999986,0.00407816660924958,0.003314244957772624
50.9765625,0.011576812344496899,0.006464217465457568
51.03515625,0.012226853957205276,0.0067307292776379755
51.093749999999986,0.012115373662455521,0.005307547115681605
51.15234375,0.014801899387389858,0.004288878094757982
51.2109375,0.014221645878381936,0.002032655984045468
51.269531249999986,0.00901304808282598,0.0022015155844292734
51.328125,0.0019911275731074,0.00846767035894723
51.38671875,0.008092573337256055,0.012603315008184781
51.445312499999986,0.012355416698765637,0.00994717183858591
51.50390625,0.014578407440883541,0.003266772460313809
51.5625,0.016495342306544574,0.0010036741216528984
51.621093749999986,0.014086540131682408,0.0008797326309535567
51.6796875,0.008050879476988527,0.0011514021900546343
51.73828125,0.003822302998081497,0.0027529602904657552
51.796874999999986,0.004923655287446536,0.004715827383393023
51.85546875,0.010307998691541888,0.007420441476196354
51.9140625,0.018081483634693987,0.008026382926522137
51.972656249999986,0.023213293933306955,0.010902293642669897
52.03125,0.02363828778730586,0.013474225522903692
52.08984375,0.021002670789345465,0.010616770463691012
52.148437499999986,0.019863359826714205,0.00657895748098915
52.20703125,0.020573880071310224,0.007872964065239954
52.265625,0.019448294635964185,0.010400788963769175
52.324218749999986,0.015933508287392834,0.009881679858340984
52.3828125,0.01285321066760587,0.007396350554533876
52.44140625,0.010432675402151051,0.005965751612799211
52.499999999999986,0.01054741327392882,0.006361969825316648
52.55859375,0.012326657502231813,0.0058615467623902885
52.6171875,0.01272468298471747,0.004586383110045181
52.675781249999986,0.010903725622461337,0.0037595299792630137
52.734375,0.006623375341088731,0.0037591643482492386
52.79296875,0.0037235279020254386,0.004238167194021783
52.851562499999986,0.008159258121487148,0.0036404494627125888
52.91015625,0.011050281668536267,0.0055132266848640435
52.96875,0.007865234183871828,0.005674904764039837
53.027343749999986,0.007205375509614888,0.0029155237394103035
53.0859375,0.009209798761712209,0.0011769414139936537
53.14453125,0.008762697615927326,0.0015655839598313665
53.203124999999986,0.006885254948532931,0.0018230212089416355
53.26171875,0.007596125374488589,0.0006974774927487557
53.3203125,0.007715540447373661,6.0202924792135466e-05
53.378906249999986,0.007487588849868562,0.0007366914490715717
53.4375,0.003943060711215087,0.0010093158998948262
53.49609375,0.0022491252787846957,0.002734039999807681
53.554687499999986,0.008708632355462454,0.0019948561502255015
53.61328125,0.011368544300535013,0.001582927410933315
53.671875,0.0076719412017789675,0.0014190491578172635
53.730468749999986,0.0016290937519099723,0.005212022577761152
53.7890625,0.002622697035901085,0.004379965479331134
53.84765625,0.003827496150955363,0.0016702456894508195
53.906249999999986,0.001797070976671159,0.004071414519871505
53.96484375,0.007338163543245204,0.004367758395754012
54.0234375,0.01443236200583533,0.0057059266788074
54.082031249999986,0.016009347973528803,0.005909921384372145
54.140625,0.010992276532069939,0.0038645741259187394
54.19921875,0.006043851399925733,0.0008944574993281121
54.257812499999986,0.007453572066324776,0.001484331075990228
54.31640625,0.011518008703813112,0.0026306272161078378
54.375,0.010839826416844695,0.004081715349759614
54.433593749999986,0.004617556659565807,0.004841039956157078
54.4921875,0.0016592160062279995,0.002745789154220433
54.55078125,0.004326986850056898,0.0013499381220260008
54.609374999999986,0.006578416816085341,0.003018237404288699
54.66796875,0.006180757902352822,0.0013801984147641235
54.7265625,0.005256831142413138,0.0031221544275021433
54.785156249999986,0.009454241346702062,0.004428571196657185
54.84375,0.011838897708031978,0.004087847666110092
54.90234375,0.00956819779267931,0.004149493925446209
54.960937499999986,0.006223986053006716,0.0019574808095046596
55.01953125,0.011518595734673717,0.0030270518962525602
55.078125,0.013596168146313623,0.002982436233168926
55.136718749999986,0.011104084514089558,0.004584143758496336
55.1953125,0.01212056191334542,0.008580600493968414
55.25390625,0.013221438586273525,0.008594851713183653
55.312499999999986,0.009511080465652905,0.005356970472608809
55.37109375,0.007148910030328845,0.004434458630495231
55.4296875,0.007916366961197532,0.004731977290456687
55.488281249999986,0.00902722263511797,0.005037824214056162
55.546875,0.005826199605858617,0.007694667005074212
55.60546875,0.0034222113146298375,0.006945932434659283
55.664062499999986,0.004212526074265346,0.006682569801542572
55.72265625,0.000933012878947115,0.004868322457433292
55.78125,0.003573978715190151,0.004031709664961883
55.839843749999986,0.008165687638849789,0.005668111727097205
55.8984375,0.013852126306944329,0.008669280388779661
55.95703125,0.015450089458422526,0.008296444325653116
56.015624999999986,0.01010382929992281,0.0028862338335264356
56.07421875,0.010920780873301332,0.004121295771725175
56.1328125,0.011451112942532293,0.006647696885815404
56.191406249999986,0.010869716577657665,0.007206402078245265
56.25,0.015015979832002483,0.007100934381998378
56.30859375,0.021153211690036013,0.008825115176787935
56.367187499999986,0.018980188338111638,0.009481056531449383
56.42578125,0.009881192070022379,0.007735754906961997
56.484375,0.004925946169811496,0.0056408726629404386
56.542968749999986,0.006304107407016601,0.003636874979793299
56.6015625,0.008507986100093878,0.0017005130439387986
56.66015625,0.007627167471272761,0.003182197965520626
56.718749999999986,0.004778756824249049,0.004493391764353044
56.77734375,0.00579432939028434,0.0037281758347694673
56.8359375,0.008432535882553894,0.001631296756944778
56.894531249999986,0.013108487637109643,0.0019224771344688567
56.953125,0.0134382326669606,0.0003956201290579916
57.01171875,0.010686950473129295,0.0008056791441677232
57.070312499999986,0.006947067797867012,0.0028019988024620616
57.12890625,0.006962390873670843,0.003892317232419104
57.1875,0.007707262429053843,0.004872490398497615
57.246093749999986,0.00782096446467953,0.005807592180629175
57.3046875,0.008403081261763862,0.0058355006890243154
57.36328125,0.0054502971040215524,0.009500766903704232
57.421874999999986,0.005581879666920575,0.012659118264877749
57.48046875,0.01030095617727923,0.010521224652112512
57.5390625,0.012055408411884223,0.004694686450470679
57.597656249999986,0.010401101100308936,0.0014706981325007073
57.65625,0.007141875700619048,0.0008534910994855339
57.71484375,0.006048718066257494,0.0014991387001260434
57.773437499999986,0.007682210113018887,0.0018663830609500537
57.83203125,0.012063971579388362,0.0038658976882131957
57.890625,0.015922626102768248,0.007055342455169378
57.949218749999986,0.012874653049566243,0.004505875870383111
58.0078125,0.009234824976787244,0.005956824240543331
58.06640625,0.006973385534842047,0.005605015953848149
58.124999999999986,0.005337759555514274,0.0020820608757537375
58.18359375,0.008590227670656285,0.0071651689225468
58.2421875,0.011691369877771748,0.00720528457936407
58.300781249999986,0.015218247546736395,0.007709511147926739
58.359375,0.013496249627790433,0.007021418647649895
58.41796875,0.0088714773999446,0.005963888868453938
58.476562499999986,0.005950931136078949,0.006055803404392069
58.53515625,0.003834934358958522,0.005378160912830721
58.59375,0.004248642186849231,0.004455851208636091
58.652343749999986,0.005357951426004027,0.004417437034050205
58.7109375,0.005036657315662505,0.003272723655741044
58.76953125,0.0025117210700718773,0.0011659219977388183
58.828124999999986,0.015797345245105905,0.006569438906533196
58.88671875,0.022724747000089338,0.010561607051078848
58.9453125,0.01802226260985004,0.009115038299437864
59.003906249999986,0.00974704808852055,0.005236291101056558
59.0625,0.0067744567244628785,0.0038399778659101705
59.12109375,0.012808460554697068,0.00511495042090448
59.179687499999986,0.014511539135628236,0.006085659465348827
59.23828125,0.008377785176563703,0.002958157751983822
59.296875,0.001326657933682668,0.001718306596054057
59.355468749999986,0.006195712459987495,0.0028834888003526674
59.4140625,0.011405423488337705,0.0018256151038917728
59.47265625,0.014007519405344705,0.002428695212625453
59.531249999999986,0.013038786922289936,0.004187595386454942
59.58984375,0.007086039390258993,0.004243158707307474
59.6484375,0.002542089771572973,0.0021411493419458516
59.707031249999986,0.004102163274308799,0.0022481095366797483
59.765625,0.009291941517459082,0.004806621889325418
59.82421875,0.011354301599882963,0.0014070927007416832
59.882812499999986,0.006025256284930441,0.0055624877588711
59.94140625,0.006017495600985667,0.006455893490066977
60.0,0.010486024009634597,0.004692720053643109
60.058593749999986,0.012019935341609238,0.0070946541544818454
60.1171875,0.006314435498153542,0.004339003455855116
60.17578125,0.001654564383716836,0.001631395547560788
60.234374999999986,0.004280829224560133,0.0037049554326659896
60.29296875,0.0089038556661184,0.0052781567110255605
60.3515625,0.011559234274016072,0.004448011264401481
60.410156249999986,0.01518521190544754,0.004910282103271496
60.46875,0.014345598102811913,0.004860214683593617
60.52734375,0.009053248247395965,0.004669476000253647
60.585937499999986,0.00722021129429153,0.0022379333739666997
60.64453125,0.007952004751015701,0.004602104483513443
60.703125,0.007917248235725415,0.006021264366280717
60.761718749999986,0.004843418663605002,0.0032691046465324457
60.8203125,0.002807195442181951,0.002656158280377272
60.87890625,0.005093697039329551,0.0018373442732309109
60.937499999999986,0.006855943574768199,0.0005345893033700407
60.99609375,0.010085942384818672,0.0019954615113647674
61.0546875,0.013912541900755214,0.004151810705930355
61.113281249999986,0.014140438216640423,0.0051714015864362806
61.171875,0.004817255343362683,0.004396291609635732
61.23046875,0.002300393946177051,0.003206502627229634
61.289062499999986,0.004648052057962869,0.0030282000026396637
61.34765625,0.007159431723856069,0.0036133734143400007
61.40625,0.0063794422041630406,0.003539651994304189
61.464843749999986,0.007870810189874247,0.0014308088044760069
61.5234375,0.010270978497069878,0.00461659242904601
61.58203125,0.007554794479680099,0.006624449509752192
61.640624999999986,0.0029332403637788848,0.0064677482726759475
61.69921875,0.001386944188993764,0.006139856970230608
61.7578125,0.005621948427294867,0.005043441786664175
61.816406249999986,0.009277486934382349,0.005116326871820997
61.875,0.007949535206683967,0.0046789765434999
61.93359375,0.007299263672796362,0.003403779316346541
61.992187499999986,0.004468990411789302,0.003482619493426182
62.05078125,0.004431754029500584,0.004274903644951317
62.109375,0.013397640895336514,0.0030360378041843303
62.167968749999986,0.019811278275253072,0.002504436293123448
62.2265625,0.021079018264247427,0.004694680232486738
62.28515625,0.016832490568112413,0.007227869816354956
62.343749999999986,0.014030144560771528,0.005393309257789801
62.40234375,0.013151765976837674,0.0027093521519527654
62.4609375,0.008302830194126526,0.0037366303787623577
62.519531249999986,0.006176678640694831,0.0031906046589254616
62.578125,0.010416621618248582,0.006589227728263217
62.63671875,0.011759903802656011,0.006423562639471904
62.695312499999986,0.010333012859642181,0.0023275659819145347
62.75390625,0.012638356851297588,0.0013148080393034578
62.8125,0.0168189366552257,0.003317813143174228
62.871093749999986,0.014173525233943312,0.004388059419651563
62.9296875,0.009012065481423102,0.0025687369458802537
62.98828125,0.011945524777729049,0.0008348512759099293
63.046874999999986,0.012812765968076952,0.0035993738473305598
63.10546875,0.010522476639574155,0.004587387701932842
63.1640625,0.005559405633546558,0.0031564797271154826
63.222656249999986,0.004970292008531897,0.00274882429047724
63.28125,0.009472706887589727,0.006297263645272989
63.33984375,0.004956482733225749,0.006875910146891702
63.398437499999986,0.007247255080644747,0.005339308893335554
63.45703125,0.015795838714900125,0.005312485583767726
63.515625,0.014895676615030086,0.0024189388975956456
63.574218749999986,0.005003964381861677,0.0032956451620450374
63.6328125,0.010340232135169547,0.007859216252212515
63.69140625,0.009114908720559978,0.009542092753924994
63.749999999999986,0.004416230559739353,0.006398814692606058
63.80859375,0.004567836954468674,0.002459450506139629
63.8671875,0.001979768988509515,0.0021518035693276006
63.925781249999986,0.003349764865533157,0.0045450784283231046
63.984375,0.0086600675910795,0.006269307232097658
64.04296875,0.011018586781167615,0.0048900338583327315
64.10156249999999,0.010834638699101012,0.0011917781201762473
64.16015625,0.013190002492856437,0.003130062293382189
64.21875,0.016525455230201595,0.003493112064743722
64.27734374999999,0.014777194957674492,0.0023723571870247653
64.3359375,0.00847225049824917,0.004204178708092562
64.39453125,0.00708537670118789,0.007012069088976026
64.45312499999999,0.0031107857668737585,0.006803581294159293
64.51171875,0.005240471875358107,0.00610924457676256
64.5703125,0.011503810329036142,0.0030699163049857075
64.62890624999999,0.015524458230381193,0.0030120315946637593
64.6875,0.014294263626112547,0.00420257697773336
64.74609375,0.010730507978988809,0.0031960693276397224
64.80468749999999,0.004161121249741975,0.003309971877393121
64.86328125,0.005202475287513384,0.006553388162639858
64.921875,0.009596088022989654,0.009923116320381828
64.98046874999999,0.011631213182408064,0.012204489994942407
65.0390625,0.014403041540646583,0.012044404782815982
65.09765625,0.016915252235548142,0.009950331220245549
65.15624999999999,0.02172874299271904,0.009110154818863866
65.21484375,0.020912729999529204,0.009610281159705268
65.2734375,0.013346593062595806,0.009139367215172818
65.33203124999999,0.007065086100831138,0.0077511828426950315
65.390625,0.010622656680517525,0.005309366087796526
65.44921875,0.011114432391434816,0.005889561057945704
65.50781249999999,0.006927110910773843,0.004542480262001525
65.56640625,0.006985521093461856,0.0015405046762796749
65.625,0.008789901345619983,0.0017916747089137474
65.68359374999999,0.010259618835971464,0.0029380007743331315
65.7421875,0.010766521966911512,0.0028715797014276993
65.80078125,0.010801998397074073,0.001234748574064343
65.85937499999999,0.009422239125822586,0.0016670315469389913
65.91796875,0.008845758758756752,0.003010592253133976
65.9765625,0.008693548168587403,0.0014238424346390828
66.03515624999999,0.00785534665223476,0.004315432803855384
66.09375,0.009553718284938837,0.005108478872219564
66.15234375,0.006700976868678164,0.002216480750685961
66.21093749999999,0.006751637866506867,0.001950896749683144
66.26953125,0.0069027812025984694,0.0013832340785989937
66.328125,0.008076756313855361,0.0027456974879518543
66.38671874999999,0.01017300755229849,0.005082890160835433
66.4453125,0.0058041541022568,0.004674976026769317
66.50390625,0.006916762809171364,0.005356312464032433
66.56249999999999,0.009700429054861034,0.004932703835379949
66.62109375,0.00720190785487958,0.0036991060838037835
66.6796875,0.0063872110910951135,0.00532250658521634
66.73828124999999,0.010035994277464178,0.004448609368832822
66.796875,0.014288119431366026,0.004033171802626233
66.85546875,0.012226151080711423,0.006482344626470658
66.91406249999999,0.0021942851755550287,0.00853570583307795
66.97265625,0.010820519026630575,0.010185318216375291
67.03125,0.014083368359899925,0.008428856454859487
67.08984374999999,0.00960399188908003,0.005803575094261827
67.1484375,0.006988311142237421,0.005258620640085662
67.20703125,0.00518009559104851,0.004796370462352114
67.26562499999999,0.003431299711856577,0.00398022407640943
67.32421875,0.003936260817392962,0.0045375212408930304
67.3828125,0.00737708001410489,0.004916598348723342
67.44140624999999,0.013506864665829864,0.004771106450074805
67.5,0.01494416054596356,0.005689723617530776
67.55859375,0.016159808584501396,0.00682351568928088
67.61718749999999,0.02281895580305587,0.005415387491525149
67.67578125,0.02659409511757769,0.0023406488842818455
67.734375,0.02256491839453908,0.000794823618523687
67.79296874999999,0.01117900899450471,0.002983381586478211
67.8515625,0.0021368539078477806,0.005044016339189306
67.91015625,0.004496493664967176,0.0027240046364403205
67.96874999999999,0.009241165267795831,0.0038123354956063797
68.02734375,0.009473178479088296,0.0054559573128444795
68.0859375,0.010121473221803816,0.0038444742729211393
68.14453124999999,0.00986406543528192,0.002600364714262145
68.203125,0.008733656195028522,0.0027988437307356023
68.26171875,0.010835435488044514,0.004296306457884976
68.32031249999999,0.014492236218613395,0.005848871552795686
68.37890625,0.01272939379797563,0.0057950207036173125
68.4375,0.00657599937535181,0.002629721576252321
68.49609374999999,0.0018537306885829366,0.0036045177017510785
68.5546875,0.0011193236118200915,0.006632410153328827
68.61328125,0.0029073366567076053,0.005623453857304856
68.67187499999999,0.006809914769410346,0.0050160463617442575
68.73046875,0.010339713333104883,0.0060205756796670494
68.7890625,0.009245014200856223,0.005664813035417549
68.84765624999999,0.005477950063754513,0.004131569781839085
68.90625,0.005149643307375391,0.0015101458379007406
68.96484375,0.007930278655699473,0.0031025990228288757
69.02343749999999,0.007765703157921415,0.005891933304093151
69.08203125,0.008193341938351808,0.007574300691492891
69.140625,0.0049623549378107114,0.006022065327027719
69.19921874999999,0.002794292299577334,0.004053382206904989
69.2578125,0.01143178018437197,0.004387222670679495
69.31640625,0.014950033376655888,0.0054271815405760055
69.37499999999999,0.008468324309299271,0.004014611249193426
69.43359375,0.0038516914313594247,0.0016753030268959982
69.4921875,0.010185281593291537,0.00427973596580275
69.55078124999999,0.012686840713823234,0.006481700619416521
69.609375,0.009613808230896092,0.005350344580934078
69.66796875,0.002687770272142465,0.0038312046709185576
69.72656249999999,0.007330602948050891,0.006324491068068197
69.78515625,0.008630286488355376,0.010097361680551812
69.84375,0.004839662279124117,0.011157894555135783
69.90234374999999,0.0032193975305177818,0.009221462527538892
69.9609375,0.0022450186052382364,0.0074641283313920635
70.01953125,0.00516385050824606,0.007292296531119124
70.07812499999999,0.008141485838353276,0.0069181474926103236
70.13671875,0.010563457542294707,0.0050034440618875005
70.1953125,0.009087170894990466,0.0031144565934288254
70.25390624999999,0.003783761245481896,0.0033652269262231284
70.3125,0.0029102461860477462,0.004714378026504272
70.37109375,0.0052218429412892176,0.00689285620683529
70.42968749999999,0.008157881093789203,0.009078566742679501
70.48828125,0.008602955525827046,0.0067993964616042315
70.546875,0.007438173112721908,0.0031441974805241062
70.60546874999999,0.006773647405440732,0.0037031483136155427
70.6640625,0.0041327101823638605,0.005369340023089385
70.72265625,0.011904582190608783,0.00655339249387599
70.78124999999999,0.01441542798648896,0.0052944298122424545
70.83984375,0.010985924182050183,0.004154762024665906
70.8984375,0.005525717140209683,0.0035667220140235835
70.95703124999999,0.006096080893108853,0.001472082777726634
71.015625,0.005469505675851903,0.0014156718288518256
71.07421875,0.004392443853892471,0.001753778349651014
71.13281249999999,0.002876999591869519,0.005598709871283842
71.19140625,0.001557652701695557,0.005931561833147406
71.25,0.0048591607922126474,0.0025704466911944663
71.30859374999999,0.008562444676086071,0.0030401846051544145
71.3671875,0.00989808364248936,0.0038669010382528773
71.42578125,0.007585562683445715,0.0017350910204952741
71.48437499999999,0.006859050497623339,0.004422010683398786
71.54296875,0.005788196788649544,0.003111866441607408
71.6015625,0.009344138532579246,0.0022880315403194466
71.66015624999999,0.013426602453248039,0.003315407004393887
71.71875,0.012869671916314262,0.0012488113839155233
71.77734375,0.012092672173533141,0.0011066337267883629
71.83593749999999,0.00957295981013919,0.0017817730514497908
71.89453125,0.0058275547708198155,0.002577460104057241
71.953125,0.010238815163747878,0.00626116507141785
72.01171874999999,0.019955033996149917,0.009170272539211044
72.0703125,0.020178080221827276,0.007341522960788897
72.12890625,0.00969175529312116,0.005782827588325343
72.18749999999999,0.004142516780128985,0.004349284674686033
72.24609375,0.010986659136623953,0.0031264241495998204
72.3046875,0.01251647809565026,0.005016092506408995
72.36328124999999,0.010239112989054252,0.005753753905980037
72.421875,0.007461941401491069,0.005739696597741081
72.48046875,0.0036452128364073775,0.006035529853280684
72.53906249999999,0.0014146074196526017,0.004533963217790202
72.59765625,0.003797535230794808,0.004661812260674395
72.65625,0.004021082926423099,0.004987559920479049
72.71484374999999,0.0034049130438706878,0.0042133338030219455
72.7734375,0.0030995281997114694,0.00662172329918334
72.83203125,0.004532840023140172,0.006833053406587234
72.89062499999999,0.012185351507323567,0.0039468827004007275
72.94921875,0.01542803965028791,0.005222143114741878
73.0078125,0.01177031655513319,0.008611526852290878
73.06640624999999,0.005902918726401161,0.009441507720827356
73.125,0.0016606394067510265,0.006423300322794393
73.18359375,0.004614149873545971,0.004984659036625536
73.24218749999999,0.010968016557835365,0.006626395585724488
73.30078125,0.01084430710494966,0.004835052150106647
73.359375,0.002725687526345745,0.002950058118063839
73.41796874999999,0.005658645899820745,0.0033018947482049425
73.4765625,0.001738595884683376,0.0044238853001869775
73.53515625,0.011236865790835,0.005623503033803873
73.59374999999999,0.015452731729910501,0.006186665598719999
73.65234375,0.011213127798786294,0.004814979094718682
73.7109375,0.006830161447079717,0.0029102163671515242
73.76953124999999,0.006939252464354874,0.0029166891625452673
73.828125,0.006441013168665375,0.00238618472459388
73.88671875,0.004613489666024808,0.003450206664966551
73.94531249999999,0.006077761844412793,0.005718869955579381
74.00390625,0.009576273579699783,0.007840796311544494
74.0625,0.011585089160911407,0.007720211736071384
74.12109374999999,0.013813587751518332,0.005053541925893035
74.1796875,0.012259309652192072,0.005223989645843836
74.23828125,0.00872933732827791,0.008921313542930753
74.29687499999999,0.01074774322075001,0.007780130955732861
74.35546875,0.007192163630075704,0.004387673907309627
74.4140625,0.010299339598212323,0.0061544284322466
74.47265624999999,0.01348015472364759,0.006956440810390798
74.53125,0.016293376287172312,0.007754548037117747
74.58984375,0.015683593850214603,0.007333358922618952
74.64843749999999,0.012598146853111458,0.005490200159729409
74.70703125,0.008403403192802725,0.002603577836603055
74.765625,0.010137140689736888,0.001315476107748339
74.82421874999999,0.012543807051091352,0.003496772464789997
74.8828125,0.010634507168009516,0.004227798269566594
74.94140625,0.00955387637317337,0.004507246260214803
74.99999999999999,0.00915881185559329,0.0017321392221077614
75.05859375,0.009411157775145555,0.0014203102800940234
75.1171875,0.00894894755704959,0.003680884140231561
75.17578124999999,0.008502812658118204,0.005938887378229207
75.234375,0.007436182375557396,0.004377005890686985
75.29296875,0.0056495951153900225,0.0022639774433011457
75.35156249999999,0.002838633599482414,0.002064584012885366
75.41015625,0.0026377950204013317,0.0016192181987444716
75.46875,0.003659069068386853,0.0012350220082036026
75.52734374999999,0.004217297245780288,0.0020850745000697553
75.5859375,0.012207077910149659,0.005461434663125377
75.64453125,0.016910657987424402,0.007940655887488001
75.70312499999999,0.017182748416852803,0.007008118058131938
75.76171875,0.010293593381817425,0.0027656695708598578
75.8203125,0.005367925314744951,0.004787913814315536
75.87890624999999,0.009486793297822186,0.0056050704051244125
75.9375,0.005254466525652388,0.003142433105897998
75.99609375,0.004585929976790678,0.0034474176528516798
76.05468749999999,0.005512760283023184,0.003955704059705861
76.11328125,0.005404504830523101,0.004805900907538387
76.171875,0.005701089583456679,0.004515472739543267
76.23046874999999,0.00381129759201571,0.00231649852459391
76.2890625,0.00664248982361467,0.004801531119884459
76.34765625,0.010621308879064305,0.007100098041674152
76.40624999999999,0.008028444278202318,0.006930361532794933
76.46484375,0.004888747611976461,0.006577495410790013
76.5234375,0.00629015403174809,0.0076942582680918
76.58203124999999,0.006012897900474176,0.010222740782369918
76.640625,0.0007210312824874652,0.009879300268189763
76.69921875,0.004108613465808712,0.00732713612868319
76.75781249999999,0.004088135699250721,0.004492289030574134
76.81640625,0.00245659615121595,0.00246026742768002
76.875,0.004267783674112246,0.0037443395728294754
76.93359374999999,0.008300904092673728,0.004639304773038383
76.9921875,0.010691537980523129,0.00320302848020501
77.05078125,0.00928929669102886,0.0017897527115645704
77.10937499999999,0.012035016637946885,0.0029232562033062208
77.16796875,0.012615994904248242,0.0005045037587577664
77.2265625,0.01000130701545245,0.003913500577361302
77.28515624999999,0.005222051649440995,0.005120711322071552
77.34375,0.006356964771579689,0.004722805868213209
77.40234375,0.003895301198525684,0.00427187110976095
77.46093749999999,0.005568154387803576,0.004958804101624243
77.51953125,0.011729691937548383,0.006035301093812098
77.578125,0.013409624828043122,0.005281039371874257
77.63671874999999,0.008696317517948825,0.003991877689042086
77.6953125,0.0049090856360251124,0.0038749247461059475
77.75390625,0.005100404313767273,0.005164401294982383
77.81249999999999,0.00766141150283201,0.005345776507243527
77.87109375,0.005615735949356037,0.0038658089363475534
77.9296875,0.0007341169453761791,0.0025698923063524944
77.98828124999999,0.0024321986920866428,0.004096035794139088
78.046875,0.01023002306625697,0.0066420431264942415
78.10546875,0.014263456362168843,0.0050592208481167415
78.16406249999999,0.010765090155138504,0.0017640850937873868
78.22265625,0.009547216789385311,0.0024495741171136677
78.28125,0.011795761970821375,0.005648027772733549
78.33984374999999,0.008933769718919796,0.008372008017442216
78.3984375,0.005801213572679491,0.008618236112133009
78.45703125,0.004081145539581344,0.007539694320388204
78.51562499999999,0.0032919807446383266,0.004928031395392587
78.57421875,0.007753901523871867,0.0020526203906728042
78.6328125,0.010364006405105097,0.003323551634532171
78.69140624999999,0.007053333696648158,0.002907753580448325
78.75,0.004414450051026197,0.0029223013393506084
78.80859375,0.015693876215192398,0.004272449066751114
78.86718749999999,0.01596053963907964,0.0017546061677806912
78.92578125,0.006631006921920525,0.0035331060280613287
78.984375,0.002425502641018332,0.006246113493044041
79.04296874999999,0.0014189728795030465,0.006935801560899103
79.1015625,0.00827114777262978,0.007569920374948632
79.16015625,0.00983839894522662,0.006710558069794207
79.21874999999999,0.005388703800278616,0.006603476691658556
79.27734375,0.0019907956213937807,0.00603292869732894
79.3359375,0.0037804996760163164,0.0021922464754674177
79.39453124999999,0.010557567080292783,0.002093535936690518
79.453125,0.011812339183034384,0.003434768908830353
79.51171875,0.004891699192523469,0.0043182172063814155
79.57031249999999,0.0030478696233922574,0.004696191788481847
79.62890625,0.004082899203482299,0.005048861881745607
79.6875,0.008376706724104024,0.007483873830184481
79.74609374999999,0.01058647590938532,0.009564479581019712
79.8046875,0.01044957899432498,0.004818573026259177
79.86328125,0.008746932066647051,0.0036261955912773943
79.92187499999999,0.0033310956480470046,0.0048732104205022825
79.98046875,0.0013031812723192327,0.005706710808523188
80.0390625,0.00605091241915042,0.005133205927183765
80.09765624999999,0.007378748264444303,0.0032921496804621626
80.15625,0.0011959509125543072,0.0018009431502993846
80.21484375,0.006423355754527854,0.0014394308809742747
80.27343749999999,0.008050488866156056,0.0018461452742974975
80.33203125,0.003488102538165892,0.0007357042308642186
80.390625,0.010211358165944383,0.0023125137215805245
80.44921874999999,0.014121547975666388,0.004018275723745311
80.5078125,0.008464579963030603,0.001995190574084745
80.56640625,0.0015475605211342845,0.002211860508813063
80.62499999999999,0.0028876511453561943,0.00416548321614612
80.68359375,0.008601920872539179,0.00423413093039431
80.7421875,0.013967732543661324,0.004721535999157944
80.80078124999999,0.01146425879034739,0.0036927500250295725
80.859375,0.007892084682779202,0.0004667841423517903
80.91796875,0.0051987704134769525,0.0024909279255883286
80.97656249999999,0.0025520129094365844,0.0015533834764528904
81.03515625,0.003406845722283622,0.0013928759631222634
81.09375,0.004733974963026816,0.004703136481806517
81.15234374999999,0.00552819774866944,0.003950917749940302
81.2109375,0.008673838364863897,0.0005120067606418474
81.26953125,0.015357886698234412,0.0023024556482438108
81.32812499999999,0.01975946140285399,0.00189334635547809
81.38671875,0.01604178754947586,0.0025088021985991324
81.4453125,0.004742286754438529,0.0037984041646568485
81.50390624999999,0.005464102911558574,0.00311404632595345
81.5625,0.0020190667297492154,0.0028230402479412723
81.62109375,0.009850121310157148,0.0037957469079537027
81.67968749999999,0.011185433482507265,0.0020131273255704586
81.73828125,0.0014927695305595719,0.0033135553974792016
81.796875,0.011418922474953344,0.006452000373681285
81.85546874999999,0.011649598515740243,0.004074943113406784
81.9140625,0.0060986006394200135,0.0018637482612196075
81.97265625,0.0064850055778616356,0.003228411594707701
82.03124999999999,0.006849569489590026,0.0027567658501303086
82.08984375,0.004280142393362693,0.0008159642301363264
82.1484375,0.008348789156494618,0.003425297149338829
82.20703124999999,0.011111822313174109,0.0038775342452158313
82.265625,0.010101977396668509,0.00559907436546862
82.32421875,0.0030450236925548585,0.004400702526867967
82.38281249999999,0.005743377859074813,0.0014230105637714472
82.44140625,0.00756637720075727,0.0007897178609489644
82.5,0.00754289346060887,0.0005105757284048776
82.55859374999999,0.007945579972129187,0.0019207743649864322
82.6171875,0.0074192009608486115,0.0022845366693872134
82.67578125,0.00692607767436523,0.0045207458226266895
82.73437499999999,0.006586332125046254,0.005329283903069206
82.79296875,0.006738754977184187,0.004799598286201023
82.8515625,0.008609794988274695,0.0054767638081509576
82.91015624999999,0.013696974046011744,0.005433200090131072
82.96875,0.011200514942974388,0.0036912385604675065
83.02734375,0.00374211987723514,0.0012381664448948293
83.08593749999999,0.011042146671312396,0.001542083714006896
83.14453125,0.010072045721639134,0.002014301206744247
83.203125,0.008169513527476026,0.003755217464915201
83.26171874999999,0.009770791611896,0.003567695194163744
83.3203125,0.011965880743890576,0.004511270861334759
83.37890625,0.012176157237387408,0.00537055910081138
83.43749999999999,0.005994406317321118,0.0031449039230097824
83.49609375,0.003870937132934488,0.003160238115105756
83.5546875,0.009066188268299361,0.006590446996675105
83.61328124999999,0.01033390138435109,0.007019196611377181
83.671875,0.004093319627100627,0.003304908285818196
83.73046875,0.004048964038502685,0.002080275653715815
83.78906249999999,0.006672617659093525,0.0010611899115895065
83.84765625,0.003697440807897233,0.002708689400963898
83.90625,0.0019415638681144095,0.005689237093471306
83.96484374999999,0.007892581888817047,0.007898149372136495
84.0234375,0.014592750252387814,0.0062318237579729735
84.08203125,0.017653211762034087,0.003280329625037875
84.14062499999999,0.013727754530094284,0.0022822772702090085
84.19921875,0.010401135815275228,0.005279681104697623
84.2578125,0.005306593383205441,0.0027610741192540308
84.31640624999999,0.00808053387621262,0.005584232995708085
84.375,0.01071722197158398,0.006329764522014821
84.43359375,0.012364254467089872,0.0023081538166625014
84.49218749999999,0.011164046087632544,0.003884895721076626
84.55078125,0.009567447921323463,0.004914815454193603
84.609375,0.009675759119543298,0.0037869106150489784
84.66796874999999,0.010593402238327713,0.004624572622013741
84.7265625,0.013703758799952882,0.004001777057560333
84.78515625,0.015106537485842536,0.0022850233200461994
84.84374999999999,0.01035586870672638,0.0019330077967205262
84.90234375,0.005258219886573645,0.003815049094299828
84.9609375,0.009959184851042687,0.00834479952010381
85.01953124999999,0.008538909162266637,0.008128741879578056
85.078125,0.0021462616740417564,0.003141061217325909
85.13671875,0.005114411084363212,0.00458059121391748
85.19531249999999,0.009702486890009306,0.009220397046145717
85.25390625,0.012654237193849598,0.010318273262962016
85.3125,0.012145123717246574,0.00850332377509854
85.37109374999999,0.010173593708086575,0.005994519807799472
85.4296875,0.014314542292863911,0.004788952048687932
85.48828125,0.012846060961919616,0.002870629101271772
85.54687499999999,0.004863567967551528,0.0031632462315717507
85.60546875,0.009126393659432923,0.003336881364007591
85.6640625,0.010237726546531734,0.004075542028878186
85.72265624999999,0.004156306312448802,0.008846209553038121
85.78125,0.0038560939950912734,0.007027245660446554
85.83984375,0.003871590758148651,0.0014303403370085053
85.89843749999999,0.007124298645377577,0.005939559312601478
85.95703125,0.007963869957858576,0.005230464857716459
86.015625,0.0032850809366205057,0.00240758167209543
86.07421874999999,0.0030393493962522487,0.0019358269186982534
86.1328125,0.008830327244733528,0.0026297638378551904
86.19140625,0.011444317350175563,0.0032273971208498274
86.24999999999999,0.00855548954374831,0.006776778190667611
86.30859375,0.011967899421212812,0.007032238006029752
86.3671875,0.010515700070129239,0.002024970704414977
86.42578124999999,0.005194319936214832,0.003250754086512136
86.484375,0.003556385048443409,0.004026439515910505
86.54296875,0.005287558142733764,0.00278444204984939
86.60156249999999,0.00670318209382108,0.003848528392636822
86.66015625,0.006437276282147791,0.005295650589220229
86.71875,0.003140327857842121,0.004842673519469645
86.77734374999999,0.00390996201867072,0.004322807931984234
86.8359375,0.003352045315885627,0.0029259600290578963
86.89453125,0.0055028479399926705,0.003741974065351504
86.95312499999999,0.013769318301787504,0.008071033154551476
87.01171875,0.01198069639619515,0.005640568938619631
87.0703125,0.004227212472958432,0.0009374436821201472
87.12890624999999,0.005594668808052643,0.0014079531526884912
87.1875,0.007604468388788579,0.0012854666731993965
87.24609375,0.0071872231851572346,0.0013602257974226727
87.30468749999999,0.005367188733703274,0.0032876111223773476
87.36328125,0.007748032440176563,0.0030267430466845496
87.421875,0.005480825407042975,0.0041560385686446304
87.48046874999999,0.0042604741793082265,0.005921976386721075
87.5390625,0.006366553099233553,0.0054215495205666596
87.59765625,0.006257216842345161,0.002503985696055555
87.65624999999999,0.006589288408752865,0.003274998447900998
87.71484375,0.012649564289734664,0.004025584265588761
87.7734375,0.014285806320938966,0.0018027087867291955
87.83203124999999,0.01089151294844171,0.0008141875560359182
87.890625,0.004717138102066721,0.00019987733699883582
87.94921875,0.0023251812487428765,0.0028186678890777203
88.00781249999999,0.0029537289970462317,0.006538120913492938
88.06640625,0.004460533221744213,0.006660279850446303
88.125,0.006418640784144721,0.0033790943120626756
88.18359374999999,0.0036800491545752306,0.0029316937803368043
88.2421875,0.0030266271723814395,0.0012816335053569877
88.30078125,0.005777405524646646,0.005082572171471366
88.35937499999999,0.005783966577108576,0.00561692405989755
88.41796875,0.01194213171418962,0.005750931367608561
88.4765625,0.013052964639849453,0.0017044004202902247
88.53515624999999,0.0063204310896957435,0.0027084749453330655
88.59375,0.002559983831387234,0.004431635670590415
88.65234375,0.004043447462661654,0.005860933235717095
88.71093749999999,0.00528723133956659,0.0024346791684246175
88.76953125,0.0070648784833401545,0.0010307697087801066
88.828125,0.010206620158892425,0.005178734324701285
88.88671874999999,0.010692670326021291,0.008604198031917141
88.9453125,0.0069257866410315,0.0058534750786511285
89.00390625,0.00874043638104021,0.004666358674999712
89.06249999999999,0.010664833196881598,0.005382986428405444
89.12109375,0.008898300165930097,0.0038079454486021082
89.1796875,0.006954879820745234,0.0029397860303106618
89.23828124999999,0.006800547977282099,0.002887375520888491
89.296875,0.0057285943947117165,0.0012552110924778524
89.35546875,0.0010713403845255542,0.00526850208852371
89.41406249999999,0.004595265785839943,0.004478854532230891
89.47265625,0.009222530992034557,0.0025474103061574153
89.53125,0.010355873924299772,0.003083422064880271
89.58984374999999,0.0057027034022714175,0.0030195479333866527
89.6484375,0.0013126454809685405,0.0048080702803391575
89.70703125,0.0019781984534082745,0.006033496857363246
89.76562499999999,0.004834555436363436,0.006550853695382381
89.82421875,0.007963153451829933,0.0055848554232638915
89.8828125,0.00674660413017351,0.004974105036640296
89.94140624999999,0.002275925305170717,0.004222196975377546
90.0,0.006861700479464597,0.0011518455050934
90.05859374999999,0.008431797708872353,0.0034747816669576694
90.11718749999999,0.008592429168500537,0.005842940850168204
90.17578125,0.013932833893066177,0.005419578350441917
90.23437499999999,0.013790987448608332,0.005077639213792842
90.29296874999999,0.0058764597406509725,0.00559663262300632
90.3515625,0.004793635545459633,0.004147947636063284
90.41015624999999,0.005068392671712409,0.003608640644037717
90.46874999999999,0.0004986051851712431,0.005682473459362938
90.52734375,0.0065743615616978505,0.006213280403489349
90.58593749999999,0.011575909915826417,0.005394512741017053
90.64453124999999,0.00999147211300625,0.00512323886320201
90.703125,0.0036935142592087592,0.004261462263598523
90.76171874999999,0.006521184263399819,0.0034968423783778434
90.82031249999999,0.010034225269016558,0.0022483603038494925
90.87890625,0.010133418731211865,0.0021157244921050085
90.93749999999999,0.009123683691525825,0.0038461943517876375
90.99609374999999,0.011318768058289084,0.006774729100781432
91.0546875,0.014111303633429462,0.009788415803779729
91.11328124999999,0.009830713171465286,0.007886382060223823
91.17187499999999,0.006993048674023483,0.0033506303554966302
91.23046875,0.015136088740256813,0.0010096690556659926
91.28906249999999,0.020085259157977486,0.004710753659888919
91.34765624999999,0.017850402630229648,0.004701443680828707
91.40625,0.017113694848704984,0.0004858086579672691
91.46484374999999,0.017709521630212832,0.0017366860011626781
91.52343749999999,0.01277664431485939,0.0019768286153351296
91.58203125,0.004989372569757877,0.0020744231842810944
91.64062499999999,0.004867683578038983,0.005367199806997338
91.69921874999999,0.008476851708162484,0.006615073633372513
91.7578125,0.011360309215801022,0.00512230178678639
91.81640624999999,0.01573970237517553,0.004941384292394602
91.87499999999999,0.01692346277127876,0.005151979844010718
91.93359375,0.018012730575827446,0.003289547611065004
91.99218749999999,0.017506020831286676,0.0015299909265627987
92.05078124999999,0.01353464279609517,0.0033600297822308565
92.109375,0.013300851122262385,0.0052494053699431685
92.16796874999999,0.008712173582421087,0.005972528826464898
92.22656249999999,0.00603663599409516,0.006693132142669477
92.28515625,0.009003556700305846,0.008344622811459637
92.34374999999999,0.004701632230301683,0.009233190713489119
92.40234374999999,0.0019145310503915099,0.007122848838234037
92.4609375,0.0030591374483278366,0.004380297812607664
92.51953124999999,0.006752183274715593,0.0036924839081124957
92.57812499999999,0.010718407084924523,0.0029780669103678056
92.63671875,0.010950681923828365,0.005135825670437043
92.69531249999999,0.006315025170295858,0.005364754627684153
92.75390624999999,0.0028559853051790137,0.004542242637143828
92.8125,0.0035920044014468777,0.0023022900451110367
92.87109374999999,0.0074513138362817585,0.002560159356991923
92.92968749999999,0.006974789744971052,0.0058390314412698876
92.98828125,0.007390780413733861,0.00595824645769667
93.04687499999999,0.00863233382728875,0.005624434567284011
93.10546874999999,0.009575129234106897,0.006249426582341277
93.1640625,0.004831051591509562,0.005682823779510939
93.22265624999999,0.005370930846347728,0.004737680125960851
93.28124999999999,0.007025530000224853,0.004198215792541047
93.33984375,0.001116157838626458,0.0010462222711075087
93.39843749999999,0.0075988581906326815,0.0038911882614320555
93.45703124999999,0.007019847732931237,0.003777468615427852
93.515625,0.00443251916638843,0.0004985819653479707
93.57421874999999,0.004065787692467074,0.002043566593926851
93.63281249999999,0.011600101924081407,0.0027170098611607055
93.69140625,0.01821020525626195,0.005475156021567995
93.74999999999999,0.014058607267959109,0.004948602309488564
93.80859374999999,0.008592616030738135,0.007758387048367983
93.8671875,0.010285569046295212,0.010610722764341596
93.92578124999999,0.008557072491465442,0.007826952523824602
93.98437499999999,0.0065873463277473935,0.0052318822473273316
94.04296875,0.008459389261894849,0.00566314153957697
94.10156249999999,0.010898581430383279,0.007289457584286179
94.16015624999999,0.01016190942698934,0.007201798004441622
94.21875,0.011892924312256125,0.005449790790078108
94.27734374999999,0.014853828967009874,0.003526635206815012
94.33593749999999,0.012214988947141433,0.0016930513000276667
94.39453125,0.007333050954758269,0.0023439859086275784
94.45312499999999,0.007319934753442153,0.00419236238582674
94.51171874999999,0.008489214030602961,0.006176759422246455
94.5703125,0.00642872013870265,0.007371249201290826
94.62890624999999,0.004187112394809051,0.00763999411909812
94.68749999999999,0.012452099117555309,0.0092890171596756
94.74609375,0.018679585765125756,0.010454654143284609
94.80468749999999,0.01260443635572528,0.007564221661743111
94.86328124999999,0.0033201038648198295,0.004429332289633041
94.921875,0.0030478307036104126,0.0042985728407202535
94.98046874999999,0.005300313955014731,0.00386040063156004
95.03906249999999,0.009093778952208253,0.0023188700448188116
95.09765625,0.01151449433375335,0.0016291706124883954
95.15624999999999,0.00805684176981628,0.0010857104646955246
95.21484374999999,0.002087901238835735,0.0027549893061695955
95.2734375,0.007010929012107103,0.0015768590416164999
95.33203124999999,0.01847838915470237,0.004381420437312078
95.39062499999999,0.022372156486295525,0.006307358465641632
95.44921875,0.014043658928660906,0.001975034054939043
95.50781249999999,0.0032059459466006047,0.00452916805384786
95.56640624999999,0.006657851408680449,0.006507881184568164
95.625,0.014085383522316924,0.0037591777937780787
95.68359374999999,0.015134925907934332,0.0013796443841115789
95.74218749999999,0.008952690708046334,0.0010457485370343317
95.80078125,0.0010304926618694861,0.0017404775888690018
95.85937499999999,0.004397898032192008,0.0007696253648226603
95.91796874999999,0.007577211046853277,0.0009396360678845282
95.9765625,0.00816593978844503,0.0031906974634060606
96.03515624999997,0.006907617962519386,0.00463911177354471
96.09375,0.007268459735684726,0.0017669492001819993
96.15234375,0.009239875671605583,0.0027822190345948767
96.21093749999997,0.0082464367319756,0.002653518850792446
96.26953125,0.0028937986738770197,0.001333477654238933
96.328125,0.00199351930527548,0.004636623661023906
96.38671874999997,0.0042719259736178645,0.004097542173680627
96.4453125,0.008696866348299906,0.002673195120643558
96.50390625,0.013017335677644253,0.0013646070555206303
96.56249999999997,0.011755875007673122,0.0017112135213304671
96.62109375,0.008978252898869988,0.003292905173639329
96.6796875,0.013590698171872478,0.004095397561665863
96.73828124999997,0.01875546016414032,0.0032917115408630814
96.796875,0.021243141637756164,0.004878334088846443
96.85546875,0.012903188055418721,0.003227356161125978
96.91406249999997,0.004384162411103803,0.001460866954874966
96.97265625,0.0019335187486998215,0.005361177923757242
97.03125,0.007068545557443138,0.008090378750024652
97.08984374999997,0.009685185608482711,0.00678187287094422
97.1484375,0.008367274108862567,0.004232868606003898
97.20703125,0.01095555671022887,0.004189482734904305
97.26562499999997,0.013249395893835468,0.004159131911385216
97.32421875,0.013322108254228601,0.002925208046937923
97.3828125,0.012252594490598524,0.002892923093845018
97.44140624999997,0.00826250898654119,0.0015331249438940795
97.5,0.001663711320009153,0.0023764618437058438
97.55859375,0.005433421009753672,0.0026899817395982513
97.61718749999997,0.007647156778565285,0.004976285961435949
97.67578125,0.006994101736558582,0.008124672274313934
97.734375,0.011666809867709464,0.009330070097346906
97.79296874999997,0.013823881190469671,0.007864077288941167
97.8515625,0.007270414503247001,0.004967615309889097
97.91015625,0.0052740480726368244,0.00020063871046152132
97.96874999999997,0.014312382009990136,0.004351045358063466
98.02734375,0.012538798235677532,0.003152854624451659
98.0859375,0.0030748126343048787,0.001936434757967123
98.14453124999997,0.004649616240718248,0.004200444193496341
98.203125,0.005272704894101527,0.004929672871964954
98.26171875,0.004245072954193551,0.005005718300524125
98.32031249999997,0.009991930178230543,0.003047547864831896
98.37890625,0.012011998328830783,0.002977188716248891
98.4375,0.013805131418673882,0.0035666172330441857
98.49609374999997,0.019255310307592463,0.001996010670894502
98.5546875,0.018735111785172773,0.0024233659176927415
98.61328125,0.01237851200945988,0.005872015195718845
98.67187499999997,0.011306467589553592,0.007638344346014623
98.73046875,0.006438303374766451,0.0056823049479785585
98.7890625,0.005099838695776233,0.0033833648091159347
98.84765624999997,0.01155594654344319,0.0016948588896570239
98.90625,0.013329603346106547,0.002368552078147336
98.96484375,0.01367872319129308,0.006568074603639479
99.02343749999997,0.015585714798081225,0.007371312894325448
99.08203125,0.017484811271261017,0.005417882606443946
99.140625,0.01843211129332369,0.005183033285117501
99.19921874999997,0.017277786896681656,0.007021469159231405
99.2578125,0.011897887576705244,0.006919095151393189
99.31640625,0.0055079447089341465,0.0027945693749566202
99.37499999999997,0.0020156986331906824,0.0011510565162951647
99.43359375,0.004693978236203441,0.0010555062922915546
99.4921875,0.009085361180494637,0.0020584862744368205
99.55078124999997,0.011632408316722534,0.002974774878247786
99.609375,0.01041376837002443,0.0037700645576450257
99.66796875,0.00576230288280153,0.003948300891126968
99.72656249999997,0.0019214953139714643,0.0036863305303266995
99.78515625,0.0014591690465168257,0.003299581057310262
99.84375,0.0016724728085580891,0.0028196712021093216
99.90234374999997,0.009406041966741701,0.0024259039305307754
99.9609375,0.012831088993672867,0.0030230265378206507
100.01953125,0.00444252447839009,0.0018928469101518702
100.07812499999997,0.010199233580476974,0.002331002674238608
100.13671875,0.011997226265204188,0.0002741675319069976
100.1953125,0.008311038562410616,0.003716272554408481
100.25390624999997,0.0068744294255015026,0.003004430150631616
100.3125,0.004025734776395543,0.0017336749688038465
100.37109375,0.005224235948733355,0.003457538089771411
100.42968749999997,0.006115548352661672,0.002735134352062951
100.48828125,0.006186823767650964,0.0044729708021991966
100.546875,0.010334289937739476,0.00497974917132422
100.60546874999997,0.013292402284673379,0.004324874235190111
100.6640625,0.012011259278412302,0.003795578331385683
100.72265625,0.014384177085618748,0.002598691291146436
100.78124999999997,0.017138781918243348,0.0009115557927108119
100.83984375,0.014714165922144596,0.0011690200425019492
100.8984375,0.010589912222015729,0.0022178591902837714
100.95703124999997,0.011636868052403607,0.0017042532367229901
101.015625,0.015348992597752487,0.0008609300744753286
101.07421875,0.013067010972044863,0.002659155341559311
101.13281249999997,0.007170420099338845,0.002307270492825381
101.19140625,0.007704213510964038,0.0038803545868273987
101.25,0.011488567053560083,0.007623328274363324
101.30859374999997,0.016588721205034396,0.009274037240316113
101.3671875,0.02397514696773106,0.011424686155160796
101.42578125,0.02065521209820098,0.011407761261636853
101.48437499999997,0.007749425954032968,0.005975974994229222
101.54296875,0.011374952356226499,0.0006548835809571143
101.6015625,0.010702757241352147,0.004129938102922256
101.66015624999997,0.005814385108582174,0.0049978089203738755
101.71875,0.00500810402838252,0.0037230227263955677
101.77734375,0.0058810888801721735,0.0026747695141692107
101.83593749999997,0.0060139354203228865,0.007088521024864085
101.89453125,0.004402478516666352,0.00654582156438392
101.953125,0.0039924817358082286,0.002106726498161282
102.01171874999997,0.007090491239348176,0.004930919344595311
102.0703125,0.007045742477933331,0.005458216611615596
102.12890625,0.005408986955835555,0.0026982633832857475
102.18749999999997,0.0017886149774203614,0.0010237824641457004
102.24609375,0.005159085925549609,0.0016991358304416816
102.3046875,0.005725750058329164,0.0015991507320123177
102.36328124999997,0.00730617010828143,0.003362882377965365
102.421875,0.005230215522169157,0.0043006730807211985
102.48046875,0.0019078124144929708,0.0035664184547052813
102.53906249999997,0.010900147364798081,0.005381428130886263
102.59765625,0.015450076583942396,0.006070778183781707
102.65625,0.013481085402028635,0.004645565481918669
102.71484374999997,0.012693296602206442,0.0037740906072019553
102.7734375,0.011655962329376214,0.0022020967660138745
102.83203125,0.010140758998882043,0.002292044373209753
102.89062499999997,0.00905973567778556,0.003983679434171488
102.94921875,0.006879225011270105,0.003779095276537405
103.0078125,0.0051594951765979195,0.005242033542398291
103.06640624999997,0.008373895853012524,0.007322730175569508
103.125,0.012117648209580029,0.0060335802947470395
103.18359375,0.014479405992570452,0.003053430319781196
103.24218749999997,0.014918567168864229,0.0032791444171855894
103.30078125,0.010677950946074198,0.005152119204664281
103.359375,0.006511865635546114,0.004023263193983816
103.41796874999997,0.005048486742858894,0.004239439736492251
103.4765625,0.006111606974009265,0.003713828222059863
103.53515625,0.005883877368560355,0.0013021722568370918
103.59374999999997,0.006903058958305509,0.0018706823009845051
103.65234375,0.007369229544415832,0.0022105143997936797
103.7109375,0.010011563915677042,0.004080116596467172
103.76953124999997,0.012445303397390717,0.005439392043646224
103.828125,0.011677047821497958,0.003696742069222036
103.88671875,0.008985661725738359,0.0003589861346266532
103.94531249999997,0.005422724080334178,0.001519699088784674
104.00390625,0.01029047116993646,0.0018985366022146828
104.0625,0.013441509247608978,0.0018655627955559567
104.12109374999997,0.00513042983271357,0.0004436049127829989
104.1796875,0.008077943690270312,0.0052232442691110435
104.23828125,0.01180715283887399,0.008920345379641582
104.29687499999997,0.009401571083717895,0.00958827813371982
104.35546875,0.009438006470118445,0.008115474095195753
104.4140625,0.00977159692425021,0.00511680254119882
104.47265624999997,0.008539563084862579,0.0024073360951675157
104.53125,0.008042095758577856,0.00250474832469138
104.58984375,0.00501202362068782,0.0020804377622772583
104.64843749999997,0.0033024703939442206,0.0022117818131144975
104.70703125,0.008516618491245562,0.0071438240930115264
104.765625,0.007518746769957568,0.008917739572562054
104.82421874999997,0.0038961126709317127,0.0074074560614619
104.8828125,0.005517565396417473,0.005182604779454385
104.94140625,0.00552513844829531,0.003393374909488331
104.99999999999997,0.0033256862248918152,0.0038988061486783807
105.05859375,0.001640924662104967,0.005878911073527638
105.1171875,0.006678258843198512,0.00500683027366866
105.17578124999997,0.010155256986046196,0.004173348262116858
105.234375,0.008990607292401752,0.004982958200749875
105.29296875,0.009029122747512702,0.005779088188570954
105.35156249999997,0.013169006482737278,0.004926406906652405
105.41015625,0.014514913465597525,0.0021277474092142893
105.46875,0.012319400074088943,0.004618238785273849
105.52734374999997,0.013163337026744944,0.0056836065478026495
105.5859375,0.014969529706542944,0.003058618491713143
105.64453125,0.012358525103263166,0.002161306081253168
105.70312499999997,0.009748653160328706,0.0036105417025198666
105.76171875,0.011353347436791568,0.004703363639092182
105.8203125,0.00984242456315841,0.003343511645225511
105.87890624999997,0.0061755934840435536,0.0015069628532108895
105.9375,0.005234132938561406,0.0017965494729130557
105.99609375,0.005216935227452911,0.0033498967977920904
106.05468749999997,0.004754011094679789,0.004361037743032486
106.11328125,0.00622164317643307,0.004062921104509984
106.171875,0.0057840820938536595,0.0038483219299797144
106.23046874999997,0.007147143692509212,0.0011633732740943413
106.2890625,0.01392795370093099,0.005873989879522674
106.34765625,0.019069936783546234,0.008984090656355418
106.40624999999997,0.015406170582465724,0.005945451935708712
106.46484375,0.00923430590591408,0.0051605739461365865
106.5234375,0.008380400786959988,0.006311217104190761
106.58203124999997,0.014985826037176546,0.008341767972398578
106.640625,0.020103866319194152,0.009297652720992892
106.69921875,0.018336227101384932,0.009656096476637007
106.75781249999997,0.012872480632092858,0.007966769346085437
106.81640625,0.008538751757200447,0.004952531525206655
106.875,0.003923640834623412,0.004567124564147916
106.93359374999997,0.002398803536387258,0.0037886065647655363
106.9921875,0.008515548425671187,0.0006838992829888478
107.05078125,0.009935678785102606,0.001932858047410427
107.10937499999997,0.0022315483173765676,0.0020288996044562726
107.16796875,0.009159665610169676,0.004245785950572614
107.2265625,0.011737819008485667,0.004099698166252969
107.28515624999997,0.003461763469260413,0.0034493839944301666
107.34375,0.007417276734249247,0.004279556442651913
107.40234375,0.012859526842380288,0.0032557156894727165
107.46093749999997,0.01375143226037124,0.0011821628558891467
107.51953125,0.014355924679513028,0.0025326600806209083
107.578125,0.015403757915377892,0.004192309450408601
107.63671874999997,0.01466483818942335,0.004986147218271339
107.6953125,0.010582274399415796,0.005254204984715511
107.75390625,0.004573242893931634,0.006098572818159594
107.81249999999997,0.004139322598517788,0.005034793120297291
107.87109375,0.010229453508056836,0.0003955397044854686
107.9296875,0.013354760369999179,0.004251333621045085
107.98828124999997,0.010685481408836378,0.004600431712436642
108.046875,0.009049172020454568,0.0019147387570576078
108.10546875,0.010800993407914046,0.0043816061989424854
108.16406249999997,0.010647640978348083,0.006020536465173777
108.22265625,0.00955214353868809,0.005353113137340407
108.28125,0.009814432026265347,0.004170962714325684
108.33984374999997,0.010440404072420202,0.002687117214353888
108.3984375,0.007177391774255081,0.0023345241872480146
108.45703125,0.0045503548569960535,0.00300355251712163
108.51562499999997,0.006355465800346769,0.0032755000226825847
108.57421875,0.012801993709537345,0.002491497434399413
108.6328125,0.017426383747004143,0.0012781914573283212
108.69140624999997,0.016798137442798303,0.0021611946547648265
108.75,0.013356361114917859,0.004372680307163758
108.80859375,0.00998553133531677,0.006377203908992126
108.86718749999997,0.010766863766564022,0.006142509526500753
108.92578125,0.012595789064073399,0.004802252273401825
108.984375,0.006951901795033356,0.006036710578286906
109.04296874999997,0.001169142536056359,0.006480271034141716
109.1015625,0.003821699487729741,0.0052003514740220904
109.16015625,0.0035530095198449347,0.003924658618434752
109.21874999999997,0.004629473809659603,0.0016400981504076115
109.27734375,0.003108411692983075,0.00024096503541865387
109.3359375,0.006219718377594815,0.0018446288696634112
109.39453124999997,0.009023922248709878,0.003287752318885897
109.453125,0.010231466971004131,0.003369041332536005
109.51171875,0.010700295624352813,0.0025662555009415304
109.57031249999997,0.006807904646754606,0.0019536464965114477
109.62890625,0.003839118423119633,0.006935494060181594
109.6875,0.004154581052681233,0.006826390518948684
109.74609374999997,0.0019833020426729756,0.0017093891425209067
109.8046875,0.008579412951260837,0.0014027447749648421
109.86328125,0.011046495709510787,0.0014538856042753767
109.92187499999997,0.009829510073288198,0.004409985444048028
109.98046875,0.007888685435283633,0.002747646045258153
110.0390625,0.005627650642536279,0.00399268929455737
110.09765624999997,0.003486209720892311,0.005865583487631384
110.15625,0.006358958195062512,0.003920432854858787
110.21484375,0.00932780649068417,0.0019086344811771957
110.27343749999997,0.010336292590423247,0.0034027041638438464
110.33203125,0.01194848272311629,0.005562933331415079
110.390625,0.012098090097942164,0.006128370000750505
110.44921874999997,0.009425912013223224,0.003679544937667113
110.5078125,0.009403181009427133,0.004629291534164105
110.56640625,0.013544020263859055,0.008080320862580802
110.62499999999997,0.011529628508204916,0.008829145248823804
110.68359375,0.0048467334938654405,0.006553779722538469
110.7421875,0.0018306737139508029,0.00278811813613917
110.80078124999997,0.0069603242824275765,0.0022377282362787266
110.859375,0.013459817871406134,0.0024109675580372835
110.91796875,0.012668102045406608,0.0008420989152753969
110.97656249999997,0.006579302059270265,0.0011178800152588468
111.03515625,0.009142452705971497,0.0025144307544673404
111.09375,0.013887782039108012,0.004746968029803538
111.15234374999997,0.012699816745155777,0.003951863434158598
111.2109375,0.0036744920603168224,0.0023412061798434836
111.26953125,0.008398359675303415,0.005583649422996815
111.32812499999997,0.012439192544137044,0.0044003609938600705
111.38671875,0.007465019253687949,0.0038011197199436506
111.4453125,0.000888113855669468,0.0025991247544362335
111.50390624999997,0.008642750628674756,0.0025384249043720677
111.5625,0.014084845152475598,0.0032195785525859495
111.62109375,0.012393798477165333,0.001437901010278001
111.67968749999997,0.00716525533732594,0.00038679548583218465
111.73828125,0.010577131296417188,0.0033570683260009324
111.796875,0.01761486467086553,0.005761888285939034
111.85546874999997,0.017747720726397256,0.008132500502071784
111.9140625,0.008317751804580562,0.006035150239517543
111.97265625,0.004195293667162813,0.005991202181761797
112.03124999999997,0.0064399824699335586,0.011324356438697792
112.08984375,0.001468348056604925,0.010768738918042055
112.1484375,0.010869192185199992,0.005041656603215113
112.20703124999997,0.013111964661955277,0.0019090632113671613
112.265625,0.010296403156339841,0.00351058717198003
112.32421875,0.00995519736510131,0.003068090947582996
112.38281249999997,0.009594112412341165,0.0023311282612265053
112.44140625,0.0072374581720960444,0.001966676988460778
112.5,0.004801783839211411,0.0027572918099358175
112.55859374999997,0.0076462314256257715,0.004823583622088266
112.6171875,0.016968587161585433,0.0060566936302735635
112.67578125,0.02177875746549814,0.005193118939802017
112.73437499999997,0.018770883642951073,0.003953971823334539
112.79296875,0.016527856829447574,0.004477700179954928
112.8515625,0.015999296945852396,0.004778850267958488
112.91015624999997,0.01319297014046428,0.004232045349295086
112.96875,0.010381105666654886,0.0028614184555744975
113.02734375,0.01025221871063069,0.0028702407205561547
113.08593749999997,0.01268883534120468,0.004882156793765547
113.14453125,0.01146908062538381,0.004834471492528375
113.203125,0.005059066066668662,0.002749880542332505
113.26171874999997,0.0021186322456981043,0.0023877462122449513
113.3203125,0.007325593499277492,0.0013889038175666228
113.37890625,0.01545135683531148,0.004464035740844976
113.43749999999997,0.017884550302537525,0.0056669580759310684
113.49609375,0.015900211661495273,0.006001967374580617
113.5546875,0.013271894480109018,0.005376066946881985
113.61328124999997,0.009288410814955884,0.004139323884188548
113.671875,0.0060340666358144925,0.0032115091369371656
113.73046875,0.008039451254009304,0.002395559717732593
113.78906249999997,0.00485501626273191,0.002343704479332556
113.84765625,0.00490450429049204,0.005732510152042258
113.90625,0.013014522322001554,0.008691715087804239
113.96484374999997,0.013606816806719697,0.005777248974902018
114.0234375,0.009062366939377123,0.0018471362443261833
114.08203125,0.002983116564279402,0.00432647957045702
114.14062499999997,0.0034741038987383425,0.004518936783456832
114.19921875,0.004381155041832739,0.004003154100499052
114.2578125,0.005975082169729075,0.001950421189983967
114.31640624999997,0.005015799766003094,0.0016681232959532097
114.375,0.002455443989070533,0.0016130061536369581
114.43359375,0.006159432888695308,0.003334618399407319
114.49218749999997,0.0035934831918363877,0.0026739377926165288
114.55078125,0.007176347920334712,0.0018256164283263349
114.609375,0.013081422304978425,0.0028086466824847316
114.66796874999997,0.012096680670308722,0.001002790819242888
114.7265625,0.005522535788684805,0.0013952752489323332
114.78515625,0.0052828326957963705,0.0018130069313589425
114.84374999999997,0.011891415491637877,0.0012499360905424035
114.90234375,0.013457772448030524,0.0017765147024104934
114.9609375,0.00802077682704618,0.0022798178342463026
115.01953124999997,0.008859792526911832,0.0034458702198924777
115.078125,0.010803972335272976,0.0044308084916249105
115.13671875,0.00905021179593932,0.0023842264481239175
115.19531249999997,0.013314267832776712,0.003909587661925143
115.25390625,0.011467529055560125,0.007138996790856826
115.3125,0.0014009381657622362,0.006018799460600672
115.37109374999997,0.011658786483972703,0.0025192921218080253
115.4296875,0.011064374434111866,0.001421505751542441
115.48828125,0.009773499652806286,0.000956053046842679
115.54687499999997,0.011452026301981933,0.0008543071990719519
115.60546875,0.01103906693623377,0.004076175752111454
115.6640625,0.010962669975505273,0.005776289064874783
115.72265624999997,0.01163935364553771,0.008702619742656268
115.78125,0.019039131934636733,0.009162519971059562
115.83984375,0.0196251337218611,0.004253777443029828
115.89843749999997,0.012718765184103753,0.002087135428418363
115.95703125,0.005691555762090607,0.004322747330893657
116.015625,0.0010587761170326993,0.004604579759550324
116.07421874999997,0.005150529494767863,0.004105871506176107
116.1328125,0.007988518671582217,0.002234633993863054
116.19140625,0.012646031869993565,0.0030252797479803123
116.24999999999997,0.014206645961779113,0.00437934489015938
116.30859375,0.005828702084468708,0.0013509403412314052
116.3671875,0.008388248934121708,0.004592058648386347
116.42578124999997,0.017993325708049686,0.0065672357579366295
116.484375,0.019029981143927236,0.0055618029579492
116.54296875,0.014201815849404362,0.0031846864812087295
116.60156249999997,0.008925643452911138,0.0010346664088400398
116.66015625,0.0039650377182164605,0.002201279286103283
116.71875,0.001782664516185478,0.004532093725120917
116.77734374999997,0.00450713028867884,0.004714041127339245
116.8359375,0.003098959469782035,0.0020933504548843844
116.89453125,0.0036830895432029285,0.0015925707732416903
116.95312499999997,0.008381122063437949,0.0021276493680199497
117.01171875,0.011978552991464704,0.0017086552492339173
117.0703125,0.013546711116264685,0.003901807068549661
117.12890624999997,0.010787444852075334,0.0048981090386291
117.1875,0.009830216964124998,0.004497866179410244
117.24609375,0.005626451714936433,0.0024411724433784847
117.30468749999997,0.005082975484583958,0.0010656836806557709
117.36328125,0.008720475713639564,0.0008769303783652834
117.421875,0.01265716915876855,0.0030079455289872344
117.48046874999997,0.013948298689892088,0.004535820440139994
117.5390625,0.010719113706341703,0.003281869929654362
117.59765625,0.008640732834040158,0.0008635847008719087
117.65624999999997,0.008790675779528937,0.0004817517252836886
117.71484375,0.012191715474284576,0.0026451745860912187
117.7734375,0.01648339227102439,0.0045661788127737265
117.83203124999997,0.015046012675366163,0.0034048600724405596
117.890625,0.010592705199026196,0.0019745257160409483
117.94921875,0.008743800188676367,0.003623238323633996
118.00781249999997,0.00925964104563423,0.005721558695095155
118.06640625,0.008177758440053834,0.004484040220990124
118.125,0.00711998480954257,0.001543584795611979
118.18359374999997,0.010764813873155945,0.0019973391926071593
118.2421875,0.012417074091192666,0.003507802057876972
118.30078125,0.0085059885505896,0.004842332252399157
118.35937499999997,0.0022768339762143826,0.0019477519751214907
118.41796875,0.004989078667056977,0.004439886137545892
118.4765625,0.006809545721650358,0.006634641783547896
118.53515624999997,0.0039835857622012565,0.004235401835832647
118.59375,0.00627778151876412,0.002803767242188962
118.65234375,0.005685325918245499,0.004034747061006227
118.71093749999997,0.004145142882386337,0.004098373150370216
118.76953125,0.005974158889103322,0.0008060710681940908
118.828125,0.00846806688753772,0.0021347540908802417
118.88671874999997,0.007600773373320765,0.0017222061805617587
118.9453125,0.005063862636179253,0.0028410397269154715
119.00390625,0.007791652298384431,0.004515231263104242
119.06249999999997,0.012758179273119289,0.005209549403156529
119.12109375,0.014510503183727128,0.0053856903303720885
119.1796875,0.013087312296573044,0.003972203812883156
119.23828124999997,0.011850397296335248,0.003038778033220411
119.296875,0.00935187409277037,0.0034630752545623104
119.35546875,0.006667217288524298,0.0030094906720658766
119.41406249999997,0.0031568123060984076,0.0026366978304554695
119.47265625,0.004015326787047538,0.001220645952686732
119.53125,0.01215634843372827,0.00310813590122266
119.58984374999997,0.01483013794173018,0.005655980362676546
119.6484375,0.009361274109091757,0.004672900437871836
119.70703125,0.005913749363349889,0.002699511349592789
119.76562499999997,0.0059962577104787675,0.002999924006615061
119.82421875,0.005752947180491073,0.002948969891374107
119.8828125,0.013091069262420714,0.00331142947357993
119.94140624999997,0.0155906788586698,0.0055238132551173385
120.0,0.014006367778759188,0.008094818349121903
120.05859375,0.009618330950350666,0.007845253805179383
120.11718749999997,0.005756651197254949,0.003141520079412702
120.17578125,0.005522624114081478,0.0028644500202750054
120.234375,0.005867855681122504,0.004613696186700732
120.29296874999997,0.010141742312972997,0.004795267054816973
120.3515625,0.012539335579076287,0.0043264180597021905
120.41015625,0.01214235553475901,0.0038899416710577884
120.46874999999997,0.00987719693544976,0.0027622657856143256
120.52734375,0.003995549316931288,0.0003800289023686492
120.5859375,0.007427480202066409,0.0018646618569949517
120.64453124999997,0.01064653061253388,0.004865250025458975
120.703125,0.009988228525785993,0.0060435006006754844
120.76171875,0.006869794710067202,0.003554635170907079
120.82031249999997,0.004615243085663065,0.0014790769303834746
120.87890625,0.009967997153040241,0.005463278447578913
120.9375,0.00946223107648515,0.0052269501587158046
120.99609374999997,0.0050152401777971605,0.0022223069693833785
121.0546875,0.012609023396885929,0.0010268667041619702
121.11328125,0.010425683568187,0.0019130011307556727
121.17187499999997,0.008387897401919602,0.0042038171468758104
121.23046875,0.008741639731286199,0.005092928863067611
121.2890625,0.015582831993468306,0.005269846014397954
121.34765624999997,0.022371148598206457,0.009517917495484855
121.40625,0.016587187780112277,0.01122763478025729
121.46484375,0.004274525734663076,0.007275629748706467
121.52343749999997,0.007638397207728391,0.0015627060125317396
121.58203125,0.008539099639682508,0.004559418772506967
121.640625,0.004640322531490599,0.0056006792802356506
121.69921874999997,0.01142585000503634,0.004046986312063051
121.7578125,0.01799315752462189,0.004706571612553472
121.81640625,0.015288137001138359,0.0066217041452884245
121.87499999999997,0.0059073834471079,0.007915272872466936
121.93359375,0.0012865450380123173,0.006248500171503917
121.9921875,0.0007966196373066595,0.005505105550196359
122.05078124999997,0.004289095032079265,0.004750472875812778
122.109375,0.008472210898407256,0.0018865189927290097
122.16796875,0.008073549194923736,0.001261904616711534
122.22656249999997,0.007766304498170853,0.0025603318542890283
122.28515625,0.009842975001982127,0.0026241867346694777
122.34375,0.010373308229177258,0.001987397411616271
122.40234374999997,0.009916816148261978,0.0014768246397463733
122.4609375,0.006771861677327772,0.0027581924243582504
122.51953125,0.0021665171321770477,0.002512334193756618
122.57812499999997,0.0032200947737049614,0.001828975534611366
122.63671875,0.0072059392073592615,0.0017952188666359621
122.6953125,0.007233902596951185,0.0009256825005983189
122.75390624999997,0.006270191918422072,0.0029677481251727893
122.8125,0.002567875037108899,0.005611461120023999
122.87109375,0.006726570705610565,0.005267381511225287
122.92968749999997,0.009837161878589485,0.0055557055378444315
122.98828125,0.009016839975707125,0.007511579205217525
123.046875,0.006747669794797861,0.007304446064979393
123.10546874999997,0.0073403501241785345,0.0048997516394916054
123.1640625,0.009276811096189176,0.00287845634430871
123.22265625,0.009020563406520042,0.0034746824331441687
123.28124999999997,0.0076090294164291574,0.004764290895832932
123.33984375,0.007545209809553535,0.004091094613765875
123.3984375,0.011025370978980297,0.0024061247554231866
123.45703124999997,0.015114946333709791,0.0015670000969237993
123.515625,0.01577725675797425,0.0031264297437116942
123.57421875,0.011938331092534234,0.0039385981212514565
123.63281249999997,0.00490817164743074,0.003548344878109454
123.69140625,0.006597220695226555,0.00287216788901662
123.75,0.010031263590197684,0.0016874692358783193
123.80859374999997,0.009046022412870166,0.0016960151800350038
123.8671875,0.006065752167122241,0.0025742356602192077
123.92578125,0.004183265520749914,0.004340022828021656
123.98437499999997,0.005085923458549262,0.003961262484483958
124.04296875,0.005695439255854684,0.003777181626665218
124.1015625,0.001518188994527985,0.00347180161865784
124.16015624999997,0.008957153788086961,0.0019032113980447934
124.21875,0.007569349595234192,0.0015170097900837312
124.27734375,0.003389832378285513,0.0027718581738645446
124.33593749999997,0.009265190329627934,0.00440777944659417
124.39453125,0.009152969197400898,0.005197190265898961
124.453125,0.007987903021461773,0.004512471431102136
124.51171874999997,0.01154730866144399,0.0036898880997485945
124.5703125,0.012104013667635326,0.003819926615562554
124.62890625,0.011028517746569594,0.0041835439322375125
124.68749999999997,0.008744096514079452,0.0036718078926209923
124.74609375,0.004018566589804903,0.0034553842228960837
124.8046875,0.0031735483459864964,0.004060457546923711
124.86328124999997,0.007536767363748643,0.00327969223968217
124.921875,0.011229561486351613,0.002937017849381015
124.98046875,0.01373740661380749,0.004198231310849344
125.03906249999997,0.017240786322901852,0.005200059903373063
125.09765625,0.017673568764376826,0.004107192367453526
125.15625,0.012423233454234458,0.0014649472900261423
125.21484374999997,0.005301421715039506,0.00294429110939101
125.2734375,0.0036436073816364257,0.005437808715935014
125.33203125,0.006134263836249962,0.005955050702789043
125.39062499999997,0.003966441844395793,0.0035018329966028682
125.44921875,0.003427557658276986,0.004135808016831013
125.5078125,0.002077397449422975,0.006192429244651957
125.56640624999997,0.004149751558102135,0.005393295787277167
125.625,0.009219156588263841,0.003246621059340994
125.68359375,0.010439751911894347,0.0020423083511959574
125.74218749999997,0.008525869748239052,0.003713459113702377
125.80078125,0.005474044749911742,0.004540664822887311
125.859375,0.0030139893052250634,0.0036349720622953965
125.91796874999997,0.005841049482278495,0.0013109766026195553
125.9765625,0.00933437320980423,0.0018485452226766979
126.03515625,0.010956364084621967,0.005496596327623674
126.09374999999997,0.010351753658129443,0.007301496415062673
126.15234375,0.00795572022783771,0.006291286246477575
126.2109375,0.007571136506430299,0.0038391030936690686
126.26953124999997,0.01186938968606876,0.0013033444073024445
126.328125,0.0139950556706711,0.0008438081489338889
126.38671875,0.008354462595243533,0.0021500536619629674
126.44531249999997,0.00845894394747217,0.004836852891917207
126.50390625,0.016616326158751006,0.004940916129258496
126.5625,0.016615030235985484,0.004886392657799319
126.62109374999997,0.010507412628273628,0.003550277813604693
126.6796875,0.002532839219408737,0.0010809964184036317
126.73828125,0.005067824719120723,0.0010351375775340885
126.79687499999997,0.008193526378492336,0.0014086642626318787
126.85546875,0.003232920668471734,0.0006210606737473246
126.9140625,0.00603437379806606,0.003707684265548926
126.97265624999997,0.010497844075211114,0.004121253718183542
127.03125,0.010356258737413498,0.0024872087567421653
127.08984375,0.010148605075138373,0.0017883162489018482
127.14843749999997,0.013575831365386336,0.0025316859572135763
127.20703125,0.015020842362049128,0.0019803336705837868
127.265625,0.012697037997794633,0.0047255717421781215
127.32421874999997,0.006971523294207246,0.00509030136784856
127.3828125,0.0032892992887392698,0.004235189946243068
127.44140625,0.007755041176021594,0.004709498876967538
127.49999999999997,0.002903667003739027,0.004202008713957606
127.55859375,0.006642716105658453,0.0026743220967371537
127.6171875,0.01269880753769356,0.0031071959058631255
127.67578124999997,0.014649226851593814,0.004359983711297383
127.734375,0.013540238283595159,0.0042751366601939825
127.79296875,0.011404090223010165,0.003391270485485527
127.85156249999997,0.00943003186353723,0.003789687675729718
127.91015625,0.008868688253541361,0.004554179849482961
127.96875,0.008542007986421404,0.0029883779594155886
128.02734374999997,0.0069795414114753795,0.002786734695379659
128.0859375,0.0041633355768350075,0.004514698390049682
128.14453125,0.006405994721333435,0.005496952417318153
128.20312499999997,0.011424400466998623,0.004710584554891812
128.26171875,0.013170429308069376,0.0033804334470758286
128.3203125,0.00814135364315783,0.002224881793412996
128.37890624999997,0.002855001807879043,0.002322861046901339
128.4375,0.0029181471354588558,0.003309535813860121
128.49609375,0.005522545399398991,0.005516985270426607
128.55468749999997,0.008978929371737833,0.00642517268043791
128.61328125,0.009225340553397542,0.006881496249790228
128.671875,0.007458482756361601,0.007306757585628184
128.73046874999997,0.005507630966175657,0.007255069280198297
128.7890625,0.006101730024608051,0.00667820118605383
128.84765625,0.00937945422188028,0.004784304991264778
128.90624999999997,0.010144777787543406,0.002852005081439339
128.96484375,0.011109565947527291,0.005533944095021775
129.0234375,0.012052950760819463,0.007745615258451846
129.08203124999997,0.010629227828658553,0.007899502801137579
129.140625,0.006195013441171342,0.006107575358231015
129.19921875,0.0010776632274891447,0.0024195856022806643
129.25781249999997,0.0035838376719695597,0.0015877221699906552
129.31640625,0.005016320758620113,0.004369849578938606
129.375,0.006521659925320907,0.005721627070344324
129.43359374999997,0.006245092907163933,0.004009612868704569
129.4921875,0.0028895751036273408,0.0011630641168438496
129.55078125,0.004372775985224462,0.0024678032076141643
129.60937499999997,0.004745527673027966,0.0016828567061532356
129.66796875,0.006469091908018902,0.001502298032149406
129.7265625,0.007819712412588916,0.0010727615824645275
129.78515624999997,0.006859257555003952,0.0015423236404875315
129.84375,0.00925662354715669,0.004294903624379016
129.90234375,0.01000059449016047,0.006022477415477784
129.96093749999997,0.004653738932150896,0.004491746114444614
130.01953125,0.003233466242269421,0.0027899860269042505
130.078125,0.008151856285744224,0.0007171068998083235
130.13671874999997,0.011656633798436964,0.0028380344378505155
130.1953125,0.009404552113397574,0.0026345517718471623
130.25390625,0.005700492397004388,0.0007145941504955729
130.31249999999997,0.0048781391342468585,0.001945576611922881
130.37109375,0.006720027755937218,0.0009881194483910877
130.4296875,0.005094269587645921,0.0017750528863244833
130.48828124999997,0.00479574276991752,0.004229290719180314
130.546875,0.005198680586993261,0.0043337876259620335
130.60546875,0.002404991134611191,0.0018648806436354292
130.66406249999997,0.002122133092798824,0.004786940108205015
130.72265625,0.0051558974275171055,0.004240963611644482
130.78125,0.008671240186683747,0.0015367882682817545
130.83984374999997,0.007017833022567056,0.00047100598808817186
130.8984375,0.004567823917651843,0.0007639566533663742
130.95703125,0.002679102204201888,0.0011765512956572399
131.01562499999997,0.00443097913542029,0.002674933870834281
131.07421875,0.010537707798075703,0.002251703145856328
131.1328125,0.011422143825146084,0.001298030695665344
131.19140624999997,0.00819187453942978,0.0033176731170079816
131.25,0.004528189534303235,0.004301512401000981
131.30859375,0.0016138621849964782,0.0052727604339078095
131.36718749999997,0.004382089393724761,0.006902993546056108
131.42578125,0.006400234300816831,0.008094017600845167
131.484375,0.004157571428092086,0.0069035883543769085
131.54296874999997,0.0032718316093782287,0.004823860707462777
131.6015625,0.008398483858802184,0.003534895208722277
131.66015625,0.010134614780080129,0.0020708617269925315
131.71874999999997,0.009466292612683242,0.001731214243799326
131.77734375,0.020360064722525405,0.007274665599474139
131.8359375,0.025892937375360248,0.011679400241081989
131.89453124999997,0.02080550941490018,0.011837997599225367
131.953125,0.013087975990283014,0.008065812703487007
132.01171875,0.007967641618712109,0.003589663474953308
132.07031249999997,0.002967407923534445,0.0024110887251728675
132.12890625,0.0007259936768645277,0.003232701918841189
132.1875,0.0017578961731179374,0.0031091131502507417
132.24609374999997,0.009170210025818757,0.002381906676064233
132.3046875,0.017908056632460364,0.005633514316397104
132.36328125,0.02041572191329952,0.006491664910809197
132.42187499999997,0.013933642271507682,0.004939735841244618
132.48046875,0.00609675982946126,0.004380834902756726
132.5390625,0.0038665278615081858,0.0038357101095133875
132.59765624999997,0.00669305858939728,0.0038661054562093918
132.65625,0.007689284168215529,0.003174836510787783
132.71484375,0.004621192985503727,0.000877276251168843
132.77343749999997,0.012211585827617418,0.0023030035312430045
132.83203125,0.02042837632343488,0.004764889614720377
132.890625,0.019132198568183982,0.005762901606202542
132.94921874999997,0.009632454056189694,0.005033831134540407
133.0078125,0.005910352899947248,0.003150026095836172
133.06640625,0.008573628387756358,0.0019995573342367337
133.12499999999997,0.009937928114546924,0.0029044174234541306
133.18359375,0.009661533075186128,0.0037727671844610426
133.2421875,0.007468956702395276,0.0036803304584332114
133.30078124999997,0.00718531011252969,0.0041844019452736995
133.359375,0.007370308185198835,0.00431008967237886
133.41796875,0.005079419326826612,0.004377501990330697
133.47656249999997,0.009861029797958106,0.004190599915227904
133.53515625,0.0138082838627112,0.003567666993779092
133.59375,0.0107055942164762,0.0038525255853567417
133.65234374999997,0.0023542644822681555,0.007495009347697837
133.7109375,0.010675101562825291,0.009583811066106252
133.76953125,0.013972134832435236,0.0060175019717322
133.82812499999997,0.009073761937536883,0.0005707178680063341
133.88671875,0.002854377452621443,0.004095766929552143
133.9453125,0.008513248111690465,0.004898978265937101
134.00390624999997,0.009006461635494867,0.0035846843311953284
134.0625,0.0073277872560763724,0.003952075882188834
134.12109375,0.01597412692182611,0.004915693374081468
134.17968749999997,0.014735057607017541,0.00386724225498513
134.23828125,0.004242360572825964,0.002059445815896073
134.296875,0.00504078344630901,0.0015106595336593922
134.35546874999997,0.00789389975072862,0.005104368865747689
134.4140625,0.00804210142865813,0.008014024529188243
134.47265625,0.003730920566941714,0.007516718595821939
134.53124999999997,0.0015800888233449433,0.005528201532848549
134.58984375,0.003988263425304213,0.004566287358392482
134.6484375,0.006364656132182624,0.004353489263636414
134.70703124999997,0.009833610527298442,0.002056309628876941
134.765625,0.011704785493717026,0.0022691391839070904
134.82421875,0.008615982299826531,0.0045781935394746745
134.88281249999997,0.0052160408276797675,0.002967692942922236
134.94140625,0.004536960971240791,0.0009857316969385432
135.0,0.005622903416310757,0.003958532993741374
135.05859374999997,0.002944146702969542,0.0038276676327547153
135.1171875,0.0058168986983044586,0.0011946743163684392
135.17578125,0.009679769785858425,0.0004630965471524345
135.23437499999997,0.00847890356657076,0.0018019795343564447
135.29296875,0.007935345264772744,0.003957359822112635
135.3515625,0.011584980962011262,0.004153811180153968
135.41015624999997,0.009648508335407988,0.0009266025804405169
135.46875,0.0030990607477401717,0.002043856323744035
135.52734375,0.002038478229721165,0.0009521692990581116
135.58593749999997,0.0013025929468369272,0.0017339796086117438
135.64453125,0.00417068679864536,0.002611718926638997
135.703125,0.007921888550051574,0.0029657462619603055
135.76171874999997,0.010446918429794708,0.0030612176593660598
135.8203125,0.009446583630584095,0.00334558163199572
135.87890625,0.0033287506714672903,0.0042319576806634255
135.93749999999997,0.005321375851974224,0.004074198802500302
135.99609375,0.007252196372652528,0.0031656648776255012
136.0546875,0.0035456856748855552,0.003039252225246108
136.11328124999997,0.001552171274532936,0.004084491679645867
136.171875,0.004561195190449142,0.004293848599822904
136.23046875,0.009711714887916095,0.001774988327823608
136.28906249999997,0.01103118039818894,0.0014427145733322043
136.34765625,0.011474436902642243,0.0028483781684165875
136.40625,0.013455838248563182,0.0051324816756954305
136.46484374999997,0.013816268275887235,0.008716635270159418
136.5234375,0.011137790697216833,0.009731103090367834
136.58203125,0.010109231030200463,0.007646911016683647
136.64062499999997,0.011695920252500745,0.004898041516502869
136.69921875,0.008738450814910982,0.002711075567156562
136.7578125,0.0024773583928062917,0.001060269661709276
136.81640624999997,0.001884671634658948,0.00025048115744855765
136.875,0.00892513546283017,0.001502403194914097
136.93359375,0.013917972081990923,0.003549894286905699
136.99218749999997,0.015181357545429566,0.004958669975970527
137.05078125,0.014119327432657638,0.004635632460701461
137.109375,0.012072309737527705,0.0041758577869963195
137.16796874999997,0.012025499943295942,0.00457822936133205
137.2265625,0.012897119117888016,0.005645339705967224
137.28515625,0.011465008040485504,0.006036095132363678
137.34374999999997,0.007501027883453556,0.0046293112689699545
137.40234375,0.00450399668099912,0.00424883755369631
137.4609375,0.006482153716423415,0.0039092593787429485
137.51953124999997,0.010864589825864298,0.003282763062953234
137.578125,0.009823032159751468,0.005026807282552021
137.63671875,0.006622756801265931,0.006178918652187332
137.69531249999997,0.008026246813869967,0.0074133409797733476
137.75390625,0.008451086359851173,0.008687651349023275
137.8125,0.005032703055804786,0.008041752949127822
137.87109374999997,0.0030702349685369367,0.0057081716629419355
137.9296875,0.01147628867010035,0.006106634374878204
137.98828125,0.017023036366848522,0.008562944760448103
138.04687499999997,0.016236644269314787,0.00830565541641788
138.10546875,0.01432537770416752,0.005696973411560242
138.1640625,0.014054334904683727,0.004560199211479482
138.22265624999997,0.009116726587713455,0.00427863545955136
138.28125,0.004303578283355754,0.0019078457984603027
138.33984375,0.009003122035669752,0.0022711528452041534
138.39843749999997,0.0077953841488193525,0.004528071325979726
138.45703125,0.005232041504478766,0.004137264827149391
138.515625,0.005387484691288952,0.003695132310376203
138.57421874999997,0.010685374774552099,0.005588457751796722
138.6328125,0.015586647652864622,0.006349600123668314
138.69140625,0.014262209994923173,0.004318735805091363
138.74999999999997,0.007731984910561566,0.0025055443180925824
138.80859375,0.009258887547515743,0.0022751620284457634
138.8671875,0.015039736365260105,0.00309125016680255
138.92578124999997,0.018725957358497622,0.005196563894831265
138.984375,0.017528354135492592,0.005663469273193115
139.04296875,0.010935215310617055,0.003418553777340946
139.10156249999997,0.006284646309804439,0.0023941340978227495
139.16015625,0.008158131624801541,0.001284833063143222
139.21875,0.0066481891837468,0.001363484441767461
139.27734374999997,0.0016728919626828908,0.0018280615072797503
139.3359375,0.005633528199680619,0.001823982256540945
139.39453125,0.006979203511215408,0.002117195525071493
139.45312499999997,0.007599171105145846,0.0015512184347566168
139.51171875,0.011785164137362214,0.002735167941249172
139.5703125,0.01472812734814513,0.004362426092801119
139.62890624999997,0.012112911161845801,0.004164578201131513
139.6875,0.008836535167100437,0.0018773195579442324
139.74609375,0.009003111184355051,0.000540252359824222
139.80468749999997,0.009057665595329655,0.0008262719228883126
139.86328125,0.0074286929440016795,0.0014348019898315196
139.921875,0.006997414249065202,0.0028132881165050185
139.98046874999997,0.006947600921596249,0.004412441175659313
140.0390625,0.004509241291471282,0.005697454920981224
140.09765625,0.003312602067399018,0.0062153724185741764
140.15624999999997,0.0035145523515794845,0.004562801764419239
140.21484375,0.0041737841899928884,0.00224588090734656
140.2734375,0.0033292553535899747,0.0018879831806711159
140.33203124999997,0.002947178694095163,0.0031437794092755524
140.390625,0.005922711224470286,0.0010400383635138714
140.44921875,0.00836000253758172,0.0036234130679079373
140.50781249999997,0.010417941859916296,0.0061059249175396835
140.56640625,0.009936534325180827,0.006055391144578856
140.625,0.007724790981938916,0.00491148130260132
140.68359374999997,0.010341634636616985,0.003351862472924528
140.7421875,0.012640448429478444,0.0037321023011137266
140.80078125,0.010006539839684421,0.005466013309827954
140.85937499999997,0.006683754498131674,0.004628326042467257
140.91796875,0.0040415555408695614,0.001981096920636269
140.9765625,0.004009760584905197,0.0010322763672897973
141.03515624999997,0.005452904193820662,0.0018729866553037486
141.09375,0.0018551132018528353,0.0006261228441557088
141.15234375,0.010047208389344432,0.0033178089021013916
141.21093749999997,0.012344837112676709,0.004734316056560206
141.26953125,0.008987970180706852,0.0059274127797592805
141.328125,0.005642809337209079,0.006368500650666179
141.38671874999997,0.0024977266924998648,0.004296798965514176
141.4453125,0.0019205399173532927,0.0017280501324570372
141.50390625,0.004007126402326375,0.0024838757389584604
141.56249999999997,0.006462385875548581,0.0041338034078331224
141.62109375,0.005046434205144739,0.0037804739834812412
141.6796875,0.0031388425122006983,0.00217490983942529
141.73828124999997,0.006415842149559618,0.001110902667036287
141.796875,0.004930241890099154,0.002573408885682279
141.85546875,0.0026457303324949407,0.0031439777677593587
141.91406249999997,0.001152024114974696,0.0023589050918375264
141.97265625,0.0009016579971207967,0.0014092977844372885
142.03125,0.004059745157807691,0.001891359986537475
142.08984374999997,0.010132645297557013,0.0034721887162674566
142.1484375,0.009415013751002387,0.004874796185452211
142.20703125,0.005681977855671762,0.00393739134300413
142.26562499999997,0.0061654421483062815,0.0015666725398915545
142.32421875,0.008362883416014396,0.0017720388262971126
142.3828125,0.009030323907860752,0.0055025691705958965
142.44140624999997,0.010589933121464078,0.007703584646558142
142.5,0.007844880031230012,0.0074754032919529655
142.55859375,0.0004743447963797443,0.005501295300056718
142.61718749999997,0.007704471248391268,0.003001888243578713
142.67578125,0.011712593388527093,0.0005671541967220344
142.734375,0.013231815254481926,0.0018839378874834995
142.79296874999997,0.009343036341947098,0.0018887237188676736
142.8515625,0.0020545969771435914,0.0026806120142175128
142.91015625,0.004862844064542815,0.007158233463545292
142.96874999999997,0.006938168310706985,0.006457026423552162
143.02734375,0.007241359082701359,0.0029819542119448868
143.0859375,0.00641450633242665,0.0020622296647899475
143.14453124999997,0.00602176182734343,0.0035373015621621277
143.203125,0.006323243838027427,0.004135406038410181
143.26171875,0.005283312639178238,0.0036976504142381054
143.32031249999997,0.004489812641767098,0.00384444055306705
143.37890625,0.007925603960555248,0.0037834582851953066
143.4375,0.011558843458888957,0.0026964440576020834
143.49609374999997,0.013442067005652331,0.00244853594729955
143.5546875,0.013364630471835202,0.003472654482206891
143.61328125,0.009615762912359764,0.003728129788743022
143.67187499999997,0.005955859682504604,0.004010467897896769
143.73046875,0.00892502192079878,0.003967934249160665
143.7890625,0.009675275787370886,0.0048705938586829
143.84765624999997,0.014522713155195757,0.006785540133607916
143.90625,0.016837129135556933,0.007098371459992072
143.96484375,0.010524511545928154,0.004544724552416446
144.02343749999997,0.007505329413695278,0.004176201751850533
144.08203125,0.011691251815738584,0.00523110017736146
144.140625,0.012131417300714832,0.00572572036792235
144.19921874999997,0.01139094840155793,0.006327457129666645
144.2578125,0.00940708862808632,0.005157638459445945
144.31640625,0.004114320852434135,0.001978746387889992
144.37499999999997,0.004609127614279915,0.0029956245968993105
144.43359375,0.008270672639543154,0.0060324205993156094
144.4921875,0.009240113524620954,0.004283110789184955
144.55078124999997,0.011652790564162886,0.0009622737266154957
144.609375,0.011181876058298602,0.0024896621179061407
144.66796875,0.008587897258279195,0.003655439944351226
144.72656249999997,0.007899431071178518,0.0032369631608334067
144.78515625,0.006972946685126486,0.0011863468320487142
144.84375,0.006589535318508548,0.0026698251304524854
144.90234374999997,0.006408146482338105,0.0030510882387870656
144.9609375,0.004311560355788727,0.002838423045907276
145.01953125,0.007457290475058183,0.0023410470828580912
145.07812499999997,0.004954566079876505,0.0007821400749204075
145.13671875,0.0057240461520743835,0.0017353382706372948
145.1953125,0.010932640909419991,0.0037504199521532777
145.25390624999997,0.009347575179843344,0.004006952238841053
145.3125,0.004231475281516164,0.0030405787803233562
145.37109375,0.003663754180813529,0.0008244485632734868
145.42968749999997,0.008908127306542475,0.0030463384896026076
145.48828125,0.008331745252955937,0.005039418292296039
145.546875,0.0011194300852948528,0.004640804428271517
145.60546874999997,0.006535377357132215,0.005723924929275648
145.6640625,0.006845255270669361,0.0061688385342452585
145.72265625,0.010979930875231076,0.005470338430011581
145.78124999999997,0.015589388509133408,0.0052051302653957545
145.83984375,0.013376118542755836,0.004445778345755723
145.8984375,0.007353856460430972,0.002158165735941011
145.95703124999997,0.007321208452295233,0.0029426360732507594
146.015625,0.011915698385275493,0.004556352538831209
146.07421875,0.00993696935104816,0.004446086207641467
146.13281249999997,0.009889954520811166,0.0020682484968210044
146.19140625,0.012021914273440829,0.0030757539641700173
146.25,0.004307488831134944,0.0028063343640807696
146.30859374999997,0.0018395494072471113,0.001968402482197248
146.3671875,0.005687759082460837,0.0011852663679823635
146.42578125,0.012371481453592513,0.001864518354269832
146.48437499999997,0.013505611338710987,0.0036433208577110856
146.54296875,0.012944970271306217,0.003192601188391045
146.6015625,0.013390345421420126,0.0012022934427662892
146.66015624999997,0.013291253427897795,0.003468523205974535
146.71875,0.013156339482506732,0.004129124196187623
146.77734375,0.012269944323256173,0.003430512861742467
146.83593749999997,0.008890940846821729,0.002910504479427625
146.89453125,0.006230543862811991,0.002164962504835683
146.953125,0.009933845642407565,0.002351022597403346
147.01171874999997,0.01367598600903099,0.0032746667517054165
147.0703125,0.015505858549090378,0.002928354417997014
147.12890625,0.01516286981049967,0.002295887096380741
147.18749999999997,0.011978346346944608,0.002683429713384034
147.24609375,0.00920126389933972,0.0031099342715980595
147.3046875,0.007839848681146594,0.004004120959359325
147.36328124999997,0.004922188094276719,0.004853590535014037
147.421875,0.001949865111671796,0.0037476238981176482
147.48046875,0.0023735590430555313,0.0009052308563028106
147.53906249999997,0.0038154247176086023,0.001993622714425301
147.59765625,0.006457415827881488,0.004317272058278284
147.65625,0.004626490527203501,0.005241062037763398
147.71484374999997,0.006895984412676427,0.004943788046241231
147.7734375,0.009477847009615348,0.004494143984058667
147.83203125,0.01144698880530739,0.004853832544360805
147.89062499999997,0.011127324200002744,0.004339123835165075
147.94921875,0.009051861739562598,0.0015654735434418865
148.0078125,0.010632291735714793,0.0023835266261767146
148.06640624999997,0.010425514125395195,0.003026471630280725
148.125,0.008408848073361475,0.002238333663868817
148.18359375,0.0073143084679762145,0.0015592342724833337
148.24218749999997,0.006091975282616927,0.00012007113992102741
148.30078125,0.003056782944805022,0.002378323129753942
148.359375,0.0014904578277490272,0.0030943447390305696
148.41796874999997,0.003968142125452417,0.0017170456487886892
148.4765625,0.0016492108669442366,0.00037023300017086514
148.53515625,0.003268629035163315,0.0014264803115870291
148.59374999999997,0.005310712956507618,0.0028434495782044713
148.65234375,0.004589981455166383,0.007023774217721025
148.7109375,0.0041707635217114675,0.00964309192690435
148.76953124999997,0.0017094666509525121,0.008241230338073034
148.828125,0.005337957356787121,0.005028580817859957
148.88671875,0.011453149243110363,0.004804870176588894
148.94531249999997,0.015549614270631234,0.004835255152770711
149.00390625,0.015998328272635767,0.002403850731093433
149.0625,0.013134349767334153,0.000756436805615578
149.12109374999997,0.0073662656237676915,0.0014196618720210676
149.1796875,0.0026236357746884788,0.0021694141103271065
149.23828125,0.003540452798447404,0.0022444213949013264
149.29687499999997,0.006300386732214637,0.002626809453655962
149.35546875,0.010927722803570324,0.0031490047670278856
149.4140625,0.011906466171131868,0.003185510649495246
149.47265624999997,0.009038981755161846,0.0025032880177113417
149.53125,0.01050738691034717,0.001996501707935932
149.58984375,0.016549809907223056,0.001955465404086101
149.64843749999997,0.018405539940250282,0.002427284586591998
149.70703125,0.016257110118898535,0.0034655886234926762
149.765625,0.013623337104683617,0.004739739357005569
149.82421874999997,0.0115428648930908,0.005031011100787681
149.8828125,0.011143216518501222,0.0038760355305220108
149.94140625,0.0077899031232372224,0.0022993697857957565
149.99999999999997,0.0012216771948529203,0.0019799866409276204
150.05859375,0.0028842451947642773,0.002568005097295875
150.1171875,0.001128306852076373,0.002539644166764358
150.17578124999997,0.004089234994732267,0.0019998244840780297
150.234375,0.0077455064919133955,0.0020848053367002782
150.29296875,0.00617195887368566,0.00253500242320301
150.35156249999997,0.005294299686395342,0.002299602389678672
150.41015625,0.0048490269203926096,0.0014464166181379727
150.46875,0.0028438827711221902,0.0013358799958451879
150.52734374999997,0.004242421488674028,0.0030481882684571656
150.5859375,0.004489509637400438,0.005485202870781137
150.64453125,0.004416036619267794,0.006484187824681047
150.70312499999997,0.004886068662709788,0.005844574626093115
150.76171875,0.012119464059657884,0.004190212822676455
150.8203125,0.01877819275523279,0.003611341794137879
150.87890624999997,0.01603190923386962,0.004333787502300765
150.9375,0.007532641111204104,0.003723287542161099
150.99609375,0.00181808255151341,0.0027492074678612177
151.05468749999997,0.0051931365964912974,0.003500955456828778
151.11328125,0.006445273021953401,0.00470407044007949
151.171875,0.0017828370672098566,0.00482983775322407
151.23046874999997,0.004752329361397317,0.004138324898413333
151.2890625,0.004339684633191592,0.004279999502356269
151.34765625,0.007889665616091357,0.00482312096671261
151.40624999999997,0.011373940374397123,0.0032242987610798393
151.46484375,0.012623867927754683,0.0016781074457306972
151.5234375,0.010233101183342242,0.002505322585242228
151.58203124999997,0.005307175403669055,0.0035461479052191604
151.640625,0.005019359882101285,0.004479633694385877
151.69921875,0.004565748465654655,0.0026065936181642936
151.75781249999997,0.005471763390419337,0.0030038285933433094
151.81640625,0.0127006017044168,0.001488789776703532
151.875,0.00979201085613646,0.0037539370930000657
151.93359374999997,0.0029472934659576237,0.0026215859183095452
151.9921875,0.0006497540186288164,0.0005729929381134618
152.05078125,0.006799898275397929,0.0014616382436163972
152.10937499999997,0.011357106102822298,0.0017825157608177273
152.16796875,0.011544313921766743,0.0015808382014226422
152.2265625,0.010770196173802248,0.0033386164361428527
152.28515624999997,0.010325549540832344,0.003685591016407741
152.34375,0.007428851024637621,0.002172000178285726
152.40234375,0.009470529149512236,0.004426208485156816
152.46093749999997,0.012054424514947901,0.004001898657163292
152.51953125,0.009459177524436717,0.0020597718974868684
152.578125,0.00730989853625625,0.0029865377034910532
152.63671874999997,0.007745937616112211,0.0049546975439002305
152.6953125,0.008687913863225228,0.004193074805068039
152.75390625,0.007382315004649525,0.0015450159836559911
152.81249999999997,0.0056187846012648365,0.0016707036159479545
152.87109375,0.007346978644877572,0.0036363313475080775
152.9296875,0.01112654019470504,0.005061061453659719
152.98828124999997,0.012280032611175105,0.0025662194227439932
153.046875,0.009833629718041458,0.0018966176568115723
153.10546875,0.004526176280618803,0.0031166659244663123
153.16406249999997,0.00288216458902466,0.0015667858432193078
153.22265625,0.0028521153089437765,0.00040857992730372383
153.28125,0.003832012364832596,0.0017956479887595797
153.33984374999997,0.009806074348137404,0.002684401754489385
153.3984375,0.012697415890354018,0.002835633496264662
153.45703125,0.008501127964918613,0.0037647616263557604
153.51562499999997,0.0007427764016256232,0.0032649660609743707
153.57421875,0.007026566040171278,0.0028584054902857626
153.6328125,0.013372201548322719,0.005412959882327091
153.69140624999997,0.01628260454060898,0.005131858135780288
153.75,0.013867638647639532,0.002622909443398678
153.80859375,0.007966880845824526,0.0014994520941779262
153.86718749999997,0.0018486682248151198,0.001772160047809015
153.92578125,0.004186515174226865,0.002567731075015525
153.984375,0.008585094604373204,0.004413694918824622
154.04296874999997,0.013834276953722462,0.006406691370355752
154.1015625,0.012689995253482472,0.005275154115383629
154.16015625,0.009137149530068915,0.002063671496499089
154.21874999999997,0.01167681610189652,0.0011389455850767177
154.27734375,0.009705597004870635,0.003927718625533237
154.3359375,0.006119258410027484,0.00419921414152509
154.39453124999997,0.006866537138572344,0.003994893265035961
154.453125,0.008926798420989753,0.004790459051148445
154.51171875,0.005903364720831963,0.004893688633230288
154.57031249999997,0.004995385433545093,0.002210654759772382
154.62890625,0.006298268262466807,0.0011952026443009492
154.6875,0.0072618205448910685,0.002530724711664343
154.74609374999997,0.007749967408115758,0.003269269548810755
154.8046875,0.0072638445273043185,0.002571158555321379
154.86328125,0.007992797812547093,0.0027601209620454017
154.92187499999997,0.009584258917794453,0.005042494218522851
154.98046875,0.0066406253984334345,0.004448309918369228
155.0390625,0.0033252147178519952,0.003947056326995648
155.09765624999997,0.009971460282963553,0.007889204252784991
155.15625,0.01197077043084476,0.010804920189570466
155.21484375,0.006984239475177951,0.010377818922059082
155.27343749999997,0.0021854759184855976,0.006959458056395196
155.33203125,0.00459824418158667,0.005632688424751496
155.390625,0.0033043353896791104,0.006587242205441859
155.44921874999997,0.004740322791776899,0.005998888646815422
155.5078125,0.003077171184712681,0.0031733220024400093
155.56640625,0.007025032936266149,0.0021961140636179623
155.62499999999997,0.017208241467567244,0.004753455371744609
155.68359375,0.017417735043732854,0.007039635728895625
155.7421875,0.009360110578323968,0.005668601347182333
155.80078124999997,0.005231866077398722,0.0030667275395974483
155.859375,0.008221306918838683,0.002094358983772092
155.91796875,0.011446857697951665,0.0023189287801739606
155.97656249999997,0.013306502835639495,0.0031051493836338276
156.03515625,0.01555052879022022,0.003521455676907306
156.09375,0.01570687388040357,0.003235287408364922
156.15234374999997,0.012136222199796882,0.0031492784679506254
156.2109375,0.006451247751948251,0.0016061444153868487
156.26953125,0.0020391775787217993,0.004028903326870842
156.32812499999997,0.00349090814891761,0.007171342885935481
156.38671875,0.0036145347454420752,0.005719304952663869
156.4453125,0.01214802775564182,0.002099047072502564
156.50390624999997,0.015060263028355413,0.003998920707450158
156.5625,0.015063410500040501,0.0051976860294100525
156.62109375,0.010283064516854441,0.004460720458642072
156.67968749999997,0.0040183005973000755,0.003513311182496944
156.73828125,0.0019696008357891594,0.00444043686661896
156.796875,0.006456870771727276,0.005924013873887516
156.85546874999997,0.005841952551501237,0.005292108163165197
156.9140625,0.004882118910113684,0.0030037185290672755
156.97265625,0.005723731498871211,0.005334522000517956
157.03124999999997,0.004388466964911168,0.008488705146668957
157.08984375,0.00939189637254273,0.005343485258548501
157.1484375,0.013704698129382206,0.001665783888454617
157.20703124999997,0.012019384310263401,0.0034735077359168776
157.265625,0.010772324222832001,0.004164681737996553
157.32421875,0.009129903523230778,0.004885800236582344
157.38281249999997,0.004775039058490526,0.004706862198335951
157.44140625,0.0028967521858669957,0.003890268583973385
157.5,0.005792024376715255,0.0032482643572311898
157.55859374999997,0.009333366831799436,0.0027958884016766263
157.6171875,0.014256711194918075,0.002293789575791811
157.67578125,0.017473489507553085,0.0025359495690422387
157.73437499999997,0.014080159004552775,0.003413322957101948
157.79296875,0.009202606058670595,0.0023989832561846455
157.8515625,0.006932393446518754,0.0007356328235812308
157.91015624999997,0.00820308986459879,0.0027387126586345253
157.96875,0.007780259780560373,0.0017145328736890373
158.02734375,0.005052544675843458,0.002404908793608353
158.08593749999997,0.004057966545112377,0.0037692196047151008
158.14453125,0.003526026623837562,0.0032683268184100544
158.203125,0.005809449615406388,0.002950939462692298
158.26171874999997,0.008131847364340658,0.0037826711925308524
158.3203125,0.00575204699744331,0.003882091320942753
158.37890625,0.0046938340633631915,0.0009048327628071275
158.43749999999997,0.010298705137488923,0.002753947392893535
158.49609375,0.010948355566072397,0.001883367137925557
158.5546875,0.008379836449544638,0.005575309240776086
158.61328124999997,0.011022513031538646,0.008932315277062957
158.671875,0.010857164184015337,0.006216266384335865
158.73046875,0.009836176010386007,0.0018876983659788602
158.78906249999997,0.009583342130747869,0.001575548707435358
158.84765625,0.010113361033947384,0.002978052647643005
158.90625,0.010296447425961527,0.002670058606862929
158.96484374999997,0.0147281536563397,0.0018389152908673359
159.0234375,0.017580162057855574,0.00387379705796398
159.08203125,0.013187359908923413,0.0038772953575533895
159.14062499999997,0.005309792401724412,0.0016048051482942408
159.19921875,0.003918270785566423,0.0038439559719724106
159.2578125,0.002669678426199752,0.004692280517110666
159.31640624999997,0.0134981719798088,0.003992153290074889
159.375,0.018372477158388696,0.0044224715580509924
159.43359375,0.015435888122662063,0.00419729352531974
159.49218749999997,0.010974567946356524,0.002636974114774129
159.55078125,0.012635926637727347,0.0017810191988395009
159.609375,0.015092965703999973,0.0036795580415800652
159.66796874999997,0.015082036250245156,0.0035362683740553253
159.7265625,0.014088571297636208,0.0018023519343322593
159.78515625,0.01007940617846846,0.001445915141078025
159.84374999999997,0.0035833351119560096,0.004468861533832738
159.90234375,0.003870666392799757,0.005475877212808503
159.9609375,0.003676022608438162,0.0032764479217352914
160.01953124999997,0.008566619701371443,0.0026239285765940856
160.078125,0.009218990998829753,0.0030283716175025757
160.13671875,0.004092051667345597,0.0031636254683343025
160.19531249999997,0.008159375333608714,0.0017653277566795752
160.25390625,0.008791467640449534,0.001367778962883392
160.3125,0.007295161335279775,0.0027875442188745204
160.37109374999997,0.007264011887793119,0.0021236423830942996
160.4296875,0.006926485574662086,0.0005188140453934363
160.48828125,0.005052196712420166,0.0023122180976601387
160.54687499999997,0.00279247806298522,0.0029415396537111347
160.60546875,0.003364980526177021,0.003366973430989758
160.6640625,0.008721905747849002,0.0066391542556852425
160.72265624999997,0.010589184609671046,0.00561774689441995
160.78125,0.012578568988310952,0.002549289331828646
160.83984375,0.011330294578800288,0.001199652367597498
160.89843749999997,0.008310778950914394,0.0004627963157020917
160.95703125,0.007094311769501809,0.0020651777850561716
161.015625,0.005368354197380809,0.003207795513954426
161.07421874999997,0.003651483780523196,0.003113095819569592
161.1328125,0.0013275874902167431,0.0020915687814306843
161.19140625,0.002890583444817362,0.0005357083415145239
161.24999999999997,0.0036959728451659963,0.0006243443316031986
161.30859375,0.0025733956057723438,0.0014870685106214668
161.3671875,0.0038877062407119425,0.002259141608068197
161.42578124999997,0.006931903107344783,0.0015840004358483304
161.484375,0.00613218322346334,0.0009469303105688559
161.54296875,0.004221005421325404,0.0015504783116889877
161.60156249999997,0.00360239199354579,0.0018063680776055663
161.66015625,0.005376527631654073,0.0045291696909701504
161.71875,0.0059076810188508355,0.004924498655061645
161.77734374999997,0.0028793329454964794,0.004237143817580776
161.8359375,0.0005042721751318548,0.0051796792402318695
161.89453125,0.0019812550425991364,0.0049153095111171856
161.95312499999997,0.005997551616883713,0.00014204754279294028
162.01171875,0.011675380062993226,0.0065022880619906125
162.0703125,0.015378804928399104,0.008861862154669041
162.12890624999997,0.012920613627579564,0.005421495784475235
162.1875,0.007559269330032592,0.0022640510310959505
162.24609375,0.006143607965720443,0.002858077594218592
162.30468749999997,0.008254706460756985,0.0023564948250502584
162.36328125,0.011209687239455483,0.002052371607908889
162.421875,0.009251859344299704,0.0009191154238139326
162.48046874999997,0.0032318808731959105,0.00048675297703278797
162.5390625,0.0041269226137111755,0.002204892919532288
162.59765625,0.005317375966485904,0.0036327544532933228
162.65624999999997,0.00826158669454881,0.004016831165942922
162.71484375,0.014866913592999393,0.0051564126354062215
162.7734375,0.0167694341958592,0.005987231598272093
162.83203124999997,0.015161064010908101,0.00609095503404801
162.890625,0.01610916563787638,0.006168042189842269
162.94921875,0.015503448654471536,0.005744544536791126
163.00781249999997,0.009679177664873568,0.004910476459130456
163.06640625,0.007013383877054624,0.0037667545631187523
163.125,0.01089789436111423,0.0026594161788271588
163.18359374999997,0.013421493228958335,0.002510689602439523
163.2421875,0.012951125270754295,0.0027089987850476105
163.30078125,0.008334201936590327,0.002075838114630399
163.35937499999997,0.002990914160960355,0.0027394184920309884
163.41796875,0.0015481933118155506,0.0030851766970398002
163.4765625,0.004530801336337238,0.0036839219984264233
163.53515624999997,0.010262221223595318,0.006012267557454873
163.59375,0.012733701184387682,0.006462649154346031
163.65234375,0.009517513632909386,0.0034054718442417327
163.71093749999997,0.0013292011539678885,0.0014869968692187644
163.76953125,0.006437270606567332,0.002742135317250907
163.828125,0.005803154703129697,0.0022164117131092034
163.88671874999997,0.007181766039293862,0.0023836818881793433
163.9453125,0.010742955243239169,0.0034359787596170894
164.00390625,0.01251052789224661,0.0041454706541587776
164.06249999999997,0.014758106500428358,0.005281079389497048
164.12109375,0.015090407246047217,0.003893857386367928
164.1796875,0.013037339467919766,0.0013049559006355431
164.23828124999997,0.009109805168407347,0.0053467547446202435
164.296875,0.0066361306908712635,0.0071651847279872675
164.35546875,0.005862625574025716,0.00769411383861771
164.41406249999997,0.010984454213572014,0.006693261419994346
164.47265625,0.011048777460017423,0.0035997027325054883
164.53125,0.009968887082304867,0.002285736376372315
164.58984374999997,0.007469701251691734,0.004073334080571866
164.6484375,0.003030431356362225,0.0037026332567531416
164.70703125,0.0016716836282632812,0.0050034525577127694
164.76562499999997,0.0035455145690531944,0.006959942967709501
164.82421875,0.00583709130447516,0.006105648349282085
164.8828125,0.007508285869483465,0.004455994657413346
164.94140624999997,0.00678209980209822,0.0030577714745882206
165.0,0.006081191885218415,0.001450782317579722
165.05859375,0.008471267185855714,0.0010920784387632384
165.11718749999997,0.0075083389936421935,0.0014371376900167666
165.17578125,0.005931974818885799,0.001507106820930736
165.234375,0.007658713856910154,0.0021754941067822285
165.29296874999997,0.008710495557901956,0.0028537939281297114
165.3515625,0.0060984569697324,0.0005761205278290182
165.41015625,0.004364503877806928,0.002725286152956505
165.46874999999997,0.0034127327004585804,0.004820586200129703
165.52734375,0.0022493565620304557,0.00456894237740516
165.5859375,0.002349891800690346,0.0014042277348540657
165.64453124999997,0.005452943816920671,0.0020994352391578504
165.703125,0.008556482443247635,0.0038884563528370467
165.76171875,0.010344861468322463,0.004700144973764997
165.82031249999997,0.008491927639354751,0.005088476877771154
165.87890625,0.008757636576363257,0.004762610748707679
165.9375,0.014701319018617359,0.00530553727941893
165.99609374999997,0.0162710308824224,0.005058090071985907
166.0546875,0.014236094429431145,0.004059322796247662
166.11328125,0.010810050034409375,0.003066738611332132
166.17187499999997,0.01044060462676829,0.000988371668294686
166.23046875,0.011971664716555102,0.0017795370803300396
166.2890625,0.010709578236648332,0.003843956375457336
166.34765624999997,0.008475210784534339,0.005232980725343016
166.40625,0.008359049683757405,0.0037911713437956867
166.46484375,0.009638133679037302,0.0029016440037060312
166.52343749999997,0.010284860953114,0.003981236571158943
166.58203125,0.013437340686833044,0.004949806205820028
166.640625,0.020256189978694973,0.005567531446635338
166.69921874999997,0.02331011907142222,0.006126296275118747
166.7578125,0.017859829113075612,0.005320540159572676
166.81640625,0.009783907348587586,0.004628057769110674
166.87499999999997,0.007947952007850938,0.004207092859041023
166.93359375,0.008303882598287776,0.003142871931374548
166.9921875,0.008012174936015236,0.0021774393509396387
167.05078124999997,0.006837265727567387,0.0014393215235100967
167.109375,0.005756760133492366,0.0008141887440457575
167.16796875,0.007736046502617809,0.0013659958789731836
167.22656249999997,0.005750408808046429,0.0026422607815852453
167.28515625,0.00300986705687941,0.0017327465672017455
167.34375,0.0072768958852893455,0.0017872752499434445
167.40234374999997,0.005185574608985827,0.004233430218605632
167.4609375,0.013548094979357297,0.003942007105822343
167.51953125,0.01565918864395346,0.001888294272165989
167.57812499999997,0.009608130476134189,0.0019478212050417442
167.63671875,0.010209085515656168,0.0018964017569194685
167.6953125,0.011510491858024363,0.0006887470503555098
167.75390624999997,0.011274883649453693,0.0004114802936741863
167.8125,0.013031065739341369,0.0006008272269222394
167.87109375,0.008621206852289901,0.0014654565052671666
167.92968749999997,0.0004919438725531144,0.003452887591360903
167.98828125,0.004251838570596974,0.003176410257423321
168.046875,0.005208972732150819,0.0015877879484760787
168.10546874999997,0.005148349835078957,0.0009773697460191103
168.1640625,0.0011823439092682568,0.0020133725646377283
168.22265625,0.006537238205298455,0.002375865285238919
168.28124999999997,0.012970968847766306,0.0016413813468400902
168.33984375,0.0138769683910112,0.000528111472713214
168.3984375,0.011865238105734737,0.0026534595804661846
168.45703124999997,0.011500769604938245,0.0047042678501874125
168.515625,0.010898134172427756,0.005988803828573849
168.57421875,0.0071550839950364304,0.006152288149201085
168.63281249999997,0.004535055000430379,0.005587575869738798
168.69140625,0.005417023319317547,0.0034155526428198434
168.75,0.005644132235504879,0.0005187112831819807
168.80859374999997,0.005300134630730387,0.0029125513495557895
168.8671875,0.004436984750348624,0.0028720437240553364
168.92578125,0.0021591571524102364,0.0028305034742666167
168.98437499999997,0.0025501163285230693,0.0038241357636785997
169.04296875,0.00766164454119737,0.0016835863994962023
169.1015625,0.01190331891766991,0.0023216370443769033
169.16015624999997,0.008470290322255403,0.0023375172674813824
169.21875,0.004772244410478455,0.0003418524915385938
169.27734375,0.004520408913128343,0.0018549180859992233
169.33593749999997,0.003535450579920225,0.0024076332539633917
169.39453125,0.0022303627237847345,0.0024223630095811166
169.453125,0.0007851361783949569,0.0023447705627165885
169.51171874999997,0.003451530503977235,0.0028486522133552724
169.5703125,0.009587383486065795,0.0022923127181630953
169.62890625,0.01337789840558346,0.0014086495095811302
169.68749999999997,0.016354862346610422,0.0023061134401801547
169.74609375,0.016274410283817493,0.004074803163827489
169.8046875,0.010966441265190936,0.003692779976628084
169.86328124999997,0.005352413513901888,0.0011543281435698561
169.921875,0.0041261600337829,0.0024500055668444983
169.98046875,0.00685065139147139,0.004884267917188815
170.03906249999997,0.006949500436284183,0.007356246428692328
170.09765625,0.0050491023801774605,0.007851371715298075
170.15625,0.010416635469550094,0.0049983423889378665
170.21484374999997,0.014885071828051905,0.0015278031737489168
170.2734375,0.015007570634962459,0.002304785253633734
170.33203125,0.012010574350564438,0.0014548997604306114
170.39062499999997,0.007300504617973152,0.001198802547636205
170.44921875,0.004915852901311741,0.0020918392555877357
170.5078125,0.005518213748970477,0.0028615040926788598
170.56640624999997,0.0066991217621539464,0.004883178557565952
170.625,0.009123921345064434,0.007359407714544505
170.68359375,0.0109771948227204,0.007978252050106641
170.74218749999997,0.009504855684494981,0.006327211006806161
170.80078125,0.010279912394572838,0.004174490798926746
170.859375,0.01432570007036659,0.002584153437678672
170.91796874999997,0.015277252642937026,0.003887040728889079
170.9765625,0.010942968657860744,0.002827444384687693
171.03515625,0.005271504935227466,0.0018843416913178611
171.09374999999997,0.0030658201030628056,0.002898097824164282
171.15234375,0.005851614580378345,0.005877684873069316
171.2109375,0.004195304427206321,0.005675718233522237
171.26953124999997,0.0030103333818023176,0.003460724635457759
171.328125,0.008093455415610297,0.003892877383884535
171.38671875,0.011205620996157272,0.00435673025003095
171.44531249999997,0.015163554484491377,0.004295302114292983
171.50390625,0.01628599490423249,0.003745684712215333
171.5625,0.0156507964267818,0.004921138392051893
171.62109374999997,0.012443201504193405,0.0056330773477664105
171.6796875,0.004377077106477111,0.004692274436194559
171.73828125,0.005407783220238033,0.003522054565795236
171.79687499999997,0.005075492363369326,0.0018691186457948587
171.85546875,0.004618197565508678,0.00048226413022510743
171.9140625,0.00476310392077085,0.0025077702376388503
171.97265624999997,0.008534853223453145,0.007176171944066337
172.03125,0.011661173038504285,0.010061431171658837
172.08984375,0.012962790551629761,0.008867693175758218
172.14843749999997,0.012840104646345822,0.005164370379179406
172.20703125,0.01041916035819162,0.0022453805293404564
172.265625,0.007928930295871347,0.0036999503872873086
172.32421874999997,0.00498685779925293,0.0028542050693458796
172.3828125,0.0014266912666171911,0.0016788691029951336
172.44140625,0.0040136246872334155,0.0016930429256316198
172.49999999999997,0.007996812333513847,0.003602912062817659
172.55859375,0.018064188869177752,0.0045385929526948095
172.6171875,0.022426997469047198,0.006314557101764714
172.67578124999997,0.017122258053936044,0.007964552478219906
172.734375,0.009315629463231608,0.006622182071176087
172.79296875,0.010450940794437506,0.004293621334373696
172.85156249999997,0.011987673076915534,0.004704010606880359
172.91015625,0.005035984781494369,0.002657774405630009
172.96875,0.004452921003320051,0.0023992864943971253
173.02734374999997,0.00686169073548651,0.004992702423854428
173.0859375,0.01042973942898447,0.0037662124929691257
173.14453125,0.012706615269417108,0.0014153979202064164
173.20312499999997,0.011285653538302796,0.0038846605547883306
173.26171875,0.015589235263745399,0.004451218111852293
173.3203125,0.01512248433483434,0.004606974248795564
173.37890624999997,0.011891359348130333,0.005515004782569806
173.4375,0.011621154833214223,0.0056788182563501976
173.49609375,0.00889006933472351,0.0037233856910449726
173.55468749999997,0.004570169082618578,0.000744856879080605
173.61328125,0.0018262989188671478,0.002098816519786049
173.671875,0.00195443654139529,0.0036471236955294573
173.73046874999997,0.003079938525299877,0.0033773033755685055
173.7890625,0.004874507103708488,0.004220536484082672
173.84765625,0.009474351662824069,0.0055104015968490475
173.90624999999997,0.012564322687247196,0.0057221680271405066
173.96484375,0.007212968655060706,0.0037071092029253142
174.0234375,0.0031832537723348003,0.0033411542323375835
174.08203124999997,0.007362575257961901,0.005445191745579447
174.140625,0.006130934660919224,0.00653385963567762
174.19921875,0.006580692232068956,0.0061057965567362085
174.25781249999997,0.0066398712557988755,0.005839117491811232
174.31640625,0.01083938494459377,0.006277719961274414
174.375,0.013403545790504564,0.006397449903548789
174.43359374999997,0.009594291809786423,0.005156648094264007
174.4921875,0.007849508165674618,0.0035376418637075116
174.55078125,0.007199131978512396,0.0022494917493764578
174.60937499999997,0.0056797236866277445,0.003764898986164332
174.66796875,0.009764608452310985,0.005470680560420849
174.7265625,0.013955488222586276,0.006895770718116763
174.78515624999997,0.014974834995166256,0.0074782720663999925
174.84375,0.009500598453174457,0.005969350174413538
174.90234375,0.005487458809322883,0.003991989582749408
174.96093749999997,0.013857165617660906,0.004941984990713406
175.01953125,0.012758835143491572,0.005505376392712217
175.078125,0.00977533013965112,0.0043435835844194545
175.13671874999997,0.013584386348253558,0.003469908536241789
175.1953125,0.012677729269775445,0.00471590477313494
175.25390625,0.006432767527354942,0.0027245751024406327
175.31249999999997,0.0013793564346900598,0.0013150887520971524
175.37109375,0.002660517988609957,0.004030031078506838
175.4296875,0.0065638595563524225,0.004323877830085723
175.48828124999997,0.01021122254798181,0.00399191805517107
175.546875,0.008959811442757832,0.00568514491230551
175.60546875,0.0059265454626835495,0.006792424507166103
175.66406249999997,0.009687734341917614,0.0056755769408732455
175.72265625,0.00979596730794973,0.004945605756982451
175.78125,0.005154606554160048,0.0034961881821181148
175.83984374999997,0.0028587377886152747,0.0034268914887403868
175.8984375,0.0014642926639232608,0.002820937757095682
175.95703125,0.0039320676616668845,0.001215159163594708
176.01562499999997,0.0003515162155465349,0.0019645575145719875
176.07421875,0.009284688042619045,0.004179664239884951
176.1328125,0.010726479936769706,0.004283815899807112
176.19140624999997,0.0035609289084605803,0.004380793240414734
176.25,0.006540687027631987,0.004686907236102446
176.30859375,0.010240525664345506,0.001524673877165424
176.36718749999997,0.011044738584517773,0.0020150823407229686
176.42578125,0.012163794470448047,0.0027136330328319017
176.484375,0.008522550368442839,0.001620936555723498
176.54296874999997,0.0016857199013682609,0.0014035315058993471
176.6015625,0.00649004722125248,0.0022970779548762985
176.66015625,0.010032393575228246,0.0014729475287176095
176.71874999999997,0.012570137678716554,0.0029115652494042022
176.77734375,0.010902551125561334,0.003821105002568433
176.8359375,0.009293139156771916,0.0032028871250316965
176.89453124999997,0.010114265825106362,0.0031380561199175583
176.953125,0.012084787679032817,0.004356872523405477
177.01171875,0.013574047845610879,0.004125447543629362
177.07031249999997,0.012332325712093972,0.0017933985023018727
177.12890625,0.0030160744774327375,0.0026652199520485927
177.1875,0.012125199832695747,0.0070077837498687375
177.24609374999997,0.014622703537540388,0.00863192368951456
177.3046875,0.011193931636896469,0.0074580206369468625
177.36328125,0.010700028391497548,0.004959034973486338
177.42187499999997,0.005046106682657567,0.003739085200103783
177.48046875,0.004794088723113196,0.002859519633796525
177.5390625,0.004990925006196473,0.0030033178639351883
177.59765624999997,0.00285620040939066,0.004154426541879707
177.65625,0.0034294250656887472,0.00578019305083783
177.71484375,0.006988542210213951,0.00464313611278494
177.77343749999997,0.008686195784908752,0.002310015496488239
177.83203125,0.007887715520187777,0.002563872807009496
177.890625,0.006969812652966219,0.002295961251350005
177.94921874999997,0.0035168461391769526,0.0007911207342624656
178.0078125,0.007285266782887278,0.004162791298476405
178.06640625,0.012110456220301337,0.004204939591695091
178.12499999999997,0.012786477644698984,0.0028901901281612125
178.18359375,0.009322388296196476,0.005158724982196018
178.2421875,0.0060577865733337155,0.004647864985904297
178.30078124999997,0.007092914057887811,0.0016148073849876813
178.359375,0.003841038495404375,0.0017497372772166848
178.41796875,0.0016316834770843064,0.002381453714142466
178.47656249999997,0.0040561215838351775,0.001881425904039771
178.53515625,0.0077042202439317285,0.002151210543571207
178.59375,0.008475877585578847,0.0018967737448551069
178.65234374999997,0.005757635405907342,0.002426919390658423
178.7109375,0.004772742296146082,0.0031828802274791175
178.76953125,0.009042866559452158,0.0017696042798914006
178.82812499999997,0.010071766925304744,0.0007185780438355833
178.88671875,0.008650631281681979,0.0026027505014218294
178.9453125,0.0048419853484785065,0.0033848958862571616
179.00390624999997,0.005585821384999132,0.000771268174964395
179.0625,0.01228515682003439,0.0037507078012477255
179.12109375,0.012194684349694727,0.0063606086103505394
179.17968749999997,0.007492143417734855,0.007871396184019719
179.23828125,0.0049618603795073876,0.007755060279415391
179.296875,0.0021149739696370374,0.004781458656307059
179.35546874999997,0.004030684992232778,0.0010386720726377244
179.4140625,0.006514342264620054,0.0020666290003199944
179.47265625,0.004709594814032165,0.001047567770427118
179.53124999999997,0.003298878288571689,0.0033362016707657737
179.58984375,0.0069394291202690694,0.006130032049311333
179.6484375,0.006607939598909567,0.004671843146797852
179.70703124999997,0.0032421236498655576,0.002485900620382856
179.765625,0.0017975075059147314,0.0023576600089963433
179.82421875,0.004787635809571576,0.00270795577854537
179.88281249999997,0.011643892524409106,0.0032778068493869283
179.94140625,0.011848216827940308,0.0022392059678701657
180.0,0.007336308389892176,0.001352388204494693
180.05859374999997,0.007935896510817561,0.004378525732036204
180.11718749999997,0.008672044925224368,0.005538694440857015
180.17578125,0.010495794980006913,0.006338322826457624
180.23437499999997,0.009958370006034813,0.007495424616479641
180.29296874999997,0.006850641466702773,0.005741197507792109
180.3515625,0.003765878674067956,0.0024005856338232823
180.41015624999997,0.0073850599956795495,0.0003334108518687621
180.46874999999997,0.010043617395929402,0.0026370546276845127
180.52734375,0.005742669091945727,0.003782694354953083
180.58593749999997,0.002442759500436264,0.0041263695267129774
180.64453124999997,0.006966179443631372,0.004939824606089187
180.703125,0.00966709151440257,0.004246949483030854
180.76171874999997,0.006802274757157448,0.0033755579041642447
180.82031249999997,0.008565362592953922,0.0012084066499440378
180.87890625,0.012212541876526619,0.0019850978922596753
180.93749999999997,0.00779258249134872,0.004414241181822845
180.99609374999997,0.003991391298557529,0.006189721422728166
181.0546875,0.006715826728650999,0.007566830417141999
181.11328124999997,0.008149640068983437,0.006310155679604814
181.17187499999997,0.007629738522569942,0.0028991650927386583
181.23046875,0.005778454060704495,0.0046216309530025855
181.28906249999997,0.005314664455350499,0.004302048474371941
181.34765624999997,0.011876502953985377,0.0011351453679601668
181.40625,0.011651685468343874,0.002004102591758349
181.46484374999997,0.010230901044094047,0.0015673009046802495
181.52343749999997,0.016910007627989596,0.003012695708855111
181.58203125,0.017687776980428088,0.0058911175061020435
181.64062499999997,0.008072926731449893,0.004893965322166863
181.69921874999997,0.0031387797157065626,0.002861112089688154
181.7578125,0.0050465651555632466,0.004328172586524712
181.81640624999997,0.0041721990733200815,0.005029293452309648
181.87499999999997,0.003929542180243244,0.0022508392737434525
181.93359375,0.004458295700002924,0.0024111955971788993
181.99218749999997,0.00914123758486809,0.005122878700984151
182.05078124999997,0.011603228775132061,0.004297453987393266
182.109375,0.016958363813160716,0.0031927180628251286
182.16796874999997,0.01722586786675998,0.005040492665958274
182.22656249999997,0.009016649049855488,0.005244053525425019
182.28515625,0.008019733639608347,0.0036774200172768126
182.34374999999997,0.011588289617464716,0.0015019456207914636
182.40234374999997,0.010599002490373294,0.0012994583979226899
182.4609375,0.007969058746307059,0.002135642909253809
182.51953124999997,0.00994099706464506,0.0009665465245153387
182.57812499999997,0.012496342955334902,0.0016016723202796808
182.63671875,0.011421601371249075,0.004489682543698268
182.69531249999997,0.00939264572686281,0.006167718190947459
182.75390624999997,0.010387942079004833,0.004979226563343164
182.8125,0.01015719675222558,0.004701034724183255
182.87109374999997,0.005884379730598168,0.007181880122082157
182.92968749999997,0.006373238494887077,0.006180403669256159
182.98828125,0.004773084281083677,0.004522073144011699
183.04687499999997,0.006677548818546214,0.00479301331950132
183.10546874999997,0.00628255315447793,0.004021557531929052
183.1640625,0.007955568393522192,0.002911939300933176
183.22265624999997,0.011375607683949006,0.003096092492611877
183.28124999999997,0.007798866725898202,0.0024416431531396124
183.33984375,0.003071104212701443,0.0015359572768497223
183.39843749999997,0.006693977175791578,0.002215967713135324
183.45703124999997,0.0074055574539215,0.0052273214146035495
183.515625,0.005587691440355856,0.007412069884652066
183.57421874999997,0.003521670940061108,0.008313509894565231
183.63281249999997,0.003945434103008289,0.006812998709078942
183.69140625,0.009472839941611222,0.004114102407358078
183.74999999999997,0.009826412471305678,0.0039296121173262675
183.80859374999997,0.008868386862623567,0.005745947474719115
183.8671875,0.009412069424652733,0.005438036976330556
183.92578124999997,0.013882361994949058,0.00136854490920218
183.98437499999997,0.018177971278840226,0.0028627705619772435
184.04296875,0.016955038267766783,0.0030216628125150696
184.10156249999997,0.011747633775740897,0.0012229700602897965
184.16015624999997,0.0067704466139189064,0.000547741769500305
184.21875,0.004143350763795715,0.0013528920599518131
184.27734374999997,0.001098082999896469,0.0028436815294507686
184.33593749999997,0.004434962994217884,0.004859610811227564
184.39453125,0.0068086871619262015,0.0054820303156549715
184.45312499999997,0.005177040815847895,0.0027877683983716
184.51171874999997,0.01109051049520032,0.0014298786789820022
184.5703125,0.011068039856375007,0.0020652710305901515
184.62890624999997,0.005749767807791833,0.00202681423236631
184.68749999999997,0.004423881219695772,0.002344046752787501
184.74609375,0.0041257177979646285,0.0027142540164426057
184.80468749999997,0.003007796146065793,0.0019894129626998264
184.86328124999997,0.0009866367166330534,0.000400794604523478
184.921875,0.0008859018806968673,0.0032282616542772635
184.98046874999997,0.005371363319657063,0.005958858476440566
185.03906249999997,0.00840184101831051,0.005099144946485448
185.09765625,0.007546857025789797,0.0021592926422345313
185.15624999999997,0.012168525906814047,0.0025198931769646014
185.21484374999997,0.015104853970763162,0.004361826474537157
185.2734375,0.011080557459915125,0.0059829196910837976
185.33203124999997,0.005444571718550604,0.0056294924512460395
185.39062499999997,0.007747777848790151,0.003401343437117008
185.44921875,0.004610715330238567,0.0023860565811341843
185.50781249999997,0.0018960121348947745,0.0020012657900085875
185.56640624999997,0.002933070459298369,0.001089528484440549
185.625,0.00551482464803696,0.0017512490859083467
185.68359374999997,0.009585649210538226,0.0032816973763296928
185.74218749999997,0.011899937899344995,0.0031330507288612635
185.80078125,0.011736948135454114,0.0016792858177922922
185.85937499999997,0.006396691414529055,0.0011512161575675036
185.91796874999997,0.0027402375298792923,0.0013997664151913312
185.9765625,0.005656382102832833,0.003402796424302564
186.03515624999997,0.004200370727734601,0.003109417368804163
186.09374999999997,0.010007532623437124,0.0007985092326546273
186.15234375,0.005877010995388153,0.0021322158924419244
186.21093749999997,0.003969336777972492,0.00019443117713684315
186.26953124999997,0.006970603514880983,0.0037957561786798326
186.328125,0.0028588432437362363,0.005789387483915307
186.38671874999997,0.0031612502565571926,0.005895977112134801
186.44531249999997,0.003242755840019895,0.005505391707765471
186.50390625,0.0019887389340864105,0.004492736225988378
186.56249999999997,0.004034743875439027,0.0026259887576751424
186.62109374999997,0.006191444444677432,0.0028719107826618833
186.6796875,0.007980374531529303,0.003208153223613548
186.73828124999997,0.007286396427139031,0.0022356796444658006
186.79687499999997,0.011291490875696785,0.0005212402123912288
186.85546875,0.015118203301179961,0.0022959697919045182
186.91406249999997,0.006540407532241472,0.0016934423103253994
186.97265624999997,0.007506863380154149,0.0038823124621511084
187.03125,0.015639517827327455,0.007868630412349188
187.08984374999997,0.013883101946109488,0.008201263242371554
187.14843749999997,0.008449088061372524,0.006669532698505613
187.20703125,0.005066719116245292,0.005112687489085326
187.26562499999997,0.0045981832365224115,0.004328729777563483
187.32421874999997,0.01077793341327357,0.004242150045116602
187.3828125,0.012817686714776757,0.002524087700942684
187.44140624999997,0.007757526023997785,0.0016980563560620699
187.49999999999997,0.0052203645374875205,0.0032863184208371606
187.55859375,0.009304398628453354,0.0048255853793588745
187.61718749999997,0.008155457328956322,0.002926341060112605
187.67578124999997,0.005836288552475457,0.002177332416744254
187.734375,0.0051416492538104265,0.00405481020183477
187.79296874999997,0.0038187277338903192,0.003445128956053497
187.85156249999997,0.006265707550261824,0.004160821547674087
187.91015625,0.011097766142468534,0.005982560724672915
187.96874999999997,0.015237035881379991,0.0067013787212039265
188.02734374999997,0.013086577900093363,0.00633348015791702
188.0859375,0.006222833798747085,0.006285536587048002
188.14453124999997,0.007464468193577041,0.007288689413191802
188.20312499999997,0.008214997639196845,0.006459147431532951
188.26171875,0.0027784341123469865,0.0024208393935856725
188.32031249999997,0.0032012355417487736,0.002165921796489965
188.37890624999997,0.0020374670222463244,0.004777559431793226
188.4375,0.013443961768362319,0.006109530200853723
188.49609374999997,0.01747003532301552,0.005214279768004932
188.55468749999997,0.011888533123511241,0.001990930851878366
188.61328125,0.007693122751466849,0.0024529044469376675
188.67187499999997,0.012402204490974929,0.00507412507758043
188.73046874999997,0.02193882422954631,0.006511081364306857
188.7890625,0.02769631692902275,0.006156909116642287
188.84765624999997,0.021895625636215277,0.004107583186208736
188.90624999999997,0.008482211844648367,0.0010646113825447914
188.96484375,0.004227046731512968,0.0015065164578248597
189.02343749999997,0.004142498023160464,0.0015080683903907367
189.08203124999997,0.004593518351311001,0.000830073032635352
189.140625,0.0077756301783634026,0.002942660600128147
189.19921874999997,0.008830357889783027,0.0033234099109156136
189.25781249999997,0.00702074811918221,0.0025086262916644594
189.31640625,0.005170951785575709,0.0035618107086731873
189.37499999999997,0.0111495013308596,0.004248598047297578
189.43359374999997,0.01591142409456525,0.0038964424946598963
189.4921875,0.01602564000060181,0.0018426467970117156
189.55078124999997,0.009655534679912297,0.002313721942889519
189.60937499999997,0.009223087412410777,0.0047389369420622095
189.66796875,0.00536344296873286,0.003581983700758356
189.72656249999997,0.0030009599607176657,0.0008629063293599371
189.78515624999997,0.003949010662985151,0.0007901759931630626
189.84375,0.004390713114680288,0.0009959716325639919
189.90234374999997,0.007436233784189292,0.0020686770656584805
189.96093749999997,0.008439828973937207,0.0025273937939209717
190.01953125,0.006635611606532151,0.0017758035890111411
190.07812499999997,0.0035570123964286113,0.0007701081240321915
190.13671874999997,0.005807404241342563,0.0009155535590271614
190.1953125,0.011820494223160626,0.0025370313126544
190.25390624999997,0.01231969132313403,0.005786139578909763
190.31249999999997,0.008210135720102712,0.005134804998310281
190.37109375,0.008904520407015547,0.004520834640853726
190.42968749999997,0.009017894757171211,0.006321776853248908
190.48828124999997,0.005489503907680415,0.0037432414103746553
190.546875,0.00988446906064554,0.002028142078222577
190.60546874999997,0.013357058795720477,0.0035584380060639407
190.66406249999997,0.012844203093062374,0.003297168161854679
190.72265625,0.009953418411489284,0.0037450408451699907
190.78124999999997,0.008196884621996928,0.005631763548252782
190.83984374999997,0.005025040423870537,0.004783512139759205
190.8984375,0.001778214893501225,0.002755662162656951
190.95703124999997,0.007438088170755513,0.002611206422342294
191.01562499999997,0.01393812319599387,0.002415528941350127
191.07421875,0.015594608555115935,0.0045170545604891095
191.13281249999997,0.012181073517369521,0.006573920955731833
191.19140624999997,0.010278457331273375,0.002281621563178118
191.25,0.01002419341034673,0.0015514883521630842
191.30859374999997,0.0065444776475085,0.0009380864829728879
191.36718749999997,0.002759788340010107,0.0030602007227311556
191.42578125,0.0016981939596633212,0.004673079365980223
191.48437499999997,0.0056488629543628216,0.004268582330750829
191.54296874999997,0.010670099432397058,0.002391194473948444
191.6015625,0.010344424585232737,0.0018933438880558815
191.66015624999997,0.006709931582695518,0.004437868509410976
191.71874999999997,0.007492466385250555,0.00681796687062573
191.77734375,0.006914288523455709,0.005788843315713278
191.83593749999997,0.004637678468486741,0.003371685667700388
191.89453124999997,0.006681972993569743,0.005609266405616135
191.953125,0.007102779882417361,0.008382114418176356
192.01171875,0.008041042662122983,0.007813773059951443
192.07031249999994,0.011701387474387828,0.0051048371006347185
192.12890625,0.01531219597660828,0.0038271857596593843
192.1875,0.013695654497764297,0.005124839042331406
192.24609374999994,0.010720900919631519,0.007178114323897448
192.3046875,0.009378077088330406,0.006810510051871718
192.36328125,0.004543272655346905,0.0029651527484626785
192.42187499999994,0.005434482953224694,0.001368001302914946
192.48046875,0.0035981874159212836,0.0015164000525083677
192.5390625,0.004417586649281105,0.003591175897324552
192.59765624999994,0.004967929499981959,0.004877640211591724
192.65625,0.005989562153763468,0.003161705156289583
192.71484375,0.008534648392652295,0.0026640147448200213
192.77343749999994,0.010060630946315029,0.004613098302638096
192.83203125,0.010020408349165533,0.0038473894382404614
192.890625,0.0038391653319966522,0.0011923094092285182
192.94921874999994,0.009664023008998249,0.0038410242794086934
193.0078125,0.012829674816913193,0.0040093558246713365
193.06640625,0.013400705061101156,0.0033530898507294175
193.12499999999994,0.018130840452008613,0.0045602624852505965
193.18359375,0.01765909055340075,0.0044151923066439265
193.2421875,0.012810927158968722,0.005314809727928938
193.30078124999994,0.007499265015492553,0.0028491095668269025
193.359375,0.005309433300295169,0.0021136959376537247
193.41796875,0.009030522671042224,0.0038409445841891135
193.47656249999994,0.010311725377778384,0.004662707624880833
193.53515625,0.005296403890824759,0.003813166927747107
193.59375,0.004145811871916385,0.004284838239985089
193.65234374999994,0.004809900975449592,0.003779436502884354
193.7109375,0.00658142040687696,0.0025955021480847055
193.76953125,0.010400348846897459,0.002217012333811386
193.82812499999994,0.014661935021456022,0.0033524849055608865
193.88671875,0.014892550276482893,0.004592187477444507
193.9453125,0.014431164855558523,0.002804979354771713
194.00390624999994,0.017987767260407288,0.002497701470552668
194.0625,0.013634546331409874,0.0036317174359805572
194.12109375,0.005785259604984418,0.001636423440030449
194.17968749999994,0.003540445603670227,0.004877414204163526
194.23828125,0.0038541050600436667,0.005902948479853343
194.296875,0.00228833931536078,0.002545552450688691
194.35546874999994,0.004317701251017644,0.002879510938742597
194.4140625,0.009313263679972357,0.004541651869671717
194.47265625,0.009964943181560448,0.0053002342459658475
194.53124999999994,0.013614962438963379,0.006468083612285098
194.58984375,0.018654913481744934,0.007739761865779874
194.6484375,0.019608077317947746,0.007189492378026608
194.70703124999994,0.01783269091120313,0.0047013439648777924
194.765625,0.014765868392301863,0.005897404207953849
194.82421875,0.008724915684944833,0.005698024100596683
194.88281249999994,0.005957048885452775,0.0038355079401039757
194.94140625,0.005983443997467094,0.003764974399869564
195.0,0.005621367277373816,0.002421987954788732
195.05859374999994,0.012905042607090307,0.0023647493894147107
195.1171875,0.017174958553745817,0.0052497550463499664
195.17578125,0.018593748319263366,0.009232629116279078
195.23437499999994,0.016818831457834457,0.010391390755995641
195.29296875,0.013632023664460738,0.0067914865531323535
195.3515625,0.009950478650523042,0.0030992371571743013
195.41015624999994,0.004086639576648595,0.002181365481539832
195.46875,0.002737359740369608,0.0009564841787840093
195.52734375,0.004270725543430533,0.0010816668919910485
195.58593749999994,0.0030899643004649664,0.0008790916320211375
195.64453125,0.0060121118336491875,0.0016935054456726302
195.703125,0.010354413299589988,0.003250273994401545
195.76171874999994,0.008418929375376812,0.0038944513776441553
195.8203125,0.007237578116315643,0.004983603969496822
195.87890625,0.006516674468707394,0.005148534590812507
195.93749999999994,0.0030222515870514327,0.002832444304222559
195.99609375,0.0011762645351247702,0.00134183736905886
196.0546875,0.0004349193575960963,0.00493319478782194
196.11328124999994,0.0011458985958573726,0.0060224735728244185
196.171875,0.0017011023543209555,0.0052543618764833615
196.23046875,0.004402067220285094,0.003928271380605511
196.28906249999994,0.011770146154903852,0.0028437922202560993
196.34765625,0.019065620326748967,0.005143033364151421
196.40625,0.019951809432945,0.006060327473513074
196.46484374999994,0.01247448601914924,0.004387276138980987
196.5234375,0.008176615665541537,0.00569079808108144
196.58203125,0.007662472976105325,0.005163191885150477
196.64062499999994,0.006849952726425487,0.004434109719322892
196.69921875,0.012504268033773002,0.005315652068153286
196.7578125,0.016908438118858303,0.005173782740371691
196.81640624999994,0.014904763284064246,0.004781807483318237
196.875,0.01497558372250488,0.0038360459930906303
196.93359375,0.01660939497850694,0.002812806931884531
196.99218749999994,0.015537802374842292,0.005944423959901344
197.05078125,0.012651644983529591,0.008247752638080938
197.109375,0.010434534216534588,0.00632661812909473
197.16796874999994,0.008476262606003098,0.003549084512800605
197.2265625,0.005716307053944918,0.003850681518784442
197.28515625,0.0051207010733108444,0.0030184555418348662
197.34374999999994,0.007481551903976628,0.0019277027735260409
197.40234375,0.010031267499226485,0.0005973643773478377
197.4609375,0.010283491666303957,0.004332665662269632
197.51953124999994,0.01226527479386284,0.008748127068810903
197.578125,0.014399748797311119,0.008490403232718385
197.63671875,0.010143437705568015,0.0035837990371084647
197.69531249999994,0.005699739319905943,0.0009209120098300258
197.75390625,0.011878034991080333,0.0024033306211911753
197.8125,0.012429597833262664,0.002534483193914697
197.87109374999994,0.005536008942727055,0.0021105725035144907
197.9296875,0.004473133583148123,0.0004241054812133189
197.98828125,0.004917947520385736,0.0019330359855778008
198.04687499999994,0.006826448237792394,0.004336003750824174
198.10546875,0.010827098477426009,0.007429699203715812
198.1640625,0.010287078100967044,0.008764118531033637
198.22265624999994,0.0055838324428086035,0.006366322925153546
198.28125,0.005539787959861905,0.00336376872075404
198.33984375,0.009273015953317344,0.0030515152211872325
198.39843749999994,0.009377247633405911,0.00312283375423527
198.45703125,0.005686024963923606,0.0012499659927680022
198.515625,0.003961376597137351,0.0010292942295486995
198.57421874999994,0.004463989197085403,0.002777364666499912
198.6328125,0.006304480254322771,0.003546268306746345
198.69140625,0.011806672272976985,0.002350621241401606
198.74999999999994,0.013740244553118869,0.0022351381431940194
198.80859375,0.007974375098405267,0.0026805832330551176
198.8671875,0.007610685364446597,0.002706776300427944
198.92578124999994,0.008877502374295522,0.005951998355516125
198.984375,0.0028852086346918453,0.005555065967046961
199.04296875,0.0057547986355810325,0.001600175268659812
199.10156249999994,0.010753090847427241,0.0029182453483898737
199.16015625,0.010980812896605546,0.0011879981530190768
199.21875,0.007218438193455195,0.0048855870433841325
199.27734374999994,0.01132052961692723,0.003675477348468111
199.3359375,0.014149820765687523,0.0036059430435050124
199.39453125,0.008882888596104761,0.0030662645645196805
199.45312499999994,0.005264920321652149,0.0033215038461642554
199.51171875,0.0033717611853061307,0.004642861919997344
199.5703125,0.00010501146625333819,0.0037437080772394033
199.62890624999994,0.0021255252899628754,0.0014648566327142313
199.6875,0.003165550624788542,0.0017255398215930422
199.74609375,0.0041223364711491664,0.0006852632770058832
199.80468749999994,0.002952142363623697,0.0020386286847829177
199.86328125,0.0033862729997017754,0.0026320890249638554
199.921875,0.00897295066088677,0.0021071441766918435
199.98046874999994,0.011391837966801098,0.001263726990535721
200.0390625,0.011373448765048446,0.0016811063574204777
200.09765625,0.010750311437130549,0.004627703113099494
200.15624999999994,0.008489897177542654,0.0048457776384418505
200.21484375,0.006284072286600496,0.00271629723594366
200.2734375,0.00781215821872505,0.00332713745479817
200.33203124999994,0.008375443628673703,0.0038943491609286585
200.390625,0.011195317215914255,0.0030123106364682594
200.44921875,0.013893053245830261,0.002199629104186895
200.50781249999994,0.012395916173706603,0.0012721218956937526
200.56640625,0.012771056783562149,0.002102413743746137
200.625,0.016043234238357285,0.004480821468188942
200.68359374999994,0.014303460503672977,0.005405554889620015
200.7421875,0.006090070384814751,0.0031200149855862194
200.80078125,0.0032602469263414897,0.0035089789569836766
200.85937499999994,0.003282351052871077,0.003863062039384446
200.91796875,0.009592698866021241,0.002480648497138336
200.9765625,0.010244845793439301,0.005552166879914353
201.03515624999994,0.009592813636839845,0.006329106204107431
201.09375,0.011122418623966903,0.004487590258425361
201.15234375,0.011861838944086846,0.003326069495995181
201.21093749999994,0.0163537784471834,0.003563465247752269
201.26953125,0.015766925745313038,0.005083567420991894
201.328125,0.0047354948597657185,0.004752079867179069
201.38671874999994,0.005854381953607841,0.004407906291458973
201.4453125,0.006967966915494387,0.007021269439768271
201.50390625,0.007753604907770244,0.009728224783196692
201.56249999999994,0.009341191206441363,0.008443114392362833
201.62109375,0.0056912281656028955,0.0049908287789716625
201.6796875,0.00669786398095083,0.005505784761287939
201.73828124999994,0.0050402433992013706,0.006891701664696057
201.796875,0.003773183751322651,0.007009069126631801
201.85546875,0.009484756814174902,0.005974757106422247
201.91406249999994,0.009070606399248253,0.004638369330904122
201.97265625,0.006482700034792125,0.004004929986650501
202.03125,0.0074343434747195245,0.004930053486623822
202.08984374999994,0.009521571015916415,0.007022854689893603
202.1484375,0.006665644458247999,0.0072486621583124225
202.20703125,0.0011978554187297582,0.005839885273041123
202.26562499999994,0.0046077317178346636,0.0047261244429867835
202.32421875,0.012215331313725049,0.004621628480191359
202.3828125,0.01885546849867798,0.005190806579237365
202.44140624999994,0.017140302047660125,0.003143530206955248
202.5,0.011042754312398633,0.0020542058611178853
202.55859375,0.008270265404701454,0.0037460984716465224
202.61718749999994,0.005840941318099913,0.002011313514680408
202.67578125,0.006324911897039854,0.003617344605414829
202.734375,0.008392565906449313,0.002786257974305442
202.79296874999994,0.009302344340781369,0.0027330766216669745
202.8515625,0.009795149035907145,0.0013931328363144778
202.91015625,0.006981263330226395,0.001989934971495737
202.96874999999994,0.00686584567077855,0.003718952076626037
203.02734375,0.01038970212559118,0.003263280750514692
203.0859375,0.014719518604416414,0.0004310657669409403
203.14453124999994,0.015936760468623287,0.0031651880068972508
203.203125,0.009299245229946535,0.003286973510668318
203.26171875,0.0060573691192774,0.0026410282185865427
203.32031249999994,0.008394652296448412,0.0023798614717674372
203.37890625,0.004658076783067159,0.003926872055869082
203.4375,0.008776395662579766,0.004583344461386555
203.49609374999994,0.009813971111363846,0.0034143497950216237
203.5546875,0.007879823434590146,0.0026122755597441896
203.61328125,0.013844865763881846,0.002478265555509438
203.67187499999994,0.01843192482939065,0.0025833145426342363
203.73046875,0.016981498355400707,0.0013882902441032237
203.7890625,0.010028774927792371,0.0029100582622149113
203.84765624999994,0.0037403837672562814,0.00676714730443675
203.90625,0.005133604876886541,0.00604015801305292
203.96484375,0.007819810532632835,0.0035138550895315005
204.02343749999994,0.01510569887027683,0.0035355376498563997
204.08203125,0.019546706549495238,0.005150579144716796
204.140625,0.02330660476394579,0.005169430978327124
204.19921874999994,0.02264774098920089,0.004040268570337689
204.2578125,0.015916585467692392,0.003372702630908994
204.31640625,0.006952048109928047,0.0013070534702870665
204.37499999999994,0.003240750382289704,0.0012605057781584963
204.43359375,0.0061831145086069,0.0020299924918318227
204.4921875,0.01288382656242869,0.0006534696028257372
204.55078124999994,0.01605467168713442,0.0028979922611622397
204.609375,0.015277810680882624,0.0031932423861073017
204.66796875,0.015471610929106,0.0016095455413114377
204.72656249999994,0.017792026459494126,0.0030005404618455053
204.78515625,0.01731232302579802,0.0029664792263872143
204.84375,0.009878809788325197,0.0027641825907897205
204.90234374999994,0.0023706148414163806,0.006722061523933306
204.9609375,0.003692039585809296,0.0077109079862645695
205.01953125,0.00617710726314564,0.005571989497383784
205.07812499999994,0.008689365039911013,0.002267478356572503
205.13671875,0.008971329660927218,0.0005121020721680107
205.1953125,0.009605445118469787,0.0018300765224487476
205.25390624999994,0.010174016255495797,0.0019210995289299663
205.3125,0.0067286512740778745,0.0022171626438741835
205.37109375,0.004017653434355105,0.0044874510000258265
205.42968749999994,0.005770453361504725,0.00670811146880133
205.48828125,0.006065330936382179,0.0051915454402661045
205.546875,0.007484320820978695,0.0033700077460800974
205.60546874999994,0.005956230430142503,0.004588970119469768
205.6640625,0.005637748424386918,0.0038619357115445515
205.72265625,0.009046777304804372,0.002877454086634526
205.78124999999994,0.015473936764571627,0.003717662115527273
205.83984375,0.019785443776985306,0.0051821827381778075
205.8984375,0.019119359605094827,0.004636401006383025
205.95703124999994,0.015550530423863717,0.0033759687502176354
206.015625,0.011280399635090694,0.0029830909562793585
206.07421875,0.008046465433156815,0.003035489903530517
206.13281249999994,0.00910978932954121,0.004776605799260149
206.19140625,0.011952196562958671,0.007167265126978086
206.25,0.012679678171286415,0.00803086132317347
206.30859374999994,0.009732696433518023,0.006599669540105618
206.3671875,0.009767571089713684,0.0025712034027661514
206.42578125,0.012601162410074185,0.0018318522686898643
206.48437499999994,0.011036120112694099,0.002175087952915473
206.54296875,0.00851486983348806,0.0013105450465857036
206.6015625,0.01032872392463526,0.00425956578154886
206.66015624999994,0.01735836646970236,0.0049989513323869484
206.71875,0.019988211056982723,0.0055742102495622186
206.77734375,0.01423386192165721,0.0045197854833664815
206.83593749999994,0.007080692331101198,0.002385727783539985
206.89453125,0.006032980242372955,0.005238730261872535
206.953125,0.010448458877325718,0.0073326529276596325
207.01171874999994,0.01355496298169551,0.008063226932886034
207.0703125,0.011766909637451452,0.005910977450086098
207.12890625,0.009215480845473209,0.0030751286999462072
207.18749999999994,0.0092810738591909,0.0026740807516999693
207.24609375,0.008908271256700167,0.0038997347967314293
207.3046875,0.006374634678046415,0.0040293901859811505
207.36328124999994,0.005793213066096741,0.0031134791653522073
207.421875,0.008190358218019896,0.0021938727545363777
207.48046875,0.009753076902251655,0.002963632412738318
207.53906249999994,0.010616825631095266,0.003939030002088012
207.59765625,0.00958528014304728,0.0034250641454360727
207.65625,0.011336477157903445,0.0015240917595313235
207.71484374999994,0.010947325305811101,0.003519796550099656
207.7734375,0.0061937697696307,0.005942223504899549
207.83203125,0.006335139932296096,0.005194203732882801
207.89062499999994,0.0049072426663895035,0.004344324418214199
207.94921875,0.0010213000934805783,0.004780018049336701
208.0078125,0.0048555027469730245,0.0027902920549959832
208.06640624999994,0.009452751424487416,0.00014894308493196553
208.125,0.010060649701342001,0.0018783874828829275
208.18359375,0.012206000094248477,0.0026064943309159067
208.24218749999994,0.018152597497209523,0.0033373329706990204
208.30078125,0.01683455154193899,0.0031470575871936314
208.359375,0.010065784767352495,0.0014642351573292264
208.41796874999994,0.008828649077178554,0.00044542478483892685
208.4765625,0.008716725803646345,0.0012290360682648614
208.53515625,0.0068472307211346695,0.0009069554425732404
208.59374999999994,0.004532875323096313,0.0020250853506683154
208.65234375,0.002056327435538203,0.0035483487398036613
208.7109375,0.0018486250905219313,0.006750766471313365
208.76953124999994,0.004022425706699729,0.009415391587543894
208.828125,0.0017137511724349588,0.008586205826448074
208.88671875,0.0031355881054729853,0.0060450252396119135
208.94531249999994,0.004691088537838926,0.003817748220042183
209.00390625,0.006632071512390368,0.003390551601232501
209.0625,0.010186564875784003,0.0032472674437080064
209.12109374999994,0.013268422511967394,0.002822011261736856
209.1796875,0.011611665470504021,0.0017940317707378294
209.23828125,0.009685084994323157,0.00389434926896462
209.29687499999994,0.010445052676625948,0.006470154439405102
209.35546875,0.007665163424044388,0.005279062373712729
209.4140625,0.00280496910786043,0.003247760954866887
209.47265624999994,0.004346498683177987,0.0032049575412172893
209.53125,0.0042924132748884385,0.0036753479937064477
209.58984375,0.006503938382575764,0.004643360362511211
209.64843749999994,0.003642029077259753,0.004631050905583342
209.70703125,0.0025239486874721216,0.0031988250327600657
209.765625,0.0021868137335649446,0.004011592682150642
209.82421874999994,0.0049957224168731785,0.0027303502713275766
209.8828125,0.007463974368372679,0.0010401488316475506
209.94140625,0.008127096088427689,0.004084041682077979
209.99999999999994,0.00902095638614165,0.0043840849407419035
210.05859375,0.010159226194938246,0.001982133290119482
210.1171875,0.009769462666269196,0.0017119652410874148
210.17578124999994,0.012591819403721215,0.0015176037237504946
210.234375,0.016267978815256573,0.0020361809568532293
210.29296875,0.014661796756453906,0.003545836356344362
210.35156249999994,0.009294165689906384,0.0016176685664059621
210.41015625,0.005583601851904144,0.0015692128169600733
210.46875,0.0069541751923937415,0.0024392434732107672
210.52734374999994,0.0068203993401501515,0.005284792659511475
210.5859375,0.0023498749935775168,0.005992969544284113
210.64453125,0.007603445315433745,0.004709804910197793
210.70312499999994,0.00818760042889873,0.003272752492643146
210.76171875,0.00216135943486613,0.003874800582678176
210.8203125,0.0059685784517892766,0.0072360483302036736
210.87890624999994,0.009060421341223621,0.007843263908556681
210.9375,0.005373876295358821,0.005436686375411888
210.99609375,0.0011039749575403723,0.003484097454887456
211.05468749999994,0.004564832108110598,0.003238460161087703
211.11328125,0.005837472337501592,0.0021373704224909675
211.171875,0.0070582260953765946,0.0013510671635819545
211.23046874999994,0.011593455205835546,0.0014854454210490645
211.2890625,0.017532708241101036,0.0028687592067073637
211.34765625,0.018317125387281745,0.004132255003086302
211.40624999999994,0.010834094600128182,0.004426046769834752
211.46484375,0.003700669610432269,0.0034497106324891382
211.5234375,0.007729015221436769,0.004357413267221923
211.58203124999994,0.007318332176123284,0.004112480499144025
211.640625,0.0073606914529641574,0.002838945620529692
211.69921875,0.015152386703546857,0.004938414811720415
211.75781249999994,0.015804554025082764,0.006578166470260774
211.81640625,0.006795995063032947,0.005238464591201106
211.875,0.007901359270916232,0.0015350167107895584
211.93359374999994,0.016213007978131463,0.0020430037227658366
211.9921875,0.014951162801698257,0.0016386615141795512
212.05078125,0.005693157735182594,0.0017933629372181056
212.10937499999994,0.0031036208988122114,0.002721586147550559
212.16796875,0.003938447580608618,0.0033598895080105746
212.2265625,0.010199897087895884,0.005310562672711158
212.28515624999994,0.01638987598466354,0.005480701529858942
212.34375,0.01893912953987997,0.004691050075372274
212.40234375,0.015008323542708545,0.004140834476543668
212.46093749999994,0.008385240882491908,0.003542923534311924
212.51953125,0.006117881415131206,0.002410446639224192
212.578125,0.007977629128311018,0.001030115853455794
212.63671874999994,0.0065058671264482445,0.00013096961116265996
212.6953125,0.0013789427601663335,0.0006015893166206394
212.75390625,0.0028469184589982807,0.0017635381673179712
212.81249999999994,0.004467740769973514,0.0028666325743126895
212.87109375,0.002591745868726757,0.0035412847812444598
212.9296875,0.005402130090534577,0.0038329704830533996
212.98828124999994,0.01283950818862377,0.0036158918050870205
213.046875,0.014870212383750744,0.0035044053720709252
213.10546875,0.012420231933215186,0.0035815152932850013
213.16406249999994,0.012323208301898715,0.00273191610288285
213.22265625,0.010601304179267145,0.0012152867973208071
213.28125,0.00376816337883746,0.0025148999492902047
213.33984374999994,0.0021235203834683164,0.002360071111945939
213.3984375,0.0015878754097947557,0.001820242073938829
213.45703125,0.00326954528110066,0.0042478895551468325
213.51562499999994,0.0068223985768129086,0.005858502884671245
213.57421875,0.009563218141652802,0.005341964019759502
213.6328125,0.012148304286427429,0.003913784067409275
213.69140624999994,0.00691081242657405,0.004182333387021318
213.75,0.005553621530122843,0.005559707950495703
213.80859375,0.0104425028424982,0.006903869157940996
213.86718749999994,0.005105580234339069,0.006805277213015351
213.92578125,0.0019685330977106674,0.006246051063855117
213.984375,0.006040899381753775,0.005273544319632536
214.04296874999994,0.008368717119036041,0.003743433057209981
214.1015625,0.005472190428251317,0.0018347377498981186
214.16015625,0.004269449152228284,0.0018061941181290882
214.21874999999994,0.005173047325146109,0.0019772843151943014
214.27734375,0.008691406692283124,0.0026211369908585003
214.3359375,0.010192416638396557,0.003866817106778438
214.39453124999994,0.006401883861015218,0.003357019502025603
214.453125,0.0008521789398514787,0.0037111373580175416
214.51171875,0.0017994782862887067,0.0027795016927903288
214.57031249999994,0.003063819094119613,0.0007447794592305297
214.62890625,0.004897724814414192,0.001573593427026551
214.6875,0.008011152286065455,0.003514443732497327
214.74609374999994,0.014348154757541715,0.004790815566805067
214.8046875,0.016525600868905473,0.004565069442651354
214.86328125,0.013390789622896896,0.004554362919999823
214.92187499999994,0.00988638077587931,0.004311822605318194
214.98046875,0.007736417086598498,0.0016184915555253973
215.0390625,0.011120902403533464,0.001131289415323382
215.09765624999994,0.010437220750948023,0.0002679456384479523
215.15625,0.004126130989076797,0.0023841464473521555
215.21484375,0.007700889930974667,0.0018652195800435824
215.27343749999994,0.011086892242612343,0.0006552077869079081
215.33203125,0.011917278000689849,0.0005041955295275891
215.390625,0.014423046297746251,0.002053952678805754
215.44921874999994,0.017528388979566153,0.005166072741017517
215.5078125,0.018671717964563257,0.00725428043641697
215.56640625,0.015623103977352209,0.006231607626941559
215.62499999999994,0.007548826390799048,0.003311692745031974
215.68359375,0.0023008587649476875,0.0030480145107664534
215.7421875,0.006796165485719198,0.0037544213304230205
215.80078124999994,0.009217925087189778,0.0026197195604406023
215.859375,0.007238944808605609,0.0012674557508065257
215.91796875,0.005522651097552755,0.0016486778266832434
215.97656249999994,0.006896279916081982,0.002965205385653372
216.03515625,0.008205350908064318,0.0031163077602099475
216.09375,0.010669734309412635,0.0015591311960747847
216.15234374999994,0.01110229468983302,0.004427791576167239
216.2109375,0.0116370418729883,0.004192661144613826
216.26953125,0.011308223953627695,0.004596143462983679
216.32812499999994,0.012452209728542855,0.004146744981178907
216.38671875,0.014532138565160235,0.0007132466602620785
216.4453125,0.012709060097859784,0.0024956186972262236
216.50390624999994,0.010456402690340087,0.0037463615327694103
216.5625,0.006772778846067983,0.003571748622521874
216.62109375,0.0049170875182691426,0.0030230070794519718
216.67968749999994,0.008936573131119799,0.0020150277592834854
216.73828125,0.008488102227214602,0.0021720718056018567
216.796875,0.0034051749743733684,0.0046095348349912925
216.85546874999994,0.004507280178133696,0.0036738533357622
216.9140625,0.008265071813854762,0.00111879890887619
216.97265625,0.007799113504006803,0.005076367063092939
217.03124999999994,0.006986360441890751,0.005622855947485816
217.08984375,0.010131993325411141,0.0021425858943413018
217.1484375,0.011040506117227617,0.0026617229633935434
217.20703124999994,0.0069185899767722926,0.004382087262221333
217.265625,0.0021536652553879178,0.0035559061798979097
217.32421875,0.003956289905834945,0.003131020630719344
217.38281249999994,0.009553366893127533,0.001980814211090559
217.44140625,0.013268850499765044,0.002753484720407377
217.5,0.009789427667451661,0.003229160061458183
217.55859374999994,0.003251921328479615,0.0005257236953551003
217.6171875,0.0029648216870225832,0.004693752954271066
217.67578125,0.0025785572817746093,0.0051752806027354275
217.73437499999994,0.001190481752187126,0.003096562224156057
217.79296875,0.0016860797592635984,0.004040701484017703
217.8515625,0.007828532422552513,0.007096450396520384
217.91015624999994,0.01358355115623479,0.009096427264983529
217.96875,0.010359987657203919,0.00792485792374586
218.02734375,0.0024531333936111265,0.005066856606765383
218.08593749999994,0.0052756524094192585,0.005406332717699474
218.14453125,0.005986607142505494,0.0067029971279727605
218.203125,0.00477750207481282,0.004996644118529319
218.26171874999994,0.009537361578771972,0.0041648491356704
218.3203125,0.00933537126931519,0.00519008569173949
218.37890625,0.005448741740445731,0.004370589916782725
218.43749999999994,0.003554477385334822,0.0034227310463965654
218.49609375,0.0072643293834608325,0.004033783082241337
218.5546875,0.009608330181843875,0.004635756061628068
218.61328124999994,0.01307853286290791,0.003548678132425462
218.671875,0.012479392822114502,0.001943275969581744
218.73046875,0.004315367113481628,0.0039364581660311275
218.78906249999994,0.0041512514716882,0.006120084183642358
218.84765625,0.0029074382682176916,0.0054295274548072404
218.90625,0.006264533382467305,0.003946458921466538
218.96484374999994,0.004891031399253256,0.0030637672458893816
219.0234375,0.0031451190887005335,0.0025498989771468683
219.08203125,0.004835531101648132,0.0039036223282902373
219.14062499999994,0.005750169502159846,0.003956001725167435
219.19921875,0.005681401907695762,0.001509817780247553
219.2578125,0.004458227005982577,0.0011426630932740366
219.31640624999994,0.004480684399534306,0.0019235797862853286
219.375,0.003969505226222897,0.0007973523223638381
219.43359375,0.00404415092967189,0.001775532004452958
219.49218749999994,0.00929261114075427,0.00294825730277279
219.55078125,0.01478835004089644,0.002554700476111775
219.609375,0.011171093981954086,0.000914571457212493
219.66796874999994,0.0022315780418718633,0.002535309274105918
219.7265625,0.0030013797635347478,0.001602553660180324
219.78515625,0.004039474974083852,0.0007489689391752403
219.84374999999994,0.005801662913927738,0.0014862097831201367
219.90234375,0.004383625504498349,0.0017163135571097632
219.9609375,0.005721622253988304,0.0027864209523253704
220.01953124999994,0.011318638726699849,0.004578769591336854
220.078125,0.008843678153462731,0.0056914863896586065
220.13671875,0.007149440298900358,0.0056554958763228936
220.19531249999994,0.011420533018975425,0.004301176630254997
220.25390625,0.009179082783819301,0.002153674679724177
220.3125,0.007647369372786201,0.002659432776862087
220.37109374999994,0.009014801605162923,0.001708369910229371
220.4296875,0.007943782468084354,0.0005781448596158203
220.48828125,0.005156627639593055,0.0021530597152001583
220.54687499999994,0.002857538237556238,0.0034280540991840913
220.60546875,0.007464099149651542,0.005149361347684746
220.6640625,0.011555931526483825,0.005764941727084491
220.72265624999994,0.009978266305663733,0.005390415348500003
220.78125,0.008697142396728422,0.005964385884486798
220.83984375,0.010077774062098718,0.006813967500536462
220.89843749999994,0.007695491773673511,0.006729701662273859
220.95703125,0.0019325923641637431,0.005486749296633097
221.015625,0.004833130037983525,0.0030350115106440208
221.07421874999994,0.005017515864490014,0.0021910399479031784
221.1328125,0.007438263119568592,0.004101532579293323
221.19140625,0.005438624000535243,0.005113773853433307
221.24999999999994,0.005290092396668084,0.00529453095358141
221.30859375,0.011833112701904354,0.006429368196221194
221.3671875,0.007448715582718403,0.004806182432684343
221.42578124999994,0.0009969177364963942,0.0026835139759806993
221.484375,0.003453157691246207,0.003912650328417757
221.54296875,0.006204026875688062,0.003624607984428866
221.60156249999994,0.005687720479613258,0.0018955220460624017
221.66015625,0.0043292115068257475,0.003539165407295861
221.71875,0.008526500720491294,0.004841205279802523
221.77734374999994,0.009983047410639535,0.004560216679338605
221.8359375,0.012048195082047759,0.00383068130503469
221.89453125,0.015785192545286514,0.003781020711579475
221.95312499999994,0.01472761813107939,0.002842439489370592
222.01171875,0.008382501988802984,0.0009955139986188596
222.0703125,0.006243484622756533,0.0039366033909750955
222.12890624999994,0.00883515967296612,0.003965793361837357
222.1875,0.005376352830764694,0.003914917716445478
222.24609375,0.0014632949025692957,0.005127544216018112
222.30468749999994,0.003019488566599688,0.004561046588484923
222.36328125,0.006782334893340636,0.0034687577591766446
222.421875,0.011929471665162802,0.002659329476591977
222.48046874999994,0.012030298583614601,0.0011879440439585003
222.5390625,0.007244800860106327,0.003523991643176631
222.59765625,0.014417203665089121,0.006588981308712638
222.65624999999994,0.018034166329782025,0.006617539642549545
222.71484375,0.013389705870658927,0.0050272187628236644
222.7734375,0.00590122615327326,0.004239511626775754
222.83203124999994,0.008388948226036393,0.0012444423090483708
222.890625,0.012502599716587216,0.006863257767981412
222.94921875,0.01171458081692115,0.008347419907866608
223.00781249999994,0.006752129429479357,0.0032628790528793665
223.06640625,0.004229623278921241,0.004718405667297556
223.125,0.008074532749948585,0.006839557194171794
223.18359374999994,0.009597555768353971,0.006115914048288441
223.2421875,0.008944162568304711,0.004117246871847592
223.30078125,0.007124621700048147,0.0012254324811404606
223.35937499999994,0.0058641276364861895,0.001323896382343677
223.41796875,0.006914125977096193,0.0015798373070106623
223.4765625,0.007635320124925757,0.003872503913995982
223.53515624999994,0.00605250511890713,0.0038100970928111075
223.59375,0.005467709800415998,0.0020344168845906245
223.65234375,0.007196056990174221,0.00028687105272670246
223.71093749999994,0.01134792203654911,0.0022780982064479326
223.76953125,0.01676271943703101,0.004115643720871764
223.828125,0.017890801621430318,0.0025630627698354984
223.88671874999994,0.011790062428978645,0.0014579055547390017
223.9453125,0.0043178143263221825,0.0030565280919096906
224.00390625,0.0028491721377495133,0.0032269799549901404
224.06249999999994,0.003930590461814987,0.003907116748100299
224.12109375,0.0055489282409060675,0.0030216871301641302
224.1796875,0.004427592887424212,0.0012893066756401207
224.23828124999994,0.002328131637427846,0.0006831245295376096
224.296875,0.006388289126354743,0.0020263458929501857
224.35546875,0.007415536026040653,0.002387764803789712
224.41406249999994,0.006335789903352733,0.0023322513501333585
224.47265625,0.004932821972118219,0.0035169059235114005
224.53125,0.0047856778124162,0.004460382240302463
224.58984374999994,0.008231410598658867,0.004061554287632675
224.6484375,0.013104401730107948,0.0042615856371157
224.70703125,0.01206362251090283,0.0031899616226585127
224.76562499999994,0.003417894442164371,0.0012786459965303033
224.82421875,0.004256096312350616,0.0029809798110310114
224.8828125,0.004289478190970472,0.0020879050110647907
224.94140624999994,0.0033251085592522615,0.0018033939809459984
225.0,0.005379431009987827,0.004714562242390703
225.05859375,0.01059176705644055,0.006541692323382051
225.11718749999994,0.011028821065379436,0.007268567437643061
225.17578125,0.007097741427822164,0.006770701592068374
225.234375,0.008676950462569553,0.006403377385946608
225.29296874999994,0.00592307308601227,0.005863247787148311
225.3515625,0.003113646340295313,0.004906700848079521
225.41015625,0.009041851172305968,0.002939817726107921
225.46874999999994,0.015556276139969431,0.0032821989853764263
225.52734375,0.018436750012746236,0.0059642879632056485
225.5859375,0.012533076880258856,0.00449581530330041
225.64453124999994,0.004432519121680771,0.002929463593077757
225.703125,0.0030127754077692234,0.0023608403217001512
225.76171875,0.004785460580563164,0.0008234735617398835
225.82031249999994,0.004774470488632401,0.0005627786625040722
225.87890625,0.006663815077797096,0.00300465088598151
225.9375,0.009019122661579164,0.0026894284442992864
225.99609374999994,0.012643210727406503,0.00281139091969248
226.0546875,0.011290376118929949,0.002605389346479028
226.11328125,0.003940568943113393,0.003809360782468724
226.17187499999994,0.00042190143508772683,0.004582597559511083
226.23046875,0.004194409994985358,0.0015018052050067726
226.2890625,0.0069410996047830995,0.003327158917987755
226.34765624999994,0.003517598465391462,0.004364067032744366
226.40625,0.0028246577705948834,0.0025461809568158565
226.46484375,0.00589984883352224,0.00026409625617996815
226.52343749999994,0.008346260432084838,0.0013995744021701188
226.58203125,0.008101487209177263,0.0007663405469746158
226.640625,0.005008286398056684,0.0025531906720915407
226.69921874999994,0.00170893790312671,0.002807016732461285
226.7578125,0.003177649514946686,0.0029568030107119075
226.81640625,0.0059927931129546965,0.0020452130117651996
226.87499999999994,0.005312183835319176,0.0017179470878083318
226.93359375,0.003551572543343962,0.002118328118216996
226.9921875,0.0004526363177124712,0.00181050998444606
227.05078124999994,0.007750131896812864,0.0025500558579831974
227.109375,0.014357652585465577,0.003045606051917859
227.16796875,0.01348222894156673,0.004044760804066985
227.22656249999994,0.005625173579372771,0.004999505276395303
227.28515625,0.0073445820112613795,0.005606489441566098
227.34375,0.014595534390281748,0.005597796173712612
227.40234374999994,0.014227498898256481,0.004015170355525212
227.4609375,0.009198035424677366,0.0025541781889029504
227.51953125,0.010004049292361605,0.004793614724255135
227.57812499999994,0.007837681455909865,0.0045581056991388135
227.63671875,0.0017328938370136013,0.003352710744564171
227.6953125,0.00904950470527271,0.0038446346140607857
227.75390624999994,0.008170095141699021,0.0031350497906551494
227.8125,0.006072763466894889,0.0018883196527287535
227.87109375,0.007401416740480751,0.0024680957907202853
227.92968749999994,0.008109198685104771,0.002753436162583327
227.98828125,0.0098144358748174,0.002326060725977347
228.046875,0.0068404492274665545,0.0019424674960063747
228.10546874999994,0.0006686314172259128,0.00033265777085801884
228.1640625,0.005687694336365414,0.003707310254188802
228.22265625,0.010611189006389934,0.006364488216039829
228.28124999999994,0.006977522048864663,0.004976992252200112
228.33984375,0.004752041266885554,0.0026073680884754714
228.3984375,0.009669115575081233,0.004354004975708261
228.45703124999994,0.01190905062300547,0.005213530543568414
228.515625,0.018194895651660575,0.004716537420435852
228.57421875,0.022136936414759622,0.003668334816089187
228.63281249999994,0.015680508633872152,0.00209533549429134
228.69140625,0.005747267812324447,0.0026981269218328764
228.75,0.0032554436520943115,0.003365002926588261
228.80859374999994,0.0019132856177627585,0.002083286591570972
228.8671875,0.0008963567435895878,0.000864719973667226
228.92578125,0.005337231394477529,0.0030272253024855914
228.98437499999994,0.01162582407241095,0.0031027884011742214
229.04296875,0.014909491955781031,0.0025074427211117063
229.1015625,0.014419693698642391,0.003060057868949795
229.16015624999994,0.010808084367322944,0.0018593555323236852
229.21875,0.00603583809626038,0.0031348810996211377
229.27734375,0.004295563258309358,0.004492798148883038
229.33593749999994,0.0036937621073468625,0.0031588864191473926
229.39453125,0.0028511506732839726,0.00213447370960023
229.453125,0.003670651311139735,0.0018174286698139405
229.51171874999994,0.00591069647763923,0.0008661692263273143
229.5703125,0.006256057622216345,0.0014197475971397364
229.62890625,0.005882913057111303,0.0025142938954467405
229.68749999999994,0.007393436988459675,0.006861243970920242
229.74609375,0.007601809345295646,0.006399187975909319
229.8046875,0.0061774694124084525,0.0016134478237589218
229.86328124999994,0.008776635729596544,0.003130378571960571
229.921875,0.00645853330859028,0.001845224519232025
229.98046875,0.0004767447677290609,0.0026942579895195655
230.03906249999994,0.0041176337713955,0.0040314536955666285
230.09765625,0.008111960369973695,0.00204654121752449
230.15625,0.011304967532052972,0.001714259866163638
230.21484374999994,0.013346654583268619,0.002151107185588555
230.2734375,0.01233051429250327,0.0055558532926466885
230.33203125,0.00914678817311849,0.004636975388770699
230.39062499999994,0.006055792585422759,0.0005760789969701755
230.44921875,0.0027321159073561327,0.002748284836725283
230.5078125,0.002604779725522525,0.002096052201077595
230.56640624999994,0.007580401738084738,0.0045795378807497724
230.625,0.010973800705956114,0.007951670744985607
230.68359375,0.010370423658610793,0.007467911545839467
230.74218749999994,0.00841443065640869,0.004601034406371468
230.80078125,0.006371444926268566,0.00117784090214888
230.859375,0.008847985468888202,0.0022425668790227267
230.91796874999994,0.013873998823998096,0.002780755314158671
230.9765625,0.009630669652174738,0.0015318474195501902
231.03515625,0.003162556859578936,0.0030663309183283525
231.09374999999994,0.003911620245270097,0.0015266106820727113
231.15234375,0.009811460452036683,0.0035251128303428556
231.2109375,0.013160214081370797,0.00515145185642666
231.26953124999994,0.011982005803461896,0.004626414710326678
231.328125,0.010148123020078934,0.00400787856368174
231.38671875,0.008913737417764144,0.004551540808752619
231.44531249999994,0.007149878071079456,0.005265810123443046
231.50390625,0.007143267350209915,0.004323928145168264
231.5625,0.008849961437813341,0.0028920464251510234
231.62109374999994,0.009462097519501354,0.004441926147852229
231.6796875,0.009101906325405593,0.006069681527490983
231.73828125,0.007378376402315503,0.003942569248099128
231.79687499999994,0.009104359954059147,0.0008920314168464908
231.85546875,0.009975085880634157,0.00035260615897097814
231.9140625,0.008521741351889767,0.0037665592057039466
231.97265624999994,0.009979781675457718,0.0060951632363647704
232.03125,0.010935674710161249,0.004935072370495489
232.08984375,0.006517847452194587,0.0035166125247820196
232.14843749999994,0.002178681266689636,0.0017060755903088357
232.20703125,0.0034787431386101232,0.0017865743074871193
232.265625,0.006097061924984471,0.0029338738372496473
232.32421874999994,0.008243758509563683,0.0031986152232530403
232.3828125,0.007907907737748701,0.002756745419165273
232.44140625,0.006521397464539709,0.0037057123378579876
232.49999999999994,0.002463666819683473,0.00341797728936707
232.55859375,0.003370652749802541,8.973687458194394e-05
232.6171875,0.006286354756168845,0.0022983593647769
232.67578124999994,0.008480794060464801,0.0028563610998561667
232.734375,0.011020973465564894,0.004575814928246049
232.79296875,0.011023940599045386,0.0035116449247949034
232.85156249999994,0.009036209213828934,0.002720545734783603
232.91015625,0.006054630096412725,0.002599700735715335
232.96875,0.006170422966621036,0.004106809141055291
233.02734374999994,0.003841169301964513,0.0010181289250683755
233.0859375,0.003980684565354691,0.004999693470374841
233.14453125,0.006391853927764075,0.00776395784664298
233.20312499999994,0.004933153204496376,0.006283085671626438
233.26171875,0.006623642051124341,0.0024938835445246065
233.3203125,0.008230722507124198,0.0013222158762133593
233.37890624999994,0.007898698305821841,0.0024607038741433266
233.4375,0.005552465858526753,0.0025596412961263614
233.49609375,0.005735839945992732,0.006559922135370005
233.55468749999994,0.006675754638587201,0.006682243992330123
233.61328125,0.0031705788665087006,0.0020927361642068473
233.671875,0.008352719732073095,0.0029050398162333477
233.73046874999994,0.009776943208882493,0.0023269881765852467
233.7890625,0.006470761336283955,0.0009272452141686611
233.84765625,0.004415650522218538,0.001694604239366193
233.90624999999994,0.005118133422189074,0.0014724585801963192
233.96484375,0.004093189548966765,0.001367517282097234
234.0234375,0.002468880257178444,0.004295056974428313
234.08203124999994,0.006367816307052157,0.004180103102621555
234.140625,0.005312755519472725,0.001661885339388478
234.19921875,0.0015216709466413067,0.0007410293038044948
234.25781249999994,0.005904931730056215,0.0018128261831295547
234.31640625,0.012110628355063545,0.0026001472760349698
234.375,0.014546703452963794,0.0030226850062121512
234.43359374999994,0.017196611103898116,0.004539113288570323
234.4921875,0.016917889470604363,0.003695941939462869
234.55078125,0.009942592182271713,0.0011151899059455425
234.60937499999994,0.006746967864933953,0.001626341161375864
234.66796875,0.012515613422214642,0.0013867906796311048
234.7265625,0.014562757720264335,0.002051504873347031
234.78515624999994,0.009318510425260261,0.004742835393684333
234.84375,0.0066942997760536605,0.006871221278368682
234.90234375,0.011621198808901374,0.004050661271518102
234.96093749999994,0.01783767163808728,0.0024513626117163637
235.01953125,0.017062530323978146,0.0039921810213218315
235.078125,0.008751275242134555,0.0029764725504667464
235.13671874999994,0.0007185532186495534,0.0030117514735802857
235.1953125,0.005387877529762359,0.0023966577018151407
235.25390625,0.008984794157551339,0.002079749273799301
235.31249999999994,0.006945801995871601,0.0034013656571056402
235.37109375,0.0024758860149124494,0.003978682472119567
235.4296875,0.002185572738377349,0.0027572372698354093
235.48828124999994,0.0021197343884629552,0.0024581160239836642
235.546875,0.0041016052129918485,0.002919871812307835
235.60546875,0.007542185621451447,0.00504516902811673
235.66406249999994,0.007703764095611086,0.00529069012710488
235.72265625,0.00311747209818554,0.0032311944590032813
235.78125,0.004010963033452434,0.0036281701477018933
235.83984374999994,0.005055326529268191,0.005141349829468376
235.8984375,0.0023814180278041237,0.005656759120822075
235.95703125,0.00047947965123969926,0.004376049014711685
236.01562499999994,0.002850816896677699,0.0010563997853962023
236.07421875,0.006457749450287264,0.002205459636126406
236.1328125,0.004841999955694,0.0007410767020839422
236.19140624999994,0.0014544301795020793,0.0037504793180104406
236.25,0.0014303355241435205,0.005551446103200849
236.30859375,0.005863683958102914,0.004387002550026331
236.36718749999994,0.0047645300102186275,0.002392195302334523
236.42578125,0.0035535955891290508,0.002179131044120313
236.484375,0.010065940470940126,0.002975719792956497
236.54296874999994,0.00936456500600311,0.0032086287687390397
236.6015625,0.002879631574392931,0.0021431483169078486
236.66015625,0.0034978518246072134,0.0033517561605241174
236.71874999999994,0.003514620878527355,0.003976244034948231
236.77734375,0.0023166712555681875,0.0017945607006305446
236.8359375,0.006225315073485594,0.001272758230750912
236.89453124999994,0.005392103819934314,0.002430378587152044
236.953125,0.0028090962887430356,0.0022268559025839323
237.01171875,0.002899991335460528,0.0011549871585617127
237.07031249999994,0.0017241358907123573,0.004774014811536115
237.12890625,0.007069994014514989,0.0020764826454952685
237.1875,0.012685598061249541,0.005301139466888072
237.24609374999994,0.011728975999664593,0.007966359078292908
237.3046875,0.00570838524347262,0.003514391658662216
237.36328125,0.004415129901604678,0.0009886673771405813
237.42187499999994,0.005410837901889937,0.0023333049624395005
237.48046875,0.005452999697395006,0.002954554318889176
237.5390625,0.008298906250169779,0.004404229488731495
237.59765624999994,0.009319546719452357,0.0030374866378209
237.65625,0.008269855258155807,0.0012681419053426955
237.71484375,0.008201239980602815,0.003023092939908952
237.77343749999994,0.011704832786974635,0.002905733748890002
237.83203125,0.012497088840581294,0.0038447845921574047
237.890625,0.00728616389348378,0.0023322734042238017
237.94921874999994,0.006303381188789836,0.005363634699432277
238.0078125,0.009474113740486841,0.006486160516949141
238.06640625,0.012186658641794393,0.003289274650133902
238.12499999999994,0.010423182117838853,0.0015959289995107553
238.18359375,0.004389156888174024,0.004553375064184995
238.2421875,0.005283155982378056,0.005133070242305487
238.30078124999994,0.011765616304219868,0.0053930721252199686
238.359375,0.01667591893258844,0.006427219649640977
238.41796875,0.015354733355894655,0.003904425100296621
238.47656249999994,0.009070588962546542,0.00288739678898266
238.53515625,0.005556183511293522,0.0027386623020009405
238.59375,0.009700828761705792,0.002192551205492535
238.65234374999994,0.00707733749002597,0.0034028794498360934
238.7109375,0.0026831122960098036,0.0031911680516552026
238.76953125,0.007220749989833174,0.0021435602615029756
238.82812499999994,0.006506853380915372,0.00392045086432254
238.88671875,0.005972027551347384,0.0024922193163807874
238.9453125,0.009796491409852153,0.004092421697175473
239.00390624999994,0.010962908054624514,0.005316077794463671
239.0625,0.00842649476414684,0.0022541631813182907
239.12109375,0.011615009023374125,0.0027643243041493805
239.17968749999994,0.00977028057865587,0.005316855760459076
239.23828125,0.004811822040650547,0.0035563173106738398
239.296875,0.002250261368884868,0.0009939919490060272
239.35546874999994,0.0012882057871047043,0.001984425724158993
239.4140625,0.00289317655812767,0.0011183432589988939
239.47265625,0.0036441088943142724,0.0029417734386644255
239.53124999999994,0.004525380735564516,0.002626982064357092
239.58984375,0.006406161734276097,0.0021280528906683707
239.6484375,0.005213062318046352,0.0015184751211889936
239.70703124999994,0.008213241673719684,0.0021051784811460146
239.765625,0.010210074845154118,0.003267133245892905
239.82421875,0.007935423854031579,0.0018098987050941702
239.88281249999994,0.004680630408547169,0.0006009435363545518
239.94140625,0.0033294595641535584,0.0014093349648164652
240.0,0.002624695319866082,0.0013214948754537996
