Battery Capacity,PV1 Charging Power,AC Output Active Power,Today generation,Date,Time
95,0,0,0,2025-11-19,00:02:37
95,0,0,0,2025-11-19,00:07:31
95,0,0,0,2025-11-19,00:12:23
95,0,0,0,2025-11-19,00:17:14
95,0,0,0,2025-11-19,00:22:06
95,0,0,0,2025-11-19,00:24:50
94,0,0,0,2025-11-19,00:29:42
94,0,0,0,2025-11-19,00:34:37
94,0,0,0,2025-11-19,00:39:29
94,0,0,0,2025-11-19,00:44:21
94,0,0,0,2025-11-19,00:49:13
94,0,0,0,2025-11-19,00:54:08
94,0,0,0,2025-11-19,00:58:58
94,0,0,0,2025-11-19,01:03:50
94,0,0,0,2025-11-19,01:08:43
94,0,0,0,2025-11-19,01:13:34
94,0,0,0,2025-11-19,01:18:25
94,0,0,0,2025-11-19,01:23:17
94,0,0,0,2025-11-19,01:28:09
94,0,0,0,2025-11-19,01:33:02
94,0,0,0,2025-11-19,01:37:54
94,0,0,0,2025-11-19,01:42:46
94,0,0,0,2025-11-19,01:47:38
94,0,0,0,2025-11-19,01:52:31
93,0,0,0,2025-11-19,01:57:27
93,0,0,0,2025-11-19,02:02:23
93,0,59,0,2025-11-19,02:07:17
93,0,63,0,2025-11-19,02:12:08
93,0,62,0,2025-11-19,02:17:05
93,0,49,0,2025-11-19,02:21:57
93,0,0,0,2025-11-19,02:26:51
93,0,0,0,2025-11-19,02:31:44
93,0,0,0,2025-11-19,02:36:37
93,0,0,0,2025-11-19,02:41:28
93,0,0,0,2025-11-19,02:46:21
93,0,0,0,2025-11-19,02:51:13
93,0,0,0,2025-11-19,02:56:06
93,0,0,0,2025-11-19,03:00:57
93,0,0,0,2025-11-19,03:05:49
92,0,0,0,2025-11-19,03:10:44
92,0,0,0,2025-11-19,03:15:37
92,0,0,0,2025-11-19,03:20:28
92,0,0,0,2025-11-19,03:25:20
92,0,0,0,2025-11-19,03:30:11
92,0,0,0,2025-11-19,03:35:04
92,0,0,0,2025-11-19,03:39:57
92,0,0,0,2025-11-19,03:44:53
92,0,0,0,2025-11-19,03:49:44
92,0,0,0,2025-11-19,03:54:34
92,0,0,0,2025-11-19,03:59:28
92,0,0,0,2025-11-19,04:04:21
92,0,0,0,2025-11-19,04:09:12
92,0,0,0,2025-11-19,04:14:04
92,0,0,0,2025-11-19,04:18:57
92,0,0,0,2025-11-19,04:23:48
92,0,0,0,2025-11-19,04:25:20
92,0,0,0,2025-11-19,04:30:13
92,0,0,0,2025-11-19,04:35:08
91,0,0,0,2025-11-19,04:40:06
91,0,0,0,2025-11-19,04:45:04
91,0,0,0,2025-11-19,04:49:59
91,0,0,0,2025-11-19,04:54:55
91,0,0,0,2025-11-19,04:59:52
91,0,0,0,2025-11-19,05:04:46
91,0,0,0,2025-11-19,05:09:45
91,0,0,0,2025-11-19,05:14:40
91,0,0,0,2025-11-19,05:19:33
91,0,0,0,2025-11-19,05:24:26
91,0,0,0,2025-11-19,05:29:24
91,0,0,0,2025-11-19,05:34:19
91,0,55,0,2025-11-19,05:39:14
91,0,50,0,2025-11-19,05:44:10
91,0,46,0,2025-11-19,05:49:05
90,0,65,0,2025-11-19,05:53:59
90,0,66,0,2025-11-19,05:58:57
90,0,0,0,2025-11-19,06:03:53
90,0,0,0,2025-11-19,06:08:48
90,0,0,0,2025-11-19,06:13:42
90,0,0,0,2025-11-19,06:18:38
90,0,0,0,2025-11-19,06:23:32
90,0,0,0,2025-11-19,06:28:29
90,0,0,0,2025-11-19,06:33:24
90,0,0,0,2025-11-19,06:38:18
90,0,0,0,2025-11-19,06:43:12
90,0,0,0,2025-11-19,06:48:09
90,0,0,0,2025-11-19,06:53:05
90,0,0,0,2025-11-19,06:58:01
90,0,0,0,2025-11-19,07:03:00
90,0,0,0,2025-11-19,07:07:52
90,0,0,0,2025-11-19,07:12:50
89,0,0,0,2025-11-19,07:17:48
89,0,0,0,2025-11-19,07:22:49
89,0,0,0,2025-11-19,07:27:43
89,0,0,0,2025-11-19,07:32:41
89,0,0,0,2025-11-19,07:37:41
89,0,0,0,2025-11-19,07:42:37
89,0,0,0,2025-11-19,07:47:33
89,0,0,0,2025-11-19,07:52:29
89,0,0,0,2025-11-19,07:57:27
89,0,0,0,2025-11-19,08:02:23
89,0,0,0,2025-11-19,08:07:18
89,0,0,0,2025-11-19,08:12:13
89,0,0,0,2025-11-19,08:17:15
89,0,0,0,2025-11-19,08:22:12
89,0,0,0,2025-11-19,08:26:59
89,0,0,0,2025-11-19,08:31:54
89,0,0,0,2025-11-19,08:36:45
89,0,0,0,2025-11-19,08:41:40
89,0,0,0,2025-11-19,08:46:39
89,0,0,0,2025-11-19,08:51:32
89,0,0,0,2025-11-19,08:56:25
89,0,0,0,2025-11-19,09:01:16
89,553,72,0,2025-11-19,09:06:10
89,695,62,0,2025-11-19,09:11:02
89,740,58,89,2025-11-19,09:15:54
90,790,68,89,2025-11-19,09:20:48
91,866,57,89,2025-11-19,09:27:04
91,943,15,325,2025-11-19,09:31:57
92,1019,0,389,2025-11-19,09:36:51
92,1068,0,463,2025-11-19,09:41:42
92,1144,0,538,2025-11-19,09:46:33
92,1276,0,614,2025-11-19,09:51:26
92,1338,0,703,2025-11-19,09:56:16
92,1444,11,798,2025-11-19,10:01:07
93,1574,40,894,2025-11-19,10:05:59
97,1623,5,1000,2025-11-19,10:10:50
99,411,4,1048,2025-11-19,10:15:42
100,2,11,1051,2025-11-19,10:20:34
100,2,4,1051,2025-11-19,10:25:27
100,3,15,1051,2025-11-19,10:28:13
100,7,22,1051,2025-11-19,10:33:06
100,3,24,1051,2025-11-19,10:38:00
100,1,12,1051,2025-11-19,10:42:52
100,6,10,1051,2025-11-19,10:48:00
100,2,17,1051,2025-11-19,10:52:59
100,1,24,1051,2025-11-19,10:57:57
100,18,55,1051,2025-11-19,11:02:58
100,3,72,1051,2025-11-19,11:08:02
100,7,72,1051,2025-11-19,11:13:00
100,28,60,1051,2025-11-19,11:17:56
100,31,64,1056,2025-11-19,11:22:57
100,11,73,1056,2025-11-19,11:28:12
100,13,73,1056,2025-11-19,11:33:04
100,3,60,1056,2025-11-19,11:37:57
100,2,64,1056,2025-11-19,11:42:53
100,530,55,1056,2025-11-19,11:47:48
100,522,60,1056,2025-11-19,11:52:39
100,4,57,1056,2025-11-19,11:57:29
100,3,53,1056,2025-11-19,12:02:20
100,6,54,1056,2025-11-19,12:07:11
100,7,69,1056,2025-11-19,12:12:05
100,6,54,1056,2025-11-19,12:17:01
100,6,74,1056,2025-11-19,12:21:54
100,3,46,1122,2025-11-19,12:26:47
100,37,46,1122,2025-11-19,12:31:39
100,11,89,1122,2025-11-19,12:36:31
100,1,6,1123,2025-11-19,12:41:25
100,3,1,1123,2025-11-19,12:46:23
100,4,0,1123,2025-11-19,12:51:15
100,2,0,1123,2025-11-19,12:56:08
100,3,8,1123,2025-11-19,13:00:59
100,3,16,1123,2025-11-19,13:05:51
100,1,12,1123,2025-11-19,13:10:42
100,4,6,1123,2025-11-19,13:15:36
100,430,10,1127,2025-11-19,13:20:28
100,7,13,1148,2025-11-19,13:25:20
100,4,0,1148,2025-11-19,13:30:11
100,1,16,1148,2025-11-19,13:35:05
100,2,9,1148,2025-11-19,13:39:57
100,4,13,1148,2025-11-19,13:44:50
100,1,11,1148,2025-11-19,13:49:40
100,13,83,1148,2025-11-19,13:54:32
100,8,75,1148,2025-11-19,13:59:24
100,8,62,1148,2025-11-19,14:04:19
100,8,65,1148,2025-11-19,14:09:13
100,7,69,1148,2025-11-19,14:14:06
100,3,9,1151,2025-11-19,14:18:58
100,1,0,1151,2025-11-19,14:23:49
100,5,0,1151,2025-11-19,14:29:26
100,3,19,1151,2025-11-19,14:34:20
100,2,1,1151,2025-11-19,14:39:10
100,4,9,1151,2025-11-19,14:44:02
100,2,8,1151,2025-11-19,14:48:52
100,438,14,1156,2025-11-19,14:53:43
100,9,3,1174,2025-11-19,14:58:33
100,3,6,1174,2025-11-19,15:03:23
100,1,14,1174,2025-11-19,15:08:14
100,2,0,1174,2025-11-19,15:13:04
100,2,13,1174,2025-11-19,15:17:55
100,5,20,1174,2025-11-19,15:22:47
100,1,0,1174,2025-11-19,15:27:38
100,3,0,1174,2025-11-19,15:32:28
100,12,65,1174,2025-11-19,15:37:19
100,11,71,1174,2025-11-19,15:42:10
100,12,71,1174,2025-11-19,15:47:01
100,14,69,1174,2025-11-19,15:51:50
100,8,72,1174,2025-11-19,15:56:42
100,4,35,1177,2025-11-19,16:01:34
100,8,12,1177,2025-11-19,16:06:24
100,8,5,1177,2025-11-19,16:11:13
100,3,14,1177,2025-11-19,16:16:04
100,2,3,1177,2025-11-19,16:20:54
100,4,22,1177,2025-11-19,16:25:44
100,412,18,1199,2025-11-19,16:30:35
100,2,21,1202,2025-11-19,16:35:26
100,2,1,1202,2025-11-19,16:40:16
100,5,5,1202,2025-11-19,16:45:06
100,3,32,1202,2025-11-19,16:49:57
100,2,14,1202,2025-11-19,16:54:48
100,1,28,1202,2025-11-19,16:59:38
100,1,0,1202,2025-11-19,17:04:28
100,7,0,1202,2025-11-19,17:09:18
100,1,9,1202,2025-11-19,17:14:11
100,1,0,1202,2025-11-19,17:19:01
100,1,70,1202,2025-11-19,17:23:53
100,3,66,1202,2025-11-19,17:29:42
100,0,78,1202,2025-11-19,17:34:35
100,0,22,1202,2025-11-19,17:39:26
100,0,0,1202,2025-11-19,17:44:19
100,0,0,1202,2025-11-19,17:49:13
100,0,0,1202,2025-11-19,17:54:05
100,0,0,1202,2025-11-19,17:58:57
100,0,0,1202,2025-11-19,18:03:47
100,0,0,1202,2025-11-19,18:08:41
99,0,0,1202,2025-11-19,18:13:33
99,0,20,1202,2025-11-19,18:18:27
99,0,0,1202,2025-11-19,18:23:17
99,0,67,1202,2025-11-19,18:28:09
99,0,64,1202,2025-11-19,18:33:03
99,0,69,1202,2025-11-19,18:37:55
99,0,52,1202,2025-11-19,18:42:47
99,0,0,1202,2025-11-19,18:47:40
99,0,0,1202,2025-11-19,18:52:32
99,0,0,1202,2025-11-19,18:57:24
99,0,0,1202,2025-11-19,19:02:15
99,0,0,1202,2025-11-19,19:07:06
99,0,0,1202,2025-11-19,19:11:58
99,0,0,1202,2025-11-19,19:16:50
99,0,90,1202,2025-11-19,19:21:42
98,0,58,1202,2025-11-19,19:26:35
98,0,49,1202,2025-11-19,19:30:51
98,0,56,1202,2025-11-19,19:35:43
98,0,47,1202,2025-11-19,19:40:35
98,0,65,1202,2025-11-19,19:45:29
98,0,0,1202,2025-11-19,19:50:22
98,0,0,1202,2025-11-19,19:55:17
98,0,0,1202,2025-11-19,20:00:07
98,0,0,1202,2025-11-19,20:05:00
98,0,0,1202,2025-11-19,20:09:56
98,0,0,1202,2025-11-19,20:14:47
98,0,0,1202,2025-11-19,20:19:37
98,0,0,1202,2025-11-19,20:24:31
98,0,0,1202,2025-11-19,20:29:24
98,0,0,1202,2025-11-19,20:31:59
97,0,66,1202,2025-11-19,20:36:55
97,0,32,1202,2025-11-19,20:41:49
97,0,50,1202,2025-11-19,20:46:45
97,0,0,1202,2025-11-19,20:51:45
97,0,0,1202,2025-11-19,20:56:39
97,0,0,1202,2025-11-19,21:01:38
97,0,0,1202,2025-11-19,21:06:35
97,0,0,1202,2025-11-19,21:11:33
97,0,0,1202,2025-11-19,21:16:32
97,0,0,1202,2025-11-19,21:21:26
97,0,0,1202,2025-11-19,21:26:23
97,0,0,1202,2025-11-19,21:31:16
97,0,0,1202,2025-11-19,21:36:12
97,0,0,1202,2025-11-19,21:41:07
97,0,66,1202,2025-11-19,21:46:02
96,0,57,1202,2025-11-19,21:50:59
96,0,68,1202,2025-11-19,21:55:59
96,0,38,1202,2025-11-19,22:00:52
96,0,0,1202,2025-11-19,22:05:50
96,0,0,1202,2025-11-19,22:10:47
96,0,0,1202,2025-11-19,22:15:45
96,0,0,1202,2025-11-19,22:20:43
96,0,0,1202,2025-11-19,22:25:38
96,0,0,1202,2025-11-19,22:30:34
96,0,0,1202,2025-11-19,22:35:28
96,0,0,1202,2025-11-19,22:40:25
96,0,0,1202,2025-11-19,22:45:21
96,0,0,1202,2025-11-19,22:50:17
96,0,0,1202,2025-11-19,22:55:13
96,0,0,1202,2025-11-19,23:00:06
95,0,68,1202,2025-11-19,23:05:01
95,0,56,1202,2025-11-19,23:09:56
95,0,43,1202,2025-11-19,23:14:52
95,0,0,1202,2025-11-19,23:19:47
95,0,0,1202,2025-11-19,23:24:42
95,0,0,1202,2025-11-19,23:29:39
95,0,0,1202,2025-11-19,23:33:12
95,0,0,1202,2025-11-19,23:38:08
95,0,0,1202,2025-11-19,23:43:03
95,0,0,1202,2025-11-19,23:48:01
95,0,0,1202,2025-11-19,23:52:58
95,0,0,1202,2025-11-19,23:57:54
95,0,0,0,2025-11-20,00:02:50
95,0,0,0,2025-11-20,00:07:45
95,0,0,0,2025-11-20,00:12:40
95,0,0,0,2025-11-20,00:17:36
94,0,0,0,2025-11-20,00:22:33
94,0,0,0,2025-11-20,00:27:28
94,0,972,0,2025-11-20,00:32:21
94,0,59,0,2025-11-20,00:34:19
94,0,67,0,2025-11-20,00:39:13
94,0,61,0,2025-11-20,00:44:08
94,0,66,0,2025-11-20,00:49:07
94,0,0,0,2025-11-20,00:54:04
94,0,0,0,2025-11-20,00:58:58
94,0,0,0,2025-11-20,01:03:52
94,0,0,0,2025-11-20,01:08:49
94,0,0,0,2025-11-20,01:13:43
94,0,0,0,2025-11-20,01:18:39
94,0,0,0,2025-11-20,01:23:37
94,0,0,0,2025-11-20,01:28:33
94,0,0,0,2025-11-20,01:33:28
93,0,0,0,2025-11-20,01:38:23
93,0,0,0,2025-11-20,01:43:16
93,0,0,0,2025-11-20,01:48:11
93,0,0,0,2025-11-20,01:53:09
93,0,0,0,2025-11-20,01:58:04
93,0,0,0,2025-11-20,02:02:59
93,0,0,0,2025-11-20,02:07:55
93,0,0,0,2025-11-20,02:12:51
93,0,0,0,2025-11-20,02:17:44
93,0,0,0,2025-11-20,02:22:40
93,0,0,0,2025-11-20,02:27:36
93,0,0,0,2025-11-20,02:32:31
93,0,59,0,2025-11-20,02:35:32
93,0,64,0,2025-11-20,02:40:23
93,0,70,0,2025-11-20,02:45:14
93,0,47,0,2025-11-20,02:50:06
92,0,0,0,2025-11-20,02:55:00
92,0,0,0,2025-11-20,02:59:54
92,0,0,0,2025-11-20,03:04:46
92,0,0,0,2025-11-20,03:09:38
92,0,0,0,2025-11-20,03:14:30
92,0,0,0,2025-11-20,03:19:21
92,0,0,0,2025-11-20,03:24:14
92,0,0,0,2025-11-20,03:29:07
92,0,0,0,2025-11-20,03:33:59
92,0,0,0,2025-11-20,03:36:34
92,0,0,0,2025-11-20,03:41:27
92,0,0,0,2025-11-20,03:46:20
92,0,0,0,2025-11-20,03:51:14
92,0,0,0,2025-11-20,03:56:07
92,0,0,0,2025-11-20,04:00:59
92,0,0,0,2025-11-20,04:05:53
92,0,0,0,2025-11-20,04:10:47
92,0,0,0,2025-11-20,04:15:40
92,0,0,0,2025-11-20,04:20:32
91,0,0,0,2025-11-20,04:25:25
91,0,0,0,2025-11-20,04:30:19
91,0,0,0,2025-11-20,04:35:13
91,0,0,0,2025-11-20,04:37:38
91,0,0,0,2025-11-20,04:42:30
91,0,0,0,2025-11-20,04:47:20
91,0,0,0,2025-11-20,04:52:12
91,0,0,0,2025-11-20,04:57:05
91,0,62,0,2025-11-20,05:01:55
91,0,55,0,2025-11-20,05:06:48
91,0,60,0,2025-11-20,05:11:40
91,0,59,0,2025-11-20,05:16:33
91,0,0,0,2025-11-20,05:21:25
91,0,0,0,2025-11-20,05:26:17
91,0,0,0,2025-11-20,05:31:08
91,0,0,0,2025-11-20,05:35:59
90,0,0,0,2025-11-20,05:40:52
90,0,0,0,2025-11-20,05:45:44
90,0,0,0,2025-11-20,05:50:35
90,0,0,0,2025-11-20,05:55:25
90,0,0,0,2025-11-20,06:00:18
90,0,0,0,2025-11-20,06:05:08
90,0,0,0,2025-11-20,06:10:00
90,0,0,0,2025-11-20,06:14:50
90,0,0,0,2025-11-20,06:19:43
90,0,0,0,2025-11-20,06:24:34
90,0,0,0,2025-11-20,06:29:28
90,0,0,0,2025-11-20,06:34:24
90,0,0,0,2025-11-20,06:38:52
90,0,0,0,2025-11-20,06:43:42
90,0,0,0,2025-11-20,06:48:32
90,0,0,0,2025-11-20,06:53:22
90,0,0,0,2025-11-20,06:58:11
90,0,0,0,2025-11-20,07:03:03
89,0,0,0,2025-11-20,07:07:53
89,0,0,0,2025-11-20,07:12:44
89,0,0,0,2025-11-20,07:17:35
89,0,0,0,2025-11-20,07:22:25
89,0,0,0,2025-11-20,07:27:15
89,0,0,0,2025-11-20,07:32:05
89,0,0,0,2025-11-20,07:36:57
89,0,0,0,2025-11-20,07:41:47
89,0,0,0,2025-11-20,07:46:36
89,0,0,0,2025-11-20,07:51:27
89,0,0,0,2025-11-20,07:56:18
89,0,0,0,2025-11-20,08:01:09
89,0,0,0,2025-11-20,08:05:59
89,0,0,0,2025-11-20,08:10:49
89,0,0,0,2025-11-20,08:15:39
89,0,0,0,2025-11-20,08:20:29
89,0,0,0,2025-11-20,08:25:19
89,0,0,0,2025-11-20,08:30:10
89,0,0,0,2025-11-20,08:34:59
89,0,0,0,2025-11-20,08:39:50
89,0,0,0,2025-11-20,08:44:41
89,0,0,0,2025-11-20,08:49:32
88,0,55,0,2025-11-20,08:54:22
88,0,70,0,2025-11-20,08:59:13
88,311,60,0,2025-11-20,09:04:03
89,641,79,0,2025-11-20,09:08:52
89,735,2084,76,2025-11-20,09:13:43
86,791,2077,76,2025-11-20,09:18:32
87,855,0,206,2025-11-20,09:23:22
88,917,0,276,2025-11-20,09:28:12
89,1001,0,339,2025-11-20,09:33:04
89,1055,5,415,2025-11-20,09:37:54
90,1079,0,449,2025-11-20,09:40:05
90,1168,0,536,2025-11-20,09:45:01
92,1235,0,617,2025-11-20,09:49:55
92,1297,0,696,2025-11-20,09:54:49
92,1402,8,810,2025-11-20,09:59:43
92,1508,9,904,2025-11-20,10:04:36
92,1687,16,1031,2025-11-20,10:09:29
93,1730,16,1031,2025-11-20,10:14:25
95,1607,19,1292,2025-11-20,10:19:20
97,1020,24,1338,2025-11-20,10:24:15
100,239,11,1437,2025-11-20,10:29:11
100,12,22,1440,2025-11-20,10:34:05
100,10,14,1440,2025-11-20,10:38:59
100,6,7,1440,2025-11-20,10:43:54
100,3,26,1440,2025-11-20,10:47:51
100,2,26,1440,2025-11-20,10:52:43
100,11,11,1440,2025-11-20,10:57:35
100,21,73,1440,2025-11-20,11:02:25
100,10,86,1440,2025-11-20,11:07:16
100,51,70,1440,2025-11-20,11:12:04
100,12,65,1446,2025-11-20,11:16:55
100,11,72,1446,2025-11-20,11:21:45
100,5,65,1446,2025-11-20,11:26:34
100,7,9,1450,2025-11-20,11:31:25
100,2,15,1450,2025-11-20,11:36:14
100,2,20,1450,2025-11-20,11:41:20
100,2,15,1450,2025-11-20,11:46:11
100,1,11,1450,2025-11-20,11:51:02
100,1,15,1450,2025-11-20,11:55:54
100,454,27,1464,2025-11-20,12:00:46
100,2,13,1495,2025-11-20,12:05:37
100,2,28,1495,2025-11-20,12:10:31
100,7,11,1495,2025-11-20,12:15:26
100,2,4,1495,2025-11-20,12:20:16
100,3,20,1495,2025-11-20,12:25:07
100,4,14,1495,2025-11-20,12:29:58
100,12,72,1495,2025-11-20,12:34:48
100,23,68,1495,2025-11-20,12:39:40
100,20,77,1495,2025-11-20,12:42:23
100,22,69,1495,2025-11-20,12:47:15
100,22,52,1495,2025-11-20,12:52:08
100,34,56,1495,2025-11-20,12:57:03
100,2,17,1501,2025-11-20,13:01:57
100,2,18,1501,2025-11-20,13:06:49
100,1,3,1501,2025-11-20,13:11:42
100,6,8,1501,2025-11-20,13:16:35
100,4,9,1501,2025-11-20,13:21:26
100,1,23,1501,2025-11-20,13:26:21
100,476,16,1520,2025-11-20,13:31:15
100,1,22,1534,2025-11-20,13:36:11
100,5,8,1534,2025-11-20,13:41:03
100,2,18,1534,2025-11-20,13:43:32
100,2,10,1534,2025-11-20,13:48:24
100,5,5,1534,2025-11-20,13:53:15
100,2,9,1534,2025-11-20,13:58:08
100,2,25,1534,2025-11-20,14:03:00
100,2,19,1534,2025-11-20,14:07:53
100,6,12,1534,2025-11-20,14:12:45
100,26,71,1534,2025-11-20,14:17:37
100,20,68,1534,2025-11-20,14:22:29
100,3,65,1536,2025-11-20,14:27:21
100,3,70,1536,2025-11-20,14:32:18
100,29,74,1536,2025-11-20,14:37:12
100,11,76,1536,2025-11-20,14:42:03
100,5,4,1540,2025-11-20,14:46:55
100,5,22,1540,2025-11-20,14:51:47
100,2,16,1540,2025-11-20,14:56:40
100,439,22,1544,2025-11-20,15:01:33
100,5,0,1563,2025-11-20,15:06:27
100,2,5,1563,2025-11-20,15:11:20
100,2,7,1563,2025-11-20,15:16:11
100,2,26,1563,2025-11-20,15:21:04
100,2,13,1563,2025-11-20,15:25:55
100,1,7,1563,2025-11-20,15:30:47
100,9,7,1563,2025-11-20,15:35:38
100,4,2,1563,2025-11-20,15:40:30
100,2,4,1563,2025-11-20,15:45:20
100,7,17,1563,2025-11-20,15:50:15
100,4,6,1563,2025-11-20,15:55:08
100,71,81,1563,2025-11-20,15:59:59
100,103,67,1563,2025-11-20,16:04:50
100,2,60,1563,2025-11-20,16:09:44
100,16,69,1563,2025-11-20,16:14:36
100,1,77,1573,2025-11-20,16:19:27
100,1,69,1573,2025-11-20,16:24:23
100,1,7,1577,2025-11-20,16:29:16
100,504,0,1579,2025-11-20,16:34:11
100,422,11,1597,2025-11-20,16:39:06
100,4,12,1600,2025-11-20,16:45:47
100,2,22,1600,2025-11-20,16:50:41
100,2,22,1600,2025-11-20,16:55:36
100,2,25,1600,2025-11-20,17:00:33
100,2,3,1600,2025-11-20,17:05:26
100,1,9,1600,2025-11-20,17:10:22
100,1,6,1600,2025-11-20,17:15:16
100,0,6,1600,2025-11-20,17:20:10
100,1,3,1600,2025-11-20,17:25:06
100,0,19,1600,2025-11-20,17:30:03
100,1,1,1600,2025-11-20,17:35:01
100,0,6,1600,2025-11-20,17:39:56
100,0,59,1600,2025-11-20,17:45:55
100,0,57,1600,2025-11-20,17:50:52
100,0,72,1600,2025-11-20,17:55:49
100,0,74,1600,2025-11-20,18:00:46
99,0,70,1600,2025-11-20,18:05:43
99,0,41,1600,2025-11-20,18:10:38
99,0,13,1600,2025-11-20,18:15:35
99,0,0,1600,2025-11-20,18:20:32
99,0,6,1600,2025-11-20,18:25:28
99,0,8,1600,2025-11-20,18:30:26
99,0,10,1600,2025-11-20,18:35:22
99,0,0,1600,2025-11-20,18:40:17
99,0,0,1600,2025-11-20,18:45:12
99,0,0,1600,2025-11-20,18:50:09
99,0,0,1600,2025-11-20,18:55:04
99,0,13,1600,2025-11-20,19:00:05
99,0,0,1600,2025-11-20,19:05:03
99,0,0,1600,2025-11-20,19:10:00
99,0,0,1600,2025-11-20,19:14:57
98,0,11,1600,2025-11-20,19:19:51
98,0,0,1600,2025-11-20,19:24:49
98,0,0,1600,2025-11-20,19:29:45
98,0,0,1600,2025-11-20,19:34:42
98,0,0,1600,2025-11-20,19:39:40
98,0,0,1600,2025-11-20,19:45:55
98,0,52,1600,2025-11-20,19:50:49
98,0,65,1600,2025-11-20,19:55:43
98,0,49,1600,2025-11-20,20:00:36
98,0,0,1600,2025-11-20,20:05:29
98,0,0,1600,2025-11-20,20:10:23
98,0,0,1600,2025-11-20,20:15:15
98,0,0,1600,2025-11-20,20:20:06
98,0,0,1600,2025-11-20,20:24:58
98,0,0,1600,2025-11-20,20:29:52
98,0,0,1600,2025-11-20,20:34:43
97,0,0,1600,2025-11-20,20:39:35
97,0,0,1600,2025-11-20,20:44:26
97,0,0,1600,2025-11-20,20:49:17
97,0,0,1600,2025-11-20,20:54:09
97,0,0,1600,2025-11-20,20:59:02
97,0,0,1600,2025-11-20,21:03:54
97,0,0,1600,2025-11-20,21:08:47
97,0,0,1600,2025-11-20,21:13:38
97,0,0,1600,2025-11-20,21:18:32
97,0,0,1600,2025-11-20,21:23:25
97,0,0,1600,2025-11-20,21:28:17
97,0,0,1600,2025-11-20,21:33:07
97,0,0,1600,2025-11-20,21:37:59
97,0,0,1600,2025-11-20,21:42:50
97,0,0,1600,2025-11-20,21:46:08
97,0,0,1600,2025-11-20,21:50:58
97,0,0,1600,2025-11-20,21:55:51
97,0,0,1600,2025-11-20,22:00:41
96,0,67,1600,2025-11-20,22:05:30
96,0,57,1600,2025-11-20,22:10:22
96,0,59,1600,2025-11-20,22:15:12
96,0,0,1600,2025-11-20,22:20:03
96,0,0,1600,2025-11-20,22:24:56
96,0,0,1600,2025-11-20,22:29:50
96,0,0,1600,2025-11-20,22:34:41
96,0,0,1600,2025-11-20,22:39:33
96,0,15,1600,2025-11-20,22:44:24
96,0,0,1600,2025-11-20,22:47:19
96,0,0,1600,2025-11-20,22:52:09
96,0,0,1600,2025-11-20,22:57:01
96,0,0,1600,2025-11-20,23:01:53
96,0,0,1600,2025-11-20,23:06:44
96,0,0,1600,2025-11-20,23:11:35
96,0,0,1600,2025-11-20,23:16:26
95,0,0,1600,2025-11-20,23:21:16
95,0,0,1600,2025-11-20,23:26:09
95,0,0,1600,2025-11-20,23:31:01
95,0,0,1600,2025-11-20,23:35:52
95,0,0,1600,2025-11-20,23:40:42
95,0,0,1600,2025-11-20,23:45:32
95,0,0,1600,2025-11-20,23:50:23
95,0,0,1600,2025-11-20,23:55:14
95,0,0,0,2025-11-21,00:00:04
95,0,0,0,2025-11-21,00:04:56
95,0,0,0,2025-11-21,00:09:48
95,0,0,0,2025-11-21,00:14:38
95,0,67,0,2025-11-21,00:19:28
95,0,61,0,2025-11-21,00:24:20
95,0,69,0,2025-11-21,00:29:11
95,0,49,0,2025-11-21,00:34:03
94,0,0,0,2025-11-21,00:38:53
94,0,0,0,2025-11-21,00:43:46
94,0,0,0,2025-11-21,00:48:37
94,0,0,0,2025-11-21,00:53:29
94,0,0,0,2025-11-21,00:58:19
94,0,0,0,2025-11-21,01:03:10
94,0,0,0,2025-11-21,01:08:00
94,0,0,0,2025-11-21,01:12:50
94,0,0,0,2025-11-21,01:17:40
94,0,0,0,2025-11-21,01:22:32
94,0,0,0,2025-11-21,01:27:26
94,0,0,0,2025-11-21,01:32:16
94,0,0,0,2025-11-21,01:37:07
94,0,0,0,2025-11-21,01:41:57
94,0,0,0,2025-11-21,01:46:49
94,0,0,0,2025-11-21,01:51:40
94,0,0,0,2025-11-21,01:56:30
94,0,0,0,2025-11-21,02:01:21
93,0,0,0,2025-11-21,02:06:12
93,0,0,0,2025-11-21,02:11:03
93,0,0,0,2025-11-21,02:15:55
93,0,0,0,2025-11-21,02:20:45
93,0,0,0,2025-11-21,02:25:36
93,0,0,0,2025-11-21,02:30:27
93,0,0,0,2025-11-21,02:35:22
93,0,0,0,2025-11-21,02:40:13
93,0,0,0,2025-11-21,02:45:03
93,0,0,0,2025-11-21,02:48:33
93,0,0,0,2025-11-21,02:53:31
93,0,0,0,2025-11-21,02:58:26
93,0,55,0,2025-11-21,03:03:22
93,0,52,0,2025-11-21,03:08:17
93,0,53,0,2025-11-21,03:13:11
93,0,0,0,2025-11-21,03:18:07
92,0,0,0,2025-11-21,03:23:01
92,0,0,0,2025-11-21,03:27:56
92,0,0,0,2025-11-21,03:32:52
92,0,0,0,2025-11-21,03:37:49
92,0,0,0,2025-11-21,03:42:44
92,0,0,0,2025-11-21,03:47:41
92,0,0,0,2025-11-21,03:52:35
92,0,0,0,2025-11-21,03:57:31
92,0,0,0,2025-11-21,04:02:26
92,0,0,0,2025-11-21,04:07:21
92,0,0,0,2025-11-21,04:12:15
92,0,0,0,2025-11-21,04:17:11
92,0,0,0,2025-11-21,04:22:06
92,0,0,0,2025-11-21,04:27:01
92,0,0,0,2025-11-21,04:31:54
92,0,0,0,2025-11-21,04:36:50
92,0,0,0,2025-11-21,04:41:45
91,0,0,0,2025-11-21,04:46:38
91,0,0,0,2025-11-21,04:49:43
91,0,0,0,2025-11-21,04:54:36
91,0,0,0,2025-11-21,04:59:31
91,0,0,0,2025-11-21,05:04:26
91,0,0,0,2025-11-21,05:09:25
91,0,0,0,2025-11-21,05:14:20
91,0,0,0,2025-11-21,05:19:15
91,0,0,0,2025-11-21,05:24:11
91,0,0,0,2025-11-21,05:29:07
91,0,0,0,2025-11-21,05:34:01
91,0,0,0,2025-11-21,05:39:00
91,0,0,0,2025-11-21,05:43:54
91,0,0,0,2025-11-21,05:48:47
91,0,0,0,2025-11-21,05:53:42
91,0,0,0,2025-11-21,05:58:37
91,0,0,0,2025-11-21,06:03:32
91,0,0,0,2025-11-21,06:08:29
91,0,0,0,2025-11-21,06:13:25
90,0,0,0,2025-11-21,06:18:22
90,0,0,0,2025-11-21,06:23:21
90,0,0,0,2025-11-21,06:28:15
90,0,0,0,2025-11-21,06:33:11
90,0,0,0,2025-11-21,06:38:09
90,0,0,0,2025-11-21,06:43:06
90,0,0,0,2025-11-21,06:48:04
90,0,62,0,2025-11-21,06:50:55
90,0,65,0,2025-11-21,06:55:47
90,0,72,0,2025-11-21,07:00:39
90,0,50,0,2025-11-21,07:05:31
90,0,0,0,2025-11-21,07:10:24
90,0,0,0,2025-11-21,07:15:16
90,0,0,0,2025-11-21,07:20:08
90,0,0,0,2025-11-21,07:25:03
90,0,0,0,2025-11-21,07:29:59
89,0,0,0,2025-11-21,07:34:52
89,0,0,0,2025-11-21,07:39:45
89,0,0,0,2025-11-21,07:44:39
89,0,0,0,2025-11-21,07:49:34
89,0,0,0,2025-11-21,07:51:58
89,0,0,0,2025-11-21,07:56:55
89,0,0,0,2025-11-21,08:01:54
89,0,0,0,2025-11-21,08:06:51
89,0,0,0,2025-11-21,08:11:48
89,0,0,0,2025-11-21,08:16:40
89,0,0,0,2025-11-21,08:21:37
89,0,0,0,2025-11-21,08:26:33
83,0,2074,0,2025-11-21,08:31:27
81,0,0,0,2025-11-21,08:36:22
81,0,0,0,2025-11-21,08:41:17
81,0,0,0,2025-11-21,08:46:12
81,0,0,0,2025-11-21,08:51:08
81,0,0,0,2025-11-21,08:53:05
78,0,2079,0,2025-11-21,08:57:59
77,0,0,0,2025-11-21,09:02:53
77,632,0,0,2025-11-21,09:07:45
77,764,0,38,2025-11-21,09:12:38
78,830,0,129,2025-11-21,09:17:33
79,878,0,129,2025-11-21,09:22:25
80,929,11,277,2025-11-21,09:27:20
82,998,19,277,2025-11-21,09:32:15
86,1072,8,427,2025-11-21,09:37:07
89,1136,2,507,2025-11-21,09:42:03
90,1242,59,532,2025-11-21,09:46:58
91,1295,66,532,2025-11-21,09:51:49
91,1285,73,532,2025-11-21,09:54:12
91,1402,65,532,2025-11-21,09:59:09
92,1546,65,532,2025-11-21,10:04:04
92,1712,5,1035,2025-11-21,10:08:58
92,1799,13,1217,2025-11-21,10:13:53
93,1567,17,1318,2025-11-21,10:18:47
96,1608,37,1391,2025-11-21,10:23:42
99,472,13,1530,2025-11-21,10:28:36
100,6,26,1555,2025-11-21,10:33:30
100,6,15,1555,2025-11-21,10:38:25
100,4,13,1561,2025-11-21,10:43:21
100,14,24,1561,2025-11-21,10:47:55
100,2,16,1561,2025-11-21,10:52:52
100,6,16,1561,2025-11-21,10:57:48
100,2,16,1561,2025-11-21,11:02:46
100,13,17,1561,2025-11-21,11:07:41
100,2,13,1561,2025-11-21,11:12:38
100,4,42,1561,2025-11-21,11:17:35
100,2,16,1561,2025-11-21,11:22:32
100,2,26,1561,2025-11-21,11:27:28
100,49,78,1561,2025-11-21,11:32:25
100,10,69,1561,2025-11-21,11:37:21
100,4,65,1561,2025-11-21,11:42:17
100,94,62,1561,2025-11-21,11:47:14
100,19,68,1561,2025-11-21,11:52:09
100,2,18,1570,2025-11-21,11:56:22
100,462,12,1590,2025-11-21,12:01:11
100,1,9,1601,2025-11-21,12:06:00
100,6,0,1601,2025-11-21,12:10:52
100,6,18,1601,2025-11-21,12:15:43
100,3,6,1601,2025-11-21,12:20:34
100,4,4,1601,2025-11-21,12:25:26
100,4,10,1601,2025-11-21,12:30:17
100,4,21,1601,2025-11-21,12:35:07
100,1,0,1601,2025-11-21,12:39:58
100,5,14,1601,2025-11-21,12:44:48
100,1,2,1601,2025-11-21,12:49:38
100,4,14,1601,2025-11-21,12:54:30
100,2,11,1601,2025-11-21,12:56:29
100,1,7,1601,2025-11-21,13:01:22
100,2,0,1601,2025-11-21,13:06:17
100,15,60,1601,2025-11-21,13:11:09
100,40,72,1603,2025-11-21,13:16:01
100,7,85,1603,2025-11-21,13:20:54
100,38,75,1603,2025-11-21,13:25:46
100,544,58,1603,2025-11-21,13:30:39
100,8,72,1603,2025-11-21,13:35:35
100,1,26,1650,2025-11-21,13:40:28
100,6,15,1650,2025-11-21,13:45:22
100,3,0,1650,2025-11-21,13:50:17
100,1,10,1650,2025-11-21,13:55:11
100,1,11,1650,2025-11-21,14:00:05
100,3,6,1650,2025-11-21,14:04:58
100,2,6,1650,2025-11-21,14:09:54
100,4,35,1650,2025-11-21,14:14:49
100,2,22,1650,2025-11-21,14:19:45
100,4,12,1650,2025-11-21,14:24:40
100,3,18,1650,2025-11-21,14:29:33
100,6,13,1650,2025-11-21,14:34:26
100,4,6,1650,2025-11-21,14:39:18
100,1,10,1650,2025-11-21,14:44:12
100,2,6,1650,2025-11-21,14:49:09
100,2,1,1650,2025-11-21,14:54:04
100,520,64,1650,2025-11-21,14:58:59
100,10,59,1650,2025-11-21,15:03:54
100,16,74,1650,2025-11-21,15:08:49
100,2,65,1650,2025-11-21,15:13:45
100,3,56,1650,2025-11-21,15:18:39
100,6,8,1697,2025-11-21,15:23:35
100,1,15,1697,2025-11-21,15:28:29
100,3,0,1697,2025-11-21,15:33:25
100,5,6,1697,2025-11-21,15:38:20
100,2,0,1697,2025-11-21,15:43:18
100,2,7,1697,2025-11-21,15:48:13
100,2,18,1697,2025-11-21,15:53:10
100,3,4,1697,2025-11-21,15:58:04
100,2,0,1697,2025-11-21,16:02:59
100,2,0,1697,2025-11-21,16:07:49
100,5,6,1697,2025-11-21,16:12:45
100,4,11,1697,2025-11-21,16:17:38
100,3,13,1697,2025-11-21,16:22:30
100,1,12,1697,2025-11-21,16:27:23
100,516,11,1719,2025-11-21,16:32:18
100,1,4,1728,2025-11-21,16:37:11
100,1,0,1728,2025-11-21,16:42:06
100,6,1,1728,2025-11-21,16:46:57
100,1,8,1728,2025-11-21,16:51:52
100,20,72,1728,2025-11-21,16:56:46
100,3,66,1728,2025-11-21,17:01:40
100,1,85,1729,2025-11-21,17:06:32
100,5,68,1729,2025-11-21,17:11:24
100,4,63,1729,2025-11-21,17:16:19
100,1,1,1729,2025-11-21,17:21:15
100,1,3,1729,2025-11-21,17:26:10
100,1,8,1729,2025-11-21,17:31:01
100,1,17,1729,2025-11-21,17:35:53
100,0,7,1729,2025-11-21,17:40:47
100,0,0,1729,2025-11-21,17:45:39
100,0,0,1729,2025-11-21,17:50:34
100,0,0,1729,2025-11-21,17:55:29
100,0,0,1729,2025-11-21,18:00:21
100,0,0,1729,2025-11-21,18:05:16
100,0,0,1729,2025-11-21,18:10:09
100,0,0,1729,2025-11-21,18:15:02
99,0,0,1729,2025-11-21,18:19:55
99,0,26,1729,2025-11-21,18:24:50
99,0,14,1729,2025-11-21,18:29:43
99,0,22,1729,2025-11-21,18:34:36
99,0,0,1729,2025-11-21,18:39:31
99,0,0,1729,2025-11-21,18:44:24
99,0,0,1729,2025-11-21,18:49:18
99,0,76,1729,2025-11-21,18:54:11
99,0,68,1729,2025-11-21,18:59:08
99,0,66,1729,2025-11-21,19:04:03
99,0,65,1729,2025-11-21,19:08:56
99,0,0,1729,2025-11-21,19:13:49
99,0,0,1729,2025-11-21,19:18:45
99,0,0,1729,2025-11-21,19:23:40
98,0,0,1729,2025-11-21,19:28:33
98,0,0,1729,2025-11-21,19:33:25
98,0,24,1729,2025-11-21,19:38:17
98,0,25,1729,2025-11-21,19:43:09
98,0,16,1729,2025-11-21,19:48:02
98,0,15,1729,2025-11-21,19:52:55
98,0,77,1729,2025-11-21,19:57:49
98,0,64,1729,2025-11-21,20:02:44
98,0,41,1729,2025-11-21,20:07:38
98,0,0,1729,2025-11-21,20:12:31
98,0,0,1729,2025-11-21,20:17:25
98,0,0,1729,2025-11-21,20:22:20
98,0,0,1729,2025-11-21,20:27:13
98,0,20,1729,2025-11-21,20:32:10
98,0,11,1729,2025-11-21,20:37:04
97,0,34,1729,2025-11-21,20:41:57
97,0,0,1729,2025-11-21,20:46:51
97,0,0,1729,2025-11-21,20:51:47
97,0,0,1729,2025-11-21,20:56:40
97,0,0,1729,2025-11-21,21:01:35
97,0,0,1729,2025-11-21,21:06:26
97,0,0,1729,2025-11-21,21:11:23
97,0,0,1729,2025-11-21,21:16:16
97,0,22,1729,2025-11-21,21:21:11
97,0,0,1729,2025-11-21,21:26:03
97,0,0,1729,2025-11-21,21:30:56
97,0,62,1729,2025-11-21,21:35:49
97,0,76,1729,2025-11-21,21:40:43
97,0,65,1729,2025-11-21,21:45:36
96,0,0,1729,2025-11-21,21:50:30
96,0,0,1729,2025-11-21,21:55:23
96,0,0,1729,2025-11-21,22:00:17
96,0,0,1729,2025-11-21,22:05:13
96,0,0,1729,2025-11-21,22:10:05
96,0,0,1729,2025-11-21,22:14:59
96,0,0,1729,2025-11-21,22:19:54
96,0,0,1729,2025-11-21,22:24:47
96,0,0,1729,2025-11-21,22:29:40
96,0,0,1729,2025-11-21,22:34:34
96,0,0,1729,2025-11-21,22:39:29
96,0,0,1729,2025-11-21,22:44:22
96,0,0,1729,2025-11-21,22:49:14
96,0,0,1729,2025-11-21,22:54:08
96,0,0,1729,2025-11-21,22:57:16
96,0,0,1729,2025-11-21,23:02:07
96,0,0,1729,2025-11-21,23:06:56
96,0,0,1729,2025-11-21,23:11:50
95,0,0,1729,2025-11-21,23:16:41
95,0,0,1729,2025-11-21,23:21:36
95,0,0,1729,2025-11-21,23:26:27
95,0,0,1729,2025-11-21,23:31:18
95,0,0,1729,2025-11-21,23:36:10
95,0,0,1729,2025-11-21,23:41:00
95,0,0,1729,2025-11-21,23:45:51
95,0,64,1729,2025-11-21,23:50:43
95,0,55,1729,2025-11-21,23:55:34
95,0,65,0,2025-11-22,00:00:24
95,0,0,0,2025-11-22,00:05:15
95,0,0,0,2025-11-22,00:10:07
95,0,0,0,2025-11-22,00:14:57
95,0,0,0,2025-11-22,00:19:48
95,0,0,0,2025-11-22,00:24:40
95,0,0,0,2025-11-22,00:29:30
94,0,0,0,2025-11-22,00:34:20
94,0,0,0,2025-11-22,00:39:10
94,0,0,0,2025-11-22,00:44:00
94,0,0,0,2025-11-22,00:48:50
94,0,0,0,2025-11-22,00:53:44
94,0,0,0,2025-11-22,00:58:35
94,0,0,0,2025-11-22,01:03:27
94,0,0,0,2025-11-22,01:08:17
94,0,0,0,2025-11-22,01:13:08
94,0,0,0,2025-11-22,01:17:59
94,0,0,0,2025-11-22,01:22:53
94,0,0,0,2025-11-22,01:27:44
94,0,0,0,2025-11-22,01:32:38
94,0,0,0,2025-11-22,01:37:28
94,0,0,0,2025-11-22,01:42:18
94,0,0,0,2025-11-22,01:47:09
94,0,0,0,2025-11-22,01:52:00
94,0,0,0,2025-11-22,01:56:52
93,0,0,0,2025-11-22,02:01:44
93,0,0,0,2025-11-22,02:06:33
93,0,0,0,2025-11-22,02:11:23
93,0,0,0,2025-11-22,02:16:13
93,0,0,0,2025-11-22,02:21:03
93,0,0,0,2025-11-22,02:25:54
93,0,42,0,2025-11-22,02:30:43
93,0,67,0,2025-11-22,02:35:34
93,0,60,0,2025-11-22,02:40:25
93,0,0,0,2025-11-22,02:45:15
93,0,0,0,2025-11-22,02:50:09
93,0,0,0,2025-11-22,02:55:01
93,0,0,0,2025-11-22,02:59:51
93,0,0,0,2025-11-22,03:04:46
93,0,0,0,2025-11-22,03:09:38
93,0,0,0,2025-11-22,03:14:30
92,0,0,0,2025-11-22,03:19:20
92,0,0,0,2025-11-22,03:24:11
92,0,0,0,2025-11-22,03:29:04
92,0,0,0,2025-11-22,03:33:55
92,0,0,0,2025-11-22,03:38:46
92,0,0,0,2025-11-22,03:43:36
92,0,0,0,2025-11-22,03:48:27
92,0,0,0,2025-11-22,03:53:17
92,0,0,0,2025-11-22,03:58:07
92,0,0,0,2025-11-22,04:02:57
92,0,0,0,2025-11-22,04:07:50
92,0,0,0,2025-11-22,04:12:40
92,0,0,0,2025-11-22,04:17:29
92,0,0,0,2025-11-22,04:22:19
92,0,0,0,2025-11-22,04:27:10
92,0,0,0,2025-11-22,04:32:00
92,0,0,0,2025-11-22,04:36:51
92,0,0,0,2025-11-22,04:41:42
91,0,0,0,2025-11-22,04:46:34
91,0,0,0,2025-11-22,04:51:26
91,0,0,0,2025-11-22,04:56:17
91,0,0,0,2025-11-22,04:59:02
91,0,0,0,2025-11-22,05:03:54
91,0,68,0,2025-11-22,05:08:46
91,0,46,0,2025-11-22,05:13:36
91,0,62,0,2025-11-22,05:18:30
91,0,0,0,2025-11-22,05:23:23
91,0,0,0,2025-11-22,05:28:18
91,0,0,0,2025-11-22,05:33:08
91,0,0,0,2025-11-22,05:38:02
91,0,0,0,2025-11-22,05:42:54
91,0,0,0,2025-11-22,05:47:48
91,0,0,0,2025-11-22,05:52:41
91,0,0,0,2025-11-22,05:57:32
90,0,0,0,2025-11-22,06:02:26
90,0,0,0,2025-11-22,06:07:19
90,0,0,0,2025-11-22,06:12:09
90,0,0,0,2025-11-22,06:17:02
90,0,0,0,2025-11-22,06:21:53
90,0,0,0,2025-11-22,06:26:48
90,0,0,0,2025-11-22,06:31:42
90,0,0,0,2025-11-22,06:36:38
90,0,0,0,2025-11-22,06:41:32
90,0,0,0,2025-11-22,06:46:26
90,0,0,0,2025-11-22,06:51:19
90,0,0,0,2025-11-22,06:56:13
90,0,0,0,2025-11-22,07:00:25
90,0,0,0,2025-11-22,07:05:20
90,0,0,0,2025-11-22,07:10:10
90,0,0,0,2025-11-22,07:15:03
90,0,0,0,2025-11-22,07:19:57
90,0,0,0,2025-11-22,07:24:50
89,0,0,0,2025-11-22,07:29:45
89,0,0,0,2025-11-22,07:34:38
89,0,0,0,2025-11-22,07:39:30
89,0,0,0,2025-11-22,07:44:23
89,0,0,0,2025-11-22,07:49:17
89,0,0,0,2025-11-22,07:54:08
89,0,0,0,2025-11-22,07:59:01
89,0,0,0,2025-11-22,08:01:45
89,0,0,0,2025-11-22,08:06:38
89,0,0,0,2025-11-22,08:11:30
89,0,68,0,2025-11-22,08:16:21
89,0,52,0,2025-11-22,08:21:11
89,0,65,0,2025-11-22,08:26:04
89,0,53,0,2025-11-22,08:30:56
87,0,2081,0,2025-11-22,08:35:48
82,0,0,0,2025-11-22,08:40:39
82,0,0,0,2025-11-22,08:45:33
82,0,0,0,2025-11-22,08:50:24
82,0,8,0,2025-11-22,08:55:18
82,0,18,0,2025-11-22,09:00:09
82,9,0,0,2025-11-22,09:05:00
82,180,27,4,2025-11-22,09:09:52
82,397,39,15,2025-11-22,09:14:44
82,317,2153,15,2025-11-22,09:19:36
81,775,34,15,2025-11-22,09:24:27
81,804,2120,136,2025-11-22,09:29:20
83,936,47,136,2025-11-22,09:34:12
86,996,9,136,2025-11-22,09:39:05
88,1050,56,136,2025-11-22,09:43:57
89,1112,19,136,2025-11-22,09:48:49
90,1196,42,136,2025-11-22,09:53:41
90,1310,46,136,2025-11-22,09:58:33
92,1378,32,136,2025-11-22,10:03:27
92,1555,31,136,2025-11-22,10:08:18
92,1673,25,962,2025-11-22,10:13:09
92,1718,31,962,2025-11-22,10:18:02
92,1763,120,962,2025-11-22,10:22:54
94,1680,90,962,2025-11-22,10:27:46
96,1092,94,962,2025-11-22,10:32:40
99,535,97,962,2025-11-22,10:37:32
99,78,41,962,2025-11-22,10:42:24
100,4,48,1568,2025-11-22,10:47:18
100,3,42,1573,2025-11-22,11:02:59
100,2,8,1573,2025-11-22,11:07:52
100,7,12,1574,2025-11-22,11:12:45
100,3,20,1574,2025-11-22,11:17:37
100,3,1,1574,2025-11-22,11:22:31
100,2,5,1574,2025-11-22,11:27:24
100,5,3,1574,2025-11-22,11:32:21
100,2,22,1574,2025-11-22,11:37:15
100,6,24,1574,2025-11-22,11:42:08
100,8,9,1574,2025-11-22,11:47:02
100,11,67,1574,2025-11-22,11:51:56
100,4,83,1574,2025-11-22,11:56:47
100,14,64,1574,2025-11-22,12:01:39
100,6,57,1574,2025-11-22,12:04:03
100,7,94,1574,2025-11-22,12:08:53
100,463,12,1610,2025-11-22,12:13:45
100,2,0,1615,2025-11-22,12:18:39
100,3,10,1615,2025-11-22,12:23:28
100,5,2,1615,2025-11-22,12:28:23
100,1,5,1615,2025-11-22,12:33:14
100,1,31,1615,2025-11-22,12:38:05
100,3,26,1615,2025-11-22,12:42:55
100,5,39,1615,2025-11-22,12:47:49
100,3,32,1615,2025-11-22,12:52:40
100,3,36,1616,2025-11-22,12:57:31
100,3,24,1616,2025-11-22,13:02:21
100,1,39,1616,2025-11-22,13:05:03
100,2,52,1616,2025-11-22,13:09:57
100,3,25,1616,2025-11-22,13:14:51
100,5,23,1616,2025-11-22,13:19:47
100,7,28,1616,2025-11-22,13:24:39
100,5,45,1616,2025-11-22,13:29:33
100,1,27,1616,2025-11-22,13:34:25
100,353,36,1616,2025-11-22,13:39:20
100,549,76,1616,2025-11-22,13:44:13
100,14,90,1616,2025-11-22,13:49:06
100,13,83,1616,2025-11-22,13:53:57
100,15,82,1616,2025-11-22,13:58:49
100,4,21,1616,2025-11-22,14:03:41
100,3,11,1616,2025-11-22,14:05:12
100,14,32,1667,2025-11-22,14:10:04
100,7,34,1667,2025-11-22,14:14:54
100,6,41,1667,2025-11-22,14:19:45
100,3,31,1667,2025-11-22,14:24:36
100,1,48,1667,2025-11-22,14:29:26
100,1,35,1668,2025-11-22,14:34:16
100,14,20,1668,2025-11-22,14:39:07
100,3,39,1669,2025-11-22,14:43:58
100,13,23,1669,2025-11-22,14:48:48
100,7,28,1669,2025-11-22,14:53:39
100,2,27,1669,2025-11-22,14:58:29
100,4,60,1669,2025-11-22,15:03:23
100,10,25,1669,2025-11-22,15:06:14
100,480,26,1669,2025-11-22,15:11:10
100,1,70,1712,2025-11-22,15:16:09
100,2,59,1712,2025-11-22,15:21:07
100,10,32,1712,2025-11-22,15:26:06
100,6,45,1712,2025-11-22,15:31:04
100,5,35,1712,2025-11-22,15:36:02
100,20,89,1712,2025-11-22,15:40:58
100,20,88,1712,2025-11-22,15:45:55
100,15,88,1712,2025-11-22,15:50:52
100,17,81,1712,2025-11-22,15:55:46
100,8,33,1712,2025-11-22,16:00:43
100,3,1,1719,2025-11-22,16:05:43
100,10,3,1719,2025-11-22,16:10:41
100,3,26,1719,2025-11-22,16:15:39
100,3,8,1719,2025-11-22,16:20:36
100,2,21,1719,2025-11-22,16:25:34
100,1,21,1719,2025-11-22,16:30:32
100,33,21,1719,2025-11-22,16:35:29
100,430,10,1719,2025-11-22,16:40:28
100,442,13,1747,2025-11-22,16:45:26
100,1,13,1760,2025-11-22,16:50:30
100,3,10,1760,2025-11-22,16:55:28
100,4,13,1760,2025-11-22,17:00:23
100,3,22,1760,2025-11-22,17:05:21
100,3,6,1760,2025-11-22,17:10:20
100,3,15,1760,2025-11-22,17:15:17
100,1,5,1760,2025-11-22,17:20:15
100,2,4,1760,2025-11-22,17:25:13
100,1,60,1760,2025-11-22,17:30:09
100,0,38,1760,2025-11-22,17:35:09
100,0,102,1760,2025-11-22,17:40:09
100,0,118,1760,2025-11-22,17:45:10
100,0,92,1760,2025-11-22,17:50:08
99,0,87,1760,2025-11-22,17:55:08
99,0,15,1760,2025-11-22,18:00:08
99,0,24,1760,2025-11-22,18:05:07
99,0,30,1760,2025-11-22,18:07:30
99,0,32,1760,2025-11-22,18:12:22
99,0,4,1760,2025-11-22,18:17:13
99,0,20,1760,2025-11-22,18:22:03
99,0,18,1760,2025-11-22,18:26:53
99,0,14,1760,2025-11-22,18:31:42
99,0,6,1760,2025-11-22,18:36:33
99,0,11,1760,2025-11-22,18:41:22
99,0,17,1760,2025-11-22,18:46:13
99,0,7,1760,2025-11-22,18:51:03
99,0,4,1760,2025-11-22,18:55:55
99,0,29,1760,2025-11-22,19:00:46
99,0,10,1760,2025-11-22,19:05:36
98,0,22,1760,2025-11-22,19:10:26
98,0,0,1760,2025-11-22,19:15:17
98,0,0,1760,2025-11-22,19:20:07
98,0,11,1760,2025-11-22,19:24:57
98,0,31,1760,2025-11-22,19:29:48
98,0,14,1760,2025-11-22,19:34:41
98,0,25,1760,2025-11-22,19:39:32
98,0,1,1760,2025-11-22,19:44:24
98,0,15,1760,2025-11-22,19:49:15
98,0,0,1760,2025-11-22,19:54:06
98,0,0,1760,2025-11-22,19:58:56
98,0,0,1760,2025-11-22,20:03:47
98,0,12,1760,2025-11-22,20:08:39
98,0,0,1760,2025-11-22,20:13:30
98,0,0,1760,2025-11-22,20:18:25
98,0,0,1760,2025-11-22,20:23:17
98,0,0,1760,2025-11-22,20:28:08
98,0,0,1760,2025-11-22,20:33:01
97,0,0,1760,2025-11-22,20:37:54
97,0,0,1760,2025-11-22,20:42:46
97,0,0,1760,2025-11-22,20:47:39
97,0,0,1760,2025-11-22,20:52:30
97,0,0,1760,2025-11-22,20:57:23
97,0,0,1760,2025-11-22,21:02:14
97,0,0,1760,2025-11-22,21:07:05
97,0,0,1760,2025-11-22,21:11:57
97,0,0,1760,2025-11-22,21:16:48
97,0,0,1760,2025-11-22,21:21:41
97,0,0,1760,2025-11-22,21:26:37
97,0,57,1760,2025-11-22,21:31:31
97,0,48,1760,2025-11-22,21:36:24
97,0,60,1760,2025-11-22,21:41:17
97,0,48,1760,2025-11-22,21:46:07
96,0,0,1760,2025-11-22,21:51:00
96,0,0,1760,2025-11-22,21:55:51
96,0,0,1760,2025-11-22,22:00:43
96,0,0,1760,2025-11-22,22:05:37
96,0,0,1760,2025-11-22,22:10:28
96,0,0,1760,2025-11-22,22:15:17
96,0,0,1760,2025-11-22,22:20:09
96,0,0,1760,2025-11-22,22:25:03
96,0,0,1760,2025-11-22,22:29:52
96,0,0,1760,2025-11-22,22:34:46
96,0,0,1760,2025-11-22,22:39:37
96,0,0,1760,2025-11-22,22:44:28
96,0,0,1760,2025-11-22,22:49:20
96,0,0,1760,2025-11-22,22:54:14
96,0,0,1760,2025-11-22,22:59:07
95,0,1052,1760,2025-11-22,23:03:59
95,0,0,1760,2025-11-22,23:08:52
95,0,0,1760,2025-11-22,23:13:44
95,0,0,1760,2025-11-22,23:18:37
95,0,0,1760,2025-11-22,23:23:29
95,0,0,1760,2025-11-22,23:28:20
95,0,0,1760,2025-11-22,23:33:11
95,0,0,1760,2025-11-22,23:38:03
95,0,0,1760,2025-11-22,23:42:53
95,0,0,1760,2025-11-22,23:47:45
95,0,0,1760,2025-11-22,23:52:36
95,0,0,1760,2025-11-22,23:57:27
94,0,0,0,2025-11-23,00:02:20
94,0,0,0,2025-11-23,00:07:13
94,0,0,0,2025-11-23,00:12:06
94,0,0,0,2025-11-23,00:16:57
94,0,0,0,2025-11-23,00:21:49
94,0,0,0,2025-11-23,00:26:40
94,0,0,0,2025-11-23,00:31:33
94,0,0,0,2025-11-23,00:36:25
94,0,0,0,2025-11-23,00:41:19
94,0,0,0,2025-11-23,00:46:13
94,0,0,0,2025-11-23,00:51:07
94,0,0,0,2025-11-23,00:55:59
94,0,0,0,2025-11-23,01:00:52
94,0,0,0,2025-11-23,01:05:45
94,0,0,0,2025-11-23,01:10:36
94,0,0,0,2025-11-23,01:15:28
94,0,0,0,2025-11-23,01:20:19
94,0,0,0,2025-11-23,01:25:10
93,0,0,0,2025-11-23,01:30:03
93,0,0,0,2025-11-23,01:34:56
93,0,0,0,2025-11-23,01:39:47
93,0,70,0,2025-11-23,01:44:39
93,0,61,0,2025-11-23,01:49:30
93,0,60,0,2025-11-23,01:54:21
93,0,47,0,2025-11-23,01:59:12
93,0,0,0,2025-11-23,02:04:02
93,0,0,0,2025-11-23,02:08:56
93,0,0,0,2025-11-23,02:13:48
93,0,0,0,2025-11-23,02:18:40
93,0,0,0,2025-11-23,02:23:32
93,0,0,0,2025-11-23,02:28:22
93,0,0,0,2025-11-23,02:33:17
93,0,0,0,2025-11-23,02:38:08
92,0,0,0,2025-11-23,02:42:59
92,0,0,0,2025-11-23,02:47:52
92,0,0,0,2025-11-23,02:52:46
92,0,0,0,2025-11-23,02:57:37
92,0,0,0,2025-11-23,03:02:29
92,0,0,0,2025-11-23,03:07:22
92,0,0,0,2025-11-23,03:10:14
92,0,0,0,2025-11-23,03:15:09
92,0,0,0,2025-11-23,03:20:02
92,0,0,0,2025-11-23,03:24:54
92,0,0,0,2025-11-23,03:29:46
92,0,0,0,2025-11-23,03:34:37
92,0,0,0,2025-11-23,03:39:30
92,0,0,0,2025-11-23,03:44:20
92,0,0,0,2025-11-23,03:49:13
92,0,0,0,2025-11-23,03:54:07
92,0,0,0,2025-11-23,03:58:58
92,0,0,0,2025-11-23,04:03:49
91,0,0,0,2025-11-23,04:08:40
91,0,0,0,2025-11-23,04:13:32
91,0,0,0,2025-11-23,04:18:24
91,0,0,0,2025-11-23,04:23:15
91,0,0,0,2025-11-23,04:28:05
91,0,0,0,2025-11-23,04:32:57
91,0,0,0,2025-11-23,04:37:50
91,0,0,0,2025-11-23,04:42:42
91,0,0,0,2025-11-23,04:47:34
91,0,0,0,2025-11-23,04:52:26
91,0,0,0,2025-11-23,04:57:18
91,0,0,0,2025-11-23,05:02:10
91,0,0,0,2025-11-23,05:07:03
91,0,0,0,2025-11-23,05:11:27
91,0,0,0,2025-11-23,05:16:20
91,0,0,0,2025-11-23,05:21:10
91,0,0,0,2025-11-23,05:26:01
91,0,0,0,2025-11-23,05:30:50
90,0,0,0,2025-11-23,05:35:41
90,0,0,0,2025-11-23,05:40:30
90,0,0,0,2025-11-23,05:45:23
90,0,63,0,2025-11-23,05:50:15
90,0,66,0,2025-11-23,05:55:04
90,0,64,0,2025-11-23,05:59:55
90,0,62,0,2025-11-23,06:04:47
90,0,0,0,2025-11-23,06:09:39
90,0,0,0,2025-11-23,06:12:30
90,0,0,0,2025-11-23,06:17:26
90,0,0,0,2025-11-23,06:22:24
90,0,0,0,2025-11-23,06:27:22
90,0,0,0,2025-11-23,06:32:19
90,0,0,0,2025-11-23,06:37:17
90,0,0,0,2025-11-23,06:42:14
90,0,0,0,2025-11-23,06:47:09
89,0,0,0,2025-11-23,06:52:06
89,0,0,0,2025-11-23,06:57:02
89,0,0,0,2025-11-23,07:01:55
89,0,0,0,2025-11-23,07:06:52
89,0,0,0,2025-11-23,07:11:47
89,0,0,0,2025-11-23,07:16:42
89,0,0,0,2025-11-23,07:21:38
89,0,0,0,2025-11-23,07:26:34
89,0,0,0,2025-11-23,07:31:26
89,0,0,0,2025-11-23,07:36:20
89,0,0,0,2025-11-23,07:41:14
89,0,0,0,2025-11-23,07:46:10
89,0,0,0,2025-11-23,07:51:06
89,0,0,0,2025-11-23,07:56:01
89,0,0,0,2025-11-23,08:00:58
89,0,0,0,2025-11-23,08:05:54
89,0,0,0,2025-11-23,08:10:50
89,0,0,0,2025-11-23,08:15:47
88,0,0,0,2025-11-23,08:20:42
88,0,0,0,2025-11-23,08:25:41
88,0,0,0,2025-11-23,08:30:36
88,0,0,0,2025-11-23,08:35:31
88,0,0,0,2025-11-23,08:40:28
88,0,0,0,2025-11-23,08:45:23
88,0,0,0,2025-11-23,08:50:18
88,0,0,0,2025-11-23,08:55:12
88,0,0,0,2025-11-23,09:00:06
88,71,0,0,2025-11-23,09:05:01
89,665,2099,0,2025-11-23,09:09:55
86,715,2102,0,2025-11-23,09:14:49
86,683,0,138,2025-11-23,09:19:46
87,602,0,138,2025-11-23,09:24:43
87,507,0,138,2025-11-23,09:29:37
87,767,21,276,2025-11-23,09:34:34
88,929,67,291,2025-11-23,09:39:31
89,980,80,291,2025-11-23,09:44:28
90,938,71,291,2025-11-23,09:49:25
90,1077,28,291,2025-11-23,09:54:22
91,1301,5,291,2025-11-23,09:59:18
91,1227,2090,706,2025-11-23,10:04:14
91,907,0,795,2025-11-23,10:09:08
91,1266,1,887,2025-11-23,10:13:50
91,1604,14,1002,2025-11-23,10:18:45
92,1673,17,1119,2025-11-23,10:23:40
92,1742,21,1214,2025-11-23,10:28:33
95,1560,1,1344,2025-11-23,10:33:31
97,1033,16,1460,2025-11-23,10:38:26
99,285,4,1505,2025-11-23,10:43:24
100,1,28,1512,2025-11-23,10:48:03
100,2,10,1512,2025-11-23,10:52:55
100,1,8,1512,2025-11-23,10:57:47
100,1,2,1512,2025-11-23,11:02:38
100,2,0,1512,2025-11-23,11:07:33
100,1,13,1512,2025-11-23,11:12:28
100,1,4,1512,2025-11-23,11:17:21
100,4,3,1512,2025-11-23,11:22:17
100,3,3,1512,2025-11-23,11:27:10
100,3,20,1512,2025-11-23,11:32:04
100,4,6,1512,2025-11-23,11:36:57
100,2,0,1512,2025-11-23,11:41:47
100,5,51,1512,2025-11-23,11:46:38
100,5,71,1512,2025-11-23,11:51:29
100,6,76,1512,2025-11-23,11:56:22
100,2621,2688,1512,2025-11-23,12:01:16
100,2913,2644,1512,2025-11-23,12:06:07
99,1912,2632,1512,2025-11-23,12:10:56
99,2292,2645,2063,2025-11-23,12:15:52
98,1876,2681,2063,2025-11-23,12:20:45
96,1624,2649,2063,2025-11-23,12:25:38
96,2143,2615,2063,2025-11-23,12:30:32
95,2159,2577,2063,2025-11-23,12:35:26
95,3179,2581,2063,2025-11-23,12:40:21
95,3274,2573,2063,2025-11-23,12:45:14
95,3005,2592,2063,2025-11-23,12:50:06
95,821,2578,2063,2025-11-23,12:54:59
92,1472,2588,2063,2025-11-23,12:59:54
92,1611,2555,2063,2025-11-23,13:04:46
91,2081,2593,2063,2025-11-23,13:09:39
91,2639,2577,2063,2025-11-23,13:15:08
91,2703,2578,4187,2025-11-23,13:20:01
91,2766,2563,4187,2025-11-23,13:24:54
91,1018,0,4664,2025-11-23,13:29:48
92,2367,11,4820,2025-11-23,13:34:39
92,2444,10,4985,2025-11-23,13:39:30
92,2570,2598,5053,2025-11-23,13:44:23
92,2583,2583,5053,2025-11-23,13:49:14
92,2406,2562,5053,2025-11-23,13:54:06
92,2276,2628,5053,2025-11-23,13:58:59
91,2264,2633,5053,2025-11-23,14:03:49
91,2120,2613,5053,2025-11-23,14:08:41
91,2011,2631,5053,2025-11-23,14:13:31
90,2010,2601,5053,2025-11-23,14:18:24
89,2020,2546,6506,2025-11-23,14:23:15
89,2099,2555,6506,2025-11-23,14:28:06
89,2211,2558,6506,2025-11-23,14:32:57
88,2190,2525,6506,2025-11-23,14:37:47
88,2119,2505,6506,2025-11-23,14:42:40
88,2082,2540,6506,2025-11-23,14:47:31
87,1894,2539,6506,2025-11-23,14:52:22
87,1832,2545,6506,2025-11-23,14:57:12
87,1716,23,7739,2025-11-23,15:02:04
88,1635,9,7850,2025-11-23,15:06:55
89,1528,4,7956,2025-11-23,15:11:45
90,1552,11,8029,2025-11-23,15:16:21
91,1599,6,8151,2025-11-23,15:21:17
92,1553,10,8261,2025-11-23,15:26:10
92,1514,0,8370,2025-11-23,15:31:03
96,1385,11,8469,2025-11-23,15:35:55
100,9,2,8510,2025-11-23,15:40:48
100,3,9,8510,2025-11-23,15:45:41
100,5,23,8510,2025-11-23,15:50:34
100,8,64,8510,2025-11-23,15:55:32
100,36,74,8510,2025-11-23,16:00:26
100,37,66,8510,2025-11-23,16:05:20
100,12,54,8510,2025-11-23,16:10:14
100,105,86,8510,2025-11-23,16:15:08
100,5,75,8517,2025-11-23,16:20:05
100,20,83,8517,2025-11-23,16:24:56
100,3,62,8517,2025-11-23,16:29:49
100,3,11,8524,2025-11-23,16:34:40
100,2,17,8524,2025-11-23,16:39:33
100,3,19,8524,2025-11-23,16:44:25
100,12,14,8524,2025-11-23,16:49:20
100,7,0,8524,2025-11-23,16:54:16
100,9,25,8524,2025-11-23,16:59:10
100,267,17,8524,2025-11-23,17:04:06
100,297,0,8554,2025-11-23,17:09:00
100,0,17,8567,2025-11-23,17:13:53
100,1,23,8567,2025-11-23,17:17:32
100,1,1,8567,2025-11-23,17:22:24
100,1,21,8567,2025-11-23,17:27:18
100,0,7,8567,2025-11-23,17:32:10
100,0,80,8567,2025-11-23,17:37:04
100,0,65,8567,2025-11-23,17:41:56
100,0,65,8567,2025-11-23,17:46:50
100,0,68,8567,2025-11-23,17:51:43
100,0,74,8567,2025-11-23,17:56:35
100,0,61,8567,2025-11-23,18:01:31
99,0,0,8567,2025-11-23,18:06:26
99,0,0,8567,2025-11-23,18:11:19
99,0,0,8567,2025-11-23,18:17:29
99,0,0,8567,2025-11-23,18:22:27
99,0,0,8567,2025-11-23,18:27:21
99,0,0,8567,2025-11-23,18:32:18
99,0,0,8567,2025-11-23,18:37:13
99,0,0,8567,2025-11-23,18:42:09
99,0,0,8567,2025-11-23,18:47:06
99,0,0,8567,2025-11-23,18:52:01
99,0,0,8567,2025-11-23,18:56:57
99,0,0,8567,2025-11-23,19:01:53
99,0,0,8567,2025-11-23,19:06:48
99,0,0,8567,2025-11-23,19:11:45
99,0,0,8567,2025-11-23,19:16:41
99,0,0,8567,2025-11-23,19:18:39
99,0,0,8567,2025-11-23,19:23:30
99,0,0,8567,2025-11-23,19:28:28
98,0,0,8567,2025-11-23,19:33:22
98,0,0,8567,2025-11-23,19:38:16
98,0,0,8567,2025-11-23,19:43:10
98,0,61,8567,2025-11-23,19:48:06
98,0,59,8567,2025-11-23,19:53:03
98,0,59,8567,2025-11-23,19:57:58
98,0,82,8567,2025-11-23,20:02:54
98,0,5,8567,2025-11-23,20:07:47
98,0,0,8567,2025-11-23,20:12:42
98,0,0,8567,2025-11-23,20:17:35
98,0,0,8567,2025-11-23,20:19:42
98,0,0,8567,2025-11-23,20:24:33
98,0,0,8567,2025-11-23,20:29:24
98,0,0,8567,2025-11-23,20:34:19
98,0,23,8567,2025-11-23,20:39:10
98,0,0,8567,2025-11-23,20:44:02
97,0,0,8567,2025-11-23,20:48:58
97,0,0,8567,2025-11-23,20:53:51
97,0,0,8567,2025-11-23,20:58:43
97,0,0,8567,2025-11-23,21:03:38
97,0,0,8567,2025-11-23,21:08:30
97,0,0,8567,2025-11-23,21:13:23
97,0,0,8567,2025-11-23,21:18:14
97,0,0,8567,2025-11-23,21:23:04
97,0,0,8567,2025-11-23,21:27:57
97,0,0,8567,2025-11-23,21:32:49
97,0,0,8567,2025-11-23,21:37:43
97,0,0,8567,2025-11-23,21:42:37
97,0,0,8567,2025-11-23,21:47:30
97,0,0,8567,2025-11-23,21:52:22
97,0,0,8567,2025-11-23,21:57:15
97,0,0,8567,2025-11-23,22:02:09
97,0,0,8567,2025-11-23,22:07:01
96,0,0,8567,2025-11-23,22:11:52
96,0,0,8567,2025-11-23,22:16:43
96,0,0,8567,2025-11-23,22:21:38
96,0,0,8567,2025-11-23,22:26:30
96,0,0,8567,2025-11-23,22:31:24
96,0,0,8567,2025-11-23,22:36:17
96,0,0,8567,2025-11-23,22:41:12
96,0,0,8567,2025-11-23,22:46:02
96,0,0,8567,2025-11-23,22:50:53
96,0,0,8567,2025-11-23,22:55:44
96,0,0,8567,2025-11-23,23:00:34
96,0,0,8567,2025-11-23,23:05:28
96,0,7,8567,2025-11-23,23:10:20
96,0,4,8567,2025-11-23,23:15:13
96,0,0,8567,2025-11-23,23:20:05
96,0,0,8567,2025-11-23,23:24:57
96,0,0,8567,2025-11-23,23:29:53
95,0,67,8567,2025-11-23,23:34:46
95,0,52,8567,2025-11-23,23:39:37
95,0,51,8567,2025-11-23,23:44:29
95,0,59,8567,2025-11-23,23:49:23
95,0,58,8567,2025-11-23,23:54:17
95,0,0,8567,2025-11-23,23:59:09
95,0,0,0,2025-11-24,00:04:03
95,0,0,0,2025-11-24,00:08:55
95,0,0,0,2025-11-24,00:13:48
95,0,0,0,2025-11-24,00:18:44
95,0,0,0,2025-11-24,00:23:41
95,0,0,0,2025-11-24,00:28:33
95,0,0,0,2025-11-24,00:33:26
95,0,0,0,2025-11-24,00:38:16
95,0,0,0,2025-11-24,00:43:12
94,0,0,0,2025-11-24,00:48:05
94,0,0,0,2025-11-24,00:52:58
94,0,0,0,2025-11-24,00:57:49
94,0,0,0,2025-11-24,01:02:43
94,0,0,0,2025-11-24,01:07:39
94,0,0,0,2025-11-24,01:12:34
94,0,0,0,2025-11-24,01:17:28
94,0,0,0,2025-11-24,01:21:24
94,0,0,0,2025-11-24,01:26:18
94,0,0,0,2025-11-24,01:31:12
94,0,0,0,2025-11-24,01:36:05
94,0,0,0,2025-11-24,01:40:57
94,0,0,0,2025-11-24,01:45:53
94,0,0,0,2025-11-24,01:50:46
94,0,0,0,2025-11-24,01:55:38
94,0,0,0,2025-11-24,02:00:34
94,0,0,0,2025-11-24,02:05:29
94,0,0,0,2025-11-24,02:10:22
93,0,0,0,2025-11-24,02:15:15
93,0,57,0,2025-11-24,02:20:08
93,0,64,0,2025-11-24,02:24:59
93,0,48,0,2025-11-24,02:29:52
93,0,81,0,2025-11-24,02:34:48
93,0,0,0,2025-11-24,02:39:40
93,0,0,0,2025-11-24,02:44:35
93,0,0,0,2025-11-24,02:49:28
93,0,0,0,2025-11-24,02:54:18
93,0,0,0,2025-11-24,02:59:12
93,0,0,0,2025-11-24,03:04:05
93,0,0,0,2025-11-24,03:08:58
93,0,0,0,2025-11-24,03:13:51
93,0,0,0,2025-11-24,03:18:45
93,0,0,0,2025-11-24,03:23:37
92,0,0,0,2025-11-24,03:26:17
92,0,0,0,2025-11-24,03:31:15
92,0,0,0,2025-11-24,03:36:14
92,0,0,0,2025-11-24,03:41:08
92,0,0,0,2025-11-24,03:46:02
92,0,0,0,2025-11-24,03:51:00
92,0,0,0,2025-11-24,03:55:57
92,0,0,0,2025-11-24,04:00:53
92,0,0,0,2025-11-24,04:05:51
92,0,0,0,2025-11-24,04:10:49
92,0,0,0,2025-11-24,04:15:45
92,0,0,0,2025-11-24,04:20:42
92,0,0,0,2025-11-24,04:22:48
92,0,0,0,2025-11-24,04:27:41
92,0,0,0,2025-11-24,04:32:33
92,0,0,0,2025-11-24,04:37:26
92,0,0,0,2025-11-24,04:42:20
92,0,0,0,2025-11-24,04:47:14
91,0,0,0,2025-11-24,04:52:11
91,0,0,0,2025-11-24,04:57:08
91,0,0,0,2025-11-24,05:02:03
91,0,0,0,2025-11-24,05:06:59
91,0,0,0,2025-11-24,05:11:53
91,0,42,0,2025-11-24,05:16:46
91,0,59,0,2025-11-24,05:21:41
91,0,66,0,2025-11-24,05:23:45
91,0,75,0,2025-11-24,05:28:37
91,0,0,0,2025-11-24,05:33:33
91,0,0,0,2025-11-24,05:38:29
91,0,0,0,2025-11-24,05:43:23
91,0,0,0,2025-11-24,05:48:17
91,0,0,0,2025-11-24,05:53:12
91,0,0,0,2025-11-24,05:58:08
91,0,0,0,2025-11-24,06:03:03
90,0,0,0,2025-11-24,06:07:59
90,0,0,0,2025-11-24,06:12:53
90,0,0,0,2025-11-24,06:17:47
90,0,0,0,2025-11-24,06:23:51
90,0,0,0,2025-11-24,06:28:41
90,0,0,0,2025-11-24,06:33:32
90,0,0,0,2025-11-24,06:38:22
90,0,0,0,2025-11-24,06:43:12
90,0,0,0,2025-11-24,06:48:02
90,0,0,0,2025-11-24,06:52:52
90,0,0,0,2025-11-24,06:57:43
90,0,0,0,2025-11-24,07:02:33
90,0,0,0,2025-11-24,07:07:23
90,0,0,0,2025-11-24,07:12:16
90,0,0,0,2025-11-24,07:17:06
90,0,0,0,2025-11-24,07:21:56
90,0,0,0,2025-11-24,07:26:47
90,0,0,0,2025-11-24,07:31:37
89,0,59,0,2025-11-24,07:36:28
89,0,65,0,2025-11-24,07:41:19
89,0,68,0,2025-11-24,07:46:09
89,0,68,0,2025-11-24,07:51:00
89,0,0,0,2025-11-24,07:55:51
89,0,0,0,2025-11-24,08:00:42
89,0,0,0,2025-11-24,08:05:31
89,0,0,0,2025-11-24,08:10:21
89,0,0,0,2025-11-24,08:15:11
89,0,0,0,2025-11-24,08:20:00
89,0,0,0,2025-11-24,08:25:02
89,0,0,0,2025-11-24,08:29:57
89,0,0,0,2025-11-24,08:34:49
89,0,0,0,2025-11-24,08:39:45
89,0,0,0,2025-11-24,08:44:38
86,0,2087,0,2025-11-24,08:49:31
81,0,0,0,2025-11-24,08:54:24
81,0,0,0,2025-11-24,08:59:17
81,2,0,0,2025-11-24,09:04:11
82,585,0,0,2025-11-24,09:09:06
82,755,6,63,2025-11-24,09:14:00
83,883,24,115,2025-11-24,09:18:55
86,765,18,173,2025-11-24,09:23:49
87,505,17,236,2025-11-24,09:28:45
87,348,13,266,2025-11-24,09:33:39
88,454,13,287,2025-11-24,09:38:32
89,718,22,321,2025-11-24,09:43:28
89,892,1,402,2025-11-24,09:48:21
90,1251,2152,418,2025-11-24,09:53:15
90,719,73,418,2025-11-24,09:58:09
91,706,73,418,2025-11-24,10:03:03
92,1254,63,418,2025-11-24,10:07:57
92,1535,78,418,2025-11-24,10:12:54
92,1066,71,857,2025-11-24,10:17:46
92,1543,3,955,2025-11-24,10:22:41
92,1256,15,1023,2025-11-24,10:26:14
93,573,9,1168,2025-11-24,10:31:11
93,795,14,1219,2025-11-24,10:36:05
94,579,24,1301,2025-11-24,10:41:02
94,995,12,1341,2025-11-24,10:45:56
97,732,15,1433,2025-11-24,10:50:54
100,10,26,1466,2025-11-24,10:55:54
100,1,47,1471,2025-11-24,11:00:49
100,7,15,1471,2025-11-24,11:05:44
100,3,15,1471,2025-11-24,11:10:41
100,5,12,1471,2025-11-24,11:15:38
100,324,396,1473,2025-11-24,11:20:33
100,10,78,1477,2025-11-24,11:25:32
100,14,67,1477,2025-11-24,11:27:18
100,9,58,1477,2025-11-24,11:32:12
100,4,69,1477,2025-11-24,11:37:06
100,12,60,1477,2025-11-24,11:42:02
100,13,59,1477,2025-11-24,11:46:57
100,2,72,1477,2025-11-24,11:51:50
100,8,62,1477,2025-11-24,11:56:44
100,2689,2646,1481,2025-11-24,12:01:37
100,1382,2618,1481,2025-11-24,12:06:36
99,1980,2586,1481,2025-11-24,12:11:27
99,2430,2588,1481,2025-11-24,12:16:21
99,2222,2600,1481,2025-11-24,12:21:15
98,1561,24,2378,2025-11-24,12:26:08
99,236,20,2479,2025-11-24,12:31:03
100,945,2643,2493,2025-11-24,12:35:59
99,2650,2600,2493,2025-11-24,12:40:53
99,2761,2608,2493,2025-11-24,12:45:46
99,2800,2606,2996,2025-11-24,12:50:42
100,2675,2576,2996,2025-11-24,12:55:38
100,1,2,3512,2025-11-24,13:00:32
100,2535,2649,3512,2025-11-24,13:05:26
100,2706,2636,3512,2025-11-24,13:10:22
99,2275,2644,3512,2025-11-24,13:15:20
99,2082,2633,3512,2025-11-24,13:20:14
99,1846,2664,3512,2025-11-24,13:25:11
97,1245,2661,3512,2025-11-24,13:28:28
97,2948,2655,4512,2025-11-24,13:33:21
96,2206,2625,4512,2025-11-24,13:38:18
96,2375,2616,4512,2025-11-24,13:43:16
96,2365,2601,4512,2025-11-24,13:48:13
95,2105,2624,4512,2025-11-24,13:53:09
93,1911,2595,4512,2025-11-24,13:58:09
91,797,2617,4512,2025-11-24,14:03:06
89,1532,2620,4512,2025-11-24,14:08:05
88,1466,2626,4512,2025-11-24,14:13:02
87,2223,2569,5728,2025-11-24,14:17:56
85,982,2544,5728,2025-11-24,14:22:55
86,1072,0,6027,2025-11-24,14:28:35
87,703,0,6078,2025-11-24,14:33:31
86,832,2596,6117,2025-11-24,14:38:24
82,822,2542,6117,2025-11-24,14:43:17
78,904,2563,6227,2025-11-24,14:48:12
76,1481,2541,6227,2025-11-24,14:53:07
73,1296,2567,6227,2025-11-24,14:58:01
72,769,0,6500,2025-11-24,15:02:56
73,676,0,6556,2025-11-24,15:07:49
73,395,0,6556,2025-11-24,15:12:45
74,435,0,6556,2025-11-24,15:17:40
74,436,0,6638,2025-11-24,15:22:34
74,399,0,6638,2025-11-24,15:27:30
75,385,0,6703,2025-11-24,15:29:38
75,385,0,6703,2025-11-24,15:34:30
75,314,0,6703,2025-11-24,15:39:24
76,437,0,6703,2025-11-24,15:44:15
76,471,0,6703,2025-11-24,15:49:08
76,490,0,6703,2025-11-24,15:53:59
77,414,0,6703,2025-11-24,15:58:50
77,338,0,6703,2025-11-24,16:03:44
77,303,48,6703,2025-11-24,16:08:35
77,254,48,6703,2025-11-24,16:13:26
77,214,68,6703,2025-11-24,16:18:17
78,200,69,6703,2025-11-24,16:23:09
78,204,0,7012,2025-11-24,16:28:01
78,197,0,7012,2025-11-24,16:30:44
78,231,0,7012,2025-11-24,16:35:41
78,245,0,7012,2025-11-24,16:40:37
78,200,0,7012,2025-11-24,16:45:31
78,106,0,7012,2025-11-24,16:50:27
79,0,0,7084,2025-11-24,16:55:24
79,0,0,7084,2025-11-24,17:00:22
79,0,0,7084,2025-11-24,17:05:21
79,0,0,7084,2025-11-24,17:10:19
79,0,0,7084,2025-11-24,17:15:17
78,0,0,7084,2025-11-24,17:20:12
78,0,0,7084,2025-11-24,17:25:08
78,0,0,7084,2025-11-24,17:30:03
78,0,0,7084,2025-11-24,17:34:59
78,0,0,7084,2025-11-24,17:39:53
78,0,0,7084,2025-11-24,17:44:46
78,0,0,7084,2025-11-24,17:49:42
78,0,0,7084,2025-11-24,17:54:38
78,0,0,7084,2025-11-24,17:59:35
78,0,0,7084,2025-11-24,18:04:31
78,0,63,7084,2025-11-24,18:09:27
78,0,58,7084,2025-11-24,18:14:24
78,0,76,7084,2025-11-24,18:19:19
78,0,76,7084,2025-11-24,18:24:17
78,0,0,7084,2025-11-24,18:29:13
78,0,0,7084,2025-11-24,18:34:10
78,0,0,7084,2025-11-24,18:39:04
77,0,0,7084,2025-11-24,18:44:02
77,0,0,7084,2025-11-24,18:48:57
77,0,0,7084,2025-11-24,18:53:53
77,0,0,7084,2025-11-24,18:58:50
99,3,14,1345,2025-12-03,11:00:49
99,6,11,1551,2025-12-03,11:05:41
100,5,19,1563,2025-12-03,11:10:33
100,1,20,1563,2025-12-03,11:15:26
100,1,5,1563,2025-12-03,11:20:21
100,2,16,1563,2025-12-03,11:25:13
100,1,15,1563,2025-12-03,11:30:08
100,3,19,1563,2025-12-03,11:35:02
100,6,12,1563,2025-12-03,11:39:55
100,4,21,1563,2025-12-03,11:44:47
100,3,17,1563,2025-12-03,11:49:38
100,4,13,1563,2025-12-03,11:54:31
100,5,16,1563,2025-12-03,12:00:05
100,5,10,1563,2025-12-03,12:05:04
100,2,13,1563,2025-12-03,12:10:02
100,1,5,1563,2025-12-03,12:14:59
100,2,0,1563,2025-12-03,12:20:04
100,2,1,1563,2025-12-03,12:25:00
100,6,13,1563,2025-12-03,12:29:57
100,2,15,1563,2025-12-03,12:34:57
100,463,13,1571,2025-12-03,12:39:57
100,6,68,1593,2025-12-03,12:44:56
100,5,34,1593,2025-12-03,12:49:53
100,6,53,1594,2025-12-03,12:54:48
100,5,68,1594,2025-12-03,12:59:44
100,4,60,1594,2025-12-03,13:04:41
100,5,7,1595,2025-12-03,13:09:38
100,2,29,1595,2025-12-03,13:14:37
100,3,9,1595,2025-12-03,13:19:34
100,3,4,1595,2025-12-03,13:24:37
100,5,2,1595,2025-12-03,13:29:37
100,2,22,1595,2025-12-03,13:34:34
100,3,1,1595,2025-12-03,13:39:30
100,2,10,1595,2025-12-03,13:44:30
100,8,20,1595,2025-12-03,13:49:29
100,2,24,1595,2025-12-03,13:54:28
100,7,21,1595,2025-12-03,13:59:23
100,428,14,1601,2025-12-03,14:04:25
100,4,12,1621,2025-12-03,14:09:27
100,2,9,1621,2025-12-03,14:14:27
100,3,11,1621,2025-12-03,14:19:25
100,4,5,1621,2025-12-03,14:24:21
100,2,17,1621,2025-12-03,14:28:11
100,2,8,1621,2025-12-03,14:33:06
100,5,0,1621,2025-12-03,14:37:58
100,3,13,1621,2025-12-03,14:42:49
100,7,21,1621,2025-12-03,14:47:41
100,2,2,1621,2025-12-03,14:52:33
100,8,67,1621,2025-12-03,14:57:25
100,26,62,1621,2025-12-03,15:02:17
100,6,57,1621,2025-12-03,15:07:08
100,7,83,1621,2025-12-03,15:12:03
100,1,17,1626,2025-12-03,15:16:54
100,2,14,1626,2025-12-03,15:21:46
100,477,0,1635,2025-12-03,15:27:28
100,6,11,1657,2025-12-03,15:32:18
100,7,12,1657,2025-12-03,15:37:09
100,3,15,1657,2025-12-03,15:41:59
100,2,6,1657,2025-12-03,15:46:51
100,4,9,1657,2025-12-03,15:51:40
100,2,21,1657,2025-12-03,15:56:33
100,6,1,1657,2025-12-03,16:01:22
100,3,11,1657,2025-12-03,16:06:13
100,1,33,1657,2025-12-03,16:11:02
100,3,31,1657,2025-12-03,16:15:53
100,8,16,1657,2025-12-03,16:20:45
100,4,13,1657,2025-12-03,16:25:36
100,3,16,1657,2025-12-03,16:30:28
100,1,6,1657,2025-12-03,16:35:18
100,1,7,1657,2025-12-03,16:40:08
100,2,5,1657,2025-12-03,16:44:59
100,502,9,1660,2025-12-03,16:49:50
100,111,18,1681,2025-12-03,16:54:44
100,2,2,1682,2025-12-03,16:59:34
100,2,6,1682,2025-12-03,17:04:25
100,7,7,1682,2025-12-03,17:09:15
100,3,7,1682,2025-12-03,17:14:06
100,7,16,1682,2025-12-03,17:18:56
100,16,26,1682,2025-12-03,17:23:47
100,2,6,1682,2025-12-03,17:28:42
100,1,14,1682,2025-12-03,17:33:32
100,1,16,1682,2025-12-03,17:38:23
100,0,65,1682,2025-12-03,17:43:14
100,0,77,1682,2025-12-03,17:48:06
100,0,64,1682,2025-12-03,17:52:58
100,0,54,1682,2025-12-03,17:57:50
100,0,0,1682,2025-12-03,18:02:43
100,0,0,1682,2025-12-03,18:07:38
99,0,0,1682,2025-12-03,18:12:28
99,0,0,1682,2025-12-03,18:17:19
99,0,0,1682,2025-12-03,18:22:09
99,0,0,1682,2025-12-03,18:27:03
99,0,0,1682,2025-12-03,18:31:53
99,0,0,1682,2025-12-03,18:36:45
99,0,0,1682,2025-12-03,18:41:35
99,0,0,1682,2025-12-03,18:46:26
99,0,0,1682,2025-12-03,18:51:17
99,0,0,1682,2025-12-03,18:56:08
99,0,0,1682,2025-12-03,19:01:00
99,0,0,1682,2025-12-03,19:05:51
99,0,0,1682,2025-12-03,19:10:42
99,0,0,1682,2025-12-03,19:15:36
99,0,0,1682,2025-12-03,19:20:27
99,0,0,1682,2025-12-03,19:25:18
99,0,0,1682,2025-12-03,19:29:49
99,0,0,1682,2025-12-03,19:34:44
98,0,0,1682,2025-12-03,19:39:39
98,0,0,1682,2025-12-03,19:44:33
98,0,0,1682,2025-12-03,19:49:27
98,0,0,1682,2025-12-03,19:54:23
98,0,0,1682,2025-12-03,19:59:17
98,0,0,1682,2025-12-03,20:04:11
98,0,0,1682,2025-12-03,20:09:07
98,0,0,1682,2025-12-03,20:14:00
98,0,0,1682,2025-12-03,20:18:56
98,0,0,1682,2025-12-03,20:23:49
98,0,0,1682,2025-12-03,20:28:43
98,0,0,1682,2025-12-03,20:30:53
98,0,0,1682,2025-12-03,20:35:44
98,0,0,1682,2025-12-03,20:40:35
98,0,0,1682,2025-12-03,20:45:26
98,0,82,1682,2025-12-03,20:50:20
98,0,61,1682,2025-12-03,20:55:10
97,0,46,1682,2025-12-03,21:00:03
97,0,64,1682,2025-12-03,21:04:53
97,0,0,1682,2025-12-03,21:09:44
97,0,0,1682,2025-12-03,21:14:34
97,0,0,1682,2025-12-03,21:19:25
97,0,0,1682,2025-12-03,21:24:16
97,0,0,1682,2025-12-03,21:29:09
97,0,0,1682,2025-12-03,21:34:00
97,0,0,1682,2025-12-03,21:38:50
97,0,0,1682,2025-12-03,21:43:39
97,0,0,1682,2025-12-03,21:48:30
97,0,0,1682,2025-12-03,21:53:22
97,0,0,1682,2025-12-03,21:58:13
97,0,0,1682,2025-12-03,22:03:04
97,0,0,1682,2025-12-03,22:07:57
97,0,0,1682,2025-12-03,22:12:49
97,0,0,1682,2025-12-03,22:17:40
96,0,0,1682,2025-12-03,22:22:32
96,0,0,1682,2025-12-03,22:27:22
96,0,0,1682,2025-12-03,22:32:14
96,0,0,1682,2025-12-03,22:37:04
96,0,0,1682,2025-12-03,22:41:55
96,0,0,1682,2025-12-03,22:46:47
96,0,0,1682,2025-12-03,22:51:39
96,0,0,1682,2025-12-03,22:56:34
96,0,0,1682,2025-12-03,23:01:27
96,0,0,1682,2025-12-03,23:06:17
96,0,0,1682,2025-12-03,23:11:07
96,0,0,1682,2025-12-03,23:15:58
96,0,0,1682,2025-12-03,23:20:49
96,0,0,1682,2025-12-03,23:25:40
96,0,0,1682,2025-12-03,23:30:30
96,0,0,1682,2025-12-03,23:35:21
96,0,0,1682,2025-12-03,23:40:11
96,0,56,1682,2025-12-03,23:45:02
95,0,54,1682,2025-12-03,23:49:54
95,0,52,1682,2025-12-03,23:54:44
95,0,68,1682,2025-12-03,23:59:34
95,0,66,0,2025-12-04,00:04:25
95,0,0,0,2025-12-04,00:09:18
95,0,0,0,2025-12-04,00:14:08
95,0,0,0,2025-12-04,00:18:58
95,0,0,0,2025-12-04,00:23:48
95,0,0,0,2025-12-04,00:28:38
95,0,0,0,2025-12-04,00:33:28
95,0,0,0,2025-12-04,00:38:21
95,0,0,0,2025-12-04,00:43:11
95,0,0,0,2025-12-04,00:48:03
95,0,0,0,2025-12-04,00:52:52
95,0,0,0,2025-12-04,00:57:43
95,0,0,0,2025-12-04,01:02:33
94,0,0,0,2025-12-04,01:07:25
94,0,0,0,2025-12-04,01:12:16
94,0,0,0,2025-12-04,01:17:10
94,0,0,0,2025-12-04,01:22:01
94,0,0,0,2025-12-04,01:26:51
94,0,0,0,2025-12-04,01:31:42
94,0,0,0,2025-12-04,01:36:35
94,0,0,0,2025-12-04,01:41:27
94,0,0,0,2025-12-04,01:46:18
94,0,0,0,2025-12-04,01:51:09
94,0,0,0,2025-12-04,01:56:01
94,0,0,0,2025-12-04,02:00:51
94,0,0,0,2025-12-04,02:05:47
94,0,0,0,2025-12-04,02:10:37
94,0,0,0,2025-12-04,02:15:31
94,0,0,0,2025-12-04,02:20:21
94,0,0,0,2025-12-04,02:25:12
93,0,0,0,2025-12-04,02:30:02
93,0,0,0,2025-12-04,02:34:52
93,0,0,0,2025-12-04,02:39:44
93,0,0,0,2025-12-04,02:44:36
93,0,0,0,2025-12-04,02:49:25
93,0,0,0,2025-12-04,02:54:15
93,0,0,0,2025-12-04,02:59:05
93,0,0,0,2025-12-04,03:03:56
93,0,0,0,2025-12-04,03:08:47
93,0,0,0,2025-12-04,03:13:37
93,0,0,0,2025-12-04,03:18:28
93,0,0,0,2025-12-04,03:23:19
93,0,0,0,2025-12-04,03:28:09
93,0,52,0,2025-12-04,03:33:00
93,0,75,0,2025-12-04,03:37:52
93,0,64,0,2025-12-04,03:42:44
92,0,47,0,2025-12-04,03:47:36
92,0,65,0,2025-12-04,03:52:29
92,0,0,0,2025-12-04,03:57:21
92,0,0,0,2025-12-04,04:02:12
92,0,0,0,2025-12-04,04:07:02
92,0,0,0,2025-12-04,04:11:54
92,0,0,0,2025-12-04,04:16:45
92,0,0,0,2025-12-04,04:21:35
92,0,0,0,2025-12-04,04:26:25
92,0,0,0,2025-12-04,04:32:37
92,0,0,0,2025-12-04,04:37:33
92,0,0,0,2025-12-04,04:42:25
92,0,0,0,2025-12-04,04:47:19
92,0,0,0,2025-12-04,04:52:15
92,0,0,0,2025-12-04,04:57:11
92,0,0,0,2025-12-04,05:02:06
92,0,0,0,2025-12-04,05:07:00
91,0,0,0,2025-12-04,05:11:55
91,0,0,0,2025-12-04,05:16:52
91,0,0,0,2025-12-04,05:21:45
91,0,0,0,2025-12-04,05:26:41
91,0,0,0,2025-12-04,05:32:45
91,0,0,0,2025-12-04,05:37:38
91,0,0,0,2025-12-04,05:42:31
91,0,0,0,2025-12-04,05:47:29
91,0,0,0,2025-12-04,05:52:23
91,0,0,0,2025-12-04,05:57:20
91,0,0,0,2025-12-04,06:02:12
91,0,0,0,2025-12-04,06:07:05
91,0,0,0,2025-12-04,06:11:57
91,0,0,0,2025-12-04,06:16:51
91,0,0,0,2025-12-04,06:21:43
91,0,0,0,2025-12-04,06:26:36
91,0,0,0,2025-12-04,06:31:29
91,0,0,0,2025-12-04,06:36:22
90,0,0,0,2025-12-04,06:41:16
90,0,0,0,2025-12-04,06:46:08
90,0,0,0,2025-12-04,06:51:01
90,0,0,0,2025-12-04,06:55:54
90,0,41,0,2025-12-04,07:00:45
90,0,59,0,2025-12-04,07:05:36
90,0,70,0,2025-12-04,07:10:28
90,0,0,0,2025-12-04,07:15:21
90,0,0,0,2025-12-04,07:20:18
90,0,0,0,2025-12-04,07:25:12
90,0,0,0,2025-12-04,07:30:05
90,0,0,0,2025-12-04,07:34:59
90,0,0,0,2025-12-04,07:39:53
90,0,0,0,2025-12-04,07:44:45
90,0,0,0,2025-12-04,07:49:37
89,0,0,0,2025-12-04,07:54:31
89,0,0,0,2025-12-04,07:59:22
89,0,0,0,2025-12-04,08:04:16
89,0,0,0,2025-12-04,08:09:08
89,0,0,0,2025-12-04,08:14:01
89,0,0,0,2025-12-04,08:18:55
89,0,0,0,2025-12-04,08:23:47
89,0,0,0,2025-12-04,08:28:40
89,0,0,0,2025-12-04,08:33:56
89,0,0,0,2025-12-04,08:38:51
89,0,0,0,2025-12-04,08:43:44
89,0,0,0,2025-12-04,08:48:39
89,0,0,0,2025-12-04,08:53:35
89,0,0,0,2025-12-04,08:58:30
89,0,0,0,2025-12-04,09:03:24
89,0,0,0,2025-12-04,09:08:20
89,0,0,0,2025-12-04,09:13:15
89,62,0,0,2025-12-04,09:18:11
89,547,0,23,2025-12-04,09:23:03
90,672,0,60,2025-12-04,09:27:57
90,814,7,100,2025-12-04,09:32:51
90,798,0,119,2025-12-04,09:35:02
91,691,0,161,2025-12-04,09:39:56
91,773,0,196,2025-12-04,09:44:49
92,771,0,246,2025-12-04,09:49:42
92,520,0,277,2025-12-04,09:54:36
92,712,0,312,2025-12-04,09:59:29
92,925,52,318,2025-12-04,10:04:23
92,1330,65,318,2025-12-04,10:09:16
92,1319,51,536,2025-12-04,10:14:14
92,1517,51,536,2025-12-04,10:19:08
92,1575,21,777,2025-12-04,10:24:03
92,1310,9,867,2025-12-04,10:28:57
95,1234,0,944,2025-12-04,10:33:49
99,238,17,988,2025-12-04,10:38:43
100,297,2,995,2025-12-04,10:43:34
100,4,15,995,2025-12-04,10:48:28
100,5,18,998,2025-12-04,10:53:24
100,15,23,1000,2025-12-04,10:58:16
100,5,11,1004,2025-12-04,11:03:12
100,4,11,1004,2025-12-04,11:08:04
100,6,67,1004,2025-12-04,11:12:57
100,7,66,1005,2025-12-04,11:17:50
100,8,50,1005,2025-12-04,11:22:42
100,7,74,1005,2025-12-04,11:27:33
100,7,72,1005,2025-12-04,11:32:26
100,6,56,1005,2025-12-04,11:37:18
100,10,67,1005,2025-12-04,11:42:09
100,9,72,1005,2025-12-04,11:47:01
100,5,61,1005,2025-12-04,11:51:54
100,7,57,1005,2025-12-04,11:56:47
100,11,65,1005,2025-12-04,12:01:44
100,3,58,1005,2025-12-04,12:06:38
100,6,85,1005,2025-12-04,12:11:30
100,8,47,1005,2025-12-04,12:16:25
100,8,60,1005,2025-12-04,12:21:19
100,428,10,1023,2025-12-04,12:26:11
100,5,11,1041,2025-12-04,12:31:07
100,2,9,1041,2025-12-04,12:36:11
100,1,19,1041,2025-12-04,12:41:11
100,2,4,1041,2025-12-04,12:46:09
100,4,9,1041,2025-12-04,12:51:07
100,5,30,1041,2025-12-04,12:56:06
100,2,27,1041,2025-12-04,13:01:02
100,6,8,1041,2025-12-04,13:06:00
100,8,13,1041,2025-12-04,13:11:00
100,5,12,1041,2025-12-04,13:15:57
100,1,14,1041,2025-12-04,13:20:59
100,4,28,1041,2025-12-04,13:25:56
100,3,0,1041,2025-12-04,13:30:55
100,1,15,1041,2025-12-04,13:35:56
100,4,19,1041,2025-12-04,13:40:55
100,5,20,1041,2025-12-04,13:45:56
100,480,0,1063,2025-12-04,13:50:55
100,11,76,1063,2025-12-04,13:55:55
100,7,63,1063,2025-12-04,14:00:53
100,10,67,1063,2025-12-04,14:05:51
100,6,59,1063,2025-12-04,14:10:47
100,5,70,1063,2025-12-04,14:15:47
100,5,65,1073,2025-12-04,14:20:43
100,7,61,1073,2025-12-04,14:25:41
100,12,72,1073,2025-12-04,14:28:26
100,5,13,1074,2025-12-04,14:33:19
100,4,11,1074,2025-12-04,14:38:12
100,5,1,1074,2025-12-04,14:43:05
100,6,14,1074,2025-12-04,14:47:59
100,2,0,1074,2025-12-04,14:52:52
100,8,4,1074,2025-12-04,14:57:45
100,6,0,1074,2025-12-04,15:02:37
100,1,21,1074,2025-12-04,15:07:31
100,450,0,1107,2025-12-04,15:12:26
100,729,1067,1124,2025-12-04,15:17:18
100,1,0,1149,2025-12-04,15:22:11
100,6,14,1149,2025-12-04,15:27:05
100,2,5,1149,2025-12-04,15:32:00
100,4,9,1149,2025-12-04,15:36:55
100,8,79,1149,2025-12-04,15:41:54
100,376,1609,1149,2025-12-04,15:46:50
99,275,65,1149,2025-12-04,15:51:46
99,353,2,1149,2025-12-04,15:56:37
100,3,12,1221,2025-12-04,16:01:29
100,2,19,1227,2025-12-04,16:06:21
100,2,15,1227,2025-12-04,16:11:12
100,10,44,1227,2025-12-04,16:16:07
100,2,4,1227,2025-12-04,16:20:58
100,2,27,1227,2025-12-04,16:25:50
100,1,19,1227,2025-12-04,16:30:43
100,1,19,1227,2025-12-04,16:35:37
100,8,23,1227,2025-12-04,16:40:32
100,1,11,1227,2025-12-04,16:45:23
100,5,21,1227,2025-12-04,16:50:16
100,2,3,1227,2025-12-04,16:55:08
100,1,7,1227,2025-12-04,17:00:01
100,3,3,1227,2025-12-04,17:04:56
100,1,1,1227,2025-12-04,17:09:51
100,1,22,1227,2025-12-04,17:14:42
100,2,6,1227,2025-12-04,17:19:34
100,0,40,1227,2025-12-04,17:24:27
100,0,62,1227,2025-12-04,17:29:19
100,0,66,1227,2025-12-04,17:34:12
100,0,54,1227,2025-12-04,17:39:07
99,0,0,1227,2025-12-04,17:43:59
99,0,0,1227,2025-12-04,17:48:50
99,0,0,1227,2025-12-04,17:53:43
99,0,0,1227,2025-12-04,17:58:33
99,0,0,1227,2025-12-04,18:03:26
99,0,0,1227,2025-12-04,18:08:18
99,0,0,1227,2025-12-04,18:13:12
99,0,24,1227,2025-12-04,18:18:06
99,0,0,1227,2025-12-04,18:22:59
99,0,0,1227,2025-12-04,18:27:55
99,0,0,1227,2025-12-04,18:32:48
99,0,0,1227,2025-12-04,18:37:03
99,0,0,1227,2025-12-04,18:42:00
99,0,85,1227,2025-12-04,18:46:56
99,0,72,1227,2025-12-04,18:51:53
98,0,62,1227,2025-12-04,18:56:50
98,0,53,1227,2025-12-04,19:01:47
98,0,0,1227,2025-12-04,19:06:46
98,0,0,1227,2025-12-04,19:11:44
98,0,0,1227,2025-12-04,19:16:40
98,0,0,1227,2025-12-04,19:21:36
98,0,0,1227,2025-12-04,19:26:31
98,0,0,1227,2025-12-04,19:31:27
98,0,0,1227,2025-12-04,19:36:22
98,0,0,1227,2025-12-04,19:38:06
98,0,0,1227,2025-12-04,19:43:07
98,0,0,1227,2025-12-04,19:48:03
98,0,0,1227,2025-12-04,19:53:02
98,0,0,1227,2025-12-04,19:58:01
98,0,0,1227,2025-12-04,20:02:59
98,0,0,1227,2025-12-04,20:08:00
98,0,0,1227,2025-12-04,20:12:58
98,0,0,1227,2025-12-04,20:17:54
97,0,0,1227,2025-12-04,20:22:52
97,0,0,1227,2025-12-04,20:27:53
97,0,0,1227,2025-12-04,20:32:52
97,0,0,1227,2025-12-04,20:37:50
97,0,0,1227,2025-12-04,20:39:16
97,0,0,1227,2025-12-04,20:44:08
97,0,0,1227,2025-12-04,20:48:59
97,0,0,1227,2025-12-04,20:53:51
97,0,0,1227,2025-12-04,20:58:45
97,0,0,1227,2025-12-04,21:03:38
97,0,0,1227,2025-12-04,21:08:30
97,0,0,1227,2025-12-04,21:13:22
97,0,0,1227,2025-12-04,21:18:16
97,0,0,1227,2025-12-04,21:23:06
97,0,0,1227,2025-12-04,21:27:58
97,0,59,1227,2025-12-04,21:32:48
97,0,52,1227,2025-12-04,21:37:40
96,0,68,1227,2025-12-04,21:42:33
96,0,0,1227,2025-12-04,21:47:24
96,0,0,1227,2025-12-04,21:52:16
96,0,0,1227,2025-12-04,21:57:08
96,0,0,1227,2025-12-04,22:02:04
96,0,0,1227,2025-12-04,22:06:56
96,0,0,1227,2025-12-04,22:11:47
96,0,0,1227,2025-12-04,22:16:37
96,0,0,1227,2025-12-04,22:21:29
96,0,0,1227,2025-12-04,22:26:21
96,0,0,1227,2025-12-04,22:31:11
96,0,0,1227,2025-12-04,22:36:01
96,0,0,1227,2025-12-04,22:40:52
96,0,0,1227,2025-12-04,22:45:44
96,0,0,1227,2025-12-04,22:50:36
96,0,0,1227,2025-12-04,22:55:27
96,0,0,1227,2025-12-04,23:00:18
95,0,0,1227,2025-12-04,23:05:10
95,0,0,1227,2025-12-04,23:10:01
95,0,0,1227,2025-12-04,23:14:53
95,0,0,1227,2025-12-04,23:19:46
95,0,0,1227,2025-12-04,23:24:38
95,0,0,1227,2025-12-04,23:29:30
95,0,0,1227,2025-12-04,23:34:23
95,0,0,1227,2025-12-04,23:39:15
95,0,0,1227,2025-12-04,23:44:10
95,0,0,1227,2025-12-04,23:49:02
95,0,0,1227,2025-12-04,23:53:55
95,0,0,1227,2025-12-04,23:58:46
95,0,56,0,2025-12-05,00:03:37
95,0,61,0,2025-12-05,00:08:28
95,0,62,0,2025-12-05,00:13:21
95,0,61,0,2025-12-05,00:18:14
94,0,0,0,2025-12-05,00:23:06
94,0,0,0,2025-12-05,00:27:57
94,0,0,0,2025-12-05,00:32:46
94,0,0,0,2025-12-05,00:37:36
94,0,0,0,2025-12-05,00:40:34
94,0,0,0,2025-12-05,00:45:23
94,0,0,0,2025-12-05,00:50:17
94,0,0,0,2025-12-05,00:55:08
94,0,0,0,2025-12-05,00:59:58
94,0,0,0,2025-12-05,01:04:48
94,0,0,0,2025-12-05,01:09:40
94,0,0,0,2025-12-05,01:14:30
94,0,0,0,2025-12-05,01:19:20
94,0,0,0,2025-12-05,01:24:11
94,0,0,0,2025-12-05,01:29:03
94,0,0,0,2025-12-05,01:33:53
94,0,0,0,2025-12-05,01:38:44
94,0,0,0,2025-12-05,01:41:37
94,0,0,0,2025-12-05,01:46:33
93,0,0,0,2025-12-05,01:51:30
93,0,0,0,2025-12-05,01:56:30
93,0,0,0,2025-12-05,02:01:28
93,0,0,0,2025-12-05,02:06:29
93,0,0,0,2025-12-05,02:11:25
93,0,0,0,2025-12-05,02:16:23
93,0,0,0,2025-12-05,02:21:20
93,0,0,0,2025-12-05,02:26:19
93,0,0,0,2025-12-05,02:31:18
93,0,0,0,2025-12-05,02:36:14
93,0,0,0,2025-12-05,02:41:11
93,0,0,0,2025-12-05,02:46:11
93,0,0,0,2025-12-05,02:51:06
93,0,0,0,2025-12-05,02:56:06
93,0,0,0,2025-12-05,03:01:05
93,0,0,0,2025-12-05,03:06:05
93,0,0,0,2025-12-05,03:11:02
92,0,0,0,2025-12-05,03:16:00
92,0,0,0,2025-12-05,03:20:57
92,0,0,0,2025-12-05,03:25:54
92,0,0,0,2025-12-05,03:30:52
92,0,0,0,2025-12-05,03:35:52
92,0,0,0,2025-12-05,03:40:46
92,0,0,0,2025-12-05,03:42:52
92,0,0,0,2025-12-05,03:47:42
92,0,58,0,2025-12-05,03:52:34
92,0,59,0,2025-12-05,03:57:24
92,0,49,0,2025-12-05,04:02:18
92,0,57,0,2025-12-05,04:07:08
92,0,0,0,2025-12-05,04:12:02
92,0,0,0,2025-12-05,04:17:00
92,0,0,0,2025-12-05,04:21:54
92,0,0,0,2025-12-05,04:26:46
91,0,0,0,2025-12-05,04:31:42
91,0,0,0,2025-12-05,04:36:33
91,0,0,0,2025-12-05,04:41:26
91,0,0,0,2025-12-05,04:46:21
91,0,0,0,2025-12-05,04:51:12
91,0,0,0,2025-12-05,04:56:07
91,0,0,0,2025-12-05,05:01:02
91,0,0,0,2025-12-05,05:05:54
91,0,0,0,2025-12-05,05:10:47
91,0,0,0,2025-12-05,05:15:40
91,0,0,0,2025-12-05,05:20:33
91,0,0,0,2025-12-05,05:25:27
91,0,0,0,2025-12-05,05:30:22
91,0,0,0,2025-12-05,05:35:17
91,0,0,0,2025-12-05,05:40:12
91,0,0,0,2025-12-05,05:45:05
91,0,0,0,2025-12-05,05:50:01
91,0,0,0,2025-12-05,05:54:53
90,0,0,0,2025-12-05,05:59:44
90,0,0,0,2025-12-05,06:04:37
90,0,0,0,2025-12-05,06:09:30
90,0,0,0,2025-12-05,06:14:21
90,0,0,0,2025-12-05,06:19:16
90,0,0,0,2025-12-05,06:24:10
90,0,0,0,2025-12-05,06:29:06
90,0,0,0,2025-12-05,06:33:58
90,0,0,0,2025-12-05,06:38:51
90,0,0,0,2025-12-05,06:44:01
90,0,0,0,2025-12-05,06:48:52
90,0,79,0,2025-12-05,06:53:44
90,0,59,0,2025-12-05,06:58:38
90,0,54,0,2025-12-05,07:03:29
90,0,60,0,2025-12-05,07:08:22
89,0,57,0,2025-12-05,07:13:16
89,0,66,0,2025-12-05,07:18:07
89,0,0,0,2025-12-05,07:22:59
85,0,2090,0,2025-12-05,07:27:50
83,0,0,0,2025-12-05,07:32:42
83,0,0,0,2025-12-05,07:37:35
83,0,0,0,2025-12-05,07:42:27
83,0,0,0,2025-12-05,07:45:06
82,0,18,0,2025-12-05,07:49:56
82,0,16,0,2025-12-05,07:54:47
82,0,15,0,2025-12-05,07:59:37
82,0,19,0,2025-12-05,08:04:28
82,0,12,0,2025-12-05,08:09:18
82,0,16,0,2025-12-05,08:14:08
82,0,5,0,2025-12-05,08:18:58
82,0,1,0,2025-12-05,08:23:48
82,0,19,0,2025-12-05,08:28:38
82,0,30,0,2025-12-05,08:33:29
82,0,14,0,2025-12-05,08:38:19
82,0,8,0,2025-12-05,08:43:08
82,0,6,0,2025-12-05,08:48:01
82,0,0,0,2025-12-05,08:52:56
82,0,0,0,2025-12-05,08:57:46
82,0,0,0,2025-12-05,09:02:38
82,0,0,0,2025-12-05,09:07:28
82,0,0,0,2025-12-05,09:12:19
82,45,0,0,2025-12-05,09:17:11
82,247,0,5,2025-12-05,09:22:05
81,415,2115,23,2025-12-05,09:26:57
77,768,0,76,2025-12-05,09:31:48
77,466,0,110,2025-12-05,09:36:38
78,525,0,153,2025-12-05,09:41:30
78,402,9,191,2025-12-05,09:46:20
80,587,41,222,2025-12-05,09:51:10
82,932,0,264,2025-12-05,09:56:04
85,701,11,315,2025-12-05,10:00:55
87,905,67,329,2025-12-05,10:05:46
88,1356,62,329,2025-12-05,10:10:37
89,1174,65,329,2025-12-05,10:15:28
90,1628,48,329,2025-12-05,10:20:18
91,1584,52,768,2025-12-05,10:25:09
91,1276,59,768,2025-12-05,10:30:00
91,706,51,768,2025-12-05,10:34:50
91,864,66,768,2025-12-05,10:39:41
91,1430,61,768,2025-12-05,10:44:33
91,1404,76,768,2025-12-05,10:49:24
92,1169,76,768,2025-12-05,10:54:14
94,1442,55,768,2025-12-05,10:59:06
96,1079,64,768,2025-12-05,11:03:57
99,543,56,768,2025-12-05,11:08:46
99,13,85,768,2025-12-05,11:13:35
99,188,80,768,2025-12-05,11:18:25
99,68,94,768,2025-12-05,11:23:16
99,9,77,768,2025-12-05,11:28:11
100,12,89,1602,2025-12-05,11:33:02
100,11,96,1602,2025-12-05,11:37:51
100,18,90,1602,2025-12-05,11:42:43
100,14,81,1602,2025-12-05,11:47:33
100,16,83,1602,2025-12-05,11:52:24
100,15,91,1602,2025-12-05,11:57:14
100,2263,2644,1602,2025-12-05,12:02:05
98,2522,2625,1602,2025-12-05,12:06:56
98,2604,2597,1602,2025-12-05,12:11:48
97,2686,2628,2096,2025-12-05,12:16:41
96,1789,2608,2096,2025-12-05,12:21:31
94,2988,2613,2096,2025-12-05,12:26:22
93,1816,2621,2096,2025-12-05,12:31:13
92,1321,2595,2096,2025-12-05,12:36:03
90,592,2613,2096,2025-12-05,12:40:53
88,2806,2620,2096,2025-12-05,12:45:34
88,2691,2609,2096,2025-12-05,12:50:28
88,2847,2648,2096,2025-12-05,12:55:26
88,2864,2621,2096,2025-12-05,13:00:24
88,3040,2616,2096,2025-12-05,13:05:22
88,2750,2585,2096,2025-12-05,13:10:23
86,688,2610,2096,2025-12-05,13:15:22
85,2675,2588,4412,2025-12-05,13:20:21
83,722,2579,4412,2025-12-05,13:25:18
83,781,2603,4412,2025-12-05,13:30:15
83,2870,2618,4412,2025-12-05,13:35:17
81,3176,2596,4412,2025-12-05,13:40:15
77,682,2676,4412,2025-12-05,13:45:13
79,2205,86,4412,2025-12-05,13:50:10
81,2027,89,4412,2025-12-05,13:55:09
82,561,2706,4412,2025-12-05,14:00:02
81,2385,2588,4412,2025-12-05,14:05:00
81,626,2588,4412,2025-12-05,14:09:53
77,837,2581,4412,2025-12-05,14:14:48
74,2335,2593,4412,2025-12-05,14:19:44
72,989,2578,6203,2025-12-05,14:24:39
67,635,2587,6203,2025-12-05,14:28:40
60,823,2585,6203,2025-12-05,14:33:39
54,565,2561,6203,2025-12-05,14:38:38
50,570,2547,6203,2025-12-05,14:43:36
50,764,2570,6203,2025-12-05,14:45:55
48,480,2553,6203,2025-12-05,14:50:53
46,677,2566,6203,2025-12-05,14:55:47
45,602,16,6575,2025-12-05,15:00:43
46,562,23,6638,2025-12-05,15:05:38
46,673,12,6680,2025-12-05,15:10:33
47,842,21,6742,2025-12-05,15:15:28
47,653,23,6780,2025-12-05,15:20:25
48,417,18,6825,2025-12-05,15:25:18
51,1611,73,6864,2025-12-05,15:30:13
52,276,80,6864,2025-12-05,15:35:08
53,263,75,6864,2025-12-05,15:40:03
53,259,56,6864,2025-12-05,15:46:07
54,544,64,6864,2025-12-05,15:51:04
55,401,11,7123,2025-12-05,15:56:01
56,682,12,7157,2025-12-05,16:00:58
57,318,12,7157,2025-12-05,16:05:55
58,691,12,7248,2025-12-05,16:10:50
60,769,19,7284,2025-12-05,16:15:44
63,519,11,7345,2025-12-05,16:20:41
64,611,14,7386,2025-12-05,16:25:40
64,290,9,7415,2025-12-05,16:30:36
65,322,6,7429,2025-12-05,16:35:36
65,230,14,7438,2025-12-05,16:40:35
65,190,3,7440,2025-12-05,16:45:32
65,190,0,7447,2025-12-05,16:50:29
65,366,0,7457,2025-12-05,16:55:27
66,16,0,7462,2025-12-05,17:00:24
66,269,0,7476,2025-12-05,17:05:20
66,9,0,7477,2025-12-05,17:10:17
66,0,0,7479,2025-12-05,17:15:14
66,176,0,7482,2025-12-05,17:20:11
66,158,64,7482,2025-12-05,17:25:10
66,74,73,7482,2025-12-05,17:30:06
66,0,76,7512,2025-12-05,17:35:01
66,0,81,7512,2025-12-05,17:39:58
66,0,69,7512,2025-12-05,17:44:52
66,0,76,7512,2025-12-05,17:49:48
66,0,76,7512,2025-12-05,17:54:48
66,0,31,7512,2025-12-05,17:59:49
65,0,28,7512,2025-12-05,18:04:46
65,0,27,7512,2025-12-05,18:09:42
65,0,21,7512,2025-12-05,18:14:41
65,0,27,7512,2025-12-05,18:19:37
65,0,19,7512,2025-12-05,18:24:32
65,0,30,7512,2025-12-05,18:29:32
65,0,24,7512,2025-12-05,18:34:28
65,0,39,7512,2025-12-05,18:39:26
65,0,28,7512,2025-12-05,18:44:24
65,0,30,7512,2025-12-05,18:47:22
65,0,21,7512,2025-12-05,18:52:20
65,0,16,7512,2025-12-05,18:57:14
65,0,24,7512,2025-12-05,19:02:08
64,0,66,7512,2025-12-05,19:07:04
64,0,82,7512,2025-12-05,19:11:58
64,0,69,7512,2025-12-05,19:16:53
64,0,80,7512,2025-12-05,19:21:50
64,0,75,7512,2025-12-05,19:26:47
64,0,88,7512,2025-12-05,19:31:45
64,0,13,7512,2025-12-05,19:36:40
64,0,27,7512,2025-12-05,19:41:36
64,0,0,7512,2025-12-05,19:46:30
64,0,42,7512,2025-12-05,19:51:27
64,0,25,7512,2025-12-05,19:56:25
63,0,19,7512,2025-12-05,20:01:21
63,0,26,7512,2025-12-05,20:06:14
63,0,34,7512,2025-12-05,20:11:13
63,0,24,7512,2025-12-05,20:16:09
63,0,19,7512,2025-12-05,20:21:04
63,0,24,7512,2025-12-05,20:26:00
63,0,29,7512,2025-12-05,20:31:01
63,0,34,7512,2025-12-05,20:35:55
63,0,31,7512,2025-12-05,20:40:51
63,0,0,7512,2025-12-05,20:45:44
63,0,0,7512,2025-12-05,20:50:41
63,0,0,7512,2025-12-05,20:55:39
63,0,19,7512,2025-12-05,21:00:33
63,0,10,7512,2025-12-05,21:05:31
63,0,0,7512,2025-12-05,21:10:24
62,0,0,7512,2025-12-05,21:15:20
62,0,13,7512,2025-12-05,21:20:17
62,0,21,7512,2025-12-05,21:25:11
62,0,4,7512,2025-12-05,21:30:07
62,0,0,7512,2025-12-05,21:35:00
62,0,0,7512,2025-12-05,21:39:54
62,0,11,7512,2025-12-05,21:44:47
62,0,0,7512,2025-12-05,21:48:35
62,0,57,7512,2025-12-05,21:53:35
62,0,78,7512,2025-12-05,21:58:34
62,0,63,7512,2025-12-05,22:03:30
62,0,61,7512,2025-12-05,22:08:25
62,0,52,7512,2025-12-05,22:13:27
61,0,71,7512,2025-12-05,22:18:27
61,0,0,0,2025-12-05,22:23:25
61,0,0,0,2025-12-05,22:28:23
61,0,0,0,2025-12-05,22:33:24
61,0,0,0,2025-12-05,22:38:24
61,0,0,0,2025-12-05,22:43:27
61,0,0,0,2025-12-05,22:48:23
61,0,0,0,2025-12-05,22:53:21
61,0,0,0,2025-12-05,22:58:20
61,0,0,0,2025-12-05,23:03:20
61,0,0,0,2025-12-05,23:08:22
61,0,0,0,2025-12-05,23:13:18
61,0,0,0,2025-12-05,23:18:15
61,0,0,0,2025-12-05,23:23:12
61,0,0,0,2025-12-05,23:28:11
61,0,0,0,2025-12-05,23:33:10
61,0,0,0,2025-12-05,23:38:12
60,0,0,0,2025-12-05,23:43:09
60,0,0,0,2025-12-05,23:48:02
60,0,0,0,2025-12-05,23:53:02
60,0,0,0,2025-12-05,23:58:05
60,0,36,0,2025-12-06,00:03:07
60,0,53,0,2025-12-06,00:08:04
60,0,47,0,2025-12-06,00:13:11
60,0,85,0,2025-12-06,00:18:11
60,0,48,0,2025-12-06,00:23:08
60,0,0,0,2025-12-06,00:28:08
60,0,0,0,2025-12-06,00:33:05
60,0,0,0,2025-12-06,00:38:00
60,0,0,0,2025-12-06,00:42:57
59,0,0,0,2025-12-06,00:47:53
59,0,0,0,2025-12-06,00:52:51
59,0,0,0,2025-12-06,00:57:53
59,0,0,0,2025-12-06,01:02:49
59,0,0,0,2025-12-06,01:07:47
59,0,0,0,2025-12-06,01:12:43
59,0,0,0,2025-12-06,01:17:45
59,0,0,0,2025-12-06,01:22:42
59,0,0,0,2025-12-06,01:27:39
59,0,0,0,2025-12-06,01:32:36
59,0,0,0,2025-12-06,01:37:34
59,0,0,0,2025-12-06,01:42:28
59,0,0,0,2025-12-06,01:47:24
59,0,0,0,2025-12-06,01:49:54
59,0,0,0,2025-12-06,01:54:43
59,0,0,0,2025-12-06,01:59:34
59,0,54,0,2025-12-06,02:04:24
58,0,77,0,2025-12-06,02:09:13
58,0,60,0,2025-12-06,02:14:05
58,0,53,0,2025-12-06,02:18:59
58,0,0,0,2025-12-06,02:23:50
58,0,0,0,2025-12-06,02:28:40
58,0,0,0,2025-12-06,02:33:31
58,0,0,0,2025-12-06,02:38:23
58,0,0,0,2025-12-06,02:43:15
58,0,0,0,2025-12-06,02:48:06
58,0,0,0,2025-12-06,02:52:56
58,0,0,0,2025-12-06,02:57:46
58,0,0,0,2025-12-06,03:02:37
58,0,0,0,2025-12-06,03:07:29
58,0,0,0,2025-12-06,03:12:19
58,0,0,0,2025-12-06,03:17:09
58,0,0,0,2025-12-06,03:22:02
57,0,0,0,2025-12-06,03:26:55
57,0,0,0,2025-12-06,03:31:45
57,0,0,0,2025-12-06,03:36:35
57,0,0,0,2025-12-06,03:41:27
57,0,0,0,2025-12-06,03:46:16
57,0,0,0,2025-12-06,03:51:08
57,0,0,0,2025-12-06,03:56:00
57,0,0,0,2025-12-06,04:00:50
57,0,0,0,2025-12-06,04:05:40
57,0,0,0,2025-12-06,04:10:32
57,0,52,0,2025-12-06,04:15:24
57,0,71,0,2025-12-06,04:20:14
57,0,59,0,2025-12-06,04:25:07
57,0,0,0,2025-12-06,04:29:58
56,0,0,0,2025-12-06,04:34:49
56,0,0,0,2025-12-06,04:39:39
56,0,0,0,2025-12-06,04:44:34
56,0,0,0,2025-12-06,04:49:24
56,0,0,0,2025-12-06,04:54:14
56,0,0,0,2025-12-06,04:59:05
56,0,0,0,2025-12-06,05:03:55
56,0,0,0,2025-12-06,05:08:45
56,0,0,0,2025-12-06,05:13:35
56,0,0,0,2025-12-06,05:18:26
56,0,0,0,2025-12-06,05:23:18
56,0,0,0,2025-12-06,05:28:09
56,0,0,0,2025-12-06,05:33:02
56,0,0,0,2025-12-06,05:37:53
56,0,0,0,2025-12-06,05:42:42
56,0,0,0,2025-12-06,05:47:33
56,0,0,0,2025-12-06,05:52:24
56,0,0,0,2025-12-06,05:57:14
55,0,0,0,2025-12-06,06:02:06
55,0,0,0,2025-12-06,06:06:56
55,0,0,0,2025-12-06,06:11:47
55,0,0,0,2025-12-06,06:16:38
55,0,0,0,2025-12-06,06:21:28
55,0,0,0,2025-12-06,06:26:18
55,0,78,0,2025-12-06,06:31:10
55,0,65,0,2025-12-06,06:35:59
55,0,76,0,2025-12-06,06:40:49
55,0,42,0,2025-12-06,06:45:40
55,0,0,0,2025-12-06,06:51:17
55,0,0,0,2025-12-06,06:56:10
55,0,16,0,2025-12-06,07:01:02
54,0,0,0,2025-12-06,07:05:54
54,0,0,0,2025-12-06,07:10:47
54,0,0,0,2025-12-06,07:15:40
54,0,0,0,2025-12-06,07:20:35
54,0,2079,0,2025-12-06,07:25:26
47,0,2078,0,2025-12-06,07:30:18
46,0,0,0,2025-12-06,07:35:11
46,0,0,0,2025-12-06,07:40:02
46,0,21,0,2025-12-06,07:44:55
46,0,38,0,2025-12-06,07:49:47
46,0,18,0,2025-12-06,07:54:39
46,0,22,0,2025-12-06,07:59:31
46,0,29,0,2025-12-06,08:04:24
46,0,37,0,2025-12-06,08:09:16
46,0,26,0,2025-12-06,08:14:08
46,0,27,0,2025-12-06,08:19:00
45,0,114,0,2025-12-06,08:23:52
45,0,98,0,2025-12-06,08:28:44
45,0,96,0,2025-12-06,08:33:36
45,0,81,0,2025-12-06,08:38:27
45,0,27,0,2025-12-06,08:43:22
45,0,25,0,2025-12-06,08:48:17
45,0,24,0,2025-12-06,08:53:08
45,0,31,0,2025-12-06,08:58:00
45,0,15,0,2025-12-06,09:02:54
45,0,30,0,2025-12-06,09:07:46
45,0,37,0,2025-12-06,09:12:37
44,0,2130,0,2025-12-06,09:17:31
41,356,12,0,2025-12-06,09:22:22
41,571,5,40,2025-12-06,09:27:13
41,639,9,87,2025-12-06,09:32:02
42,760,5,137,2025-12-06,09:36:55
42,801,16,166,2025-12-06,09:41:48
43,868,18,243,2025-12-06,09:46:40
44,945,17,307,2025-12-06,09:52:32
45,1027,12,349,2025-12-06,09:57:21
45,1098,19,487,2025-12-06,10:02:14
46,1195,28,565,2025-12-06,10:07:04
47,1388,30,675,2025-12-06,10:11:58
48,1444,8,765,2025-12-06,10:16:49
49,1492,66,765,2025-12-06,10:21:41
50,1524,77,765,2025-12-06,10:26:32
51,1573,80,765,2025-12-06,10:31:23
52,1616,71,765,2025-12-06,10:36:14
53,1665,66,765,2025-12-06,10:41:06
55,1742,76,765,2025-12-06,10:45:56
56,1873,67,765,2025-12-06,10:50:49
57,1931,4,765,2025-12-06,10:55:42
58,2001,15,1920,2025-12-06,11:00:32
60,2044,14,2064,2025-12-06,11:05:23
61,2071,279,2172,2025-12-06,11:10:14
62,2122,55,2314,2025-12-06,11:15:05
62,1056,41,2314,2025-12-06,11:19:57
62,1055,71,2460,2025-12-06,11:24:47
63,1065,53,2460,2025-12-06,11:29:39
67,1107,67,2460,2025-12-06,11:34:29
69,433,55,2460,2025-12-06,11:39:21
69,204,56,2460,2025-12-06,11:44:13
70,12,65,2460,2025-12-06,11:49:05
70,58,122,2460,2025-12-06,11:54:43
70,63,127,2460,2025-12-06,11:59:38
69,2410,2694,2460,2025-12-06,12:04:36
69,2494,2679,2460,2025-12-06,12:09:30
69,2481,2705,2460,2025-12-06,12:14:25
69,2593,2691,2460,2025-12-06,12:19:23
69,2607,2702,2460,2025-12-06,12:24:16
68,2638,2696,3767,2025-12-06,12:29:07
68,2614,2670,3767,2025-12-06,12:34:00
68,2654,2707,3767,2025-12-06,12:38:56
68,2694,2665,3767,2025-12-06,12:43:52
68,2717,2708,3767,2025-12-06,12:48:49
68,2720,2696,3767,2025-12-06,12:53:45
68,2585,2678,3767,2025-12-06,12:58:39
68,2545,2693,3767,2025-12-06,13:03:35
68,2578,2691,3767,2025-12-06,13:08:29
68,2543,2690,3767,2025-12-06,13:13:22
67,2440,2680,3767,2025-12-06,13:18:20
67,2428,2672,3767,2025-12-06,13:23:17
67,2415,2640,3767,2025-12-06,13:28:11
67,2389,2671,6357,2025-12-06,13:33:06
66,2401,2644,6357,2025-12-06,13:38:02
66,2386,2642,6357,2025-12-06,13:42:57
66,2380,2611,6357,2025-12-06,13:47:55
66,2350,2601,6357,2025-12-06,13:52:51
65,2339,2638,6357,2025-12-06,13:54:55
65,2102,2628,6357,2025-12-06,13:59:49
65,2074,2641,6357,2025-12-06,14:04:42
64,2022,2601,6357,2025-12-06,14:09:36
64,1926,2619,6357,2025-12-06,14:14:32
63,1898,2587,7946,2025-12-06,14:19:24
62,1890,2587,7946,2025-12-06,14:24:17
62,1857,2597,7946,2025-12-06,14:28:26
61,1881,2595,7946,2025-12-06,14:33:21
61,1918,2585,7946,2025-12-06,14:38:14
60,1883,2592,7946,2025-12-06,14:43:06
60,1851,2573,7946,2025-12-06,14:47:58
59,1746,2545,7946,2025-12-06,14:52:51
58,1209,2554,7946,2025-12-06,14:57:44
58,1424,63,7946,2025-12-06,15:02:36
59,1266,70,7946,2025-12-06,15:07:28
60,1213,56,7946,2025-12-06,15:12:19
61,1278,58,7946,2025-12-06,15:17:14
62,1227,74,9605,2025-12-06,15:22:08
63,1254,82,9605,2025-12-06,15:26:59
63,1252,72,9605,2025-12-06,15:31:53
63,1157,59,9605,2025-12-06,15:36:44
63,1103,54,9605,2025-12-06,15:41:37
63,1024,67,9605,2025-12-06,15:46:29
63,922,64,9605,2025-12-06,15:51:20
63,828,47,9605,2025-12-06,15:56:13
63,761,6,10295,2025-12-06,16:01:15
63,630,6,10354,2025-12-06,16:06:13
63,494,16,10393,2025-12-06,16:11:14
63,630,9,10422,2025-12-06,16:16:10
63,590,1,10466,2025-12-06,16:21:09
63,517,6,10504,2025-12-06,16:26:09
67,382,6,10529,2025-12-06,16:31:08
70,373,12,10541,2025-12-06,16:36:09
71,1,19,10566,2025-12-06,16:41:08
71,7,30,10573,2025-12-06,16:46:08
71,200,21,10577,2025-12-06,16:51:08
71,317,25,10579,2025-12-06,16:56:07
71,3,58,10583,2025-12-06,17:01:04
71,2,30,10585,2025-12-06,17:06:02
71,275,25,10585,2025-12-06,17:10:59
71,1,27,10585,2025-12-06,17:15:55
71,8,10,10615,2025-12-06,17:20:50
71,133,33,10615,2025-12-06,17:25:48
71,43,29,10620,2025-12-06,17:30:45
74,0,83,10623,2025-12-06,17:35:46
76,0,73,10623,2025-12-06,17:40:41
77,0,78,10623,2025-12-06,17:45:41
77,0,90,10623,2025-12-06,17:50:39
77,0,26,10623,2025-12-06,17:55:40
77,0,42,10623,2025-12-06,17:57:27
77,0,31,10623,2025-12-06,18:02:18
77,0,57,10623,2025-12-06,18:07:12
77,0,30,10623,2025-12-06,18:12:03
77,0,14,10623,2025-12-06,18:16:57
77,0,18,10623,2025-12-06,18:21:49
77,0,43,10623,2025-12-06,18:26:44
77,0,29,10623,2025-12-06,18:31:39
77,0,5,10623,2025-12-06,18:36:33
76,0,0,10623,2025-12-06,18:41:27
76,0,34,10623,2025-12-06,18:46:19
76,0,22,10623,2025-12-06,18:51:11
76,0,29,10623,2025-12-06,18:56:06
76,0,15,10623,2025-12-06,18:58:45
76,0,29,10623,2025-12-06,19:03:39
76,0,34,10623,2025-12-06,19:08:35
76,0,82,10623,2025-12-06,19:13:33
76,0,96,10623,2025-12-06,19:18:35
76,0,64,10623,2025-12-06,19:23:32
76,0,83,10623,2025-12-06,19:28:31
75,0,24,10623,2025-12-06,19:33:32
75,0,44,10623,2025-12-06,19:38:32
75,0,38,10623,2025-12-06,19:43:30
75,0,44,10623,2025-12-06,19:48:28
75,0,46,10623,2025-12-06,19:53:27
75,0,31,10623,2025-12-06,19:58:25
75,0,32,10623,2025-12-06,20:03:23
75,0,30,10623,2025-12-06,20:08:21
75,0,23,10623,2025-12-06,20:13:17
75,0,27,10623,2025-12-06,20:18:16
75,0,22,10623,2025-12-06,20:23:12
75,0,34,10623,2025-12-06,20:28:06
75,0,18,10623,2025-12-06,20:33:03
75,0,11,10623,2025-12-06,20:37:59
75,0,20,10623,2025-12-06,20:42:59
74,0,7,10623,2025-12-06,20:47:59
74,0,0,10623,2025-12-06,20:52:59
74,0,0,10623,2025-12-06,20:57:57
74,0,0,10623,2025-12-06,21:02:53
74,0,0,10623,2025-12-06,21:07:53
74,0,14,10623,2025-12-06,21:12:50
74,0,28,10623,2025-12-06,21:17:48
74,0,14,10623,2025-12-06,21:22:43
74,0,15,10623,2025-12-06,21:27:39
74,0,30,10623,2025-12-06,21:32:37
74,0,8,10623,2025-12-06,21:37:33
74,0,16,10623,2025-12-06,21:42:29
74,0,31,10623,2025-12-06,21:47:29
74,0,7,10623,2025-12-06,21:52:28
74,0,23,10623,2025-12-06,21:57:27
74,0,15,10623,2025-12-06,22:02:28
73,0,24,10623,2025-12-06,22:07:25
73,0,73,10623,2025-12-06,22:12:20
73,0,79,10623,2025-12-06,22:17:17
73,0,70,10623,2025-12-06,22:22:15
73,0,70,10623,2025-12-06,22:27:16
73,0,75,10623,2025-12-06,22:32:15
73,0,39,10623,2025-12-06,22:37:16
73,0,57,10623,2025-12-06,22:42:13
73,0,11,10623,2025-12-06,22:47:10
73,0,0,10623,2025-12-06,22:52:09
73,0,0,10623,2025-12-06,22:57:04
73,0,0,10623,2025-12-06,22:59:59
72,0,29,10623,2025-12-06,23:04:49
72,0,0,10623,2025-12-06,23:09:41
72,0,0,10623,2025-12-06,23:14:34
72,0,0,10623,2025-12-06,23:19:24
72,0,0,10623,2025-12-06,23:24:17
72,0,0,10623,2025-12-06,23:29:08
72,0,0,10623,2025-12-06,23:34:00
72,0,0,10623,2025-12-06,23:38:55
72,0,0,10623,2025-12-06,23:43:47
72,0,0,10623,2025-12-06,23:48:37
72,0,0,10623,2025-12-06,23:53:29
72,0,0,10623,2025-12-06,23:58:20
72,0,0,0,2025-12-07,00:00:09
72,0,0,0,2025-12-07,00:05:02
72,0,0,0,2025-12-07,00:09:56
72,0,0,0,2025-12-07,00:14:47
72,0,0,0,2025-12-07,00:19:38
72,0,0,0,2025-12-07,00:24:28
71,0,0,0,2025-12-07,00:29:19
71,0,0,0,2025-12-07,00:34:12
71,0,0,0,2025-12-07,00:39:04
71,0,0,0,2025-12-07,00:43:54
71,0,0,0,2025-12-07,00:48:48
71,0,0,0,2025-12-07,00:53:40
71,0,0,0,2025-12-07,00:58:31
71,0,0,0,2025-12-07,01:01:10
71,0,0,0,2025-12-07,01:06:08
71,0,0,0,2025-12-07,01:11:04
71,0,0,0,2025-12-07,01:16:01
71,0,0,0,2025-12-07,01:20:57
71,0,0,0,2025-12-07,01:25:54
71,0,0,0,2025-12-07,01:30:50
71,0,0,0,2025-12-07,01:35:46
71,0,0,0,2025-12-07,01:40:42
71,0,0,0,2025-12-07,01:45:36
71,0,0,0,2025-12-07,01:50:35
70,0,0,0,2025-12-07,01:55:31
70,0,0,0,2025-12-07,02:00:29
70,0,0,0,2025-12-07,02:05:23
70,0,0,0,2025-12-07,02:10:20
70,0,0,0,2025-12-07,02:15:13
70,0,85,0,2025-12-07,02:20:06
70,0,64,0,2025-12-07,02:25:00
70,0,60,0,2025-12-07,02:29:54
70,0,0,0,2025-12-07,02:34:47
70,0,0,0,2025-12-07,02:39:41
70,0,0,0,2025-12-07,02:44:38
70,0,0,0,2025-12-07,02:49:31
70,0,0,0,2025-12-07,02:54:28
70,0,0,0,2025-12-07,02:59:24
70,0,0,0,2025-12-07,03:02:22
70,0,0,0,2025-12-07,03:07:12
69,0,0,0,2025-12-07,03:12:05
69,0,0,0,2025-12-07,03:16:55
69,0,0,0,2025-12-07,03:21:44
69,0,0,0,2025-12-07,03:26:35
69,0,0,0,2025-12-07,03:31:25
69,0,0,0,2025-12-07,03:36:15
69,0,0,0,2025-12-07,03:41:05
69,0,0,0,2025-12-07,03:45:55
69,0,0,0,2025-12-07,03:50:47
69,0,0,0,2025-12-07,03:55:37
69,0,0,0,2025-12-07,04:00:27
69,0,0,0,2025-12-07,04:03:31
69,0,0,0,2025-12-07,04:08:22
69,0,0,0,2025-12-07,04:13:12
69,0,0,0,2025-12-07,04:18:03
69,0,0,0,2025-12-07,04:22:56
69,0,0,0,2025-12-07,04:27:45
69,0,0,0,2025-12-07,04:32:36
68,0,0,0,2025-12-07,04:37:30
68,0,0,0,2025-12-07,04:42:23
68,0,0,0,2025-12-07,04:47:17
68,0,0,0,2025-12-07,04:52:08
68,0,0,0,2025-12-07,04:56:58
68,0,0,0,2025-12-07,05:01:52
68,0,0,0,2025-12-07,05:06:44
68,0,0,0,2025-12-07,05:11:35
68,0,0,0,2025-12-07,05:16:26
68,0,0,0,2025-12-07,05:21:20
68,0,51,0,2025-12-07,05:26:12
68,0,78,0,2025-12-07,05:31:02
68,0,42,0,2025-12-07,05:35:54
68,0,50,0,2025-12-07,05:40:47
68,0,0,0,2025-12-07,05:45:39
67,0,0,0,2025-12-07,05:50:34
67,0,0,0,2025-12-07,05:55:25
67,0,0,0,2025-12-07,06:00:17
67,0,0,0,2025-12-07,06:05:11
67,0,0,0,2025-12-07,06:10:03
67,0,0,0,2025-12-07,06:14:56
67,0,0,0,2025-12-07,06:19:47
67,0,0,0,2025-12-07,06:24:38
67,0,0,0,2025-12-07,06:29:34
67,0,0,0,2025-12-07,06:34:24
67,0,0,0,2025-12-07,06:39:17
67,0,0,0,2025-12-07,06:44:10
67,0,0,0,2025-12-07,06:49:01
66,0,2097,0,2025-12-07,06:53:53
65,0,0,0,2025-12-07,06:58:46
65,0,0,0,2025-12-07,07:03:38
65,0,0,0,2025-12-07,07:08:32
65,0,0,0,2025-12-07,07:13:23
65,0,0,0,2025-12-07,07:18:13
65,0,0,0,2025-12-07,07:23:05
65,0,0,0,2025-12-07,07:27:56
65,0,0,0,2025-12-07,07:32:49
65,0,0,0,2025-12-07,07:37:42
64,0,0,0,2025-12-07,07:42:36
64,0,0,0,2025-12-07,07:47:27
64,0,0,0,2025-12-07,07:52:21
64,0,2098,0,2025-12-07,07:57:14
63,0,25,0,2025-12-07,08:02:06
63,0,0,0,2025-12-07,08:06:56
63,0,0,0,2025-12-07,08:11:50
63,0,0,0,2025-12-07,08:16:44
63,0,5,0,2025-12-07,08:21:39
63,0,0,0,2025-12-07,08:26:32
63,0,0,0,2025-12-07,08:31:26
62,0,0,0,2025-12-07,08:36:20
62,0,0,0,2025-12-07,08:41:11
62,0,52,0,2025-12-07,08:46:03
62,0,74,0,2025-12-07,08:50:55
62,0,87,0,2025-12-07,08:55:46
62,0,59,0,2025-12-07,09:00:39
62,0,77,0,2025-12-07,09:05:33
62,0,0,0,2025-12-07,09:10:26
62,0,0,0,2025-12-07,09:15:17
62,37,0,0,2025-12-07,09:20:10
62,549,0,6,2025-12-07,09:25:04
62,626,0,40,2025-12-07,09:29:55
63,754,0,74,2025-12-07,09:34:47
63,787,0,170,2025-12-07,09:39:39
64,890,0,218,2025-12-07,09:44:33
65,882,0,288,2025-12-07,09:49:24
65,1006,0,362,2025-12-07,09:54:16
66,1091,4,433,2025-12-07,09:59:10
67,1163,0,516,2025-12-07,10:04:25
68,1323,4,602,2025-12-07,10:09:19
69,1483,0,699,2025-12-07,10:14:12
70,1527,0,796,2025-12-07,10:19:07
70,1564,0,897,2025-12-07,10:24:01
70,1614,5,1004,2025-12-07,10:28:59
70,1652,0,1107,2025-12-07,10:33:55
70,1697,0,1211,2025-12-07,10:38:50
72,1586,0,1315,2025-12-07,10:43:46
74,1017,0,1402,2025-12-07,10:48:40
78,372,9,1451,2025-12-07,10:53:31
80,560,75,1454,2025-12-07,10:58:25
83,7,68,1454,2025-12-07,11:03:20
84,4,77,1454,2025-12-07,11:05:41
87,3,56,1454,2025-12-07,11:10:33
89,6,69,1472,2025-12-07,11:15:24
92,53,66,1472,2025-12-07,11:20:16
94,4,72,1472,2025-12-07,11:25:07
97,5,66,1472,2025-12-07,11:30:03
99,5,65,1472,2025-12-07,11:34:58
100,3,71,1472,2025-12-07,11:39:53
100,6,48,1472,2025-12-07,11:44:45
100,3,63,1472,2025-12-07,11:49:38
100,5,82,1472,2025-12-07,11:54:29
100,7,68,1472,2025-12-07,11:59:24
99,2559,2651,1472,2025-12-07,12:04:17
99,2561,2645,1472,2025-12-07,12:05:44
99,2618,2622,1472,2025-12-07,12:10:41
98,2647,2681,1472,2025-12-07,12:15:39
98,2683,2678,2155,2025-12-07,12:20:41
98,2705,2685,2155,2025-12-07,12:25:41
98,2711,2667,2155,2025-12-07,12:30:39
98,2745,2672,2155,2025-12-07,12:35:39
98,2756,2708,2155,2025-12-07,12:40:44
98,2758,2691,2155,2025-12-07,12:45:41
98,2751,2684,2155,2025-12-07,12:50:38
98,2753,2703,2155,2025-12-07,12:55:38
98,2635,2686,2155,2025-12-07,13:00:41
98,2612,2683,2155,2025-12-07,13:05:38
98,2635,2680,2155,2025-12-07,13:10:33
98,2624,2678,2155,2025-12-07,13:15:30
98,1629,41,2155,2025-12-07,13:20:27
99,1087,66,4798,2025-12-07,13:25:24
100,506,64,4798,2025-12-07,13:30:23
100,2470,2648,4798,2025-12-07,13:35:20
100,2453,2611,4798,2025-12-07,13:40:18
99,2457,2648,4798,2025-12-07,13:45:16
99,2457,2626,4798,2025-12-07,13:50:14
99,2423,2629,4798,2025-12-07,13:55:17
99,2181,2642,4798,2025-12-07,14:00:16
98,2164,2598,4798,2025-12-07,14:05:14
98,2063,2606,4798,2025-12-07,14:10:14
97,2008,2608,4798,2025-12-07,14:15:10
97,1987,2606,4798,2025-12-07,14:20:11
96,1954,2586,4798,2025-12-07,14:25:10
96,1916,2603,6811,2025-12-07,14:28:32
95,1919,2555,6811,2025-12-07,14:33:26
94,1989,2599,6811,2025-12-07,14:38:16
94,1965,2568,6811,2025-12-07,14:43:07
93,1940,2582,6811,2025-12-07,14:47:58
93,1870,2624,6811,2025-12-07,14:52:49
92,1535,2617,6811,2025-12-07,14:57:40
92,1443,73,6811,2025-12-07,15:02:32
92,1288,76,6811,2025-12-07,15:07:02
92,1224,80,6811,2025-12-07,15:11:55
92,873,78,6811,2025-12-07,15:16:46
92,1297,85,8136,2025-12-07,15:21:36
92,1313,69,8136,2025-12-07,15:26:26
92,1282,65,8136,2025-12-07,15:31:16
92,1246,75,8136,2025-12-07,15:36:06
92,1188,59,8136,2025-12-07,15:40:58
96,1054,69,8136,2025-12-07,15:45:50
100,7,67,8136,2025-12-07,15:50:43
100,7,68,8136,2025-12-07,15:55:35
100,4,77,8724,2025-12-07,16:00:27
100,13,64,8724,2025-12-07,16:05:17
100,11,75,8724,2025-12-07,16:10:08
100,4,27,8726,2025-12-07,16:14:58
100,1,11,8726,2025-12-07,16:19:49
100,4,27,8726,2025-12-07,16:24:39
100,5,6,8726,2025-12-07,16:29:29
100,2,11,8726,2025-12-07,16:34:21
100,3,5,8726,2025-12-07,16:39:13
100,1,12,8726,2025-12-07,16:44:06
100,2,18,8726,2025-12-07,16:48:55
100,2,21,8726,2025-12-07,16:53:46
100,1,9,8726,2025-12-07,16:58:38
100,1,11,8726,2025-12-07,17:03:28
100,1,17,8726,2025-12-07,17:08:10
100,286,20,8726,2025-12-07,17:13:09
100,19,18,8740,2025-12-07,17:18:05
100,0,8,8740,2025-12-07,17:23:03
100,0,14,8740,2025-12-07,17:28:01
100,0,20,8740,2025-12-07,17:32:57
100,0,23,8740,2025-12-07,17:37:51
100,0,8,8740,2025-12-07,17:42:53
100,0,5,8740,2025-12-07,17:47:51
100,0,1,8740,2025-12-07,17:52:48
100,0,4,8740,2025-12-07,17:57:43
99,0,9,8740,2025-12-07,18:02:41
99,0,5,8740,2025-12-07,18:07:39
99,0,5,8740,2025-12-07,18:12:38
99,0,0,8740,2025-12-07,18:17:40
99,0,0,8740,2025-12-07,18:22:37
99,0,0,8740,2025-12-07,18:27:36
99,0,0,8740,2025-12-07,18:32:35
99,0,0,8740,2025-12-07,18:37:30
99,0,0,8740,2025-12-07,18:42:28
99,0,0,8740,2025-12-07,18:47:24
99,0,0,8740,2025-12-07,18:52:22
99,0,0,8740,2025-12-07,18:57:21
99,0,0,8740,2025-12-07,19:02:22
99,0,0,8740,2025-12-07,19:09:22
99,0,0,8740,2025-12-07,19:14:18
99,0,0,8740,2025-12-07,19:19:12
99,0,0,8740,2025-12-07,19:24:06
99,0,0,8740,2025-12-07,19:28:58
98,0,68,8740,2025-12-07,19:33:53
98,0,73,8740,2025-12-07,19:38:44
98,0,61,8740,2025-12-07,19:43:37
98,0,77,8740,2025-12-07,19:48:30
98,0,0,8740,2025-12-07,19:53:23
98,0,0,8740,2025-12-07,19:58:15
98,0,0,8740,2025-12-07,20:03:07
98,0,0,8740,2025-12-07,20:07:59
98,0,0,8740,2025-12-07,20:12:52
98,0,0,8740,2025-12-07,20:17:46
98,0,0,8740,2025-12-07,20:22:38
98,0,0,8740,2025-12-07,20:27:32
98,0,0,8740,2025-12-07,20:32:29
98,0,0,8740,2025-12-07,20:37:23
98,0,0,8740,2025-12-07,20:42:20
97,0,0,8740,2025-12-07,20:47:12
97,0,0,8740,2025-12-07,20:52:04
97,0,0,8740,2025-12-07,20:56:59
97,0,0,8740,2025-12-07,21:01:52
97,0,0,8740,2025-12-07,21:06:44
97,0,0,8740,2025-12-07,21:09:31
97,0,0,8740,2025-12-07,21:14:29
97,0,0,8740,2025-12-07,21:19:22
97,0,0,8740,2025-12-07,21:24:18
97,0,0,8740,2025-12-07,21:29:11
97,0,0,8740,2025-12-07,21:34:05
97,0,0,8740,2025-12-07,21:38:59
97,0,0,8740,2025-12-07,21:43:53
97,0,0,8740,2025-12-07,21:48:46
97,0,0,8740,2025-12-07,21:53:41
97,0,0,8740,2025-12-07,21:58:37
97,0,0,8740,2025-12-07,22:03:31
97,0,0,8740,2025-12-07,22:08:25
97,0,0,8740,2025-12-07,22:13:18
96,0,0,8740,2025-12-07,22:18:11
96,0,0,8740,2025-12-07,22:23:05
96,0,0,8740,2025-12-07,22:28:00
96,0,0,8740,2025-12-07,22:32:55
96,0,0,8740,2025-12-07,22:37:49
96,0,0,8740,2025-12-07,22:42:42
96,0,0,8740,2025-12-07,22:47:34
96,0,0,8740,2025-12-07,22:52:27
96,0,0,8740,2025-12-07,22:57:22
96,0,0,8740,2025-12-07,23:02:15
96,0,0,8740,2025-12-07,23:07:11
96,0,0,8740,2025-12-07,23:12:05
96,0,0,8740,2025-12-07,23:16:59
96,0,0,8740,2025-12-07,23:21:55
96,0,0,8740,2025-12-07,23:26:50
96,0,0,8740,2025-12-07,23:31:42
96,0,0,8740,2025-12-07,23:36:36
96,0,0,8740,2025-12-07,23:41:33
95,0,0,8740,2025-12-07,23:46:26
95,0,0,8740,2025-12-07,23:51:20
95,0,59,8740,2025-12-07,23:56:13
95,0,62,0,2025-12-08,00:01:08
95,0,52,0,2025-12-08,00:06:04
95,0,64,0,2025-12-08,00:10:47
95,0,0,0,2025-12-08,00:15:43
95,0,0,0,2025-12-08,00:20:40
95,0,0,0,2025-12-08,00:25:30
95,0,0,0,2025-12-08,00:30:23
95,0,0,0,2025-12-08,00:35:18
95,0,0,0,2025-12-08,00:40:11
95,0,0,0,2025-12-08,00:45:09
95,0,0,0,2025-12-08,00:50:03
95,0,0,0,2025-12-08,00:54:59
94,0,0,0,2025-12-08,00:59:53
94,0,0,0,2025-12-08,01:04:46
94,0,0,0,2025-12-08,01:09:39
94,0,0,0,2025-12-08,01:14:31
94,0,0,0,2025-12-08,01:19:25
94,0,0,0,2025-12-08,01:24:21
94,0,0,0,2025-12-08,01:29:13
94,0,0,0,2025-12-08,01:34:07
94,0,0,0,2025-12-08,01:39:02
94,0,0,0,2025-12-08,01:43:56
94,0,0,0,2025-12-08,01:48:50
94,0,0,0,2025-12-08,01:53:46
94,0,0,0,2025-12-08,01:58:40
94,0,0,0,2025-12-08,02:03:35
94,0,0,0,2025-12-08,02:08:29
94,0,0,0,2025-12-08,02:13:02
94,0,0,0,2025-12-08,02:17:54
94,0,0,0,2025-12-08,02:22:47
93,0,0,0,2025-12-08,02:27:43
93,0,0,0,2025-12-08,02:32:34
93,0,0,0,2025-12-08,02:37:26
93,0,0,0,2025-12-08,02:42:18
93,0,0,0,2025-12-08,02:47:11
93,0,0,0,2025-12-08,02:52:03
93,0,0,0,2025-12-08,02:56:56
93,0,0,0,2025-12-08,03:01:49
93,0,0,0,2025-12-08,03:06:43
93,0,53,0,2025-12-08,03:11:36
93,0,57,0,2025-12-08,03:13:02
93,0,56,0,2025-12-08,03:17:55
93,0,51,0,2025-12-08,03:22:46
93,0,62,0,2025-12-08,03:27:40
93,0,61,0,2025-12-08,03:32:39
92,0,72,0,2025-12-08,03:37:33
92,0,58,0,2025-12-08,03:42:29
92,0,44,0,2025-12-08,03:47:24
92,0,0,0,2025-12-08,03:52:16
92,0,0,0,2025-12-08,03:57:11
92,0,0,0,2025-12-08,04:02:09
92,0,0,0,2025-12-08,04:07:03
92,0,0,0,2025-12-08,04:11:54
92,0,0,0,2025-12-08,04:14:09
92,0,0,0,2025-12-08,04:19:02
92,0,0,0,2025-12-08,04:23:56
92,0,0,0,2025-12-08,04:28:46
92,0,0,0,2025-12-08,04:33:38
92,0,0,0,2025-12-08,04:38:28
92,0,0,0,2025-12-08,04:43:17
92,0,0,0,2025-12-08,04:48:11
91,0,0,0,2025-12-08,04:53:01
91,0,0,0,2025-12-08,04:57:52
91,0,0,0,2025-12-08,05:02:43
91,0,0,0,2025-12-08,05:07:32
91,0,0,0,2025-12-08,05:12:24
91,0,0,0,2025-12-08,05:15:11
91,0,0,0,2025-12-08,05:20:01
91,0,0,0,2025-12-08,05:24:51
91,0,0,0,2025-12-08,05:29:40
91,0,0,0,2025-12-08,05:34:32
91,0,0,0,2025-12-08,05:39:22
91,0,0,0,2025-12-08,05:44:13
91,0,0,0,2025-12-08,05:49:02
91,0,0,0,2025-12-08,05:53:52
91,0,0,0,2025-12-08,05:58:44
91,0,0,0,2025-12-08,06:03:40
91,0,0,0,2025-12-08,06:08:32
91,0,0,0,2025-12-08,06:13:23
91,0,0,0,2025-12-08,06:15:17
90,0,0,0,2025-12-08,06:20:14
90,0,0,0,2025-12-08,06:25:09
90,0,0,0,2025-12-08,06:30:07
90,0,0,0,2025-12-08,06:35:03
90,0,0,0,2025-12-08,06:39:57
90,0,0,0,2025-12-08,06:44:53
90,0,0,0,2025-12-08,06:49:48
90,0,0,0,2025-12-08,06:54:46
90,0,0,0,2025-12-08,06:59:44
90,0,0,0,2025-12-08,07:04:39
90,0,0,0,2025-12-08,07:09:36
90,0,0,0,2025-12-08,07:14:33
90,0,0,0,2025-12-08,07:19:27
90,0,0,0,2025-12-08,07:24:23
90,0,0,0,2025-12-08,07:29:23
90,0,0,0,2025-12-08,07:34:19
90,0,0,0,2025-12-08,07:39:15
90,0,0,0,2025-12-08,07:44:12
89,0,0,0,2025-12-08,07:49:08
89,0,0,0,2025-12-08,07:54:03
89,0,0,0,2025-12-08,07:58:56
89,0,0,0,2025-12-08,08:03:49
89,0,0,0,2025-12-08,08:08:47
89,0,0,0,2025-12-08,08:13:43
89,0,0,0,2025-12-08,08:18:37
89,0,0,0,2025-12-08,08:23:34
89,0,0,0,2025-12-08,08:28:31
89,0,0,0,2025-12-08,08:33:23
89,0,0,0,2025-12-08,08:38:18
89,0,57,0,2025-12-08,08:43:15
89,0,63,0,2025-12-08,08:48:11
89,0,47,0,2025-12-08,08:53:10
89,0,60,0,2025-12-08,08:58:07
83,0,2167,0,2025-12-08,09:03:03
82,0,62,0,2025-12-08,09:08:06
82,0,0,0,2025-12-08,09:13:06
82,0,0,0,2025-12-08,09:18:03
82,173,0,0,2025-12-08,09:23:00
82,555,18,17,2025-12-08,09:27:57
83,630,23,54,2025-12-08,09:32:53
83,737,4,122,2025-12-08,09:37:52
84,782,19,181,2025-12-08,09:42:49
87,845,18,217,2025-12-08,09:47:43
87,887,2085,257,2025-12-08,09:52:41
88,1004,30,360,2025-12-08,09:57:38
89,1073,16,448,2025-12-08,10:02:35
90,1189,17,448,2025-12-08,10:07:31
90,1349,4,448,2025-12-08,10:12:29
92,1441,9,667,2025-12-08,10:17:26
92,1484,8,843,2025-12-08,10:22:23
92,1529,30,904,2025-12-08,10:27:20
92,1570,28,1083,2025-12-08,10:32:15
92,1598,22,1187,2025-12-08,10:37:10
94,1589,28,1303,2025-12-08,10:42:07
97,1024,13,1428,2025-12-08,10:47:06
99,505,12,1470,2025-12-08,10:52:03
100,5,17,1495,2025-12-08,10:57:00
100,10,66,1495,2025-12-08,11:01:56
100,16,65,1495,2025-12-08,11:06:52
100,11,75,1495,2025-12-08,11:11:51
100,10,78,1495,2025-12-08,11:16:48
100,16,61,1495,2025-12-08,11:21:41
100,37,60,1499,2025-12-08,11:26:38
100,10,77,1499,2025-12-08,11:31:34
100,4,67,1499,2025-12-08,11:36:28
100,6,64,1499,2025-12-08,11:41:23
100,13,59,1499,2025-12-08,11:46:21
100,7,75,1499,2025-12-08,11:51:18
100,22,39,1499,2025-12-08,11:56:19
100,2472,2710,1499,2025-12-08,12:01:13
100,2527,2626,1499,2025-12-08,12:06:09
99,2555,2628,1499,2025-12-08,12:11:04
99,2587,2643,1499,2025-12-08,12:16:01
99,2600,2633,1499,2025-12-08,12:20:56
99,2639,2673,1499,2025-12-08,12:25:50
99,2663,2638,2673,2025-12-08,12:30:48
99,2700,2653,2673,2025-12-08,12:35:45
99,2700,2656,2673,2025-12-08,12:40:42
99,2706,2648,2673,2025-12-08,12:45:42
99,2709,2629,2673,2025-12-08,12:50:36
99,2718,2638,2673,2025-12-08,12:55:35
99,2598,2611,2673,2025-12-08,13:00:30
99,2548,2636,2673,2025-12-08,13:05:27
98,2570,2633,2673,2025-12-08,13:10:22
98,2533,2596,4547,2025-12-08,13:15:19
98,2569,2628,4547,2025-12-08,13:16:49
98,2460,2626,4547,2025-12-08,13:21:48
98,2436,2569,4547,2025-12-08,13:26:48
98,2438,2595,4547,2025-12-08,13:31:48
97,2436,2596,4547,2025-12-08,13:36:44
97,2412,2569,4547,2025-12-08,13:41:42
97,2390,2551,4547,2025-12-08,13:46:40
97,2387,2552,4547,2025-12-08,13:51:38
97,2348,2592,4547,2025-12-08,13:56:34
96,2100,2549,4547,2025-12-08,14:01:30
96,2088,2537,4547,2025-12-08,14:06:30
95,1967,2556,4547,2025-12-08,14:11:28
95,1943,2565,4547,2025-12-08,14:17:00
94,1897,2543,6856,2025-12-08,14:21:59
94,1889,2535,6856,2025-12-08,14:26:55
93,1868,2527,6856,2025-12-08,14:28:34
93,1846,2516,6856,2025-12-08,14:33:30
92,1929,2520,6856,2025-12-08,14:38:25
92,1899,2524,6856,2025-12-08,14:43:21
91,1870,2533,6856,2025-12-08,14:48:16
91,1801,2515,6856,2025-12-08,14:53:13
90,1419,2529,6856,2025-12-08,14:58:07
90,1337,11,8105,2025-12-08,15:03:03
91,1194,65,8143,2025-12-08,15:07:58
92,1324,91,8143,2025-12-08,15:12:53
92,1240,76,8143,2025-12-08,15:17:48
92,1185,62,8483,2025-12-08,15:22:44
92,1175,86,8483,2025-12-08,15:27:40
92,1199,65,8483,2025-12-08,15:32:36
92,944,0,8731,2025-12-08,15:37:31
92,980,0,8797,2025-12-08,15:42:27
92,954,0,8854,2025-12-08,15:47:22
92,925,0,8918,2025-12-08,15:52:18
92,819,5,8971,2025-12-08,15:57:12
92,684,0,9013,2025-12-08,16:02:06
94,575,2,9045,2025-12-08,16:07:03
99,451,19,9072,2025-12-08,16:11:59
100,3,15,9077,2025-12-08,16:18:10
100,3,18,9077,2025-12-08,16:23:08
100,8,23,9077,2025-12-08,16:28:05
100,5,1,9077,2025-12-08,16:33:03
100,2,22,9077,2025-12-08,16:38:04
100,3,9,9077,2025-12-08,16:43:03
100,5,24,9077,2025-12-08,16:48:01
100,19,57,9077,2025-12-08,16:52:58
100,16,58,9077,2025-12-08,16:57:55
100,1,69,9077,2025-12-08,17:02:52
100,1,61,9078,2025-12-08,17:07:50
100,0,63,9078,2025-12-08,17:12:50
100,1,51,9078,2025-12-08,17:17:48
100,10,38,9078,2025-12-08,17:22:45
100,18,66,9078,2025-12-08,17:27:45
100,0,64,9078,2025-12-08,17:32:44
100,0,78,9078,2025-12-08,17:37:42
100,0,64,9078,2025-12-08,17:42:44
100,0,0,9078,2025-12-08,17:47:38
100,0,0,9078,2025-12-08,17:52:35
100,0,0,9078,2025-12-08,17:57:38
99,0,0,9078,2025-12-08,18:02:39
99,0,0,9078,2025-12-08,18:07:37
99,0,0,9078,2025-12-08,18:12:35
99,0,0,9078,2025-12-08,18:17:31
99,0,0,9078,2025-12-08,18:19:19
99,0,0,9078,2025-12-08,18:24:13
99,0,0,9078,2025-12-08,18:29:09
99,0,25,9078,2025-12-08,18:34:08
99,0,0,9078,2025-12-08,18:39:04
99,0,34,9078,2025-12-08,18:43:59
99,0,0,9078,2025-12-08,18:48:54
99,0,2,9078,2025-12-08,18:53:53
99,0,0,9078,2025-12-08,18:58:50
99,0,0,9078,2025-12-08,19:03:45
99,0,14,9078,2025-12-08,19:08:45
99,0,15,9078,2025-12-08,19:13:40
99,0,16,9078,2025-12-08,19:18:36
98,0,0,9078,2025-12-08,19:23:30
98,0,0,9078,2025-12-08,19:28:25
98,0,19,9078,2025-12-08,19:33:23
98,0,0,9078,2025-12-08,19:38:16
98,0,0,9078,2025-12-08,19:43:11
98,0,0,9078,2025-12-08,19:48:08
98,0,23,9078,2025-12-08,19:53:04
98,0,11,9078,2025-12-08,19:58:02
98,0,0,9078,2025-12-08,20:03:00
98,0,16,9078,2025-12-08,20:07:54
98,0,0,9078,2025-12-08,20:12:49
98,0,0,9078,2025-12-08,20:17:44
98,0,22,9078,2025-12-08,20:20:28
98,0,39,9078,2025-12-08,20:25:22
98,0,0,9078,2025-12-08,20:30:15
98,0,0,9078,2025-12-08,20:35:11
98,0,0,9078,2025-12-08,20:40:03
97,0,20,9078,2025-12-08,20:44:56
97,0,15,9078,2025-12-08,20:49:47
97,0,0,9078,2025-12-08,20:54:39
97,0,0,9078,2025-12-08,20:59:30
97,0,7,9078,2025-12-08,21:04:22
97,0,0,9078,2025-12-08,21:09:14
97,0,100,9078,2025-12-08,21:14:07
97,0,86,9078,2025-12-08,21:18:59
97,0,52,9078,2025-12-08,21:21:32
97,0,61,9078,2025-12-08,21:26:26
97,0,0,9078,2025-12-08,21:31:20
97,0,0,9078,2025-12-08,21:36:14
97,0,0,9078,2025-12-08,21:41:08
97,0,0,9078,2025-12-08,21:46:03
97,0,0,9078,2025-12-08,21:50:56
96,0,0,9078,2025-12-08,21:55:49
96,0,0,9078,2025-12-08,22:00:45
96,0,0,9078,2025-12-08,22:05:41
96,0,0,9078,2025-12-08,22:10:34
96,0,0,9078,2025-12-08,22:15:27
96,0,0,9078,2025-12-08,22:20:35
96,0,0,9078,2025-12-08,22:25:33
96,0,0,9078,2025-12-08,22:30:30
96,0,0,9078,2025-12-08,22:35:25
96,0,0,9078,2025-12-08,22:40:19
96,0,0,9078,2025-12-08,22:45:16
96,0,0,9078,2025-12-08,22:50:13
96,0,0,9078,2025-12-08,22:55:11
96,0,0,9078,2025-12-08,23:00:05
96,0,0,9078,2025-12-08,23:05:02
96,0,0,9078,2025-12-08,23:10:00
96,0,0,9078,2025-12-08,23:15:03
95,0,0,9078,2025-12-08,23:19:59
95,0,0,9078,2025-12-08,23:24:54
95,0,0,9078,2025-12-08,23:29:49
95,0,0,9078,2025-12-08,23:34:46
95,0,0,9078,2025-12-08,23:39:44
95,0,0,9078,2025-12-08,23:44:43
95,0,0,9078,2025-12-08,23:49:40
95,0,0,9078,2025-12-08,23:54:36
95,0,0,9078,2025-12-08,23:59:32
95,0,0,0,2025-12-09,00:04:28
95,0,0,0,2025-12-09,00:09:24
95,0,0,0,2025-12-09,00:14:21
95,0,0,0,2025-12-09,00:19:18
95,0,0,0,2025-12-09,00:24:12
95,0,0,0,2025-12-09,00:29:09
95,0,0,0,2025-12-09,00:34:08
95,0,0,0,2025-12-09,00:39:03
95,0,0,0,2025-12-09,00:43:58
94,0,75,0,2025-12-09,00:48:53
94,0,59,0,2025-12-09,00:53:51
94,0,52,0,2025-12-09,00:58:49
94,0,51,0,2025-12-09,01:03:44
94,0,0,0,2025-12-09,01:08:38
94,0,0,0,2025-12-09,01:13:31
94,0,0,0,2025-12-09,01:18:25
94,0,0,0,2025-12-09,01:23:21
94,0,0,0,2025-12-09,01:28:17
94,0,0,0,2025-12-09,01:33:12
94,0,0,0,2025-12-09,01:38:09
94,0,0,0,2025-12-09,01:43:05
94,0,0,0,2025-12-09,01:48:02
94,0,0,0,2025-12-09,01:52:57
93,0,0,0,2025-12-09,01:57:50
93,0,0,0,2025-12-09,02:02:49
93,0,0,0,2025-12-09,02:07:47
93,0,0,0,2025-12-09,02:12:41
93,0,0,0,2025-12-09,02:17:36
93,0,0,0,2025-12-09,02:22:33
93,0,0,0,2025-12-09,02:27:29
93,0,0,0,2025-12-09,02:32:25
93,0,0,0,2025-12-09,02:37:20
93,0,0,0,2025-12-09,02:42:17
93,0,0,0,2025-12-09,02:47:11
93,0,0,0,2025-12-09,02:52:08
93,0,0,0,2025-12-09,02:57:02
93,0,0,0,2025-12-09,03:01:56
93,0,0,0,2025-12-09,03:06:51
93,0,0,0,2025-12-09,03:11:50
93,0,0,0,2025-12-09,03:16:45
93,0,0,0,2025-12-09,03:21:58
92,0,0,0,2025-12-09,03:26:52
92,0,0,0,2025-12-09,03:31:46
92,0,0,0,2025-12-09,03:36:41
92,0,0,0,2025-12-09,03:41:40
92,0,0,0,2025-12-09,03:46:38
92,0,0,0,2025-12-09,03:51:32
92,0,0,0,2025-12-09,03:56:29
92,0,0,0,2025-12-09,04:01:25
92,0,0,0,2025-12-09,04:06:22
92,0,0,0,2025-12-09,04:11:17
92,0,0,0,2025-12-09,04:16:11
92,0,0,0,2025-12-09,04:21:05
92,0,0,0,2025-12-09,04:25:59
92,0,0,0,2025-12-09,04:30:51
92,0,0,0,2025-12-09,04:35:45
92,0,0,0,2025-12-09,04:40:40
92,0,0,0,2025-12-09,04:45:38
91,0,0,0,2025-12-09,04:50:34
91,0,0,0,2025-12-09,04:55:28
91,0,0,0,2025-12-09,05:00:22
91,0,66,0,2025-12-09,05:05:17
91,0,61,0,2025-12-09,05:10:12
91,0,63,0,2025-12-09,05:15:06
91,0,51,0,2025-12-09,05:20:00
91,0,0,0,2025-12-09,05:24:52
91,0,0,0,2025-12-09,05:29:47
91,0,0,0,2025-12-09,05:34:41
91,0,0,0,2025-12-09,05:39:34
91,0,0,0,2025-12-09,05:44:30
91,0,0,0,2025-12-09,05:49:22
91,0,0,0,2025-12-09,05:54:15
91,0,0,0,2025-12-09,05:59:08
90,0,0,0,2025-12-09,06:04:04
90,0,0,0,2025-12-09,06:09:01
90,0,0,0,2025-12-09,06:13:54
90,0,0,0,2025-12-09,06:18:46
90,0,0,0,2025-12-09,06:23:40
90,0,0,0,2025-12-09,06:28:34
90,0,0,0,2025-12-09,06:33:26
90,0,0,0,2025-12-09,06:38:20
90,0,0,0,2025-12-09,06:43:16
90,0,0,0,2025-12-09,06:48:12
90,0,0,0,2025-12-09,06:53:07
90,0,0,0,2025-12-09,06:58:03
90,0,0,0,2025-12-09,07:02:58
90,0,0,0,2025-12-09,07:07:52
90,0,0,0,2025-12-09,07:12:49
90,0,0,0,2025-12-09,07:17:42
90,0,0,0,2025-12-09,07:23:25
90,0,0,0,2025-12-09,07:28:18
89,0,0,0,2025-12-09,07:33:09
89,0,0,0,2025-12-09,07:38:01
89,0,0,0,2025-12-09,07:42:53
89,0,0,0,2025-12-09,07:47:49
89,0,0,0,2025-12-09,07:52:40
89,0,0,0,2025-12-09,07:57:30
89,0,0,0,2025-12-09,08:02:21
89,0,0,0,2025-12-09,08:07:13
89,0,0,0,2025-12-09,08:12:06
89,0,0,0,2025-12-09,08:16:57
89,0,0,0,2025-12-09,08:21:48
89,0,0,0,2025-12-09,08:25:25
89,0,0,0,2025-12-09,08:30:17
89,0,0,0,2025-12-09,08:35:10
89,0,0,0,2025-12-09,08:40:02
89,0,0,0,2025-12-09,08:44:54
89,0,60,0,2025-12-09,08:49:45
89,0,65,0,2025-12-09,08:54:36
89,0,61,0,2025-12-09,08:59:28
89,0,63,0,2025-12-09,09:04:20
88,0,60,0,2025-12-09,09:09:12
88,0,46,0,2025-12-09,09:14:02
88,1,69,0,2025-12-09,09:18:54
88,182,59,0,2025-12-09,09:23:47
89,480,2139,15,2025-12-09,09:28:38
84,584,2137,15,2025-12-09,09:33:32
84,668,70,15,2025-12-09,09:38:22
84,702,0,145,2025-12-09,09:43:14
86,772,0,203,2025-12-09,09:48:06
88,827,0,281,2025-12-09,09:52:59
88,930,9,335,2025-12-09,09:57:52
89,923,3,397,2025-12-09,10:02:44
90,1181,14,475,2025-12-09,10:07:37
91,1290,0,582,2025-12-09,10:12:29
91,1372,0,671,2025-12-09,10:17:20
92,1320,4,761,2025-12-09,10:22:14
92,1232,0,819,2025-12-09,10:25:38
92,1356,6,910,2025-12-09,10:30:30
92,1541,0,1012,2025-12-09,10:35:21
92,1362,11,1108,2025-12-09,10:40:13
96,1536,0,1206,2025-12-09,10:45:03
98,1056,21,1289,2025-12-09,10:49:58
100,31,10,1330,2025-12-09,10:54:50
100,5,0,1339,2025-12-09,10:59:44
99,1027,9,1402,2025-12-09,11:04:35
100,3,0,1408,2025-12-09,11:09:25
100,3,3,1408,2025-12-09,11:14:17
100,1772,2071,1408,2025-12-09,11:19:09
100,5,6,1482,2025-12-09,11:23:59
100,2,7,1482,2025-12-09,11:25:43
100,3,17,1482,2025-12-09,11:30:37
100,8,24,1482,2025-12-09,11:35:34
100,3,9,1482,2025-12-09,11:40:27
100,7,9,1482,2025-12-09,11:45:25
100,13,76,1482,2025-12-09,11:50:20
100,8,67,1482,2025-12-09,11:55:15
100,2275,2744,1482,2025-12-09,12:00:12
99,2312,2662,1482,2025-12-09,12:05:06
99,2355,2640,1482,2025-12-09,12:10:03
99,2363,2664,1482,2025-12-09,12:15:01
98,2322,2635,1482,2025-12-09,12:19:59
98,2464,2654,2225,2025-12-09,12:24:54
98,2479,2653,2225,2025-12-09,12:25:45
98,2585,2625,2225,2025-12-09,12:30:41
98,2591,2638,2225,2025-12-09,12:35:38
98,1633,83,2225,2025-12-09,12:40:34
98,1581,21,3067,2025-12-09,12:45:28
100,935,2632,3120,2025-12-09,12:50:22
99,2280,2660,3120,2025-12-09,12:55:18
99,2441,2585,3120,2025-12-09,13:00:14
99,2555,2580,3120,2025-12-09,13:05:09
99,2106,2596,3120,2025-12-09,13:10:02
98,2132,2616,3120,2025-12-09,13:14:57
97,1565,2596,3120,2025-12-09,13:19:52
97,2191,2572,3120,2025-12-09,13:24:48
96,2199,2570,4315,2025-12-09,13:29:44
96,2280,2573,4315,2025-12-09,13:34:43
96,2287,2571,4315,2025-12-09,13:39:40
95,2212,2586,4315,2025-12-09,13:44:37
95,2163,2547,4315,2025-12-09,13:49:31
95,2129,2566,4315,2025-12-09,13:54:26
94,2039,2565,4315,2025-12-09,13:59:22
94,1897,2628,4315,2025-12-09,14:04:16
93,2012,2636,4315,2025-12-09,14:09:13
92,1869,2632,4315,2025-12-09,14:14:07
92,1821,2594,4315,2025-12-09,14:19:02
91,1706,2582,4315,2025-12-09,14:23:59
90,1758,2598,4315,2025-12-09,14:28:40
90,1703,2605,6342,2025-12-09,14:33:36
89,1749,2598,6342,2025-12-09,14:38:30
88,1652,2596,6342,2025-12-09,14:43:24
87,1732,2589,6342,2025-12-09,14:48:17
87,1631,2596,6342,2025-12-09,14:53:13
86,1281,2573,6342,2025-12-09,14:58:07
85,1216,62,6342,2025-12-09,15:03:02
86,1122,65,6342,2025-12-09,15:07:54
87,1076,67,6342,2025-12-09,15:12:47
87,998,64,7379,2025-12-09,15:17:38
88,894,69,7379,2025-12-09,15:22:34
88,1077,86,7379,2025-12-09,15:26:57
89,1169,48,7379,2025-12-09,15:31:53
90,938,79,7379,2025-12-09,15:36:49
91,935,73,7379,2025-12-09,15:41:48
91,904,62,7379,2025-12-09,15:46:42
91,677,64,7379,2025-12-09,15:51:38
91,830,75,7379,2025-12-09,15:56:33
91,787,59,7379,2025-12-09,16:01:28
91,483,61,7379,2025-12-09,16:06:22
91,541,0,8103,2025-12-09,16:11:18
91,601,0,8175,2025-12-09,16:16:13
91,623,15,8218,2025-12-09,16:21:10
91,313,0,8265,2025-12-09,16:28:03
91,287,0,8265,2025-12-09,16:33:02
91,455,0,8265,2025-12-09,16:37:59
91,274,0,8315,2025-12-09,16:42:57
91,255,0,8315,2025-12-09,16:47:56
91,366,0,8375,2025-12-09,16:52:55
91,310,0,8409,2025-12-09,16:57:55
91,255,0,8415,2025-12-09,17:02:54
91,261,0,8446,2025-12-09,17:07:54
91,176,0,8446,2025-12-09,17:12:53
91,115,15,8469,2025-12-09,17:17:52
91,89,15,8479,2025-12-09,17:22:52
91,0,0,8482,2025-12-09,17:28:08
91,0,0,8482,2025-12-09,17:33:04
91,0,0,8482,2025-12-09,17:37:59
91,0,0,8482,2025-12-09,17:42:54
91,0,0,8482,2025-12-09,17:47:49
91,0,12,8482,2025-12-09,17:52:44
91,0,0,8482,2025-12-09,17:57:38
91,0,0,8482,2025-12-09,18:02:30
91,0,0,8482,2025-12-09,18:07:24
91,0,18,8482,2025-12-09,18:12:17
91,0,4,8482,2025-12-09,18:17:10
91,0,8,8482,2025-12-09,18:22:06
91,0,31,8482,2025-12-09,18:28:14
90,0,81,8482,2025-12-09,18:33:09
90,0,84,8482,2025-12-09,18:38:05
90,0,73,8482,2025-12-09,18:43:00
90,0,51,8482,2025-12-09,18:47:55
90,0,0,8482,2025-12-09,18:52:51
90,0,0,8482,2025-12-09,18:57:50
90,0,0,8482,2025-12-09,19:02:47
90,0,0,8482,2025-12-09,19:07:45
90,0,0,8482,2025-12-09,19:12:42
90,0,17,8482,2025-12-09,19:17:39
90,0,15,8482,2025-12-09,19:22:34
89,0,0,8482,2025-12-09,19:27:28
89,0,0,8482,2025-12-09,19:29:20
89,0,0,8482,2025-12-09,19:34:11
89,0,0,8482,2025-12-09,19:39:06
89,0,0,8482,2025-12-09,19:44:01
89,0,0,8482,2025-12-09,19:48:55
89,0,0,8482,2025-12-09,19:53:50
89,0,0,8482,2025-12-09,19:58:44
89,0,0,8482,2025-12-09,20:03:39
89,0,0,8482,2025-12-09,20:08:35
89,0,0,8482,2025-12-09,20:13:26
89,0,0,8482,2025-12-09,20:18:23
89,0,19,8482,2025-12-09,20:23:15
88,0,0,8482,2025-12-09,20:28:06
88,0,0,8482,2025-12-09,20:33:00
88,0,0,8482,2025-12-09,20:37:51
88,0,0,8482,2025-12-09,20:42:43
88,0,0,8482,2025-12-09,20:47:36
88,0,17,8482,2025-12-09,20:52:30
88,0,0,8482,2025-12-09,20:57:22
88,0,0,8482,2025-12-09,21:02:14
88,0,17,8482,2025-12-09,21:07:08
88,0,28,8482,2025-12-09,21:12:01
88,0,0,8482,2025-12-09,21:16:53
88,0,0,8482,2025-12-09,21:21:47
88,0,0,8482,2025-12-09,21:26:43
88,0,0,8482,2025-12-09,21:30:32
88,0,0,8482,2025-12-09,21:35:27
88,0,0,8482,2025-12-09,21:40:23
88,0,0,8482,2025-12-09,21:45:17
87,0,0,8482,2025-12-09,21:50:11
87,0,0,8482,2025-12-09,21:55:03
87,0,0,8482,2025-12-09,21:59:59
87,0,33,8482,2025-12-09,22:04:55
87,0,0,8482,2025-12-09,22:09:48
87,0,0,8482,2025-12-09,22:14:44
87,0,0,8482,2025-12-09,22:19:38
87,0,0,8482,2025-12-09,22:24:29
87,0,0,8482,2025-12-09,22:29:22
87,0,0,8482,2025-12-09,22:34:15
87,0,0,8482,2025-12-09,22:39:08
87,0,0,8482,2025-12-09,22:44:01
87,0,0,8482,2025-12-09,22:48:55
87,0,0,8482,2025-12-09,22:53:48
87,0,0,8482,2025-12-09,22:58:42
87,0,0,8482,2025-12-09,23:03:34
86,0,25,8482,2025-12-09,23:08:27
86,0,66,8482,2025-12-09,23:13:22
86,0,49,8482,2025-12-09,23:18:14
86,0,75,8482,2025-12-09,23:23:07
86,0,53,8482,2025-12-09,23:28:04
86,0,59,8482,2025-12-09,23:31:43
86,0,9,8482,2025-12-09,23:36:38
86,0,0,8482,2025-12-09,23:41:37
86,0,0,8482,2025-12-09,23:46:34
86,0,0,8482,2025-12-09,23:51:32
86,0,0,8482,2025-12-09,23:56:29
86,0,0,0,2025-12-10,00:01:29
86,0,0,0,2025-12-10,00:06:26
85,0,0,0,2025-12-10,00:11:23
85,0,0,0,2025-12-10,00:16:17
85,0,0,0,2025-12-10,00:21:12
85,0,0,0,2025-12-10,00:26:08
85,0,0,0,2025-12-10,00:31:07
85,0,0,0,2025-12-10,00:36:07
85,0,0,0,2025-12-10,00:41:03
85,0,0,0,2025-12-10,00:45:59
85,0,0,0,2025-12-10,00:50:53
85,0,0,0,2025-12-10,00:55:46
85,0,0,0,2025-12-10,01:00:39
85,0,0,0,2025-12-10,01:05:35
85,0,0,0,2025-12-10,01:10:32
85,0,0,0,2025-12-10,01:15:30
85,0,0,0,2025-12-10,01:20:25
85,0,0,0,2025-12-10,01:25:20
85,0,0,0,2025-12-10,01:30:21
84,0,0,0,2025-12-10,01:32:57
84,0,0,0,2025-12-10,01:37:51
84,0,0,0,2025-12-10,01:42:44
84,0,0,0,2025-12-10,01:47:38
84,0,0,0,2025-12-10,01:52:33
84,0,0,0,2025-12-10,01:57:28
84,0,0,0,2025-12-10,02:02:21
84,0,0,0,2025-12-10,02:07:14
84,0,0,0,2025-12-10,02:12:05
84,0,0,0,2025-12-10,02:17:01
84,0,0,0,2025-12-10,02:21:55
84,0,0,0,2025-12-10,02:26:49
84,0,0,0,2025-12-10,02:31:43
84,0,0,0,2025-12-10,02:36:36
84,0,59,0,2025-12-10,02:41:29
84,0,66,0,2025-12-10,02:46:25
83,0,56,0,2025-12-10,02:51:16
83,0,59,0,2025-12-10,02:56:11
83,0,0,0,2025-12-10,03:01:03
83,0,0,0,2025-12-10,03:05:56
83,0,0,0,2025-12-10,03:10:50
83,0,0,0,2025-12-10,03:15:42
83,0,0,0,2025-12-10,03:20:35
83,0,0,0,2025-12-10,03:25:27
83,0,0,0,2025-12-10,03:30:18
83,0,0,0,2025-12-10,03:34:00
83,0,0,0,2025-12-10,03:38:54
83,0,0,0,2025-12-10,03:43:48
83,0,0,0,2025-12-10,03:48:42
83,0,0,0,2025-12-10,03:53:35
83,0,0,0,2025-12-10,03:58:26
83,0,0,0,2025-12-10,04:03:18
83,0,0,0,2025-12-10,04:08:13
82,0,0,0,2025-12-10,04:13:06
82,0,0,0,2025-12-10,04:18:01
82,0,0,0,2025-12-10,04:22:52
82,0,0,0,2025-12-10,04:27:45
82,0,0,0,2025-12-10,04:32:39
82,0,0,0,2025-12-10,04:37:35
82,0,0,0,2025-12-10,04:42:31
82,0,0,0,2025-12-10,04:47:24
82,0,0,0,2025-12-10,04:52:19
82,0,0,0,2025-12-10,04:57:13
82,0,0,0,2025-12-10,05:02:08
82,0,0,0,2025-12-10,05:07:01
82,0,0,0,2025-12-10,05:11:54
82,0,0,0,2025-12-10,05:16:48
82,0,0,0,2025-12-10,05:21:43
82,0,0,0,2025-12-10,05:26:36
82,0,0,0,2025-12-10,05:31:30
81,0,0,0,2025-12-10,05:35:14
81,0,0,0,2025-12-10,05:40:10
81,0,0,0,2025-12-10,05:45:09
81,0,0,0,2025-12-10,05:50:09
81,0,0,0,2025-12-10,05:55:05
81,0,0,0,2025-12-10,06:00:03
81,0,0,0,2025-12-10,06:04:58
81,0,20,0,2025-12-10,06:09:53
81,0,58,0,2025-12-10,06:14:48
81,0,62,0,2025-12-10,06:19:46
81,0,43,0,2025-12-10,06:24:42
81,0,67,0,2025-12-10,06:29:41
81,0,0,0,2025-12-10,06:34:36
81,0,0,0,2025-12-10,06:36:25
81,0,0,0,2025-12-10,06:41:22
80,0,0,0,2025-12-10,06:46:17
80,0,0,0,2025-12-10,06:51:14
80,0,0,0,2025-12-10,06:56:09
80,0,0,0,2025-12-10,07:01:08
80,0,0,0,2025-12-10,07:06:08
80,0,0,0,2025-12-10,07:11:07
80,0,0,0,2025-12-10,07:16:03
80,0,0,0,2025-12-10,07:21:01
80,0,0,0,2025-12-10,07:25:58
80,0,0,0,2025-12-10,07:30:58
80,0,0,0,2025-12-10,07:35:54
80,0,0,0,2025-12-10,07:40:52
80,0,0,0,2025-12-10,07:45:50
80,0,0,0,2025-12-10,07:50:49
80,0,0,0,2025-12-10,07:55:46
80,0,0,0,2025-12-10,08:00:40
80,0,0,0,2025-12-10,08:05:33
80,0,0,0,2025-12-10,08:10:31
79,0,0,0,2025-12-10,08:15:27
79,0,0,0,2025-12-10,08:20:28
79,0,0,0,2025-12-10,08:25:29
79,0,0,0,2025-12-10,08:30:26
79,0,0,0,2025-12-10,08:35:23
79,0,0,0,2025-12-10,08:40:24
79,0,0,0,2025-12-10,08:45:26
79,0,0,0,2025-12-10,08:50:25
79,0,0,0,2025-12-10,08:55:27
79,0,0,0,2025-12-10,09:00:26
79,0,0,0,2025-12-10,09:05:26
79,0,0,0,2025-12-10,09:10:26
79,0,0,0,2025-12-10,09:15:24
79,0,0,0,2025-12-10,09:20:21
79,0,0,0,2025-12-10,09:25:22
79,129,0,1,2025-12-10,09:30:20
79,0,89,17,2025-12-10,09:35:20
77,0,2140,17,2025-12-10,09:40:21
71,0,55,17,2025-12-10,09:45:16
71,0,56,17,2025-12-10,09:50:15
71,0,70,17,2025-12-10,09:55:16
71,0,52,17,2025-12-10,10:00:12
71,0,13,17,2025-12-10,10:05:10
71,0,0,17,2025-12-10,10:10:09
71,0,0,17,2025-12-10,10:15:08
71,0,0,17,2025-12-10,10:20:04
71,1,0,17,2025-12-10,10:25:07
71,3,0,17,2025-12-10,10:30:04
71,0,0,17,2025-12-10,10:35:04
71,53,0,17,2025-12-10,11:00:07
71,194,16,17,2025-12-10,11:05:06
71,320,19,29,2025-12-10,11:09:58
72,550,13,54,2025-12-10,11:14:56
74,708,3,54,2025-12-10,11:19:50
74,681,12,143,2025-12-10,11:24:46
75,514,18,185,2025-12-10,11:29:43
75,267,13,236,2025-12-10,11:34:40
75,192,14,247,2025-12-10,11:38:45
75,235,12,260,2025-12-10,11:43:37
75,294,0,279,2025-12-10,11:48:30
76,220,0,279,2025-12-10,11:53:25
75,256,0,315,2025-12-10,11:58:16
75,270,8,327,2025-12-10,12:03:07
75,377,16,335,2025-12-10,12:08:01
75,394,76,381,2025-12-10,12:12:57
76,307,73,381,2025-12-10,12:17:50
76,258,85,381,2025-12-10,12:22:42
76,267,67,381,2025-12-10,12:27:34
76,265,74,381,2025-12-10,12:32:24
76,242,1,488,2025-12-10,12:37:17
77,245,18,488,2025-12-10,12:39:47
77,300,10,511,2025-12-10,12:44:45
78,795,4,550,2025-12-10,12:49:43
79,629,9,563,2025-12-10,12:54:40
82,1512,9,563,2025-12-10,12:59:37
84,1708,7,826,2025-12-10,13:04:34
85,840,16,939,2025-12-10,13:09:32
86,612,21,993,2025-12-10,13:14:25
86,474,9,1024,2025-12-10,13:19:20
87,464,26,1066,2025-12-10,13:24:15
87,250,13,1095,2025-12-10,13:29:10
87,3,0,1111,2025-12-10,13:34:08
87,0,0,1111,2025-12-10,13:39:05
87,0,0,1111,2025-12-10,13:40:55
87,1,0,1111,2025-12-10,13:45:52
87,1,0,1111,2025-12-10,13:50:51
87,23,0,1111,2025-12-10,13:55:49
87,54,0,1111,2025-12-10,14:00:47
87,227,0,1118,2025-12-10,14:05:45
88,270,0,1140,2025-12-10,14:10:43
88,291,0,1159,2025-12-10,14:15:43
88,480,0,1174,2025-12-10,14:20:40
89,531,76,1185,2025-12-10,14:25:37
89,483,66,1185,2025-12-10,14:28:58
89,1249,59,1185,2025-12-10,14:33:49
93,1472,58,1185,2025-12-10,14:38:39
95,1272,67,1185,2025-12-10,14:42:05
97,835,72,1185,2025-12-10,14:47:00
100,13,65,1185,2025-12-10,14:51:54
100,5,91,1185,2025-12-10,14:56:53
100,5,62,1185,2025-12-10,15:01:50
100,5,58,1185,2025-12-10,15:06:47
100,4,99,1185,2025-12-10,15:11:43
100,6,58,1185,2025-12-10,15:16:39
100,13,66,1185,2025-12-10,15:21:35
100,5,38,1562,2025-12-10,15:26:29
100,11,0,1562,2025-12-10,15:31:26
100,1,10,1562,2025-12-10,15:36:19
100,2,0,1562,2025-12-10,15:41:14
100,2,4,1562,2025-12-10,15:46:10
100,5,28,1562,2025-12-10,15:51:06
100,1,0,1562,2025-12-10,15:56:03
100,4,36,1562,2025-12-10,16:01:01
100,3,20,1562,2025-12-10,16:05:56
100,7,0,1562,2025-12-10,16:10:50
100,2,0,1562,2025-12-10,16:15:45
100,4,0,1562,2025-12-10,16:20:39
100,0,0,1562,2025-12-10,16:25:36
100,22,0,1562,2025-12-10,16:30:35
100,4,0,1563,2025-12-10,16:35:34
100,0,11,1563,2025-12-10,16:40:28
100,0,16,1563,2025-12-10,16:43:10
100,0,8,1563,2025-12-10,16:48:07
100,0,0,1563,2025-12-10,16:53:00
100,0,0,1563,2025-12-10,16:57:56
100,0,17,1563,2025-12-10,17:02:51
100,0,4,1563,2025-12-10,17:07:45
100,0,18,1563,2025-12-10,17:12:38
100,0,14,1563,2025-12-10,17:17:30
100,0,40,1563,2025-12-10,17:22:21
100,0,4,1563,2025-12-10,17:27:16
99,0,29,1563,2025-12-10,17:32:08
99,0,14,1563,2025-12-10,17:37:02
99,0,27,1563,2025-12-10,17:43:18
99,0,5,1563,2025-12-10,17:48:13
99,0,25,1563,2025-12-10,17:53:11
99,0,82,1563,2025-12-10,17:58:07
99,0,68,1563,2025-12-10,18:03:03
99,0,68,1563,2025-12-10,18:07:57
99,0,58,1563,2025-12-10,18:12:55
99,0,59,1563,2025-12-10,18:17:50
99,0,19,1563,2025-12-10,18:22:48
99,0,6,1563,2025-12-10,18:27:46
96,0,2087,1563,2025-12-10,18:32:46
94,0,0,1563,2025-12-10,18:37:44
94,0,14,1563,2025-12-10,18:42:41
94,0,15,1563,2025-12-10,18:44:22
94,0,0,1563,2025-12-10,18:49:19
94,0,0,1563,2025-12-10,18:54:14
94,0,0,1563,2025-12-10,18:59:07
94,0,0,1563,2025-12-10,19:04:00
94,0,0,1563,2025-12-10,19:08:56
94,0,0,1563,2025-12-10,19:13:55
94,0,0,1563,2025-12-10,19:18:50
94,0,0,1563,2025-12-10,19:23:46
94,0,0,1563,2025-12-10,19:28:43
94,0,0,1563,2025-12-10,19:33:40
94,0,0,1563,2025-12-10,19:38:33
94,0,70,1563,2025-12-10,19:43:30
93,0,71,1563,2025-12-10,19:48:27
93,0,62,1563,2025-12-10,19:53:23
93,0,56,1563,2025-12-10,19:58:17
93,0,74,1563,2025-12-10,20:03:13
93,0,0,1563,2025-12-10,20:08:07
93,0,0,1563,2025-12-10,20:13:00
93,0,0,1563,2025-12-10,20:17:54
92,0,0,1563,2025-12-10,20:22:51
92,0,0,1563,2025-12-10,20:27:46
92,0,0,1563,2025-12-10,20:32:41
92,0,0,1563,2025-12-10,20:37:37
92,0,0,1563,2025-12-10,20:42:35
92,0,0,1563,2025-12-10,20:47:29
92,0,0,1563,2025-12-10,20:52:24
92,0,0,1563,2025-12-10,20:57:20
92,0,2,1563,2025-12-10,21:02:15
92,0,0,1563,2025-12-10,21:07:12
92,0,0,1563,2025-12-10,21:12:09
92,0,0,1563,2025-12-10,21:17:07
92,0,0,1563,2025-12-10,21:22:01
92,0,0,1563,2025-12-10,21:26:57
92,0,0,1563,2025-12-10,21:31:52
92,0,0,1563,2025-12-10,21:36:46
91,0,0,1563,2025-12-10,21:41:43
91,0,15,1563,2025-12-10,21:46:40
91,0,0,1563,2025-12-10,21:51:38
91,0,0,1563,2025-12-10,21:56:33
91,0,22,1563,2025-12-10,22:01:28
91,0,0,1563,2025-12-10,22:06:24
91,0,0,1563,2025-12-10,22:11:22
91,0,87,1563,2025-12-10,22:16:18
91,0,59,1563,2025-12-10,22:21:13
91,0,72,1563,2025-12-10,22:26:07
91,0,70,1563,2025-12-10,22:31:03
91,0,66,1563,2025-12-10,22:36:01
91,0,15,1563,2025-12-10,22:40:55
90,0,0,1563,2025-12-10,22:45:49
90,0,0,1563,2025-12-10,22:50:45
90,0,0,1563,2025-12-10,22:55:42
90,0,0,1563,2025-12-10,23:00:41
90,0,0,1563,2025-12-10,23:05:39
90,0,0,1563,2025-12-10,23:10:33
90,0,0,1563,2025-12-10,23:15:28
90,0,0,1563,2025-12-10,23:20:22
90,0,0,1563,2025-12-10,23:25:16
90,0,0,1563,2025-12-10,23:30:11
90,0,0,1563,2025-12-10,23:35:05
90,0,0,1563,2025-12-10,23:40:00
90,0,0,1563,2025-12-10,23:45:49
90,0,0,1563,2025-12-10,23:50:44
90,0,0,1563,2025-12-10,23:55:38
90,0,0,0,2025-12-11,00:00:33
89,0,19,0,2025-12-11,00:05:27
89,0,0,0,2025-12-11,00:10:25
89,0,0,0,2025-12-11,00:15:17
89,0,0,0,2025-12-11,00:20:15
89,0,0,0,2025-12-11,00:25:09
89,0,0,0,2025-12-11,00:30:04
89,0,0,0,2025-12-11,00:35:00
89,0,0,0,2025-12-11,00:39:51
89,0,0,0,2025-12-11,00:44:48
89,0,0,0,2025-12-11,00:49:43
89,0,12,0,2025-12-11,00:54:37
89,0,0,0,2025-12-11,00:59:33
89,0,0,0,2025-12-11,01:04:27
89,0,0,0,2025-12-11,01:09:22
89,0,0,0,2025-12-11,01:14:18
88,0,64,0,2025-12-11,01:19:14
88,0,57,0,2025-12-11,01:24:09
88,0,65,0,2025-12-11,01:29:03
88,0,70,0,2025-12-11,01:33:56
88,0,0,0,2025-12-11,01:38:51
88,0,0,0,2025-12-11,01:43:44
88,0,0,0,2025-12-11,01:46:58
88,0,0,0,2025-12-11,01:51:49
88,0,0,0,2025-12-11,01:56:39
88,0,0,0,2025-12-11,02:01:29
88,0,0,0,2025-12-11,02:06:19
88,0,0,0,2025-12-11,02:11:10
88,0,0,0,2025-12-11,02:16:03
88,0,0,0,2025-12-11,02:20:52
88,0,0,0,2025-12-11,02:25:42
87,0,0,0,2025-12-11,02:30:33
87,0,0,0,2025-12-11,02:35:23
87,0,0,0,2025-12-11,02:40:14
87,0,0,0,2025-12-11,02:45:05
87,0,0,0,2025-12-11,02:49:55
87,0,0,0,2025-12-11,02:54:45
87,0,0,0,2025-12-11,02:59:35
87,0,0,0,2025-12-11,03:04:27
87,0,0,0,2025-12-11,03:09:16
87,0,0,0,2025-12-11,03:14:07
87,0,0,0,2025-12-11,03:18:58
87,0,0,0,2025-12-11,03:23:48
87,0,0,0,2025-12-11,03:28:38
87,0,0,0,2025-12-11,03:33:28
87,0,0,0,2025-12-11,03:38:17
87,0,0,0,2025-12-11,03:43:07
87,0,0,0,2025-12-11,03:47:57
86,0,0,0,2025-12-11,03:52:48
86,0,0,0,2025-12-11,03:57:39
86,0,0,0,2025-12-11,04:02:30
86,0,63,0,2025-12-11,04:07:20
86,0,60,0,2025-12-11,04:12:10
86,0,49,0,2025-12-11,04:17:00
86,0,61,0,2025-12-11,04:21:50
86,0,0,0,2025-12-11,04:26:40
86,0,0,0,2025-12-11,04:31:31
86,0,0,0,2025-12-11,04:36:21
86,0,0,0,2025-12-11,04:41:12
86,0,0,0,2025-12-11,04:46:02
86,0,0,0,2025-12-11,04:48:13
86,0,0,0,2025-12-11,04:53:06
85,0,0,0,2025-12-11,04:57:57
85,0,0,0,2025-12-11,05:02:53
85,0,0,0,2025-12-11,05:07:46
85,0,0,0,2025-12-11,05:12:40
85,0,0,0,2025-12-11,05:17:33
85,0,0,0,2025-12-11,05:22:25
85,0,0,0,2025-12-11,05:27:18
85,0,0,0,2025-12-11,05:32:10
85,0,0,0,2025-12-11,05:37:03
85,0,0,0,2025-12-11,05:41:54
85,0,0,0,2025-12-11,05:46:51
85,0,0,0,2025-12-11,05:51:43
85,0,0,0,2025-12-11,05:56:34
85,0,0,0,2025-12-11,06:01:26
85,0,0,0,2025-12-11,06:06:21
85,0,0,0,2025-12-11,06:11:17
85,0,0,0,2025-12-11,06:16:09
84,0,0,0,2025-12-11,06:21:00
84,0,0,0,2025-12-11,06:25:54
84,0,0,0,2025-12-11,06:30:47
84,0,0,0,2025-12-11,06:35:38
84,0,0,0,2025-12-11,06:40:32
84,0,0,0,2025-12-11,06:45:24
84,0,0,0,2025-12-11,06:50:18
84,0,65,0,2025-12-11,06:55:09
84,0,64,0,2025-12-11,07:00:03
84,0,75,0,2025-12-11,07:04:56
84,0,67,0,2025-12-11,07:09:50
84,0,0,0,2025-12-11,07:14:41
84,0,0,0,2025-12-11,07:19:32
84,0,0,0,2025-12-11,07:24:24
84,0,0,0,2025-12-11,07:29:16
78,0,2103,0,2025-12-11,07:34:12
76,0,0,0,2025-12-11,07:39:06
76,0,0,0,2025-12-11,07:43:57
76,0,0,0,2025-12-11,07:49:26
76,0,0,0,2025-12-11,07:54:25
76,0,0,0,2025-12-11,07:59:23
76,0,0,0,2025-12-11,08:04:19
76,0,0,0,2025-12-11,08:09:13
76,0,0,0,2025-12-11,08:14:09
75,0,0,0,2025-12-11,08:19:04
75,0,0,0,2025-12-11,08:24:01
75,0,0,0,2025-12-11,08:28:56
75,0,0,0,2025-12-11,08:33:51
75,0,0,0,2025-12-11,08:38:44
75,0,0,0,2025-12-11,08:43:38
75,0,0,0,2025-12-11,08:48:35
75,0,0,0,2025-12-11,08:50:33
75,0,0,0,2025-12-11,08:55:23
75,0,0,0,2025-12-11,09:00:16
75,0,0,0,2025-12-11,09:05:10
75,0,0,0,2025-12-11,09:10:01
75,0,15,0,2025-12-11,09:14:52
75,0,407,0,2025-12-11,09:19:45
75,71,57,0,2025-12-11,09:24:40
75,423,94,23,2025-12-11,09:29:32
75,525,69,23,2025-12-11,09:34:25
76,608,113,23,2025-12-11,09:39:15
78,676,12,23,2025-12-11,09:44:07
78,712,20,198,2025-12-11,09:48:59
79,738,0,256,2025-12-11,09:53:50
80,834,21,304,2025-12-11,09:58:41
82,914,14,344,2025-12-11,10:03:33
85,1068,13,344,2025-12-11,10:08:25
86,1146,21,530,2025-12-11,10:13:18
88,1260,16,569,2025-12-11,10:18:11
88,1331,22,705,2025-12-11,10:23:03
89,1347,4,748,2025-12-11,10:28:02
90,1416,7,895,2025-12-11,10:32:56
91,1450,12,982,2025-12-11,10:37:48
91,1463,3,1103,2025-12-11,10:42:39
91,1513,53,1225,2025-12-11,10:47:32
91,1565,11,1366,2025-12-11,10:52:25
92,1725,16,1488,2025-12-11,10:57:17
96,1763,15,1579,2025-12-11,11:02:09
98,496,4,1677,2025-12-11,11:07:04
100,1,0,1737,2025-12-11,11:11:54
100,13,74,1737,2025-12-11,11:16:45
100,10,64,1737,2025-12-11,11:21:38
100,9,59,1737,2025-12-11,11:26:34
100,6,66,1737,2025-12-11,11:31:29
100,10,70,1737,2025-12-11,11:36:24
100,9,58,1737,2025-12-11,11:41:18
100,7,74,1737,2025-12-11,11:46:10
100,7,63,1737,2025-12-11,11:51:50
100,5,63,1737,2025-12-11,11:56:43
100,6,65,1737,2025-12-11,12:01:37
100,3,64,1737,2025-12-11,12:06:26
100,8,68,1737,2025-12-11,12:11:21
100,11,57,1737,2025-12-11,12:16:11
100,6,51,1737,2025-12-11,12:21:03
100,11,61,1744,2025-12-11,12:25:53
100,3,82,1744,2025-12-11,12:30:47
100,6,58,1744,2025-12-11,12:35:39
100,1,18,1746,2025-12-11,12:40:37
100,274,0,1759,2025-12-11,12:45:27
100,269,0,1771,2025-12-11,12:50:23
100,4,0,1772,2025-12-11,12:55:12
100,1,22,1772,2025-12-11,13:00:05
100,5,0,1772,2025-12-11,13:04:56
100,2,9,1772,2025-12-11,13:09:47
100,1,10,1772,2025-12-11,13:14:40
100,1,27,1772,2025-12-11,13:19:35
100,2,0,1772,2025-12-11,13:24:28
100,1,11,1772,2025-12-11,13:29:23
100,2,2,1772,2025-12-11,13:34:14
100,1,18,1772,2025-12-11,13:39:06
100,3,0,1772,2025-12-11,13:43:58
100,1,0,1772,2025-12-11,13:48:52
100,10,4,1772,2025-12-11,13:53:44
100,1,0,1772,2025-12-11,13:58:35
100,8,10,1772,2025-12-11,14:03:28
100,3,16,1772,2025-12-11,14:08:19
100,2,5,1772,2025-12-11,14:13:11
100,430,18,1784,2025-12-11,14:18:03
100,3,3,1793,2025-12-11,14:22:54
100,8,23,1793,2025-12-11,14:27:45
100,12,74,1793,2025-12-11,14:28:48
100,12,64,1793,2025-12-11,14:33:41
100,4,76,1793,2025-12-11,14:38:33
100,5,68,1793,2025-12-11,14:43:23
100,10,69,1793,2025-12-11,14:48:16
100,8,70,1793,2025-12-11,14:53:10
100,419,1123,1793,2025-12-11,14:58:01
100,5,63,1793,2025-12-11,15:02:54
100,8,87,1793,2025-12-11,15:07:47
100,8,77,1793,2025-12-11,15:12:40
100,15,70,1793,2025-12-11,15:17:33
100,553,69,1856,2025-12-11,15:22:28
100,17,74,1856,2025-12-11,15:27:23
100,6,80,1856,2025-12-11,15:32:14
100,9,80,1856,2025-12-11,15:37:06
100,6,74,1856,2025-12-11,15:41:57
100,13,71,1856,2025-12-11,15:46:50
100,3,0,1910,2025-12-11,15:51:41
100,4,20,1910,2025-12-11,15:56:33
100,3,9,1910,2025-12-11,16:01:29
100,3,21,1910,2025-12-11,16:06:22
100,8,12,1910,2025-12-11,16:11:16
100,5,7,1910,2025-12-11,16:16:09
100,10,25,1910,2025-12-11,16:21:03
100,2,29,1910,2025-12-11,16:25:54
100,2,19,1910,2025-12-11,16:30:49
100,1,15,1910,2025-12-11,16:35:42
100,2,0,1910,2025-12-11,16:40:33
100,6,20,1910,2025-12-11,16:45:27
100,350,15,1913,2025-12-11,16:50:21
100,350,14,1924,2025-12-11,16:53:12
100,285,72,1924,2025-12-11,16:58:07
100,8,57,1924,2025-12-11,17:03:02
100,0,72,1963,2025-12-11,17:08:02
100,0,57,1963,2025-12-11,17:13:00
100,5,7,1963,2025-12-11,17:15:17
100,0,2,1963,2025-12-11,17:20:09
100,0,22,1963,2025-12-11,17:25:01
100,0,4,1963,2025-12-11,17:29:55
100,0,160,1963,2025-12-11,17:34:50
100,0,27,1963,2025-12-11,17:39:42
100,0,20,1963,2025-12-11,17:44:34
100,0,0,1963,2025-12-11,17:49:28
100,0,0,1963,2025-12-11,17:54:16
100,0,0,1963,2025-12-11,17:59:10
99,0,12,1963,2025-12-11,18:04:03
99,0,25,1963,2025-12-11,18:08:56
99,0,10,1963,2025-12-11,18:13:51
99,0,12,1963,2025-12-11,18:18:50
99,0,20,1963,2025-12-11,18:23:46
99,0,62,1963,2025-12-11,18:28:43
99,0,74,1963,2025-12-11,18:33:37
99,0,65,1963,2025-12-11,18:38:31
99,0,69,1963,2025-12-11,18:43:23
99,0,0,1963,2025-12-11,18:48:17
99,0,0,1963,2025-12-11,18:53:14
99,0,0,1963,2025-12-11,18:55:22
99,0,0,1963,2025-12-11,19:00:14
99,0,0,1963,2025-12-11,19:05:07
98,0,0,1963,2025-12-11,19:10:01
98,0,0,1963,2025-12-11,19:14:53
98,0,0,1963,2025-12-11,19:19:44
98,0,0,1963,2025-12-11,19:24:37
98,0,0,1963,2025-12-11,19:29:31
98,0,0,1963,2025-12-11,19:34:25
98,0,0,1963,2025-12-11,19:39:17
98,0,0,1963,2025-12-11,19:44:10
98,0,0,1963,2025-12-11,19:49:06
98,0,56,1963,2025-12-11,19:54:00
98,0,67,1963,2025-12-11,19:55:31
98,0,56,1963,2025-12-11,20:00:26
98,0,48,1963,2025-12-11,20:05:25
98,0,65,1963,2025-12-11,20:10:23
98,0,0,1963,2025-12-11,20:15:25
97,0,0,1963,2025-12-11,20:20:19
97,0,18,1963,2025-12-11,20:25:15
97,0,0,1963,2025-12-11,20:30:10
97,0,17,1963,2025-12-11,20:35:04
97,0,0,1963,2025-12-11,20:40:01
97,0,11,1963,2025-12-11,20:44:55
97,0,0,1963,2025-12-11,20:49:51
97,0,0,1963,2025-12-11,20:55:30
97,0,0,1963,2025-12-11,21:00:26
97,0,0,1963,2025-12-11,21:05:23
97,0,15,1963,2025-12-11,21:10:18
97,0,0,1963,2025-12-11,21:15:12
97,0,0,1963,2025-12-11,21:20:05
97,0,92,1963,2025-12-11,21:25:00
97,0,73,1963,2025-12-11,21:29:53
96,0,69,1963,2025-12-11,21:34:46
96,0,79,1963,2025-12-11,21:39:38
96,0,20,1963,2025-12-11,21:44:35
96,0,20,1963,2025-12-11,21:49:35
96,0,21,1963,2025-12-11,21:54:29
96,0,25,1963,2025-12-11,21:59:21
96,0,18,1963,2025-12-11,22:04:15
96,0,12,1963,2025-12-11,22:09:06
96,0,0,1963,2025-12-11,22:13:59
96,0,0,1963,2025-12-11,22:18:57
96,0,4,1963,2025-12-11,22:23:51
96,0,0,1963,2025-12-11,22:28:45
96,0,0,1963,2025-12-11,22:33:43
96,0,0,1963,2025-12-11,22:38:37
96,0,0,1963,2025-12-11,22:43:32
95,0,0,1963,2025-12-11,22:48:28
95,0,0,1963,2025-12-11,22:53:20
95,0,0,1963,2025-12-11,22:58:15
95,0,0,1963,2025-12-11,23:03:11
95,0,36,1963,2025-12-11,23:08:06
95,0,0,1963,2025-12-11,23:13:03
95,0,0,1963,2025-12-11,23:17:56
95,0,0,1963,2025-12-11,23:22:50
95,0,68,1963,2025-12-11,23:27:44
95,0,70,1963,2025-12-11,23:32:40
95,0,58,1963,2025-12-11,23:37:32
95,0,67,1963,2025-12-11,23:42:26
95,0,0,1963,2025-12-11,23:47:19
95,0,13,1963,2025-12-11,23:52:13
94,0,0,1963,2025-12-11,23:56:54
94,0,0,0,2025-12-12,00:01:49
94,0,0,0,2025-12-12,00:06:45
94,0,0,0,2025-12-12,00:11:44
94,0,0,0,2025-12-12,00:16:42
94,0,0,0,2025-12-12,00:21:39
94,0,5,0,2025-12-12,00:26:35
94,0,0,0,2025-12-12,00:31:34
94,0,0,0,2025-12-12,00:36:32
94,0,0,0,2025-12-12,00:41:26
94,0,23,0,2025-12-12,00:46:25
94,0,0,0,2025-12-12,00:51:21
94,0,0,0,2025-12-12,00:56:16
94,0,0,0,2025-12-12,00:57:56
94,0,0,0,2025-12-12,01:02:53
94,0,0,0,2025-12-12,01:07:49
94,0,0,0,2025-12-12,01:12:42
93,0,0,0,2025-12-12,01:17:40
93,0,0,0,2025-12-12,01:22:35
93,0,0,0,2025-12-12,01:27:32
93,0,0,0,2025-12-12,01:32:26
93,0,0,0,2025-12-12,01:37:21
93,0,0,0,2025-12-12,01:42:16
93,0,48,0,2025-12-12,01:47:13
93,0,68,0,2025-12-12,01:52:05
93,0,53,0,2025-12-12,01:57:00
93,0,53,0,2025-12-12,01:58:59
93,0,50,0,2025-12-12,02:03:55
93,0,0,0,2025-12-12,02:08:53
93,0,0,0,2025-12-12,02:13:49
93,0,0,0,2025-12-12,02:18:45
93,0,0,0,2025-12-12,02:23:43
92,0,0,0,2025-12-12,02:28:41
92,0,0,0,2025-12-12,02:33:37
92,0,0,0,2025-12-12,02:38:33
92,0,0,0,2025-12-12,02:43:27
92,0,0,0,2025-12-12,02:48:25
92,0,0,0,2025-12-12,02:53:20
92,0,0,0,2025-12-12,02:58:18
92,0,0,0,2025-12-12,03:03:14
92,0,0,0,2025-12-12,03:08:54
92,0,0,0,2025-12-12,03:13:47
92,0,0,0,2025-12-12,03:18:38
92,0,0,0,2025-12-12,03:23:31
92,0,0,0,2025-12-12,03:28:22
92,0,0,0,2025-12-12,03:33:14
92,0,0,0,2025-12-12,03:38:09
92,0,0,0,2025-12-12,03:43:05
92,0,0,0,2025-12-12,03:47:58
91,0,0,0,2025-12-12,03:52:48
91,0,0,0,2025-12-12,03:57:39
91,0,0,0,2025-12-12,04:01:11
91,0,0,0,2025-12-12,04:06:04
91,0,0,0,2025-12-12,04:10:58
91,0,0,0,2025-12-12,04:15:51
91,0,0,0,2025-12-12,04:20:43
91,0,55,0,2025-12-12,04:25:38
91,0,71,0,2025-12-12,04:30:33
91,0,61,0,2025-12-12,04:35:27
91,0,62,0,2025-12-12,04:40:19
91,0,0,0,2025-12-12,04:45:13
91,0,0,0,2025-12-12,04:50:08
91,0,0,0,2025-12-12,04:55:02
91,0,0,0,2025-12-12,04:59:53
90,0,0,0,2025-12-12,05:01:17
90,0,0,0,2025-12-12,05:06:10
90,0,0,0,2025-12-12,05:11:03
90,0,0,0,2025-12-12,05:15:58
90,0,0,0,2025-12-12,05:20:51
90,0,0,0,2025-12-12,05:25:47
90,0,0,0,2025-12-12,05:30:43
90,0,0,0,2025-12-12,05:35:36
90,0,0,0,2025-12-12,05:40:28
90,0,0,0,2025-12-12,05:45:22
90,0,0,0,2025-12-12,05:50:20
90,0,0,0,2025-12-12,05:55:14
90,0,0,0,2025-12-12,06:00:12
90,0,0,0,2025-12-12,06:05:07
90,0,0,0,2025-12-12,06:10:06
90,0,0,0,2025-12-12,06:15:02
90,0,0,0,2025-12-12,06:19:54
90,0,0,0,2025-12-12,06:24:50
89,0,0,0,2025-12-12,06:29:43
89,0,0,0,2025-12-12,06:34:35
89,0,0,0,2025-12-12,06:39:32
89,0,0,0,2025-12-12,06:44:25
89,0,0,0,2025-12-12,06:49:19
89,0,53,0,2025-12-12,06:54:14
89,0,48,0,2025-12-12,06:59:07
89,0,53,0,2025-12-12,07:01:28
89,0,64,0,2025-12-12,07:06:19
89,0,41,0,2025-12-12,07:11:11
89,0,0,0,2025-12-12,07:16:01
89,0,0,0,2025-12-12,07:20:52
89,0,0,0,2025-12-12,07:25:45
89,0,0,0,2025-12-12,07:30:36
89,0,0,0,2025-12-12,07:35:25
88,0,0,0,2025-12-12,07:40:16
88,0,0,0,2025-12-12,07:45:07
88,0,0,0,2025-12-12,07:49:59
88,0,0,0,2025-12-12,07:54:51
88,0,0,0,2025-12-12,07:59:41
88,0,0,0,2025-12-12,08:04:34
88,0,0,0,2025-12-12,08:09:25
88,0,0,0,2025-12-12,08:14:18
88,0,0,0,2025-12-12,08:19:13
88,0,0,0,2025-12-12,08:24:04
88,0,0,0,2025-12-12,08:28:55
88,0,0,0,2025-12-12,08:33:45
88,0,0,0,2025-12-12,08:38:35
88,0,0,0,2025-12-12,08:43:28
88,0,0,0,2025-12-12,08:48:17
88,0,0,0,2025-12-12,08:53:08
88,0,0,0,2025-12-12,08:57:59
86,0,2095,0,2025-12-12,09:02:50
80,6,0,0,2025-12-12,09:07:39
80,31,55,0,2025-12-12,09:12:30
80,152,73,0,2025-12-12,09:17:20
80,51,69,13,2025-12-12,09:22:11
80,364,65,13,2025-12-12,09:27:03
81,653,0,61,2025-12-12,09:31:57
81,684,0,105,2025-12-12,09:36:47
82,814,0,153,2025-12-12,09:41:38
84,898,0,203,2025-12-12,09:46:28
87,910,0,238,2025-12-12,09:51:17
87,974,17,289,2025-12-12,09:56:08
88,1083,0,341,2025-12-12,10:00:59
89,1071,0,367,2025-12-12,10:02:39
89,1216,0,437,2025-12-12,10:07:34
90,1205,0,520,2025-12-12,10:12:29
91,1317,10,582,2025-12-12,10:17:22
92,1588,0,692,2025-12-12,10:22:18
92,1577,8,791,2025-12-12,10:27:12
92,1633,10,890,2025-12-12,10:32:06
92,1310,0,989,2025-12-12,10:36:58
92,1318,0,1077,2025-12-12,10:41:53
95,1123,0,1158,2025-12-12,10:46:51
99,484,16,1203,2025-12-12,10:51:49
99,9,39,1203,2025-12-12,10:56:41
100,9,23,1259,2025-12-12,11:01:35
100,2,6,1259,2025-12-12,11:03:45
100,6,21,1259,2025-12-12,11:08:39
100,4,20,1259,2025-12-12,11:13:34
100,12,61,1259,2025-12-12,11:18:28
100,9,57,1259,2025-12-12,11:23:21
100,11,59,1259,2025-12-12,11:28:15
100,6,72,1259,2025-12-12,11:33:11
100,6,57,1259,2025-12-12,11:38:02
100,1120,1122,1259,2025-12-12,11:42:57
100,3,18,1322,2025-12-12,11:47:54
100,7,16,1337,2025-12-12,11:52:49
100,5,18,1337,2025-12-12,11:57:44
100,4,11,1337,2025-12-12,12:03:49
100,2,6,1337,2025-12-12,12:08:44
100,2,18,1337,2025-12-12,12:13:39
100,5,13,1337,2025-12-12,12:18:34
100,429,20,1343,2025-12-12,12:23:30
100,129,12,1358,2025-12-12,12:28:25
100,1,13,1377,2025-12-12,12:33:21
100,1,9,1377,2025-12-12,12:38:15
100,3,19,1377,2025-12-12,12:43:14
100,4,10,1377,2025-12-12,12:48:09
100,3,43,1377,2025-12-12,12:53:03
100,6,39,1377,2025-12-12,12:57:58
100,2,24,1377,2025-12-12,13:02:53
100,466,59,1377,2025-12-12,13:07:49
100,23,90,1377,2025-12-12,13:12:45
100,17,105,1377,2025-12-12,13:17:39
100,11,80,1565,2025-12-12,13:22:35
100,14,84,1565,2025-12-12,13:27:33
100,16,118,1565,2025-12-12,13:32:26
100,5,35,1565,2025-12-12,13:37:21
100,6,29,1565,2025-12-12,13:42:20
100,6,22,1569,2025-12-12,13:47:17
100,2,29,1569,2025-12-12,13:52:14
100,4,58,1569,2025-12-12,13:57:11
100,2,28,1570,2025-12-12,14:02:09
100,5,22,1570,2025-12-12,14:07:07
100,11,34,1570,2025-12-12,14:12:02
100,6,25,1570,2025-12-12,14:16:58
100,2,26,1571,2025-12-12,14:21:53
100,7,26,1571,2025-12-12,14:26:52
100,4,25,1571,2025-12-12,14:31:49
100,3,53,1571,2025-12-12,14:36:44
100,472,39,1571,2025-12-12,14:41:43
100,8,33,1609,2025-12-12,14:46:38
100,3,16,1609,2025-12-12,14:51:36
100,7,22,1609,2025-12-12,14:56:34
100,4,29,1609,2025-12-12,15:01:30
100,13,80,1609,2025-12-12,15:05:05
100,15,72,1609,2025-12-12,15:10:05
100,16,79,1609,2025-12-12,15:15:02
100,21,99,1609,2025-12-12,15:19:58
100,21,39,1615,2025-12-12,15:24:57
100,18,44,1615,2025-12-12,15:29:54
100,6,46,1615,2025-12-12,15:34:53
100,19,56,1615,2025-12-12,15:39:50
100,3,53,1615,2025-12-12,15:44:43
100,0,43,1616,2025-12-12,15:49:38
100,1,68,1616,2025-12-12,15:54:34
100,0,36,1616,2025-12-12,15:59:31
100,0,50,1616,2025-12-12,16:05:10
100,0,41,1616,2025-12-12,16:10:03
100,0,54,1616,2025-12-12,16:14:54
100,0,46,1616,2025-12-12,16:19:46
100,0,37,1616,2025-12-12,16:24:38
100,0,46,1616,2025-12-12,16:29:28
99,0,53,1616,2025-12-12,16:34:21
99,0,45,1616,2025-12-12,16:39:15
99,0,35,1616,2025-12-12,16:44:08
99,0,48,1616,2025-12-12,16:49:00
99,0,31,1616,2025-12-12,16:53:50
99,0,63,1616,2025-12-12,16:58:41
99,0,47,1616,2025-12-12,17:03:33
99,0,38,1616,2025-12-12,17:05:16
99,0,44,1616,2025-12-12,17:10:12
99,0,35,1616,2025-12-12,17:15:08
99,0,49,1616,2025-12-12,17:20:05
99,0,37,1616,2025-12-12,17:25:00
99,0,40,1616,2025-12-12,17:29:56
99,0,112,1616,2025-12-12,17:34:50
98,0,99,1616,2025-12-12,17:39:46
98,0,90,1616,2025-12-12,17:44:42
98,0,51,1616,2025-12-12,17:49:39
98,0,33,1616,2025-12-12,17:54:33
98,0,25,1616,2025-12-12,17:59:29
98,0,40,1616,2025-12-12,18:04:23
98,0,14,1616,2025-12-12,18:09:20
98,0,9,1616,2025-12-12,18:14:16
98,0,9,1616,2025-12-12,18:19:14
98,0,17,1616,2025-12-12,18:24:13
98,0,10,1616,2025-12-12,18:29:11
98,0,14,1616,2025-12-12,18:34:08
97,0,28,1616,2025-12-12,18:39:05
97,0,0,1616,2025-12-12,18:44:01
97,0,23,1616,2025-12-12,18:48:58
97,0,4,1616,2025-12-12,18:53:53
97,0,3,1616,2025-12-12,18:58:47
97,0,29,1616,2025-12-12,19:03:40
97,0,24,1616,2025-12-12,19:05:26
97,0,3,1616,2025-12-12,19:10:16
97,0,21,1616,2025-12-12,19:15:11
97,0,73,1616,2025-12-12,19:20:02
97,0,79,1616,2025-12-12,19:24:53
97,0,69,1616,2025-12-12,19:29:45
97,0,100,1616,2025-12-12,19:34:37
96,0,0,1616,2025-12-12,19:39:34
96,0,13,1616,2025-12-12,19:44:28
96,0,13,1616,2025-12-12,19:49:22
96,0,0,1616,2025-12-12,19:54:15
96,0,0,1616,2025-12-12,19:59:10
96,0,0,1616,2025-12-12,20:04:00
96,0,0,1616,2025-12-12,20:08:53
96,0,0,1616,2025-12-12,20:13:44
96,0,0,1616,2025-12-12,20:18:36
96,0,0,1616,2025-12-12,20:23:30
96,0,0,1616,2025-12-12,20:28:26
96,0,0,1616,2025-12-12,20:33:18
96,0,0,1616,2025-12-12,20:38:12
96,0,0,1616,2025-12-12,20:43:04
96,0,0,1616,2025-12-12,20:47:59
96,0,0,1616,2025-12-12,20:52:55
96,0,16,1616,2025-12-12,20:57:49
95,0,3,1616,2025-12-12,21:02:43
95,0,19,1616,2025-12-12,21:06:33
95,0,33,1616,2025-12-12,21:11:31
95,0,1,1616,2025-12-12,21:16:27
95,0,26,1616,2025-12-12,21:21:21
95,0,83,1616,2025-12-12,21:26:17
95,0,70,1616,2025-12-12,21:31:15
95,0,45,1616,2025-12-12,21:36:10
95,0,78,1616,2025-12-12,21:41:03
95,0,72,1616,2025-12-12,21:46:00
95,0,14,1616,2025-12-12,21:50:56
95,0,33,1616,2025-12-12,21:55:50
94,0,33,1616,2025-12-12,22:00:46
94,0,25,1616,2025-12-12,22:05:43
94,0,15,1616,2025-12-12,22:10:37
94,0,12,1616,2025-12-12,22:15:33
94,0,5,1616,2025-12-12,22:20:30
94,0,20,1616,2025-12-12,22:25:28
94,0,14,1616,2025-12-12,22:30:25
94,0,0,1616,2025-12-12,22:35:23
94,0,0,1616,2025-12-12,22:40:19
94,0,13,1616,2025-12-12,22:45:16
94,0,0,1616,2025-12-12,22:50:12
94,0,0,1616,2025-12-12,22:55:08
94,0,0,1616,2025-12-12,23:00:05
94,0,0,1616,2025-12-12,23:05:03
94,0,58,1616,2025-12-12,23:09:56
93,0,63,1616,2025-12-12,23:14:53
93,0,89,1616,2025-12-12,23:19:49
93,0,50,1616,2025-12-12,23:24:44
93,0,0,1616,2025-12-12,23:29:36
93,0,0,1616,2025-12-12,23:34:32
93,0,0,1616,2025-12-12,23:39:24
93,0,0,1616,2025-12-12,23:44:17
93,0,0,1616,2025-12-12,23:49:11
93,0,0,1616,2025-12-12,23:54:06
93,0,0,1616,2025-12-12,23:59:04
93,0,0,0,2025-12-13,00:04:00
93,0,0,0,2025-12-13,00:08:54
93,0,0,0,2025-12-13,00:13:50
93,0,0,0,2025-12-13,00:18:44
93,0,0,0,2025-12-13,00:23:41
93,0,0,0,2025-12-13,00:28:37
92,0,0,0,2025-12-13,00:33:36
92,0,0,0,2025-12-13,00:38:31
92,0,0,0,2025-12-13,00:43:25
92,0,0,0,2025-12-13,00:48:20
92,0,0,0,2025-12-13,00:53:15
92,0,0,0,2025-12-13,00:58:10
92,0,0,0,2025-12-13,01:03:04
92,0,57,0,2025-12-13,01:07:54
92,0,52,0,2025-12-13,01:12:52
92,0,54,0,2025-12-13,01:17:48
92,0,0,0,2025-12-13,01:22:43
92,0,0,0,2025-12-13,01:27:40
92,0,0,0,2025-12-13,01:32:33
92,0,0,0,2025-12-13,01:37:28
91,0,0,0,2025-12-13,01:42:23
91,0,0,0,2025-12-13,01:47:15
91,0,0,0,2025-12-13,01:52:14
91,0,0,0,2025-12-13,01:57:12
91,0,0,0,2025-12-13,02:02:06
91,0,0,0,2025-12-13,02:07:00
91,0,0,0,2025-12-13,02:09:00
91,0,0,0,2025-12-13,02:13:56
91,0,0,0,2025-12-13,02:18:50
91,0,0,0,2025-12-13,02:23:44
91,0,0,0,2025-12-13,02:28:41
91,0,0,0,2025-12-13,02:33:35
91,0,0,0,2025-12-13,02:38:27
91,0,0,0,2025-12-13,02:43:21
91,0,0,0,2025-12-13,02:48:16
91,0,0,0,2025-12-13,02:53:13
91,0,55,0,2025-12-13,02:58:09
90,0,75,0,2025-12-13,03:03:04
90,0,47,0,2025-12-13,03:08:02
90,0,69,0,2025-12-13,03:09:00
90,0,50,0,2025-12-13,03:13:55
90,0,0,0,2025-12-13,03:18:49
90,0,0,0,2025-12-13,03:23:42
90,0,0,0,2025-12-13,03:28:39
90,0,0,0,2025-12-13,03:33:37
90,0,0,0,2025-12-13,03:38:26
90,0,0,0,2025-12-13,03:43:20
90,0,0,0,2025-12-13,03:48:14
90,0,0,0,2025-12-13,03:53:08
90,0,0,0,2025-12-13,03:58:02
90,0,0,0,2025-12-13,04:02:56
90,0,0,0,2025-12-13,04:07:48
90,0,0,0,2025-12-13,04:10:07
90,0,0,0,2025-12-13,04:15:02
89,0,0,0,2025-12-13,04:19:55
89,0,0,0,2025-12-13,04:24:50
89,0,0,0,2025-12-13,04:29:43
89,0,0,0,2025-12-13,04:34:38
89,0,0,0,2025-12-13,04:39:33
89,0,0,0,2025-12-13,04:44:29
89,0,54,0,2025-12-13,04:49:26
89,0,61,0,2025-12-13,04:54:21
89,0,57,0,2025-12-13,04:59:15
89,0,65,0,2025-12-13,05:04:11
89,0,0,0,2025-12-13,05:10:13
89,0,0,0,2025-12-13,05:15:05
89,0,0,0,2025-12-13,05:19:56
89,0,0,0,2025-12-13,05:24:49
89,0,0,0,2025-12-13,05:29:42
88,0,0,0,2025-12-13,05:34:39
88,0,0,0,2025-12-13,05:39:33
88,0,0,0,2025-12-13,05:44:26
88,0,0,0,2025-12-13,05:49:20
88,0,0,0,2025-12-13,05:54:15
88,0,0,0,2025-12-13,05:59:12
88,0,0,0,2025-12-13,06:04:07
88,0,0,0,2025-12-13,06:08:58
88,0,0,0,2025-12-13,06:13:51
88,0,0,0,2025-12-13,06:18:46
88,0,0,0,2025-12-13,06:23:40
88,0,0,0,2025-12-13,06:28:36
88,0,0,0,2025-12-13,06:33:32
88,0,67,0,2025-12-13,06:38:26
88,0,64,0,2025-12-13,06:43:20
87,0,75,0,2025-12-13,06:48:16
87,0,76,0,2025-12-13,06:53:13
87,0,0,0,2025-12-13,06:58:08
87,0,0,0,2025-12-13,07:03:06
87,0,0,0,2025-12-13,07:07:59
87,0,0,0,2025-12-13,07:11:25
87,0,0,0,2025-12-13,07:16:20
87,0,0,0,2025-12-13,07:21:14
87,0,0,0,2025-12-13,07:26:10
87,0,0,0,2025-12-13,07:31:05
87,0,0,0,2025-12-13,07:36:01
87,0,0,0,2025-12-13,07:40:57
87,0,0,0,2025-12-13,07:45:56
87,0,0,0,2025-12-13,07:50:50
87,0,0,0,2025-12-13,07:55:45
87,0,0,0,2025-12-13,08:00:40
87,0,0,0,2025-12-13,08:05:36
86,0,0,0,2025-12-13,08:10:35
86,0,0,0,2025-12-13,08:13:28
86,0,0,0,2025-12-13,08:18:29
86,0,0,0,2025-12-13,08:23:23
86,0,0,0,2025-12-13,08:28:18
86,0,68,0,2025-12-13,08:33:14
86,0,78,0,2025-12-13,08:38:12
86,0,69,0,2025-12-13,08:43:10
86,0,62,0,2025-12-13,08:48:09
86,0,59,0,2025-12-13,08:53:09
86,0,0,0,2025-12-13,08:58:07
86,0,0,0,2025-12-13,09:03:04
86,0,0,0,2025-12-13,09:08:02
86,0,0,0,2025-12-13,09:12:56
86,24,0,0,2025-12-13,09:17:51
86,92,18,2,2025-12-13,09:22:45
86,371,5,2,2025-12-13,09:27:37
86,584,15,37,2025-12-13,09:32:32
87,599,19,77,2025-12-13,09:37:28
87,498,3,140,2025-12-13,09:42:24
86,726,2067,151,2025-12-13,09:47:22
84,827,9,231,2025-12-13,09:52:15
87,888,21,277,2025-12-13,09:57:13
87,954,15,367,2025-12-13,10:02:09
88,981,9,429,2025-12-13,10:07:05
88,913,19,498,2025-12-13,10:12:01
89,932,25,523,2025-12-13,10:13:49
89,834,15,585,2025-12-13,10:18:44
90,1359,7,599,2025-12-13,10:23:37
91,942,35,599,2025-12-13,10:28:27
92,1519,61,599,2025-12-13,10:33:24
92,1304,72,599,2025-12-13,10:38:15
92,1029,60,599,2025-12-13,10:43:07
92,960,67,599,2025-12-13,10:47:59
92,1428,9,1204,2025-12-13,10:52:52
92,1904,13,1317,2025-12-13,10:57:46
94,1558,30,1442,2025-12-13,11:02:38
96,1027,11,1531,2025-12-13,11:07:30
99,494,15,1613,2025-12-13,11:12:26
99,6,7,1622,2025-12-13,11:17:18
100,3,6,1629,2025-12-13,11:22:09
100,1,20,1629,2025-12-13,11:27:05
100,7,15,1629,2025-12-13,11:32:01
100,1,23,1629,2025-12-13,11:36:53
100,3,19,1629,2025-12-13,11:41:45
100,2,24,1629,2025-12-13,11:46:39
100,2,48,1629,2025-12-13,11:51:38
100,2,14,1629,2025-12-13,11:56:32
100,9,79,1629,2025-12-13,12:01:23
100,7,71,1629,2025-12-13,12:06:14
100,9,70,1629,2025-12-13,12:11:06
100,9,58,1629,2025-12-13,12:15:10
100,2170,2095,1629,2025-12-13,12:20:00
100,7,19,1629,2025-12-13,12:24:51
100,3,36,1794,2025-12-13,12:29:44
100,2204,2122,1794,2025-12-13,12:34:36
100,517,65,1838,2025-12-13,12:39:25
100,4,38,1838,2025-12-13,12:44:16
100,2,28,1838,2025-12-13,12:49:08
100,1071,1080,1862,2025-12-13,12:53:58
100,2,2,1914,2025-12-13,12:58:48
100,2,12,1914,2025-12-13,13:03:39
100,12,75,1914,2025-12-13,13:08:29
100,7,69,1914,2025-12-13,13:13:19
100,13,64,1914,2025-12-13,13:16:20
100,3,69,1914,2025-12-13,13:21:16
100,6,72,1914,2025-12-13,13:26:12
100,11,58,1914,2025-12-13,13:31:09
100,3,28,1916,2025-12-13,13:36:05
100,2,18,1916,2025-12-13,13:41:02
100,8,13,1916,2025-12-13,13:45:57
100,6,23,1916,2025-12-13,13:50:53
100,4,6,1916,2025-12-13,13:55:50
100,4,24,1916,2025-12-13,14:00:47
100,479,19,1940,2025-12-13,14:05:43
100,4,3,1942,2025-12-13,14:10:41
100,4,6,1942,2025-12-13,14:15:22
100,3,29,1942,2025-12-13,14:20:13
100,5,19,1942,2025-12-13,14:25:03
100,1,24,1942,2025-12-13,14:29:54
100,2,10,1942,2025-12-13,14:34:44
100,7,67,1942,2025-12-13,14:39:36
100,9,74,1942,2025-12-13,14:44:27
100,5,69,1942,2025-12-13,14:49:19
100,3,12,1944,2025-12-13,14:54:10
100,4,12,1944,2025-12-13,14:59:01
100,6,0,1944,2025-12-13,15:03:52
100,5,8,1944,2025-12-13,15:08:44
100,6,6,1944,2025-12-13,15:13:37
100,8,15,1944,2025-12-13,15:18:28
100,5,22,1944,2025-12-13,15:23:19
100,471,3,1949,2025-12-13,15:28:09
100,5,41,1975,2025-12-13,15:33:00
100,1,15,1975,2025-12-13,15:37:51
100,6,3,1975,2025-12-13,15:42:41
100,4,14,1975,2025-12-13,15:47:32
100,2,12,1975,2025-12-13,15:52:25
100,2,4,1975,2025-12-13,15:57:16
100,13,75,1975,2025-12-13,16:02:07
100,4,66,1975,2025-12-13,16:06:59
100,5,54,1975,2025-12-13,16:11:48
100,9,49,1975,2025-12-13,16:16:43
100,4,14,1982,2025-12-13,16:21:33
100,8,18,1982,2025-12-13,16:26:25
100,2,12,1982,2025-12-13,16:31:18
100,2,7,1982,2025-12-13,16:36:10
100,5,7,1982,2025-12-13,16:41:02
100,6,18,1982,2025-12-13,16:45:54
100,2,26,1982,2025-12-13,16:50:43
100,372,8,1989,2025-12-13,16:55:33
100,319,0,2009,2025-12-13,17:00:26
100,5,12,2016,2025-12-13,17:05:17
100,6,17,2016,2025-12-13,17:10:08
100,4,7,2016,2025-12-13,17:14:58
100,3,22,2016,2025-12-13,17:16:34
100,5,2,2016,2025-12-13,17:21:30
100,3,10,2016,2025-12-13,17:26:26
100,1,12,2016,2025-12-13,17:31:20
100,4,17,2016,2025-12-13,17:36:14
100,0,69,2016,2025-12-13,17:41:12
100,0,63,2016,2025-12-13,17:46:08
100,0,58,2016,2025-12-13,17:51:05
100,0,44,2016,2025-12-13,17:56:00
100,0,0,2016,2025-12-13,18:00:58
99,0,0,2016,2025-12-13,18:05:54
99,0,0,2016,2025-12-13,18:10:48
99,0,0,2016,2025-12-13,18:15:43
99,0,0,2016,2025-12-13,18:18:40
99,0,0,2016,2025-12-13,18:23:37
99,0,0,2016,2025-12-13,18:28:32
99,0,0,2016,2025-12-13,18:33:25
99,0,0,2016,2025-12-13,18:38:19
99,0,0,2016,2025-12-13,18:43:12
99,0,0,2016,2025-12-13,18:48:06
99,0,0,2016,2025-12-13,18:52:59
99,0,0,2016,2025-12-13,18:57:55
99,0,0,2016,2025-12-13,19:02:51
99,0,0,2016,2025-12-13,19:07:44
99,0,0,2016,2025-12-13,19:12:38
99,0,0,2016,2025-12-13,19:17:32
99,0,0,2016,2025-12-13,19:22:24
99,0,0,2016,2025-12-13,19:27:21
98,0,0,2016,2025-12-13,19:32:15
98,0,59,2016,2025-12-13,19:37:10
98,0,58,2016,2025-12-13,19:42:02
98,0,64,2016,2025-12-13,19:46:57
98,0,0,2016,2025-12-13,19:51:52
98,0,0,2016,2025-12-13,19:56:47
98,0,0,2016,2025-12-13,20:01:43
98,0,0,2016,2025-12-13,20:06:39
98,0,0,2016,2025-12-13,20:11:31
98,0,0,2016,2025-12-13,20:16:24
98,0,0,2016,2025-12-13,20:18:53
98,0,0,2016,2025-12-13,20:23:46
98,0,0,2016,2025-12-13,20:28:41
98,0,0,2016,2025-12-13,20:33:38
98,0,0,2016,2025-12-13,20:38:35
98,0,0,2016,2025-12-13,20:43:28
97,0,0,2016,2025-12-13,20:48:27
97,0,0,2016,2025-12-13,20:53:24
97,0,0,2016,2025-12-13,20:58:21
97,0,0,2016,2025-12-13,21:03:16
97,0,0,2016,2025-12-13,21:08:11
97,0,0,2016,2025-12-13,21:13:08
97,0,0,2016,2025-12-13,21:19:00
97,0,0,2016,2025-12-13,21:23:51
97,0,0,2016,2025-12-13,21:28:42
97,0,0,2016,2025-12-13,21:33:34
97,0,0,2016,2025-12-13,21:38:24
97,0,73,2016,2025-12-13,21:43:14
97,0,59,2016,2025-12-13,21:48:04
97,0,76,2016,2025-12-13,21:52:54
97,0,65,2016,2025-12-13,21:57:44
96,0,0,2016,2025-12-13,22:02:34
96,0,0,2016,2025-12-13,22:07:24
96,0,0,2016,2025-12-13,22:12:15
96,0,0,2016,2025-12-13,22:17:06
96,0,0,2016,2025-12-13,22:20:03
96,0,0,2016,2025-12-13,22:25:03
96,0,0,2016,2025-12-13,22:29:59
96,0,0,2016,2025-12-13,22:34:55
96,0,0,2016,2025-12-13,22:39:53
96,0,0,2016,2025-12-13,22:44:50
96,0,0,2016,2025-12-13,22:49:49
96,0,0,2016,2025-12-13,22:54:47
96,0,0,2016,2025-12-13,22:59:41
96,0,0,2016,2025-12-13,23:04:35
96,0,0,2016,2025-12-13,23:09:33
96,0,0,2016,2025-12-13,23:14:31
96,0,0,2016,2025-12-13,23:19:27
96,0,0,2016,2025-12-13,23:24:24
95,0,0,2016,2025-12-13,23:29:21
95,0,0,2016,2025-12-13,23:34:21
95,0,0,2016,2025-12-13,23:39:16
95,0,0,2016,2025-12-13,23:44:09
95,0,52,2016,2025-12-13,23:49:06
95,0,47,2016,2025-12-13,23:54:04
95,0,88,2016,2025-12-13,23:59:00
95,0,52,0,2025-12-14,00:04:01
95,0,0,0,2025-12-14,00:08:59
95,0,0,0,2025-12-14,00:13:57
95,0,0,0,2025-12-14,00:18:55
95,0,0,0,2025-12-14,00:21:14
95,0,0,0,2025-12-14,00:26:09
95,0,0,0,2025-12-14,00:31:06
95,0,0,0,2025-12-14,00:36:02
94,0,0,0,2025-12-14,00:41:02
94,0,0,0,2025-12-14,00:46:02
94,0,0,0,2025-12-14,00:50:59
94,0,0,0,2025-12-14,00:55:57
94,0,0,0,2025-12-14,01:00:54
94,0,0,0,2025-12-14,01:05:50
94,0,0,0,2025-12-14,01:10:47
94,0,0,0,2025-12-14,01:15:44
94,0,0,0,2025-12-14,01:20:42
94,0,0,0,2025-12-14,01:25:42
94,0,0,0,2025-12-14,01:30:38
94,0,0,0,2025-12-14,01:35:37
94,0,0,0,2025-12-14,01:40:35
94,0,0,0,2025-12-14,01:45:32
94,0,0,0,2025-12-14,01:50:30
94,0,68,0,2025-12-14,01:55:27
93,0,55,0,2025-12-14,02:00:21
93,0,63,0,2025-12-14,02:05:22
93,0,54,0,2025-12-14,02:10:15
93,0,69,0,2025-12-14,02:15:13
93,0,0,0,2025-12-14,02:20:10
93,0,0,0,2025-12-14,02:22:23
93,0,0,0,2025-12-14,02:27:20
93,0,0,0,2025-12-14,02:32:15
93,0,0,0,2025-12-14,02:37:11
93,0,0,0,2025-12-14,02:42:06
93,0,0,0,2025-12-14,02:47:02
93,0,0,0,2025-12-14,02:51:56
93,0,0,0,2025-12-14,02:56:47
93,0,0,0,2025-12-14,03:01:38
93,0,0,0,2025-12-14,03:06:31
92,0,0,0,2025-12-15,03:09:04
92,0,0,0,2025-12-15,03:13:59
92,0,0,0,2025-12-15,03:18:51
92,0,0,0,2025-12-15,03:23:45
92,0,0,0,2025-12-15,03:28:45
92,0,0,0,2025-12-15,03:33:44
92,0,0,0,2025-12-15,03:38:40
91,0,0,0,2025-12-15,03:43:37
91,0,0,0,2025-12-15,03:48:35
91,0,0,0,2025-12-15,03:53:30
91,0,0,0,2025-12-15,03:58:26
91,0,0,0,2025-12-15,04:03:22
91,0,0,0,2025-12-15,04:08:17
91,0,0,0,2025-12-15,04:13:13
91,0,0,0,2025-12-15,04:18:09
91,0,0,0,2025-12-15,04:23:05
91,0,0,0,2025-12-15,04:25:20
91,0,0,0,2025-12-15,04:30:16
91,0,0,0,2025-12-15,04:35:13
91,0,0,0,2025-12-15,04:40:06
91,0,0,0,2025-12-15,04:44:58
91,0,0,0,2025-12-15,04:49:55
91,0,82,0,2025-12-15,04:54:51
91,0,59,0,2025-12-15,04:59:45
90,0,63,0,2025-12-15,05:04:39
90,0,0,0,2025-12-15,05:09:35
90,0,0,0,2025-12-15,05:14:29
90,0,0,0,2025-12-15,05:19:23
90,0,0,0,2025-12-15,05:24:15
90,0,0,0,2025-12-15,05:27:30
90,0,0,0,2025-12-15,05:32:22
90,0,0,0,2025-12-15,05:37:15
90,0,0,0,2025-12-15,05:42:11
90,0,0,0,2025-12-15,05:47:03
90,0,0,0,2025-12-15,05:51:57
90,0,0,0,2025-12-15,05:56:49
90,0,0,0,2025-12-15,06:01:40
90,0,0,0,2025-12-15,06:06:32
90,0,0,0,2025-12-15,06:11:27
90,0,0,0,2025-12-15,06:16:22
89,0,0,0,2025-12-15,06:21:15
89,0,0,0,2025-12-15,06:26:10
89,0,0,0,2025-12-15,06:27:34
89,0,0,0,2025-12-15,06:32:29
89,0,0,0,2025-12-15,06:37:21
89,0,0,0,2025-12-15,06:42:18
89,0,0,0,2025-12-15,06:47:14
89,0,0,0,2025-12-15,06:52:07
89,0,0,0,2025-12-15,06:56:59
89,0,0,0,2025-12-15,07:01:52
89,0,0,0,2025-12-15,07:06:44
89,0,0,0,2025-12-15,07:11:37
89,0,0,0,2025-12-15,07:16:29
89,0,0,0,2025-12-15,07:21:22
89,0,0,0,2025-12-15,07:27:36
89,0,0,0,2025-12-15,07:32:30
89,0,0,0,2025-12-15,07:37:24
89,0,0,0,2025-12-15,07:42:18
88,0,63,0,2025-12-15,07:47:12
88,0,69,0,2025-12-15,07:52:07
88,0,58,0,2025-12-15,07:57:03
88,0,74,0,2025-12-15,08:01:57
88,0,77,0,2025-12-15,08:06:53
88,0,0,0,2025-12-15,08:11:51
88,0,0,0,2025-12-15,08:16:48
88,0,0,0,2025-12-15,08:21:45
88,0,0,0,2025-12-15,08:26:40
88,0,0,0,2025-12-15,08:31:35
88,0,0,0,2025-12-15,08:36:30
87,0,2080,0,2025-12-15,08:41:26
81,0,0,0,2025-12-15,08:46:21
81,0,0,0,2025-12-15,08:51:17
81,0,0,0,2025-12-15,08:56:12
81,0,16,0,2025-12-15,09:01:08
81,0,32,0,2025-12-15,09:06:06
81,0,12,0,2025-12-15,09:10:59
80,0,6,0,2025-12-15,09:15:55
80,0,12,0,2025-12-15,09:20:51
80,0,5,0,2025-12-15,09:25:44
80,0,30,0,2025-12-15,09:28:54
80,0,12,0,2025-12-15,09:33:47
80,5,13,0,2025-12-15,09:38:40
80,0,4,0,2025-12-15,09:43:32
80,0,12,0,2025-12-15,09:48:29
80,0,18,0,2025-12-15,09:53:20
80,0,25,0,2025-12-15,09:58:12
80,0,17,0,2025-12-15,10:03:06
80,3,25,0,2025-12-15,10:08:00
80,0,21,0,2025-12-15,10:12:55
80,0,10,0,2025-12-15,10:17:49
80,0,17,0,2025-12-15,10:22:42
80,1,16,0,2025-12-15,10:27:35
80,1,8,0,2025-12-15,10:29:52
80,0,20,0,2025-12-15,10:34:48
80,0,37,0,2025-12-15,10:39:46
80,0,73,0,2025-12-15,10:44:46
80,3,90,0,2025-12-15,10:49:43
80,217,99,0,2025-12-15,10:54:46
80,598,86,0,2025-12-15,10:59:46
82,1019,79,0,2025-12-15,11:04:43
84,772,32,0,2025-12-15,11:09:42
85,830,19,0,2025-12-15,11:14:40
86,510,39,0,2025-12-15,11:19:40
86,342,41,0,2025-12-15,11:24:42
86,320,34,309,2025-12-15,11:29:40
87,334,34,309,2025-12-15,11:34:40
87,422,21,309,2025-12-15,11:39:38
87,415,36,309,2025-12-15,11:44:37
87,272,38,309,2025-12-15,11:49:37
88,290,40,447,2025-12-15,11:54:35
88,324,37,447,2025-12-15,11:59:36
88,319,23,511,2025-12-15,12:04:33
88,415,17,511,2025-12-15,12:09:29
89,464,44,511,2025-12-15,12:14:30
89,346,31,601,2025-12-15,12:19:27
89,409,40,613,2025-12-15,12:24:28
90,361,27,613,2025-12-15,12:29:30
90,460,14,613,2025-12-15,12:34:28
90,569,33,613,2025-12-15,12:39:25
90,613,24,613,2025-12-15,12:44:23
90,555,44,805,2025-12-15,12:49:24
90,608,27,849,2025-12-15,12:54:22
90,623,14,906,2025-12-15,12:59:22
90,703,92,906,2025-12-15,13:04:20
91,1459,71,906,2025-12-15,13:09:17
92,730,94,906,2025-12-15,13:14:18
92,824,92,1107,2025-12-15,13:19:16
92,1151,85,1107,2025-12-15,13:24:16
94,1647,65,1107,2025-12-15,13:29:17
97,1075,80,1107,2025-12-15,13:34:16
97,2399,2153,1107,2025-12-15,13:39:13
99,350,37,1107,2025-12-15,13:44:10
99,3,44,1107,2025-12-15,13:49:12
100,5,31,1738,2025-12-15,13:54:10
100,3,36,1738,2025-12-15,13:59:09
100,3,40,1738,2025-12-15,14:04:06
100,1,2,1738,2025-12-15,14:09:05
100,10,9,1738,2025-12-15,14:14:04
100,10,5,1738,2025-12-15,14:19:02
100,2,34,1738,2025-12-15,14:24:00
100,4,0,1738,2025-12-15,14:29:02
100,6,20,1738,2025-12-15,14:31:16
100,2,19,1738,2025-12-15,14:36:10
100,9,34,1738,2025-12-15,14:41:02
100,3,26,1738,2025-12-15,14:45:53
100,6,74,1738,2025-12-15,14:50:45
100,14,78,1738,2025-12-15,14:55:34
100,12,59,1738,2025-12-15,15:00:29
100,9,88,1738,2025-12-15,15:05:19
100,8,18,1741,2025-12-15,15:10:12
100,255,10,1751,2025-12-15,15:15:03
100,268,16,1774,2025-12-15,15:19:54
100,2,9,1784,2025-12-15,15:24:44
100,1,33,1784,2025-12-15,15:29:35
100,2,15,1784,2025-12-15,15:34:28
100,4,24,1784,2025-12-15,15:39:20
100,2,4,1784,2025-12-15,15:44:12
100,5,8,1784,2025-12-15,15:49:04
100,2,6,1784,2025-12-15,15:53:57
100,5,10,1784,2025-12-15,15:58:50
100,4,24,1784,2025-12-15,16:03:42
100,3,3,1784,2025-12-15,16:08:39
100,5,1,1784,2025-12-15,16:13:33
100,7,2,1784,2025-12-15,16:18:28
100,3,2,1784,2025-12-15,16:23:18
100,8,20,1784,2025-12-15,16:28:10
100,6,74,1784,2025-12-15,16:32:21
100,14,78,1784,2025-12-15,16:37:16
100,5,79,1784,2025-12-15,16:42:09
100,1,80,1786,2025-12-15,16:47:01
100,0,73,1786,2025-12-15,16:51:53
100,0,71,1786,2025-12-15,16:56:46
100,0,70,1786,2025-12-15,17:01:41
100,0,23,1786,2025-12-15,17:06:35
100,0,0,1786,2025-12-15,17:11:29
100,0,0,1786,2025-12-15,17:16:21
100,0,0,1786,2025-12-15,17:21:15
100,0,0,1786,2025-12-15,17:26:09
100,0,2,1786,2025-12-15,17:31:01
100,0,35,1786,2025-12-15,17:34:33
99,0,0,1786,2025-12-15,17:39:28
99,0,0,1786,2025-12-15,17:44:24
99,0,0,1786,2025-12-15,17:49:19
99,0,0,1786,2025-12-15,17:54:16
99,0,0,1786,2025-12-15,17:59:11
99,0,0,1786,2025-12-15,18:04:06
99,0,0,1786,2025-12-15,18:09:02
99,0,0,1786,2025-12-15,18:13:57
99,0,0,1786,2025-12-15,18:18:51
99,0,0,1786,2025-12-15,18:23:46
99,0,0,1786,2025-12-15,18:28:40
99,0,0,1786,2025-12-15,18:34:34
99,0,0,1786,2025-12-15,18:39:24
99,0,0,1786,2025-12-15,18:44:14
99,0,0,1786,2025-12-15,18:49:05
99,0,0,1786,2025-12-15,18:53:55
99,0,72,1786,2025-12-15,18:58:45
98,0,59,1786,2025-12-15,19:03:36
98,0,60,1786,2025-12-15,19:08:31
98,0,57,1786,2025-12-15,19:13:22
98,0,0,1786,2025-12-15,19:18:12
98,0,0,1786,2025-12-15,19:23:03
98,0,0,1786,2025-12-15,19:27:54
98,0,0,1786,2025-12-15,19:32:45
98,0,0,1786,2025-12-15,19:35:45
98,0,0,1786,2025-12-15,19:40:40
98,0,0,1786,2025-12-15,19:45:30
98,0,20,1786,2025-12-15,19:50:23
98,0,21,1786,2025-12-15,19:55:18
98,0,4,1786,2025-12-15,20:00:10
98,0,0,1786,2025-12-15,20:05:03
98,0,16,1786,2025-12-15,20:09:57
98,0,0,1786,2025-12-15,20:14:49
97,0,13,1786,2025-12-15,20:19:43
97,0,43,1786,2025-12-15,20:24:36
97,0,19,1786,2025-12-15,20:29:29
97,0,1,1786,2025-12-15,20:34:24
97,0,7,1786,2025-12-15,20:36:59
97,0,17,1786,2025-12-15,20:41:55
97,0,31,1786,2025-12-15,20:46:51
97,0,0,1786,2025-12-15,20:51:47
97,0,12,1786,2025-12-15,20:56:42
97,0,15,1786,2025-12-15,21:01:36
97,0,0,1786,2025-12-15,21:06:31
97,0,1,1786,2025-12-15,21:11:27
97,0,15,1786,2025-12-15,21:16:20
97,0,0,1786,2025-12-15,21:21:18
97,0,65,1786,2025-12-15,21:26:16
96,0,81,1786,2025-12-15,21:31:14
96,0,67,1786,2025-12-15,21:37:07
96,0,0,1786,2025-12-15,21:42:01
96,0,0,1786,2025-12-15,21:46:58
96,0,0,1786,2025-12-15,21:51:56
96,0,0,1786,2025-12-15,21:56:53
96,0,0,1786,2025-12-15,22:01:53
96,0,0,1786,2025-12-15,22:06:53
96,0,0,1786,2025-12-15,22:11:51
96,0,0,1786,2025-12-15,22:16:52
96,0,0,1786,2025-12-15,22:21:51
96,0,0,1786,2025-12-15,22:26:50
96,0,0,1786,2025-12-15,22:31:50
96,0,0,1786,2025-12-15,22:36:50
96,0,0,1786,2025-12-15,22:41:52
95,0,0,1786,2025-12-15,22:46:53
95,0,0,1786,2025-12-15,22:51:51
95,0,0,1786,2025-12-15,22:56:48
95,0,0,1786,2025-12-15,23:01:46
95,0,0,1786,2025-12-15,23:06:44
95,0,0,1786,2025-12-15,23:11:43
95,0,0,1786,2025-12-15,23:16:39
95,0,0,1786,2025-12-15,23:21:38
95,0,0,1786,2025-12-15,23:26:44
95,0,0,1786,2025-12-15,23:31:42
95,0,0,1786,2025-12-15,23:36:38
95,0,0,1786,2025-12-15,23:41:40
95,0,0,1786,2025-12-15,23:46:42
95,0,0,1786,2025-12-15,23:51:36
95,0,0,1786,2025-12-15,23:56:30
95,0,61,0,2025-12-16,00:01:24
94,0,52,0,2025-12-16,00:06:23
94,0,54,0,2025-12-16,00:11:23
94,0,57,0,2025-12-16,00:16:23
94,0,0,0,2025-12-16,00:21:21
94,0,0,0,2025-12-16,00:26:18
94,0,0,0,2025-12-16,00:31:15
94,0,0,0,2025-12-16,00:36:13
94,0,0,0,2025-12-16,00:38:28
94,0,0,0,2025-12-16,00:43:25
94,0,0,0,2025-12-16,00:48:18
94,0,0,0,2025-12-16,00:53:11
94,0,0,0,2025-12-16,00:58:02
94,0,0,0,2025-12-16,01:02:54
94,0,0,0,2025-12-16,01:07:47
94,0,0,0,2025-12-16,01:12:42
94,0,0,0,2025-12-16,01:17:37
93,0,0,0,2025-12-16,01:22:33
93,0,0,0,2025-12-16,01:27:24
93,0,22,0,2025-12-16,01:32:16
93,0,14,0,2025-12-16,01:37:09
93,0,24,0,2025-12-16,01:42:03
93,0,5,0,2025-12-16,01:46:55
93,0,0,0,2025-12-16,01:51:46
93,0,14,0,2025-12-16,01:56:39
93,0,0,0,2025-12-16,02:01:34
93,0,0,0,2025-12-16,02:06:28
93,0,0,0,2025-12-16,02:11:21
93,0,0,0,2025-12-16,02:16:15
93,0,0,0,2025-12-16,02:21:08
93,0,0,0,2025-12-16,02:26:02
93,0,83,0,2025-12-16,02:30:54
93,0,51,0,2025-12-16,02:35:50
92,0,69,0,2025-12-16,02:40:41
92,0,74,0,2025-12-16,02:45:35
92,0,0,0,2025-12-16,02:50:28
92,0,0,0,2025-12-16,02:55:21
92,0,0,0,2025-12-16,03:00:13
92,0,0,0,2025-12-16,03:05:08
92,0,0,0,2025-12-16,03:09:06
92,0,0,0,2025-12-16,03:13:57
92,0,0,0,2025-12-16,03:18:47
92,0,0,0,2025-12-16,03:23:37
92,0,0,0,2025-12-16,03:28:31
92,0,0,0,2025-12-16,03:33:21
92,0,0,0,2025-12-16,03:38:12
92,0,0,0,2025-12-16,03:39:44
92,0,0,0,2025-12-16,03:44:41
92,0,0,0,2025-12-16,03:49:36
92,0,0,0,2025-12-16,03:54:30
91,0,0,0,2025-12-16,03:59:27
91,0,35,0,2025-12-16,04:04:21
91,0,1,0,2025-12-16,04:09:14
91,0,19,0,2025-12-16,04:14:07
91,0,22,0,2025-12-16,04:19:02
91,0,17,0,2025-12-16,04:23:55
91,0,16,0,2025-12-16,04:28:49
91,0,9,0,2025-12-16,04:33:41
91,0,33,0,2025-12-16,04:38:36
91,0,0,0,2025-12-16,04:43:28
91,0,2,0,2025-12-16,04:48:25
91,0,23,0,2025-12-16,04:53:21
91,0,17,0,2025-12-16,04:58:15
91,0,10,0,2025-12-16,05:03:08
91,0,9,0,2025-12-16,05:08:03
91,0,9,0,2025-12-16,05:12:57
90,0,19,0,2025-12-16,05:17:53
90,0,0,0,2025-12-16,05:22:46
90,0,0,0,2025-12-16,05:27:40
90,0,0,0,2025-12-16,05:32:33
90,0,0,0,2025-12-16,05:37:24
90,0,0,0,2025-12-16,05:39:52
90,0,0,0,2025-12-16,05:44:46
90,0,0,0,2025-12-16,05:49:41
90,0,0,0,2025-12-16,05:54:36
90,0,0,0,2025-12-16,05:59:29
90,0,0,0,2025-12-16,06:04:24
90,0,0,0,2025-12-16,06:09:20
90,0,0,0,2025-12-16,06:14:15
90,0,0,0,2025-12-16,06:19:07
90,0,0,0,2025-12-16,06:24:02
90,0,0,0,2025-12-16,06:28:57
90,0,0,0,2025-12-16,06:33:52
89,0,0,0,2025-12-16,06:38:48
89,0,0,0,2025-12-16,06:40:56
89,0,0,0,2025-12-16,06:45:50
89,0,0,0,2025-12-16,06:50:46
89,0,0,0,2025-12-16,06:55:40
89,0,0,0,2025-12-16,07:00:32
89,0,0,0,2025-12-16,07:05:25
89,0,0,0,2025-12-16,07:10:19
89,0,0,0,2025-12-16,07:15:14
89,0,0,0,2025-12-16,07:20:05
89,0,54,0,2025-12-16,07:24:58
89,0,52,0,2025-12-16,07:29:53
89,0,59,0,2025-12-16,07:34:49
89,0,54,0,2025-12-16,07:39:42
89,0,72,0,2025-12-16,07:44:35
88,0,0,0,2025-12-16,07:49:28
88,0,0,0,2025-12-16,07:54:23
88,0,0,0,2025-12-16,07:59:16
88,0,0,0,2025-12-16,08:04:13
88,0,0,0,2025-12-16,08:09:06
88,0,0,0,2025-12-16,08:14:00
88,0,0,0,2025-12-16,08:18:54
88,0,0,0,2025-12-16,08:23:48
88,0,0,0,2025-12-16,08:28:41
88,0,0,0,2025-12-16,08:33:37
88,0,0,0,2025-12-16,08:38:29
88,0,0,0,2025-12-16,08:43:22
88,0,0,0,2025-12-16,08:48:14
88,0,0,0,2025-12-16,08:53:08
88,0,0,0,2025-12-16,08:57:59
88,0,0,0,2025-12-16,09:02:55
88,0,0,0,2025-12-16,09:07:48
88,0,0,0,2025-12-16,09:12:43
87,0,0,0,2025-12-16,09:17:40
87,0,0,0,2025-12-16,09:22:32
87,0,0,0,2025-12-16,09:27:30
87,0,0,0,2025-12-16,09:32:24
87,0,0,0,2025-12-16,09:37:17
87,0,0,0,2025-12-16,09:42:12
87,0,0,0,2025-12-16,09:47:03
84,0,2107,0,2025-12-16,09:51:57
80,0,0,0,2025-12-16,09:56:53
80,0,0,0,2025-12-16,10:01:46
80,0,0,0,2025-12-16,10:06:38
80,0,0,0,2025-12-16,10:11:34
80,0,0,0,2025-12-16,10:16:28
80,0,0,0,2025-12-16,10:21:22
80,0,0,0,2025-12-16,10:26:15
80,0,0,0,2025-12-16,10:31:08
79,0,0,0,2025-12-16,10:36:01
79,0,0,0,2025-12-16,10:40:54
79,0,0,0,2025-12-16,10:45:47
79,0,0,0,2025-12-16,10:50:40
79,0,0,0,2025-12-16,10:55:35
79,0,95,0,2025-12-16,11:00:27
79,0,70,0,2025-12-16,11:05:22
79,0,36,0,2025-12-16,11:10:12
79,0,75,0,2025-12-16,11:15:05
79,0,0,0,2025-12-16,11:19:57
79,61,0,2,2025-12-16,11:24:49
79,163,0,6,2025-12-16,11:29:46
79,44,23,11,2025-12-16,11:34:38
79,7,0,11,2025-12-16,11:39:31
79,1,0,11,2025-12-16,11:44:24
79,118,0,11,2025-12-16,11:49:19
80,374,11,15,2025-12-16,11:54:15
80,552,8,37,2025-12-16,11:59:06
82,1070,16,103,2025-12-16,12:04:01
86,2235,4,221,2025-12-16,12:08:53
88,825,7,324,2025-12-16,12:13:45
89,1854,1096,422,2025-12-16,12:18:36
91,1374,5,620,2025-12-16,12:23:28
92,1365,7,755,2025-12-16,12:28:20
92,1064,0,865,2025-12-16,12:33:10
93,1545,9,976,2025-12-16,12:38:03
93,1537,32,1079,2025-12-16,12:42:53
93,1564,17,1153,2025-12-16,12:47:44
93,1073,69,1153,2025-12-16,12:52:35
93,502,76,1153,2025-12-16,12:57:30
93,643,2145,1153,2025-12-16,13:02:22
93,1591,73,1153,2025-12-16,13:07:16
96,773,18,1543,2025-12-16,13:12:08
99,730,36,1543,2025-12-16,13:17:00
99,43,27,1543,2025-12-16,13:21:52
99,4,25,1543,2025-12-16,13:26:43
99,1,14,1646,2025-12-16,13:31:37
99,7,41,1646,2025-12-16,13:36:28
99,552,15,1646,2025-12-16,13:41:20
100,449,10,1646,2025-12-16,13:43:30
100,4,47,1667,2025-12-16,13:48:26
100,4,40,1667,2025-12-16,13:53:21
100,6,47,1667,2025-12-16,13:58:11
100,8,30,1667,2025-12-16,14:03:05
100,1,2,1668,2025-12-16,14:07:58
100,4,13,1668,2025-12-16,14:12:50
100,3,17,1668,2025-12-16,14:17:42
100,1,22,1668,2025-12-16,14:22:35
100,1,11,1668,2025-12-16,14:27:28
100,4,0,1668,2025-12-16,14:32:20
100,2,20,1668,2025-12-16,14:37:13
99,2268,2635,1668,2025-12-16,14:42:06
96,2198,2617,1668,2025-12-16,14:47:02
94,2020,2593,1668,2025-12-16,14:51:57
93,1612,2666,1668,2025-12-16,14:56:48
91,773,69,1668,2025-12-16,15:01:41
91,1636,68,1668,2025-12-16,15:06:34
94,1557,62,1668,2025-12-16,15:11:25
97,1212,22,2475,2025-12-16,15:16:18
100,11,10,2509,2025-12-16,15:21:09
100,4,8,2510,2025-12-16,15:26:01
100,2,12,2510,2025-12-16,15:30:57
100,6,15,2510,2025-12-16,15:35:49
100,3,15,2510,2025-12-16,15:40:42
100,2,2,2510,2025-12-16,15:44:40
100,2,13,2510,2025-12-16,15:49:32
100,5,10,2510,2025-12-16,15:54:22
100,1,14,2510,2025-12-16,15:59:13
100,5,25,2510,2025-12-16,16:04:03
100,6,39,2510,2025-12-16,16:08:54
100,4,12,2510,2025-12-16,16:13:44
100,6,11,2510,2025-12-16,16:18:35
100,5,18,2510,2025-12-16,16:23:26
100,1,17,2510,2025-12-16,16:28:16
100,3,7,2510,2025-12-16,16:33:10
100,2,25,2510,2025-12-16,16:38:01
100,2,16,2510,2025-12-16,16:42:50
100,9,17,2510,2025-12-16,16:47:41
100,1,15,2510,2025-12-16,16:52:31
100,0,0,2510,2025-12-16,16:57:21
100,40,22,2510,2025-12-16,17:02:11
100,0,14,2512,2025-12-16,17:07:01
100,0,4,2512,2025-12-16,17:11:51
100,0,67,2512,2025-12-16,17:16:42
100,0,77,2512,2025-12-16,17:21:31
100,0,63,2512,2025-12-16,17:26:20
99,0,97,2512,2025-12-16,17:31:10
99,0,68,2512,2025-12-16,17:36:01
99,0,60,2512,2025-12-16,17:40:52
99,0,24,2512,2025-12-16,17:45:42
99,0,18,2512,2025-12-16,17:50:31
99,0,18,2512,2025-12-16,17:55:21
99,0,41,2512,2025-12-16,18:00:12
99,0,18,2512,2025-12-16,18:05:02
99,0,29,2512,2025-12-16,18:09:54
99,0,19,2512,2025-12-16,18:14:47
99,0,8,2512,2025-12-16,18:19:40
99,0,9,2512,2025-12-16,18:24:31
99,0,20,2512,2025-12-16,18:29:22
99,0,11,2512,2025-12-16,18:34:12
99,0,4,2512,2025-12-16,18:39:02
99,0,25,2512,2025-12-16,18:43:53
98,0,10,2512,2025-12-16,18:48:44
98,0,35,2512,2025-12-16,18:53:34
98,0,25,2512,2025-12-16,18:58:24
98,0,17,2512,2025-12-16,19:03:15
98,0,0,2512,2025-12-16,19:08:05
98,0,0,2512,2025-12-16,19:12:57
98,0,0,2512,2025-12-16,19:17:47
98,0,0,2512,2025-12-16,19:22:39
98,0,0,2512,2025-12-16,19:27:30
98,0,0,2512,2025-12-16,19:32:20
98,0,0,2512,2025-12-16,19:37:10
98,0,0,2512,2025-12-16,19:42:01
98,0,0,2512,2025-12-16,19:46:52
98,0,0,2512,2025-12-16,19:51:42
98,0,0,2512,2025-12-16,19:56:36
98,0,0,2512,2025-12-16,20:01:26
98,0,0,2512,2025-12-16,20:06:18
97,0,0,2512,2025-12-16,20:11:07
97,0,0,2512,2025-12-16,20:15:57
97,0,0,2512,2025-12-16,20:20:46
97,0,0,2512,2025-12-16,20:25:37
97,0,0,2512,2025-12-16,20:30:27
97,0,0,2512,2025-12-16,20:35:17
97,0,0,2512,2025-12-16,20:40:07
97,0,0,2512,2025-12-16,20:46:05
97,0,0,2512,2025-12-16,20:51:01
97,0,0,2512,2025-12-16,20:55:53
97,0,0,2512,2025-12-16,21:00:48
97,0,0,2512,2025-12-16,21:05:44
97,0,0,2512,2025-12-16,21:10:37
97,0,0,2512,2025-12-16,21:15:31
97,0,64,2512,2025-12-16,21:20:25
97,0,65,2512,2025-12-16,21:25:19
96,0,64,2512,2025-12-16,21:30:12
96,0,40,2512,2025-12-16,21:35:11
96,0,0,2512,2025-12-16,21:40:05
96,0,0,2512,2025-12-16,21:44:59
96,0,0,2512,2025-12-16,21:49:55
96,0,0,2512,2025-12-16,21:54:48
96,0,0,2512,2025-12-16,21:59:40
96,0,9,2512,2025-12-16,22:04:33
96,0,11,2512,2025-12-16,22:09:28
96,0,13,2512,2025-12-16,22:14:24
96,0,16,2512,2025-12-16,22:19:19
96,0,0,2512,2025-12-16,22:24:12
96,0,0,2512,2025-12-16,22:29:08
96,0,0,2512,2025-12-16,22:34:02
96,0,0,2512,2025-12-16,22:38:54
95,0,0,2512,2025-12-16,22:43:48
95,0,0,2512,2025-12-16,22:47:19
95,0,0,2512,2025-12-16,22:52:19
95,0,0,2512,2025-12-16,22:57:14
95,0,0,2512,2025-12-16,23:02:10
95,0,0,2512,2025-12-16,23:07:07
95,0,0,2512,2025-12-16,23:12:02
95,0,0,2512,2025-12-16,23:17:02
95,0,0,2512,2025-12-16,23:21:58
95,0,0,2512,2025-12-16,23:26:51
95,0,0,2512,2025-12-16,23:31:45
95,0,0,2512,2025-12-16,23:36:42
95,0,0,2512,2025-12-16,23:41:36
95,0,0,2512,2025-12-16,23:48:35
95,0,0,2512,2025-12-16,23:53:26
95,0,0,2512,2025-12-16,23:58:22
95,0,0,0,2025-12-18,00:04:19
95,0,0,0,2025-12-18,00:09:12
95,0,0,0,2025-12-18,00:14:05
95,0,0,0,2025-12-18,00:18:59
95,0,0,0,2025-12-18,00:23:50
95,0,0,0,2025-12-18,00:28:46
95,0,0,0,2025-12-18,00:33:38
95,0,0,0,2025-12-18,00:38:33
95,0,0,0,2025-12-18,00:43:25
95,0,0,0,2025-12-18,00:48:18
95,0,0,0,2025-12-18,00:53:13
94,0,0,0,2025-12-18,00:58:07
94,0,0,0,2025-12-18,01:03:01
94,0,0,0,2025-12-18,01:07:54
94,0,0,0,2025-12-18,01:12:48
94,0,0,0,2025-12-18,01:17:41
94,0,0,0,2025-12-18,01:22:34
94,0,0,0,2025-12-18,01:27:27
94,0,0,0,2025-12-18,01:32:19
94,0,0,0,2025-12-18,01:37:12
94,0,0,0,2025-12-18,01:42:08
94,0,0,0,2025-12-18,01:47:01
94,0,0,0,2025-12-18,01:51:53
94,0,0,0,2025-12-18,01:56:48
94,0,0,0,2025-12-18,02:01:41
94,0,0,0,2025-12-18,02:06:33
94,0,0,0,2025-12-18,02:11:23
94,0,0,0,2025-12-18,02:16:15
93,0,0,0,2025-12-18,02:21:08
93,0,0,0,2025-12-18,02:26:01
93,0,0,0,2025-12-18,02:30:54
93,0,0,0,2025-12-18,02:35:45
93,0,63,0,2025-12-18,02:40:38
93,0,72,0,2025-12-18,02:45:32
93,0,44,0,2025-12-18,02:50:28
93,0,0,0,2025-12-18,02:55:22
93,0,0,0,2025-12-18,03:00:17
93,0,17,0,2025-12-18,03:05:11
93,0,0,0,2025-12-18,03:09:18
93,0,0,0,2025-12-18,03:14:12
93,0,0,0,2025-12-18,03:19:07
93,0,0,0,2025-12-18,03:23:59
92,0,0,0,2025-12-18,03:28:56
92,0,0,0,2025-12-18,03:33:50
92,0,0,0,2025-12-18,03:38:45
92,0,0,0,2025-12-18,03:43:41
92,0,0,0,2025-12-18,03:48:38
92,0,0,0,2025-12-18,03:53:36
92,0,0,0,2025-12-18,03:58:34
92,0,0,0,2025-12-18,04:03:28
92,0,0,0,2025-12-18,04:08:23
92,0,0,0,2025-12-18,04:13:17
92,0,0,0,2025-12-18,04:18:14
92,0,0,0,2025-12-18,04:23:08
92,0,0,0,2025-12-18,04:28:05
92,0,0,0,2025-12-18,04:32:58
92,0,0,0,2025-12-18,04:37:57
92,0,0,0,2025-12-18,04:42:54
91,0,0,0,2025-12-18,04:47:48
91,0,0,0,2025-12-18,04:52:46
91,0,0,0,2025-12-18,04:57:43
91,0,0,0,2025-12-18,05:02:12
91,0,0,0,2025-12-18,05:07:07
91,0,0,0,2025-12-18,05:12:05
91,0,0,0,2025-12-18,05:17:01
91,0,0,0,2025-12-18,05:21:56
91,0,0,0,2025-12-18,05:26:53
91,0,0,0,2025-12-18,05:31:48
91,0,0,0,2025-12-18,05:36:43
91,0,0,0,2025-12-18,05:41:41
91,0,0,0,2025-12-18,05:46:35
91,0,0,0,2025-12-18,05:51:27
91,0,78,0,2025-12-18,05:56:24
90,0,65,0,2025-12-18,06:01:19
90,0,64,0,2025-12-18,06:06:14
90,0,0,0,2025-12-18,06:11:10
90,0,0,0,2025-12-18,06:16:07
90,0,0,0,2025-12-18,06:21:02
90,0,0,0,2025-12-18,06:25:58
90,0,0,0,2025-12-18,06:30:52
90,0,0,0,2025-12-18,06:35:47
90,0,0,0,2025-12-18,06:40:42
90,0,0,0,2025-12-18,06:45:37
90,0,0,0,2025-12-18,06:50:32
90,0,0,0,2025-12-18,06:55:27
90,0,0,0,2025-12-18,07:00:23
90,0,0,0,2025-12-18,07:02:18
90,0,0,0,2025-12-18,07:07:16
90,0,0,0,2025-12-18,07:12:06
90,0,0,0,2025-12-18,07:16:57
89,0,0,0,2025-12-18,07:21:48
89,0,0,0,2025-12-18,07:26:38
89,0,0,0,2025-12-18,07:31:31
89,0,0,0,2025-12-18,07:36:22
89,0,0,0,2025-12-18,07:41:13
89,0,0,0,2025-12-18,07:46:04
89,0,0,0,2025-12-18,07:50:55
89,0,0,0,2025-12-18,07:55:48
89,0,0,0,2025-12-18,08:00:40
89,0,0,0,2025-12-18,08:05:35
89,0,0,0,2025-12-18,08:10:27
89,0,0,0,2025-12-18,08:15:18
89,0,0,0,2025-12-18,08:20:12
89,0,0,0,2025-12-18,08:25:03
89,0,0,0,2025-12-18,08:29:58
89,0,0,0,2025-12-18,08:34:51
89,0,0,0,2025-12-18,08:39:44
89,0,0,0,2025-12-18,08:44:36
89,0,67,0,2025-12-18,08:49:28
88,0,86,0,2025-12-18,08:54:19
84,0,2137,0,2025-12-18,08:59:14
81,0,0,0,2025-12-18,09:04:05
81,0,0,0,2025-12-18,09:08:55
81,0,0,0,2025-12-18,09:13:47
81,0,0,0,2025-12-18,09:18:38
81,0,0,0,2025-12-18,09:23:28
81,0,0,0,2025-12-18,09:28:22
81,481,0,18,2025-12-18,09:33:12
82,551,0,43,2025-12-18,09:38:03
82,629,9,77,2025-12-18,09:42:54
83,676,0,113,2025-12-18,09:47:47
86,764,16,152,2025-12-18,09:52:41
88,853,0,199,2025-12-18,09:57:33
88,945,0,258,2025-12-18,10:02:23
89,974,0,320,2025-12-18,10:07:14
89,1183,0,391,2025-12-18,10:12:05
90,1297,19,472,2025-12-18,10:16:58
91,1383,0,565,2025-12-18,10:21:49
91,1450,0,661,2025-12-18,10:26:47
91,1496,0,770,2025-12-18,10:31:43
91,1535,0,875,2025-12-18,10:36:37
92,1564,0,976,2025-12-18,10:41:28
93,1621,2095,1006,2025-12-18,10:46:19
93,1027,7,1188,2025-12-18,10:51:08
95,999,8,1250,2025-12-18,10:55:58
99,529,70,1277,2025-12-18,11:00:50
99,244,70,1277,2025-12-18,11:05:43
99,39,74,1277,2025-12-18,11:10:34
99,6,71,1277,2025-12-18,11:15:27
99,20,69,1277,2025-12-18,11:20:17
99,14,66,1421,2025-12-18,11:25:11
100,6,58,1421,2025-12-18,11:30:03
100,9,65,1421,2025-12-18,11:34:55
100,5,53,1421,2025-12-18,11:39:48
100,4,7,1436,2025-12-18,11:44:39
100,2,16,1436,2025-12-18,11:49:31
100,3,0,1436,2025-12-18,11:54:25
100,2,2,1436,2025-12-18,11:59:16
100,3,20,1436,2025-12-18,12:03:40
100,3,0,1436,2025-12-18,12:08:36
100,2,11,1436,2025-12-18,12:13:29
100,3,0,1436,2025-12-18,12:18:25
100,3,0,1436,2025-12-18,12:23:18
100,2,0,1436,2025-12-18,12:28:09
100,3,10,1436,2025-12-18,12:33:03
100,1,6,1436,2025-12-18,12:37:56
100,3,11,1436,2025-12-18,12:42:52
100,1,3,1436,2025-12-18,12:47:49
100,2,25,1436,2025-12-18,12:52:42
100,516,64,1444,2025-12-18,12:57:38
100,6,41,1444,2025-12-18,13:02:36
100,6,76,1444,2025-12-18,13:07:29
100,6,60,1444,2025-12-18,13:12:21
100,6,69,1444,2025-12-18,13:17:14
100,6,54,1473,2025-12-18,13:22:10
100,6,60,1473,2025-12-18,13:27:04
100,4,67,1473,2025-12-18,13:31:57
100,2,0,1474,2025-12-18,13:36:52
100,3,0,1474,2025-12-18,13:41:45
100,3,13,1474,2025-12-18,13:46:39
100,2,0,1474,2025-12-18,13:51:34
100,2,0,1474,2025-12-18,13:56:30
100,3,6,1474,2025-12-18,14:01:26
100,3,0,1474,2025-12-18,14:06:19
100,1,0,1474,2025-12-18,14:11:13
100,2,3,1474,2025-12-18,14:16:09
100,459,0,1488,2025-12-18,14:21:02
100,1,13,1493,2025-12-18,14:25:56
100,1,7,1493,2025-12-18,14:30:49
100,34,129,1493,2025-12-18,14:35:41
100,45,125,1493,2025-12-18,14:40:36
100,40,119,1493,2025-12-18,14:45:29
100,46,122,1493,2025-12-18,14:50:23
100,97,182,1493,2025-12-18,14:55:16
100,95,169,1493,2025-12-18,15:00:09
100,93,190,1493,2025-12-18,15:03:58
100,51,139,1493,2025-12-18,15:08:58
100,62,139,1493,2025-12-18,15:13:51
100,53,143,1493,2025-12-18,15:18:45
100,17,102,1538,2025-12-18,15:23:40
100,18,77,1538,2025-12-18,15:28:36
100,23,90,1538,2025-12-18,15:33:30
100,16,77,1538,2025-12-18,15:38:25
100,571,94,1538,2025-12-18,15:43:22
100,11,68,1538,2025-12-18,15:48:17
100,15,58,1538,2025-12-18,15:53:11
100,7,55,1538,2025-12-18,15:58:05
100,2,47,1538,2025-12-18,16:03:02
100,2,64,1538,2025-12-18,16:05:02
100,9,63,1538,2025-12-18,16:10:00
100,16,52,1592,2025-12-18,16:15:02
100,81,51,1592,2025-12-18,16:20:00
100,83,63,1597,2025-12-18,16:24:58
100,3,54,1598,2025-12-18,16:29:57
100,23,112,1598,2025-12-18,16:34:56
100,14,120,1598,2025-12-18,16:39:59
100,19,112,1598,2025-12-18,16:44:58
100,5,107,1598,2025-12-18,16:50:01
100,7,114,1598,2025-12-18,16:55:02
100,7,126,1598,2025-12-18,17:00:01
100,183,114,1598,2025-12-18,17:04:58
100,122,99,1598,2025-12-18,17:09:58
100,6,65,1598,2025-12-18,17:14:54
100,0,85,1630,2025-12-18,17:19:52
100,0,83,1630,2025-12-18,17:24:52
100,0,19,1630,2025-12-18,17:29:51
100,0,15,1630,2025-12-18,17:34:49
100,0,7,1630,2025-12-18,17:39:48
99,0,6,1630,2025-12-18,17:44:49
99,0,18,1630,2025-12-18,17:49:48
99,0,19,1630,2025-12-18,17:54:50
99,0,17,1630,2025-12-18,17:59:47
99,0,0,1630,2025-12-18,18:07:10
99,0,0,1630,2025-12-18,18:12:06
99,0,35,1630,2025-12-18,18:16:56
99,0,33,1630,2025-12-18,18:21:51
99,0,43,1630,2025-12-18,18:26:43
99,0,21,1630,2025-12-18,18:31:34
99,0,40,1630,2025-12-18,18:36:26
99,0,26,1630,2025-12-18,18:41:16
99,0,28,1630,2025-12-18,18:46:07
99,0,21,1630,2025-12-18,18:50:59
99,0,29,1630,2025-12-18,18:55:52
98,0,57,1630,2025-12-18,19:00:43
98,0,16,1630,2025-12-18,19:05:35
98,0,34,1630,2025-12-18,19:07:16
98,0,37,1630,2025-12-18,19:12:08
98,0,42,1630,2025-12-18,19:17:01
98,0,44,1630,2025-12-18,19:21:55
98,0,28,1630,2025-12-18,19:26:49
98,0,21,1630,2025-12-18,19:31:41
98,0,24,1630,2025-12-18,19:36:33
98,0,38,1630,2025-12-18,19:41:24
98,0,30,1630,2025-12-18,19:46:18
98,0,31,1630,2025-12-18,19:51:12
98,0,41,1630,2025-12-18,19:56:07
98,0,29,1630,2025-12-18,20:00:59
97,0,29,1630,2025-12-18,20:05:53
97,0,23,1630,2025-12-18,20:07:20
97,0,17,1630,2025-12-18,20:12:15
97,0,5,1630,2025-12-18,20:17:06
97,0,21,1630,2025-12-18,20:21:58
97,0,31,1630,2025-12-18,20:26:49
97,0,23,1630,2025-12-18,20:31:42
97,0,28,1630,2025-12-18,20:36:37
97,0,63,1630,2025-12-18,20:41:27
97,0,91,1630,2025-12-18,20:46:18
97,0,82,1630,2025-12-18,20:51:08
97,0,56,1630,2025-12-18,20:56:02
96,0,9,1630,2025-12-18,21:00:59
96,0,31,1630,2025-12-18,21:05:50
96,0,25,1630,2025-12-18,21:07:27
96,0,31,1630,2025-12-18,21:12:19
96,0,35,1630,2025-12-18,21:17:09
96,0,18,1630,2025-12-18,21:22:00
96,0,32,1630,2025-12-18,21:26:50
96,0,38,1630,2025-12-18,21:31:41
96,0,46,1630,2025-12-18,21:36:34
96,0,21,1630,2025-12-18,21:41:24
96,0,28,1630,2025-12-18,21:46:14
96,0,31,1630,2025-12-18,21:51:06
96,0,0,1630,2025-12-18,21:55:56
96,0,0,1630,2025-12-18,22:00:47
96,0,0,1630,2025-12-18,22:05:37
96,0,0,1630,2025-12-18,22:10:27
95,0,0,1630,2025-12-18,22:15:18
95,0,0,1630,2025-12-18,22:20:09
95,0,0,1630,2025-12-18,22:24:59
95,0,0,1630,2025-12-18,22:29:52
95,0,0,1630,2025-12-18,22:34:45
95,0,0,1630,2025-12-18,22:39:36
95,0,0,1630,2025-12-18,22:44:26
95,0,0,1630,2025-12-18,22:49:17
95,0,0,1630,2025-12-18,22:54:08
95,0,0,1630,2025-12-18,22:58:58
95,0,0,1630,2025-12-18,23:03:49
95,0,0,1630,2025-12-18,23:08:37
95,0,0,1630,2025-12-18,23:13:36
95,0,0,1630,2025-12-18,23:18:30
95,0,0,1630,2025-12-18,23:23:25
95,0,0,1630,2025-12-18,23:28:21
95,0,0,1630,2025-12-18,23:33:17
94,0,0,1630,2025-12-18,23:38:14
94,0,0,1630,2025-12-18,23:43:12
94,0,0,1630,2025-12-18,23:48:05
94,0,58,1630,2025-12-18,23:53:04
94,0,40,1630,2025-12-18,23:58:03
94,0,72,0,2025-12-19,00:02:59
94,0,68,0,2025-12-19,00:07:58
94,0,0,0,2025-12-19,00:09:45
94,0,0,0,2025-12-19,00:14:38
94,0,0,0,2025-12-19,00:19:32
94,0,0,0,2025-12-19,00:24:29
94,0,0,0,2025-12-19,00:29:26
94,0,0,0,2025-12-19,00:34:19
94,0,0,0,2025-12-19,00:39:13
94,0,0,0,2025-12-19,00:44:07
93,0,0,0,2025-12-19,00:48:59
93,0,0,0,2025-12-19,00:53:55
93,0,0,0,2025-12-19,00:58:49
93,0,0,0,2025-12-19,01:03:43
93,0,0,0,2025-12-19,01:08:38
93,0,0,0,2025-12-19,01:10:47
93,0,0,0,2025-12-19,01:15:39
93,0,0,0,2025-12-19,01:20:33
93,0,0,0,2025-12-19,01:25:27
93,0,0,0,2025-12-19,01:30:21
93,0,0,0,2025-12-19,01:35:14
93,0,0,0,2025-12-19,01:40:07
93,0,0,0,2025-12-19,01:45:00
93,0,0,0,2025-12-19,01:49:54
93,0,0,0,2025-12-19,01:54:50
93,0,0,0,2025-12-19,01:59:43
93,0,0,0,2025-12-19,02:04:36
93,0,0,0,2025-12-19,02:09:30
93,0,0,0,2025-12-19,02:14:25
92,0,0,0,2025-12-19,02:19:19
92,0,0,0,2025-12-19,02:24:12
92,0,0,0,2025-12-19,02:29:07
92,0,0,0,2025-12-19,02:34:00
92,0,0,0,2025-12-19,02:38:54
92,0,0,0,2025-12-19,02:43:49
92,0,0,0,2025-12-19,02:48:47
92,0,0,0,2025-12-19,02:53:42
92,0,0,0,2025-12-19,02:58:37
92,0,0,0,2025-12-19,03:03:31
92,0,0,0,2025-12-19,03:08:24
92,0,0,0,2025-12-19,03:09:38
92,0,0,0,2025-12-19,03:12:06
92,0,56,0,2025-12-19,03:16:57
92,0,59,0,2025-12-19,03:21:47
92,0,49,0,2025-12-19,03:26:38
91,0,0,0,2025-12-19,03:31:31
91,0,0,0,2025-12-19,03:36:22
91,0,0,0,2025-12-19,03:41:14
91,0,0,0,2025-12-19,03:46:07
91,0,0,0,2025-12-19,03:50:57
91,0,0,0,2025-12-19,03:55:51
91,0,0,0,2025-12-19,04:00:43
91,0,0,0,2025-12-19,04:05:35
91,0,0,0,2025-12-19,04:12:02
91,0,0,0,2025-12-19,04:16:59
91,0,0,0,2025-12-19,04:21:57
91,0,0,0,2025-12-19,04:26:53
91,0,0,0,2025-12-19,04:31:55
91,0,0,0,2025-12-19,04:36:58
91,0,0,0,2025-12-19,04:41:57
91,0,0,0,2025-12-19,04:46:57
91,0,0,0,2025-12-19,04:51:57
90,0,0,0,2025-12-19,04:57:00
90,0,0,0,2025-12-19,05:01:59
90,0,0,0,2025-12-19,05:06:54
90,0,0,0,2025-12-19,05:11:54
90,0,0,0,2025-12-19,05:16:51
90,0,0,0,2025-12-19,05:21:44
90,0,0,0,2025-12-19,05:26:44
90,0,0,0,2025-12-19,05:31:45
90,0,0,0,2025-12-19,05:36:42
90,0,0,0,2025-12-19,05:41:44
90,0,0,0,2025-12-19,05:46:43
90,0,0,0,2025-12-19,05:51:38
90,0,0,0,2025-12-19,05:56:37
90,0,0,0,2025-12-19,06:01:38
90,0,0,0,2025-12-19,06:06:38
90,0,65,0,2025-12-19,06:11:39
90,0,62,0,2025-12-19,06:13:15
89,0,51,0,2025-12-19,06:18:06
89,0,51,0,2025-12-19,06:23:00
89,0,46,0,2025-12-19,06:27:53
89,0,0,0,2025-12-19,06:32:45
89,0,0,0,2025-12-19,06:37:39
89,0,0,0,2025-12-19,06:42:31
89,0,0,0,2025-12-19,06:47:25
89,0,0,0,2025-12-19,06:52:20
89,0,0,0,2025-12-19,06:57:13
89,0,0,0,2025-12-19,07:02:04
89,0,0,0,2025-12-19,07:06:54
89,0,0,0,2025-12-19,07:11:49
89,0,0,0,2025-12-19,07:16:43
89,0,0,0,2025-12-19,07:21:36
89,0,0,0,2025-12-19,07:26:31
89,0,0,0,2025-12-19,07:31:27
84,0,2068,0,2025-12-19,07:36:21
82,0,21,0,2025-12-19,07:41:13
82,0,16,0,2025-12-19,07:46:06
81,0,21,0,2025-12-19,07:50:58
81,0,45,0,2025-12-19,07:55:51
81,0,26,0,2025-12-19,08:00:45
81,0,33,0,2025-12-19,08:05:35
81,0,24,0,2025-12-19,08:10:29
80,0,2074,0,2025-12-19,08:15:23
77,0,33,0,2025-12-19,08:20:16
77,0,39,0,2025-12-19,08:25:08
76,0,21,0,2025-12-19,08:30:01
76,0,53,0,2025-12-19,08:34:56
76,0,22,0,2025-12-19,08:39:50
76,0,21,0,2025-12-19,08:44:48
76,1,20,0,2025-12-19,08:49:40
76,0,26,0,2025-12-19,08:54:34
76,0,82,0,2025-12-19,08:59:27
76,0,71,0,2025-12-19,09:04:24
76,0,78,0,2025-12-19,09:09:19
76,0,24,0,2025-12-19,09:14:12
75,0,39,0,2025-12-19,09:19:03
75,0,57,0,2025-12-19,09:23:54
75,0,38,0,2025-12-19,09:28:51
75,0,30,0,2025-12-19,09:33:43
75,0,30,0,2025-12-19,09:38:33
75,0,11,0,2025-12-19,09:43:25
75,8,30,0,2025-12-19,09:48:20
75,29,32,0,2025-12-19,09:53:13
75,42,26,0,2025-12-19,09:58:06
75,47,35,0,2025-12-19,10:03:00
75,30,46,0,2025-12-19,10:07:55
75,24,35,0,2025-12-19,10:12:50
75,27,30,0,2025-12-19,10:17:45
75,18,34,0,2025-12-19,10:22:39
75,1,31,17,2025-12-19,10:27:35
75,0,18,17,2025-12-19,10:32:28
75,0,31,17,2025-12-19,10:37:20
75,0,25,17,2025-12-19,10:42:14
75,0,5,17,2025-12-19,10:47:08
75,0,27,17,2025-12-19,10:52:01
75,0,30,17,2025-12-19,10:56:56
75,0,38,17,2025-12-19,11:01:50
75,0,21,17,2025-12-19,11:06:46
75,0,78,17,2025-12-19,11:11:42
75,0,73,17,2025-12-19,11:16:35
75,0,70,17,2025-12-19,11:21:30
75,4,67,17,2025-12-19,11:26:22
75,42,68,17,2025-12-19,11:31:18
75,75,0,20,2025-12-19,11:36:12
75,198,0,20,2025-12-19,11:41:08
75,253,0,20,2025-12-19,11:46:05
76,351,0,20,2025-12-19,11:51:04
76,421,0,20,2025-12-19,11:55:58
76,461,0,20,2025-12-19,12:00:51
77,426,0,139,2025-12-19,12:05:44
77,433,0,139,2025-12-19,12:10:38
77,420,0,207,2025-12-19,12:15:31
78,397,0,250,2025-12-19,12:20:27
78,635,0,289,2025-12-19,12:25:19
81,1059,0,359,2025-12-19,12:30:16
85,1344,0,441,2025-12-19,12:35:11
89,2410,0,606,2025-12-19,12:40:05
91,2772,0,760,2025-12-19,12:45:06
92,1454,0,912,2025-12-19,12:49:57
92,1437,0,1037,2025-12-19,12:54:49
92,1244,0,1125,2025-12-19,12:59:41
92,1145,0,1213,2025-12-19,13:04:37
92,929,1,1287,2025-12-19,13:09:32
92,964,0,1353,2025-12-19,13:14:44
94,1253,63,1368,2025-12-19,13:19:37
96,1010,63,1464,2025-12-19,13:24:37
99,445,72,1464,2025-12-19,13:29:32
99,16,59,1464,2025-12-19,13:34:28
99,101,60,1464,2025-12-19,13:39:22
99,28,10,1588,2025-12-19,13:44:16
99,5,0,1588,2025-12-19,13:49:11
99,2,11,1588,2025-12-19,13:54:06
100,3,16,1590,2025-12-19,13:59:00
100,2,2,1590,2025-12-19,14:03:59
100,2,44,1590,2025-12-19,14:08:54
100,0,17,1590,2025-12-19,14:13:50
100,1,4,1590,2025-12-19,14:18:46
100,3,1,1590,2025-12-19,14:23:42
100,1,0,1590,2025-12-19,14:28:35
100,3,3,1590,2025-12-19,14:33:32
100,2,0,1590,2025-12-19,14:38:28
100,1,20,1590,2025-12-19,14:43:22
100,11,7,1590,2025-12-19,14:48:18
100,2,11,1590,2025-12-19,14:53:14
100,1,14,1590,2025-12-19,14:58:13
100,1,13,1590,2025-12-19,15:03:11
100,4,11,1590,2025-12-19,15:08:03
100,2,0,1590,2025-12-19,15:12:57
100,5,16,1590,2025-12-19,15:17:52
100,2,9,1590,2025-12-19,15:22:47
100,0,0,1590,2025-12-19,15:27:44
100,2,0,1590,2025-12-19,15:32:41
100,0,62,1590,2025-12-19,15:37:39
100,0,60,1590,2025-12-19,15:42:35
100,0,58,1590,2025-12-19,15:47:31
100,0,80,1590,2025-12-19,15:52:26
100,0,0,1590,2025-12-19,15:57:24
100,0,0,1590,2025-12-19,16:02:21
100,0,0,1590,2025-12-19,16:07:17
100,0,0,1590,2025-12-19,16:12:13
100,0,0,1590,2025-12-19,16:14:59
100,0,0,1590,2025-12-19,16:20:02
100,0,0,1590,2025-12-19,16:25:00
100,0,0,1590,2025-12-19,16:29:56
99,0,0,1590,2025-12-19,16:34:55
99,0,0,1590,2025-12-19,16:39:51
99,0,0,1590,2025-12-19,16:44:52
99,0,0,1590,2025-12-19,16:49:46
99,0,0,1590,2025-12-19,16:54:45
99,0,0,1590,2025-12-19,16:59:45
99,0,0,1590,2025-12-19,17:04:47
99,0,0,1590,2025-12-19,17:09:47
99,0,0,1590,2025-12-19,17:14:49
99,0,0,1590,2025-12-19,17:19:47
99,0,0,1590,2025-12-19,17:24:46
99,0,0,1590,2025-12-19,17:29:44
99,0,0,1590,2025-12-19,17:34:44
99,0,0,1590,2025-12-19,17:39:42
99,0,0,1590,2025-12-19,17:44:40
99,0,0,1590,2025-12-19,17:49:40
99,0,0,1590,2025-12-19,17:54:43
99,0,0,1590,2025-12-19,17:59:42
99,0,0,1590,2025-12-19,18:04:40
99,0,0,1590,2025-12-19,18:09:40
99,0,0,1590,2025-12-19,18:14:42
99,0,0,1590,2025-12-19,18:19:41
99,0,0,1590,2025-12-19,18:24:39
99,0,0,1590,2025-12-19,18:29:39
99,0,0,1590,2025-12-19,18:34:37
98,0,63,1590,2025-12-19,18:39:34
98,0,73,1590,2025-12-19,18:44:35
98,0,54,1590,2025-12-19,18:49:33
98,0,77,1590,2025-12-19,18:54:30
98,0,0,1590,2025-12-19,18:59:30
98,0,0,1590,2025-12-19,19:04:27
98,0,0,1590,2025-12-19,19:09:27
98,0,0,1590,2025-12-19,19:14:31
98,0,0,1590,2025-12-19,19:19:30
98,0,0,1590,2025-12-19,19:24:37
98,0,0,1590,2025-12-19,19:29:39
98,0,0,1590,2025-12-19,19:34:38
98,0,0,1590,2025-12-19,19:39:39
98,0,0,1590,2025-12-19,19:44:43
97,0,0,1590,2025-12-19,19:49:45
97,0,0,1590,2025-12-19,19:54:43
97,0,0,1590,2025-12-19,19:59:47
97,0,0,1590,2025-12-19,20:04:49
97,0,0,1590,2025-12-19,20:09:49
97,0,0,1590,2025-12-19,20:14:50
97,0,0,1590,2025-12-19,20:19:52
97,0,0,1590,2025-12-19,20:24:54
97,0,0,1590,2025-12-19,20:29:55
97,0,0,1590,2025-12-19,20:34:53
97,0,0,1590,2025-12-19,20:39:48
97,0,0,1590,2025-12-19,20:44:48
97,0,0,1590,2025-12-19,20:49:53
97,0,0,1590,2025-12-19,20:54:53
97,0,73,1590,2025-12-19,20:59:56
97,0,44,1590,2025-12-19,21:04:53
91,0,2169,1590,2025-12-19,21:09:54
90,0,67,1590,2025-12-19,21:14:55
90,0,66,1590,2025-12-19,21:19:56
90,0,0,1590,2025-12-19,21:24:54
90,0,0,1590,2025-12-19,21:29:52
90,0,0,1590,2025-12-19,21:34:49
90,0,0,1590,2025-12-19,21:39:44
90,0,0,1590,2025-12-19,21:44:39
90,0,0,1590,2025-12-19,21:49:36
89,0,0,1590,2025-12-19,21:54:35
89,0,0,1590,2025-12-19,21:59:34
89,0,0,1590,2025-12-19,22:04:33
89,0,0,1590,2025-12-19,22:09:36
89,0,0,1590,2025-12-19,22:14:38
89,0,0,1590,2025-12-19,22:19:34
89,0,0,1590,2025-12-19,22:24:34
89,0,0,1590,2025-12-19,22:29:30
89,0,0,1590,2025-12-19,22:34:26
89,0,0,1590,2025-12-19,22:39:22
89,0,0,1590,2025-12-19,22:44:24
89,0,0,1590,2025-12-19,22:49:29
89,0,0,1590,2025-12-19,22:54:28
89,0,0,1590,2025-12-19,22:59:28
89,0,0,1590,2025-12-19,23:04:30
89,0,0,1590,2025-12-19,23:09:27
89,0,0,1590,2025-12-19,23:15:34
88,0,0,1590,2025-12-19,23:20:28
88,0,0,1590,2025-12-19,23:25:21
88,0,0,1590,2025-12-19,23:30:14
88,0,0,1590,2025-12-19,23:35:06
88,0,0,1590,2025-12-19,23:39:57
88,0,68,1590,2025-12-19,23:44:54
88,0,49,1590,2025-12-19,23:49:50
88,0,57,1590,2025-12-19,23:54:42
88,0,63,1590,2025-12-19,23:59:35
88,0,0,0,2025-12-20,00:04:27
88,0,0,0,2025-12-20,00:09:19
88,0,0,0,2025-12-20,00:14:11
88,0,0,0,2025-12-20,00:19:07
88,0,0,0,2025-12-20,00:24:00
87,0,0,0,2025-12-20,00:28:53
87,0,0,0,2025-12-20,00:33:46
87,0,0,0,2025-12-20,00:38:40
87,0,0,0,2025-12-20,00:43:33
87,0,0,0,2025-12-20,00:48:26
84,0,2112,0,2025-12-20,00:53:17
80,0,0,0,2025-12-20,00:58:08
80,0,0,0,2025-12-20,01:03:00
80,0,0,0,2025-12-20,01:07:51
80,0,0,0,2025-12-20,01:12:43
80,0,0,0,2025-12-20,01:16:51
80,0,0,0,2025-12-20,01:21:42
80,0,0,0,2025-12-20,01:26:32
80,0,0,0,2025-12-20,01:31:22
80,0,0,0,2025-12-20,01:36:13
80,0,0,0,2025-12-20,01:41:05
80,0,0,0,2025-12-20,01:45:56
80,0,0,0,2025-12-20,01:50:46
80,0,0,0,2025-12-20,01:55:36
80,0,0,0,2025-12-20,02:00:26
79,0,0,0,2025-12-20,02:05:17
79,0,0,0,2025-12-20,02:10:10
79,0,0,0,2025-12-20,02:15:00
79,0,0,0,2025-12-20,02:19:52
79,0,0,0,2025-12-20,02:24:43
79,0,0,0,2025-12-20,02:29:37
79,0,0,0,2025-12-20,02:34:28
79,0,0,0,2025-12-20,02:39:16
79,0,0,0,2025-12-20,02:44:06
79,0,0,0,2025-12-20,02:48:58
79,0,0,0,2025-12-20,02:53:47
79,0,0,0,2025-12-20,02:58:37
79,0,0,0,2025-12-20,03:03:27
79,0,0,0,2025-12-20,03:08:16
79,0,0,0,2025-12-20,03:09:50
79,0,0,0,2025-12-20,03:14:44
79,0,0,0,2025-12-20,03:19:36
78,0,0,0,2025-12-20,03:24:29
78,0,0,0,2025-12-20,03:29:23
78,0,0,0,2025-12-20,03:34:15
78,0,0,0,2025-12-20,03:39:11
78,0,0,0,2025-12-20,03:44:04
78,0,54,0,2025-12-20,03:48:57
78,0,56,0,2025-12-20,03:53:50
78,0,57,0,2025-12-20,03:58:43
78,0,60,0,2025-12-20,04:03:38
78,0,0,0,2025-12-20,04:08:32
78,0,0,0,2025-12-20,04:13:25
78,0,0,0,2025-12-20,04:17:55
78,0,0,0,2025-12-20,04:22:48
77,0,0,0,2025-12-20,04:27:43
77,0,0,0,2025-12-20,04:32:37
77,0,0,0,2025-12-20,04:37:33
77,0,0,0,2025-12-20,04:42:27
77,0,0,0,2025-12-20,04:47:23
77,0,0,0,2025-12-20,04:52:18
77,0,0,0,2025-12-20,04:57:14
77,0,0,0,2025-12-20,05:02:11
77,0,0,0,2025-12-20,05:07:05
77,0,0,0,2025-12-20,05:12:01
77,0,0,0,2025-12-20,05:16:58
77,0,0,0,2025-12-20,05:21:52
77,0,0,0,2025-12-20,05:26:48
77,0,0,0,2025-12-20,05:31:44
77,0,0,0,2025-12-20,05:36:37
77,0,0,0,2025-12-20,05:41:33
77,0,0,0,2025-12-20,05:46:25
76,0,0,0,2025-12-20,05:51:22
76,0,0,0,2025-12-20,05:56:16
76,0,0,0,2025-12-20,06:01:11
76,0,0,0,2025-12-20,06:06:05
76,0,0,0,2025-12-20,06:10:59
76,0,0,0,2025-12-20,06:15:53
76,0,0,0,2025-12-20,06:20:47
76,0,0,0,2025-12-20,06:25:42
76,0,0,0,2025-12-20,06:30:37
76,0,0,0,2025-12-20,06:35:30
76,0,0,0,2025-12-20,06:40:24
76,0,0,0,2025-12-20,06:45:19
76,0,0,0,2025-12-20,06:50:18
76,0,0,0,2025-12-20,06:55:13
76,0,64,0,2025-12-20,07:00:08
76,0,72,0,2025-12-20,07:05:01
75,0,47,0,2025-12-20,07:09:59
75,0,0,0,2025-12-20,07:14:51
75,0,0,0,2025-12-20,07:19:20
75,0,0,0,2025-12-20,07:24:11
75,0,0,0,2025-12-20,07:29:03
75,0,0,0,2025-12-20,07:33:54
75,0,0,0,2025-12-20,07:38:48
75,0,0,0,2025-12-20,07:43:41
75,0,0,0,2025-12-20,07:48:32
75,0,0,0,2025-12-20,07:53:25
75,0,0,0,2025-12-20,07:58:17
75,0,0,0,2025-12-20,08:03:09
75,0,0,0,2025-12-20,08:08:03
75,0,0,0,2025-12-20,08:12:56
75,0,0,0,2025-12-20,08:17:50
75,0,0,0,2025-12-20,08:20:27
74,0,0,0,2025-12-20,08:25:31
74,0,0,0,2025-12-20,08:30:32
74,0,0,0,2025-12-20,08:35:33
74,0,0,0,2025-12-20,08:40:33
74,0,0,0,2025-12-20,08:45:34
74,0,0,0,2025-12-20,08:50:31
68,0,0,0,2025-12-20,08:55:31
68,0,0,0,2025-12-20,09:00:30
68,0,0,0,2025-12-20,09:05:33
68,0,0,0,2025-12-20,09:10:37
68,0,0,0,2025-12-20,09:15:37
66,0,2091,0,2025-12-20,09:21:33
63,51,0,0,2025-12-20,09:26:26
64,298,0,0,2025-12-20,09:31:19
64,612,7,32,2025-12-20,09:36:11
64,46,0,39,2025-12-20,09:41:06
64,207,0,44,2025-12-20,09:45:57
64,237,0,57,2025-12-20,09:50:50
64,277,72,58,2025-12-20,09:55:43
65,290,59,58,2025-12-20,10:00:38
65,294,73,58,2025-12-20,10:05:31
65,391,68,155,2025-12-20,10:10:23
65,287,0,160,2025-12-20,10:15:20
66,278,0,199,2025-12-20,10:20:12
66,296,0,207,2025-12-20,10:22:42
66,238,0,224,2025-12-20,10:27:35
67,427,0,257,2025-12-20,10:32:28
70,1258,0,324,2025-12-20,10:37:22
74,1624,0,421,2025-12-20,10:42:20
77,1707,6,527,2025-12-20,10:47:15
81,1712,15,633,2025-12-20,10:52:09
85,1784,14,733,2025-12-20,10:57:04
89,1830,1,864,2025-12-20,11:01:59
90,2114,3,1006,2025-12-20,11:06:53
91,2008,11,1129,2025-12-20,11:11:47
91,1002,0,1181,2025-12-20,11:16:41
92,551,22,1265,2025-12-20,11:21:36
92,1768,1,1337,2025-12-20,11:24:55
93,1545,2,1418,2025-12-20,11:29:55
93,1543,6,1509,2025-12-20,11:34:50
93,360,0,1559,2025-12-20,11:39:46
93,1593,5,1588,2025-12-20,11:44:44
97,1170,7,1662,2025-12-20,11:49:42
99,285,70,1662,2025-12-20,11:54:42
99,8,42,1662,2025-12-20,11:59:41
99,83,59,1662,2025-12-20,12:04:41
99,24,77,1662,2025-12-20,12:09:37
100,17,7,1735,2025-12-20,12:14:34
100,1,25,1735,2025-12-20,12:19:32
100,5,2,1735,2025-12-20,12:25:06
100,2,8,1735,2025-12-20,12:29:56
100,6,58,1735,2025-12-20,12:34:47
100,8,65,1735,2025-12-20,12:39:40
100,5,69,1735,2025-12-20,12:44:32
100,6,62,1735,2025-12-20,12:49:23
100,6,87,1735,2025-12-20,12:54:15
100,6,42,1735,2025-12-20,12:59:07
100,15,55,1735,2025-12-20,13:03:58
100,7,55,1735,2025-12-20,13:08:50
100,4,46,1735,2025-12-20,13:13:40
100,7,52,1739,2025-12-20,13:18:31
100,7,58,1739,2025-12-20,13:23:21
100,3,53,1739,2025-12-20,13:26:06
100,34,99,1739,2025-12-20,13:31:03
100,31,119,1739,2025-12-20,13:35:58
100,32,119,1739,2025-12-20,13:40:53
100,556,112,1739,2025-12-20,13:45:52
100,61,109,1739,2025-12-20,13:50:48
100,7,62,1739,2025-12-20,13:55:47
100,9,57,1739,2025-12-20,14:00:43
100,2,58,1739,2025-12-20,14:05:39
100,10,59,1739,2025-12-20,14:10:33
100,5,45,1739,2025-12-20,14:15:31
100,6,51,1797,2025-12-20,14:20:26
100,5,52,1797,2025-12-20,14:25:23
100,7,71,1797,2025-12-20,14:30:24
100,3,73,1797,2025-12-20,14:35:23
100,6,52,1797,2025-12-20,14:40:20
100,4,58,1797,2025-12-20,14:45:22
100,5,63,1797,2025-12-20,14:50:18
100,0,52,1800,2025-12-20,14:55:13
100,0,57,1800,2025-12-20,15:00:11
100,0,64,1800,2025-12-20,15:05:07
100,0,37,1800,2025-12-20,15:10:05
100,45,20,1800,2025-12-20,15:15:02
100,191,28,1800,2025-12-20,15:19:57
100,220,69,1818,2025-12-20,15:24:53
100,236,62,1818,2025-12-20,15:27:21
100,12,75,1818,2025-12-20,15:32:19
100,59,131,1818,2025-12-20,15:37:15
100,38,120,1818,2025-12-20,15:42:10
100,29,99,1818,2025-12-20,15:47:04
100,32,98,1818,2025-12-20,15:52:02
100,33,98,1818,2025-12-20,15:56:58
100,27,95,1818,2025-12-20,16:01:54
100,25,112,1818,2025-12-20,16:06:51
100,18,88,1818,2025-12-20,16:11:46
100,18,82,1818,2025-12-20,16:16:43
100,0,72,1870,2025-12-20,16:21:40
100,0,69,1870,2025-12-20,16:27:31
100,2,69,1870,2025-12-20,16:32:28
100,0,41,1870,2025-12-20,16:37:25
100,0,55,1870,2025-12-20,16:42:19
100,316,34,1870,2025-12-20,16:47:11
100,443,30,1889,2025-12-20,16:52:06
100,5,29,1889,2025-12-20,16:57:00
100,8,29,1920,2025-12-20,17:01:55
100,2,24,1920,2025-12-20,17:06:52
100,2,17,1920,2025-12-20,17:11:44
100,1,19,1920,2025-12-20,17:16:38
100,1,21,1920,2025-12-20,17:21:33
100,2,14,1920,2025-12-20,17:26:26
100,2,24,1920,2025-12-20,17:31:20
100,30,74,1920,2025-12-20,17:36:15
100,0,70,1920,2025-12-20,17:41:07
100,0,67,1920,2025-12-20,17:46:01
100,0,58,1920,2025-12-20,17:50:53
100,0,0,1920,2025-12-20,17:55:47
100,0,0,1920,2025-12-20,18:00:43
100,0,0,1920,2025-12-20,18:05:39
100,0,0,1920,2025-12-20,18:10:34
99,0,0,1920,2025-12-20,18:15:29
99,0,0,1920,2025-12-20,18:20:22
99,0,0,1920,2025-12-20,18:25:15
99,0,35,1920,2025-12-20,18:30:09
99,0,6,1920,2025-12-20,18:35:03
99,0,0,1920,2025-12-20,18:39:56
99,0,0,1920,2025-12-20,18:44:51
99,0,0,1920,2025-12-20,18:49:42
99,0,0,1920,2025-12-20,18:54:35
99,0,11,1920,2025-12-20,18:59:29
99,0,25,1920,2025-12-20,19:04:25
99,0,8,1920,2025-12-20,19:09:18
99,0,8,1920,2025-12-20,19:14:14
99,0,0,1920,2025-12-20,19:19:12
99,0,0,1920,2025-12-20,19:24:06
99,0,0,1920,2025-12-20,19:29:00
99,0,0,1920,2025-12-20,19:33:54
98,0,0,1920,2025-12-20,19:38:47
98,0,0,1920,2025-12-20,19:43:40
98,0,70,1920,2025-12-20,19:48:36
98,0,55,1920,2025-12-20,19:53:31
98,0,60,1920,2025-12-20,19:58:24
98,0,0,1920,2025-12-20,20:03:23
98,0,0,1920,2025-12-20,20:08:17
98,0,0,1920,2025-12-20,20:13:15
98,0,0,1920,2025-12-20,20:18:12
98,0,0,1920,2025-12-20,20:23:06
98,0,0,1920,2025-12-20,20:29:01
98,0,0,1920,2025-12-20,20:33:57
98,0,0,1920,2025-12-20,20:38:49
98,0,0,1920,2025-12-20,20:43:47
97,0,0,1920,2025-12-20,20:48:44
97,0,0,1920,2025-12-20,20:53:38
97,0,0,1920,2025-12-20,20:58:34
97,0,0,1920,2025-12-20,21:03:33
97,0,0,1920,2025-12-20,21:08:27
97,0,0,1920,2025-12-20,21:13:21
97,0,0,1920,2025-12-20,21:18:16
97,0,0,1920,2025-12-20,21:23:13
97,0,0,1920,2025-12-20,21:28:08
97,0,0,1920,2025-12-20,21:33:04
97,0,0,1920,2025-12-20,21:37:58
97,0,0,1920,2025-12-20,21:42:53
97,0,0,1920,2025-12-20,21:47:48
97,0,0,1920,2025-12-20,21:52:45
97,0,0,1920,2025-12-20,21:57:40
97,0,0,1920,2025-12-20,22:02:37
97,0,0,1920,2025-12-20,22:07:32
96,0,0,1920,2025-12-20,22:12:28
96,0,55,1920,2025-12-20,22:17:25
96,0,63,1920,2025-12-20,22:22:23
96,0,59,1920,2025-12-20,22:27:18
96,0,0,1920,2025-12-20,22:29:09
94,0,2082,1920,2025-12-20,22:34:03
90,0,0,1920,2025-12-20,22:38:56
90,0,0,1920,2025-12-20,22:43:47
90,0,0,1920,2025-12-20,22:48:40
90,0,0,1920,2025-12-20,22:53:32
90,0,0,1920,2025-12-20,22:58:26
90,0,0,1920,2025-12-20,23:03:21
90,0,0,1920,2025-12-20,23:08:14
90,0,0,1920,2025-12-20,23:13:06
90,0,0,1920,2025-12-20,23:17:58
90,0,0,1920,2025-12-20,23:22:49
90,0,0,1920,2025-12-20,23:27:41
90,0,0,1920,2025-12-20,23:32:36
89,0,0,1920,2025-12-20,23:37:30
89,0,0,1920,2025-12-20,23:42:26
89,0,0,1920,2025-12-20,23:47:18
89,0,0,1920,2025-12-20,23:52:12
89,0,0,1920,2025-12-20,23:57:05
89,0,0,0,2025-12-21,00:01:58
89,0,0,0,2025-12-21,00:06:52
89,0,0,0,2025-12-21,00:11:45
89,0,0,0,2025-12-21,00:16:36
89,0,0,0,2025-12-21,00:21:30
89,0,0,0,2025-12-21,00:26:22
89,0,75,0,2025-12-21,00:31:15
89,0,43,0,2025-12-21,00:36:09
89,0,61,0,2025-12-21,00:41:01
88,0,24,0,2025-12-21,00:45:53
88,0,0,0,2025-12-21,00:50:48
88,0,0,0,2025-12-21,00:55:42
88,0,0,0,2025-12-21,01:00:34
88,0,0,0,2025-12-21,01:05:27
88,0,0,0,2025-12-21,01:10:19
88,0,0,0,2025-12-21,01:15:15
88,0,0,0,2025-12-21,01:20:08
88,0,0,0,2025-12-21,01:25:02
88,0,0,0,2025-12-21,01:29:54
88,0,0,0,2025-12-21,01:34:47
88,0,0,0,2025-12-21,01:39:39
88,0,0,0,2025-12-21,01:44:30
88,0,0,0,2025-12-21,01:49:28
88,0,0,0,2025-12-21,01:54:20
88,0,0,0,2025-12-21,01:59:13
87,0,0,0,2025-12-21,02:04:09
87,0,0,0,2025-12-21,02:09:02
87,0,0,0,2025-12-21,02:13:53
87,0,0,0,2025-12-21,02:18:46
87,0,0,0,2025-12-21,02:23:39
87,0,0,0,2025-12-21,02:28:35
87,0,0,0,2025-12-21,02:30:34
87,0,0,0,2025-12-21,02:35:27
87,0,0,0,2025-12-21,02:40:27
87,0,0,0,2025-12-21,02:45:20
87,0,0,0,2025-12-21,02:50:15
87,0,0,0,2025-12-21,02:55:09
87,0,0,0,2025-12-21,03:00:03
87,0,0,0,2025-12-21,03:04:19
87,0,0,0,2025-12-21,03:09:12
87,0,0,0,2025-12-21,03:14:06
87,0,0,0,2025-12-21,03:19:02
87,0,0,0,2025-12-21,03:23:55
86,0,0,0,2025-12-21,03:28:47
86,0,0,0,2025-12-21,03:31:37
86,0,0,0,2025-12-21,03:36:28
86,0,78,0,2025-12-21,03:41:20
86,0,72,0,2025-12-21,03:46:13
86,0,62,0,2025-12-21,03:51:05
86,0,47,0,2025-12-21,03:55:59
86,0,0,0,2025-12-21,04:00:52
86,0,0,0,2025-12-21,04:05:48
86,0,0,0,2025-12-21,04:10:42
86,0,0,0,2025-12-21,04:15:32
86,0,0,0,2025-12-21,04:20:23
86,0,0,0,2025-12-21,04:25:17
86,0,0,0,2025-12-21,04:30:10
85,0,0,0,2025-12-21,04:35:01
85,0,0,0,2025-12-21,04:39:53
85,0,0,0,2025-12-21,04:44:47
85,0,0,0,2025-12-21,04:49:40
85,0,0,0,2025-12-21,04:54:34
85,0,0,0,2025-12-21,04:59:31
85,0,0,0,2025-12-21,05:04:25
85,0,0,0,2025-12-21,05:09:18
85,0,0,0,2025-12-21,05:14:08
85,0,0,0,2025-12-21,05:19:02
85,0,0,0,2025-12-21,05:23:55
85,0,0,0,2025-12-21,05:28:50
85,0,0,0,2025-12-21,05:32:46
85,0,0,0,2025-12-21,05:37:42
85,0,0,0,2025-12-21,05:42:35
85,0,0,0,2025-12-21,05:47:30
85,0,0,0,2025-12-21,05:52:27
84,0,0,0,2025-12-21,05:57:23
84,0,0,0,2025-12-21,06:02:14
84,0,0,0,2025-12-21,06:07:07
84,0,0,0,2025-12-21,06:11:58
84,0,66,0,2025-12-21,06:16:48
84,0,90,0,2025-12-21,06:21:41
84,0,75,0,2025-12-21,06:26:34
84,0,0,0,2025-12-21,06:31:26
84,0,0,0,2025-12-21,06:33:50
84,0,0,0,2025-12-21,06:38:45
84,0,0,0,2025-12-21,06:43:40
84,0,0,0,2025-12-21,06:48:33
84,0,0,0,2025-12-21,06:53:30
84,0,0,0,2025-12-21,06:58:25
84,0,0,0,2025-12-21,07:03:25
84,0,0,0,2025-12-21,07:08:19
83,0,0,0,2025-12-21,07:13:18
83,0,0,0,2025-12-21,07:18:14
83,0,0,0,2025-12-21,07:23:09
83,0,0,0,2025-12-21,07:28:05
83,0,0,0,2025-12-21,07:33:05
83,0,0,0,2025-12-21,07:38:03
83,0,0,0,2025-12-21,07:43:02
83,0,0,0,2025-12-21,07:48:01
83,0,0,0,2025-12-21,07:52:57
83,0,0,0,2025-12-21,07:57:55
83,0,0,0,2025-12-21,08:02:52
83,0,0,0,2025-12-21,08:07:45
83,0,0,0,2025-12-21,08:12:42
83,0,0,0,2025-12-21,08:17:40
83,0,0,0,2025-12-21,08:22:37
83,0,0,0,2025-12-21,08:27:32
82,0,0,0,2025-12-21,08:32:29
82,0,0,0,2025-12-21,08:37:23
82,0,0,0,2025-12-21,08:42:20
81,0,2099,0,2025-12-21,08:47:15
77,0,84,0,2025-12-21,08:52:11
77,0,61,0,2025-12-21,08:57:06
77,0,50,0,2025-12-21,09:02:02
77,0,0,0,2025-12-21,09:06:57
77,0,0,0,2025-12-21,09:11:53
77,0,0,0,2025-12-21,09:16:48
77,0,0,0,2025-12-21,09:21:45
77,0,0,0,2025-12-21,09:26:41
76,0,0,0,2025-12-21,09:31:37
76,0,0,0,2025-12-21,09:36:34
76,0,0,0,2025-12-21,09:41:31
76,0,0,0,2025-12-21,09:46:26
76,0,0,0,2025-12-21,09:51:27
76,0,0,0,2025-12-21,09:56:23
76,0,0,0,2025-12-21,10:01:20
76,0,0,0,2025-12-21,10:06:15
76,0,0,0,2025-12-21,10:11:13
76,0,0,0,2025-12-21,10:16:08
76,0,0,0,2025-12-21,10:21:03
76,0,0,0,2025-12-21,10:26:05
76,0,0,0,2025-12-21,10:31:00
76,0,0,0,2025-12-21,10:34:09
76,0,0,0,2025-12-21,10:38:59
76,0,0,0,2025-12-21,10:43:49
76,0,0,0,2025-12-21,10:48:40
76,9,0,0,2025-12-21,10:53:30
76,255,11,0,2025-12-21,10:58:22
76,0,0,0,2025-12-21,11:03:12
76,0,0,1,2025-12-21,11:08:04
76,0,0,1,2025-12-21,11:12:55
76,0,0,1,2025-12-21,11:17:46
76,0,0,1,2025-12-21,11:22:38
76,0,0,1,2025-12-21,11:27:30
76,0,28,1,2025-12-21,11:32:20
76,0,63,1,2025-12-21,11:35:16
76,58,56,1,2025-12-21,11:40:10
76,0,52,3,2025-12-21,11:45:06
76,53,62,3,2025-12-21,11:50:02
76,0,0,6,2025-12-21,11:54:58
76,0,0,6,2025-12-21,11:59:57
76,0,0,6,2025-12-21,12:04:52
75,0,1076,6,2025-12-21,12:09:46
74,0,0,6,2025-12-21,12:14:43
74,0,0,6,2025-12-21,12:19:44
74,0,0,6,2025-12-21,12:24:44
74,0,0,6,2025-12-21,12:29:44
74,3,0,6,2025-12-21,12:34:37
74,37,0,6,2025-12-21,12:36:26
74,133,0,7,2025-12-21,12:41:18
75,1090,27,46,2025-12-21,12:46:12
78,998,0,108,2025-12-21,12:51:04
81,960,19,172,2025-12-21,12:55:57
84,952,14,224,2025-12-21,13:00:54
84,411,0,265,2025-12-21,13:05:47
85,55,0,277,2025-12-21,13:10:42
85,0,0,277,2025-12-21,13:15:35
85,0,0,277,2025-12-21,13:20:30
85,0,0,277,2025-12-21,13:25:24
85,0,0,277,2025-12-21,13:30:20
85,0,0,277,2025-12-21,13:35:11
84,0,0,277,2025-12-21,13:40:01
84,0,100,277,2025-12-21,13:44:55
84,0,80,277,2025-12-21,13:49:48
84,0,43,277,2025-12-21,13:54:41
84,0,59,277,2025-12-21,13:59:35
84,1,0,277,2025-12-21,14:04:30
84,2,0,277,2025-12-21,14:09:25
84,51,2,277,2025-12-21,14:14:18
84,182,7,280,2025-12-21,14:19:11
84,43,0,283,2025-12-21,14:24:03
84,152,21,291,2025-12-21,14:28:57
85,7,10,292,2025-12-21,14:33:51
85,0,2,292,2025-12-21,14:38:47
85,0,0,292,2025-12-21,14:43:40
85,1,0,292,2025-12-21,14:48:32
85,0,0,292,2025-12-21,14:53:22
85,0,18,292,2025-12-21,14:58:14
84,0,0,292,2025-12-21,15:03:08
84,0,0,292,2025-12-21,15:08:02
84,0,0,292,2025-12-21,15:12:57
84,0,0,292,2025-12-21,15:17:50
84,0,0,292,2025-12-21,15:22:41
84,0,0,292,2025-12-21,15:27:32
84,0,0,292,2025-12-21,15:32:26
84,0,0,292,2025-12-21,15:37:17
84,0,0,292,2025-12-21,15:42:09
84,0,0,292,2025-12-21,15:47:01
84,0,0,292,2025-12-21,15:51:56
84,0,0,292,2025-12-21,15:56:49
84,0,0,292,2025-12-21,16:01:40
84,0,0,292,2025-12-21,16:06:35
84,0,0,292,2025-12-21,16:11:30
84,0,0,292,2025-12-21,16:16:22
84,0,0,292,2025-12-21,16:21:14
84,0,0,292,2025-12-21,16:26:04
84,0,27,292,2025-12-21,16:30:58
84,0,0,292,2025-12-21,16:35:50
84,0,18,292,2025-12-21,17:01:06
84,0,0,292,2025-12-21,17:06:03
84,0,71,292,2025-12-21,17:11:03
84,0,70,292,2025-12-21,17:15:59
84,0,51,292,2025-12-21,17:20:56
83,0,72,292,2025-12-21,17:25:55
83,0,0,292,2025-12-21,17:30:51
83,0,0,292,2025-12-21,17:35:48
83,0,0,292,2025-12-21,17:38:56
83,0,0,292,2025-12-21,17:43:57
83,0,0,292,2025-12-21,17:48:56
83,0,0,292,2025-12-21,17:53:56
83,0,0,292,2025-12-21,17:58:53
83,0,0,292,2025-12-21,18:03:54
83,0,0,292,2025-12-21,18:08:53
83,0,0,292,2025-12-21,18:13:49
83,0,0,292,2025-12-21,18:18:49
83,0,0,292,2025-12-21,18:23:46
83,0,0,292,2025-12-21,18:28:50
83,0,0,292,2025-12-21,18:33:52
83,0,0,292,2025-12-21,18:38:51
83,0,0,292,2025-12-21,18:43:47
82,0,0,292,2025-12-21,18:48:49
82,0,0,292,2025-12-21,18:53:48
82,0,0,292,2025-12-21,18:58:46
82,0,20,292,2025-12-21,19:03:48
82,0,0,292,2025-12-21,19:08:47
82,0,0,292,2025-12-21,19:13:43
82,0,0,292,2025-12-21,19:18:40
82,0,0,292,2025-12-21,19:23:39
82,0,0,292,2025-12-21,19:28:38
82,0,0,292,2025-12-21,19:33:33
82,0,0,292,2025-12-21,19:38:31
82,0,2096,292,2025-12-21,19:40:23
76,0,0,292,2025-12-21,19:45:16
76,0,0,292,2025-12-21,19:50:10
76,0,0,292,2025-12-21,19:55:03
76,0,0,292,2025-12-21,19:59:58
76,0,0,292,2025-12-21,20:04:50
76,0,0,292,2025-12-21,20:09:44
76,0,0,292,2025-12-21,20:14:41
76,0,0,292,2025-12-21,20:19:33
76,0,0,292,2025-12-21,20:24:27
76,0,0,292,2025-12-21,20:29:21
76,0,0,292,2025-12-21,20:34:17
76,0,0,292,2025-12-21,20:39:09
76,0,0,292,2025-12-21,20:42:27
76,0,0,292,2025-12-21,20:47:21
75,0,0,292,2025-12-21,20:52:13
75,0,0,292,2025-12-21,20:57:06
75,0,0,292,2025-12-21,21:02:02
75,0,0,292,2025-12-21,21:06:56
75,0,0,292,2025-12-21,21:11:52
75,0,0,292,2025-12-21,21:16:46
75,0,0,292,2025-12-21,21:21:42
75,0,0,292,2025-12-21,21:26:39
75,0,0,292,2025-12-21,21:31:34
75,0,0,292,2025-12-21,21:36:27
75,0,0,292,2025-12-21,21:41:23
75,0,0,292,2025-12-21,21:46:21
75,0,0,292,2025-12-21,21:51:13
75,0,0,292,2025-12-21,21:56:07
75,0,0,292,2025-12-21,22:01:04
75,0,0,292,2025-12-21,22:05:58
75,0,0,292,2025-12-21,22:10:54
74,0,0,292,2025-12-21,22:15:47
74,0,0,292,2025-12-21,22:20:42
74,0,0,292,2025-12-21,22:25:35
74,0,0,292,2025-12-21,22:30:32
74,0,0,292,2025-12-21,22:35:30
74,0,0,292,2025-12-21,22:40:24
74,0,0,292,2025-12-21,22:45:20
74,0,0,292,2025-12-21,22:50:15
74,0,0,292,2025-12-21,22:55:09
74,0,0,292,2025-12-21,23:00:03
74,0,0,292,2025-12-21,23:04:55
74,0,0,292,2025-12-21,23:09:51
74,0,0,292,2025-12-21,23:14:51
74,0,0,292,2025-12-21,23:19:45
74,0,0,292,2025-12-21,23:24:41
74,0,0,292,2025-12-21,23:29:38
73,0,0,292,2025-12-21,23:34:35
73,0,0,292,2025-12-21,23:39:30
73,0,0,292,2025-12-21,23:44:26
73,0,0,292,2025-12-21,23:49:23
73,0,0,292,2025-12-21,23:54:15
73,0,0,292,2025-12-21,23:59:07
73,0,0,0,2025-12-22,00:04:03
73,0,0,0,2025-12-22,00:08:58
73,0,0,0,2025-12-22,00:13:58
73,0,0,0,2025-12-22,00:18:52
73,0,0,0,2025-12-22,00:23:48
73,0,0,0,2025-12-22,00:28:42
73,0,0,0,2025-12-22,00:33:36
73,0,0,0,2025-12-22,00:38:30
73,0,0,0,2025-12-22,00:43:25
73,0,0,0,2025-12-22,00:48:17
72,0,0,0,2025-12-22,00:53:10
72,0,0,0,2025-12-22,00:58:07
72,0,0,0,2025-12-22,01:03:02
72,0,0,0,2025-12-22,01:07:57
72,0,0,0,2025-12-22,01:12:49
72,0,0,0,2025-12-22,01:17:44
72,0,0,0,2025-12-22,01:22:38
72,0,0,0,2025-12-22,01:27:36
72,0,0,0,2025-12-22,01:32:30
72,0,0,0,2025-12-22,01:37:24
72,0,0,0,2025-12-22,01:42:55
72,0,0,0,2025-12-22,01:47:52
72,0,0,0,2025-12-22,01:52:48
72,0,0,0,2025-12-22,01:57:44
72,0,0,0,2025-12-22,02:02:43
72,0,0,0,2025-12-22,02:07:40
71,0,0,0,2025-12-22,02:12:33
71,0,56,0,2025-12-22,02:17:27
71,0,60,0,2025-12-22,02:22:25
71,0,46,0,2025-12-22,02:27:24
71,0,0,0,2025-12-22,02:32:16
71,0,0,0,2025-12-22,02:37:11
71,0,0,0,2025-12-22,02:42:06
71,0,0,0,2025-12-22,02:47:03
71,0,0,0,2025-12-22,02:51:58
71,0,0,0,2025-12-22,02:56:53
71,0,0,0,2025-12-22,03:01:49
71,0,0,0,2025-12-22,03:04:52
71,0,0,0,2025-12-22,03:09:52
71,0,0,0,2025-12-22,03:14:54
71,0,0,0,2025-12-22,03:19:55
70,0,0,0,2025-12-22,03:24:51
70,0,0,0,2025-12-22,03:29:56
70,0,0,0,2025-12-22,03:34:57
70,0,0,0,2025-12-22,03:39:56
70,0,0,0,2025-12-22,03:44:55
70,0,0,0,2025-12-22,03:49:56
70,0,0,0,2025-12-22,03:54:57
70,0,0,0,2025-12-22,03:59:56
70,0,0,0,2025-12-22,04:05:01
70,0,0,0,2025-12-22,04:09:57
70,0,0,0,2025-12-22,04:14:55
70,0,0,0,2025-12-22,04:19:56
70,0,0,0,2025-12-22,04:25:00
70,0,0,0,2025-12-22,04:30:06
70,0,0,0,2025-12-22,04:35:04
70,0,0,0,2025-12-22,04:40:01
69,0,0,0,2025-12-22,04:44:28
69,0,0,0,2025-12-22,04:49:26
69,0,0,0,2025-12-22,04:54:22
69,0,0,0,2025-12-22,04:59:23
69,0,0,0,2025-12-22,05:04:22
69,0,0,0,2025-12-22,05:09:18
69,0,0,0,2025-12-22,05:14:18
69,0,0,0,2025-12-22,05:19:20
69,0,0,0,2025-12-22,05:24:20
69,0,0,0,2025-12-22,05:29:19
69,0,0,0,2025-12-22,05:34:17
69,0,0,0,2025-12-22,05:39:14
69,0,0,0,2025-12-22,05:44:09
69,0,0,0,2025-12-22,05:49:05
69,0,0,0,2025-12-22,05:54:06
69,0,0,0,2025-12-22,05:59:06
68,0,0,0,2025-12-22,06:04:04
68,0,0,0,2025-12-22,06:09:06
68,0,0,0,2025-12-22,06:14:03
68,0,0,0,2025-12-22,06:19:03
68,0,0,0,2025-12-22,06:24:01
68,0,0,0,2025-12-22,06:28:57
68,0,0,0,2025-12-22,06:33:56
68,0,0,0,2025-12-22,06:38:54
68,0,0,0,2025-12-22,06:43:50
68,0,0,0,2025-12-22,06:48:52
68,0,0,0,2025-12-22,06:53:53
68,0,0,0,2025-12-22,06:58:51
68,0,0,0,2025-12-22,07:03:50
68,0,0,0,2025-12-22,07:08:48
68,0,0,0,2025-12-22,07:13:46
68,0,0,0,2025-12-22,07:18:44
67,0,0,0,2025-12-22,07:23:48
67,0,0,0,2025-12-22,07:28:50
67,0,0,0,2025-12-22,07:33:49
67,0,0,0,2025-12-22,07:38:49
67,0,0,0,2025-12-22,07:43:51
67,0,0,0,2025-12-22,07:45:59
67,0,0,0,2025-12-22,07:50:51
67,0,0,0,2025-12-22,07:55:43
67,0,0,0,2025-12-22,08:00:35
67,0,0,0,2025-12-22,08:05:30
67,0,0,0,2025-12-22,08:10:21
67,0,0,0,2025-12-22,08:15:12
67,0,0,0,2025-12-22,08:20:02
67,0,0,0,2025-12-22,08:24:55
67,0,0,0,2025-12-22,08:29:48
67,0,0,0,2025-12-22,08:34:42
61,0,2075,0,2025-12-22,08:39:34
59,0,0,0,2025-12-22,08:44:26
59,0,0,0,2025-12-22,08:49:23
59,0,0,0,2025-12-22,08:54:17
59,0,0,0,2025-12-22,08:59:10
59,0,0,0,2025-12-22,09:04:03
59,0,0,0,2025-12-22,09:08:57
59,0,0,0,2025-12-22,09:13:51
59,0,0,0,2025-12-22,09:18:43
59,0,0,0,2025-12-22,09:23:42
59,0,0,0,2025-12-22,09:28:33
59,488,8,6,2025-12-22,09:33:29
59,599,0,36,2025-12-22,09:38:19
60,689,23,66,2025-12-22,09:43:14
59,767,2106,94,2025-12-22,09:48:10
57,826,0,142,2025-12-22,09:53:04
57,914,5,231,2025-12-22,09:57:56
58,990,0,308,2025-12-22,10:02:49
58,1082,2,375,2025-12-22,10:07:43
59,1185,0,446,2025-12-22,10:12:35
61,1447,0,533,2025-12-22,10:17:28
63,1550,3,633,2025-12-22,10:22:21
67,1587,12,730,2025-12-22,10:27:12
70,1630,15,837,2025-12-22,10:32:06
74,1641,0,950,2025-12-22,10:37:00
78,1689,11,1062,2025-12-22,10:41:56
81,1735,56,1076,2025-12-22,10:47:12
82,1776,52,1076,2025-12-22,10:52:09
83,1834,59,1076,2025-12-22,10:57:06
85,1950,63,1076,2025-12-22,11:02:06
86,1972,67,1076,2025-12-22,11:07:03
87,2142,18,1076,2025-12-22,11:11:59
88,2054,26,1076,2025-12-22,11:16:55
89,2045,0,2231,2025-12-22,11:21:50
89,2327,14,2356,2025-12-22,11:26:47
90,1022,11,2502,2025-12-22,11:31:45
90,1019,4,2552,2025-12-22,11:36:40
91,1230,8,2651,2025-12-22,11:41:38
94,1037,45,2720,2025-12-22,11:46:33
96,455,8,2776,2025-12-22,11:51:32
96,280,14,2814,2025-12-22,11:56:29
96,214,7,2829,2025-12-22,12:01:26
96,21,14,2835,2025-12-22,12:06:23
96,7,21,2839,2025-12-22,12:11:20
96,2,14,2841,2025-12-22,12:16:19
96,8,15,2849,2025-12-22,12:21:15
96,2,8,2853,2025-12-22,12:26:12
96,104,27,2859,2025-12-22,12:31:09
96,15,12,2864,2025-12-22,12:36:06
96,11,26,2871,2025-12-22,12:41:03
96,26,23,2877,2025-12-22,12:46:01
96,41,21,2880,2025-12-22,12:50:55
96,43,55,2883,2025-12-22,12:55:54
96,14,58,2883,2025-12-22,13:00:51
96,17,69,2883,2025-12-22,13:05:49
96,554,65,2883,2025-12-22,13:10:45
96,7,71,2883,2025-12-22,13:15:40
96,37,31,2925,2025-12-22,13:20:36
96,16,14,2925,2025-12-22,13:25:34
96,5,25,2926,2025-12-22,13:30:30
96,3,13,2926,2025-12-22,13:35:29
96,38,19,2926,2025-12-22,13:40:24
96,116,4,2927,2025-12-22,13:45:20
96,3,36,2928,2025-12-22,13:50:19
96,101,22,2928,2025-12-22,13:55:15
96,9,25,2934,2025-12-22,14:00:12
96,5,36,2934,2025-12-22,14:05:07
96,78,15,2934,2025-12-22,14:10:05
96,8,0,2934,2025-12-22,14:15:03
96,97,12,2934,2025-12-22,14:20:00
96,10,4,2934,2025-12-22,14:24:55
96,12,4,2934,2025-12-22,14:29:53
96,2,14,2934,2025-12-22,14:34:52
96,37,0,2935,2025-12-22,14:39:50
96,2,13,2935,2025-12-22,14:44:45
96,86,17,2935,2025-12-22,14:48:35
96,9,12,2935,2025-12-22,14:53:31
96,6,25,2935,2025-12-22,14:58:30
96,14,12,2935,2025-12-22,15:03:25
96,9,5,2939,2025-12-22,15:08:22
96,12,0,2939,2025-12-22,15:13:19
96,9,19,2939,2025-12-22,15:18:16
96,8,70,2939,2025-12-22,15:23:11
97,9,57,2939,2025-12-22,15:28:08
98,8,77,2939,2025-12-22,15:33:07
100,4,71,2939,2025-12-22,15:38:01
100,7,64,2939,2025-12-22,15:43:03
100,3,0,2950,2025-12-22,15:48:03
100,2,0,2950,2025-12-22,15:53:00
100,2,15,2950,2025-12-22,15:57:59
100,3,9,2950,2025-12-22,16:02:55
100,1,30,2950,2025-12-22,16:07:51
100,4,0,2950,2025-12-22,16:12:46
100,1,16,2950,2025-12-22,16:17:46
100,7,1,2950,2025-12-22,16:22:43
100,6,19,2950,2025-12-22,16:27:43
100,34,18,2950,2025-12-22,16:32:39
100,11,10,2950,2025-12-22,16:37:36
100,3,22,2950,2025-12-22,16:42:32
100,493,0,2973,2025-12-22,16:47:29
100,0,21,2976,2025-12-22,16:52:28
100,1,10,2976,2025-12-22,16:57:26
100,2,0,2976,2025-12-22,17:02:22
100,1,6,2976,2025-12-22,17:07:20
100,1,10,2976,2025-12-22,17:12:20
100,2,0,2976,2025-12-22,17:17:16
100,1,9,2976,2025-12-22,17:22:10
100,2,17,2976,2025-12-22,17:27:04
100,2,0,2976,2025-12-22,17:32:02
100,2,0,2976,2025-12-22,17:36:57
100,0,0,2976,2025-12-22,17:41:53
100,0,0,2976,2025-12-22,17:46:53
100,0,0,2976,2025-12-22,17:51:47
100,0,0,2976,2025-12-22,17:56:41
100,0,0,2976,2025-12-22,18:01:37
100,0,0,2976,2025-12-22,18:06:34
100,0,0,2976,2025-12-22,18:11:30
100,0,0,2976,2025-12-22,18:16:31
99,0,0,2976,2025-12-22,18:21:27
99,0,0,2976,2025-12-22,18:26:22
99,0,0,2976,2025-12-22,18:31:17
99,0,10,2976,2025-12-22,18:36:14
99,0,57,2976,2025-12-22,18:41:09
99,0,56,2976,2025-12-22,18:46:04
99,0,64,2976,2025-12-22,18:51:02
97,0,76,2976,2025-12-22,18:55:56
97,0,69,2976,2025-12-22,19:00:53
99,0,59,1680,2025-12-30,18:27:09
99,0,62,1680,2025-12-30,18:32:03
99,0,0,1680,2025-12-30,18:36:57
99,0,0,1680,2025-12-30,18:41:51
99,0,0,1680,2025-12-30,18:46:47
99,0,0,1680,2025-12-30,18:51:41
99,0,0,1680,2025-12-30,18:56:36
99,0,0,1680,2025-12-30,19:01:30
99,0,0,1680,2025-12-30,19:06:24
99,0,0,1680,2025-12-30,19:11:17
99,0,0,1680,2025-12-30,19:16:13
98,0,0,1680,2025-12-30,19:21:09
98,0,0,1680,2025-12-30,19:26:04
98,0,0,1680,2025-12-30,19:30:59
98,0,0,1680,2025-12-30,19:35:54
98,0,0,1680,2025-12-30,19:40:50
98,0,0,1680,2025-12-30,19:45:45
98,0,0,1680,2025-12-30,19:50:40
98,0,0,1680,2025-12-30,19:55:35
98,0,0,1680,2025-12-30,20:00:29
98,0,0,1680,2025-12-30,20:05:24
98,0,0,1680,2025-12-30,20:10:19
98,0,0,1680,2025-12-30,20:15:15
98,0,0,1680,2025-12-30,20:20:09
98,0,0,1680,2025-12-30,20:25:03
98,0,0,1680,2025-12-30,20:29:57
98,0,0,1680,2025-12-30,20:34:54
98,0,0,1680,2025-12-30,20:39:49
98,0,0,1680,2025-12-30,20:44:46
98,0,0,1680,2025-12-30,20:49:42
97,0,0,1680,2025-12-30,20:54:39
97,0,0,1680,2025-12-30,20:59:32
97,0,0,1680,2025-12-30,21:04:25
97,0,0,1680,2025-12-30,21:09:19
97,0,0,1680,2025-12-30,21:14:12
97,0,0,1680,2025-12-30,21:19:07
97,0,0,1680,2025-12-30,21:24:00
97,0,0,1680,2025-12-30,21:28:55
97,0,0,1680,2025-12-30,21:33:50
97,0,0,1680,2025-12-30,21:38:43
97,0,0,1680,2025-12-30,21:43:39
97,0,0,1680,2025-12-30,21:48:32
97,0,0,1680,2025-12-30,21:53:27
97,0,50,1680,2025-12-30,21:58:21
97,0,46,1680,2025-12-30,22:03:16
97,0,65,1680,2025-12-30,22:08:14
96,0,62,1680,2025-12-30,22:13:07
96,0,0,1680,2025-12-30,22:18:02
96,0,0,1680,2025-12-30,22:22:58
96,0,0,1680,2025-12-30,22:27:54
96,0,0,1680,2025-12-30,22:32:51
96,0,0,1680,2025-12-30,22:37:49
96,0,0,1680,2025-12-30,22:42:44
96,0,0,1680,2025-12-30,22:47:36
96,0,0,1680,2025-12-30,22:52:34
96,0,0,1680,2025-12-30,22:57:30
96,0,0,1680,2025-12-30,23:02:26
96,0,0,1680,2025-12-30,23:07:22
96,0,0,1680,2025-12-30,23:12:16
96,0,0,1680,2025-12-30,23:17:12
96,0,0,1680,2025-12-30,23:22:07
96,0,0,1680,2025-12-30,23:27:00
96,0,0,1680,2025-12-30,23:31:55
96,0,0,1680,2025-12-30,23:36:52
95,0,0,1680,2025-12-30,23:41:46
95,0,0,1680,2025-12-30,23:46:44
95,0,0,1680,2025-12-30,23:51:37
95,0,0,1680,2025-12-30,23:56:31
95,0,0,0,2025-12-31,00:01:25
95,0,0,0,2025-12-31,00:06:20
95,0,0,0,2025-12-31,00:11:14
95,0,0,0,2025-12-31,00:16:09
95,0,0,0,2025-12-31,00:21:07
95,0,0,0,2025-12-31,00:26:00
95,0,0,0,2025-12-31,00:30:54
95,0,0,0,2025-12-31,00:35:49
95,0,0,0,2025-12-31,00:40:44
95,0,0,0,2025-12-31,00:45:39
95,0,0,0,2025-12-31,00:50:31
95,0,0,0,2025-12-31,00:55:27
95,0,0,0,2025-12-31,01:00:22
95,0,0,0,2025-12-31,01:05:17
94,0,0,0,2025-12-31,01:10:14
94,0,0,0,2025-12-31,01:15:08
94,0,0,0,2025-12-31,01:20:00
94,0,0,0,2025-12-31,01:24:53
94,0,0,0,2025-12-31,01:29:47
94,0,0,0,2025-12-31,01:34:41
94,0,0,0,2025-12-31,01:39:34
94,0,0,0,2025-12-31,01:44:29
94,0,0,0,2025-12-31,01:49:23
94,0,0,0,2025-12-31,01:54:17
94,0,0,0,2025-12-31,01:59:12
94,0,0,0,2025-12-31,02:04:06
94,0,0,0,2025-12-31,02:09:02
94,0,0,0,2025-12-31,02:13:55
94,0,50,0,2025-12-31,02:18:48
94,0,62,0,2025-12-31,02:23:41
93,0,55,0,2025-12-31,02:28:37
93,0,0,0,2025-12-31,02:33:32
93,0,0,0,2025-12-31,02:38:26
93,0,0,0,2025-12-31,02:43:20
93,0,0,0,2025-12-31,02:48:15
93,0,0,0,2025-12-31,02:53:08
93,0,0,0,2025-12-31,02:58:00
93,0,0,0,2025-12-31,03:02:56
93,0,0,0,2025-12-31,03:07:49
93,0,0,0,2025-12-31,03:12:42
93,0,0,0,2025-12-31,03:17:35
93,0,0,0,2025-12-31,03:22:29
93,0,0,0,2025-12-31,03:27:23
93,0,0,0,2025-12-31,03:32:18
93,0,0,0,2025-12-31,03:37:13
93,0,0,0,2025-12-31,03:42:06
93,0,0,0,2025-12-31,03:46:59
93,0,0,0,2025-12-31,03:51:53
92,0,0,0,2025-12-31,03:56:46
92,0,0,0,2025-12-31,04:01:45
92,0,0,0,2025-12-31,04:06:41
92,0,0,0,2025-12-31,04:11:36
92,0,0,0,2025-12-31,04:16:31
92,0,0,0,2025-12-31,04:21:25
92,0,0,0,2025-12-31,04:26:18
92,0,0,0,2025-12-31,04:31:12
92,0,0,0,2025-12-31,04:36:10
92,0,0,0,2025-12-31,04:41:04
92,0,0,0,2025-12-31,04:45:58
92,0,0,0,2025-12-31,04:50:50
92,0,0,0,2025-12-31,04:55:43
92,0,0,0,2025-12-31,05:00:39
92,0,0,0,2025-12-31,05:05:34
92,0,0,0,2025-12-31,05:10:28
92,0,0,0,2025-12-31,05:15:21
92,0,0,0,2025-12-31,05:20:14
91,0,0,0,2025-12-31,05:25:07
91,0,0,0,2025-12-31,05:30:04
91,0,0,0,2025-12-31,05:34:58
91,0,0,0,2025-12-31,05:39:53
91,0,0,0,2025-12-31,05:44:46
91,0,0,0,2025-12-31,05:49:41
91,0,0,0,2025-12-31,05:54:35
91,0,0,0,2025-12-31,05:59:30
91,0,0,0,2025-12-31,06:04:24
91,0,0,0,2025-12-31,06:09:16
91,0,0,0,2025-12-31,06:14:09
91,0,0,0,2025-12-31,06:19:04
91,0,0,0,2025-12-31,06:23:57
91,0,0,0,2025-12-31,06:28:51
91,0,0,0,2025-12-31,06:33:47
91,0,0,0,2025-12-31,06:38:41
91,0,0,0,2025-12-31,06:43:36
91,0,0,0,2025-12-31,06:48:31
91,0,0,0,2025-12-31,06:53:25
90,0,0,0,2025-12-31,06:58:22
90,0,0,0,2025-12-31,07:03:17
90,0,0,0,2025-12-31,07:08:12
90,0,0,0,2025-12-31,07:13:05
90,0,0,0,2025-12-31,07:17:59
90,0,0,0,2025-12-31,07:22:52
90,0,0,0,2025-12-31,07:27:45
90,0,82,0,2025-12-31,07:32:39
90,0,77,0,2025-12-31,07:37:35
90,0,55,0,2025-12-31,07:42:31
90,0,72,0,2025-12-31,07:47:23
90,0,0,0,2025-12-31,07:52:17
90,0,0,0,2025-12-31,07:57:11
90,0,0,0,2025-12-31,08:02:06
90,0,0,0,2025-12-31,08:06:58
89,0,0,0,2025-12-31,08:11:57
89,0,0,0,2025-12-31,08:16:52
89,0,16,0,2025-12-31,08:21:48
89,0,22,0,2025-12-31,08:26:43
89,0,11,0,2025-12-31,08:31:36
89,0,0,0,2025-12-31,08:36:30
85,0,2093,0,2025-12-31,08:41:25
82,0,17,0,2025-12-31,08:46:22
82,0,1,0,2025-12-31,08:51:15
82,0,13,0,2025-12-31,08:56:08
82,0,13,0,2025-12-31,09:01:02
82,0,48,0,2025-12-31,09:05:58
82,0,18,0,2025-12-31,09:10:52
82,0,1,0,2025-12-31,09:15:48
78,0,9,0,2025-12-31,09:20:42
77,0,4,0,2025-12-31,09:25:38
77,0,2,0,2025-12-31,09:30:30
77,195,14,0,2025-12-31,09:35:24
77,540,11,25,2025-12-31,09:40:20
78,629,8,60,2025-12-31,09:45:14
78,733,15,87,2025-12-31,09:50:09
80,789,15,191,2025-12-31,09:55:04
83,813,11,226,2025-12-31,09:59:58
86,927,12,266,2025-12-31,10:04:52
88,1027,34,386,2025-12-31,10:09:47
89,1135,12,454,2025-12-31,10:14:40
90,1264,22,549,2025-12-31,10:19:35
91,1474,3,647,2025-12-31,10:24:30
91,1514,71,740,2025-12-31,10:29:26
91,1545,72,740,2025-12-31,10:34:22
92,1588,68,740,2025-12-31,10:39:17
92,1648,77,740,2025-12-31,10:44:11
92,1687,80,740,2025-12-31,10:49:06
93,1021,14,740,2025-12-31,10:54:01
96,1034,33,1458,2025-12-31,10:58:56
99,444,10,1492,2025-12-31,11:03:51
99,2,19,1492,2025-12-31,11:08:46
99,3,24,1526,2025-12-31,11:13:39
99,6,6,1526,2025-12-31,11:18:34
99,14,16,1534,2025-12-31,11:23:29
99,487,6,1534,2025-12-31,11:28:24
99,6,17,1543,2025-12-31,11:33:20
100,3,3,1546,2025-12-31,11:38:15
100,4,12,1546,2025-12-31,11:43:10
100,3,19,1546,2025-12-31,11:48:07
100,1,11,1546,2025-12-31,11:53:04
100,3,17,1546,2025-12-31,11:57:59
100,2,12,1546,2025-12-31,12:02:56
100,1,24,1546,2025-12-31,12:07:51
100,1,3,1546,2025-12-31,12:12:47
100,4,67,1546,2025-12-31,12:17:41
100,14,60,1546,2025-12-31,12:22:37
100,20,75,1546,2025-12-31,12:27:30
100,9,72,1546,2025-12-31,12:32:24
100,11,62,1546,2025-12-31,12:37:21
100,6,8,1550,2025-12-31,12:42:17
100,2,0,1550,2025-12-31,12:47:10
100,5,6,1550,2025-12-31,12:52:05
100,2,0,1550,2025-12-31,12:57:04
100,108,0,1550,2025-12-31,13:01:59
100,452,15,1571,2025-12-31,13:06:54
100,1,12,1572,2025-12-31,13:11:50
100,4,0,1572,2025-12-31,13:16:46
100,2,11,1572,2025-12-31,13:21:42
100,4,0,1572,2025-12-31,13:26:38
100,1,12,1572,2025-12-31,13:31:36
100,4,6,1572,2025-12-31,13:36:32
100,4,12,1572,2025-12-31,13:41:27
100,11,68,1572,2025-12-31,13:46:23
100,10,69,1572,2025-12-31,13:51:23
100,34,64,1572,2025-12-31,13:56:21
100,9,61,1572,2025-12-31,14:01:17
100,3,19,1576,2025-12-31,14:06:15
100,3,5,1576,2025-12-31,14:11:10
100,7,1,1576,2025-12-31,14:16:07
100,1,14,1576,2025-12-31,14:21:05
100,2,15,1576,2025-12-31,14:25:59
100,448,40,1582,2025-12-31,14:30:52
100,1,7,1597,2025-12-31,14:35:47
100,5,19,1597,2025-12-31,14:40:43
100,3,13,1597,2025-12-31,14:45:39
100,4,11,1597,2025-12-31,14:50:33
100,2,1,1597,2025-12-31,14:55:28
100,2,0,1597,2025-12-31,15:00:21
100,4,0,1597,2025-12-31,15:05:16
100,6,0,1597,2025-12-31,15:10:12
100,2,9,1597,2025-12-31,15:15:08
100,8,72,1597,2025-12-31,15:20:03
100,6,72,1597,2025-12-31,15:24:58
100,5,58,1597,2025-12-31,15:29:52
100,7,54,1597,2025-12-31,15:34:47
100,9,65,1597,2025-12-31,15:39:41
100,11,63,1597,2025-12-31,15:44:36
100,9,64,1597,2025-12-31,15:49:30
100,7,55,1597,2025-12-31,15:54:29
100,551,82,1597,2025-12-31,15:59:27
100,2,9,1646,2025-12-31,16:04:23
100,7,31,1646,2025-12-31,16:09:16
100,8,40,1646,2025-12-31,16:14:11
100,8,32,1647,2025-12-31,16:19:05
100,1,39,1647,2025-12-31,16:24:00
100,18,20,1647,2025-12-31,16:28:54
100,2,48,1647,2025-12-31,16:33:50
100,7,34,1647,2025-12-31,16:38:46
100,7,17,1647,2025-12-31,16:43:39
100,7,18,1647,2025-12-31,16:48:33
100,2,41,1647,2025-12-31,16:53:30
100,3,43,1647,2025-12-31,16:58:22
100,1,29,1647,2025-12-31,17:03:18
100,269,37,1647,2025-12-31,17:08:12
99,249,27,1647,2025-12-31,17:13:06
99,241,97,1647,2025-12-31,17:17:59
99,149,78,1714,2025-12-31,17:22:52
99,202,90,1714,2025-12-31,17:27:45
99,156,85,1714,2025-12-31,17:32:39
99,55,32,1754,2025-12-31,17:37:34
99,0,28,1755,2025-12-31,17:42:30
99,0,25,1755,2025-12-31,17:47:25
99,0,25,1755,2025-12-31,17:52:24
99,0,31,1755,2025-12-31,17:57:22
99,0,25,1755,2025-12-31,18:02:19
99,0,10,1755,2025-12-31,18:07:11
99,0,29,1755,2025-12-31,18:12:11
99,0,34,1755,2025-12-31,18:17:04
99,0,36,1755,2025-12-31,18:22:04
99,0,29,1755,2025-12-31,18:27:17
98,0,17,1755,2025-12-31,18:32:11
98,0,28,1755,2025-12-31,18:37:05
98,0,40,1755,2025-12-31,18:41:55
98,0,23,1755,2025-12-31,18:46:50
98,0,27,1755,2025-12-31,18:51:42
98,0,32,1755,2025-12-31,18:56:34
98,0,33,1755,2025-12-31,19:01:28
98,0,16,1755,2025-12-31,19:06:19
98,0,30,1755,2025-12-31,19:11:10
98,0,26,1755,2025-12-31,19:16:01
98,0,19,1755,2025-12-31,19:20:54
98,0,28,1755,2025-12-31,19:25:47
98,0,4,1755,2025-12-31,19:30:40
97,0,35,1755,2025-12-31,19:35:32
97,0,28,1755,2025-12-31,19:40:25
97,0,1,1755,2025-12-31,19:45:18
97,0,20,1755,2025-12-31,19:50:10
97,0,11,1755,2025-12-31,19:55:02
97,0,20,1755,2025-12-31,19:59:55
97,0,66,1755,2025-12-31,20:04:48
97,0,67,1755,2025-12-31,20:09:40
97,0,86,1755,2025-12-31,20:14:30
97,0,80,1755,2025-12-31,20:19:21
97,0,30,1755,2025-12-31,20:24:12
97,0,34,1755,2025-12-31,20:29:03
97,0,52,1755,2025-12-31,20:33:53
96,0,36,1755,2025-12-31,20:38:43
96,0,18,1755,2025-12-31,20:43:35
96,0,27,1755,2025-12-31,20:48:30
96,0,32,1755,2025-12-31,20:53:22
96,0,8,1755,2025-12-31,20:58:15
96,0,40,1755,2025-12-31,21:03:06
96,0,71,1755,2025-12-31,21:08:02
96,0,42,1755,2025-12-31,21:12:54
96,0,36,1755,2025-12-31,21:17:51
96,0,22,1755,2025-12-31,21:22:42
96,0,33,1755,2025-12-31,21:27:35
96,0,25,1755,2025-12-31,21:32:28
96,0,43,1755,2025-12-31,21:37:21
95,0,45,1755,2025-12-31,21:42:15
95,0,54,1755,2025-12-31,21:47:07
95,0,26,1755,2025-12-31,21:51:58
95,0,23,1755,2025-12-31,21:56:50
95,0,36,1755,2025-12-31,22:01:42
95,0,88,1755,2025-12-31,22:06:36
95,0,77,1755,2025-12-31,22:11:28
95,0,80,1755,2025-12-31,22:16:20
95,0,96,1755,2025-12-31,22:21:12
95,0,47,-,2025-12-31,22:26:04
95,0,22,-,2025-12-31,22:30:55
95,0,29,-,2025-12-31,22:35:48
94,0,1060,-,2025-12-31,22:40:38
94,0,1092,-,2025-12-31,22:45:30
94,0,22,-,2025-12-31,22:50:20
93,0,6,-,2025-12-31,22:55:11
93,0,25,-,2025-12-31,23:00:03
93,0,33,-,2025-12-31,23:04:57
93,0,31,-,2025-12-31,23:09:50
93,0,22,-,2025-12-31,23:14:41
93,0,7,-,2025-12-31,23:19:31
93,0,33,-,2025-12-31,23:24:22
93,0,19,-,2025-12-31,23:29:14
93,0,14,-,2025-12-31,23:34:07
93,0,26,-,2025-12-31,23:38:59
93,0,10,-,2025-12-31,23:43:50
93,0,34,-,2025-12-31,23:48:40
93,0,38,-,2025-12-31,23:53:33
93,0,20,-,2025-12-31,23:58:25
92,0,22,0,2026-01-01,00:03:16
92,0,25,0,2026-01-01,00:08:07
92,0,31,0,2026-01-01,00:12:57
92,0,29,0,2026-01-01,00:17:49
92,0,85,0,2026-01-01,00:22:40
92,0,130,0,2026-01-01,00:27:33
92,0,66,0,2026-01-01,00:32:27
92,0,26,0,2026-01-01,00:37:19
92,0,79,0,2026-01-01,00:42:10
92,0,18,0,2026-01-01,00:47:01
92,0,35,0,2026-01-01,00:51:54
92,0,83,0,2026-01-01,00:56:49
91,0,84,0,2026-01-01,01:01:40
91,0,69,0,2026-01-01,01:06:31
91,0,95,0,2026-01-01,01:11:23
91,0,25,0,2026-01-01,01:16:15
91,0,25,0,2026-01-01,01:21:09
91,0,38,0,2026-01-01,01:26:04
91,0,51,0,2026-01-01,01:30:55
91,0,20,0,2026-01-01,01:35:45
91,0,46,0,2026-01-01,01:40:38
91,0,25,0,2026-01-01,01:45:31
91,0,23,0,2026-01-01,01:50:22
91,0,38,0,2026-01-01,01:55:18
90,0,19,0,2026-01-01,02:00:09
90,0,34,0,2026-01-01,02:05:01
90,0,21,0,2026-01-01,02:09:54
90,0,16,0,2026-01-01,02:14:45
90,0,25,0,2026-01-01,02:19:37
90,0,28,0,2026-01-01,02:24:29
90,0,28,0,2026-01-01,02:29:22
90,0,18,0,2026-01-01,02:34:15
90,0,21,0,2026-01-01,02:39:07
90,0,22,0,2026-01-01,02:43:58
90,0,13,0,2026-01-01,02:48:49
90,0,36,0,2026-01-01,02:53:39
90,0,36,0,2026-01-01,02:58:29
90,0,13,0,2026-01-01,03:03:21
89,0,15,0,2026-01-01,03:08:13
89,0,21,0,2026-01-01,03:13:08
89,0,23,0,2026-01-01,03:17:59
89,0,26,0,2026-01-01,03:22:51
89,0,2,0,2026-01-01,03:27:41
89,0,9,0,2026-01-01,03:32:32
89,0,57,0,2026-01-01,03:37:22
89,0,86,0,2026-01-01,03:42:14
89,0,83,0,2026-01-01,03:47:10
89,0,76,0,2026-01-01,03:52:00
89,0,74,0,2026-01-01,03:56:52
89,0,39,0,2026-01-01,04:01:44
88,0,41,0,2026-01-01,04:06:40
88,0,22,0,2026-01-01,04:11:31
88,0,21,0,2026-01-01,04:16:25
88,0,28,0,2026-01-01,04:21:17
88,0,39,0,2026-01-01,04:26:09
88,0,10,0,2026-01-01,04:31:03
88,0,22,0,2026-01-01,04:35:55
88,0,39,0,2026-01-01,04:40:48
88,0,35,0,2026-01-01,04:45:39
88,0,13,0,2026-01-01,04:50:30
88,0,26,0,2026-01-01,04:55:24
88,0,10,0,2026-01-01,05:00:15
88,0,18,0,2026-01-01,05:05:10
88,0,23,0,2026-01-01,05:10:01
88,0,35,0,2026-01-01,05:14:53
87,0,28,0,2026-01-01,05:19:44
87,0,16,0,2026-01-01,05:24:35
87,0,29,0,2026-01-01,05:29:27
87,0,25,0,2026-01-01,05:34:17
87,0,17,0,2026-01-01,05:39:09
87,0,24,0,2026-01-01,05:44:01
87,0,27,0,2026-01-01,05:48:52
87,0,21,0,2026-01-01,05:53:43
87,0,26,0,2026-01-01,05:58:35
87,0,22,0,2026-01-01,06:03:27
87,0,27,0,2026-01-01,06:08:22
87,0,7,0,2026-01-01,06:13:14
87,0,32,0,2026-01-01,06:18:09
87,0,31,0,2026-01-01,06:23:01
86,0,37,0,2026-01-01,06:27:53
86,0,90,0,2026-01-01,06:32:49
86,0,78,0,2026-01-01,06:37:39
86,0,47,0,2026-01-01,06:42:32
86,0,61,0,2026-01-01,06:47:22
86,0,0,0,2026-01-01,06:52:14
86,0,0,0,2026-01-01,06:57:06
86,0,0,0,2026-01-01,07:02:00
86,0,0,0,2026-01-01,07:06:51
86,0,0,0,2026-01-01,07:11:43
86,0,0,0,2026-01-01,07:16:33
86,0,0,0,2026-01-01,07:21:25
86,0,0,0,2026-01-01,07:26:17
86,0,0,0,2026-01-01,07:31:09
86,0,0,0,2026-01-01,07:36:01
85,0,0,0,2026-01-01,07:40:54
85,0,0,0,2026-01-01,07:45:46
85,0,0,0,2026-01-01,07:50:36
85,0,0,0,2026-01-01,07:55:27
85,0,0,0,2026-01-01,08:00:19
85,0,0,0,2026-01-01,08:05:11
85,0,0,0,2026-01-01,08:10:03
85,0,0,0,2026-01-01,08:14:58
85,0,0,0,2026-01-01,08:19:49
85,0,0,0,2026-01-01,08:24:43
85,0,0,0,2026-01-01,08:29:35
85,0,0,0,2026-01-01,08:34:27
85,0,0,0,2026-01-01,08:39:20
85,0,0,0,2026-01-01,08:44:11
85,0,0,0,2026-01-01,08:49:03
85,0,0,0,2026-01-01,08:53:54
85,0,0,0,2026-01-01,08:58:46
85,0,0,0,2026-01-01,09:03:37
85,0,0,0,2026-01-01,09:08:30
85,0,0,0,2026-01-01,09:13:22
85,0,0,0,2026-01-01,09:18:15
85,0,0,0,2026-01-01,09:23:10
78,0,2140,0,2026-01-01,09:28:02
77,0,65,0,2026-01-01,09:32:56
77,0,58,0,2026-01-01,09:37:48
77,20,84,0,2026-01-01,09:42:42
77,186,69,0,2026-01-01,09:47:34
77,28,14,11,2026-01-01,09:52:28
77,6,11,11,2026-01-01,09:57:19
77,12,8,11,2026-01-01,10:02:09
77,2,23,11,2026-01-01,10:07:02
77,0,2124,11,2026-01-01,10:11:54
74,0,33,11,2026-01-01,10:16:46
74,0,40,11,2026-01-01,10:21:38
74,26,17,11,2026-01-01,10:26:31
74,0,18,13,2026-01-01,10:31:24
74,17,8,13,2026-01-01,10:36:16
74,82,47,13,2026-01-01,10:41:08
74,276,27,13,2026-01-01,10:45:59
74,372,27,13,2026-01-01,10:50:52
74,482,25,13,2026-01-01,10:55:44
75,439,38,13,2026-01-01,11:00:35
75,450,39,146,2026-01-01,11:05:28
76,546,35,146,2026-01-01,11:10:22
76,423,25,146,2026-01-01,11:15:14
77,473,61,146,2026-01-01,11:20:07
78,899,42,305,2026-01-01,11:25:02
80,487,55,305,2026-01-01,11:29:52
81,400,21,378,2026-01-01,11:34:44
81,558,26,406,2026-01-01,11:39:35
82,717,30,406,2026-01-01,11:44:27
84,706,11,510,2026-01-01,11:49:18
84,678,104,510,2026-01-01,11:54:09
84,743,101,510,2026-01-01,11:59:03
85,595,89,510,2026-01-01,12:03:54
85,491,82,510,2026-01-01,12:08:45
85,418,86,510,2026-01-01,12:13:38
86,489,89,792,2026-01-01,12:18:31
86,408,82,792,2026-01-01,12:23:23
86,289,86,792,2026-01-01,12:28:17
86,299,10,792,2026-01-01,12:33:10
87,352,28,894,2026-01-01,12:38:04
87,507,29,894,2026-01-01,12:42:56
87,834,29,894,2026-01-01,12:47:49
88,730,4,894,2026-01-01,12:52:41
88,507,3,1050,2026-01-01,12:57:34
89,453,24,1050,2026-01-01,13:02:27
89,332,44,1050,2026-01-01,13:07:18
89,206,22,1050,2026-01-01,13:12:11
89,231,13,1177,2026-01-01,13:17:03
89,396,25,1177,2026-01-01,13:21:54
89,461,43,1177,2026-01-01,13:26:46
89,389,25,1177,2026-01-01,13:31:42
89,434,29,1177,2026-01-01,13:36:33
89,365,19,1334,2026-01-01,13:41:25
89,333,25,1334,2026-01-01,13:46:16
89,341,20,1375,2026-01-01,13:51:08
89,283,8,1375,2026-01-01,13:56:00
89,260,26,1418,2026-01-01,14:00:53
89,226,12,1445,2026-01-01,14:05:48
89,324,26,1463,2026-01-01,14:10:43
89,505,21,1463,2026-01-01,14:15:34
89,423,47,1525,2026-01-01,14:20:29
89,335,84,1525,2026-01-01,14:25:24
89,281,96,1525,2026-01-01,14:30:17
89,390,106,1525,2026-01-01,14:35:09
89,278,80,1525,2026-01-01,14:40:01
89,414,20,1525,2026-01-01,14:44:53
89,552,23,1669,2026-01-01,14:49:45
90,483,33,1739,2026-01-01,14:54:37
91,500,6,1739,2026-01-01,14:59:28
98,497,14,1739,2026-01-01,15:04:20
99,5,34,1816,2026-01-01,15:09:13
100,4,26,1819,2026-01-01,15:14:05
100,4,23,1819,2026-01-01,15:18:59
100,14,8,1820,2026-01-01,15:23:56
100,13,22,1820,2026-01-01,15:28:48
100,1,38,1820,2026-01-01,15:33:40
100,2,42,1820,2026-01-01,15:38:34
100,2,15,1820,2026-01-01,15:43:27
100,14,22,1820,2026-01-01,15:48:20
100,2,29,1820,2026-01-01,15:53:15
100,3,36,1822,2026-01-01,15:58:10
100,7,28,1822,2026-01-01,16:03:05
100,13,34,1822,2026-01-01,16:08:01
100,10,11,1822,2026-01-01,16:12:55
100,7,3,1822,2026-01-01,16:17:48
100,16,24,1823,2026-01-01,16:22:40
100,1,8,1823,2026-01-01,16:27:33
100,57,37,1823,2026-01-01,16:32:25
100,0,21,1830,2026-01-01,16:37:15
100,0,24,1830,2026-01-01,16:42:08
100,0,72,1830,2026-01-01,16:46:59
100,0,85,1830,2026-01-01,16:51:51
100,0,90,1830,2026-01-01,16:56:46
100,0,24,1830,2026-01-01,17:01:37
100,0,23,1830,2026-01-01,17:06:27
100,0,18,1830,2026-01-01,17:11:19
100,0,17,1830,2026-01-01,17:16:09
100,0,20,1830,2026-01-01,17:21:03
99,0,38,1830,2026-01-01,17:25:57
99,0,14,1830,2026-01-01,17:30:50
99,0,21,1830,2026-01-01,17:35:41
99,0,10,1830,2026-01-01,17:40:34
99,0,22,1830,2026-01-01,17:45:25
99,0,32,1830,2026-01-01,17:50:17
99,0,22,1830,2026-01-01,17:55:11
99,0,34,1830,2026-01-01,18:00:03
99,0,33,1830,2026-01-01,18:04:55
99,0,19,1830,2026-01-01,18:09:47
99,0,44,1830,2026-01-01,18:14:37
99,0,23,1830,2026-01-01,18:19:32
99,0,13,1830,2026-01-01,18:24:24
99,0,32,1830,2026-01-01,18:27:20
99,0,27,1830,2026-01-01,18:32:18
99,0,40,1830,2026-01-01,18:37:13
98,0,27,1830,2026-01-01,18:42:08
98,0,48,1830,2026-01-01,18:47:03
98,0,22,1830,2026-01-01,18:51:57
98,0,24,1830,2026-01-01,18:56:52
98,0,27,1830,2026-01-01,19:01:48
98,0,2,1830,2026-01-01,19:06:43
98,0,30,1830,2026-01-01,19:11:39
98,0,30,1830,2026-01-01,19:16:33
98,0,44,1830,2026-01-01,19:21:29
98,0,77,1830,2026-01-01,19:26:24
98,0,85,1830,2026-01-01,19:31:20
98,0,95,1830,2026-01-01,19:36:19
97,0,92,1830,2026-01-01,19:41:14
